date,open,high,low,close,volume
2021-07-02 00:00:00+00:00,11.036,11.81,10.522,11.795,2147051.238
2021-07-03 00:00:00+00:00,11.795,12.2,11.526,11.8,1803444.076
2021-07-04 00:00:00+00:00,11.804,12.452,11.515,12.307,1476353.215
2021-07-05 00:00:00+00:00,12.312,13.966,11.927,13.531,5547395.975
2021-07-06 00:00:00+00:00,13.541,14.049,12.812,13.136,2631196.476
2021-07-07 00:00:00+00:00,13.143,13.51,12.82,12.939,1637466.77
2021-07-08 00:00:00+00:00,12.945,12.974,11.661,11.916,2076085.477
2021-07-09 00:00:00+00:00,11.92,13.699,11.411,13.181,4075187.053
2021-07-10 00:00:00+00:00,13.183,14.541,12.958,14.425,3111063.546
2021-07-11 00:00:00+00:00,14.429,14.8,13.871,14.077,2766943.338
2021-07-12 00:00:00+00:00,14.078,14.129,12.752,12.981,2138171.787
2021-07-13 00:00:00+00:00,12.982,13.729,11.807,12.092,3131096.246
2021-07-14 00:00:00+00:00,12.087,12.231,11.019,11.747,3729554.939
2021-07-15 00:00:00+00:00,11.749,12.065,10.653,11.474,2879500.503
2021-07-16 00:00:00+00:00,11.468,13.19,10.976,11.149,7049125.757
2021-07-17 00:00:00+00:00,11.149,11.508,10.713,11.022,4463621.218
2021-07-18 00:00:00+00:00,11.02,11.557,10.737,10.972,2459958.639
2021-07-19 00:00:00+00:00,10.981,11.07,9.923,9.98,2460342.981
2021-07-20 00:00:00+00:00,9.984,10.166,8.93,9.443,3334771.527
2021-07-21 00:00:00+00:00,9.449,10.701,9.135,10.481,3144385.977
2021-07-22 00:00:00+00:00,10.476,11.62,10.178,11.377,3075216.583
2021-07-23 00:00:00+00:00,11.378,11.549,10.677,11.442,2593122.754
2021-07-24 00:00:00+00:00,11.449,11.767,11.059,11.426,2445170.277
2021-07-25 00:00:00+00:00,11.428,11.621,10.967,11.446,1487311.25
2021-07-26 00:00:00+00:00,11.442,12.449,11.31,11.386,4237240.533
2021-07-27 00:00:00+00:00,11.38,11.806,11.02,11.702,2540028.785
2021-07-28 00:00:00+00:00,11.697,11.969,11.374,11.589,2338200.374
2021-07-29 00:00:00+00:00,11.591,11.898,11.311,11.799,2331117.274
2021-07-30 00:00:00+00:00,11.799,12.188,11.428,12.14,2536788.408
2021-07-31 00:00:00+00:00,12.123,12.935,11.878,12.598,2699186.752
2021-08-01 00:00:00+00:00,12.6,13.444,12.12,12.312,2910237.415
2021-08-02 00:00:00+00:00,12.319,12.761,12.098,12.476,1609394.971
2021-08-03 00:00:00+00:00,12.476,12.658,11.731,12.12,1690276.524
2021-08-04 00:00:00+00:00,12.128,12.916,11.955,12.808,1588393.44
2021-08-05 00:00:00+00:00,12.813,13.236,12.405,13.032,1861784.295
2021-08-06 00:00:00+00:00,13.034,14.031,12.724,13.589,2506091.693
2021-08-07 00:00:00+00:00,13.603,14.356,13.443,14.006,2793759.661
2021-08-08 00:00:00+00:00,14.012,14.24,13.01,13.139,1977499.627
2021-08-09 00:00:00+00:00,13.14,14.1,12.653,13.651,2347469.523
2021-08-10 00:00:00+00:00,13.645,14.4,13.398,14.105,2270345.591
2021-08-11 00:00:00+00:00,14.101,15.456,14.086,14.558,3354231.068
2021-08-12 00:00:00+00:00,14.552,15.196,13.547,14.06,2350142.18
2021-08-13 00:00:00+00:00,14.063,15.339,13.859,15.212,2024505.164
2021-08-14 00:00:00+00:00,15.21,15.774,14.686,15.56,2858273.76
2021-08-15 00:00:00+00:00,15.56,15.955,14.874,15.91,2206784.932
2021-08-16 00:00:00+00:00,15.912,16.688,15.49,15.784,3248584.615
2021-08-17 00:00:00+00:00,15.786,17.5,15.049,16.003,5723341.253
2021-08-18 00:00:00+00:00,16.007,18.575,14.985,17.948,6260641.828
2021-08-19 00:00:00+00:00,17.932,20.435,17.773,18.688,10416119.714
2021-08-20 00:00:00+00:00,18.71,20.0,18.362,18.928,4908239.485
2021-08-21 00:00:00+00:00,18.923,23.9,18.531,22.14,10579242.294
2021-08-22 00:00:00+00:00,22.152,24.743,20.972,21.862,6802878.252
2021-08-23 00:00:00+00:00,21.85,23.111,21.282,21.808,4567211.339
2021-08-24 00:00:00+00:00,21.811,22.036,19.2,19.538,4193781.637
2021-08-25 00:00:00+00:00,19.538,20.875,18.603,20.056,3609455.606
2021-08-26 00:00:00+00:00,20.048,20.33,17.666,17.9,2770346.738
2021-08-27 00:00:00+00:00,17.92,20.56,17.25,20.42,3514088.202
2021-08-28 00:00:00+00:00,20.43,21.43,19.5,21.31,3015611.502
2021-08-29 00:00:00+00:00,21.33,22.42,20.32,21.2,3896525.358
2021-08-30 00:00:00+00:00,21.2,23.92,19.48,22.14,5880341.679
2021-08-31 00:00:00+00:00,22.16,26.3,21.56,22.89,11248726.651
2021-09-01 00:00:00+00:00,22.9,25.98,22.09,25.44,7232749.12
2021-09-02 00:00:00+00:00,25.42,25.77,23.44,24.14,3166096.74
2021-09-03 00:00:00+00:00,24.16,24.96,23.15,24.11,3590142.79
2021-09-04 00:00:00+00:00,24.1,25.5,23.71,24.4,2824441.48
2021-09-05 00:00:00+00:00,24.4,26.21,23.8,25.73,3419680.11
2021-09-06 00:00:00+00:00,25.71,27.1,23.68,25.08,4266255.609
2021-09-07 00:00:00+00:00,25.09,27.45,17.55,21.08,8464550.993
2021-09-08 00:00:00+00:00,21.09,21.88,18.45,20.69,4710868.45
2021-09-09 00:00:00+00:00,20.71,28.45,20.43,26.85,13224862.208
2021-09-10 00:00:00+00:00,26.82,30.48,24.56,29.41,18339923.922
2021-09-11 00:00:00+00:00,29.4,30.98,26.72,27.33,8344764.749
2021-09-12 00:00:00+00:00,27.33,35.26,25.96,34.89,12340293.887
2021-09-13 00:00:00+00:00,34.91,38.95,30.25,35.82,22213603.107
2021-09-14 00:00:00+00:00,35.8,37.9,32.8,34.2,10305593.95
2021-09-15 00:00:00+00:00,34.19,35.35,32.61,34.12,5652348.15
2021-09-16 00:00:00+00:00,34.12,37.25,31.2,37.07,8867462.73
2021-09-17 00:00:00+00:00,37.07,38.09,32.41,33.46,7570169.81
2021-09-18 00:00:00+00:00,33.46,41.5,32.68,40.76,10505409.505
2021-09-19 00:00:00+00:00,40.78,44.65,37.72,44.27,10151943.187
2021-09-20 00:00:00+00:00,44.28,44.8,33.34,34.01,17489487.91
2021-09-21 00:00:00+00:00,33.98,37.2,28.83,30.45,15209690.85
2021-09-22 00:00:00+00:00,30.42,40.0,29.36,39.71,11901572.4
2021-09-23 00:00:00+00:00,39.71,43.33,38.82,41.51,11044307.84
2021-09-24 00:00:00+00:00,41.52,44.3,35.89,42.58,13102005.51
2021-09-25 00:00:00+00:00,42.56,43.1,38.81,39.45,5906770.49
2021-09-26 00:00:00+00:00,39.45,41.7,35.43,39.8,7577505.87
2021-09-27 00:00:00+00:00,39.81,40.75,36.6,37.21,4368605.52
2021-09-28 00:00:00+00:00,37.2,37.9,33.36,33.7,4548726.66
2021-09-29 00:00:00+00:00,33.7,36.65,32.74,33.88,4012215.28
2021-09-30 00:00:00+00:00,33.88,36.27,33.47,36.23,3830234.57
2021-10-01 00:00:00+00:00,36.21,38.56,34.81,37.85,4640402.38
2021-10-02 00:00:00+00:00,37.86,41.64,37.17,38.62,4190103.21
2021-10-03 00:00:00+00:00,38.63,40.8,37.78,38.74,3383386.93
2021-10-04 00:00:00+00:00,38.76,38.8,36.0,36.8,4183818.4
2021-10-05 00:00:00+00:00,36.79,38.34,35.32,36.75,3976563.71
2021-10-06 00:00:00+00:00,36.76,36.86,33.0,35.15,4948305.51
2021-10-07 00:00:00+00:00,35.15,38.0,33.78,36.67,4300927.05
2021-10-08 00:00:00+00:00,36.69,36.95,34.78,35.04,3091199.37
2021-10-09 00:00:00+00:00,35.03,36.13,34.6,35.16,2147543.83
2021-10-10 00:00:00+00:00,35.16,35.18,32.1,32.42,2984474.44
2021-10-11 00:00:00+00:00,32.4,34.4,31.0,32.01,2401211.56
2021-10-12 00:00:00+00:00,32.02,34.35,29.9,33.48,4340225.5
2021-10-13 00:00:00+00:00,33.49,34.93,31.64,34.53,4628953.23
2021-10-14 00:00:00+00:00,34.55,35.75,33.46,33.82,3264365.97
2021-10-15 00:00:00+00:00,33.83,34.16,32.18,33.08,2697044.1
2021-10-16 00:00:00+00:00,33.09,34.65,32.9,33.13,1821137.96
2021-10-17 00:00:00+00:00,33.14,34.28,31.0,32.44,1594144.56
2021-10-18 00:00:00+00:00,32.45,32.68,31.02,31.88,1488909.97
2021-10-19 00:00:00+00:00,31.87,35.32,31.45,35.0,3863734.07
2021-10-20 00:00:00+00:00,34.99,36.9,33.5,35.95,3249027.2
2021-10-21 00:00:00+00:00,35.94,36.83,33.84,34.34,3442719.97
2021-10-22 00:00:00+00:00,34.33,36.16,33.62,34.06,3656905.26
2021-10-23 00:00:00+00:00,34.06,37.2,33.77,35.69,3660767.57
2021-10-24 00:00:00+00:00,35.7,36.03,33.49,34.26,2130677.99
2021-10-25 00:00:00+00:00,34.27,35.57,34.15,35.31,2050578.58
2021-10-26 00:00:00+00:00,35.31,43.26,35.06,42.99,9418595.19
2021-10-27 00:00:00+00:00,42.99,43.28,35.0,36.75,8365182.92
2021-10-28 00:00:00+00:00,36.76,40.9,36.09,38.0,4846151.85
2021-10-29 00:00:00+00:00,38.01,41.05,38.0,39.55,3527207.99
2021-10-30 00:00:00+00:00,39.54,39.56,36.17,37.3,2102188.15
2021-10-31 00:00:00+00:00,37.28,37.74,35.22,37.24,2070914.75
2021-11-01 00:00:00+00:00,37.26,38.18,34.7,37.31,2714531.07
2021-11-02 00:00:00+00:00,37.3,38.44,36.28,37.1,2311230.35
2021-11-03 00:00:00+00:00,37.1,38.88,35.48,38.49,3635483.67
2021-11-04 00:00:00+00:00,38.49,39.22,36.1,37.51,3167404.39
2021-11-05 00:00:00+00:00,37.51,38.98,36.35,36.77,2073111.75
2021-11-06 00:00:00+00:00,36.77,37.05,34.17,36.22,2213328.09
2021-11-07 00:00:00+00:00,36.22,36.48,35.46,35.73,1290327.12
2021-11-08 00:00:00+00:00,35.73,36.96,35.0,36.62,2513742.52
2021-11-09 00:00:00+00:00,36.62,37.98,35.45,35.84,2772144.93
2021-11-10 00:00:00+00:00,35.83,37.27,28.32,32.05,5991271.57
2021-11-11 00:00:00+00:00,32.05,34.0,31.68,32.94,2683505.71
2021-11-12 00:00:00+00:00,32.92,32.98,30.52,32.05,2487858.91
2021-11-13 00:00:00+00:00,32.05,33.19,31.92,32.5,1248230.96
2021-11-14 00:00:00+00:00,32.51,33.27,31.11,31.93,1228520.47
2021-11-15 00:00:00+00:00,31.92,34.15,30.57,31.45,2713565.93
2021-11-16 00:00:00+00:00,31.45,31.47,27.46,28.29,4956716.46
2021-11-17 00:00:00+00:00,28.28,29.63,26.89,29.44,2838697.06
2021-11-18 00:00:00+00:00,29.43,29.79,25.29,26.62,3425666.91
2021-11-19 00:00:00+00:00,26.65,28.55,25.97,28.12,1710676.64
2021-11-20 00:00:00+00:00,28.12,29.85,27.8,29.43,1868248.84
2021-11-21 00:00:00+00:00,29.44,32.0,28.32,30.88,2672457.83
2021-11-22 00:00:00+00:00,30.89,33.8,28.95,32.17,6616681.45
2021-11-23 00:00:00+00:00,32.16,33.24,30.66,32.05,3269831.05
2021-11-24 00:00:00+00:00,32.05,32.07,29.12,29.62,2750125.5
2021-11-25 00:00:00+00:00,29.62,30.9,29.28,29.77,1978836.9
2021-11-26 00:00:00+00:00,29.77,30.3,25.15,27.07,4572169.22
2021-11-27 00:00:00+00:00,27.06,28.06,26.44,26.73,1520440.98
2021-11-28 00:00:00+00:00,26.73,27.64,24.67,27.39,2040411.31
2021-11-29 00:00:00+00:00,27.39,28.45,26.72,28.1,1741009.33
2021-11-30 00:00:00+00:00,28.09,29.35,26.96,27.51,2607674.3
2021-12-01 00:00:00+00:00,27.52,28.27,26.28,26.67,2242689.37
2021-12-02 00:00:00+00:00,26.66,28.64,25.62,28.37,2769132.13
2021-12-03 00:00:00+00:00,28.37,33.6,27.72,32.79,10880287.79
2021-12-04 00:00:00+00:00,32.79,32.92,21.82,28.15,13245297.67
2021-12-05 00:00:00+00:00,28.15,29.31,23.55,24.57,5357241.77
2021-12-06 00:00:00+00:00,24.57,24.82,22.02,24.33,5433208.53
2021-12-07 00:00:00+00:00,24.33,25.44,23.8,24.3,3592275.22
2021-12-08 00:00:00+00:00,24.3,26.0,22.82,25.32,3595411.7
2021-12-09 00:00:00+00:00,25.32,25.6,22.42,22.45,2608257.69
2021-12-10 00:00:00+00:00,22.46,23.88,21.85,22.54,3032236.8
2021-12-11 00:00:00+00:00,22.54,24.78,21.97,24.4,3029572.76
2021-12-12 00:00:00+00:00,24.41,25.22,23.48,24.49,2095901.47
2021-12-13 00:00:00+00:00,24.5,24.94,21.06,21.74,3238082.65
2021-12-14 00:00:00+00:00,21.74,22.14,20.96,21.8,2236400.5
2021-12-15 00:00:00+00:00,21.81,22.87,20.18,22.34,3122273.86
2021-12-16 00:00:00+00:00,22.34,23.5,21.66,21.83,1929143.31
2021-12-17 00:00:00+00:00,21.83,22.06,20.38,21.21,2167150.13
2021-12-18 00:00:00+00:00,21.21,23.25,20.92,23.15,1545122.88
2021-12-19 00:00:00+00:00,23.16,23.72,22.0,22.16,1853460.54
2021-12-20 00:00:00+00:00,22.15,22.44,20.73,21.52,1909871.85
2021-12-21 00:00:00+00:00,21.53,23.7,21.48,23.63,1815863.06
2021-12-22 00:00:00+00:00,23.63,28.48,23.35,27.37,5192011.09
2021-12-23 00:00:00+00:00,27.38,28.88,26.37,28.36,3828211.9
2021-12-24 00:00:00+00:00,28.37,29.76,26.74,26.9,2256906.73
2021-12-25 00:00:00+00:00,26.91,29.69,26.62,29.66,1939980.56
2021-12-26 00:00:00+00:00,29.67,32.25,28.56,32.12,3754692.9
2021-12-27 00:00:00+00:00,32.13,32.7,29.56,29.71,2991812.87
2021-12-28 00:00:00+00:00,29.71,29.72,26.16,26.59,3950148.91
2021-12-29 00:00:00+00:00,26.62,28.16,25.1,27.94,3904467.29
2021-12-30 00:00:00+00:00,27.94,30.55,26.38,30.16,4687249.81
2021-12-31 00:00:00+00:00,30.16,33.3,30.11,32.39,5711050.2
2022-01-01 00:00:00+00:00,32.41,37.0,32.34,36.36,6550862.33
2022-01-02 00:00:00+00:00,36.35,36.88,34.22,35.53,3789318.41
2022-01-03 00:00:00+00:00,35.53,39.8,34.23,39.25,6641236.34
2022-01-04 00:00:00+00:00,39.23,43.95,37.51,42.1,8857791.9
2022-01-05 00:00:00+00:00,42.11,43.27,34.59,38.66,8727325.62
2022-01-06 00:00:00+00:00,38.65,41.49,35.43,40.08,8519231.05
2022-01-07 00:00:00+00:00,40.08,44.7,37.7,38.58,14929705.19
2022-01-08 00:00:00+00:00,38.57,40.34,34.05,35.87,8081145.77
2022-01-09 00:00:00+00:00,35.85,38.08,34.11,34.98,6802033.9
2022-01-10 00:00:00+00:00,34.97,38.16,32.9,37.86,9357081.51
2022-01-11 00:00:00+00:00,37.87,40.05,36.1,38.7,6837475.31
2022-01-12 00:00:00+00:00,38.68,42.33,38.59,40.22,6574167.87
2022-01-13 00:00:00+00:00,40.21,41.28,37.41,37.6,5384612.42
2022-01-14 00:00:00+00:00,37.6,40.83,36.66,40.42,4875250.55
2022-01-15 00:00:00+00:00,40.42,40.96,39.11,39.12,2986012.69
2022-01-16 00:00:00+00:00,39.1,43.82,38.81,43.65,4308173.16
2022-01-17 00:00:00+00:00,43.66,44.56,37.94,39.13,5382563.68
2022-01-18 00:00:00+00:00,39.13,40.08,36.25,38.24,4981888.76
2022-01-19 00:00:00+00:00,38.24,38.84,35.24,37.02,3949933.95
2022-01-20 00:00:00+00:00,37.02,42.1,36.93,38.98,7071681.37
2022-01-21 00:00:00+00:00,38.98,41.14,32.1,34.61,12836299.21
2022-01-22 00:00:00+00:00,34.6,35.08,27.31,29.24,10072800.5
2022-01-23 00:00:00+00:00,29.28,34.78,29.1,34.61,9192653.64
2022-01-24 00:00:00+00:00,34.6,37.05,29.81,36.02,16048278.65
2022-01-25 00:00:00+00:00,36.03,37.19,34.76,35.87,8578220.37
2022-01-26 00:00:00+00:00,35.88,36.39,31.25,32.36,10668026.15
2022-01-27 00:00:00+00:00,32.37,32.94,28.57,30.06,7091565.16
2022-01-28 00:00:00+00:00,30.08,30.35,27.71,29.47,5483321.17
2022-01-29 00:00:00+00:00,29.47,30.23,28.29,29.08,3591186.09
2022-01-30 00:00:00+00:00,29.08,29.19,26.37,27.19,3479587.23
2022-01-31 00:00:00+00:00,27.18,28.95,25.5,28.05,4062598.02
2022-02-01 00:00:00+00:00,28.06,29.84,27.78,28.84,3989190.9
2022-02-02 00:00:00+00:00,28.84,29.0,26.1,26.31,3246345.66
2022-02-03 00:00:00+00:00,26.33,29.75,25.58,29.67,4784476.97
2022-02-04 00:00:00+00:00,29.67,31.8,28.45,31.1,6047132.17
2022-02-05 00:00:00+00:00,31.09,32.29,29.91,30.73,3650254.21
2022-02-06 00:00:00+00:00,30.73,31.96,30.09,31.26,3043310.45
2022-02-07 00:00:00+00:00,31.27,33.19,30.48,31.63,4605010.13
2022-02-08 00:00:00+00:00,31.64,32.65,29.73,30.39,4038845.56
2022-02-09 00:00:00+00:00,30.39,31.47,29.53,30.93,2602197.68
2022-02-10 00:00:00+00:00,30.91,31.3,28.69,29.08,4064774.47
2022-02-11 00:00:00+00:00,29.1,29.35,26.17,26.57,2846917.14
2022-02-12 00:00:00+00:00,26.57,28.35,26.0,27.05,2895000.21
2022-02-13 00:00:00+00:00,27.06,27.63,25.9,26.18,1721880.63
2022-02-14 00:00:00+00:00,26.19,27.44,25.36,27.14,2465734.25
2022-02-15 00:00:00+00:00,27.14,29.22,27.13,28.97,2676771.51
2022-02-16 00:00:00+00:00,28.97,29.24,27.59,28.5,1942375.77
2022-02-17 00:00:00+00:00,28.5,30.86,27.5,28.06,5880717.92
2022-02-18 00:00:00+00:00,28.06,29.07,26.71,26.86,3678713.42
2022-02-19 00:00:00+00:00,26.84,27.42,26.05,26.68,1431147.39
2022-02-20 00:00:00+00:00,26.67,26.87,25.42,26.08,2534220.89
2022-02-21 00:00:00+00:00,26.08,27.3,23.61,23.82,4887966.14
2022-02-22 00:00:00+00:00,23.82,24.98,22.98,24.81,3482075.9
2022-02-23 00:00:00+00:00,24.81,26.92,24.58,25.18,3561042.43
2022-02-24 00:00:00+00:00,25.18,25.54,21.4,24.85,7602449.33
2022-02-25 00:00:00+00:00,24.86,27.49,24.25,27.27,3641903.32
2022-02-26 00:00:00+00:00,27.27,30.32,27.13,29.88,4434981.61
2022-02-27 00:00:00+00:00,29.88,29.92,26.28,26.77,4268923.53
2022-02-28 00:00:00+00:00,26.77,31.76,26.38,31.36,5928232.67
2022-03-01 00:00:00+00:00,31.36,33.05,30.21,31.14,5547547.52
2022-03-02 00:00:00+00:00,31.14,32.8,29.83,32.24,5888331.44
2022-03-03 00:00:00+00:00,32.23,34.46,31.14,34.04,7288309.24
2022-03-04 00:00:00+00:00,34.03,34.69,30.28,30.48,6337384.58
2022-03-05 00:00:00+00:00,30.48,31.68,29.5,30.87,3867115.02
2022-03-06 00:00:00+00:00,30.86,30.95,27.9,28.15,3070215.77
2022-03-07 00:00:00+00:00,28.14,29.56,27.12,28.29,4923046.17
2022-03-08 00:00:00+00:00,28.29,29.3,27.35,27.87,4025685.79
2022-03-09 00:00:00+00:00,27.86,31.32,27.77,30.05,4471056.97
2022-03-10 00:00:00+00:00,30.04,30.34,27.4,28.03,3852713.65
2022-03-11 00:00:00+00:00,28.02,28.5,26.89,27.47,2619352.76
2022-03-12 00:00:00+00:00,27.47,28.27,27.15,27.22,1062563.31
2022-03-13 00:00:00+00:00,27.23,27.54,25.97,26.24,1948027.68
2022-03-14 00:00:00+00:00,26.23,27.17,25.76,26.83,2238651.0
2022-03-15 00:00:00+00:00,26.82,27.76,26.18,26.91,3057168.26
2022-03-16 00:00:00+00:00,26.9,29.11,26.52,28.96,4103430.29
2022-03-17 00:00:00+00:00,28.95,29.01,28.09,28.16,2238758.93
2022-03-18 00:00:00+00:00,28.16,28.77,27.18,28.61,2922204.59
2022-03-19 00:00:00+00:00,28.61,29.42,28.33,28.65,2551299.3
2022-03-20 00:00:00+00:00,28.65,28.83,27.47,27.84,1542345.09
2022-03-21 00:00:00+00:00,27.84,28.39,27.55,27.93,1781458.41
2022-03-22 00:00:00+00:00,27.93,28.95,27.64,28.02,3172376.28
2022-03-23 00:00:00+00:00,28.02,28.38,27.16,28.25,2843254.89
2022-03-24 00:00:00+00:00,28.25,29.45,27.95,29.27,3698308.81
2022-03-25 00:00:00+00:00,29.27,30.0,27.65,28.12,3570842.04
2022-03-26 00:00:00+00:00,28.12,28.96,28.0,28.78,1351012.52
2022-03-27 00:00:00+00:00,28.78,29.98,28.1,29.96,1843418.6
2022-03-28 00:00:00+00:00,29.95,31.48,29.14,29.38,4380434.05
2022-03-29 00:00:00+00:00,29.37,31.7,29.32,30.23,4907154.61
2022-03-30 00:00:00+00:00,30.23,31.32,29.29,30.05,3943475.42
2022-03-31 00:00:00+00:00,30.05,31.32,28.39,28.89,4851385.05
2022-04-01 00:00:00+00:00,28.89,29.67,27.7,29.41,2798462.12
2022-04-02 00:00:00+00:00,29.41,32.8,29.23,31.3,5852775.95
2022-04-03 00:00:00+00:00,31.31,33.29,30.5,31.97,5782442.17
2022-04-04 00:00:00+00:00,31.96,32.54,30.06,30.85,3866259.28
2022-04-05 00:00:00+00:00,30.86,31.23,29.14,29.29,3726106.9
2022-04-06 00:00:00+00:00,29.3,29.5,26.66,26.89,3950455.09
2022-04-07 00:00:00+00:00,26.89,27.9,26.26,27.66,2260878.12
2022-04-08 00:00:00+00:00,27.65,28.95,26.62,26.88,3193093.21
2022-04-09 00:00:00+00:00,26.88,27.47,26.59,27.27,1350205.98
2022-04-10 00:00:00+00:00,27.27,27.43,26.4,26.5,1088109.32
2022-04-11 00:00:00+00:00,26.5,26.59,23.3,23.85,3263662.71
2022-04-12 00:00:00+00:00,23.86,25.47,23.67,24.64,2565153.45
2022-04-13 00:00:00+00:00,24.63,25.21,24.1,24.7,1746511.48
2022-04-14 00:00:00+00:00,24.7,25.16,23.75,23.96,2132342.41
2022-04-15 00:00:00+00:00,23.96,24.38,23.76,24.08,1219538.61
2022-04-16 00:00:00+00:00,24.1,24.48,23.79,24.18,829846.26
2022-04-17 00:00:00+00:00,24.18,24.48,23.09,23.21,1089963.31
2022-04-18 00:00:00+00:00,23.22,24.14,22.44,24.07,2671557.19
2022-04-19 00:00:00+00:00,24.07,24.72,23.76,24.67,1812325.78
2022-04-20 00:00:00+00:00,24.66,25.09,24.02,24.27,1763209.67
2022-04-21 00:00:00+00:00,24.27,24.97,22.88,23.3,2218922.22
2022-04-22 00:00:00+00:00,23.31,23.87,22.87,23.1,1832236.56
2022-04-23 00:00:00+00:00,23.1,23.49,22.75,23.21,1008185.92
2022-04-24 00:00:00+00:00,23.22,23.3,22.28,22.29,1246058.34
2022-04-25 00:00:00+00:00,22.29,22.38,20.78,22.13,3019641.82
2022-04-26 00:00:00+00:00,22.12,22.3,19.97,20.3,2694053.47
2022-04-27 00:00:00+00:00,20.31,21.88,20.12,21.43,3260860.77
2022-04-28 00:00:00+00:00,21.44,21.47,20.42,20.75,2804058.05
2022-04-29 00:00:00+00:00,20.74,20.88,19.23,19.44,2868730.59
2022-04-30 00:00:00+00:00,19.44,19.58,17.24,17.84,3225931.13
2022-05-01 00:00:00+00:00,17.85,18.68,17.57,18.0,2985270.67
2022-05-02 00:00:00+00:00,18.0,18.36,17.22,17.8,3433845.42
2022-05-03 00:00:00+00:00,17.8,18.99,17.45,17.57,3156832.49
2022-05-04 00:00:00+00:00,17.58,20.05,17.47,19.92,3554712.41
2022-05-05 00:00:00+00:00,19.92,20.34,17.17,17.84,4950115.5
2022-05-06 00:00:00+00:00,17.84,17.99,17.1,17.67,3188607.11
2022-05-07 00:00:00+00:00,17.67,17.7,16.03,16.43,2751121.64
2022-05-08 00:00:00+00:00,16.44,16.54,15.56,15.7,2905269.29
2022-05-09 00:00:00+00:00,15.71,15.99,12.36,12.51,8248097.752
2022-05-10 00:00:00+00:00,12.5,15.32,11.98,13.58,12251465.873
2022-05-11 00:00:00+00:00,13.59,14.0,9.23,10.79,18707340.757
2022-05-12 00:00:00+00:00,10.81,11.57,8.55,9.66,16915460.83
2022-05-13 00:00:00+00:00,9.67,11.66,9.0,10.32,10824819.48
2022-05-14 00:00:00+00:00,10.32,11.07,9.55,10.79,4317443.6
2022-05-15 00:00:00+00:00,10.78,12.49,10.32,12.38,4661452.77
2022-05-16 00:00:00+00:00,12.38,12.48,10.94,11.07,6604772.77
2022-05-17 00:00:00+00:00,11.07,11.93,10.76,11.46,3473872.73
2022-05-18 00:00:00+00:00,11.46,11.78,9.99,10.11,4066076.28
2022-05-19 00:00:00+00:00,10.12,10.97,9.81,10.84,2766839.33
2022-05-20 00:00:00+00:00,10.83,12.22,10.76,11.2,10024126.28
2022-05-21 00:00:00+00:00,11.19,11.5,10.78,11.05,3221737.33
2022-05-22 00:00:00+00:00,11.05,11.6,10.93,11.41,2571023.0
2022-05-23 00:00:00+00:00,11.4,12.34,10.96,11.14,4666963.38
2022-05-24 00:00:00+00:00,11.15,11.38,10.44,11.1,4131401.22
2022-05-25 00:00:00+00:00,11.1,11.39,10.61,10.74,3142136.96
2022-05-26 00:00:00+00:00,10.75,10.91,9.2,9.61,7152035.39
2022-05-27 00:00:00+00:00,9.61,9.91,9.05,9.27,5056280.22
2022-05-28 00:00:00+00:00,9.28,9.69,9.17,9.42,2662242.72
2022-05-29 00:00:00+00:00,9.42,9.68,9.15,9.59,2270978.77
2022-05-30 00:00:00+00:00,9.6,10.61,9.5,10.5,3994852.07
2022-05-31 00:00:00+00:00,10.5,10.84,10.06,10.33,3957638.97
2022-06-01 00:00:00+00:00,10.34,10.5,9.12,9.34,4124132.71
2022-06-02 00:00:00+00:00,9.34,9.7,9.18,9.63,2839730.2
2022-06-03 00:00:00+00:00,9.63,9.69,8.94,9.19,2582512.62
2022-06-04 00:00:00+00:00,9.19,9.28,8.9,9.24,1545316.77
2022-06-05 00:00:00+00:00,9.25,9.4,9.04,9.17,1276221.49
2022-06-06 00:00:00+00:00,9.18,9.76,9.15,9.46,2631391.98
2022-06-07 00:00:00+00:00,9.47,9.48,8.56,9.2,4917894.87
2022-06-08 00:00:00+00:00,9.2,9.44,8.68,8.76,3137257.78
2022-06-09 00:00:00+00:00,8.76,9.2,8.65,8.79,2502064.59
2022-06-10 00:00:00+00:00,8.79,9.0,8.01,8.11,3674371.711
2022-06-11 00:00:00+00:00,8.11,8.35,7.36,7.55,3146890.417
2022-06-12 00:00:00+00:00,7.55,7.74,6.92,7.07,5206759.012
2022-06-13 00:00:00+00:00,7.07,7.21,5.87,6.51,9782771.373
2022-06-14 00:00:00+00:00,6.5,6.8,5.94,6.36,6138488.07
2022-06-15 00:00:00+00:00,6.36,7.35,5.93,7.33,9507943.95
2022-06-16 00:00:00+00:00,7.32,7.5,6.18,6.35,4608258.83
2022-06-17 00:00:00+00:00,6.34,6.61,6.25,6.39,2868930.64
2022-06-18 00:00:00+00:00,6.39,6.52,5.55,6.08,5133574.09
2022-06-19 00:00:00+00:00,6.07,6.87,5.85,6.77,4610308.03
2022-06-20 00:00:00+00:00,6.78,6.97,6.48,6.82,2960669.78
2022-06-21 00:00:00+00:00,6.81,7.2,6.66,6.95,3386025.26
2022-06-22 00:00:00+00:00,6.96,7.62,6.57,7.05,6279298.99
2022-06-23 00:00:00+00:00,7.06,8.19,7.06,8.13,6004593.03
2022-06-24 00:00:00+00:00,8.14,8.59,7.95,8.26,4923026.34
2022-06-25 00:00:00+00:00,8.25,8.72,7.98,8.67,3243447.22
2022-06-26 00:00:00+00:00,8.67,8.75,8.01,8.06,3245899.81
2022-06-27 00:00:00+00:00,8.06,8.61,7.75,7.78,3364049.91
2022-06-28 00:00:00+00:00,7.79,8.03,7.27,7.34,4548732.47
2022-06-29 00:00:00+00:00,7.34,7.51,7.02,7.4,4239887.38
2022-06-30 00:00:00+00:00,7.4,7.65,6.89,7.57,5310749.95
2022-07-01 00:00:00+00:00,7.57,8.38,7.18,8.09,7398448.74
2022-07-02 00:00:00+00:00,8.1,8.36,7.93,8.07,3864245.59
2022-07-03 00:00:00+00:00,8.07,8.31,7.78,8.09,3447745.24
2022-07-04 00:00:00+00:00,8.08,8.94,7.86,8.75,3791246.48
2022-07-05 00:00:00+00:00,8.75,9.32,8.38,8.92,5892244.4
2022-07-06 00:00:00+00:00,8.91,9.45,8.77,8.9,5519943.81
2022-07-07 00:00:00+00:00,8.89,9.57,8.69,9.36,3994017.12
2022-07-08 00:00:00+00:00,9.37,9.72,8.9,8.98,3378262.08
2022-07-09 00:00:00+00:00,8.98,9.37,8.95,8.98,1763893.54
2022-07-10 00:00:00+00:00,8.98,9.01,8.5,8.79,2105007.97
2022-07-11 00:00:00+00:00,8.78,9.11,8.16,8.18,3444217.33
2022-07-12 00:00:00+00:00,8.18,8.42,7.72,7.81,3414641.98
2022-07-13 00:00:00+00:00,7.82,8.246,7.42,8.211,4170980.51
2022-07-14 00:00:00+00:00,8.212,9.063,8.089,8.99,5907099.63
2022-07-15 00:00:00+00:00,8.987,9.498,8.876,9.058,6293245.66
2022-07-16 00:00:00+00:00,9.06,9.395,8.796,9.237,4013187.12
2022-07-17 00:00:00+00:00,9.237,9.364,8.86,8.921,3378089.9
2022-07-18 00:00:00+00:00,8.92,9.877,8.871,9.577,5986911.43
2022-07-19 00:00:00+00:00,9.576,10.78,9.236,10.519,8469037.25
2022-07-20 00:00:00+00:00,10.521,10.636,9.582,9.68,5346162.56
2022-07-21 00:00:00+00:00,9.678,11.26,9.611,11.051,9747916.94
2022-07-22 00:00:00+00:00,11.051,11.35,10.321,10.642,4942009.88
2022-07-23 00:00:00+00:00,10.635,11.21,9.752,10.118,5939756.95
2022-07-24 00:00:00+00:00,10.121,10.3,9.889,9.976,3311516.48
2022-07-25 00:00:00+00:00,9.976,10.0,8.964,8.98,5108508.45
2022-07-26 00:00:00+00:00,8.982,9.704,8.587,9.222,6721031.88
2022-07-27 00:00:00+00:00,9.223,10.317,9.028,10.31,5555189.19
2022-07-28 00:00:00+00:00,10.31,11.165,10.08,10.865,5475660.31
2022-07-29 00:00:00+00:00,10.865,11.495,10.35,11.169,4210393.71
2022-07-30 00:00:00+00:00,11.168,11.364,10.514,10.705,3536041.94
2022-07-31 00:00:00+00:00,10.705,11.076,10.282,10.351,2425268.8
2022-08-01 00:00:00+00:00,10.351,10.792,10.045,10.396,2403372.78
2022-08-02 00:00:00+00:00,10.397,10.471,9.761,9.914,2610861.85
2022-08-03 00:00:00+00:00,9.915,10.536,9.642,10.159,2085160.59
2022-08-04 00:00:00+00:00,10.159,10.618,10.12,10.356,2204290.06
2022-08-05 00:00:00+00:00,10.36,10.993,10.297,10.967,2308323.22
2022-08-06 00:00:00+00:00,10.968,11.013,10.566,10.631,1188162.82
2022-08-07 00:00:00+00:00,10.631,11.61,10.461,11.36,2996333.46
2022-08-08 00:00:00+00:00,11.358,12.164,11.214,11.813,3469354.72
2022-08-09 00:00:00+00:00,11.812,12.248,11.074,11.386,3497220.33
2022-08-10 00:00:00+00:00,11.381,12.043,10.49,11.973,6263928.04
2022-08-11 00:00:00+00:00,11.974,12.314,11.677,11.754,2874371.45
2022-08-12 00:00:00+00:00,11.755,12.091,11.42,12.05,1845628.54
2022-08-13 00:00:00+00:00,12.049,12.41,11.837,11.902,1623058.21
2022-08-14 00:00:00+00:00,11.905,12.185,11.45,11.583,1615903.33
2022-08-15 00:00:00+00:00,11.584,11.95,11.172,11.4,1610496.47
2022-08-16 00:00:00+00:00,11.397,11.666,11.174,11.399,1993872.34
2022-08-17 00:00:00+00:00,11.397,11.927,11.184,11.745,3013153.23
2022-08-18 00:00:00+00:00,11.749,12.284,11.398,11.442,4101092.76
2022-08-19 00:00:00+00:00,11.443,11.449,10.157,10.753,4620009.09
2022-08-20 00:00:00+00:00,10.753,10.973,9.969,10.233,2965583.95
2022-08-21 00:00:00+00:00,10.233,10.787,10.213,10.642,1910254.41
2022-08-22 00:00:00+00:00,10.647,11.15,10.043,11.09,2698589.34
2022-08-23 00:00:00+00:00,11.089,12.39,10.967,12.122,5930993.11
2022-08-24 00:00:00+00:00,12.13,13.45,11.595,13.019,8558648.46
2022-08-25 00:00:00+00:00,13.021,13.432,12.56,12.859,6263226.91
2022-08-26 00:00:00+00:00,12.853,13.129,11.339,11.549,7256116.83
2022-08-27 00:00:00+00:00,11.549,11.549,10.687,11.171,4763181.19
2022-08-28 00:00:00+00:00,11.17,11.376,10.452,10.567,2751168.28
2022-08-29 00:00:00+00:00,10.565,11.729,10.173,11.435,3934061.85
2022-08-30 00:00:00+00:00,11.434,12.17,11.115,11.927,5160873.78
2022-08-31 00:00:00+00:00,11.93,12.349,11.546,11.816,3841325.73
2022-09-01 00:00:00+00:00,11.816,12.852,11.456,12.733,4031565.01
2022-09-02 00:00:00+00:00,12.734,13.078,12.327,12.611,3522484.26
2022-09-03 00:00:00+00:00,12.609,12.88,12.126,12.623,2290920.45
2022-09-04 00:00:00+00:00,12.622,13.05,12.401,13.045,2124599.68
2022-09-05 00:00:00+00:00,13.046,13.359,12.474,12.633,2229818.62
2022-09-06 00:00:00+00:00,12.63,12.989,11.75,11.779,3928619.99
2022-09-07 00:00:00+00:00,11.775,13.249,11.536,12.929,3791678.48
2022-09-08 00:00:00+00:00,12.93,14.149,12.626,13.883,5941151.54
2022-09-09 00:00:00+00:00,13.887,17.198,13.753,16.128,10412714.56
2022-09-10 00:00:00+00:00,16.131,16.414,15.457,15.992,5142716.66
2022-09-11 00:00:00+00:00,15.991,16.313,15.228,15.693,3269962.88
2022-09-12 00:00:00+00:00,15.693,16.524,14.969,15.528,4991276.55
2022-09-13 00:00:00+00:00,15.528,16.213,13.708,13.9,6344349.57
2022-09-14 00:00:00+00:00,13.898,14.445,13.38,13.969,3590401.19
2022-09-15 00:00:00+00:00,13.973,15.568,13.224,14.897,7365285.5
2022-09-16 00:00:00+00:00,14.899,16.8,14.6,16.605,7752475.36
2022-09-17 00:00:00+00:00,16.6,16.964,16.038,16.405,4971229.88
2022-09-18 00:00:00+00:00,16.406,16.412,14.57,14.693,4769368.36
2022-09-19 00:00:00+00:00,14.701,16.061,14.604,15.62,8070915.79
2022-09-20 00:00:00+00:00,15.618,15.889,13.817,13.919,5485331.03
2022-09-21 00:00:00+00:00,13.917,15.1,12.955,13.39,8587280.12
2022-09-22 00:00:00+00:00,13.386,14.996,13.263,14.633,6252663.72
2022-09-23 00:00:00+00:00,14.629,15.269,13.441,14.223,6977954.12
2022-09-24 00:00:00+00:00,14.222,14.292,13.556,13.635,3080741.04
2022-09-25 00:00:00+00:00,13.635,14.835,13.593,13.976,4663322.79
2022-09-26 00:00:00+00:00,13.972,14.899,13.748,13.913,6599448.3
2022-09-27 00:00:00+00:00,13.909,14.74,13.159,13.491,6010058.33
2022-09-28 00:00:00+00:00,13.489,13.584,12.626,12.997,5182644.36
2022-09-29 00:00:00+00:00,12.997,13.076,12.421,12.771,3951949.99
2022-09-30 00:00:00+00:00,12.773,13.247,12.61,13.024,3787146.69
2022-10-01 00:00:00+00:00,13.023,13.099,12.49,12.682,1589711.08
2022-10-02 00:00:00+00:00,12.683,12.896,11.954,11.992,2297392.21
2022-10-03 00:00:00+00:00,11.991,12.957,11.825,12.855,3540214.85
2022-10-04 00:00:00+00:00,12.856,13.286,12.746,13.019,2938301.46
2022-10-05 00:00:00+00:00,13.02,13.136,12.615,13.005,2120541.33
2022-10-06 00:00:00+00:00,13.005,13.461,12.871,13.016,3442348.1
2022-10-07 00:00:00+00:00,13.016,13.091,12.648,13.056,2444568.2
2022-10-08 00:00:00+00:00,13.056,13.35,12.944,13.148,2054083.23
2022-10-09 00:00:00+00:00,13.147,13.275,13.033,13.194,1173539.93
2022-10-10 00:00:00+00:00,13.191,13.27,12.34,12.436,1854551.91
2022-10-11 00:00:00+00:00,12.435,12.538,12.097,12.173,2037518.63
2022-10-12 00:00:00+00:00,12.173,12.215,11.655,11.742,1884472.33
2022-10-13 00:00:00+00:00,11.739,11.812,10.552,11.339,3945132.39
2022-10-14 00:00:00+00:00,11.337,12.274,11.297,11.643,2987570.57
2022-10-15 00:00:00+00:00,11.645,11.767,11.436,11.515,1079044.64
2022-10-16 00:00:00+00:00,11.514,11.851,11.502,11.699,1059351.57
2022-10-17 00:00:00+00:00,11.698,12.499,11.635,12.43,2165607.5
2022-10-18 00:00:00+00:00,12.43,12.775,12.11,12.522,2384578.05
2022-10-19 00:00:00+00:00,12.522,12.643,11.692,11.753,2288684.96
2022-10-20 00:00:00+00:00,11.753,12.0,11.232,11.378,1983252.05
2022-10-21 00:00:00+00:00,11.378,11.784,10.917,11.736,2134147.66
2022-10-22 00:00:00+00:00,11.737,11.892,11.463,11.715,1240901.74
2022-10-23 00:00:00+00:00,11.714,12.138,11.434,12.114,1389978.72
2022-10-24 00:00:00+00:00,12.114,12.174,11.582,11.65,1575244.74
2022-10-25 00:00:00+00:00,11.65,12.368,11.543,11.999,2267545.92
2022-10-26 00:00:00+00:00,12.0,12.543,11.917,12.278,2699503.74
2022-10-27 00:00:00+00:00,12.279,13.238,12.261,12.655,4256958.26
2022-10-28 00:00:00+00:00,12.658,13.84,12.595,13.53,7136921.82
2022-10-29 00:00:00+00:00,13.537,13.97,13.34,13.472,3346514.02
2022-10-30 00:00:00+00:00,13.473,14.13,13.304,13.92,3031314.96
2022-10-31 00:00:00+00:00,13.92,14.5,13.783,14.319,3570806.46
2022-11-01 00:00:00+00:00,14.321,14.462,13.85,14.074,2059461.11
2022-11-02 00:00:00+00:00,14.08,14.232,13.016,13.295,3043015.49
2022-11-03 00:00:00+00:00,13.295,13.9,13.252,13.51,2254464.64
2022-11-04 00:00:00+00:00,13.51,15.198,13.409,15.035,4580906.2
2022-11-05 00:00:00+00:00,15.029,15.814,14.955,15.38,3293656.22
2022-11-06 00:00:00+00:00,15.384,15.41,14.431,14.443,2368996.29
2022-11-07 00:00:00+00:00,14.444,14.805,13.86,14.275,3498112.75
2022-11-08 00:00:00+00:00,14.276,14.444,11.232,12.146,8341297.23
2022-11-09 00:00:00+00:00,12.152,12.326,9.37,9.791,7516810.93
2022-11-10 00:00:00+00:00,9.786,12.511,9.567,12.17,8009015.99
2022-11-11 00:00:00+00:00,12.162,12.42,11.177,11.672,4023675.08
2022-11-12 00:00:00+00:00,11.676,11.703,10.84,10.951,1882811.3
2022-11-13 00:00:00+00:00,10.953,11.107,10.05,10.19,3084666.25
2022-11-14 00:00:00+00:00,10.186,10.705,9.616,10.329,4049126.02
2022-11-15 00:00:00+00:00,10.329,10.89,10.186,10.556,2465695.24
2022-11-16 00:00:00+00:00,10.557,10.637,9.962,10.152,2048566.23
2022-11-17 00:00:00+00:00,10.152,10.201,9.853,9.918,1645943.2
2022-11-18 00:00:00+00:00,9.92,10.246,9.786,9.972,1708787.37
2022-11-19 00:00:00+00:00,9.972,10.058,9.737,9.995,1002202.2
2022-11-20 00:00:00+00:00,9.996,10.047,9.306,9.354,1304000.89
2022-11-21 00:00:00+00:00,9.353,9.36,8.777,9.011,2299786.83
2022-11-22 00:00:00+00:00,9.012,9.565,8.728,9.547,2779501.34
2022-11-23 00:00:00+00:00,9.548,9.979,9.535,9.933,2090457.37
2022-11-24 00:00:00+00:00,9.933,10.228,9.783,10.153,1703495.3
2022-11-25 00:00:00+00:00,10.153,10.181,9.762,10.025,1100769.64
2022-11-26 00:00:00+00:00,10.026,10.449,9.998,10.111,1467833.33
2022-11-27 00:00:00+00:00,10.109,10.335,9.895,9.925,934305.85
2022-11-28 00:00:00+00:00,9.927,9.971,9.44,9.862,1672950.06
2022-11-29 00:00:00+00:00,9.861,10.3,9.833,10.181,1705131.62
2022-11-30 00:00:00+00:00,10.184,10.64,10.183,10.494,1848980.88
2022-12-01 00:00:00+00:00,10.494,10.58,10.131,10.268,1555215.31
2022-12-02 00:00:00+00:00,10.269,10.4,10.118,10.366,1363031.57
2022-12-03 00:00:00+00:00,10.367,10.414,9.978,10.021,1003730.91
2022-12-04 00:00:00+00:00,10.022,10.287,10.018,10.255,891823.05
2022-12-05 00:00:00+00:00,10.256,10.574,10.145,10.264,2046082.72
2022-12-06 00:00:00+00:00,10.266,10.381,9.994,10.166,1875786.89
2022-12-07 00:00:00+00:00,10.166,10.188,9.492,9.617,2666263.16
2022-12-08 00:00:00+00:00,9.618,9.859,9.468,9.833,1259720.93
2022-12-09 00:00:00+00:00,9.835,9.903,9.627,9.758,1187305.0
2022-12-10 00:00:00+00:00,9.76,10.45,9.637,9.945,3403555.49
2022-12-11 00:00:00+00:00,9.945,9.986,9.509,9.534,1180031.06
2022-12-12 00:00:00+00:00,9.535,9.672,9.414,9.622,1514529.24
2022-12-13 00:00:00+00:00,9.623,9.888,9.13,9.754,2584818.63
2022-12-14 00:00:00+00:00,9.755,10.018,9.51,9.591,1868175.23
2022-12-15 00:00:00+00:00,9.596,9.669,9.37,9.426,1249265.34
2022-12-16 00:00:00+00:00,9.43,9.522,8.437,8.587,2067982.16
2022-12-17 00:00:00+00:00,8.585,8.811,8.469,8.803,1069959.72
2022-12-18 00:00:00+00:00,8.804,8.95,8.752,8.857,905122.01
2022-12-19 00:00:00+00:00,8.858,8.945,8.563,8.644,1256913.62
2022-12-20 00:00:00+00:00,8.642,9.048,8.545,8.951,1488982.31
2022-12-21 00:00:00+00:00,8.952,9.054,8.763,8.864,1385151.08
2022-12-22 00:00:00+00:00,8.864,9.01,8.669,8.99,1308518.62
2022-12-23 00:00:00+00:00,8.99,9.05,8.883,8.913,1004144.93
2022-12-24 00:00:00+00:00,8.913,9.05,8.882,8.962,982387.34
2022-12-25 00:00:00+00:00,8.962,9.127,8.823,9.01,925842.16
2022-12-26 00:00:00+00:00,9.012,9.197,9.006,9.183,1057109.05
2022-12-27 00:00:00+00:00,9.186,9.44,9.133,9.215,1715598.95
2022-12-28 00:00:00+00:00,9.215,9.28,8.906,9.134,2127419.9
2022-12-29 00:00:00+00:00,9.134,9.399,9.022,9.33,1892003.4
2022-12-30 00:00:00+00:00,9.33,9.399,9.214,9.382,1570631.73
2022-12-31 00:00:00+00:00,9.382,9.475,9.264,9.353,881458.0
2023-01-01 00:00:00+00:00,9.355,9.479,9.302,9.462,770066.14
2023-01-02 00:00:00+00:00,9.46,10.055,9.383,9.818,2417260.38
2023-01-03 00:00:00+00:00,9.818,10.452,9.755,10.157,3026088.93
2023-01-04 00:00:00+00:00,10.157,10.487,10.047,10.196,2495644.89
2023-01-05 00:00:00+00:00,10.197,10.235,9.989,10.085,1374921.87
2023-01-06 00:00:00+00:00,10.086,10.295,9.91,10.251,1609589.03
2023-01-07 00:00:00+00:00,10.254,10.371,10.139,10.196,792550.64
2023-01-08 00:00:00+00:00,10.196,10.605,9.988,10.549,1907691.9
2023-01-09 00:00:00+00:00,10.549,11.508,10.52,11.112,3837626.63
2023-01-10 00:00:00+00:00,11.111,11.348,10.851,11.327,1590479.17
2023-01-11 00:00:00+00:00,11.327,11.904,11.053,11.856,1748292.6
2023-01-12 00:00:00+00:00,11.853,12.357,11.54,12.273,3013448.73
2023-01-13 00:00:00+00:00,12.271,12.522,11.913,12.406,2059354.84
2023-01-14 00:00:00+00:00,12.408,13.434,12.066,12.874,4590987.91
2023-01-15 00:00:00+00:00,12.874,13.355,12.37,12.778,1950223.32
2023-01-16 00:00:00+00:00,12.776,13.072,12.041,12.342,2632182.71
2023-01-17 00:00:00+00:00,12.344,12.64,12.05,12.155,2002391.2
2023-01-18 00:00:00+00:00,12.156,12.537,11.401,11.542,2427316.39
2023-01-19 00:00:00+00:00,11.535,12.097,11.531,12.012,1183895.81
2023-01-20 00:00:00+00:00,12.01,13.39,11.928,13.144,2239008.05
2023-01-21 00:00:00+00:00,13.144,13.62,12.868,13.083,2586327.49
2023-01-22 00:00:00+00:00,13.087,13.799,12.801,13.328,2959555.52
2023-01-23 00:00:00+00:00,13.324,13.57,12.79,13.06,1862884.32
2023-01-24 00:00:00+00:00,13.068,13.38,12.34,12.445,1474837.98
2023-01-25 00:00:00+00:00,12.444,13.762,12.137,13.561,2733851.97
2023-01-26 00:00:00+00:00,13.562,13.721,12.8,13.111,2601521.5
2023-01-27 00:00:00+00:00,13.107,13.633,12.611,13.532,2078289.13
2023-01-28 00:00:00+00:00,13.53,13.898,13.037,13.22,1875738.51
2023-01-29 00:00:00+00:00,13.22,13.96,13.019,13.803,1890777.78
2023-01-30 00:00:00+00:00,13.805,14.0,12.75,13.073,2189288.86
2023-01-31 00:00:00+00:00,13.068,13.489,13.022,13.362,1511153.22
2023-02-01 00:00:00+00:00,13.363,14.94,13.271,14.925,4944426.4
2023-02-02 00:00:00+00:00,14.928,15.23,14.231,14.407,3484156.26
2023-02-03 00:00:00+00:00,14.409,15.45,14.356,14.992,2746783.98
2023-02-04 00:00:00+00:00,14.991,15.086,14.573,14.665,1358301.69
2023-02-05 00:00:00+00:00,14.663,14.808,14.071,14.736,2177134.11
2023-02-06 00:00:00+00:00,14.739,14.895,14.0,14.143,1696770.06
2023-02-07 00:00:00+00:00,14.139,15.071,14.1,14.957,2542423.54
2023-02-08 00:00:00+00:00,14.952,15.376,14.57,15.151,2811740.38
2023-02-09 00:00:00+00:00,15.153,15.352,13.18,13.53,3372906.85
2023-02-10 00:00:00+00:00,13.529,14.0,13.414,13.705,1991837.12
2023-02-11 00:00:00+00:00,13.695,13.795,13.416,13.749,948742.7
2023-02-12 00:00:00+00:00,13.748,13.948,13.376,13.539,992527.46
2023-02-13 00:00:00+00:00,13.543,13.545,12.667,13.129,2010111.41
2023-02-14 00:00:00+00:00,13.13,13.578,12.706,13.399,2025045.53
2023-02-15 00:00:00+00:00,13.399,14.3,13.227,14.297,1887845.86
2023-02-16 00:00:00+00:00,14.297,14.41,13.372,13.427,2689651.21
2023-02-17 00:00:00+00:00,13.427,14.336,13.338,14.17,1856732.18
2023-02-18 00:00:00+00:00,14.17,14.499,13.924,14.289,1573416.25
2023-02-19 00:00:00+00:00,14.29,14.784,13.95,14.126,2752285.26
2023-02-20 00:00:00+00:00,14.126,14.595,13.81,14.423,1841110.05
2023-02-21 00:00:00+00:00,14.424,14.62,13.612,13.866,1979920.65
2023-02-22 00:00:00+00:00,13.867,14.021,13.19,13.587,1722062.18
2023-02-23 00:00:00+00:00,13.587,13.95,13.453,13.738,1247193.25
2023-02-24 00:00:00+00:00,13.734,13.848,12.85,13.08,1698892.71
2023-02-25 00:00:00+00:00,13.079,13.215,12.466,12.842,1499663.67
2023-02-26 00:00:00+00:00,12.838,13.1,12.77,12.961,991142.45
2023-02-27 00:00:00+00:00,12.96,13.1,12.582,12.786,1142283.99
2023-02-28 00:00:00+00:00,12.784,12.8,12.113,12.279,1243928.23
2023-03-01 00:00:00+00:00,12.279,12.946,12.213,12.778,1453616.26
2023-03-02 00:00:00+00:00,12.779,12.869,12.156,12.466,1108793.07
2023-03-03 00:00:00+00:00,12.465,12.475,11.554,12.016,1423281.3
2023-03-04 00:00:00+00:00,12.015,12.086,11.605,11.843,553288.34
2023-03-05 00:00:00+00:00,11.842,12.265,11.832,12.019,986698.8
2023-03-06 00:00:00+00:00,12.019,12.225,11.84,11.978,701811.61
2023-03-07 00:00:00+00:00,11.978,12.084,11.424,11.75,1116207.11
2023-03-08 00:00:00+00:00,11.753,11.821,10.85,10.958,1337397.77
2023-03-09 00:00:00+00:00,10.957,11.062,10.423,11.032,3540605.22
2023-03-10 00:00:00+00:00,11.032,11.405,10.291,11.141,4156792.3
2023-03-11 00:00:00+00:00,11.142,11.377,10.556,11.019,2695664.13
2023-03-12 00:00:00+00:00,11.02,11.739,10.876,11.695,2123379.29
2023-03-13 00:00:00+00:00,11.694,12.238,11.281,11.984,2874750.29
2023-03-14 00:00:00+00:00,11.984,13.487,11.871,13.04,4666632.78
2023-03-15 00:00:00+00:00,13.038,13.344,11.594,12.416,4194228.38
2023-03-16 00:00:00+00:00,12.409,12.979,12.27,12.814,2593318.01
2023-03-17 00:00:00+00:00,12.811,13.25,12.615,13.166,2495770.73
2023-03-18 00:00:00+00:00,13.164,13.419,12.05,12.218,3654000.88
2023-03-19 00:00:00+00:00,12.22,13.068,12.05,12.306,2682551.98
2023-03-20 00:00:00+00:00,12.308,12.445,11.472,11.545,2679318.66
2023-03-21 00:00:00+00:00,11.549,12.173,11.251,11.915,2409510.45
2023-03-22 00:00:00+00:00,11.916,11.996,10.918,11.327,3003953.7
2023-03-23 00:00:00+00:00,11.327,12.38,11.227,11.683,1932059.48
2023-03-24 00:00:00+00:00,11.68,11.724,10.98,11.192,1537028.73
2023-03-25 00:00:00+00:00,11.193,11.898,10.917,11.085,1248714.55
2023-03-26 00:00:00+00:00,11.086,11.463,11.028,11.326,904183.17
2023-03-27 00:00:00+00:00,11.327,11.354,10.611,10.838,1736664.43
2023-03-28 00:00:00+00:00,10.837,11.65,10.675,11.212,2078626.23
2023-03-29 00:00:00+00:00,11.213,11.554,11.1,11.43,4197271.82
2023-03-30 00:00:00+00:00,11.429,11.567,10.918,11.149,2554870.77
2023-03-31 00:00:00+00:00,11.149,11.39,10.98,11.188,2122617.8
2023-04-01 00:00:00+00:00,11.188,11.499,11.042,11.383,1766629.63
2023-04-02 00:00:00+00:00,11.384,11.59,10.967,11.12,1762619.27
2023-04-03 00:00:00+00:00,11.121,11.263,10.692,11.147,2437287.39
2023-04-04 00:00:00+00:00,11.147,11.427,11.03,11.285,2293322.08
2023-04-05 00:00:00+00:00,11.283,11.597,11.126,11.523,2313664.5
2023-04-06 00:00:00+00:00,11.523,11.634,11.233,11.334,2088084.31
2023-04-07 00:00:00+00:00,11.334,11.356,10.919,11.046,1999070.48
2023-04-08 00:00:00+00:00,11.045,11.196,10.866,10.959,1098295.31
2023-04-09 00:00:00+00:00,10.959,11.093,10.862,11.028,936338.61
2023-04-10 00:00:00+00:00,11.028,11.23,10.91,11.18,1399850.3
2023-04-11 00:00:00+00:00,11.18,11.409,11.115,11.267,1718610.86
2023-04-12 00:00:00+00:00,11.267,11.362,10.921,11.318,1846368.86
2023-04-13 00:00:00+00:00,11.318,11.997,11.24,11.807,2345843.4
2023-04-14 00:00:00+00:00,11.805,12.46,11.791,12.254,3931691.17
2023-04-15 00:00:00+00:00,12.252,12.485,12.039,12.371,1838098.61
2023-04-16 00:00:00+00:00,12.369,12.9,12.367,12.662,2646291.43
2023-04-17 00:00:00+00:00,12.662,12.94,12.31,12.352,2187222.5
2023-04-18 00:00:00+00:00,12.352,12.773,12.154,12.555,1888010.5
2023-04-19 00:00:00+00:00,12.555,12.586,11.478,11.702,3442606.38
2023-04-20 00:00:00+00:00,11.696,12.127,11.279,11.393,2760386.06
2023-04-21 00:00:00+00:00,11.392,11.491,10.639,10.807,2904058.12
2023-04-22 00:00:00+00:00,10.807,11.052,10.7,11.03,1434226.76
2023-04-23 00:00:00+00:00,11.035,11.045,10.569,10.816,1165478.59
2023-04-24 00:00:00+00:00,10.819,10.984,10.65,10.903,1392230.1
2023-04-25 00:00:00+00:00,10.903,11.09,10.657,11.05,1269398.63
2023-04-26 00:00:00+00:00,11.048,11.399,10.2,10.937,2969497.98
2023-04-27 00:00:00+00:00,10.941,11.781,10.88,11.519,2968922.76
2023-04-28 00:00:00+00:00,11.518,11.767,11.274,11.715,1654062.88
2023-04-29 00:00:00+00:00,11.715,11.832,11.532,11.707,928025.25
2023-04-30 00:00:00+00:00,11.708,11.958,11.46,11.515,1334539.94
2023-05-01 00:00:00+00:00,11.513,11.569,10.831,11.003,1895490.75
2023-05-02 00:00:00+00:00,11.0,11.11,10.884,11.03,974178.79
2023-05-03 00:00:00+00:00,11.032,11.161,10.748,11.102,1436293.4
2023-05-04 00:00:00+00:00,11.102,11.142,10.888,10.98,941697.7
2023-05-05 00:00:00+00:00,10.979,11.307,10.94,11.214,1173260.8
2023-05-06 00:00:00+00:00,11.214,11.295,10.756,10.841,992886.54
2023-05-07 00:00:00+00:00,10.841,11.097,10.774,10.974,811361.93
2023-05-08 00:00:00+00:00,10.97,11.144,10.393,10.591,2932929.87
2023-05-09 00:00:00+00:00,10.59,10.716,10.148,10.375,1909951.0
2023-05-10 00:00:00+00:00,10.375,11.2,10.2,10.983,3105538.77
2023-05-11 00:00:00+00:00,10.985,11.079,10.511,11.026,2367306.81
2023-05-12 00:00:00+00:00,11.024,11.278,10.729,11.152,2730596.5
2023-05-13 00:00:00+00:00,11.151,11.172,10.811,10.883,1451623.75
2023-05-14 00:00:00+00:00,10.882,11.104,10.804,10.918,1695546.34
2023-05-15 00:00:00+00:00,10.918,11.104,10.725,10.798,1248831.16
2023-05-16 00:00:00+00:00,10.795,11.191,10.684,10.888,1084260.79
2023-05-17 00:00:00+00:00,10.887,11.079,10.72,10.937,1151106.2
2023-05-18 00:00:00+00:00,10.938,11.004,10.493,10.736,1584901.8
2023-05-19 00:00:00+00:00,10.738,10.746,10.408,10.614,1406031.03
2023-05-20 00:00:00+00:00,10.614,10.642,10.519,10.61,580547.14
2023-05-21 00:00:00+00:00,10.612,10.619,10.403,10.474,593938.69
2023-05-22 00:00:00+00:00,10.47,10.584,10.325,10.488,612776.11
2023-05-23 00:00:00+00:00,10.488,10.623,10.445,10.527,832620.67
2023-05-24 00:00:00+00:00,10.527,10.535,10.2,10.413,1037466.9
2023-05-25 00:00:00+00:00,10.413,10.557,10.223,10.476,935809.88
2023-05-26 00:00:00+00:00,10.476,10.61,10.418,10.53,739144.56
2023-05-27 00:00:00+00:00,10.53,10.598,10.455,10.544,536939.6
2023-05-28 00:00:00+00:00,10.544,10.953,10.508,10.932,993471.22
2023-05-29 00:00:00+00:00,10.936,10.969,10.702,10.751,732320.67
2023-05-30 00:00:00+00:00,10.75,10.9,10.726,10.837,678313.19
2023-05-31 00:00:00+00:00,10.832,10.883,10.418,10.458,959597.23
2023-06-01 00:00:00+00:00,10.458,10.491,10.197,10.33,1076434.71
2023-06-02 00:00:00+00:00,10.329,10.669,10.252,10.653,799611.13
2023-06-03 00:00:00+00:00,10.656,10.77,10.544,10.7,474508.87
2023-06-04 00:00:00+00:00,10.699,10.849,10.656,10.75,575227.56
2023-06-05 00:00:00+00:00,10.749,10.815,9.865,10.005,1969299.76
2023-06-06 00:00:00+00:00,10.006,10.284,9.803,10.148,1069914.36
2023-06-07 00:00:00+00:00,10.147,10.172,9.339,9.434,1244910.36
2023-06-08 00:00:00+00:00,9.436,9.629,9.331,9.437,912479.66
2023-06-09 00:00:00+00:00,9.438,9.472,9.147,9.174,1223755.94
2023-06-10 00:00:00+00:00,9.176,9.18,7.01,8.237,4232118.58
2023-06-11 00:00:00+00:00,8.237,8.508,8.116,8.444,1254000.84
2023-06-12 00:00:00+00:00,8.443,8.843,8.255,8.738,1414412.6
2023-06-13 00:00:00+00:00,8.74,8.951,8.542,8.649,1106953.62
2023-06-14 00:00:00+00:00,8.65,8.845,8.375,8.502,1198259.74
2023-06-15 00:00:00+00:00,8.503,8.771,8.411,8.665,1519554.44
2023-06-16 00:00:00+00:00,8.665,8.94,8.557,8.764,978598.65
2023-06-17 00:00:00+00:00,8.763,8.982,8.689,8.903,645610.56
2023-06-18 00:00:00+00:00,8.902,8.934,8.477,8.568,897485.09
2023-06-19 00:00:00+00:00,8.565,8.636,8.34,8.599,879121.04
2023-06-20 00:00:00+00:00,8.604,8.794,8.263,8.77,1353659.52
2023-06-21 00:00:00+00:00,8.771,9.127,8.746,9.038,1678420.46
2023-06-22 00:00:00+00:00,9.038,9.415,8.985,9.002,1394446.55
2023-06-23 00:00:00+00:00,9.002,9.428,8.989,9.31,1035964.33
2023-06-24 00:00:00+00:00,9.313,9.484,9.092,9.385,922825.88
2023-06-25 00:00:00+00:00,9.386,9.744,9.354,9.452,1001075.3
2023-06-26 00:00:00+00:00,9.452,9.524,9.098,9.185,999578.12
2023-06-27 00:00:00+00:00,9.184,9.447,9.165,9.428,926043.43
2023-06-28 00:00:00+00:00,9.427,9.439,8.95,9.126,1177991.02
2023-06-29 00:00:00+00:00,9.126,9.7,8.974,8.976,1236995.08
2023-06-30 00:00:00+00:00,8.977,9.436,8.741,9.289,2175272.65
2023-07-01 00:00:00+00:00,9.289,9.579,9.155,9.559,1255616.32
2023-07-02 00:00:00+00:00,9.559,9.6,9.335,9.599,930966.7
2023-07-03 00:00:00+00:00,9.599,10.102,9.564,9.942,1416709.12
2023-07-04 00:00:00+00:00,9.944,9.963,9.622,9.684,1085032.4
2023-07-05 00:00:00+00:00,9.685,9.878,9.255,9.396,1523001.39
2023-07-06 00:00:00+00:00,9.395,9.65,9.1,9.181,1330064.53
2023-07-07 00:00:00+00:00,9.175,9.376,9.1,9.169,811383.42
2023-07-08 00:00:00+00:00,9.168,9.305,9.087,9.208,638938.47
2023-07-09 00:00:00+00:00,9.207,9.612,9.186,9.426,885765.93
2023-07-10 00:00:00+00:00,9.427,9.437,9.175,9.242,1232530.99
2023-07-11 00:00:00+00:00,9.241,9.363,9.153,9.198,783490.58
2023-07-12 00:00:00+00:00,9.197,9.291,8.965,9.069,902211.22
2023-07-13 00:00:00+00:00,9.069,9.905,8.938,9.889,2451711.48
2023-07-14 00:00:00+00:00,9.889,10.291,9.427,9.787,2988277.88
2023-07-15 00:00:00+00:00,9.787,9.985,9.634,9.712,979835.37
2023-07-16 00:00:00+00:00,9.711,9.73,9.333,9.395,1041811.87
2023-07-17 00:00:00+00:00,9.395,9.607,9.164,9.431,1406646.27
2023-07-18 00:00:00+00:00,9.43,9.517,9.1,9.288,1028638.18
2023-07-19 00:00:00+00:00,9.285,9.415,9.122,9.184,1116609.81
2023-07-20 00:00:00+00:00,9.183,9.596,9.148,9.372,1497817.22
2023-07-21 00:00:00+00:00,9.372,9.538,9.295,9.426,1007217.48
2023-07-22 00:00:00+00:00,9.422,9.57,9.183,9.265,1038985.77
2023-07-23 00:00:00+00:00,9.266,9.365,9.222,9.278,590016.24
2023-07-24 00:00:00+00:00,9.277,9.295,8.844,9.005,1227388.55
2023-07-25 00:00:00+00:00,9.005,9.065,8.921,8.955,794756.22
2023-07-26 00:00:00+00:00,8.955,9.039,8.777,8.988,1101466.95
2023-07-27 00:00:00+00:00,8.984,9.105,8.854,8.914,672056.85
2023-07-28 00:00:00+00:00,8.911,9.069,8.855,9.024,587440.04
2023-07-29 00:00:00+00:00,9.028,9.092,8.983,9.077,404708.41
2023-07-30 00:00:00+00:00,9.076,9.097,8.844,9.008,654452.82
2023-07-31 00:00:00+00:00,9.007,9.116,8.754,8.862,856518.94
2023-08-01 00:00:00+00:00,8.864,8.99,8.59,8.98,1070119.06
2023-08-02 00:00:00+00:00,8.981,9.025,8.682,8.717,897845.49
2023-08-03 00:00:00+00:00,8.714,8.781,8.585,8.616,737076.59
2023-08-04 00:00:00+00:00,8.616,8.682,8.371,8.479,854731.43
2023-08-05 00:00:00+00:00,8.479,8.541,8.368,8.507,665698.51
2023-08-06 00:00:00+00:00,8.508,8.584,8.449,8.486,553919.77
2023-08-07 00:00:00+00:00,8.49,8.592,8.265,8.499,1095875.76
2023-08-08 00:00:00+00:00,8.501,8.667,8.448,8.521,978778.97
2023-08-09 00:00:00+00:00,8.522,8.678,8.433,8.545,738045.65
2023-08-10 00:00:00+00:00,8.546,8.569,8.403,8.416,689840.04
2023-08-11 00:00:00+00:00,8.419,8.465,8.31,8.349,752563.35
2023-08-12 00:00:00+00:00,8.348,8.44,8.337,8.421,678137.27
2023-08-13 00:00:00+00:00,8.42,8.508,8.347,8.375,592151.89
2023-08-14 00:00:00+00:00,8.375,8.575,8.326,8.516,699463.57
2023-08-15 00:00:00+00:00,8.516,8.556,7.818,8.109,1396214.64
2023-08-16 00:00:00+00:00,8.105,8.129,7.591,7.802,1397206.84
2023-08-17 00:00:00+00:00,7.802,8.25,7.121,7.387,6336247.47
2023-08-18 00:00:00+00:00,7.387,7.696,7.361,7.571,2592940.39
2023-08-19 00:00:00+00:00,7.573,7.737,7.503,7.703,812234.9
2023-08-20 00:00:00+00:00,7.704,7.903,7.689,7.866,865738.76
2023-08-21 00:00:00+00:00,7.865,7.892,7.407,7.546,1071781.92
2023-08-22 00:00:00+00:00,7.544,7.558,7.105,7.401,1420968.55
2023-08-23 00:00:00+00:00,7.403,7.529,7.309,7.429,1026253.75
2023-08-24 00:00:00+00:00,7.429,7.454,7.093,7.206,1254195.03
2023-08-25 00:00:00+00:00,7.207,7.273,7.031,7.246,1116174.31
2023-08-26 00:00:00+00:00,7.246,7.262,7.135,7.154,1199365.33
2023-08-27 00:00:00+00:00,7.153,7.211,7.095,7.18,536603.15
2023-08-28 00:00:00+00:00,7.181,7.282,7.051,7.267,860797.77
2023-08-29 00:00:00+00:00,7.268,7.519,7.113,7.443,1513116.42
2023-08-30 00:00:00+00:00,7.443,7.458,7.172,7.221,1016397.84
2023-08-31 00:00:00+00:00,7.222,7.268,6.8,6.924,1622862.21
2023-09-01 00:00:00+00:00,6.924,6.978,6.641,6.665,1341722.73
2023-09-02 00:00:00+00:00,6.663,6.833,6.629,6.825,792791.27
2023-09-03 00:00:00+00:00,6.828,6.881,6.758,6.805,678322.37
2023-09-04 00:00:00+00:00,6.804,6.922,6.669,6.723,1279860.09
2023-09-05 00:00:00+00:00,6.721,6.856,6.664,6.813,998006.81
2023-09-06 00:00:00+00:00,6.815,6.927,6.701,6.895,889485.91
2023-09-07 00:00:00+00:00,6.894,6.991,6.808,6.948,796780.92
2023-09-08 00:00:00+00:00,6.95,7.0,6.771,6.837,778978.15
2023-09-09 00:00:00+00:00,6.836,6.929,6.807,6.851,677434.15
2023-09-10 00:00:00+00:00,6.851,6.853,6.501,6.66,1163809.01
2023-09-11 00:00:00+00:00,6.66,6.686,6.287,6.375,2411023.1
2023-09-12 00:00:00+00:00,6.374,6.565,6.335,6.38,1336356.14
2023-09-13 00:00:00+00:00,6.38,6.662,6.36,6.539,1171388.24
2023-09-14 00:00:00+00:00,6.539,6.92,6.5,6.834,1504448.04
2023-09-15 00:00:00+00:00,6.835,7.052,6.757,6.933,1333196.08
2023-09-16 00:00:00+00:00,6.933,7.172,6.933,7.144,936919.09
2023-09-17 00:00:00+00:00,7.145,7.171,6.9,6.943,1173770.19
2023-09-18 00:00:00+00:00,6.943,7.5,6.84,7.384,1949357.96
2023-09-19 00:00:00+00:00,7.379,7.587,7.197,7.503,1494600.73
2023-09-20 00:00:00+00:00,7.503,7.514,7.171,7.292,1106490.5
2023-09-21 00:00:00+00:00,7.294,7.512,7.127,7.148,1777543.68
2023-09-22 00:00:00+00:00,7.148,7.237,7.033,7.131,931375.02
2023-09-23 00:00:00+00:00,7.132,7.25,7.05,7.085,849828.57
2023-09-24 00:00:00+00:00,7.085,7.148,6.959,6.98,589450.8
2023-09-25 00:00:00+00:00,6.981,7.08,6.9,7.039,1127854.82
2023-09-26 00:00:00+00:00,7.04,7.093,6.866,6.958,945195.13
2023-09-27 00:00:00+00:00,6.958,7.135,6.893,6.97,1004230.08
2023-09-28 00:00:00+00:00,6.971,7.198,6.934,7.106,1062320.43
2023-09-29 00:00:00+00:00,7.107,7.196,7.072,7.102,716936.11
2023-09-30 00:00:00+00:00,7.101,7.3,7.089,7.235,685659.23
2023-10-01 00:00:00+00:00,7.237,7.666,7.176,7.565,1366624.64
2023-10-02 00:00:00+00:00,7.566,7.588,7.088,7.144,1423670.07
2023-10-03 00:00:00+00:00,7.144,7.28,7.031,7.063,970450.83
2023-10-04 00:00:00+00:00,7.062,7.067,6.852,6.963,1121746.32
2023-10-05 00:00:00+00:00,6.963,6.996,6.769,6.83,916538.07
2023-10-06 00:00:00+00:00,6.832,6.975,6.808,6.909,686839.59
2023-10-07 00:00:00+00:00,6.91,6.995,6.867,6.963,601673.72
2023-10-08 00:00:00+00:00,6.963,7.0,6.849,6.942,618332.13
2023-10-09 00:00:00+00:00,6.944,6.96,6.575,6.832,1271434.54
2023-10-10 00:00:00+00:00,6.832,7.37,6.594,6.68,5459671.4
2023-10-11 00:00:00+00:00,6.679,6.754,6.479,6.706,1463591.68
2023-10-12 00:00:00+00:00,6.704,6.733,6.373,6.584,1700233.87
2023-10-13 00:00:00+00:00,6.585,6.65,6.501,6.565,975899.9
2023-10-14 00:00:00+00:00,6.565,6.661,6.559,6.581,463422.86
2023-10-15 00:00:00+00:00,6.581,6.69,6.523,6.6,1000933.93
2023-10-16 00:00:00+00:00,6.601,6.805,6.558,6.627,1773544.72
2023-10-17 00:00:00+00:00,6.628,6.632,6.377,6.443,1058891.37
2023-10-18 00:00:00+00:00,6.444,6.484,6.287,6.292,1143198.31
2023-10-19 00:00:00+00:00,6.293,6.293,6.158,6.263,1409092.49
2023-10-20 00:00:00+00:00,6.263,6.484,6.247,6.407,1421213.89
2023-10-21 00:00:00+00:00,6.407,6.699,6.361,6.629,1520330.15
2023-10-22 00:00:00+00:00,6.629,6.762,6.503,6.755,1437084.46
2023-10-23 00:00:00+00:00,6.754,7.062,6.614,7.032,2972510.41
2023-10-24 00:00:00+00:00,7.033,7.313,6.72,7.002,4853520.59
2023-10-25 00:00:00+00:00,7.002,7.223,6.86,7.116,2408114.3
2023-10-26 00:00:00+00:00,7.118,7.379,6.902,7.168,2979952.04
2023-10-27 00:00:00+00:00,7.17,7.179,6.9,7.027,1484717.96
2023-10-28 00:00:00+00:00,7.026,7.222,7.019,7.183,1030981.31
2023-10-29 00:00:00+00:00,7.181,7.39,7.04,7.314,1287829.94
2023-10-30 00:00:00+00:00,7.313,8.145,7.199,8.105,4190291.27
2023-10-31 00:00:00+00:00,8.102,8.249,7.651,7.929,5836059.21
2023-11-01 00:00:00+00:00,7.927,8.031,7.538,7.886,4644560.82
2023-11-02 00:00:00+00:00,7.887,8.098,7.527,7.833,4618140.27
2023-11-03 00:00:00+00:00,7.833,7.834,7.514,7.754,3314326.61
2023-11-04 00:00:00+00:00,7.754,8.228,7.704,8.093,3694014.76
2023-11-05 00:00:00+00:00,8.092,8.55,8.046,8.358,4592113.06
2023-11-06 00:00:00+00:00,8.358,8.762,8.305,8.738,3411600.26
2023-11-07 00:00:00+00:00,8.734,8.742,8.153,8.463,3167265.87
2023-11-08 00:00:00+00:00,8.464,8.756,8.367,8.65,2454465.66
2023-11-09 00:00:00+00:00,8.65,9.066,8.13,9.023,5736471.69
2023-11-10 00:00:00+00:00,9.026,9.544,8.934,9.178,5665848.6
2023-11-11 00:00:00+00:00,9.178,9.449,8.859,9.239,3034301.61
2023-11-12 00:00:00+00:00,9.241,9.7,8.872,9.527,3560214.76
2023-11-13 00:00:00+00:00,9.528,10.579,9.169,9.173,7317236.91
2023-11-14 00:00:00+00:00,9.175,9.41,8.62,9.118,6023952.47
2023-11-15 00:00:00+00:00,9.116,9.793,8.951,9.646,5049213.8
2023-11-16 00:00:00+00:00,9.646,10.195,9.424,9.594,5713053.52
2023-11-17 00:00:00+00:00,9.594,10.223,9.038,9.39,4041826.86
2023-11-18 00:00:00+00:00,9.389,9.42,8.865,9.231,3547210.02
2023-11-19 00:00:00+00:00,9.23,9.396,8.966,9.365,2344474.39
2023-11-20 00:00:00+00:00,9.366,9.547,8.877,8.966,3400076.82
2023-11-21 00:00:00+00:00,8.966,9.078,8.188,8.203,4425541.53
2023-11-22 00:00:00+00:00,8.199,8.924,8.179,8.806,2922591.38
2023-11-23 00:00:00+00:00,8.805,9.077,8.657,8.744,1888757.11
2023-11-24 00:00:00+00:00,8.752,9.089,8.712,8.908,2643683.77
2023-11-25 00:00:00+00:00,8.908,9.675,8.841,9.491,2648668.07
2023-11-26 00:00:00+00:00,9.491,10.013,9.267,9.912,6272048.44
2023-11-27 00:00:00+00:00,9.912,9.951,8.96,9.307,3895989.42
2023-11-28 00:00:00+00:00,9.307,9.361,8.786,9.256,3333002.78
2023-11-29 00:00:00+00:00,9.254,9.326,9.01,9.222,2472582.04
2023-11-30 00:00:00+00:00,9.225,9.5,9.123,9.249,2456821.19
2023-12-01 00:00:00+00:00,9.249,9.472,9.179,9.466,1851704.83
2023-12-02 00:00:00+00:00,9.466,9.702,9.394,9.635,1949092.36
2023-12-03 00:00:00+00:00,9.635,9.656,9.35,9.539,1811334.41
2023-12-04 00:00:00+00:00,9.541,9.876,9.205,9.777,5677618.72
2023-12-05 00:00:00+00:00,9.777,9.933,9.482,9.891,3816600.51
2023-12-06 00:00:00+00:00,9.891,10.29,9.7,9.745,6076391.93
2023-12-07 00:00:00+00:00,9.745,10.032,9.547,9.902,3873663.22
2023-12-08 00:00:00+00:00,9.901,10.685,9.828,10.406,4826866.69
2023-12-09 00:00:00+00:00,10.41,11.358,10.38,10.468,6755392.31
2023-12-10 00:00:00+00:00,10.469,10.7,10.103,10.694,2858327.15
2023-12-11 00:00:00+00:00,10.691,10.705,9.45,9.86,5747794.74
2023-12-12 00:00:00+00:00,9.861,12.412,9.823,11.744,13344301.03
2023-12-13 00:00:00+00:00,11.742,11.927,10.737,11.657,9214603.53
2023-12-14 00:00:00+00:00,11.66,11.932,11.013,11.534,6058054.56
2023-12-15 00:00:00+00:00,11.535,11.548,10.827,10.884,4172905.39
2023-12-16 00:00:00+00:00,10.883,12.1,10.691,12.05,4888833.6
2023-12-17 00:00:00+00:00,12.045,12.08,11.065,11.104,4560084.23
2023-12-18 00:00:00+00:00,11.104,11.153,10.2,10.902,4674443.36
2023-12-19 00:00:00+00:00,10.902,11.029,10.286,10.421,3602473.22
2023-12-20 00:00:00+00:00,10.421,10.9,10.234,10.663,4637987.25
2023-12-21 00:00:00+00:00,10.662,11.702,10.485,11.402,6570770.65
2023-12-22 00:00:00+00:00,11.401,11.75,10.968,11.399,5268763.21
2023-12-23 00:00:00+00:00,11.399,11.419,11.043,11.33,3271338.98
2023-12-24 00:00:00+00:00,11.33,11.75,11.054,11.233,5377444.69
2023-12-25 00:00:00+00:00,11.229,12.056,11.001,11.894,4906600.46
2023-12-26 00:00:00+00:00,11.894,12.6,11.069,11.637,9068321.44
2023-12-27 00:00:00+00:00,11.637,12.1,11.153,11.96,3901854.62
2023-12-28 00:00:00+00:00,11.962,12.219,11.293,11.4,4411529.23
2023-12-29 00:00:00+00:00,11.396,11.54,10.701,10.986,4119385.67
2023-12-30 00:00:00+00:00,10.986,11.032,10.568,10.75,2755027.24
2023-12-31 00:00:00+00:00,10.75,10.99,10.33,10.6,2683841.16
2024-01-01 00:00:00+00:00,10.6,11.204,10.452,11.201,2227784.22
2024-01-02 00:00:00+00:00,11.201,11.422,10.926,10.963,3090508.99
2024-01-03 00:00:00+00:00,10.96,11.382,9.123,9.922,7009719.63
2024-01-04 00:00:00+00:00,9.922,10.357,9.738,10.268,4863069.88
2024-01-05 00:00:00+00:00,10.268,10.8,9.737,10.328,6714398.32
2024-01-06 00:00:00+00:00,10.324,10.41,9.519,9.829,4294855.09
2024-01-07 00:00:00+00:00,9.827,9.914,9.31,9.41,3089679.48
2024-01-08 00:00:00+00:00,9.41,9.987,8.88,9.95,4015397.82
2024-01-09 00:00:00+00:00,9.948,10.07,9.37,9.666,4760005.68
2024-01-10 00:00:00+00:00,9.665,10.644,9.341,10.385,4032696.59
2024-01-11 00:00:00+00:00,10.39,10.899,10.207,10.655,4556173.34
2024-01-12 00:00:00+00:00,10.655,10.947,9.605,9.965,5147343.63
2024-01-13 00:00:00+00:00,9.964,10.344,9.654,10.208,2313015.11
2024-01-14 00:00:00+00:00,10.207,10.57,9.957,9.994,2996046.1
2024-01-15 00:00:00+00:00,9.998,10.407,9.967,10.183,3120614.92
2024-01-16 00:00:00+00:00,10.184,10.591,10.056,10.288,2897613.39
2024-01-17 00:00:00+00:00,10.287,10.35,10.032,10.153,2160975.84
2024-01-18 00:00:00+00:00,10.154,10.263,9.542,9.7,2640214.97
2024-01-19 00:00:00+00:00,9.7,9.893,9.27,9.71,2994846.61
2024-01-20 00:00:00+00:00,9.711,9.852,9.592,9.845,1096706.67
2024-01-21 00:00:00+00:00,9.843,9.944,9.624,9.651,1282178.34
2024-01-22 00:00:00+00:00,9.649,9.683,9.042,9.18,2886509.38
2024-01-23 00:00:00+00:00,9.178,9.34,8.7,9.23,2891628.93
2024-01-24 00:00:00+00:00,9.226,9.372,9.141,9.344,1363197.3
2024-01-25 00:00:00+00:00,9.344,9.36,9.051,9.234,1372898.68
2024-01-26 00:00:00+00:00,9.234,9.75,9.164,9.63,1367523.54
2024-01-27 00:00:00+00:00,9.63,9.733,9.433,9.671,1204603.16
2024-01-28 00:00:00+00:00,9.672,9.77,9.346,9.429,1658925.92
2024-01-29 00:00:00+00:00,9.431,9.695,9.382,9.664,1568666.83
2024-01-30 00:00:00+00:00,9.665,9.728,9.31,9.408,1806814.14
2024-01-31 00:00:00+00:00,9.41,9.449,9.013,9.108,2775564.58
2024-02-01 00:00:00+00:00,9.108,9.245,8.963,9.136,1770713.9
2024-02-02 00:00:00+00:00,9.137,9.284,9.09,9.167,1386186.96
2024-02-03 00:00:00+00:00,9.168,9.217,9.043,9.048,857448.01
2024-02-04 00:00:00+00:00,9.049,9.11,8.937,8.966,857646.42
2024-02-05 00:00:00+00:00,8.963,9.18,8.843,9.058,1228189.89
2024-02-06 00:00:00+00:00,9.061,9.234,9.036,9.13,1514585.93
2024-02-07 00:00:00+00:00,9.13,9.668,9.12,9.597,2311057.11
2024-02-08 00:00:00+00:00,9.597,9.739,9.44,9.641,2163362.38
2024-02-09 00:00:00+00:00,9.642,10.199,9.612,10.02,3095124.02
2024-02-10 00:00:00+00:00,10.021,10.094,9.904,9.971,1453812.45
2024-02-11 00:00:00+00:00,9.97,10.266,9.633,9.74,4018120.61
2024-02-12 00:00:00+00:00,9.74,10.03,9.501,9.911,3486068.51
2024-02-13 00:00:00+00:00,9.911,10.382,9.868,10.293,4752142.61
2024-02-14 00:00:00+00:00,10.295,10.427,10.059,10.244,3391888.05
2024-02-15 00:00:00+00:00,10.243,10.453,10.083,10.329,3572996.19
2024-02-16 00:00:00+00:00,10.33,10.477,9.991,10.235,2559775.31
2024-02-17 00:00:00+00:00,10.237,10.331,9.876,10.275,2044705.3
2024-02-18 00:00:00+00:00,10.275,10.644,10.197,10.594,2293061.53
2024-02-19 00:00:00+00:00,10.593,10.788,10.478,10.729,2702153.97
2024-02-20 00:00:00+00:00,10.729,10.752,10.0,10.369,3453939.8
2024-02-21 00:00:00+00:00,10.368,10.369,9.734,9.983,3081154.47
2024-02-22 00:00:00+00:00,9.984,10.047,9.708,9.786,2790382.09
2024-02-23 00:00:00+00:00,9.787,10.059,9.676,9.957,3076138.99
2024-02-24 00:00:00+00:00,9.959,10.579,9.764,10.418,3423655.76
2024-02-25 00:00:00+00:00,10.418,10.451,10.213,10.375,1578418.21
2024-02-26 00:00:00+00:00,10.376,11.171,10.263,11.138,4507482.24
2024-02-27 00:00:00+00:00,11.135,11.493,10.832,11.21,5357462.53
2024-02-28 00:00:00+00:00,11.212,11.718,10.66,11.397,5745137.63
2024-02-29 00:00:00+00:00,11.397,12.233,11.001,11.282,6004179.92
2024-03-01 00:00:00+00:00,11.278,11.649,11.204,11.641,3413532.85
2024-03-02 00:00:00+00:00,11.642,12.2,11.594,12.199,4086507.42
2024-03-03 00:00:00+00:00,12.199,12.28,11.2,12.152,3862964.14
2024-03-04 00:00:00+00:00,12.157,12.847,12.071,12.48,6282955.27
2024-03-05 00:00:00+00:00,12.481,12.885,10.718,12.0,10239003.83
2024-03-06 00:00:00+00:00,12.0,14.301,11.531,14.222,7732011.16
2024-03-07 00:00:00+00:00,14.221,14.585,13.533,13.893,5819880.7
2024-03-08 00:00:00+00:00,13.898,14.001,12.906,13.408,4512796.02
2024-03-09 00:00:00+00:00,13.408,13.899,13.299,13.347,3803136.9
2024-03-10 00:00:00+00:00,13.347,13.552,12.865,13.171,4034257.57
2024-03-11 00:00:00+00:00,13.169,13.865,12.612,13.705,5781455.71
2024-03-12 00:00:00+00:00,13.707,13.829,12.65,13.41,5491243.58
2024-03-13 00:00:00+00:00,13.41,14.135,13.259,14.114,4383579.57
2024-03-14 00:00:00+00:00,14.113,14.274,12.91,13.68,7020397.9
2024-03-15 00:00:00+00:00,13.68,13.845,11.81,12.634,7474377.89
2024-03-16 00:00:00+00:00,12.634,12.9,11.602,11.931,5520599.22
2024-03-17 00:00:00+00:00,11.93,12.393,11.487,12.276,3710951.48
2024-03-18 00:00:00+00:00,12.266,12.44,11.537,11.723,3703431.22
2024-03-19 00:00:00+00:00,11.723,11.834,10.63,10.892,6827540.33
2024-03-20 00:00:00+00:00,10.892,11.786,10.691,11.755,4950241.56
2024-03-21 00:00:00+00:00,11.757,11.98,11.514,11.635,2922343.76
2024-03-22 00:00:00+00:00,11.634,11.838,11.096,11.416,2943359.71
2024-03-23 00:00:00+00:00,11.416,11.639,11.236,11.339,1526883.75
2024-03-24 00:00:00+00:00,11.337,11.678,11.275,11.611,1332136.1
2024-03-25 00:00:00+00:00,11.612,12.291,11.537,12.182,2596388.72
2024-03-26 00:00:00+00:00,12.184,12.377,11.927,12.215,2670963.65
2024-03-27 00:00:00+00:00,12.215,13.04,11.826,12.629,6495547.33
2024-03-28 00:00:00+00:00,12.63,12.662,12.16,12.295,3201435.97
2024-03-29 00:00:00+00:00,12.295,12.624,12.048,12.518,3177814.36
2024-03-30 00:00:00+00:00,12.518,12.846,12.22,12.257,2489403.72
2024-03-31 00:00:00+00:00,12.257,12.401,12.144,12.293,1542263.18
2024-04-01 00:00:00+00:00,12.293,12.39,11.382,11.63,3805052.82
2024-04-02 00:00:00+00:00,11.63,11.639,10.819,10.967,3843021.89
2024-04-03 00:00:00+00:00,10.968,11.236,10.647,10.825,2920598.72
2024-04-04 00:00:00+00:00,10.826,11.301,10.661,11.012,2622584.9
2024-04-05 00:00:00+00:00,11.013,11.058,10.634,10.893,2177322.47
2024-04-06 00:00:00+00:00,10.893,11.181,10.842,11.099,1001203.11
2024-04-07 00:00:00+00:00,11.099,11.234,10.933,11.081,1490999.54
2024-04-08 00:00:00+00:00,11.08,11.417,10.918,11.305,2666118.35
2024-04-09 00:00:00+00:00,11.304,11.324,10.769,10.837,2684683.93
2024-04-10 00:00:00+00:00,10.835,10.888,10.332,10.814,2947076.02
2024-04-11 00:00:00+00:00,10.814,10.947,10.583,10.758,1830743.51
2024-04-12 00:00:00+00:00,10.757,10.901,8.77,9.371,6162510.94
2024-04-13 00:00:00+00:00,9.371,9.375,7.243,8.07,11531760.29
2024-04-14 00:00:00+00:00,8.069,8.535,7.766,8.336,6352957.94
2024-04-15 00:00:00+00:00,8.336,8.735,7.86,8.136,5610585.51
2024-04-16 00:00:00+00:00,8.139,8.248,7.778,8.166,3626766.78
2024-04-17 00:00:00+00:00,8.166,8.284,7.784,8.041,2516746.19
2024-04-18 00:00:00+00:00,8.041,8.325,7.881,8.198,2403610.91
2024-04-19 00:00:00+00:00,8.198,8.382,7.608,8.15,3300468.04
2024-04-20 00:00:00+00:00,8.149,8.696,8.099,8.678,1416798.6
2024-04-21 00:00:00+00:00,8.677,8.823,8.489,8.756,1576144.22
2024-04-22 00:00:00+00:00,8.753,9.023,8.666,8.916,2845350.87
2024-04-23 00:00:00+00:00,8.918,9.243,8.663,8.7,4511757.84
2024-04-24 00:00:00+00:00,8.7,8.884,8.32,8.404,2809699.41
2024-04-25 00:00:00+00:00,8.407,8.503,8.208,8.321,1803804.2
2024-04-26 00:00:00+00:00,8.321,8.4,8.128,8.301,1512115.22
2024-04-27 00:00:00+00:00,8.303,8.478,8.0,8.397,1582145.86
2024-04-28 00:00:00+00:00,8.397,8.524,8.162,8.2,967511.23
2024-04-29 00:00:00+00:00,8.202,8.26,7.928,8.151,1604304.25
2024-04-30 00:00:00+00:00,8.151,8.589,7.636,8.443,3834613.12
2024-05-01 00:00:00+00:00,8.442,8.805,8.021,8.745,7381291.74
2024-05-02 00:00:00+00:00,8.742,9.1,8.553,8.647,3350261.26
2024-05-03 00:00:00+00:00,8.645,8.914,8.536,8.765,1583013.12
2024-05-04 00:00:00+00:00,8.764,8.837,8.65,8.693,1074742.24
2024-05-05 00:00:00+00:00,8.693,9.405,8.617,9.335,2010054.43
2024-05-06 00:00:00+00:00,9.334,9.507,9.179,9.209,2563216.84
2024-05-07 00:00:00+00:00,9.206,9.392,8.899,8.94,2173277.3
2024-05-08 00:00:00+00:00,8.938,9.342,8.849,9.086,2538388.86
2024-05-09 00:00:00+00:00,9.085,9.302,8.875,9.123,1880860.62
2024-05-10 00:00:00+00:00,9.123,9.171,8.615,8.641,1510834.47
2024-05-11 00:00:00+00:00,8.641,8.76,8.491,8.503,899468.89
2024-05-12 00:00:00+00:00,8.505,8.667,8.46,8.476,599377.73
2024-05-13 00:00:00+00:00,8.479,8.681,8.262,8.4,1289015.5
2024-05-14 00:00:00+00:00,8.4,8.448,8.115,8.134,1403381.3
2024-05-15 00:00:00+00:00,8.135,8.53,7.987,8.434,2275979.4
2024-05-16 00:00:00+00:00,8.434,8.544,8.264,8.533,2000933.49
2024-05-17 00:00:00+00:00,8.534,8.8,8.452,8.655,2000540.11
2024-05-18 00:00:00+00:00,8.656,8.737,8.546,8.603,1176198.4
2024-05-19 00:00:00+00:00,8.605,8.606,8.158,8.206,1062725.84
2024-05-20 00:00:00+00:00,8.205,8.962,8.107,8.92,2924601.35
2024-05-21 00:00:00+00:00,8.919,9.041,8.7,8.785,2822350.74
2024-05-22 00:00:00+00:00,8.785,8.83,8.452,8.561,2279363.12
2024-05-23 00:00:00+00:00,8.561,8.641,8.011,8.361,3224518.75
2024-05-24 00:00:00+00:00,8.358,8.492,8.196,8.46,1268435.2
2024-05-25 00:00:00+00:00,8.461,8.543,8.418,8.491,755991.09
2024-05-26 00:00:00+00:00,8.493,8.511,8.278,8.404,1027230.76
2024-05-27 00:00:00+00:00,8.404,8.734,8.39,8.695,1421907.77
2024-05-28 00:00:00+00:00,8.697,8.838,8.459,8.722,2164630.22
2024-05-29 00:00:00+00:00,8.722,8.911,8.619,8.637,2387217.26
2024-05-30 00:00:00+00:00,8.637,8.726,8.394,8.54,1531035.37
2024-05-31 00:00:00+00:00,8.541,8.542,8.242,8.3,1116070.05
2024-06-01 00:00:00+00:00,8.299,8.379,8.256,8.326,637535.43
2024-06-02 00:00:00+00:00,8.324,8.4,8.171,8.292,942557.45
2024-06-03 00:00:00+00:00,8.295,8.498,8.242,8.339,1190069.19
2024-06-04 00:00:00+00:00,8.34,8.545,8.288,8.538,1120073.92
2024-06-05 00:00:00+00:00,8.539,8.738,8.494,8.692,1230124.64
2024-06-06 00:00:00+00:00,8.693,8.809,8.569,8.617,1514247.32
2024-06-07 00:00:00+00:00,8.617,8.708,7.5,8.102,3609416.11
2024-06-08 00:00:00+00:00,8.102,8.123,7.716,7.757,1887973.15
2024-06-09 00:00:00+00:00,7.757,8.35,7.726,7.88,1419071.35
2024-06-10 00:00:00+00:00,7.88,7.928,7.716,7.855,1417401.44
2024-06-11 00:00:00+00:00,7.855,7.864,7.373,7.517,2381580.34
2024-06-12 00:00:00+00:00,7.517,7.892,7.405,7.775,1682582.18
2024-06-13 00:00:00+00:00,7.775,7.799,7.345,7.441,1759285.69
2024-06-14 00:00:00+00:00,7.442,7.505,6.951,7.115,2287337.87
2024-06-15 00:00:00+00:00,7.113,7.215,7.091,7.142,812946.35
2024-06-16 00:00:00+00:00,7.144,7.252,7.049,7.222,600233.45
2024-06-17 00:00:00+00:00,7.223,7.244,6.75,6.997,2073491.21
2024-06-18 00:00:00+00:00,6.997,7.022,6.202,6.688,4139698.27
2024-06-19 00:00:00+00:00,6.689,6.964,6.639,6.894,1541986.51
2024-06-20 00:00:00+00:00,6.895,7.117,6.817,6.837,1513490.07
2024-06-21 00:00:00+00:00,6.839,6.933,6.755,6.787,1200186.36
2024-06-22 00:00:00+00:00,6.788,6.808,6.715,6.744,630433.8
2024-06-23 00:00:00+00:00,6.744,6.846,6.615,6.695,863945.62
2024-06-24 00:00:00+00:00,6.694,6.863,6.364,6.838,2064243.44
2024-06-25 00:00:00+00:00,6.839,7.046,6.827,6.94,1375420.84
2024-06-26 00:00:00+00:00,6.94,6.982,6.736,6.791,1127984.98
2024-06-27 00:00:00+00:00,6.792,7.112,6.719,6.965,1287082.31
2024-06-28 00:00:00+00:00,6.965,7.025,6.723,6.729,1166253.17
2024-06-29 00:00:00+00:00,6.73,6.891,6.587,6.607,1049464.35
2024-06-30 00:00:00+00:00,6.607,6.749,6.55,6.733,991175.56
2024-07-01 00:00:00+00:00,6.735,6.849,6.69,6.813,933686.21
2024-07-02 00:00:00+00:00,6.813,6.978,6.782,6.813,1399794.38
2024-07-03 00:00:00+00:00,6.814,6.864,6.278,6.382,1926000.48
2024-07-04 00:00:00+00:00,6.382,6.398,5.952,5.99,2422551.18
2024-07-05 00:00:00+00:00,5.992,5.998,5.051,5.704,5484691.6
2024-07-06 00:00:00+00:00,5.704,6.165,5.674,6.073,1494212.55
2024-07-07 00:00:00+00:00,6.073,6.101,5.764,5.795,1180368.65
2024-07-08 00:00:00+00:00,5.796,6.227,5.587,5.826,2398442.64
2024-07-09 00:00:00+00:00,5.826,5.976,5.777,5.936,1510441.45
2024-07-10 00:00:00+00:00,5.938,6.077,5.841,6.038,1003076.84
2024-07-11 00:00:00+00:00,6.037,6.174,5.917,5.937,1126102.44
2024-07-12 00:00:00+00:00,5.938,6.156,5.867,6.153,800904.43
2024-07-13 00:00:00+00:00,6.153,6.27,6.121,6.207,616415.64
2024-07-14 00:00:00+00:00,6.208,6.269,6.096,6.231,779949.39
2024-07-15 00:00:00+00:00,6.229,6.513,6.217,6.501,1369464.39
2024-07-16 00:00:00+00:00,6.503,6.651,6.257,6.612,1902901.11
2024-07-17 00:00:00+00:00,6.612,6.799,6.477,6.483,1345694.08
2024-07-18 00:00:00+00:00,6.486,6.583,6.238,6.31,1135752.44
2024-07-19 00:00:00+00:00,6.31,6.56,6.184,6.501,1419798.27
2024-07-20 00:00:00+00:00,6.5,6.588,6.432,6.52,820488.81
2024-07-21 00:00:00+00:00,6.521,6.551,6.213,6.533,1129463.28
2024-07-22 00:00:00+00:00,6.533,6.581,6.235,6.267,1807429.99
2024-07-23 00:00:00+00:00,6.268,6.329,6.067,6.173,1214087.56
2024-07-24 00:00:00+00:00,6.173,6.302,5.982,6.026,787085.86
2024-07-25 00:00:00+00:00,6.026,6.044,5.696,5.925,1785284.13
2024-07-26 00:00:00+00:00,5.924,6.192,5.911,6.168,1393312.24
2024-07-27 00:00:00+00:00,6.167,6.387,6.13,6.344,1120875.73
2024-07-28 00:00:00+00:00,6.344,6.397,6.182,6.218,762150.51
2024-07-29 00:00:00+00:00,6.219,6.374,6.1,6.108,1418465.7
2024-07-30 00:00:00+00:00,6.108,6.195,5.947,6.003,909849.77
2024-07-31 00:00:00+00:00,6.004,6.083,5.778,5.807,1164931.36
2024-08-01 00:00:00+00:00,5.806,5.871,5.488,5.781,1348651.78
2024-08-02 00:00:00+00:00,5.779,5.809,5.22,5.36,2554562.03
2024-08-03 00:00:00+00:00,5.359,5.417,5.009,5.125,1870693.15
2024-08-04 00:00:00+00:00,5.127,5.215,4.809,5.049,2559737.318
2024-08-05 00:00:00+00:00,5.049,5.1,4.027,4.641,7140755.939
2024-08-06 00:00:00+00:00,4.641,4.972,4.636,4.905,1737287.37
2024-08-07 00:00:00+00:00,4.904,5.053,4.734,4.839,1530076.33
2024-08-08 00:00:00+00:00,4.843,5.178,4.744,5.15,2401038.98
2024-08-09 00:00:00+00:00,5.148,5.149,4.938,5.085,1207400.45
2024-08-10 00:00:00+00:00,5.085,5.25,5.017,5.204,1028013.64
2024-08-11 00:00:00+00:00,5.205,5.243,4.865,4.899,1288379.96
2024-08-12 00:00:00+00:00,4.899,5.198,4.897,5.075,1344214.18
2024-08-13 00:00:00+00:00,5.076,5.084,4.889,5.007,1085943.81
2024-08-14 00:00:00+00:00,5.008,5.011,4.725,4.769,1579892.72
2024-08-15 00:00:00+00:00,4.769,4.81,4.468,4.51,2807918.96
2024-08-16 00:00:00+00:00,4.511,4.61,4.429,4.554,1634017.4
2024-08-17 00:00:00+00:00,4.555,4.67,4.524,4.614,745414.37
2024-08-18 00:00:00+00:00,4.613,4.715,4.558,4.567,1196464.11
2024-08-19 00:00:00+00:00,4.568,4.642,4.507,4.636,1278582.97
2024-08-20 00:00:00+00:00,4.636,4.834,4.624,4.787,1894012.53
2024-08-21 00:00:00+00:00,4.787,4.823,4.615,4.749,1939195.94
2024-08-22 00:00:00+00:00,4.749,4.798,4.649,4.691,2425070.35
2024-08-23 00:00:00+00:00,4.691,5.142,4.69,5.097,3524986.23
2024-08-24 00:00:00+00:00,5.097,5.444,5.075,5.348,3452216.29
2024-08-25 00:00:00+00:00,5.348,5.35,5.002,5.063,6430316.14
2024-08-26 00:00:00+00:00,5.063,5.118,4.872,4.888,2813803.16
2024-08-27 00:00:00+00:00,4.889,5.031,4.5,4.592,4023301.82
2024-08-28 00:00:00+00:00,4.593,4.789,4.447,4.599,3046377.18
2024-08-29 00:00:00+00:00,4.6,4.739,4.517,4.61,1253783.69
2024-08-30 00:00:00+00:00,4.608,4.676,4.446,4.645,1546926.08
2024-08-31 00:00:00+00:00,4.646,4.702,4.508,4.56,802413.89
2024-09-01 00:00:00+00:00,4.561,4.564,4.263,4.3,1349972.65
2024-09-02 00:00:00+00:00,4.299,4.48,4.284,4.437,1500512.01
2024-09-03 00:00:00+00:00,4.437,4.509,4.101,4.109,2313037.6
2024-09-04 00:00:00+00:00,4.109,4.141,3.891,4.071,3932388.9
2024-09-05 00:00:00+00:00,4.072,4.1,3.86,3.908,3849573.59
2024-09-06 00:00:00+00:00,3.908,3.976,3.615,3.716,4208533.96
2024-09-07 00:00:00+00:00,3.716,3.783,3.636,3.671,2663343.79
2024-09-08 00:00:00+00:00,3.671,3.836,3.658,3.808,3171459.45
2024-09-09 00:00:00+00:00,3.808,4.111,3.805,4.091,4029878.7
2024-09-10 00:00:00+00:00,4.092,4.174,4.039,4.132,2540801.43
2024-09-11 00:00:00+00:00,4.132,4.213,4.012,4.16,2783804.18
2024-09-12 00:00:00+00:00,4.16,4.188,4.056,4.145,2010940.16
2024-09-13 00:00:00+00:00,4.146,4.258,4.122,4.208,2659955.4
2024-09-14 00:00:00+00:00,4.208,4.249,4.144,4.241,1282864.39
2024-09-15 00:00:00+00:00,4.242,4.255,4.023,4.06,1427310.52
2024-09-16 00:00:00+00:00,4.06,4.064,3.916,3.97,2041883.33
2024-09-17 00:00:00+00:00,3.971,4.24,3.94,4.191,2284620.97
2024-09-18 00:00:00+00:00,4.192,4.378,4.098,4.376,3445134.81
2024-09-19 00:00:00+00:00,4.375,4.616,4.373,4.507,3203358.3
2024-09-20 00:00:00+00:00,4.507,4.59,4.426,4.527,3328309.46
2024-09-21 00:00:00+00:00,4.527,4.731,4.462,4.722,1731673.54
2024-09-22 00:00:00+00:00,4.721,4.728,4.483,4.593,2211142.45
2024-09-23 00:00:00+00:00,4.593,4.711,4.504,4.581,2679658.49
2024-09-24 00:00:00+00:00,4.581,4.849,4.494,4.817,3014481.27
2024-09-25 00:00:00+00:00,4.817,4.969,4.74,4.78,2634936.6
2024-09-26 00:00:00+00:00,4.781,5.097,4.696,5.007,3644760.91
2024-09-27 00:00:00+00:00,5.007,5.195,5.0,5.14,2700905.47
2024-09-28 00:00:00+00:00,5.141,5.164,4.93,5.016,1499899.56
2024-09-29 00:00:00+00:00,5.016,5.134,4.951,5.026,1847627.98
2024-09-30 00:00:00+00:00,5.027,5.062,4.681,4.726,2832893.48
2024-10-01 00:00:00+00:00,4.727,4.906,4.244,4.441,3880632.5
2024-10-02 00:00:00+00:00,4.439,4.584,4.345,4.433,2539226.67
2024-10-03 00:00:00+00:00,4.433,4.504,4.225,4.382,2754788.76
2024-10-04 00:00:00+00:00,4.383,4.63,4.356,4.619,1514060.83
2024-10-05 00:00:00+00:00,4.62,4.715,4.563,4.628,1086101.58
2024-10-06 00:00:00+00:00,4.629,4.653,4.551,4.649,913097.25
2024-10-07 00:00:00+00:00,4.65,4.843,4.411,4.421,3031652.52
2024-10-08 00:00:00+00:00,4.422,4.471,4.307,4.349,1723105.95
2024-10-09 00:00:00+00:00,4.35,4.391,4.164,4.23,1907457.41
2024-10-10 00:00:00+00:00,4.229,4.294,4.043,4.135,2052514.11
2024-10-11 00:00:00+00:00,4.135,4.3,4.111,4.278,1432396.56
2024-10-12 00:00:00+00:00,4.279,4.391,4.272,4.347,1084709.5
2024-10-13 00:00:00+00:00,4.347,4.368,4.216,4.34,1337157.17
2024-10-14 00:00:00+00:00,4.343,4.534,4.296,4.516,1942813.96
2024-10-15 00:00:00+00:00,4.516,4.59,4.366,4.486,2687708.25
2024-10-16 00:00:00+00:00,4.486,4.518,4.387,4.437,1617921.14
2024-10-17 00:00:00+00:00,4.438,4.469,4.235,4.305,1558407.51
2024-10-18 00:00:00+00:00,4.305,4.397,4.285,4.352,2588227.15
2024-10-19 00:00:00+00:00,4.354,4.493,4.348,4.466,1387745.99
2024-10-20 00:00:00+00:00,4.467,4.694,4.393,4.694,2062749.01
2024-10-21 00:00:00+00:00,4.694,5.181,4.686,4.898,7159353.06
2024-10-22 00:00:00+00:00,4.897,4.973,4.703,4.786,2914554.69
2024-10-23 00:00:00+00:00,4.787,4.858,4.559,4.62,2650152.57
2024-10-24 00:00:00+00:00,4.62,4.86,4.565,4.85,1772728.97
2024-10-25 00:00:00+00:00,4.85,4.858,4.258,4.415,3070614.4
2024-10-26 00:00:00+00:00,4.414,4.512,4.302,4.372,1841747.18
2024-10-27 00:00:00+00:00,4.373,4.472,4.322,4.454,1019191.69
2024-10-28 00:00:00+00:00,4.455,4.51,4.267,4.457,1934746.17
2024-10-29 00:00:00+00:00,4.458,4.61,4.431,4.537,3182791.7
2024-10-30 00:00:00+00:00,4.537,4.537,4.374,4.455,1997526.68
2024-10-31 00:00:00+00:00,4.456,4.473,4.185,4.237,1895183.42
2024-11-01 00:00:00+00:00,4.238,4.306,4.109,4.175,1750222.82
2024-11-02 00:00:00+00:00,4.176,4.221,4.048,4.101,998664.71
2024-11-03 00:00:00+00:00,4.102,4.118,3.872,3.977,2181538.45
2024-11-04 00:00:00+00:00,3.978,4.025,3.829,3.917,1777939.66
2024-11-05 00:00:00+00:00,3.917,4.215,3.909,4.202,2203715.33
2024-11-06 00:00:00+00:00,4.203,4.543,4.203,4.51,3978954.19
2024-11-07 00:00:00+00:00,4.511,4.655,4.462,4.529,2596446.08
2024-11-08 00:00:00+00:00,4.53,4.719,4.458,4.718,3328246.62
2024-11-09 00:00:00+00:00,4.717,4.841,4.627,4.794,3714000.36
2024-11-10 00:00:00+00:00,4.793,5.541,4.71,5.268,12009456.4
2024-11-11 00:00:00+00:00,5.269,5.685,5.159,5.663,6455550.54
2024-11-12 00:00:00+00:00,5.664,5.833,5.12,5.306,8961741.51
2024-11-13 00:00:00+00:00,5.306,5.363,4.834,5.121,9129803.9
2024-11-14 00:00:00+00:00,5.122,5.308,4.87,4.953,4700618.07
2024-11-15 00:00:00+00:00,4.953,5.302,4.824,5.261,5390331.12
2024-11-16 00:00:00+00:00,5.262,6.217,5.243,6.122,7076688.61
2024-11-17 00:00:00+00:00,6.124,6.661,5.576,5.691,11732503.56
2024-11-18 00:00:00+00:00,5.691,6.623,5.663,6.469,7500073.96
2024-11-19 00:00:00+00:00,6.469,6.874,6.134,6.26,8854883.62
2024-11-20 00:00:00+00:00,6.263,6.642,6.068,6.197,5506984.94
2024-11-21 00:00:00+00:00,6.198,6.503,5.996,6.421,6732078.17
2024-11-22 00:00:00+00:00,6.42,7.628,6.328,7.55,11728983.14
2024-11-23 00:00:00+00:00,7.549,8.842,7.433,8.223,14057583.95
2024-11-24 00:00:00+00:00,8.225,9.576,8.058,8.757,16704190.98
2024-11-25 00:00:00+00:00,8.757,8.84,7.771,7.922,6702125.8
2024-11-26 00:00:00+00:00,7.921,8.143,7.5,8.011,6416259.96
2024-11-27 00:00:00+00:00,8.01,8.388,7.792,8.323,4478368.27
2024-11-28 00:00:00+00:00,8.323,8.399,7.88,8.219,3233050.88
2024-11-29 00:00:00+00:00,8.222,8.803,8.051,8.774,3601429.29
2024-11-30 00:00:00+00:00,8.773,8.85,8.402,8.573,4212764.01
2024-12-01 00:00:00+00:00,8.573,9.05,8.302,8.907,4748763.16
2024-12-02 00:00:00+00:00,8.908,9.601,8.335,9.568,10662295.94
2024-12-03 00:00:00+00:00,9.567,10.028,8.87,9.576,10388348.86
2024-12-04 00:00:00+00:00,9.577,10.678,9.441,9.931,11035492.72
2024-12-05 00:00:00+00:00,9.931,10.078,9.34,9.571,8173351.76
2024-12-06 00:00:00+00:00,9.575,10.6,9.488,10.393,6372022.57
2024-12-07 00:00:00+00:00,10.393,10.57,10.005,10.175,3186450.17
2024-12-08 00:00:00+00:00,10.175,10.437,9.838,10.127,3204645.16
2024-12-09 00:00:00+00:00,10.127,10.134,7.52,8.395,8615790.67
2024-12-10 00:00:00+00:00,8.393,8.548,7.25,7.941,11861518.46
2024-12-11 00:00:00+00:00,7.943,8.924,7.593,8.823,5590204.94
2024-12-12 00:00:00+00:00,8.824,9.293,8.605,8.948,5866057.44
2024-12-13 00:00:00+00:00,8.95,9.281,8.736,9.199,4805134.48
2024-12-14 00:00:00+00:00,9.2,9.35,8.651,8.971,3382515.89
2024-12-15 00:00:00+00:00,8.972,9.308,8.683,9.11,3405035.38
2024-12-16 00:00:00+00:00,9.111,9.308,8.639,8.887,4517386.46
2024-12-17 00:00:00+00:00,8.887,8.985,8.395,8.546,3424398.81
2024-12-18 00:00:00+00:00,8.547,8.682,7.612,7.655,7191344.53
2024-12-19 00:00:00+00:00,7.653,7.705,6.616,6.816,7870664.94
2024-12-20 00:00:00+00:00,6.818,7.1,5.83,6.916,9107817.01
2024-12-21 00:00:00+00:00,6.916,7.349,6.435,6.524,4621904.56
2024-12-22 00:00:00+00:00,6.527,6.738,6.252,6.404,3186605.32
2024-12-23 00:00:00+00:00,6.404,7.092,6.234,6.955,3635634.43
2024-12-24 00:00:00+00:00,6.955,7.195,6.718,7.048,2635735.17
2024-12-25 00:00:00+00:00,7.048,7.144,6.83,6.944,2008639.75
2024-12-26 00:00:00+00:00,6.945,7.019,6.425,6.486,2106652.28
2024-12-27 00:00:00+00:00,6.486,6.803,6.415,6.47,1775564.34
2024-12-28 00:00:00+00:00,6.47,6.679,6.387,6.615,1445614.79
2024-12-29 00:00:00+00:00,6.616,6.664,6.237,6.294,1287196.91
2024-12-30 00:00:00+00:00,6.294,6.567,6.117,6.351,2108153.99
2024-12-31 00:00:00+00:00,6.352,6.52,6.171,6.19,2123246.85
2025-01-01 00:00:00+00:00,6.191,6.656,6.047,6.547,2220875.74
2025-01-02 00:00:00+00:00,6.546,6.81,6.546,6.701,2066458.94
2025-01-03 00:00:00+00:00,6.702,7.464,6.672,7.423,3370382.87
2025-01-04 00:00:00+00:00,7.424,7.476,7.237,7.295,2071919.72
2025-01-05 00:00:00+00:00,7.296,7.426,7.143,7.342,1581102.84
2025-01-06 00:00:00+00:00,7.345,7.642,7.214,7.453,2938163.31
2025-01-07 00:00:00+00:00,7.452,7.771,6.765,6.772,5165844.57
2025-01-08 00:00:00+00:00,6.771,6.869,6.166,6.461,3828393.14
2025-01-09 00:00:00+00:00,6.461,6.602,6.244,6.397,2744397.44
2025-01-10 00:00:00+00:00,6.398,6.674,6.368,6.651,2472274.45
2025-01-11 00:00:00+00:00,6.653,6.741,6.516,6.616,1168477.98
2025-01-12 00:00:00+00:00,6.62,6.699,6.366,6.459,1723577.04
2025-01-13 00:00:00+00:00,6.463,6.705,5.9,6.285,4857757.17
2025-01-14 00:00:00+00:00,6.286,6.318,6.049,6.272,2386163.83
2025-01-15 00:00:00+00:00,6.272,6.689,6.152,6.665,3760356.65
2025-01-16 00:00:00+00:00,6.665,6.796,6.436,6.594,3191468.02
2025-01-17 00:00:00+00:00,6.595,7.176,6.595,7.055,4256099.21
2025-01-18 00:00:00+00:00,7.056,7.172,6.45,6.595,3316488.22
2025-01-19 00:00:00+00:00,6.594,6.772,5.779,5.892,6003538.85
2025-01-20 00:00:00+00:00,5.894,6.536,5.689,6.072,6793368.85
2025-01-21 00:00:00+00:00,6.072,6.355,5.84,6.24,3605831.38
2025-01-22 00:00:00+00:00,6.239,6.332,6.106,6.201,3123040.45
2025-01-23 00:00:00+00:00,6.201,6.222,5.859,6.122,4211032.17
2025-01-24 00:00:00+00:00,6.12,6.416,5.955,6.215,2627417.53
2025-01-25 00:00:00+00:00,6.214,6.294,6.129,6.194,2353163.55
2025-01-26 00:00:00+00:00,6.195,6.418,6.085,6.098,3292679.72
2025-01-27 00:00:00+00:00,6.095,6.127,5.53,5.994,4508414.55
2025-01-28 00:00:00+00:00,5.995,6.067,5.611,5.668,2177995.78
2025-01-29 00:00:00+00:00,5.665,5.981,5.653,5.823,2705750.4
2025-01-30 00:00:00+00:00,5.822,6.275,5.77,6.213,2177427.82
2025-01-31 00:00:00+00:00,6.213,6.416,6.117,6.242,2506495.19
2025-02-01 00:00:00+00:00,6.242,6.416,5.793,5.818,2108237.84
2025-02-02 00:00:00+00:00,5.817,5.937,4.644,4.882,6597379.01
2025-02-03 00:00:00+00:00,4.882,4.969,3.65,4.927,16554442.94
2025-02-04 00:00:00+00:00,4.926,4.978,4.403,4.69,6303436.39
2025-02-05 00:00:00+00:00,4.69,4.844,4.63,4.676,3798330.88
2025-02-06 00:00:00+00:00,4.676,4.735,4.358,4.408,4581324.98
2025-02-07 00:00:00+00:00,4.408,4.675,4.255,4.373,5433834.38
2025-02-08 00:00:00+00:00,4.373,4.592,4.323,4.569,1820191.6
2025-02-09 00:00:00+00:00,4.568,4.786,4.389,4.57,3328971.61
2025-02-10 00:00:00+00:00,4.569,4.841,4.437,4.819,2757888.67
2025-02-11 00:00:00+00:00,4.818,4.982,4.633,4.704,3144781.53
2025-02-12 00:00:00+00:00,4.705,5.104,4.534,5.067,4032672.25
2025-02-13 00:00:00+00:00,5.07,5.149,4.927,4.99,2780490.05
2025-02-14 00:00:00+00:00,4.99,5.09,4.865,4.91,4489244.02
2025-02-15 00:00:00+00:00,4.91,5.043,4.794,4.83,2537131.86
2025-02-16 00:00:00+00:00,4.831,4.877,4.73,4.765,1857019.39
2025-02-17 00:00:00+00:00,4.766,4.947,4.708,4.815,2897430.71
2025-02-18 00:00:00+00:00,4.815,4.897,4.444,4.573,2768270.14
2025-02-19 00:00:00+00:00,4.573,4.707,4.489,4.689,1833891.01
2025-02-20 00:00:00+00:00,4.689,4.975,4.667,4.924,2690196.24
2025-02-21 00:00:00+00:00,4.925,5.083,4.677,4.771,3188662.36
2025-02-22 00:00:00+00:00,4.771,5.029,4.742,4.965,2327977.46
2025-02-23 00:00:00+00:00,4.965,5.018,4.826,4.878,1568120.38
2025-02-24 00:00:00+00:00,4.878,4.899,4.265,4.358,3487926.92
2025-02-25 00:00:00+00:00,4.358,4.549,4.107,4.457,4887745.71
2025-02-26 00:00:00+00:00,4.456,4.695,4.415,4.609,3379806.64
2025-02-27 00:00:00+00:00,4.609,4.781,4.475,4.572,2152665.17
2025-02-28 00:00:00+00:00,4.573,4.668,4.208,4.635,3910841.66
2025-03-01 00:00:00+00:00,4.636,4.662,4.423,4.494,1311243.82
2025-03-02 00:00:00+00:00,4.495,4.928,4.409,4.907,3596759.64
2025-03-03 00:00:00+00:00,4.908,4.951,4.144,4.226,3747829.67
2025-03-04 00:00:00+00:00,4.226,4.253,3.885,4.161,5050037.85
2025-03-05 00:00:00+00:00,4.161,4.353,4.097,4.325,2280152.25
2025-03-06 00:00:00+00:00,4.327,4.439,4.23,4.256,1880055.79
2025-03-07 00:00:00+00:00,4.256,4.444,4.071,4.263,3123143.81
2025-03-08 00:00:00+00:00,4.263,4.276,4.073,4.109,1359144.43
2025-03-09 00:00:00+00:00,4.109,4.132,3.743,3.806,2431830.7
2025-03-10 00:00:00+00:00,3.807,4.042,3.571,3.58,4144834.79
2025-03-11 00:00:00+00:00,3.581,3.993,3.386,3.884,5436350.38
2025-03-12 00:00:00+00:00,3.884,3.976,3.753,3.887,2874819.57
2025-03-13 00:00:00+00:00,3.887,3.965,3.784,3.91,2015845.03
2025-03-14 00:00:00+00:00,3.909,4.318,3.893,4.29,2630229.81
2025-03-15 00:00:00+00:00,4.289,4.722,4.23,4.649,3963997.8
2025-03-16 00:00:00+00:00,4.649,4.761,4.5,4.614,3199837.7
2025-03-17 00:00:00+00:00,4.614,4.738,4.528,4.636,2918218.05
2025-03-18 00:00:00+00:00,4.635,4.833,4.528,4.722,4495935.6
2025-03-19 00:00:00+00:00,4.724,4.763,4.575,4.752,2566528.9
2025-03-20 00:00:00+00:00,4.752,4.848,4.609,4.684,2062242.01
2025-03-21 00:00:00+00:00,4.684,4.723,4.474,4.594,1559803.81
2025-03-22 00:00:00+00:00,4.595,5.046,4.582,4.886,2323077.36
2025-03-23 00:00:00+00:00,4.884,4.896,4.684,4.807,1524023.42
2025-03-24 00:00:00+00:00,4.805,4.997,4.758,4.956,2175247.42
2025-03-25 00:00:00+00:00,4.955,5.016,4.79,4.836,2236413.16
2025-03-26 00:00:00+00:00,4.836,4.985,4.773,4.877,2267637.17
2025-03-27 00:00:00+00:00,4.878,4.965,4.738,4.806,1401638.95
2025-03-28 00:00:00+00:00,4.806,4.827,4.495,4.549,1673617.19
2025-03-29 00:00:00+00:00,4.548,4.561,4.171,4.243,2170199.73
2025-03-30 00:00:00+00:00,4.243,4.394,4.186,4.314,1282942.79
2025-03-31 00:00:00+00:00,4.315,4.466,4.178,4.375,1642607.56
2025-04-01 00:00:00+00:00,4.375,4.545,4.345,4.372,1548011.34
2025-04-02 00:00:00+00:00,4.375,4.608,4.143,4.213,2423987.59
2025-04-03 00:00:00+00:00,4.212,4.715,4.197,4.65,2617001.8
2025-04-04 00:00:00+00:00,4.651,5.092,4.615,4.989,5627249.32
2025-04-05 00:00:00+00:00,4.99,5.016,4.725,4.804,2200966.29
2025-04-06 00:00:00+00:00,4.804,4.834,4.378,4.441,3327857.61
2025-04-07 00:00:00+00:00,4.441,4.583,4.041,4.33,5570580.47
2025-04-08 00:00:00+00:00,4.332,4.433,4.101,4.171,2398906.58
2025-04-09 00:00:00+00:00,4.17,4.585,4.013,4.537,3337599.43
2025-04-10 00:00:00+00:00,4.536,4.542,4.227,4.336,2018522.08
2025-04-11 00:00:00+00:00,4.335,4.418,4.201,4.246,2135484.31
2025-04-12 00:00:00+00:00,4.245,4.397,4.162,4.352,2157480.46
2025-04-13 00:00:00+00:00,4.353,4.391,4.051,4.147,2031150.96
2025-04-14 00:00:00+00:00,4.148,4.278,4.063,4.133,1839165.32
2025-04-15 00:00:00+00:00,4.132,4.185,3.973,3.98,1558242.75
2025-04-16 00:00:00+00:00,3.98,4.096,3.924,4.022,1640621.29
2025-04-17 00:00:00+00:00,4.022,4.207,3.991,4.112,1907209.35
2025-04-18 00:00:00+00:00,4.113,4.225,4.072,4.122,949391.77
2025-04-19 00:00:00+00:00,4.122,4.252,4.122,4.211,937460.82
2025-04-20 00:00:00+00:00,4.212,4.265,4.103,4.149,1046446.27
2025-04-21 00:00:00+00:00,4.15,4.295,4.048,4.062,1948106.49
2025-04-22 00:00:00+00:00,4.062,4.34,3.979,4.31,3441661.69
2025-04-23 00:00:00+00:00,4.311,4.443,4.275,4.409,2952141.89
2025-04-24 00:00:00+00:00,4.408,4.615,4.281,4.551,2547601.26
2025-04-25 00:00:00+00:00,4.55,4.63,4.424,4.543,1844605.41
2025-04-26 00:00:00+00:00,4.544,4.734,4.544,4.587,2273274.91
2025-04-27 00:00:00+00:00,4.588,4.626,4.363,4.378,2947334.56
2025-04-28 00:00:00+00:00,4.379,4.496,4.282,4.461,1747531.4
2025-04-29 00:00:00+00:00,4.461,4.538,4.334,4.377,1490765.46
2025-04-30 00:00:00+00:00,4.376,4.428,4.216,4.301,1493237.44
2025-05-01 00:00:00+00:00,4.302,4.484,4.292,4.433,1103217.91
2025-05-02 00:00:00+00:00,4.433,4.513,4.329,4.368,1210613.08
2025-05-03 00:00:00+00:00,4.367,4.369,4.161,4.217,954845.02
2025-05-04 00:00:00+00:00,4.216,4.249,4.063,4.095,1251772.2
2025-05-05 00:00:00+00:00,4.095,4.203,4.047,4.074,1473336.47
2025-05-06 00:00:00+00:00,4.073,4.122,3.981,4.108,1215771.55
2025-05-07 00:00:00+00:00,4.109,4.191,4.084,4.17,1975783.7
2025-05-08 00:00:00+00:00,4.17,4.587,4.155,4.541,2180717.12
2025-05-09 00:00:00+00:00,4.541,4.999,4.523,4.946,4619667.64
2025-05-10 00:00:00+00:00,4.946,5.392,4.856,5.384,2997179.42
2025-05-11 00:00:00+00:00,5.383,5.42,5.116,5.31,2348895.38
2025-05-12 00:00:00+00:00,5.309,5.499,5.115,5.235,3038014.39
2025-05-13 00:00:00+00:00,5.235,5.367,5.0,5.262,2413529.61
2025-05-14 00:00:00+00:00,5.262,5.349,5.041,5.091,1591271.32
2025-05-15 00:00:00+00:00,5.09,5.127,4.763,4.866,2616526.35
2025-05-16 00:00:00+00:00,4.866,4.987,4.78,4.812,1529985.97
2025-05-17 00:00:00+00:00,4.812,4.836,4.654,4.718,1167332.59
2025-05-18 00:00:00+00:00,4.719,5.136,4.637,4.963,3507807.4
2025-05-19 00:00:00+00:00,4.963,5.004,4.582,4.779,1907581.0
2025-05-20 00:00:00+00:00,4.779,4.885,4.656,4.848,1385848.75
2025-05-21 00:00:00+00:00,4.849,5.067,4.777,4.974,1904545.97
2025-05-22 00:00:00+00:00,4.975,5.229,4.97,5.219,1756784.32
2025-05-23 00:00:00+00:00,5.218,5.344,4.769,4.792,2548882.38
2025-05-24 00:00:00+00:00,4.793,4.862,4.694,4.715,1298084.57
2025-05-25 00:00:00+00:00,4.716,4.819,4.573,4.79,1594655.6
2025-05-26 00:00:00+00:00,4.791,4.953,4.745,4.776,1390779.89
2025-05-27 00:00:00+00:00,4.778,4.959,4.678,4.754,1979269.94
2025-05-28 00:00:00+00:00,4.754,4.852,4.64,4.845,1750358.15
2025-05-29 00:00:00+00:00,4.845,4.917,4.596,4.614,1586401.25
2025-05-30 00:00:00+00:00,4.615,4.639,4.234,4.291,2556011.58
2025-05-31 00:00:00+00:00,4.29,4.393,4.177,4.348,1415558.66
2025-06-01 00:00:00+00:00,4.349,4.385,4.255,4.366,776675.71
2025-06-02 00:00:00+00:00,4.367,4.492,4.257,4.468,1065571.79
2025-06-03 00:00:00+00:00,4.469,4.53,4.372,4.415,1169489.03
2025-06-04 00:00:00+00:00,4.416,4.469,4.241,4.267,1180617.98
2025-06-05 00:00:00+00:00,4.268,4.361,4.029,4.081,1790420.4
2025-06-06 00:00:00+00:00,4.081,4.294,4.066,4.174,1219941.63
2025-06-07 00:00:00+00:00,4.174,4.332,4.172,4.309,660758.45
2025-06-08 00:00:00+00:00,4.309,4.327,4.201,4.267,1019401.25
2025-06-09 00:00:00+00:00,4.27,4.446,4.208,4.433,1180825.45
2025-06-10 00:00:00+00:00,4.434,4.626,4.38,4.601,1922630.94
2025-06-11 00:00:00+00:00,4.602,4.629,4.454,4.509,1745267.01
2025-06-12 00:00:00+00:00,4.51,4.519,4.213,4.214,1524166.99
2025-06-13 00:00:00+00:00,4.215,4.216,4.001,4.131,2528137.46
2025-06-14 00:00:00+00:00,4.13,4.159,4.02,4.087,920527.91
2025-06-15 00:00:00+00:00,4.087,4.133,4.008,4.093,891381.76
2025-06-16 00:00:00+00:00,4.094,4.297,4.062,4.141,1232673.82
2025-06-17 00:00:00+00:00,4.141,4.199,3.971,4.021,1373051.61
2025-06-18 00:00:00+00:00,4.022,4.078,3.919,4.014,995518.62
2025-06-19 00:00:00+00:00,4.015,4.075,3.959,4.038,733174.76
2025-06-20 00:00:00+00:00,4.039,4.084,3.827,3.928,1277832.69
2025-06-21 00:00:00+00:00,3.928,3.991,3.691,3.794,1407692.36
2025-06-22 00:00:00+00:00,3.794,3.846,3.55,3.719,3572185.66
2025-06-23 00:00:00+00:00,3.72,4.098,3.706,4.073,1651007.89
2025-06-24 00:00:00+00:00,4.073,4.14,3.993,4.074,1697405.77
2025-06-25 00:00:00+00:00,4.076,4.082,3.977,4.0,1464860.98
2025-06-26 00:00:00+00:00,4.001,4.066,3.889,3.892,1131090.62
2025-06-27 00:00:00+00:00,3.892,3.95,3.846,3.926,857112.73
2025-06-28 00:00:00+00:00,3.927,4.03,3.917,3.994,787235.57
2025-06-29 00:00:00+00:00,3.995,4.233,3.964,4.204,1010510.81
2025-06-30 00:00:00+00:00,4.205,4.239,4.057,4.093,1107615.08
2025-07-01 00:00:00+00:00,4.094,4.111,3.912,3.929,796696.9
2025-07-02 00:00:00+00:00,3.929,4.251,3.902,4.175,1435221.28
2025-07-03 00:00:00+00:00,4.175,4.265,4.155,4.184,1233026.85
2025-07-04 00:00:00+00:00,4.184,4.199,3.953,3.999,1075824.66
2025-07-05 00:00:00+00:00,4.0,4.034,3.945,4.011,569766.12
2025-07-06 00:00:00+00:00,4.012,4.141,3.977,4.079,828304.09
2025-07-07 00:00:00+00:00,4.08,4.115,4.013,4.047,696084.55
2025-07-08 00:00:00+00:00,4.048,4.177,3.997,4.125,800024.46
2025-07-09 00:00:00+00:00,4.126,4.365,4.092,4.313,1812453.38
2025-07-10 00:00:00+00:00,4.314,4.629,4.287,4.618,1938668.75
2025-07-11 00:00:00+00:00,4.618,4.805,4.549,4.64,3455063.61
2025-07-12 00:00:00+00:00,4.641,4.731,4.494,4.58,1322569.28
2025-07-13 00:00:00+00:00,4.581,4.758,4.565,4.679,1177149.48
2025-07-14 00:00:00+00:00,4.68,4.854,4.488,4.555,2244151.97
2025-07-15 00:00:00+00:00,4.555,4.721,4.432,4.668,2201113.21
2025-07-16 00:00:00+00:00,4.668,4.88,4.604,4.744,2027791.46
2025-07-17 00:00:00+00:00,4.745,4.901,4.636,4.855,2449351.27
2025-07-18 00:00:00+00:00,4.856,5.156,4.782,4.855,3665990.61
2025-07-19 00:00:00+00:00,4.855,5.048,4.753,5.016,1806676.01
2025-07-20 00:00:00+00:00,5.017,5.281,4.983,5.174,2375883.39
2025-07-21 00:00:00+00:00,5.174,5.317,5.063,5.186,2526531.84
2025-07-22 00:00:00+00:00,5.186,5.209,4.922,5.11,2347534.27
2025-07-23 00:00:00+00:00,5.111,5.138,4.558,4.702,3444856.97
2025-07-24 00:00:00+00:00,4.704,4.805,4.46,4.625,2330171.81
2025-07-25 00:00:00+00:00,4.626,4.738,4.498,4.709,2102166.36
2025-07-26 00:00:00+00:00,4.71,4.838,4.669,4.765,942834.34
2025-07-27 00:00:00+00:00,4.766,4.891,4.736,4.874,952652.8
2025-07-28 00:00:00+00:00,4.875,4.951,4.609,4.643,2174853.83
2025-07-29 00:00:00+00:00,4.643,4.772,4.52,4.616,2413134.71
2025-07-30 00:00:00+00:00,4.617,4.618,4.247,4.417,3020984.58
2025-07-31 00:00:00+00:00,4.417,4.516,4.186,4.21,2247401.93
2025-08-01 00:00:00+00:00,4.209,4.263,4.038,4.14,3385162.22
2025-08-02 00:00:00+00:00,4.14,4.2,4.007,4.092,1733932.51
2025-08-03 00:00:00+00:00,4.092,4.286,4.035,4.273,1219347.14
2025-08-04 00:00:00+00:00,4.273,4.338,4.231,4.311,1592055.18
2025-08-05 00:00:00+00:00,4.311,4.318,4.137,4.23,1942660.33
2025-08-06 00:00:00+00:00,4.231,4.342,4.13,4.321,1486079.71
2025-08-07 00:00:00+00:00,4.321,4.476,4.29,4.471,1374084.39
2025-08-08 00:00:00+00:00,4.471,4.664,4.396,4.604,3476692.94
2025-08-09 00:00:00+00:00,4.605,4.791,4.604,4.73,1900044.85
2025-08-10 00:00:00+00:00,4.729,4.803,4.572,4.662,1459138.85
2025-08-11 00:00:00+00:00,4.662,4.776,4.45,4.487,2152070.09
2025-08-12 00:00:00+00:00,4.486,4.795,4.464,4.706,2041550.17
2025-08-13 00:00:00+00:00,4.706,4.892,4.656,4.853,2625078.73
2025-08-14 00:00:00+00:00,4.854,4.916,4.432,4.521,3326838.9
2025-08-15 00:00:00+00:00,4.521,4.628,4.331,4.461,2161250.75
2025-08-16 00:00:00+00:00,4.459,4.603,4.447,4.571,1067237.02
2025-08-17 00:00:00+00:00,4.572,4.758,4.541,4.622,1342636.54
2025-08-18 00:00:00+00:00,4.621,4.628,4.38,4.463,1850426.79
2025-08-19 00:00:00+00:00,4.464,4.51,4.277,4.291,1826507.78
2025-08-20 00:00:00+00:00,4.291,4.507,4.267,4.472,1276589.45
2025-08-21 00:00:00+00:00,4.473,4.519,4.401,4.429,1487376.29
2025-08-22 00:00:00+00:00,4.43,4.854,4.296,4.819,3788204.74
2025-08-23 00:00:00+00:00,4.82,4.934,4.673,4.89,2630807.17
2025-08-24 00:00:00+00:00,4.89,4.971,4.654,4.791,2567263.98
2025-08-25 00:00:00+00:00,4.791,4.85,4.389,4.414,4065025.62
2025-08-26 00:00:00+00:00,4.414,4.583,4.388,4.526,2141382.3
2025-08-27 00:00:00+00:00,4.526,4.599,4.473,4.491,1402085.86
2025-08-28 00:00:00+00:00,4.491,4.808,4.461,4.782,1737576.67
2025-08-29 00:00:00+00:00,4.782,4.809,4.425,4.483,2299170.21
2025-08-30 00:00:00+00:00,4.483,4.56,4.418,4.505,964652.69
2025-08-31 00:00:00+00:00,4.504,4.618,4.462,4.467,862657.87
2025-09-01 00:00:00+00:00,4.465,4.598,4.321,4.395,2018808.1
2025-09-02 00:00:00+00:00,4.396,4.471,4.351,4.43,1313954.85
2025-09-03 00:00:00+00:00,4.431,4.564,4.403,4.521,1198740.74
2025-09-04 00:00:00+00:00,4.522,4.539,4.338,4.386,1281181.05
2025-09-05 00:00:00+00:00,4.386,4.555,4.365,4.441,2031030.71
2025-09-06 00:00:00+00:00,4.441,4.458,4.361,4.409,695969.69
2025-09-07 00:00:00+00:00,4.41,4.51,4.409,4.484,942232.46
2025-09-08 00:00:00+00:00,4.485,4.598,4.476,4.539,1638384.69
2025-09-09 00:00:00+00:00,4.541,4.679,4.489,4.591,1925198.28
2025-09-10 00:00:00+00:00,4.591,4.717,4.557,4.68,1701670.4
2025-09-11 00:00:00+00:00,4.681,4.705,4.587,4.692,1108703.39
2025-09-12 00:00:00+00:00,4.693,4.754,4.601,4.748,1366646.95
2025-09-13 00:00:00+00:00,4.749,4.887,4.711,4.823,2274630.07
2025-09-14 00:00:00+00:00,4.822,4.828,4.612,4.635,1201641.27
2025-09-15 00:00:00+00:00,4.635,4.676,4.451,4.51,1789895.83
2025-09-16 00:00:00+00:00,4.51,4.573,4.418,4.547,1699455.25
2025-09-17 00:00:00+00:00,4.547,4.639,4.451,4.613,1531271.52
2025-09-18 00:00:00+00:00,4.614,4.704,4.555,4.672,1348679.91
2025-09-19 00:00:00+00:00,4.672,4.751,4.452,4.477,1576905.06
2025-09-20 00:00:00+00:00,4.476,4.499,4.42,4.453,941034.06
2025-09-21 00:00:00+00:00,4.452,4.511,4.349,4.4,1451975.33
2025-09-22 00:00:00+00:00,4.4,4.422,4.031,4.161,3540931.19
2025-09-23 00:00:00+00:00,4.161,4.222,4.096,4.127,1264377.24
2025-09-24 00:00:00+00:00,4.128,4.228,4.07,4.153,1276939.38
2025-09-25 00:00:00+00:00,4.153,4.163,3.941,4.012,2403411.17
2025-09-26 00:00:00+00:00,4.013,4.183,3.964,4.114,1464358.06
2025-09-27 00:00:00+00:00,4.116,4.162,4.055,4.111,1028188.06
2025-09-28 00:00:00+00:00,4.112,4.187,4.023,4.183,1090247.65
2025-09-29 00:00:00+00:00,4.183,4.184,4.008,4.113,1510554.02
2025-09-30 00:00:00+00:00,4.113,4.113,3.976,4.1,1339371.08
2025-10-01 00:00:00+00:00,4.101,4.257,4.062,4.136,4430543.46
2025-10-02 00:00:00+00:00,4.137,4.321,4.129,4.315,3016663.87
2025-10-03 00:00:00+00:00,4.314,4.353,4.195,4.278,2220288.32
2025-10-04 00:00:00+00:00,4.28,4.293,4.088,4.136,1358566.86
2025-10-05 00:00:00+00:00,4.136,4.307,4.113,4.148,2297041.96
2025-10-06 00:00:00+00:00,4.148,4.307,4.109,4.272,2007604.0
2025-10-07 00:00:00+00:00,4.272,4.296,4.034,4.056,3137544.67
2025-10-08 00:00:00+00:00,4.055,4.204,4.01,4.173,1473945.53
2025-10-09 00:00:00+00:00,4.173,4.186,3.986,4.057,1798146.1
2025-10-10 00:00:00+00:00,4.057,4.188,0.001,2.946,12048856.01
2025-10-11 00:00:00+00:00,2.942,3.296,2.856,3.143,8685323.26
2025-10-12 00:00:00+00:00,3.142,3.55,3.036,3.483,3856508.09
2025-10-13 00:00:00+00:00,3.482,3.669,3.444,3.645,3483907.92
2025-10-14 00:00:00+00:00,3.645,3.667,3.287,3.471,3811915.02
2025-10-15 00:00:00+00:00,3.471,3.519,3.279,3.334,2138365.79
2025-10-16 00:00:00+00:00,3.335,3.42,3.196,3.256,2296516.77
2025-10-17 00:00:00+00:00,3.256,3.306,3.016,3.152,2585138.48
2025-10-18 00:00:00+00:00,3.152,3.234,3.143,3.185,977986.52
2025-10-19 00:00:00+00:00,3.186,3.293,3.116,3.228,1655400.27
2025-10-20 00:00:00+00:00,3.229,3.326,3.179,3.273,1706414.88
2025-10-21 00:00:00+00:00,3.273,3.373,3.17,3.188,2397495.25
2025-10-22 00:00:00+00:00,3.188,3.226,3.028,3.114,1983645.17
2025-10-23 00:00:00+00:00,3.115,3.235,3.109,3.182,1242261.4
2025-10-24 00:00:00+00:00,3.183,3.226,3.127,3.186,1742604.22
2025-10-25 00:00:00+00:00,3.185,3.197,3.136,3.15,752703.33
2025-10-26 00:00:00+00:00,3.151,3.283,3.117,3.254,1348242.77
2025-10-27 00:00:00+00:00,3.255,3.286,3.159,3.178,1363288.78
2025-10-28 00:00:00+00:00,3.179,3.218,3.034,3.098,1915460.79
2025-10-29 00:00:00+00:00,3.098,3.177,3.036,3.095,1680198.62
2025-10-30 00:00:00+00:00,3.096,3.154,2.854,2.951,2460747.52
2025-10-31 00:00:00+00:00,2.951,3.033,2.936,2.962,1958140.69
2025-11-01 00:00:00+00:00,2.963,3.047,2.946,3.03,1250437.67
2025-11-02 00:00:00+00:00,3.029,3.078,2.952,3.054,1640359.9
2025-11-03 00:00:00+00:00,3.055,3.064,2.471,2.506,6968968.32
2025-11-04 00:00:00+00:00,2.507,2.641,2.346,2.507,6563022.2
2025-11-05 00:00:00+00:00,2.507,2.685,2.407,2.667,2875453.73
2025-11-06 00:00:00+00:00,2.667,2.679,2.534,2.648,2334384.95
2025-11-07 00:00:00+00:00,2.649,3.199,2.646,3.051,5985747.4
2025-11-08 00:00:00+00:00,3.05,3.157,2.889,2.953,3263202.0
2025-11-09 00:00:00+00:00,2.954,3.002,2.835,2.972,4223386.59
2025-11-10 00:00:00+00:00,2.972,3.155,2.95,3.108,2448109.42
2025-11-11 00:00:00+00:00,3.109,3.156,2.936,2.942,2261103.87
2025-11-12 00:00:00+00:00,2.942,3.114,2.861,2.891,1987555.85
2025-11-13 00:00:00+00:00,2.891,3.016,2.768,2.867,1997335.07
2025-11-14 00:00:00+00:00,2.867,2.914,2.75,2.8,2521948.63
2025-11-15 00:00:00+00:00,2.801,3.0,2.798,2.854,1646632.7
2025-11-16 00:00:00+00:00,2.854,2.883,2.696,2.766,1625065.42
2025-11-17 00:00:00+00:00,2.767,2.914,2.686,2.708,2486356.26
2025-11-18 00:00:00+00:00,2.707,2.822,2.667,2.76,2500795.14
2025-11-19 00:00:00+00:00,2.759,2.789,2.619,2.733,1686255.33
2025-11-20 00:00:00+00:00,2.731,3.141,2.719,2.739,7155653.47
2025-11-21 00:00:00+00:00,2.738,2.826,2.446,2.515,3567957.85
2025-11-22 00:00:00+00:00,2.514,2.533,2.438,2.514,1640766.93
2025-11-23 00:00:00+00:00,2.515,2.569,2.483,2.497,1827029.99
2025-11-24 00:00:00+00:00,2.497,2.547,2.384,2.501,2517664.77
2025-11-25 00:00:00+00:00,2.501,2.532,2.414,2.467,1349609.29
2025-11-26 00:00:00+00:00,2.469,2.561,2.434,2.524,1565015.41
2025-11-27 00:00:00+00:00,2.525,2.556,2.5,2.52,1233291.16
2025-11-28 00:00:00+00:00,2.52,2.544,2.427,2.439,1157367.08
2025-11-29 00:00:00+00:00,2.439,2.455,2.389,2.427,946416.05
2025-11-30 00:00:00+00:00,2.427,2.454,2.371,2.376,903157.66
2025-12-01 00:00:00+00:00,2.376,2.385,2.14,2.268,3357509.11
2025-12-02 00:00:00+00:00,2.269,2.432,2.246,2.365,1665201.61
2025-12-03 00:00:00+00:00,2.366,2.417,2.311,2.393,1907744.66
2025-12-04 00:00:00+00:00,2.394,2.408,2.284,2.311,1229459.71
2025-12-05 00:00:00+00:00,2.311,2.338,2.15,2.197,1530157.73
2025-12-06 00:00:00+00:00,2.198,2.283,2.185,2.239,1012086.74
2025-12-07 00:00:00+00:00,2.238,2.249,2.134,2.18,1110822.23
2025-12-08 00:00:00+00:00,2.18,2.271,2.174,2.249,1242134.03
2025-12-09 00:00:00+00:00,2.249,2.421,2.195,2.325,1879614.44
2025-12-10 00:00:00+00:00,2.327,2.373,2.246,2.267,2866499.63
2025-12-11 00:00:00+00:00,2.268,2.272,2.16,2.185,2109669.24
2025-12-12 00:00:00+00:00,2.185,2.206,2.071,2.14,2111887.25
2025-12-13 00:00:00+00:00,2.141,2.195,2.139,2.183,775387.84
2025-12-14 00:00:00+00:00,2.184,2.191,2.082,2.103,1282212.36
2025-12-15 00:00:00+00:00,2.103,2.165,2.002,2.05,1700469.8
2025-12-16 00:00:00+00:00,2.051,2.071,1.989,1.999,2450554.25
2025-12-17 00:00:00+00:00,2.001,2.094,1.923,1.944,2741443.53
2025-12-18 00:00:00+00:00,1.944,1.974,1.832,1.852,3785200.17
2025-12-19 00:00:00+00:00,1.853,1.991,1.846,1.965,2522513.85
2025-12-20 00:00:00+00:00,1.966,2.004,1.959,1.983,862183.82
2025-12-21 00:00:00+00:00,1.983,1.996,1.907,1.942,830050.68
2025-12-22 00:00:00+00:00,1.943,2.0,1.923,1.95,1353134.86
2025-12-23 00:00:00+00:00,1.95,2.001,1.918,1.971,1365990.62
2025-12-24 00:00:00+00:00,1.971,1.994,1.916,1.982,1263819.33
2025-12-25 00:00:00+00:00,1.982,2.027,1.955,1.957,1255280.3
2025-12-26 00:00:00+00:00,1.957,2.06,1.951,2.048,1108972.13
2025-12-27 00:00:00+00:00,2.047,2.099,2.029,2.08,1145541.13
2025-12-28 00:00:00+00:00,2.08,2.112,2.055,2.074,976612.96
2025-12-29 00:00:00+00:00,2.075,2.103,1.959,1.965,1893871.08
2025-12-30 00:00:00+00:00,1.965,2.001,1.956,1.967,1265741.86
2025-12-31 00:00:00+00:00,1.967,1.985,1.907,1.93,831184.17
2026-01-01 00:00:00+00:00,1.93,2.079,1.92,2.069,1309209.82
2026-01-02 00:00:00+00:00,2.069,2.17,2.059,2.168,1496421.58
2026-01-03 00:00:00+00:00,2.168,2.26,2.167,2.239,1536274.01
2026-01-04 00:00:00+00:00,2.24,2.348,2.23,2.34,1987686.01
2026-01-05 00:00:00+00:00,2.341,2.391,2.264,2.369,1800750.23
2026-01-06 00:00:00+00:00,2.37,2.55,2.352,2.532,2297088.48
2026-01-07 00:00:00+00:00,2.531,2.535,2.394,2.433,2234064.05
2026-01-08 00:00:00+00:00,2.434,2.507,2.378,2.461,2503324.0
2026-01-09 00:00:00+00:00,2.463,2.654,2.411,2.592,3177422.24
2026-01-10 00:00:00+00:00,2.592,2.682,2.545,2.57,2409345.57
2026-01-11 00:00:00+00:00,2.569,2.642,2.556,2.574,1411131.47
2026-01-12 00:00:00+00:00,2.573,2.656,2.478,2.487,1665083.44
2026-01-13 00:00:00+00:00,2.486,2.678,2.485,2.636,1662177.48
2026-01-14 00:00:00+00:00,2.635,2.697,2.568,2.582,1944437.61
2026-01-15 00:00:00+00:00,2.583,2.599,2.443,2.477,1396375.72
2026-01-16 00:00:00+00:00,2.477,2.508,2.427,2.494,1227538.35
2026-01-17 00:00:00+00:00,2.493,2.601,2.489,2.567,1071340.88
2026-01-18 00:00:00+00:00,2.568,2.595,2.422,2.426,1204661.12
2026-01-19 00:00:00+00:00,2.426,2.485,2.231,2.456,2539417.73
2026-01-20 00:00:00+00:00,2.457,2.547,2.285,2.295,2488729.39
2026-01-21 00:00:00+00:00,2.295,2.453,2.293,2.382,3264710.58
2026-01-22 00:00:00+00:00,2.382,2.44,2.327,2.335,1011233.29
2026-01-23 00:00:00+00:00,2.336,2.419,2.33,2.368,1139393.52
2026-01-24 00:00:00+00:00,2.368,2.387,2.293,2.334,776424.72
2026-01-25 00:00:00+00:00,2.333,2.337,2.201,2.236,1237802.86
2026-01-26 00:00:00+00:00,2.237,2.314,2.21,2.222,1523084.26
2026-01-27 00:00:00+00:00,2.223,2.27,2.183,2.244,1366942.63
2026-01-28 00:00:00+00:00,2.244,2.303,2.219,2.237,2112013.52
2026-01-29 00:00:00+00:00,2.238,2.242,2.077,2.128,1586179.01
2026-01-30 00:00:00+00:00,2.128,2.135,2.051,2.112,1370453.56
2026-01-31 00:00:00+00:00,2.113,2.116,1.81,1.971,2472219.26
2026-02-01 00:00:00+00:00,1.972,1.993,1.874,1.91,1626128.34
2026-02-02 00:00:00+00:00,1.913,2.007,1.864,1.982,1538111.29
2026-02-03 00:00:00+00:00,1.982,2.053,1.889,2.036,2205203.71
2026-02-04 00:00:00+00:00,2.034,2.106,1.976,1.995,3134460.5
2026-02-05 00:00:00+00:00,1.995,2.057,1.77,1.819,5771706.55
2026-02-06 00:00:00+00:00,1.819,2.016,1.654,1.987,4164696.0
2026-02-07 00:00:00+00:00,1.987,2.05,1.929,1.989,2213890.07
2026-02-08 00:00:00+00:00,1.99,2.001,1.931,1.95,1110155.91
2026-02-09 00:00:00+00:00,1.95,1.985,1.902,1.96,1220117.12
2026-02-10 00:00:00+00:00,1.96,1.974,1.895,1.922,995814.08
2026-02-11 00:00:00+00:00,1.923,2.009,1.874,1.945,1786589.62
2026-02-12 00:00:00+00:00,1.946,2.017,1.929,1.968,1291115.88
2026-02-13 00:00:00+00:00,1.968,2.129,1.953,2.122,1446322.64
2026-02-14 00:00:00+00:00,2.122,2.221,2.11,2.186,749230.49
2026-02-15 00:00:00+00:00,2.186,2.225,2.096,2.137,1282038.56
2026-02-16 00:00:00+00:00,2.138,2.322,2.113,2.292,2766288.69
2026-02-17 00:00:00+00:00,2.294,2.332,2.223,2.242,2117552.03
2026-02-18 00:00:00+00:00,2.241,2.512,2.212,2.346,3728704.61
2026-02-19 00:00:00+00:00,2.346,2.367,2.267,2.292,1811232.89
2026-02-20 00:00:00+00:00,2.291,2.392,2.258,2.358,1847571.79
2026-02-21 00:00:00+00:00,2.358,2.413,2.306,2.314,1111050.32
2026-02-22 00:00:00+00:00,2.314,2.319,2.23,2.25,1016411.11
2026-02-23 00:00:00+00:00,2.25,2.255,2.112,2.12,2000572.46
2026-02-24 00:00:00+00:00,2.12,2.148,1.98,1.992,1628456.56
2026-02-25 00:00:00+00:00,1.993,2.12,1.928,1.942,4359402.37
2026-02-26 00:00:00+00:00,1.941,1.984,1.825,1.879,4041871.07
2026-02-27 00:00:00+00:00,1.88,1.941,1.817,1.849,2257799.19
2026-02-28 00:00:00+00:00,1.85,1.862,1.767,1.849,2286622.78
2026-03-01 00:00:00+00:00,1.848,1.885,1.763,1.799,1628549.29
2026-03-02 00:00:00+00:00,1.799,1.881,1.783,1.843,1971903.32
2026-03-03 00:00:00+00:00,1.843,1.856,1.765,1.814,2451285.16
2026-03-04 00:00:00+00:00,1.815,1.927,1.806,1.879,2116812.45
2026-03-05 00:00:00+00:00,1.879,1.894,1.824,1.84,1338080.0
2026-03-06 00:00:00+00:00,1.839,1.855,1.773,1.809,1110325.18
2026-03-07 00:00:00+00:00,1.81,1.832,1.778,1.785,958208.82
2026-03-08 00:00:00+00:00,1.786,1.787,1.716,1.738,1071463.94
2026-03-09 00:00:00+00:00,1.738,1.778,1.706,1.743,1411291.18
2026-03-10 00:00:00+00:00,1.744,1.844,1.743,1.788,1540286.5
2026-03-11 00:00:00+00:00,1.789,1.856,1.785,1.84,1138571.21
2026-03-12 00:00:00+00:00,1.841,1.846,1.807,1.838,1019499.61
2026-03-13 00:00:00+00:00,1.838,1.898,1.833,1.862,1595669.94
2026-03-14 00:00:00+00:00,1.861,1.893,1.851,1.87,849985.15
2026-03-15 00:00:00+00:00,1.869,1.873,1.842,1.861,686685.94
2026-03-16 00:00:00+00:00,1.861,2.006,1.856,1.978,2020095.37
2026-03-17 00:00:00+00:00,1.978,1.985,1.926,1.961,1200005.03
2026-03-18 00:00:00+00:00,1.961,2.035,1.868,1.909,1959248.7
2026-03-19 00:00:00+00:00,1.909,1.929,1.799,1.811,1673215.64
2026-03-20 00:00:00+00:00,1.812,1.841,1.785,1.834,1822920.31
2026-03-21 00:00:00+00:00,1.834,1.86,1.787,1.793,664908.75
2026-03-22 00:00:00+00:00,1.793,1.807,1.753,1.769,910719.54
2026-03-23 00:00:00+00:00,1.77,1.843,1.75,1.786,2095644.14
2026-03-24 00:00:00+00:00,1.786,1.797,1.762,1.787,1349592.94
2026-03-25 00:00:00+00:00,1.788,1.806,1.758,1.765,1225226.69
2026-03-26 00:00:00+00:00,1.765,1.767,1.673,1.699,1456631.98
2026-03-27 00:00:00+00:00,1.698,1.731,1.655,1.676,1209660.16
2026-03-28 00:00:00+00:00,1.676,1.702,1.657,1.666,913233.21
2026-03-29 00:00:00+00:00,1.667,1.672,1.607,1.646,931092.5
2026-03-30 00:00:00+00:00,1.647,1.701,1.641,1.665,1181191.93
2026-03-31 00:00:00+00:00,1.667,1.713,1.664,1.707,1085332.95
2026-04-01 00:00:00+00:00,1.707,1.741,1.671,1.676,1199671.61
2026-04-02 00:00:00+00:00,1.677,1.689,1.614,1.668,804945.99
2026-04-03 00:00:00+00:00,1.668,1.729,1.665,1.688,846322.78
2026-04-04 00:00:00+00:00,1.688,1.721,1.681,1.713,486184.61
2026-04-05 00:00:00+00:00,1.713,1.725,1.666,1.698,677521.31
2026-04-06 00:00:00+00:00,1.698,1.758,1.692,1.703,1674122.34
2026-04-07 00:00:00+00:00,1.702,1.809,1.674,1.807,1421880.08
2026-04-08 00:00:00+00:00,1.806,1.809,1.751,1.779,1173007.94
2026-04-09 00:00:00+00:00,1.78,1.828,1.762,1.801,1372816.23
2026-04-10 00:00:00+00:00,1.802,1.845,1.793,1.806,1170514.96
2026-04-11 00:00:00+00:00,1.807,1.808,1.766,1.778,605131.45
2026-04-12 00:00:00+00:00,1.778,1.787,1.719,1.723,593280.08
2026-04-13 00:00:00+00:00,1.723,1.788,1.709,1.779,1260133.58
2026-04-14 00:00:00+00:00,1.779,1.784,1.736,1.744,1058928.8
2026-04-15 00:00:00+00:00,1.745,1.777,1.728,1.767,803021.23
2026-04-16 00:00:00+00:00,1.767,1.824,1.756,1.81,1396455.01
2026-04-17 00:00:00+00:00,1.809,1.867,1.785,1.833,1371725.16
2026-04-18 00:00:00+00:00,1.832,1.85,1.775,1.783,651759.53
2026-04-19 00:00:00+00:00,1.783,1.801,1.754,1.758,945300.29
2026-04-20 00:00:00+00:00,1.759,1.818,1.758,1.8,710917.44
2026-04-21 00:00:00+00:00,1.8,1.846,1.763,1.845,1342341.84
2026-04-22 00:00:00+00:00,1.845,1.919,1.845,1.862,1486034.71
2026-04-23 00:00:00+00:00,1.862,1.916,1.837,1.912,979283.51
2026-04-24 00:00:00+00:00,1.912,1.998,1.909,1.993,1428674.27
2026-04-25 00:00:00+00:00,1.993,2.058,1.991,2.03,1184838.2
2026-04-26 00:00:00+00:00,2.029,2.036,1.996,2.0,726471.71
2026-04-27 00:00:00+00:00,2.0,2.026,1.946,1.984,989455.28
2026-04-28 00:00:00+00:00,1.984,1.991,1.932,1.953,809928.62
2026-04-29 00:00:00+00:00,1.952,1.99,1.896,1.929,624363.49
2026-04-30 00:00:00+00:00,1.929,1.939,1.876,1.888,853189.89
2026-05-01 00:00:00+00:00,1.888,1.918,1.871,1.897,533601.81
2026-05-02 00:00:00+00:00,1.897,1.909,1.864,1.884,450571.6
2026-05-03 00:00:00+00:00,1.884,1.897,1.854,1.874,533842.22
2026-05-04 00:00:00+00:00,1.874,1.926,1.861,1.889,984295.83
2026-05-05 00:00:00+00:00,1.89,1.923,1.838,1.882,1207343.68
2026-05-06 00:00:00+00:00,1.882,1.975,1.879,1.902,1860900.16
2026-05-07 00:00:00+00:00,1.902,1.947,1.87,1.886,1183505.93
2026-05-08 00:00:00+00:00,1.886,1.961,1.854,1.95,1464737.92
2026-05-09 00:00:00+00:00,1.951,1.994,1.929,1.937,858451.8
2026-05-10 00:00:00+00:00,1.937,2.052,1.896,2.013,2310975.61
2026-05-11 00:00:00+00:00,2.013,2.109,1.975,2.043,3807616.68
2026-05-12 00:00:00+00:00,2.043,2.182,1.981,2.105,4401025.09
2026-05-13 00:00:00+00:00,2.106,2.235,2.03,2.04,4865780.38
2026-05-14 00:00:00+00:00,2.039,2.073,1.997,2.043,1734833.07
2026-05-15 00:00:00+00:00,2.045,2.054,1.923,1.929,1511395.08
2026-05-16 00:00:00+00:00,1.929,2.058,1.91,2.039,2560248.09
2026-05-17 00:00:00+00:00,2.039,2.14,1.99,2.035,3052324.4
2026-05-18 00:00:00+00:00,2.034,2.089,1.986,2.076,2081577.73
2026-05-19 00:00:00+00:00,2.076,2.093,2.017,2.041,1483833.2
2026-05-20 00:00:00+00:00,2.04,2.04,1.979,1.992,819189.17
2026-05-21 00:00:00+00:00,1.992,2.084,1.991,2.052,1615000.63
2026-05-22 00:00:00+00:00,2.052,2.19,2.039,2.07,2406933.6
2026-05-23 00:00:00+00:00,2.07,2.15,2.008,2.11,1510693.22
2026-05-24 00:00:00+00:00,2.11,2.132,1.998,2.054,1078481.06
2026-05-25 00:00:00+00:00,2.055,2.189,2.05,2.136,1655237.25
2026-05-26 00:00:00+00:00,2.136,2.298,2.118,2.218,3157990.97
2026-05-27 00:00:00+00:00,2.218,2.263,2.113,2.132,1990094.71
2026-05-28 00:00:00+00:00,2.132,2.138,2.005,2.061,1558515.36
2026-05-29 00:00:00+00:00,2.061,2.111,1.971,2.017,1504283.1
2026-05-30 00:00:00+00:00,2.016,2.07,2.005,2.02,748935.75
2026-05-31 00:00:00+00:00,2.02,2.025,1.923,1.958,1842206.81
2026-06-01 00:00:00+00:00,1.958,1.978,1.888,1.906,989232.53
2026-06-02 00:00:00+00:00,1.907,1.91,1.786,1.821,1399572.26
2026-06-03 00:00:00+00:00,1.823,1.92,1.812,1.856,1557736.6
2026-06-04 00:00:00+00:00,1.855,1.867,1.733,1.81,1541533.4
2026-06-05 00:00:00+00:00,1.808,1.817,1.601,1.658,2168726.17
2026-06-06 00:00:00+00:00,1.658,1.683,1.559,1.628,980496.59
2026-06-07 00:00:00+00:00,1.629,1.744,1.624,1.715,1136274.31
2026-06-08 00:00:00+00:00,1.715,1.807,1.698,1.766,963126.24
2026-06-09 00:00:00+00:00,1.765,1.802,1.718,1.78,1278213.17
2026-06-10 00:00:00+00:00,1.78,1.862,1.737,1.763,1853030.31
2026-06-11 00:00:00+00:00,1.764,2.035,1.764,2.034,4148441.67
2026-06-12 00:00:00+00:00,2.035,2.037,1.932,1.981,1714520.62
2026-06-13 00:00:00+00:00,1.98,2.024,1.94,1.949,979402.03
2026-06-14 00:00:00+00:00,1.949,2.016,1.923,2.008,1463504.54
2026-06-15 00:00:00+00:00,2.007,2.024,1.947,1.965,1426344.83
2026-06-16 00:00:00+00:00,1.964,2.016,1.94,1.992,1002652.99
2026-06-17 00:00:00+00:00,1.993,2.023,1.875,1.9,1437924.96
2026-06-18 00:00:00+00:00,1.901,1.908,1.779,1.813,1560223.33
2026-06-19 00:00:00+00:00,1.814,1.854,1.795,1.81,564189.13
2026-06-20 00:00:00+00:00,1.811,1.818,1.762,1.803,518449.53
2026-06-21 00:00:00+00:00,1.803,1.811,1.75,1.756,378786.22
2026-06-22 00:00:00+00:00,1.758,1.838,1.753,1.799,833124.08
2026-06-23 00:00:00+00:00,1.799,1.806,1.715,1.719,1055000.58
2026-06-24 00:00:00+00:00,1.719,1.734,1.603,1.651,1894381.84
2026-06-25 00:00:00+00:00,1.651,1.679,1.548,1.613,1416537.3
2026-06-26 00:00:00+00:00,1.613,1.649,1.573,1.595,1410452.27
2026-06-27 00:00:00+00:00,1.596,1.617,1.559,1.583,1132431.95
2026-06-28 00:00:00+00:00,1.581,1.585,1.554,1.573,959942.84
2026-06-29 00:00:00+00:00,1.573,1.595,1.519,1.535,1803164.2
2026-06-30 00:00:00+00:00,1.536,1.536,1.509,1.512,129010.03
