date,open,high,low,close,volume
2021-07-03 00:00:00+00:00,2.1049,2.2926,2.0952,2.2583,7333361.72
2021-07-04 00:00:00+00:00,2.2587,2.3485,2.1605,2.2931,5036401.9
2021-07-05 00:00:00+00:00,2.2917,2.3077,2.1125,2.1706,5503787.63
2021-07-06 00:00:00+00:00,2.1714,2.3261,2.1698,2.2573,5570173.44
2021-07-07 00:00:00+00:00,2.2558,2.4049,2.2371,2.3103,6083421.33
2021-07-08 00:00:00+00:00,2.3078,2.3143,2.045,2.0996,5066247.48
2021-07-09 00:00:00+00:00,2.0982,2.1206,2.0101,2.0887,3495499.28
2021-07-10 00:00:00+00:00,2.0903,2.1378,2.0308,2.1117,2882487.72
2021-07-11 00:00:00+00:00,2.1128,2.2477,2.0775,2.1749,4702300.55
2021-07-12 00:00:00+00:00,2.1733,2.2292,2.0345,2.092,2893770.68
2021-07-13 00:00:00+00:00,2.09,2.0979,1.9202,1.9486,3431989.19
2021-07-14 00:00:00+00:00,1.9449,2.0865,1.8618,1.9939,5092217.19
2021-07-15 00:00:00+00:00,1.994,2.0252,1.8575,1.9249,8510383.14
2021-07-16 00:00:00+00:00,1.9279,1.9847,1.8195,1.8404,5564754.22
2021-07-17 00:00:00+00:00,1.8422,2.0398,1.8004,1.9368,8217062.75
2021-07-18 00:00:00+00:00,1.9383,1.994,1.852,1.9071,4634244.11
2021-07-19 00:00:00+00:00,1.9079,1.917,1.7156,1.7305,5448810.05
2021-07-20 00:00:00+00:00,1.7304,1.76,1.546,1.6794,6681342.14
2021-07-21 00:00:00+00:00,1.6793,1.8384,1.6228,1.8274,5211053.99
2021-07-22 00:00:00+00:00,1.8274,1.9455,1.7683,1.9353,4859018.02
2021-07-23 00:00:00+00:00,1.9352,1.945,1.8159,1.9396,3653552.64
2021-07-24 00:00:00+00:00,1.9383,2.1984,1.9175,2.138,7829846.69
2021-07-25 00:00:00+00:00,2.1376,2.3129,2.04,2.1578,9092351.59
2021-07-26 00:00:00+00:00,2.1593,2.5146,2.1315,2.1476,11318676.76
2021-07-27 00:00:00+00:00,2.1466,2.3545,2.0667,2.2354,6964593.18
2021-07-28 00:00:00+00:00,2.2349,2.3074,2.1333,2.2264,5732985.88
2021-07-29 00:00:00+00:00,2.2249,2.31,2.1855,2.2549,4150397.75
2021-07-30 00:00:00+00:00,2.2566,2.3656,2.1458,2.3225,4892056.0
2021-07-31 00:00:00+00:00,2.3264,2.5086,2.3008,2.4003,6469993.84
2021-08-01 00:00:00+00:00,2.4023,2.55,2.3768,2.3916,5894344.75
2021-08-02 00:00:00+00:00,2.3918,2.4641,2.3211,2.3513,4589924.21
2021-08-03 00:00:00+00:00,2.3517,2.3971,2.2208,2.3404,3791509.93
2021-08-04 00:00:00+00:00,2.3387,2.495,2.2563,2.4543,4811676.43
2021-08-05 00:00:00+00:00,2.4579,2.5924,2.3261,2.516,6489159.69
2021-08-06 00:00:00+00:00,2.5168,2.59,2.4256,2.525,5261709.54
2021-08-07 00:00:00+00:00,2.525,2.7905,2.478,2.781,9853613.14
2021-08-08 00:00:00+00:00,2.7815,2.7828,2.5195,2.5594,6542884.05
2021-08-09 00:00:00+00:00,2.5609,2.75,2.4636,2.6889,5163708.22
2021-08-10 00:00:00+00:00,2.688,2.9468,2.6471,2.8581,7915010.13
2021-08-11 00:00:00+00:00,2.8611,3.0453,2.8178,2.9722,6305435.53
2021-08-12 00:00:00+00:00,2.9731,3.4644,2.9601,3.3435,16880195.39
2021-08-13 00:00:00+00:00,3.3381,3.486,3.2436,3.415,6127881.47
2021-08-14 00:00:00+00:00,3.4125,3.438,3.15,3.2459,6956305.52
2021-08-15 00:00:00+00:00,3.2446,3.2769,3.0122,3.2257,6365488.03
2021-08-16 00:00:00+00:00,3.2258,3.5659,3.214,3.4614,9142952.91
2021-08-17 00:00:00+00:00,3.4614,4.0,3.3733,3.7312,19931245.22
2021-08-18 00:00:00+00:00,3.7312,4.5649,3.6001,4.4377,25691359.87
2021-08-19 00:00:00+00:00,4.4377,4.82,4.153,4.4799,15312811.65
2021-08-20 00:00:00+00:00,4.4874,4.6177,4.3093,4.41,7869110.46
2021-08-21 00:00:00+00:00,4.4126,6.25,4.3107,6.185,24554012.17
2021-08-22 00:00:00+00:00,6.1803,6.5961,5.3293,5.4536,24298040.74
2021-08-23 00:00:00+00:00,5.4536,5.8952,5.3668,5.4911,12240971.62
2021-08-24 00:00:00+00:00,5.4914,5.75,4.8692,5.0472,12775794.69
2021-08-25 00:00:00+00:00,5.0434,5.606,4.8101,5.5808,13844459.37
2021-08-26 00:00:00+00:00,5.5871,5.7676,4.801,4.87,13079598.42
2021-08-27 00:00:00+00:00,4.866,5.398,4.605,5.316,10385846.06
2021-08-28 00:00:00+00:00,5.317,5.8,5.054,5.717,10856617.01
2021-08-29 00:00:00+00:00,5.719,6.225,5.536,5.546,16018887.3
2021-08-30 00:00:00+00:00,5.548,5.888,5.234,5.324,10821251.9
2021-08-31 00:00:00+00:00,5.324,5.528,5.097,5.277,8788606.7
2021-09-01 00:00:00+00:00,5.276,5.602,5.117,5.497,6182135.1
2021-09-02 00:00:00+00:00,5.493,5.684,5.405,5.49,5780225.4
2021-09-03 00:00:00+00:00,5.49,6.8817,5.48,6.168,23936687.03
2021-09-04 00:00:00+00:00,6.171,6.377,6.0,6.077,8897737.4
2021-09-05 00:00:00+00:00,6.077,6.193,5.864,6.14,7354211.2
2021-09-06 00:00:00+00:00,6.14,6.435,5.731,6.1,9120920.5
2021-09-07 00:00:00+00:00,6.1,8.8787,5.45,8.674,65537370.13
2021-09-08 00:00:00+00:00,8.67,11.05,7.36,10.391,85075795.94
2021-09-09 00:00:00+00:00,10.371,11.88,9.62,9.72,43251049.66
2021-09-10 00:00:00+00:00,9.73,10.426,8.561,9.933,29264265.2
2021-09-11 00:00:00+00:00,9.936,9.995,8.723,9.05,18652983.2
2021-09-12 00:00:00+00:00,9.055,9.8,8.311,8.942,17466297.5
2021-09-13 00:00:00+00:00,8.944,9.04,7.704,8.201,15411427.1
2021-09-14 00:00:00+00:00,8.204,9.339,8.062,8.612,13959223.9
2021-09-15 00:00:00+00:00,8.609,9.67,8.539,9.242,11966278.6
2021-09-16 00:00:00+00:00,9.24,9.373,8.43,8.73,8995826.5
2021-09-17 00:00:00+00:00,8.724,8.955,8.108,8.322,7145946.6
2021-09-18 00:00:00+00:00,8.323,9.44,8.111,9.071,10674330.9
2021-09-19 00:00:00+00:00,9.068,10.4,8.687,10.061,18308375.3
2021-09-20 00:00:00+00:00,10.059,10.439,7.353,7.693,33667386.7
2021-09-21 00:00:00+00:00,7.686,8.0,6.338,6.701,23120824.1
2021-09-22 00:00:00+00:00,6.704,7.825,6.523,7.771,15332430.2
2021-09-23 00:00:00+00:00,7.771,9.42,7.356,9.17,19475730.6
2021-09-24 00:00:00+00:00,9.181,9.29,7.414,7.973,28241387.6
2021-09-25 00:00:00+00:00,7.972,8.44,7.455,7.618,12799556.1
2021-09-26 00:00:00+00:00,7.613,7.678,6.598,7.293,15805400.8
2021-09-27 00:00:00+00:00,7.29,7.778,6.85,6.894,8944505.3
2021-09-28 00:00:00+00:00,6.89,7.132,6.363,6.416,8849791.3
2021-09-29 00:00:00+00:00,6.42,7.346,6.363,6.641,14449088.4
2021-09-30 00:00:00+00:00,6.645,7.0,6.559,6.927,10212304.4
2021-10-01 00:00:00+00:00,6.924,8.0,6.821,7.83,16075971.3
2021-10-02 00:00:00+00:00,7.835,8.286,7.52,7.806,10055362.1
2021-10-03 00:00:00+00:00,7.805,8.493,7.609,8.036,10678587.5
2021-10-04 00:00:00+00:00,8.034,8.2,7.381,7.626,12435928.5
2021-10-05 00:00:00+00:00,7.629,8.25,7.567,7.982,10789555.4
2021-10-06 00:00:00+00:00,7.986,8.007,7.137,7.797,10142196.0
2021-10-07 00:00:00+00:00,7.793,8.48,7.5,8.284,13840188.7
2021-10-08 00:00:00+00:00,8.28,8.752,8.0,8.104,11441925.8
2021-10-09 00:00:00+00:00,8.104,8.42,7.913,8.039,5144751.3
2021-10-10 00:00:00+00:00,8.043,8.047,7.308,7.391,6770752.6
2021-10-11 00:00:00+00:00,7.39,7.861,7.205,7.42,5836733.6
2021-10-12 00:00:00+00:00,7.42,7.42,6.766,7.269,8006879.3
2021-10-13 00:00:00+00:00,7.273,7.399,6.904,7.243,6360398.7
2021-10-14 00:00:00+00:00,7.243,8.188,7.199,8.047,10050006.0
2021-10-15 00:00:00+00:00,8.045,8.28,7.632,7.868,10334268.3
2021-10-16 00:00:00+00:00,7.868,8.186,7.711,7.861,5807664.7
2021-10-17 00:00:00+00:00,7.859,8.083,7.6,7.789,4093348.0
2021-10-18 00:00:00+00:00,7.794,7.937,7.616,7.844,4288817.5
2021-10-19 00:00:00+00:00,7.843,8.263,7.743,8.186,6708326.9
2021-10-20 00:00:00+00:00,8.186,8.896,8.128,8.732,9949804.2
2021-10-21 00:00:00+00:00,8.732,9.777,8.569,9.476,16065673.8
2021-10-22 00:00:00+00:00,9.472,9.673,8.813,9.107,11781202.3
2021-10-23 00:00:00+00:00,9.104,9.425,8.821,9.313,5753605.0
2021-10-24 00:00:00+00:00,9.309,9.954,9.136,9.603,10609363.7
2021-10-25 00:00:00+00:00,9.603,12.7,9.54,12.321,31308506.4
2021-10-26 00:00:00+00:00,12.32,13.23,11.807,12.31,21980239.57
2021-10-27 00:00:00+00:00,12.31,12.84,10.289,10.849,21117290.0
2021-10-28 00:00:00+00:00,10.855,12.641,10.651,11.358,15715972.3
2021-10-29 00:00:00+00:00,11.351,11.606,11.0,11.576,7160398.6
2021-10-30 00:00:00+00:00,11.585,11.59,10.091,10.481,8276970.1
2021-10-31 00:00:00+00:00,10.495,10.71,9.644,10.157,8217698.0
2021-11-01 00:00:00+00:00,10.158,10.714,9.836,10.144,9155164.9
2021-11-02 00:00:00+00:00,10.147,10.996,10.013,10.461,7807626.9
2021-11-03 00:00:00+00:00,10.462,11.297,10.194,10.96,9805337.6
2021-11-04 00:00:00+00:00,10.962,11.5,10.284,10.601,7916961.8
2021-11-05 00:00:00+00:00,10.6,11.007,10.122,10.364,5548643.6
2021-11-06 00:00:00+00:00,10.362,10.6,9.77,10.19,6725650.9
2021-11-07 00:00:00+00:00,10.194,10.555,10.061,10.332,4914225.0
2021-11-08 00:00:00+00:00,10.331,10.817,10.0,10.715,7182245.9
2021-11-09 00:00:00+00:00,10.717,11.85,10.479,11.374,11080315.4
2021-11-10 00:00:00+00:00,11.378,11.8,9.94,10.778,13330896.9
2021-11-11 00:00:00+00:00,10.766,12.54,10.561,12.042,14121617.6
2021-11-12 00:00:00+00:00,12.038,12.657,10.905,11.407,11350822.7
2021-11-13 00:00:00+00:00,11.405,11.437,10.837,11.152,5615530.6
2021-11-14 00:00:00+00:00,11.151,11.9,11.134,11.867,7175130.2
2021-11-15 00:00:00+00:00,11.87,11.978,11.034,11.08,5755518.3
2021-11-16 00:00:00+00:00,11.077,11.146,8.969,9.675,14245295.3
2021-11-17 00:00:00+00:00,9.674,9.838,9.126,9.415,7952125.9
2021-11-18 00:00:00+00:00,9.417,9.89,8.399,8.799,9791755.5
2021-11-19 00:00:00+00:00,8.799,9.579,8.643,9.422,6166435.0
2021-11-20 00:00:00+00:00,9.421,9.877,9.27,9.805,5349816.4
2021-11-21 00:00:00+00:00,9.805,9.941,9.348,9.665,3666133.8
2021-11-22 00:00:00+00:00,9.671,9.759,9.0,9.274,4682950.6
2021-11-23 00:00:00+00:00,9.269,9.989,9.082,9.972,4532588.2
2021-11-24 00:00:00+00:00,9.974,10.319,9.037,9.283,6229429.5
2021-11-25 00:00:00+00:00,9.282,9.497,9.108,9.278,4190673.5
2021-11-26 00:00:00+00:00,9.279,9.385,7.83,8.27,9411550.4
2021-11-27 00:00:00+00:00,8.27,8.539,8.16,8.309,2709278.2
2021-11-28 00:00:00+00:00,8.311,8.731,7.53,8.396,5472183.5
2021-11-29 00:00:00+00:00,8.391,8.538,8.12,8.423,2684024.3
2021-11-30 00:00:00+00:00,8.424,9.0,8.201,8.743,6082250.4
2021-12-01 00:00:00+00:00,8.75,8.919,8.352,8.506,3675429.2
2021-12-02 00:00:00+00:00,8.502,8.511,8.068,8.232,3746987.8
2021-12-03 00:00:00+00:00,8.231,9.581,8.2,9.126,14357598.4
2021-12-04 00:00:00+00:00,9.125,9.162,6.123,7.973,20863252.9
2021-12-05 00:00:00+00:00,7.972,8.175,7.1,7.343,6242831.7
2021-12-06 00:00:00+00:00,7.344,7.429,6.63,7.263,8663621.3
2021-12-07 00:00:00+00:00,7.263,7.694,7.12,7.595,6658309.6
2021-12-08 00:00:00+00:00,7.6,9.8,7.491,9.339,19428063.2
2021-12-09 00:00:00+00:00,9.34,10.081,8.895,9.765,19347698.0
2021-12-10 00:00:00+00:00,9.761,10.384,9.101,10.008,16088976.8
2021-12-11 00:00:00+00:00,10.006,11.824,9.527,11.649,16454296.0
2021-12-12 00:00:00+00:00,11.639,11.86,10.516,10.572,10173420.3
2021-12-13 00:00:00+00:00,10.565,10.717,8.902,9.101,12556806.9
2021-12-14 00:00:00+00:00,9.103,9.688,8.903,9.33,9425524.6
2021-12-15 00:00:00+00:00,9.329,17.95,9.05,9.845,42680329.33
2021-12-16 00:00:00+00:00,9.847,11.006,9.2,9.233,11896394.2
2021-12-17 00:00:00+00:00,9.235,9.348,8.27,8.402,10180885.8
2021-12-18 00:00:00+00:00,8.399,8.547,8.084,8.414,6486650.0
2021-12-19 00:00:00+00:00,8.413,9.696,8.35,9.013,14948631.2
2021-12-20 00:00:00+00:00,9.016,9.088,8.264,8.509,11878190.9
2021-12-21 00:00:00+00:00,8.512,9.383,8.494,9.246,9378713.7
2021-12-22 00:00:00+00:00,9.246,11.8,9.078,10.825,27615235.1
2021-12-23 00:00:00+00:00,10.825,14.273,10.695,13.723,40321532.5
2021-12-24 00:00:00+00:00,13.724,15.939,13.508,14.95,29249621.6
2021-12-25 00:00:00+00:00,14.949,15.696,14.207,15.221,17066993.1
2021-12-26 00:00:00+00:00,15.226,16.301,14.514,16.261,12543856.0
2021-12-27 00:00:00+00:00,16.267,16.49,14.571,14.752,12980540.5
2021-12-28 00:00:00+00:00,14.754,14.825,13.036,13.335,17918983.5
2021-12-29 00:00:00+00:00,13.333,15.228,13.135,14.904,20101784.8
2021-12-30 00:00:00+00:00,14.907,15.531,14.056,15.43,17366223.8
2021-12-31 00:00:00+00:00,15.43,15.716,14.146,14.625,9136497.6
2022-01-01 00:00:00+00:00,14.619,15.326,14.43,15.175,5338109.4
2022-01-02 00:00:00+00:00,15.171,15.268,14.219,14.384,5634754.0
2022-01-03 00:00:00+00:00,14.387,16.49,13.906,16.485,13822823.2
2022-01-04 00:00:00+00:00,16.48,17.664,15.92,16.028,21452398.3
2022-01-05 00:00:00+00:00,16.029,17.298,14.0,15.309,18198848.5
2022-01-06 00:00:00+00:00,15.305,16.3,14.751,15.935,17682247.0
2022-01-07 00:00:00+00:00,15.935,16.05,14.278,15.057,16078326.8
2022-01-08 00:00:00+00:00,15.059,15.561,13.31,13.82,12265867.7
2022-01-09 00:00:00+00:00,13.82,14.316,13.103,13.519,7801429.7
2022-01-10 00:00:00+00:00,13.514,15.555,13.2,15.474,21510045.8
2022-01-11 00:00:00+00:00,15.474,18.441,15.292,18.045,22842154.9
2022-01-12 00:00:00+00:00,18.04,18.838,17.392,17.573,15768190.8
2022-01-13 00:00:00+00:00,17.574,19.877,17.172,19.623,20613100.57
2022-01-14 00:00:00+00:00,19.625,20.597,18.451,20.184,18119207.95
2022-01-15 00:00:00+00:00,20.193,20.299,19.032,19.283,6770365.2
2022-01-16 00:00:00+00:00,19.281,20.456,18.751,20.142,9327904.7
2022-01-17 00:00:00+00:00,20.142,20.182,17.358,17.692,11529269.0
2022-01-18 00:00:00+00:00,17.692,18.223,16.758,17.705,12486326.5
2022-01-19 00:00:00+00:00,17.704,17.857,16.165,16.21,11754017.8
2022-01-20 00:00:00+00:00,16.208,17.579,15.15,15.259,11565497.5
2022-01-21 00:00:00+00:00,15.254,15.706,11.93,13.224,27700767.6
2022-01-22 00:00:00+00:00,13.224,13.538,10.092,11.407,27432919.2
2022-01-23 00:00:00+00:00,11.408,12.585,10.823,11.696,18776863.3
2022-01-24 00:00:00+00:00,11.7,11.712,9.509,10.719,25040201.5
2022-01-25 00:00:00+00:00,10.719,12.498,9.973,12.135,17682492.5
2022-01-26 00:00:00+00:00,12.131,12.937,10.735,11.302,23614921.7
2022-01-27 00:00:00+00:00,11.298,11.772,9.936,10.541,18223245.6
2022-01-28 00:00:00+00:00,10.537,10.893,10.066,10.769,10654080.8
2022-01-29 00:00:00+00:00,10.773,11.378,10.65,11.048,7289215.4
2022-01-30 00:00:00+00:00,11.044,11.157,10.264,10.357,6386429.3
2022-01-31 00:00:00+00:00,10.357,11.367,10.029,11.12,8148127.8
2022-02-01 00:00:00+00:00,11.122,11.528,10.921,11.211,6977477.8
2022-02-02 00:00:00+00:00,11.209,11.95,10.851,10.863,10732381.9
2022-02-03 00:00:00+00:00,10.862,10.993,10.438,10.959,8093251.2
2022-02-04 00:00:00+00:00,10.957,13.164,10.832,12.984,15562189.8
2022-02-05 00:00:00+00:00,12.984,13.592,12.569,12.815,12927701.1
2022-02-06 00:00:00+00:00,12.82,13.973,12.74,13.495,11213044.3
2022-02-07 00:00:00+00:00,13.496,14.083,13.066,13.503,11610916.3
2022-02-08 00:00:00+00:00,13.51,13.75,12.2,12.778,12742429.9
2022-02-09 00:00:00+00:00,12.782,13.105,12.098,12.995,6802873.4
2022-02-10 00:00:00+00:00,12.996,13.005,11.699,11.787,8628835.1
2022-02-11 00:00:00+00:00,11.783,12.327,10.644,10.854,9115922.0
2022-02-12 00:00:00+00:00,10.854,11.247,10.4,10.793,7232911.9
2022-02-13 00:00:00+00:00,10.797,11.2,10.123,10.38,5480309.8
2022-02-14 00:00:00+00:00,10.379,10.676,10.041,10.554,5308924.2
2022-02-15 00:00:00+00:00,10.559,11.6,10.492,11.51,6906966.6
2022-02-16 00:00:00+00:00,11.512,11.519,10.824,11.223,4635594.6
2022-02-17 00:00:00+00:00,11.211,11.729,10.4,10.445,8724050.2
2022-02-18 00:00:00+00:00,10.451,10.947,10.115,10.275,6327293.2
2022-02-19 00:00:00+00:00,10.274,10.476,9.836,10.044,4431814.5
2022-02-20 00:00:00+00:00,10.044,10.081,9.088,9.293,5966735.0
2022-02-21 00:00:00+00:00,9.294,9.846,8.494,8.545,8819899.8
2022-02-22 00:00:00+00:00,8.547,9.024,8.205,8.965,7822610.1
2022-02-23 00:00:00+00:00,8.959,9.448,8.525,8.556,6861524.4
2022-02-24 00:00:00+00:00,8.558,8.824,7.385,8.488,17816580.6
2022-02-25 00:00:00+00:00,8.489,9.049,8.228,8.935,7865253.6
2022-02-26 00:00:00+00:00,8.935,9.396,8.881,9.117,6753506.1
2022-02-27 00:00:00+00:00,9.117,9.173,8.283,8.508,6840159.8
2022-02-28 00:00:00+00:00,8.512,9.78,8.309,9.759,9068323.4
2022-03-01 00:00:00+00:00,9.757,11.94,9.483,11.808,24409388.4
2022-03-02 00:00:00+00:00,11.809,11.914,10.75,11.085,14609538.5
2022-03-03 00:00:00+00:00,11.091,11.629,10.704,11.035,12178786.3
2022-03-04 00:00:00+00:00,11.031,11.79,10.301,10.428,16040157.8
2022-03-05 00:00:00+00:00,10.427,10.756,10.058,10.505,8445830.9
2022-03-06 00:00:00+00:00,10.504,10.874,10.087,10.094,10069605.8
2022-03-07 00:00:00+00:00,10.094,10.335,9.321,9.658,11018251.5
2022-03-08 00:00:00+00:00,9.657,9.953,9.544,9.731,6866407.3
2022-03-09 00:00:00+00:00,9.733,11.714,9.692,11.598,16831600.5
2022-03-10 00:00:00+00:00,11.599,11.99,10.503,11.042,19164662.7
2022-03-11 00:00:00+00:00,11.042,11.363,10.23,10.252,13896245.0
2022-03-12 00:00:00+00:00,10.248,10.633,10.234,10.327,6216409.3
2022-03-13 00:00:00+00:00,10.328,10.475,9.723,9.85,6517122.2
2022-03-14 00:00:00+00:00,9.848,10.195,9.608,10.13,8430692.5
2022-03-15 00:00:00+00:00,10.131,10.399,9.831,10.113,8637866.9
2022-03-16 00:00:00+00:00,10.115,10.847,9.925,10.815,11466162.6
2022-03-17 00:00:00+00:00,10.816,11.192,10.663,10.723,8221120.7
2022-03-18 00:00:00+00:00,10.723,11.495,10.423,11.355,7050605.7
2022-03-19 00:00:00+00:00,11.354,11.56,11.057,11.293,5790549.9
2022-03-20 00:00:00+00:00,11.293,11.343,10.58,10.653,4677098.5
2022-03-21 00:00:00+00:00,10.652,11.288,10.519,10.862,6530709.5
2022-03-22 00:00:00+00:00,10.862,11.5,10.804,11.07,7006834.7
2022-03-23 00:00:00+00:00,11.071,12.719,10.882,12.493,13695498.2
2022-03-24 00:00:00+00:00,12.492,13.2,11.903,12.896,12391485.3
2022-03-25 00:00:00+00:00,12.895,12.9,11.927,12.221,9306749.5
2022-03-26 00:00:00+00:00,12.221,13.544,12.145,12.714,10830250.3
2022-03-27 00:00:00+00:00,12.716,13.227,12.482,13.197,7187618.0
2022-03-28 00:00:00+00:00,13.196,13.499,12.505,12.64,9740299.5
2022-03-29 00:00:00+00:00,12.641,14.428,12.599,14.101,15928040.8
2022-03-30 00:00:00+00:00,14.097,14.712,13.53,14.034,10958136.5
2022-03-31 00:00:00+00:00,14.034,14.383,12.97,13.302,10499897.8
2022-04-01 00:00:00+00:00,13.301,14.75,12.533,14.74,11251454.5
2022-04-02 00:00:00+00:00,14.738,16.288,14.361,14.825,16409947.3
2022-04-03 00:00:00+00:00,14.825,17.43,14.551,16.813,20711278.2
2022-04-04 00:00:00+00:00,16.806,18.0,15.311,17.115,27615632.2
2022-04-05 00:00:00+00:00,17.111,17.65,15.863,16.14,16550530.6
2022-04-06 00:00:00+00:00,16.14,17.083,15.078,15.272,34100746.3
2022-04-07 00:00:00+00:00,15.262,17.5,14.597,17.447,21698679.5
2022-04-08 00:00:00+00:00,17.439,19.788,17.064,17.527,47190840.8
2022-04-09 00:00:00+00:00,17.522,18.186,16.111,17.553,20825524.0
2022-04-10 00:00:00+00:00,17.552,17.697,15.711,15.804,13453229.7
2022-04-11 00:00:00+00:00,15.799,16.452,14.931,16.051,24293805.9
2022-04-12 00:00:00+00:00,16.051,17.174,15.563,16.53,26404563.9
2022-04-13 00:00:00+00:00,16.53,16.988,15.592,16.837,13794874.9
2022-04-14 00:00:00+00:00,16.833,17.766,15.924,16.384,16000883.8
2022-04-15 00:00:00+00:00,16.385,16.564,15.655,16.032,10144087.5
2022-04-16 00:00:00+00:00,16.032,16.307,15.545,15.934,6043635.4
2022-04-17 00:00:00+00:00,15.936,16.813,15.6,15.682,8370547.8
2022-04-18 00:00:00+00:00,15.681,16.349,14.682,16.169,14489934.1
2022-04-19 00:00:00+00:00,16.169,17.55,16.159,17.417,18447988.9
2022-04-20 00:00:00+00:00,17.417,17.82,16.345,16.654,15236513.7
2022-04-21 00:00:00+00:00,16.649,17.181,15.1,15.64,16961192.3
2022-04-22 00:00:00+00:00,15.64,15.839,15.053,15.569,10839843.0
2022-04-23 00:00:00+00:00,15.569,15.927,15.111,15.326,7006793.4
2022-04-24 00:00:00+00:00,15.325,15.582,14.822,15.006,7788475.9
2022-04-25 00:00:00+00:00,15.006,15.056,13.57,14.275,18987008.0
2022-04-26 00:00:00+00:00,14.274,15.2,12.362,12.685,18150215.6
2022-04-27 00:00:00+00:00,12.688,13.281,12.442,12.879,14373076.3
2022-04-28 00:00:00+00:00,12.879,13.15,12.25,12.402,11752863.1
2022-04-29 00:00:00+00:00,12.402,12.54,11.11,11.289,12397766.0
2022-04-30 00:00:00+00:00,11.288,11.795,10.1,10.336,11668267.0
2022-05-01 00:00:00+00:00,10.335,12.294,10.136,11.837,18414456.2
2022-05-02 00:00:00+00:00,11.84,12.199,11.087,11.849,16510041.7
2022-05-03 00:00:00+00:00,11.849,12.176,11.306,11.998,11250996.1
2022-05-04 00:00:00+00:00,11.999,13.06,11.868,12.979,15747141.3
2022-05-05 00:00:00+00:00,12.98,13.195,10.788,11.217,18412760.5
2022-05-06 00:00:00+00:00,11.215,11.328,10.418,10.779,13831512.9
2022-05-07 00:00:00+00:00,10.779,10.86,10.033,10.438,8451929.3
2022-05-08 00:00:00+00:00,10.436,11.257,9.85,11.145,16000809.8
2022-05-09 00:00:00+00:00,11.147,11.686,9.35,9.399,32111806.0
2022-05-10 00:00:00+00:00,9.398,10.927,8.86,9.563,31164956.6
2022-05-11 00:00:00+00:00,9.568,9.893,5.3,6.508,62496252.0
2022-05-12 00:00:00+00:00,6.512,7.35,5.26,6.421,46607823.5
2022-05-13 00:00:00+00:00,6.415,7.661,6.082,6.53,38206820.2
2022-05-14 00:00:00+00:00,6.531,6.892,5.959,6.678,15167801.4
2022-05-15 00:00:00+00:00,6.678,7.5,6.498,7.349,13136382.6
2022-05-16 00:00:00+00:00,7.348,7.348,6.436,6.543,13789149.4
2022-05-17 00:00:00+00:00,6.543,6.98,6.275,6.679,11702774.1
2022-05-18 00:00:00+00:00,6.679,6.78,5.871,5.923,13557357.4
2022-05-19 00:00:00+00:00,5.922,6.271,5.566,6.102,16152288.4
2022-05-20 00:00:00+00:00,6.102,6.275,5.637,5.752,12031711.9
2022-05-21 00:00:00+00:00,5.751,6.198,5.614,6.136,8236988.6
2022-05-22 00:00:00+00:00,6.136,6.387,5.992,6.242,10400866.2
2022-05-23 00:00:00+00:00,6.24,6.531,5.739,5.846,13820911.8
2022-05-24 00:00:00+00:00,5.846,6.037,5.522,5.97,13351363.3
2022-05-25 00:00:00+00:00,5.965,6.097,5.686,5.758,14401809.8
2022-05-26 00:00:00+00:00,5.757,5.829,5.06,5.231,23141924.6
2022-05-27 00:00:00+00:00,5.232,5.311,4.675,4.806,24475984.8
2022-05-28 00:00:00+00:00,4.805,5.054,4.718,4.998,10258763.7
2022-05-29 00:00:00+00:00,4.997,5.22,4.779,5.182,9585828.2
2022-05-30 00:00:00+00:00,5.181,5.822,5.101,5.76,17668616.9
2022-05-31 00:00:00+00:00,5.759,6.548,5.721,5.957,27157430.5
2022-06-01 00:00:00+00:00,5.956,5.994,5.237,5.343,18445117.6
2022-06-02 00:00:00+00:00,5.344,5.653,5.155,5.603,12176661.4
2022-06-03 00:00:00+00:00,5.605,5.64,5.134,5.252,8446131.1
2022-06-04 00:00:00+00:00,5.254,5.401,5.112,5.329,6058781.4
2022-06-05 00:00:00+00:00,5.329,5.511,5.209,5.331,5076600.1
2022-06-06 00:00:00+00:00,5.33,5.768,5.308,5.486,11617166.3
2022-06-07 00:00:00+00:00,5.486,5.494,5.052,5.198,11345301.5
2022-06-08 00:00:00+00:00,5.198,5.357,5.06,5.065,7289064.1
2022-06-09 00:00:00+00:00,5.065,5.218,4.992,5.083,5888089.9
2022-06-10 00:00:00+00:00,5.082,5.114,4.447,4.496,12528091.0
2022-06-11 00:00:00+00:00,4.497,4.683,4.0,4.1,11395434.2
2022-06-12 00:00:00+00:00,4.101,4.154,3.69,3.695,17857448.0
2022-06-13 00:00:00+00:00,3.694,3.736,3.089,3.517,30783549.5
2022-06-14 00:00:00+00:00,3.52,3.695,3.17,3.38,24170332.2
2022-06-15 00:00:00+00:00,3.383,3.875,3.038,3.813,25681623.9
2022-06-16 00:00:00+00:00,3.812,3.835,3.131,3.226,18371781.5
2022-06-17 00:00:00+00:00,3.225,3.511,3.176,3.374,13202845.4
2022-06-18 00:00:00+00:00,3.375,3.412,2.875,3.095,15491070.82
2022-06-19 00:00:00+00:00,3.095,3.348,2.975,3.288,14158024.5
2022-06-20 00:00:00+00:00,3.288,3.57,2.995,3.409,17212881.4
2022-06-21 00:00:00+00:00,3.409,3.705,3.384,3.518,15413725.5
2022-06-22 00:00:00+00:00,3.518,3.528,3.266,3.28,13065671.4
2022-06-23 00:00:00+00:00,3.281,3.585,3.273,3.554,9639006.1
2022-06-24 00:00:00+00:00,3.554,4.113,3.554,3.993,17672824.0
2022-06-25 00:00:00+00:00,3.993,4.4,3.932,4.172,20282391.5
2022-06-26 00:00:00+00:00,4.173,4.335,3.77,3.792,12425073.7
2022-06-27 00:00:00+00:00,3.792,4.007,3.632,3.739,12065215.3
2022-06-28 00:00:00+00:00,3.739,3.783,3.39,3.417,14493380.3
2022-06-29 00:00:00+00:00,3.417,3.56,3.335,3.429,12442462.7
2022-06-30 00:00:00+00:00,3.43,3.438,3.125,3.338,11718512.1
2022-07-01 00:00:00+00:00,3.338,3.459,3.234,3.352,11590819.3
2022-07-02 00:00:00+00:00,3.353,3.427,3.219,3.312,6117446.2
2022-07-03 00:00:00+00:00,3.313,3.349,3.202,3.323,6465455.9
2022-07-04 00:00:00+00:00,3.322,3.559,3.21,3.521,8656935.7
2022-07-05 00:00:00+00:00,3.521,3.593,3.262,3.393,12061320.8
2022-07-06 00:00:00+00:00,3.393,3.55,3.312,3.501,11018251.9
2022-07-07 00:00:00+00:00,3.502,3.778,3.437,3.704,10514327.8
2022-07-08 00:00:00+00:00,3.705,3.848,3.489,3.587,12564969.4
2022-07-09 00:00:00+00:00,3.587,3.879,3.586,3.793,11083048.0
2022-07-10 00:00:00+00:00,3.794,3.826,3.5,3.526,8664632.8
2022-07-11 00:00:00+00:00,3.526,3.535,3.21,3.225,8830979.1
2022-07-12 00:00:00+00:00,3.225,3.339,3.179,3.188,7601884.0
2022-07-13 00:00:00+00:00,3.188,3.345,3.038,3.337,12464940.6
2022-07-14 00:00:00+00:00,3.337,3.533,3.221,3.492,11316621.6
2022-07-15 00:00:00+00:00,3.49,3.638,3.433,3.502,9574440.2
2022-07-16 00:00:00+00:00,3.501,3.67,3.374,3.643,8856448.7
2022-07-17 00:00:00+00:00,3.645,3.767,3.508,3.524,10095353.6
2022-07-18 00:00:00+00:00,3.524,4.117,3.516,4.062,19177480.4
2022-07-19 00:00:00+00:00,4.062,4.667,4.006,4.533,29178130.0
2022-07-20 00:00:00+00:00,4.533,4.628,4.139,4.184,18176526.5
2022-07-21 00:00:00+00:00,4.183,4.498,4.043,4.375,12339335.6
2022-07-22 00:00:00+00:00,4.376,4.759,4.284,4.321,15047954.0
2022-07-23 00:00:00+00:00,4.321,4.477,4.133,4.308,8867442.4
2022-07-24 00:00:00+00:00,4.308,4.494,4.253,4.352,7649328.1
2022-07-25 00:00:00+00:00,4.351,4.385,3.779,3.787,12964537.7
2022-07-26 00:00:00+00:00,3.788,3.807,3.567,3.755,11519232.0
2022-07-27 00:00:00+00:00,3.756,4.163,3.638,4.149,11513994.7
2022-07-28 00:00:00+00:00,4.151,4.458,4.029,4.368,17066764.8
2022-07-29 00:00:00+00:00,4.368,4.586,4.182,4.369,14597933.2
2022-07-30 00:00:00+00:00,4.369,4.69,4.287,4.359,14918656.0
2022-07-31 00:00:00+00:00,4.359,4.592,4.215,4.231,11328881.8
2022-08-01 00:00:00+00:00,4.231,4.372,4.119,4.272,9217526.8
2022-08-02 00:00:00+00:00,4.272,4.459,4.035,4.311,12050572.9
2022-08-03 00:00:00+00:00,4.311,4.664,4.158,4.512,13574101.0
2022-08-04 00:00:00+00:00,4.512,4.749,4.321,4.421,14575458.2
2022-08-05 00:00:00+00:00,4.421,5.28,4.395,5.196,26060129.9
2022-08-06 00:00:00+00:00,5.198,5.199,4.878,4.902,11931788.6
2022-08-07 00:00:00+00:00,4.903,5.191,4.807,4.98,11854561.9
2022-08-08 00:00:00+00:00,4.981,5.732,4.977,5.489,18939747.3
2022-08-09 00:00:00+00:00,5.489,5.61,5.166,5.365,15409576.7
2022-08-10 00:00:00+00:00,5.365,6.075,5.178,5.904,28401298.1
2022-08-11 00:00:00+00:00,5.907,5.965,5.706,5.761,12591304.1
2022-08-12 00:00:00+00:00,5.762,6.067,5.627,5.975,13138534.0
2022-08-13 00:00:00+00:00,5.977,6.111,5.824,5.884,8144585.7
2022-08-14 00:00:00+00:00,5.885,5.939,5.521,5.616,7495021.9
2022-08-15 00:00:00+00:00,5.618,5.82,5.295,5.399,10895782.5
2022-08-16 00:00:00+00:00,5.4,5.52,5.233,5.264,10379272.5
2022-08-17 00:00:00+00:00,5.262,5.512,4.925,4.989,13549448.8
2022-08-18 00:00:00+00:00,4.99,5.204,4.82,4.853,10016857.9
2022-08-19 00:00:00+00:00,4.853,4.94,4.194,4.25,23618402.6
2022-08-20 00:00:00+00:00,4.249,4.444,4.019,4.151,17257440.7
2022-08-21 00:00:00+00:00,4.151,4.307,4.081,4.227,11166511.6
2022-08-22 00:00:00+00:00,4.228,4.235,3.927,4.119,14798385.0
2022-08-23 00:00:00+00:00,4.118,4.418,4.004,4.304,15438177.8
2022-08-24 00:00:00+00:00,4.308,4.402,4.144,4.269,10329613.1
2022-08-25 00:00:00+00:00,4.27,4.448,4.203,4.314,8754391.7
2022-08-26 00:00:00+00:00,4.315,4.437,3.891,3.938,19532425.1
2022-08-27 00:00:00+00:00,3.937,3.977,3.824,3.916,9999030.6
2022-08-28 00:00:00+00:00,3.916,3.942,3.737,3.764,8472280.2
2022-08-29 00:00:00+00:00,3.764,4.058,3.692,4.033,10117379.3
2022-08-30 00:00:00+00:00,4.034,4.29,3.954,4.2,14015677.1
2022-08-31 00:00:00+00:00,4.201,4.57,4.191,4.374,16732324.0
2022-09-01 00:00:00+00:00,4.373,4.43,4.185,4.346,11305020.8
2022-09-02 00:00:00+00:00,4.347,4.39,4.114,4.178,8636067.2
2022-09-03 00:00:00+00:00,4.178,4.214,4.122,4.171,3477019.9
2022-09-04 00:00:00+00:00,4.171,4.248,4.088,4.24,4442575.1
2022-09-05 00:00:00+00:00,4.24,4.283,4.115,4.233,5105227.4
2022-09-06 00:00:00+00:00,4.233,4.539,3.959,4.071,19776299.3
2022-09-07 00:00:00+00:00,4.072,4.429,4.03,4.378,12042146.8
2022-09-08 00:00:00+00:00,4.378,4.714,4.378,4.69,16552205.4
2022-09-09 00:00:00+00:00,4.688,4.9,4.616,4.811,10904921.6
2022-09-10 00:00:00+00:00,4.813,4.912,4.652,4.815,10626095.7
2022-09-11 00:00:00+00:00,4.816,5.046,4.628,4.896,11780612.1
2022-09-12 00:00:00+00:00,4.896,5.278,4.71,5.092,21265195.8
2022-09-13 00:00:00+00:00,5.094,5.096,4.403,4.419,20575453.0
2022-09-14 00:00:00+00:00,4.419,4.547,4.341,4.508,10135405.4
2022-09-15 00:00:00+00:00,4.507,4.521,4.13,4.184,10588656.3
2022-09-16 00:00:00+00:00,4.185,4.25,4.093,4.206,7517571.4
2022-09-17 00:00:00+00:00,4.207,4.39,4.203,4.379,6262940.2
2022-09-18 00:00:00+00:00,4.38,4.411,3.82,3.916,10394849.3
2022-09-19 00:00:00+00:00,3.917,4.08,3.806,4.055,12024692.8
2022-09-20 00:00:00+00:00,4.054,4.091,3.8,3.82,10642065.6
2022-09-21 00:00:00+00:00,3.82,4.039,3.546,3.641,15176741.7
2022-09-22 00:00:00+00:00,3.641,3.899,3.621,3.865,9297180.9
2022-09-23 00:00:00+00:00,3.866,3.95,3.612,3.792,11512240.6
2022-09-24 00:00:00+00:00,3.792,3.872,3.667,3.699,6087647.1
2022-09-25 00:00:00+00:00,3.699,3.769,3.611,3.649,4925193.4
2022-09-26 00:00:00+00:00,3.648,3.73,3.557,3.686,7553874.5
2022-09-27 00:00:00+00:00,3.687,3.821,3.553,3.618,10281841.2
2022-09-28 00:00:00+00:00,3.618,3.644,3.446,3.578,7540282.4
2022-09-29 00:00:00+00:00,3.579,3.609,3.503,3.587,5763496.5
2022-09-30 00:00:00+00:00,3.587,3.648,3.512,3.559,6515139.1
2022-10-01 00:00:00+00:00,3.559,3.595,3.527,3.556,2626308.7
2022-10-02 00:00:00+00:00,3.556,3.617,3.466,3.48,3730030.5
2022-10-03 00:00:00+00:00,3.48,3.565,3.411,3.541,5439659.8
2022-10-04 00:00:00+00:00,3.542,3.655,3.527,3.623,4994461.6
2022-10-05 00:00:00+00:00,3.623,3.729,3.546,3.696,7903442.2
2022-10-06 00:00:00+00:00,3.696,3.764,3.583,3.623,5749678.3
2022-10-07 00:00:00+00:00,3.622,3.628,3.514,3.552,4346318.0
2022-10-08 00:00:00+00:00,3.551,3.578,3.462,3.494,3275403.9
2022-10-09 00:00:00+00:00,3.494,3.534,3.484,3.518,2027270.5
2022-10-10 00:00:00+00:00,3.518,3.55,3.217,3.218,6913461.5
2022-10-11 00:00:00+00:00,3.217,3.24,3.078,3.173,12453063.7
2022-10-12 00:00:00+00:00,3.173,3.214,3.122,3.155,5474227.3
2022-10-13 00:00:00+00:00,3.154,3.16,2.76,3.04,21749805.2
2022-10-14 00:00:00+00:00,3.039,3.182,2.955,3.007,8111508.6
2022-10-15 00:00:00+00:00,3.006,3.018,2.916,2.924,4470389.4
2022-10-16 00:00:00+00:00,2.924,3.037,2.92,3.002,3760709.4
2022-10-17 00:00:00+00:00,3.002,3.072,2.965,3.061,4076821.2
2022-10-18 00:00:00+00:00,3.061,3.098,2.894,2.966,7157988.2
2022-10-19 00:00:00+00:00,2.966,2.973,2.796,2.826,6561954.3
2022-10-20 00:00:00+00:00,2.827,2.943,2.784,2.87,6367842.2
2022-10-21 00:00:00+00:00,2.871,2.918,2.726,2.887,7201806.1
2022-10-22 00:00:00+00:00,2.887,2.947,2.825,2.919,4550174.3
2022-10-23 00:00:00+00:00,2.92,3.0,2.845,2.983,6103696.7
2022-10-24 00:00:00+00:00,2.983,3.015,2.875,2.919,7266365.8
2022-10-25 00:00:00+00:00,2.919,3.086,2.889,3.001,9922859.5
2022-10-26 00:00:00+00:00,3.001,3.115,2.998,3.055,10521661.4
2022-10-27 00:00:00+00:00,3.055,3.178,2.937,2.964,11481721.3
2022-10-28 00:00:00+00:00,2.963,3.065,2.89,3.023,7927071.3
2022-10-29 00:00:00+00:00,3.022,3.171,3.02,3.088,10350711.8
2022-10-30 00:00:00+00:00,3.089,3.236,3.054,3.101,8778536.5
2022-10-31 00:00:00+00:00,3.101,3.189,3.043,3.106,7742729.6
2022-11-01 00:00:00+00:00,3.105,3.165,3.005,3.013,16484770.6
2022-11-02 00:00:00+00:00,3.013,3.03,2.825,2.901,10352126.5
2022-11-03 00:00:00+00:00,2.901,3.125,2.882,3.03,11071908.8
2022-11-04 00:00:00+00:00,3.03,3.308,3.009,3.307,14661487.4
2022-11-05 00:00:00+00:00,3.307,3.443,3.26,3.332,12907453.6
2022-11-06 00:00:00+00:00,3.333,3.361,3.079,3.094,8497904.0
2022-11-07 00:00:00+00:00,3.094,3.146,2.971,3.051,8797121.7
2022-11-08 00:00:00+00:00,3.05,3.072,2.39,2.633,21978341.0
2022-11-09 00:00:00+00:00,2.633,2.66,1.978,2.03,33890852.48
2022-11-10 00:00:00+00:00,2.03,2.381,1.99,2.315,27859121.9
2022-11-11 00:00:00+00:00,2.315,2.321,2.038,2.131,17568135.7
2022-11-12 00:00:00+00:00,2.131,2.137,1.953,2.0,22297890.6
2022-11-13 00:00:00+00:00,2.0,2.078,1.89,1.953,15518343.6
2022-11-14 00:00:00+00:00,1.953,2.023,1.8,1.971,17148826.8
2022-11-15 00:00:00+00:00,1.971,2.046,1.93,1.98,9660614.9
2022-11-16 00:00:00+00:00,1.981,2.019,1.891,1.922,7793135.6
2022-11-17 00:00:00+00:00,1.922,1.937,1.816,1.832,11235158.7
2022-11-18 00:00:00+00:00,1.832,1.87,1.752,1.784,13484028.8
2022-11-19 00:00:00+00:00,1.784,1.788,1.703,1.747,12681787.6
2022-11-20 00:00:00+00:00,1.748,1.762,1.552,1.57,16492619.57
2022-11-21 00:00:00+00:00,1.569,1.584,1.432,1.56,27412640.0
2022-11-22 00:00:00+00:00,1.56,1.649,1.492,1.627,18626063.2
2022-11-23 00:00:00+00:00,1.627,1.699,1.585,1.692,14861685.1
2022-11-24 00:00:00+00:00,1.692,1.733,1.625,1.643,11230409.1
2022-11-25 00:00:00+00:00,1.644,1.658,1.596,1.646,6694501.7
2022-11-26 00:00:00+00:00,1.647,1.704,1.588,1.612,8231656.5
2022-11-27 00:00:00+00:00,1.612,1.677,1.597,1.614,8110576.7
2022-11-28 00:00:00+00:00,1.615,1.627,1.482,1.591,13147693.0
2022-11-29 00:00:00+00:00,1.591,1.638,1.561,1.606,8169064.1
2022-11-30 00:00:00+00:00,1.606,1.753,1.606,1.723,14672588.4
2022-12-01 00:00:00+00:00,1.723,1.768,1.686,1.742,12344001.2
2022-12-02 00:00:00+00:00,1.742,1.8,1.711,1.756,11302172.9
2022-12-03 00:00:00+00:00,1.756,1.756,1.664,1.67,6354284.8
2022-12-04 00:00:00+00:00,1.669,1.74,1.668,1.723,6672540.0
2022-12-05 00:00:00+00:00,1.723,1.78,1.682,1.718,11200024.3
2022-12-06 00:00:00+00:00,1.718,1.79,1.714,1.789,11250335.8
2022-12-07 00:00:00+00:00,1.79,1.83,1.666,1.691,14024691.3
2022-12-08 00:00:00+00:00,1.691,1.715,1.638,1.706,8778615.7
2022-12-09 00:00:00+00:00,1.706,1.738,1.681,1.698,5903614.4
2022-12-10 00:00:00+00:00,1.697,1.73,1.686,1.705,3028627.4
2022-12-11 00:00:00+00:00,1.704,1.713,1.622,1.633,4474359.9
2022-12-12 00:00:00+00:00,1.633,1.642,1.568,1.631,8304305.0
2022-12-13 00:00:00+00:00,1.632,1.766,1.557,1.71,13225382.1
2022-12-14 00:00:00+00:00,1.71,1.735,1.651,1.659,10580131.1
2022-12-15 00:00:00+00:00,1.659,1.669,1.585,1.59,6700035.2
2022-12-16 00:00:00+00:00,1.592,1.61,1.346,1.37,12864791.7
2022-12-17 00:00:00+00:00,1.37,1.404,1.342,1.395,9842880.0
2022-12-18 00:00:00+00:00,1.395,1.398,1.346,1.364,5244223.4
2022-12-19 00:00:00+00:00,1.364,1.384,1.229,1.259,15072137.1
2022-12-20 00:00:00+00:00,1.26,1.351,1.254,1.343,11095137.4
2022-12-21 00:00:00+00:00,1.343,1.353,1.277,1.307,9262031.5
2022-12-22 00:00:00+00:00,1.306,1.325,1.271,1.322,6798476.8
2022-12-23 00:00:00+00:00,1.322,1.366,1.315,1.341,5494658.0
2022-12-24 00:00:00+00:00,1.342,1.353,1.327,1.337,2608743.3
2022-12-25 00:00:00+00:00,1.337,1.341,1.299,1.332,4082344.9
2022-12-26 00:00:00+00:00,1.333,1.365,1.331,1.362,3770646.0
2022-12-27 00:00:00+00:00,1.363,1.379,1.329,1.362,6572959.6
2022-12-28 00:00:00+00:00,1.363,1.364,1.293,1.316,7644817.2
2022-12-29 00:00:00+00:00,1.315,1.332,1.266,1.297,6608595.5
2022-12-30 00:00:00+00:00,1.297,1.304,1.238,1.277,7185607.7
2022-12-31 00:00:00+00:00,1.277,1.284,1.246,1.256,3423417.5
2023-01-01 00:00:00+00:00,1.256,1.285,1.239,1.276,4042516.7
2023-01-02 00:00:00+00:00,1.276,1.326,1.256,1.314,6170515.3
2023-01-03 00:00:00+00:00,1.314,1.365,1.304,1.335,7038132.0
2023-01-04 00:00:00+00:00,1.334,1.63,1.329,1.55,30388420.0
2023-01-05 00:00:00+00:00,1.55,1.666,1.507,1.524,18142157.3
2023-01-06 00:00:00+00:00,1.524,1.616,1.48,1.591,14942285.8
2023-01-07 00:00:00+00:00,1.592,1.602,1.543,1.56,5343944.1
2023-01-08 00:00:00+00:00,1.56,1.659,1.514,1.647,11913659.0
2023-01-09 00:00:00+00:00,1.647,1.725,1.621,1.642,24012933.1
2023-01-10 00:00:00+00:00,1.642,1.668,1.593,1.644,10391895.3
2023-01-11 00:00:00+00:00,1.645,1.839,1.554,1.82,25077718.8
2023-01-12 00:00:00+00:00,1.821,1.887,1.711,1.831,30796041.5
2023-01-13 00:00:00+00:00,1.83,2.023,1.779,1.956,22878776.4
2023-01-14 00:00:00+00:00,1.957,2.356,1.948,2.251,52656530.4
2023-01-15 00:00:00+00:00,2.252,2.274,2.105,2.24,20795628.5
2023-01-16 00:00:00+00:00,2.241,2.442,2.066,2.192,29624289.7
2023-01-17 00:00:00+00:00,2.192,2.266,2.145,2.156,16802041.9
2023-01-18 00:00:00+00:00,2.156,2.232,1.953,1.972,23336897.3
2023-01-19 00:00:00+00:00,1.972,2.159,1.97,2.096,17177752.4
2023-01-20 00:00:00+00:00,2.096,2.406,2.046,2.388,19445886.3
2023-01-21 00:00:00+00:00,2.389,2.475,2.3,2.324,24184976.0
2023-01-22 00:00:00+00:00,2.324,2.596,2.318,2.399,24843558.5
2023-01-23 00:00:00+00:00,2.399,2.71,2.395,2.544,25005546.0
2023-01-24 00:00:00+00:00,2.544,2.622,2.308,2.355,16261913.2
2023-01-25 00:00:00+00:00,2.355,2.635,2.278,2.545,19190076.7
2023-01-26 00:00:00+00:00,2.547,2.72,2.49,2.521,21700792.9
2023-01-27 00:00:00+00:00,2.521,2.588,2.381,2.557,23573876.7
2023-01-28 00:00:00+00:00,2.559,2.69,2.429,2.47,17585789.9
2023-01-29 00:00:00+00:00,2.47,2.608,2.433,2.571,12617519.9
2023-01-30 00:00:00+00:00,2.571,2.584,2.222,2.307,17760310.4
2023-01-31 00:00:00+00:00,2.306,2.38,2.271,2.328,14656896.5
2023-02-01 00:00:00+00:00,2.327,2.433,2.165,2.427,25875828.3
2023-02-02 00:00:00+00:00,2.427,2.578,2.403,2.444,22961520.6
2023-02-03 00:00:00+00:00,2.444,2.521,2.4,2.507,12415228.0
2023-02-04 00:00:00+00:00,2.507,2.58,2.426,2.501,10048130.7
2023-02-05 00:00:00+00:00,2.501,2.556,2.328,2.386,13159042.5
2023-02-06 00:00:00+00:00,2.386,2.43,2.281,2.308,11216592.8
2023-02-07 00:00:00+00:00,2.309,2.512,2.303,2.493,13000441.5
2023-02-08 00:00:00+00:00,2.493,2.846,2.472,2.639,36071912.7
2023-02-09 00:00:00+00:00,2.638,2.642,2.201,2.27,25825834.1
2023-02-10 00:00:00+00:00,2.27,2.306,2.198,2.25,14352326.2
2023-02-11 00:00:00+00:00,2.25,2.295,2.203,2.285,6795610.3
2023-02-12 00:00:00+00:00,2.284,2.374,2.193,2.237,10693637.2
2023-02-13 00:00:00+00:00,2.236,2.252,2.089,2.187,14139128.6
2023-02-14 00:00:00+00:00,2.187,2.259,2.107,2.246,13780998.6
2023-02-15 00:00:00+00:00,2.248,2.53,2.206,2.515,18966106.0
2023-02-16 00:00:00+00:00,2.516,2.556,2.301,2.311,23627914.4
2023-02-17 00:00:00+00:00,2.311,2.485,2.297,2.456,15288839.6
2023-02-18 00:00:00+00:00,2.457,2.705,2.456,2.576,20621477.6
2023-02-19 00:00:00+00:00,2.575,2.705,2.511,2.575,18681306.6
2023-02-20 00:00:00+00:00,2.577,2.765,2.483,2.702,19380398.9
2023-02-21 00:00:00+00:00,2.702,2.715,2.489,2.569,17236286.0
2023-02-22 00:00:00+00:00,2.568,2.572,2.396,2.508,13679243.8
2023-02-23 00:00:00+00:00,2.508,2.565,2.415,2.47,9101741.9
2023-02-24 00:00:00+00:00,2.471,2.49,2.253,2.313,11523805.7
2023-02-25 00:00:00+00:00,2.314,2.337,2.193,2.289,9058832.6
2023-02-26 00:00:00+00:00,2.288,2.386,2.271,2.376,5586699.2
2023-02-27 00:00:00+00:00,2.375,2.434,2.285,2.346,8490476.2
2023-02-28 00:00:00+00:00,2.346,2.383,2.213,2.23,7970602.2
2023-03-01 00:00:00+00:00,2.23,2.368,2.203,2.319,8148716.8
2023-03-02 00:00:00+00:00,2.319,2.332,2.208,2.259,6690279.6
2023-03-03 00:00:00+00:00,2.26,2.26,2.02,2.098,12583900.9
2023-03-04 00:00:00+00:00,2.099,2.118,1.98,2.05,7114453.0
2023-03-05 00:00:00+00:00,2.051,2.118,2.017,2.031,6308339.5
2023-03-06 00:00:00+00:00,2.03,2.078,1.983,2.055,8932485.3
2023-03-07 00:00:00+00:00,2.055,2.094,1.943,2.002,10135661.2
2023-03-08 00:00:00+00:00,2.002,2.015,1.816,1.842,12276420.9
2023-03-09 00:00:00+00:00,1.842,1.915,1.724,1.788,14873839.0
2023-03-10 00:00:00+00:00,1.788,1.813,1.669,1.798,16739229.7
2023-03-11 00:00:00+00:00,1.798,1.863,1.691,1.797,15215989.7
2023-03-12 00:00:00+00:00,1.797,1.979,1.763,1.941,11652011.1
2023-03-13 00:00:00+00:00,1.942,2.055,1.892,2.036,21260728.6
2023-03-14 00:00:00+00:00,2.037,2.212,1.973,2.116,18413769.8
2023-03-15 00:00:00+00:00,2.115,2.155,1.866,1.921,17144309.6
2023-03-16 00:00:00+00:00,1.922,1.979,1.891,1.963,9980513.8
2023-03-17 00:00:00+00:00,1.963,2.164,1.936,2.163,10678550.3
2023-03-18 00:00:00+00:00,2.163,2.215,2.062,2.079,12359582.7
2023-03-19 00:00:00+00:00,2.079,2.198,2.077,2.132,12598448.0
2023-03-20 00:00:00+00:00,2.134,2.17,1.966,1.994,18593606.9
2023-03-21 00:00:00+00:00,1.993,2.083,1.909,2.068,15296608.2
2023-03-22 00:00:00+00:00,2.069,2.078,1.875,1.946,19141264.0
2023-03-23 00:00:00+00:00,1.947,2.073,1.92,2.044,12780058.7
2023-03-24 00:00:00+00:00,2.045,2.051,1.927,1.963,9819952.9
2023-03-25 00:00:00+00:00,1.963,1.997,1.892,1.923,5598256.2
2023-03-26 00:00:00+00:00,1.923,1.982,1.915,1.957,3889052.4
2023-03-27 00:00:00+00:00,1.958,1.967,1.813,1.845,8113678.7
2023-03-28 00:00:00+00:00,1.844,1.904,1.809,1.883,5986425.1
2023-03-29 00:00:00+00:00,1.883,2.005,1.877,2.0,8255112.1
2023-03-30 00:00:00+00:00,2.0,2.038,1.902,1.927,8438719.9
2023-03-31 00:00:00+00:00,1.926,2.011,1.884,1.99,6361490.5
2023-04-01 00:00:00+00:00,1.99,2.009,1.957,1.987,4192210.2
2023-04-02 00:00:00+00:00,1.988,2.01,1.888,1.92,5270011.1
2023-04-03 00:00:00+00:00,1.92,2.021,1.854,1.948,10388832.8
2023-04-04 00:00:00+00:00,1.949,2.012,1.916,1.996,7175290.7
2023-04-05 00:00:00+00:00,1.996,2.08,1.982,2.027,9118705.7
2023-04-06 00:00:00+00:00,2.028,2.031,1.937,1.989,5464682.8
2023-04-07 00:00:00+00:00,1.988,2.029,1.952,2.018,5242617.8
2023-04-08 00:00:00+00:00,2.018,2.022,1.953,1.97,3812598.4
2023-04-09 00:00:00+00:00,1.97,2.04,1.93,2.006,4555310.8
2023-04-10 00:00:00+00:00,2.006,2.07,1.966,2.068,5853753.8
2023-04-11 00:00:00+00:00,2.068,2.108,2.038,2.052,8581394.5
2023-04-12 00:00:00+00:00,2.052,2.245,1.97,2.226,25428791.3
2023-04-13 00:00:00+00:00,2.226,2.228,2.156,2.203,12819673.3
2023-04-14 00:00:00+00:00,2.202,2.285,2.152,2.221,14172016.6
2023-04-15 00:00:00+00:00,2.221,2.409,2.174,2.316,16330812.1
2023-04-16 00:00:00+00:00,2.316,2.356,2.263,2.323,8448728.9
2023-04-17 00:00:00+00:00,2.322,2.336,2.236,2.287,11101966.6
2023-04-18 00:00:00+00:00,2.288,2.401,2.237,2.346,10781056.5
2023-04-19 00:00:00+00:00,2.346,2.404,2.086,2.148,15925513.7
2023-04-20 00:00:00+00:00,2.148,2.231,2.02,2.048,13072500.8
2023-04-21 00:00:00+00:00,2.047,2.067,1.881,1.927,10449617.6
2023-04-22 00:00:00+00:00,1.927,1.95,1.895,1.946,4523084.5
2023-04-23 00:00:00+00:00,1.946,1.95,1.84,1.911,5705700.9
2023-04-24 00:00:00+00:00,1.911,1.944,1.848,1.885,5384920.7
2023-04-25 00:00:00+00:00,1.885,1.992,1.842,1.961,7109045.3
2023-04-26 00:00:00+00:00,1.961,2.027,1.779,1.891,11268165.4
2023-04-27 00:00:00+00:00,1.892,1.956,1.876,1.923,6060436.9
2023-04-28 00:00:00+00:00,1.923,1.941,1.873,1.916,3354930.8
2023-04-29 00:00:00+00:00,1.916,1.96,1.905,1.936,2529800.7
2023-04-30 00:00:00+00:00,1.936,1.988,1.892,1.929,3997104.3
2023-05-01 00:00:00+00:00,1.929,1.954,1.802,1.838,5068102.0
2023-05-02 00:00:00+00:00,1.837,1.853,1.811,1.835,3591961.0
2023-05-03 00:00:00+00:00,1.836,1.928,1.78,1.899,5815336.0
2023-05-04 00:00:00+00:00,1.899,1.902,1.825,1.841,3427891.9
2023-05-05 00:00:00+00:00,1.841,1.89,1.809,1.865,3992768.4
2023-05-06 00:00:00+00:00,1.866,1.88,1.739,1.767,5611669.8
2023-05-07 00:00:00+00:00,1.768,1.785,1.726,1.737,3328987.2
2023-05-08 00:00:00+00:00,1.736,1.747,1.564,1.643,8790720.0
2023-05-09 00:00:00+00:00,1.642,1.653,1.604,1.623,3270355.9
2023-05-10 00:00:00+00:00,1.624,1.687,1.55,1.661,7961466.7
2023-05-11 00:00:00+00:00,1.66,1.662,1.552,1.595,7360469.0
2023-05-12 00:00:00+00:00,1.596,1.656,1.541,1.648,10249034.8
2023-05-13 00:00:00+00:00,1.649,1.673,1.616,1.66,3933437.7
2023-05-14 00:00:00+00:00,1.661,1.678,1.64,1.656,3785199.4
2023-05-15 00:00:00+00:00,1.656,1.706,1.636,1.656,5360033.4
2023-05-16 00:00:00+00:00,1.656,1.671,1.627,1.656,4435609.5
2023-05-17 00:00:00+00:00,1.658,1.72,1.639,1.699,5351734.7
2023-05-18 00:00:00+00:00,1.7,1.703,1.623,1.656,4321671.0
2023-05-19 00:00:00+00:00,1.657,1.694,1.651,1.666,3498192.9
2023-05-20 00:00:00+00:00,1.666,1.669,1.65,1.661,2255733.9
2023-05-21 00:00:00+00:00,1.661,1.667,1.607,1.609,2818102.2
2023-05-22 00:00:00+00:00,1.609,1.627,1.573,1.612,4053226.7
2023-05-23 00:00:00+00:00,1.612,1.679,1.6,1.644,3994336.5
2023-05-24 00:00:00+00:00,1.644,1.645,1.55,1.571,5814024.1
2023-05-25 00:00:00+00:00,1.571,1.585,1.53,1.563,5357911.4
2023-05-26 00:00:00+00:00,1.564,1.598,1.531,1.578,4915421.1
2023-05-27 00:00:00+00:00,1.578,1.657,1.574,1.631,2774391.0
2023-05-28 00:00:00+00:00,1.631,1.688,1.624,1.667,4305958.2
2023-05-29 00:00:00+00:00,1.667,1.677,1.616,1.626,4337105.4
2023-05-30 00:00:00+00:00,1.627,1.647,1.602,1.609,3929641.7
2023-05-31 00:00:00+00:00,1.609,1.621,1.546,1.566,5082297.4
2023-06-01 00:00:00+00:00,1.566,1.576,1.533,1.547,3742832.5
2023-06-02 00:00:00+00:00,1.547,1.628,1.535,1.614,5490478.6
2023-06-03 00:00:00+00:00,1.614,1.64,1.598,1.617,3046082.3
2023-06-04 00:00:00+00:00,1.617,1.649,1.605,1.617,2860843.2
2023-06-05 00:00:00+00:00,1.616,1.659,1.436,1.498,11766431.4
2023-06-06 00:00:00+00:00,1.499,1.54,1.449,1.533,7988036.8
2023-06-07 00:00:00+00:00,1.534,1.534,1.4,1.414,6995854.8
2023-06-08 00:00:00+00:00,1.415,1.424,1.385,1.415,6065333.2
2023-06-09 00:00:00+00:00,1.415,1.433,1.369,1.385,4836413.6
2023-06-10 00:00:00+00:00,1.386,1.386,1.146,1.203,20848472.0
2023-06-11 00:00:00+00:00,1.203,1.239,1.186,1.209,7094100.2
2023-06-12 00:00:00+00:00,1.209,1.216,1.166,1.198,6876392.2
2023-06-13 00:00:00+00:00,1.199,1.246,1.186,1.199,8398827.7
2023-06-14 00:00:00+00:00,1.2,1.243,1.151,1.177,8682845.1
2023-06-15 00:00:00+00:00,1.177,1.225,1.16,1.196,7403941.1
2023-06-16 00:00:00+00:00,1.196,1.238,1.176,1.214,5258916.6
2023-06-17 00:00:00+00:00,1.215,1.28,1.204,1.258,6543498.9
2023-06-18 00:00:00+00:00,1.259,1.279,1.215,1.236,5411156.0
2023-06-19 00:00:00+00:00,1.237,1.244,1.195,1.242,5493135.0
2023-06-20 00:00:00+00:00,1.242,1.31,1.217,1.298,6636377.6
2023-06-21 00:00:00+00:00,1.297,1.366,1.293,1.339,11869671.2
2023-06-22 00:00:00+00:00,1.339,1.388,1.31,1.324,9397960.8
2023-06-23 00:00:00+00:00,1.324,1.409,1.32,1.382,7528195.2
2023-06-24 00:00:00+00:00,1.383,1.46,1.377,1.412,8571240.0
2023-06-25 00:00:00+00:00,1.413,1.464,1.391,1.4,6575713.0
2023-06-26 00:00:00+00:00,1.4,1.633,1.352,1.486,43775816.1
2023-06-27 00:00:00+00:00,1.485,1.507,1.447,1.476,11091012.4
2023-06-28 00:00:00+00:00,1.477,1.48,1.33,1.363,10080423.2
2023-06-29 00:00:00+00:00,1.363,1.397,1.339,1.35,8823306.1
2023-06-30 00:00:00+00:00,1.35,1.447,1.271,1.385,18139787.6
2023-07-01 00:00:00+00:00,1.385,1.49,1.354,1.485,9181005.4
2023-07-02 00:00:00+00:00,1.486,1.488,1.427,1.467,7153954.0
2023-07-03 00:00:00+00:00,1.468,1.487,1.428,1.456,9063341.7
2023-07-04 00:00:00+00:00,1.457,1.457,1.382,1.399,6231733.7
2023-07-05 00:00:00+00:00,1.399,1.416,1.333,1.355,7671474.5
2023-07-06 00:00:00+00:00,1.355,1.395,1.286,1.311,7324684.6
2023-07-07 00:00:00+00:00,1.311,1.37,1.296,1.331,6928430.4
2023-07-08 00:00:00+00:00,1.331,1.401,1.327,1.383,8284334.7
2023-07-09 00:00:00+00:00,1.382,1.393,1.318,1.327,5650496.7
2023-07-10 00:00:00+00:00,1.327,1.36,1.286,1.332,5108028.5
2023-07-11 00:00:00+00:00,1.332,1.355,1.304,1.33,4755069.2
2023-07-12 00:00:00+00:00,1.33,1.371,1.306,1.329,5643855.3
2023-07-13 00:00:00+00:00,1.329,1.468,1.314,1.464,12005085.6
2023-07-14 00:00:00+00:00,1.465,1.6,1.447,1.499,24009191.0
2023-07-15 00:00:00+00:00,1.498,1.528,1.459,1.491,5639099.8
2023-07-16 00:00:00+00:00,1.491,1.512,1.435,1.446,5478129.3
2023-07-17 00:00:00+00:00,1.446,1.507,1.423,1.501,8293806.4
2023-07-18 00:00:00+00:00,1.502,1.514,1.441,1.47,6951023.1
2023-07-19 00:00:00+00:00,1.47,1.52,1.457,1.466,5788193.1
2023-07-20 00:00:00+00:00,1.467,1.606,1.458,1.53,13091695.6
2023-07-21 00:00:00+00:00,1.53,1.533,1.473,1.48,5048963.1
2023-07-22 00:00:00+00:00,1.48,1.49,1.425,1.444,3651560.9
2023-07-23 00:00:00+00:00,1.442,1.479,1.433,1.455,3535798.7
2023-07-24 00:00:00+00:00,1.455,1.464,1.35,1.38,5847243.9
2023-07-25 00:00:00+00:00,1.379,1.382,1.331,1.348,5020834.7
2023-07-26 00:00:00+00:00,1.349,1.38,1.317,1.365,5458350.4
2023-07-27 00:00:00+00:00,1.365,1.39,1.35,1.379,3660751.5
2023-07-28 00:00:00+00:00,1.379,1.408,1.37,1.39,2926133.3
2023-07-29 00:00:00+00:00,1.39,1.415,1.387,1.406,1840108.7
2023-07-30 00:00:00+00:00,1.406,1.419,1.361,1.396,3918773.8
2023-07-31 00:00:00+00:00,1.396,1.417,1.351,1.37,3308844.1
2023-08-01 00:00:00+00:00,1.371,1.417,1.323,1.415,5489169.2
2023-08-02 00:00:00+00:00,1.415,1.424,1.382,1.398,4544000.9
2023-08-03 00:00:00+00:00,1.397,1.418,1.351,1.36,4174063.7
2023-08-04 00:00:00+00:00,1.36,1.366,1.327,1.341,3014935.9
2023-08-05 00:00:00+00:00,1.341,1.359,1.331,1.354,2564334.2
2023-08-06 00:00:00+00:00,1.353,1.372,1.335,1.339,2878378.9
2023-08-07 00:00:00+00:00,1.339,1.364,1.303,1.34,3955579.4
2023-08-08 00:00:00+00:00,1.34,1.376,1.331,1.36,4726361.0
2023-08-09 00:00:00+00:00,1.361,1.373,1.334,1.349,2810354.8
2023-08-10 00:00:00+00:00,1.35,1.352,1.327,1.336,2551914.1
2023-08-11 00:00:00+00:00,1.336,1.34,1.32,1.333,1943037.1
2023-08-12 00:00:00+00:00,1.334,1.358,1.33,1.343,3333974.6
2023-08-13 00:00:00+00:00,1.344,1.358,1.333,1.34,1967665.4
2023-08-14 00:00:00+00:00,1.34,1.355,1.328,1.337,2219414.1
2023-08-15 00:00:00+00:00,1.336,1.342,1.222,1.281,4890327.8
2023-08-16 00:00:00+00:00,1.28,1.291,1.18,1.21,7128464.1
2023-08-17 00:00:00+00:00,1.21,1.228,1.02,1.12,10353831.08
2023-08-18 00:00:00+00:00,1.119,1.156,1.111,1.143,6888909.9
2023-08-19 00:00:00+00:00,1.141,1.191,1.13,1.166,4664505.0
2023-08-20 00:00:00+00:00,1.165,1.182,1.147,1.168,2516475.0
2023-08-21 00:00:00+00:00,1.168,1.174,1.108,1.131,5028617.3
2023-08-22 00:00:00+00:00,1.131,1.172,1.094,1.172,7661846.1
2023-08-23 00:00:00+00:00,1.171,1.231,1.144,1.21,10332818.0
2023-08-24 00:00:00+00:00,1.21,1.217,1.171,1.195,4448061.9
2023-08-25 00:00:00+00:00,1.194,1.215,1.158,1.191,3307812.3
2023-08-26 00:00:00+00:00,1.192,1.207,1.187,1.192,1928794.0
2023-08-27 00:00:00+00:00,1.191,1.231,1.17,1.179,4584983.7
2023-08-28 00:00:00+00:00,1.178,1.2,1.148,1.194,3354457.8
2023-08-29 00:00:00+00:00,1.195,1.257,1.162,1.227,6308042.3
2023-08-30 00:00:00+00:00,1.228,1.231,1.188,1.204,3217574.5
2023-08-31 00:00:00+00:00,1.203,1.204,1.131,1.156,4331981.5
2023-09-01 00:00:00+00:00,1.155,1.167,1.115,1.127,6313645.5
2023-09-02 00:00:00+00:00,1.127,1.133,1.107,1.121,1974904.8
2023-09-03 00:00:00+00:00,1.121,1.135,1.113,1.125,2114643.0
2023-09-04 00:00:00+00:00,1.125,1.148,1.108,1.127,6284215.6
2023-09-05 00:00:00+00:00,1.127,1.157,1.109,1.128,4854596.7
2023-09-06 00:00:00+00:00,1.128,1.146,1.105,1.131,4972410.7
2023-09-07 00:00:00+00:00,1.13,1.155,1.123,1.154,6601462.4
2023-09-08 00:00:00+00:00,1.154,1.166,1.126,1.151,3048731.7
2023-09-09 00:00:00+00:00,1.152,1.187,1.149,1.166,2730086.9
2023-09-10 00:00:00+00:00,1.166,1.168,1.103,1.151,4842293.9
2023-09-11 00:00:00+00:00,1.152,1.155,1.082,1.102,7330796.2
2023-09-12 00:00:00+00:00,1.103,1.134,1.065,1.071,8701227.3
2023-09-13 00:00:00+00:00,1.07,1.106,1.067,1.089,3795921.2
2023-09-14 00:00:00+00:00,1.089,1.12,1.085,1.109,3664068.5
2023-09-15 00:00:00+00:00,1.108,1.133,1.097,1.13,4653506.4
2023-09-16 00:00:00+00:00,1.131,1.142,1.117,1.128,2592885.7
2023-09-17 00:00:00+00:00,1.128,1.129,1.075,1.095,2908586.9
2023-09-18 00:00:00+00:00,1.095,1.127,1.078,1.1,6357338.6
2023-09-19 00:00:00+00:00,1.099,1.132,1.09,1.121,4261332.0
2023-09-20 00:00:00+00:00,1.122,1.132,1.097,1.121,4201266.8
2023-09-21 00:00:00+00:00,1.121,1.155,1.101,1.125,7638154.4
2023-09-22 00:00:00+00:00,1.125,1.133,1.103,1.122,3905389.2
2023-09-23 00:00:00+00:00,1.122,1.126,1.107,1.115,2374850.3
2023-09-24 00:00:00+00:00,1.115,1.116,1.088,1.096,2617122.4
2023-09-25 00:00:00+00:00,1.095,1.115,1.084,1.101,2974919.9
2023-09-26 00:00:00+00:00,1.102,1.106,1.071,1.08,5152679.7
2023-09-27 00:00:00+00:00,1.081,1.099,1.058,1.077,4371621.9
2023-09-28 00:00:00+00:00,1.078,1.111,1.074,1.108,3493977.2
2023-09-29 00:00:00+00:00,1.109,1.129,1.095,1.121,3838680.4
2023-09-30 00:00:00+00:00,1.121,1.149,1.12,1.133,3475168.3
2023-10-01 00:00:00+00:00,1.134,1.171,1.127,1.16,3938417.1
2023-10-02 00:00:00+00:00,1.161,1.172,1.101,1.115,5096402.8
2023-10-03 00:00:00+00:00,1.114,1.124,1.093,1.099,3207156.7
2023-10-04 00:00:00+00:00,1.099,1.105,1.059,1.098,4361081.2
2023-10-05 00:00:00+00:00,1.099,1.112,1.071,1.073,4072058.0
2023-10-06 00:00:00+00:00,1.074,1.102,1.074,1.093,2206636.7
2023-10-07 00:00:00+00:00,1.094,1.109,1.083,1.091,2215409.5
2023-10-08 00:00:00+00:00,1.091,1.101,1.077,1.094,1586540.4
2023-10-09 00:00:00+00:00,1.094,1.097,1.014,1.041,4465595.6
2023-10-10 00:00:00+00:00,1.041,1.058,1.031,1.043,2381739.0
2023-10-11 00:00:00+00:00,1.043,1.045,1.006,1.029,4039087.9
2023-10-12 00:00:00+00:00,1.029,1.029,0.995,1.012,5141076.9
2023-10-13 00:00:00+00:00,1.013,1.021,0.997,1.009,8351245.1
2023-10-14 00:00:00+00:00,1.009,1.016,1.004,1.01,2502154.4
2023-10-15 00:00:00+00:00,1.011,1.035,1.007,1.027,3035063.1
2023-10-16 00:00:00+00:00,1.027,1.07,1.021,1.033,5496266.0
2023-10-17 00:00:00+00:00,1.034,1.041,0.997,1.009,4852239.6
2023-10-18 00:00:00+00:00,1.009,1.02,0.985,0.998,3520710.0
2023-10-19 00:00:00+00:00,0.998,1.002,0.971,0.987,4094808.7
2023-10-20 00:00:00+00:00,0.987,1.02,0.982,1.005,5802635.0
2023-10-21 00:00:00+00:00,1.006,1.05,0.998,1.041,5101312.9
2023-10-22 00:00:00+00:00,1.041,1.057,1.014,1.056,6070777.8
2023-10-23 00:00:00+00:00,1.056,1.113,1.046,1.101,14194547.0
2023-10-24 00:00:00+00:00,1.101,1.17,1.087,1.138,19920792.1
2023-10-25 00:00:00+00:00,1.139,1.164,1.104,1.143,12055586.6
2023-10-26 00:00:00+00:00,1.143,1.218,1.133,1.191,18329689.5
2023-10-27 00:00:00+00:00,1.192,1.261,1.158,1.221,14772138.3
2023-10-28 00:00:00+00:00,1.221,1.265,1.209,1.219,8910527.0
2023-10-29 00:00:00+00:00,1.22,1.278,1.196,1.277,7911652.5
2023-10-30 00:00:00+00:00,1.277,1.326,1.246,1.32,10685128.6
2023-10-31 00:00:00+00:00,1.32,1.34,1.248,1.332,11730433.4
2023-11-01 00:00:00+00:00,1.332,1.576,1.321,1.527,33723299.7
2023-11-02 00:00:00+00:00,1.527,1.568,1.434,1.524,30784425.0
2023-11-03 00:00:00+00:00,1.525,1.562,1.447,1.473,15672876.9
2023-11-04 00:00:00+00:00,1.473,1.535,1.456,1.511,9867751.3
2023-11-05 00:00:00+00:00,1.512,1.677,1.497,1.636,24534249.6
2023-11-06 00:00:00+00:00,1.636,1.68,1.551,1.583,19318856.8
2023-11-07 00:00:00+00:00,1.583,1.584,1.406,1.446,22296044.9
2023-11-08 00:00:00+00:00,1.446,1.493,1.417,1.47,14346006.3
2023-11-09 00:00:00+00:00,1.469,1.567,1.288,1.438,32458140.6
2023-11-10 00:00:00+00:00,1.438,1.586,1.398,1.553,24320958.8
2023-11-11 00:00:00+00:00,1.553,1.634,1.468,1.598,34460404.5
2023-11-12 00:00:00+00:00,1.598,1.8,1.521,1.701,42445161.1
2023-11-13 00:00:00+00:00,1.702,1.746,1.589,1.59,38071835.8
2023-11-14 00:00:00+00:00,1.59,1.628,1.45,1.538,26311248.6
2023-11-15 00:00:00+00:00,1.538,1.74,1.534,1.7,27904096.0
2023-11-16 00:00:00+00:00,1.7,1.858,1.648,1.721,41974911.4
2023-11-17 00:00:00+00:00,1.722,1.951,1.713,1.872,48696695.8
2023-11-18 00:00:00+00:00,1.871,1.897,1.678,1.77,27057605.9
2023-11-19 00:00:00+00:00,1.77,2.052,1.713,1.985,33478846.3
2023-11-20 00:00:00+00:00,1.986,2.188,1.963,1.997,49997968.1
2023-11-21 00:00:00+00:00,1.997,2.052,1.728,1.75,37430517.2
2023-11-22 00:00:00+00:00,1.75,1.868,1.742,1.824,26122066.9
2023-11-23 00:00:00+00:00,1.825,1.855,1.766,1.808,20024990.8
2023-11-24 00:00:00+00:00,1.809,1.915,1.775,1.833,17992582.3
2023-11-25 00:00:00+00:00,1.834,1.913,1.818,1.885,11442702.2
2023-11-26 00:00:00+00:00,1.885,1.916,1.785,1.828,13920190.0
2023-11-27 00:00:00+00:00,1.829,1.834,1.732,1.781,13351378.3
2023-11-28 00:00:00+00:00,1.781,1.826,1.73,1.821,12135525.2
2023-11-29 00:00:00+00:00,1.821,1.892,1.793,1.798,13971264.1
2023-11-30 00:00:00+00:00,1.799,1.89,1.786,1.879,13433650.2
2023-12-01 00:00:00+00:00,1.879,1.907,1.854,1.893,9719614.3
2023-12-02 00:00:00+00:00,1.892,2.033,1.89,2.008,15063254.5
2023-12-03 00:00:00+00:00,2.008,2.026,1.952,1.979,9989162.7
2023-12-04 00:00:00+00:00,1.98,2.196,1.975,2.149,32024206.9
2023-12-05 00:00:00+00:00,2.15,2.321,2.131,2.257,33936487.1
2023-12-06 00:00:00+00:00,2.257,2.397,2.241,2.285,32112716.2
2023-12-07 00:00:00+00:00,2.284,2.374,2.212,2.267,23792112.9
2023-12-08 00:00:00+00:00,2.267,2.393,2.19,2.376,26905824.7
2023-12-09 00:00:00+00:00,2.377,2.613,2.376,2.421,39602783.2
2023-12-10 00:00:00+00:00,2.421,2.599,2.382,2.519,22403544.0
2023-12-11 00:00:00+00:00,2.519,2.541,2.162,2.24,36466566.3
2023-12-12 00:00:00+00:00,2.24,2.465,2.222,2.305,34839883.7
2023-12-13 00:00:00+00:00,2.305,2.342,2.101,2.328,21565632.8
2023-12-14 00:00:00+00:00,2.329,2.355,2.18,2.322,20890471.5
2023-12-15 00:00:00+00:00,2.322,2.327,2.181,2.191,17911063.7
2023-12-16 00:00:00+00:00,2.191,2.446,2.16,2.39,26889718.4
2023-12-17 00:00:00+00:00,2.389,2.482,2.26,2.266,17453844.8
2023-12-18 00:00:00+00:00,2.267,2.318,2.067,2.29,18967305.1
2023-12-19 00:00:00+00:00,2.289,2.5,2.262,2.431,30928107.9
2023-12-20 00:00:00+00:00,2.431,3.055,2.422,2.845,83773397.6
2023-12-21 00:00:00+00:00,2.846,3.625,2.766,3.538,84184146.9
2023-12-22 00:00:00+00:00,3.537,3.803,3.271,3.36,46609009.6
2023-12-23 00:00:00+00:00,3.36,4.0,3.203,3.902,39145831.4
2023-12-24 00:00:00+00:00,3.902,4.097,3.614,3.798,42586262.9
2023-12-25 00:00:00+00:00,3.798,4.374,3.71,4.25,47591449.0
2023-12-26 00:00:00+00:00,4.25,4.625,3.948,4.301,50211486.7
2023-12-27 00:00:00+00:00,4.301,4.4,3.988,4.083,27689133.6
2023-12-28 00:00:00+00:00,4.085,4.322,3.728,3.756,28060345.2
2023-12-29 00:00:00+00:00,3.757,3.973,3.52,3.62,24259118.5
2023-12-30 00:00:00+00:00,3.621,3.782,3.539,3.676,15126384.9
2023-12-31 00:00:00+00:00,3.675,3.883,3.521,3.65,15864655.7
2024-01-01 00:00:00+00:00,3.651,3.834,3.567,3.794,13962506.3
2024-01-02 00:00:00+00:00,3.793,4.331,3.737,3.923,52454346.3
2024-01-03 00:00:00+00:00,3.924,4.089,2.905,3.771,38638209.3
2024-01-04 00:00:00+00:00,3.771,4.048,3.571,3.91,23129680.8
2024-01-05 00:00:00+00:00,3.91,3.95,3.451,3.552,16442583.3
2024-01-06 00:00:00+00:00,3.551,3.708,3.167,3.479,22677929.8
2024-01-07 00:00:00+00:00,3.476,3.539,3.151,3.215,12829779.7
2024-01-08 00:00:00+00:00,3.215,3.482,2.92,3.416,26868001.9
2024-01-09 00:00:00+00:00,3.416,3.54,3.026,3.222,24410549.9
2024-01-10 00:00:00+00:00,3.222,3.684,3.08,3.603,22822968.5
2024-01-11 00:00:00+00:00,3.602,3.844,3.508,3.612,27635964.0
2024-01-12 00:00:00+00:00,3.612,3.679,3.309,3.458,20632952.7
2024-01-13 00:00:00+00:00,3.457,3.519,3.3,3.404,9473850.9
2024-01-14 00:00:00+00:00,3.405,3.521,3.293,3.307,10560449.0
2024-01-15 00:00:00+00:00,3.308,3.425,3.239,3.306,9838499.5
2024-01-16 00:00:00+00:00,3.304,3.347,3.177,3.24,11616425.6
2024-01-17 00:00:00+00:00,3.24,3.367,3.155,3.308,12408276.7
2024-01-18 00:00:00+00:00,3.31,3.376,2.994,3.083,13843276.9
2024-01-19 00:00:00+00:00,3.084,3.098,2.785,3.01,14531330.7
2024-01-20 00:00:00+00:00,3.009,3.009,2.867,2.967,6520578.8
2024-01-21 00:00:00+00:00,2.965,3.045,2.918,2.922,6240181.9
2024-01-22 00:00:00+00:00,2.922,2.949,2.59,2.649,19322124.2
2024-01-23 00:00:00+00:00,2.65,2.726,2.45,2.65,19354608.3
2024-01-24 00:00:00+00:00,2.651,2.695,2.544,2.68,18354173.7
2024-01-25 00:00:00+00:00,2.68,2.745,2.605,2.696,11363694.6
2024-01-26 00:00:00+00:00,2.696,3.006,2.647,2.917,25477824.5
2024-01-27 00:00:00+00:00,2.917,2.964,2.824,2.912,10574415.6
2024-01-28 00:00:00+00:00,2.913,3.077,2.86,2.88,19132111.8
2024-01-29 00:00:00+00:00,2.88,3.062,2.855,3.008,12528231.5
2024-01-30 00:00:00+00:00,3.009,3.234,2.959,3.011,22174896.0
2024-01-31 00:00:00+00:00,3.011,3.03,2.786,2.823,18587160.4
2024-02-01 00:00:00+00:00,2.823,2.879,2.727,2.855,12212900.0
2024-02-02 00:00:00+00:00,2.856,2.946,2.832,2.9,10640220.2
2024-02-03 00:00:00+00:00,2.9,2.947,2.797,2.815,6099542.4
2024-02-04 00:00:00+00:00,2.815,2.822,2.748,2.754,6162215.7
2024-02-05 00:00:00+00:00,2.753,2.816,2.696,2.751,8388031.4
2024-02-06 00:00:00+00:00,2.75,2.78,2.683,2.736,9402775.6
2024-02-07 00:00:00+00:00,2.737,2.894,2.684,2.87,11021302.8
2024-02-08 00:00:00+00:00,2.87,3.002,2.87,2.922,15481538.5
2024-02-09 00:00:00+00:00,2.922,3.056,2.92,2.995,18818340.3
2024-02-10 00:00:00+00:00,2.995,3.148,2.962,3.043,15423644.6
2024-02-11 00:00:00+00:00,3.043,3.217,3.034,3.125,19610244.0
2024-02-12 00:00:00+00:00,3.126,3.4,3.074,3.381,29291296.6
2024-02-13 00:00:00+00:00,3.38,3.447,3.165,3.214,16818534.3
2024-02-14 00:00:00+00:00,3.214,3.454,3.167,3.334,18172884.6
2024-02-15 00:00:00+00:00,3.335,3.411,3.263,3.399,16578798.6
2024-02-16 00:00:00+00:00,3.4,3.461,3.172,3.279,16787888.9
2024-02-17 00:00:00+00:00,3.28,3.349,3.132,3.331,9165640.8
2024-02-18 00:00:00+00:00,3.332,3.584,3.264,3.521,19797361.3
2024-02-19 00:00:00+00:00,3.521,3.617,3.467,3.529,17251344.8
2024-02-20 00:00:00+00:00,3.529,3.557,3.236,3.395,18851694.9
2024-02-21 00:00:00+00:00,3.396,3.397,3.085,3.241,15970830.7
2024-02-22 00:00:00+00:00,3.241,3.349,3.117,3.25,13698551.5
2024-02-23 00:00:00+00:00,3.25,3.43,3.148,3.364,17875974.0
2024-02-24 00:00:00+00:00,3.363,3.933,3.294,3.864,31053266.4
2024-02-25 00:00:00+00:00,3.866,3.88,3.655,3.704,18486403.8
2024-02-26 00:00:00+00:00,3.704,4.198,3.644,4.097,38142269.3
2024-02-27 00:00:00+00:00,4.097,4.148,3.844,3.941,24829369.1
2024-02-28 00:00:00+00:00,3.942,4.099,3.514,3.897,32768419.1
2024-02-29 00:00:00+00:00,3.896,4.09,3.72,3.877,26637312.2
2024-03-01 00:00:00+00:00,3.879,4.125,3.874,3.957,20604916.4
2024-03-02 00:00:00+00:00,3.957,4.498,3.878,4.484,27991433.3
2024-03-03 00:00:00+00:00,4.485,4.503,3.9,4.432,30506442.3
2024-03-04 00:00:00+00:00,4.432,4.779,4.222,4.34,33748343.0
2024-03-05 00:00:00+00:00,4.341,4.483,3.558,4.245,42389675.6
2024-03-06 00:00:00+00:00,4.245,5.958,4.0,5.895,73764765.2
2024-03-07 00:00:00+00:00,5.894,6.195,5.386,5.521,51337774.6
2024-03-08 00:00:00+00:00,5.521,5.766,5.107,5.745,39958447.0
2024-03-09 00:00:00+00:00,5.746,6.491,5.596,6.193,34655872.2
2024-03-10 00:00:00+00:00,6.194,6.295,5.756,5.947,19165184.6
2024-03-11 00:00:00+00:00,5.947,7.306,5.6,6.679,47179376.5
2024-03-12 00:00:00+00:00,6.68,8.09,6.632,8.078,47513454.3
2024-03-13 00:00:00+00:00,8.077,8.535,7.591,7.761,32153782.4
2024-03-14 00:00:00+00:00,7.76,8.914,7.601,8.861,40738992.8
2024-03-15 00:00:00+00:00,8.861,9.01,6.987,7.487,64807771.2
2024-03-16 00:00:00+00:00,7.487,7.973,6.512,6.727,39393410.7
2024-03-17 00:00:00+00:00,6.726,8.443,6.625,8.244,39837291.2
2024-03-18 00:00:00+00:00,8.243,8.581,6.855,7.026,50524513.2
2024-03-19 00:00:00+00:00,7.024,7.131,6.202,6.354,45807871.2
2024-03-20 00:00:00+00:00,6.352,7.011,6.01,6.912,39612773.3
2024-03-21 00:00:00+00:00,6.912,6.991,6.41,6.449,24181914.8
2024-03-22 00:00:00+00:00,6.448,6.835,6.21,6.491,22585388.7
2024-03-23 00:00:00+00:00,6.492,6.8,6.361,6.617,12222718.1
2024-03-24 00:00:00+00:00,6.617,7.005,6.428,7.001,11224119.2
2024-03-25 00:00:00+00:00,7.001,7.761,6.973,7.45,28075111.2
2024-03-26 00:00:00+00:00,7.45,8.087,7.418,7.663,29423061.9
2024-03-27 00:00:00+00:00,7.664,7.908,7.082,7.255,23673038.3
2024-03-28 00:00:00+00:00,7.255,7.442,7.111,7.191,11865025.0
2024-03-29 00:00:00+00:00,7.191,7.203,6.852,6.974,10271411.2
2024-03-30 00:00:00+00:00,6.974,7.322,6.909,6.938,9475874.0
2024-03-31 00:00:00+00:00,6.941,7.363,6.906,7.294,9120382.0
2024-04-01 00:00:00+00:00,7.295,7.372,6.568,6.733,14920750.6
2024-04-02 00:00:00+00:00,6.734,6.734,6.11,6.216,14927903.3
2024-04-03 00:00:00+00:00,6.216,6.906,5.998,6.596,22770253.1
2024-04-04 00:00:00+00:00,6.597,7.034,6.337,6.727,20005528.5
2024-04-05 00:00:00+00:00,6.729,7.5,6.459,7.222,31705032.2
2024-04-06 00:00:00+00:00,7.223,7.306,6.895,7.022,12158018.5
2024-04-07 00:00:00+00:00,7.022,7.143,6.818,6.916,11123723.1
2024-04-08 00:00:00+00:00,6.916,7.579,6.836,7.358,20252957.9
2024-04-09 00:00:00+00:00,7.358,7.7,7.17,7.227,24017668.3
2024-04-10 00:00:00+00:00,7.224,7.318,6.643,6.983,16655855.9
2024-04-11 00:00:00+00:00,6.983,7.334,6.733,6.795,13418253.9
2024-04-12 00:00:00+00:00,6.795,6.918,5.2,5.788,26311169.0
2024-04-13 00:00:00+00:00,5.787,5.858,4.279,5.215,48296291.9
2024-04-14 00:00:00+00:00,5.215,5.733,4.92,5.721,34929534.8
2024-04-15 00:00:00+00:00,5.72,5.859,4.987,5.221,26263402.5
2024-04-16 00:00:00+00:00,5.222,5.544,4.902,5.493,22049664.4
2024-04-17 00:00:00+00:00,5.493,5.66,5.185,5.407,22060810.4
2024-04-18 00:00:00+00:00,5.408,5.887,5.222,5.705,20547323.7
2024-04-19 00:00:00+00:00,5.705,5.864,5.226,5.586,21142036.2
2024-04-20 00:00:00+00:00,5.587,6.256,5.505,6.218,14385126.9
2024-04-21 00:00:00+00:00,6.218,6.487,6.052,6.446,11442555.6
2024-04-22 00:00:00+00:00,6.447,7.25,6.342,7.028,20064917.4
2024-04-23 00:00:00+00:00,7.028,7.273,6.837,6.893,16521718.6
2024-04-24 00:00:00+00:00,6.892,7.341,6.709,6.86,22268770.9
2024-04-25 00:00:00+00:00,6.861,7.235,6.607,7.131,20465117.8
2024-04-26 00:00:00+00:00,7.13,7.531,6.896,6.93,21553151.8
2024-04-27 00:00:00+00:00,6.929,7.643,6.7,7.14,24669762.0
2024-04-28 00:00:00+00:00,7.141,7.459,7.03,7.047,13228061.5
2024-04-29 00:00:00+00:00,7.046,7.112,6.675,6.865,11798917.6
2024-04-30 00:00:00+00:00,6.867,6.952,5.847,6.194,15935654.0
2024-05-01 00:00:00+00:00,6.192,6.436,5.726,6.14,22941718.7
2024-05-02 00:00:00+00:00,6.142,6.214,5.868,6.087,15485993.3
2024-05-03 00:00:00+00:00,6.086,6.935,6.026,6.874,14772704.3
2024-05-04 00:00:00+00:00,6.874,6.99,6.753,6.864,9953022.4
2024-05-05 00:00:00+00:00,6.864,7.532,6.682,7.49,14953255.5
2024-05-06 00:00:00+00:00,7.49,7.598,7.163,7.311,16883213.3
2024-05-07 00:00:00+00:00,7.312,7.915,7.113,7.118,18373768.2
2024-05-08 00:00:00+00:00,7.119,7.298,6.788,6.809,11283383.6
2024-05-09 00:00:00+00:00,6.808,7.498,6.805,7.479,14067797.4
2024-05-10 00:00:00+00:00,7.479,7.648,7.122,7.253,14082787.0
2024-05-11 00:00:00+00:00,7.256,7.334,7.0,7.021,8534518.1
2024-05-12 00:00:00+00:00,7.021,7.07,6.833,6.887,5610582.1
2024-05-13 00:00:00+00:00,6.887,7.375,6.538,7.292,15212635.0
2024-05-14 00:00:00+00:00,7.292,7.39,6.929,7.022,13097923.9
2024-05-15 00:00:00+00:00,7.022,8.092,6.89,8.052,24516188.9
2024-05-16 00:00:00+00:00,8.05,8.296,7.853,8.021,17978429.7
2024-05-17 00:00:00+00:00,8.022,8.52,7.913,8.037,17172562.3
2024-05-18 00:00:00+00:00,8.039,8.121,7.81,7.921,7152308.6
2024-05-19 00:00:00+00:00,7.921,7.998,7.666,7.777,7233168.1
2024-05-20 00:00:00+00:00,7.776,8.34,7.706,8.291,16668785.7
2024-05-21 00:00:00+00:00,8.291,8.333,7.759,7.819,15159657.8
2024-05-22 00:00:00+00:00,7.819,8.264,7.7,7.986,14404688.6
2024-05-23 00:00:00+00:00,7.986,8.179,7.332,7.695,18629607.4
2024-05-24 00:00:00+00:00,7.694,8.07,7.586,7.909,9728547.6
2024-05-25 00:00:00+00:00,7.909,8.257,7.858,8.23,8533867.5
2024-05-26 00:00:00+00:00,8.229,8.376,7.783,7.814,8214093.5
2024-05-27 00:00:00+00:00,7.813,7.974,7.689,7.827,10158272.6
2024-05-28 00:00:00+00:00,7.828,7.99,7.523,7.707,13656301.1
2024-05-29 00:00:00+00:00,7.708,7.829,7.55,7.586,6785209.4
2024-05-30 00:00:00+00:00,7.585,7.655,7.219,7.285,7937700.0
2024-05-31 00:00:00+00:00,7.286,7.439,7.082,7.246,8203670.1
2024-06-01 00:00:00+00:00,7.247,7.468,7.174,7.375,3603043.0
2024-06-02 00:00:00+00:00,7.374,7.503,7.12,7.192,5566926.7
2024-06-03 00:00:00+00:00,7.191,7.385,7.087,7.121,6526876.7
2024-06-04 00:00:00+00:00,7.12,7.472,7.006,7.42,7252843.4
2024-06-05 00:00:00+00:00,7.423,7.709,7.42,7.658,5946225.0
2024-06-06 00:00:00+00:00,7.659,7.681,7.235,7.33,4900753.4
2024-06-07 00:00:00+00:00,7.33,7.455,6.08,6.875,13407678.9
2024-06-08 00:00:00+00:00,6.876,6.908,6.478,6.569,5578968.9
2024-06-09 00:00:00+00:00,6.568,6.692,6.514,6.588,4405834.1
2024-06-10 00:00:00+00:00,6.588,6.639,6.338,6.397,7178403.8
2024-06-11 00:00:00+00:00,6.396,6.408,6.001,6.064,10343818.3
2024-06-12 00:00:00+00:00,6.064,6.716,5.869,6.402,11882875.0
2024-06-13 00:00:00+00:00,6.402,6.406,5.85,5.921,8276887.4
2024-06-14 00:00:00+00:00,5.922,6.009,5.41,5.588,12795226.9
2024-06-15 00:00:00+00:00,5.589,5.7,5.508,5.606,4470912.0
2024-06-16 00:00:00+00:00,5.607,5.738,5.495,5.64,3960468.6
2024-06-17 00:00:00+00:00,5.641,5.734,4.98,5.167,14998727.2
2024-06-18 00:00:00+00:00,5.167,5.191,4.441,4.727,23474910.0
2024-06-19 00:00:00+00:00,4.727,5.109,4.662,4.962,13059637.2
2024-06-20 00:00:00+00:00,4.963,5.499,4.919,5.162,18626793.2
2024-06-21 00:00:00+00:00,5.162,5.441,5.091,5.406,14409324.1
2024-06-22 00:00:00+00:00,5.407,5.429,5.113,5.184,5684191.6
2024-06-23 00:00:00+00:00,5.185,5.45,5.101,5.195,7363991.8
2024-06-24 00:00:00+00:00,5.194,5.6,5.027,5.371,24220154.9
2024-06-25 00:00:00+00:00,5.373,5.636,5.311,5.425,9991564.4
2024-06-26 00:00:00+00:00,5.425,5.517,5.156,5.177,7449189.2
2024-06-27 00:00:00+00:00,5.177,5.372,5.075,5.223,7382073.1
2024-06-28 00:00:00+00:00,5.223,5.246,4.858,4.962,7994176.4
2024-06-29 00:00:00+00:00,4.962,5.05,4.922,4.964,2936292.9
2024-06-30 00:00:00+00:00,4.965,5.367,4.876,5.304,5969503.3
2024-07-01 00:00:00+00:00,5.304,5.399,5.209,5.267,5227641.1
2024-07-02 00:00:00+00:00,5.267,5.599,5.236,5.522,7736809.1
2024-07-03 00:00:00+00:00,5.522,5.583,4.991,5.034,8395679.9
2024-07-04 00:00:00+00:00,5.034,5.094,4.606,4.623,12975813.8
2024-07-05 00:00:00+00:00,4.622,4.629,4.0,4.425,26683298.8
2024-07-06 00:00:00+00:00,4.425,4.852,4.37,4.811,6760934.0
2024-07-07 00:00:00+00:00,4.81,4.83,4.379,4.401,7016883.0
2024-07-08 00:00:00+00:00,4.401,4.787,4.165,4.467,14620554.6
2024-07-09 00:00:00+00:00,4.467,4.606,4.372,4.533,10959115.5
2024-07-10 00:00:00+00:00,4.534,4.748,4.46,4.625,7779685.0
2024-07-11 00:00:00+00:00,4.626,5.06,4.544,4.93,11064506.2
2024-07-12 00:00:00+00:00,4.93,5.188,4.745,5.186,10047881.0
2024-07-13 00:00:00+00:00,5.186,5.334,5.101,5.202,4420298.0
2024-07-14 00:00:00+00:00,5.202,5.491,5.195,5.401,6605269.1
2024-07-15 00:00:00+00:00,5.399,5.999,5.362,5.915,10822925.0
2024-07-16 00:00:00+00:00,5.917,6.275,5.862,6.246,17150216.0
2024-07-17 00:00:00+00:00,6.246,6.489,6.007,6.068,11258431.9
2024-07-18 00:00:00+00:00,6.068,6.237,5.869,6.04,7153372.9
2024-07-19 00:00:00+00:00,6.042,6.445,5.86,6.435,10112955.2
2024-07-20 00:00:00+00:00,6.435,6.444,6.236,6.287,4527564.1
2024-07-21 00:00:00+00:00,6.288,6.38,5.915,6.34,7534364.5
2024-07-22 00:00:00+00:00,6.34,6.46,5.99,6.034,7102785.3
2024-07-23 00:00:00+00:00,6.034,6.092,5.691,5.763,6958690.2
2024-07-24 00:00:00+00:00,5.762,6.003,5.543,5.62,6988865.5
2024-07-25 00:00:00+00:00,5.62,5.731,5.133,5.415,12486535.1
2024-07-26 00:00:00+00:00,5.414,5.82,5.392,5.717,6635365.7
2024-07-27 00:00:00+00:00,5.717,5.939,5.524,5.679,6841074.4
2024-07-28 00:00:00+00:00,5.678,5.679,5.395,5.445,3982303.3
2024-07-29 00:00:00+00:00,5.445,5.713,5.261,5.272,8618145.0
2024-07-30 00:00:00+00:00,5.272,5.373,5.067,5.151,4876199.0
2024-07-31 00:00:00+00:00,5.15,5.297,4.968,4.99,5816656.5
2024-08-01 00:00:00+00:00,4.991,5.133,4.635,4.981,10617886.9
2024-08-02 00:00:00+00:00,4.98,5.049,4.572,4.604,10237953.7
2024-08-03 00:00:00+00:00,4.604,4.727,4.236,4.365,9663916.4
2024-08-04 00:00:00+00:00,4.366,4.45,3.994,4.133,11954895.6
2024-08-05 00:00:00+00:00,4.134,4.189,3.076,3.525,59167551.5
2024-08-06 00:00:00+00:00,3.525,3.809,3.494,3.678,17862736.1
2024-08-07 00:00:00+00:00,3.678,3.88,3.505,3.57,13239132.6
2024-08-08 00:00:00+00:00,3.571,4.087,3.47,4.064,12491361.4
2024-08-09 00:00:00+00:00,4.065,4.171,3.913,4.056,9216589.1
2024-08-10 00:00:00+00:00,4.057,4.258,3.96,4.161,6118137.0
2024-08-11 00:00:00+00:00,4.161,4.222,3.833,3.868,7516938.1
2024-08-12 00:00:00+00:00,3.867,4.134,3.83,4.111,9357880.4
2024-08-13 00:00:00+00:00,4.112,4.413,3.936,4.304,8288436.4
2024-08-14 00:00:00+00:00,4.305,4.331,4.106,4.17,7052113.9
2024-08-15 00:00:00+00:00,4.17,4.249,3.934,4.027,7568104.1
2024-08-16 00:00:00+00:00,4.027,4.073,3.824,3.968,5996873.6
2024-08-17 00:00:00+00:00,3.968,4.023,3.927,3.992,2658656.4
2024-08-18 00:00:00+00:00,3.992,4.066,3.893,3.9,3807083.5
2024-08-19 00:00:00+00:00,3.901,4.007,3.833,4.002,5111782.3
2024-08-20 00:00:00+00:00,4.002,4.15,3.946,4.001,6062190.4
2024-08-21 00:00:00+00:00,4.0,4.302,3.959,4.247,9242388.4
2024-08-22 00:00:00+00:00,4.247,4.391,4.166,4.304,7101798.7
2024-08-23 00:00:00+00:00,4.305,4.851,4.304,4.838,13126575.1
2024-08-24 00:00:00+00:00,4.838,5.256,4.738,5.041,9182015.0
2024-08-25 00:00:00+00:00,5.042,5.077,4.78,4.919,8108287.4
2024-08-26 00:00:00+00:00,4.92,5.005,4.704,4.782,8353644.3
2024-08-27 00:00:00+00:00,4.782,5.014,4.431,4.528,13722042.6
2024-08-28 00:00:00+00:00,4.526,4.604,4.217,4.345,15730320.1
2024-08-29 00:00:00+00:00,4.345,4.544,4.122,4.211,9515024.9
2024-08-30 00:00:00+00:00,4.211,4.308,3.937,4.113,10049866.4
2024-08-31 00:00:00+00:00,4.113,4.164,3.975,4.032,5389196.2
2024-09-01 00:00:00+00:00,4.032,4.075,3.81,3.849,7207255.2
2024-09-02 00:00:00+00:00,3.848,4.031,3.836,3.99,8999096.4
2024-09-03 00:00:00+00:00,3.989,4.076,3.709,3.725,9057003.3
2024-09-04 00:00:00+00:00,3.726,3.942,3.551,3.888,9580107.5
2024-09-05 00:00:00+00:00,3.888,3.927,3.696,3.712,7148531.4
2024-09-06 00:00:00+00:00,3.712,3.813,3.423,3.55,12155714.1
2024-09-07 00:00:00+00:00,3.551,3.755,3.544,3.667,5911989.6
2024-09-08 00:00:00+00:00,3.667,3.819,3.643,3.756,6985906.5
2024-09-09 00:00:00+00:00,3.756,4.106,3.751,4.014,10088162.5
2024-09-10 00:00:00+00:00,4.015,4.083,3.937,4.033,6183639.3
2024-09-11 00:00:00+00:00,4.033,4.054,3.816,3.968,9988582.0
2024-09-12 00:00:00+00:00,3.968,4.302,3.966,4.248,12006482.4
2024-09-13 00:00:00+00:00,4.248,4.366,4.116,4.287,9189736.4
2024-09-14 00:00:00+00:00,4.288,4.306,4.154,4.193,4639385.9
2024-09-15 00:00:00+00:00,4.193,4.263,3.999,4.016,6709316.8
2024-09-16 00:00:00+00:00,4.017,4.032,3.849,3.879,7546179.2
2024-09-17 00:00:00+00:00,3.88,4.305,3.832,4.134,11660498.3
2024-09-18 00:00:00+00:00,4.134,4.257,3.935,4.253,12050902.7
2024-09-19 00:00:00+00:00,4.253,4.585,4.253,4.363,18642626.1
2024-09-20 00:00:00+00:00,4.364,4.511,4.256,4.386,14666623.0
2024-09-21 00:00:00+00:00,4.386,4.692,4.286,4.666,9815495.1
2024-09-22 00:00:00+00:00,4.666,4.686,4.382,4.524,11244659.5
2024-09-23 00:00:00+00:00,4.525,5.277,4.398,5.177,27906349.7
2024-09-24 00:00:00+00:00,5.177,5.399,5.055,5.346,15683352.9
2024-09-25 00:00:00+00:00,5.346,5.46,5.108,5.144,10455830.7
2024-09-26 00:00:00+00:00,5.144,5.871,5.117,5.547,21618348.1
2024-09-27 00:00:00+00:00,5.548,5.755,5.36,5.457,15082575.5
2024-09-28 00:00:00+00:00,5.457,5.578,5.333,5.561,7851563.8
2024-09-29 00:00:00+00:00,5.562,5.628,5.352,5.504,8040873.7
2024-09-30 00:00:00+00:00,5.504,5.516,5.22,5.288,12703934.8
2024-10-01 00:00:00+00:00,5.287,5.565,4.594,4.839,21076537.6
2024-10-02 00:00:00+00:00,4.839,5.005,4.522,4.626,14261015.6
2024-10-03 00:00:00+00:00,4.626,4.771,4.418,4.641,11191187.2
2024-10-04 00:00:00+00:00,4.642,4.862,4.591,4.831,10144358.1
2024-10-05 00:00:00+00:00,4.83,4.869,4.634,4.777,7439096.1
2024-10-06 00:00:00+00:00,4.778,4.968,4.716,4.95,5151207.3
2024-10-07 00:00:00+00:00,4.95,5.327,4.917,5.046,15311582.6
2024-10-08 00:00:00+00:00,5.046,5.161,4.855,4.894,9675865.2
2024-10-09 00:00:00+00:00,4.893,4.987,4.552,4.609,9417638.1
2024-10-10 00:00:00+00:00,4.609,4.684,4.423,4.594,7949110.7
2024-10-11 00:00:00+00:00,4.595,4.808,4.545,4.737,9795820.0
2024-10-12 00:00:00+00:00,4.737,4.922,4.677,4.846,8456267.1
2024-10-13 00:00:00+00:00,4.846,4.875,4.561,4.704,8045364.5
2024-10-14 00:00:00+00:00,4.704,5.079,4.626,5.026,13263598.6
2024-10-15 00:00:00+00:00,5.026,5.282,4.865,5.065,20120073.0
2024-10-16 00:00:00+00:00,5.065,5.081,4.885,4.945,10887686.2
2024-10-17 00:00:00+00:00,4.946,5.037,4.651,4.769,9548768.2
2024-10-18 00:00:00+00:00,4.769,4.945,4.729,4.894,7755289.6
2024-10-19 00:00:00+00:00,4.896,4.944,4.759,4.818,4603652.9
2024-10-20 00:00:00+00:00,4.817,5.017,4.711,4.979,6928687.5
2024-10-21 00:00:00+00:00,4.98,5.06,4.753,4.782,7660342.6
2024-10-22 00:00:00+00:00,4.782,4.844,4.621,4.682,8983774.1
2024-10-23 00:00:00+00:00,4.682,4.692,4.447,4.652,6722652.7
2024-10-24 00:00:00+00:00,4.652,4.78,4.541,4.719,5902466.4
2024-10-25 00:00:00+00:00,4.719,4.739,3.97,4.172,15306071.3
2024-10-26 00:00:00+00:00,4.172,4.276,4.099,4.237,9209428.4
2024-10-27 00:00:00+00:00,4.237,4.382,4.188,4.308,3958252.6
2024-10-28 00:00:00+00:00,4.308,4.359,4.072,4.297,8012576.4
2024-10-29 00:00:00+00:00,4.298,4.519,4.287,4.438,9853036.6
2024-10-30 00:00:00+00:00,4.438,4.44,4.266,4.31,8690766.6
2024-10-31 00:00:00+00:00,4.31,4.332,4.019,4.054,9182088.3
2024-11-01 00:00:00+00:00,4.054,4.162,3.86,3.93,10892960.1
2024-11-02 00:00:00+00:00,3.93,3.989,3.768,3.809,5644166.6
2024-11-03 00:00:00+00:00,3.81,3.839,3.554,3.688,10892724.8
2024-11-04 00:00:00+00:00,3.688,3.758,3.506,3.619,9450378.2
2024-11-05 00:00:00+00:00,3.62,3.938,3.61,3.81,7911670.7
2024-11-06 00:00:00+00:00,3.81,4.29,3.808,4.233,18677712.1
2024-11-07 00:00:00+00:00,4.233,4.351,4.084,4.231,11220555.7
2024-11-08 00:00:00+00:00,4.231,4.393,4.152,4.332,14150062.7
2024-11-09 00:00:00+00:00,4.332,4.694,4.24,4.639,13389510.3
2024-11-10 00:00:00+00:00,4.641,4.949,4.437,4.723,24307076.2
2024-11-11 00:00:00+00:00,4.723,5.583,4.699,5.562,40642954.2
2024-11-12 00:00:00+00:00,5.561,5.756,4.945,5.338,41496973.5
2024-11-13 00:00:00+00:00,5.34,5.547,4.96,5.169,32524801.9
2024-11-14 00:00:00+00:00,5.171,5.651,5.013,5.415,26483365.0
2024-11-15 00:00:00+00:00,5.415,5.678,5.173,5.558,24531488.0
2024-11-16 00:00:00+00:00,5.558,6.389,5.455,5.945,31037180.2
2024-11-17 00:00:00+00:00,5.947,6.157,5.604,5.705,20411166.9
2024-11-18 00:00:00+00:00,5.705,6.306,5.648,6.021,20607194.5
2024-11-19 00:00:00+00:00,6.021,6.102,5.613,5.783,17167730.7
2024-11-20 00:00:00+00:00,5.782,5.847,5.336,5.477,16319400.9
2024-11-21 00:00:00+00:00,5.477,5.86,5.3,5.79,22046172.1
2024-11-22 00:00:00+00:00,5.79,6.183,5.484,6.136,23941761.2
2024-11-23 00:00:00+00:00,6.136,6.579,6.014,6.191,33032970.6
2024-11-24 00:00:00+00:00,6.192,7.004,6.007,6.873,35291880.8
2024-11-25 00:00:00+00:00,6.873,7.251,6.351,6.46,32364140.4
2024-11-26 00:00:00+00:00,6.459,6.669,5.956,6.518,26485869.4
2024-11-27 00:00:00+00:00,6.518,6.881,6.393,6.817,18576207.9
2024-11-28 00:00:00+00:00,6.816,7.17,6.46,7.015,15395042.7
2024-11-29 00:00:00+00:00,7.015,7.041,6.778,6.963,11539336.3
2024-11-30 00:00:00+00:00,6.962,7.237,6.782,7.007,15870378.0
2024-12-01 00:00:00+00:00,7.007,7.164,6.772,6.915,12250046.2
2024-12-02 00:00:00+00:00,6.915,7.5,6.413,7.48,27186869.4
2024-12-03 00:00:00+00:00,7.48,7.627,6.736,7.387,32513551.2
2024-12-04 00:00:00+00:00,7.388,7.71,7.153,7.47,24592321.2
2024-12-05 00:00:00+00:00,7.471,8.025,7.033,7.617,27609202.5
2024-12-06 00:00:00+00:00,7.617,8.244,7.516,8.02,21439811.5
2024-12-07 00:00:00+00:00,8.021,8.055,7.656,7.723,11484036.5
2024-12-08 00:00:00+00:00,7.724,7.863,7.454,7.824,11619577.4
2024-12-09 00:00:00+00:00,7.825,7.84,5.901,6.503,29091894.6
2024-12-10 00:00:00+00:00,6.504,6.83,5.933,6.423,30837652.6
2024-12-11 00:00:00+00:00,6.425,6.928,6.148,6.85,12535582.7
2024-12-12 00:00:00+00:00,6.849,7.325,6.779,6.913,15609721.7
2024-12-13 00:00:00+00:00,6.913,7.077,6.727,6.936,11007149.1
2024-12-14 00:00:00+00:00,6.938,7.042,6.494,6.684,8149872.1
2024-12-15 00:00:00+00:00,6.684,6.907,6.467,6.859,6675687.8
2024-12-16 00:00:00+00:00,6.86,7.054,6.525,6.616,9933167.2
2024-12-17 00:00:00+00:00,6.616,7.01,6.329,6.384,19119594.2
2024-12-18 00:00:00+00:00,6.384,6.43,5.672,5.687,23573355.9
2024-12-19 00:00:00+00:00,5.687,5.874,4.99,5.201,37100381.3
2024-12-20 00:00:00+00:00,5.201,5.462,4.536,5.354,41119697.3
2024-12-21 00:00:00+00:00,5.353,5.661,4.928,5.024,16609392.1
2024-12-22 00:00:00+00:00,5.024,5.14,4.837,5.038,14809904.1
2024-12-23 00:00:00+00:00,5.039,5.703,4.914,5.439,15810699.7
2024-12-24 00:00:00+00:00,5.44,5.662,5.288,5.552,12441713.1
2024-12-25 00:00:00+00:00,5.552,5.648,5.357,5.447,8010692.4
2024-12-26 00:00:00+00:00,5.447,5.499,5.0,5.086,8348417.2
2024-12-27 00:00:00+00:00,5.087,5.314,5.032,5.116,9079087.4
2024-12-28 00:00:00+00:00,5.116,5.369,5.069,5.343,4741621.0
2024-12-29 00:00:00+00:00,5.344,5.479,5.088,5.129,6367777.8
2024-12-30 00:00:00+00:00,5.13,5.284,4.953,5.047,8772296.7
2024-12-31 00:00:00+00:00,5.048,5.16,4.87,4.913,8243724.5
2025-01-01 00:00:00+00:00,4.912,5.334,4.878,5.286,7686625.8
2025-01-02 00:00:00+00:00,5.286,5.57,5.281,5.447,9048617.6
2025-01-03 00:00:00+00:00,5.448,5.829,5.392,5.818,9731887.5
2025-01-04 00:00:00+00:00,5.818,5.933,5.732,5.788,6602086.7
2025-01-05 00:00:00+00:00,5.79,5.984,5.622,5.908,5780578.1
2025-01-06 00:00:00+00:00,5.907,6.232,5.782,6.016,9177393.0
2025-01-07 00:00:00+00:00,6.015,6.026,5.346,5.365,10982703.4
2025-01-08 00:00:00+00:00,5.364,5.45,4.865,5.153,13555949.8
2025-01-09 00:00:00+00:00,5.154,5.22,4.838,4.978,10277336.9
2025-01-10 00:00:00+00:00,4.977,5.151,4.882,5.085,8946117.4
2025-01-11 00:00:00+00:00,5.085,5.167,4.988,5.087,4433326.2
2025-01-12 00:00:00+00:00,5.087,5.126,4.91,4.973,4003452.3
2025-01-13 00:00:00+00:00,4.973,5.095,4.413,4.751,18199407.3
2025-01-14 00:00:00+00:00,4.752,5.059,4.702,5.054,8203892.3
2025-01-15 00:00:00+00:00,5.054,5.338,4.862,5.317,12699897.3
2025-01-16 00:00:00+00:00,5.317,5.36,5.088,5.16,11852177.6
2025-01-17 00:00:00+00:00,5.161,5.796,5.161,5.754,12294229.1
2025-01-18 00:00:00+00:00,5.755,5.884,5.3,5.445,12168542.8
2025-01-19 00:00:00+00:00,5.445,5.654,4.886,4.981,22864412.4
2025-01-20 00:00:00+00:00,4.981,5.637,4.756,5.1,30964143.1
2025-01-21 00:00:00+00:00,5.1,5.349,4.881,5.251,15168956.6
2025-01-22 00:00:00+00:00,5.251,5.299,5.068,5.096,8805483.9
2025-01-23 00:00:00+00:00,5.097,5.126,4.857,4.98,13231440.0
2025-01-24 00:00:00+00:00,4.981,5.18,4.844,5.003,11210637.7
2025-01-25 00:00:00+00:00,5.002,5.027,4.866,4.928,5608693.1
2025-01-26 00:00:00+00:00,4.928,5.145,4.748,4.759,7728818.5
2025-01-27 00:00:00+00:00,4.758,4.773,4.358,4.639,16685938.8
2025-01-28 00:00:00+00:00,4.64,4.683,4.253,4.284,7250173.1
2025-01-29 00:00:00+00:00,4.283,4.582,4.265,4.418,9278108.3
2025-01-30 00:00:00+00:00,4.419,4.677,4.369,4.603,7477915.1
2025-01-31 00:00:00+00:00,4.603,4.847,4.533,4.619,8849664.3
2025-02-01 00:00:00+00:00,4.619,4.686,4.224,4.258,7442363.1
2025-02-02 00:00:00+00:00,4.258,4.343,3.51,3.75,24154343.8
2025-02-03 00:00:00+00:00,3.751,3.797,2.701,3.775,54994450.6
2025-02-04 00:00:00+00:00,3.775,3.799,3.275,3.394,20812122.7
2025-02-05 00:00:00+00:00,3.394,3.479,3.237,3.279,11024426.7
2025-02-06 00:00:00+00:00,3.279,3.384,3.116,3.143,16871742.9
2025-02-07 00:00:00+00:00,3.144,3.409,3.108,3.206,10983379.0
2025-02-08 00:00:00+00:00,3.206,3.317,3.159,3.286,12148627.6
2025-02-09 00:00:00+00:00,3.286,3.476,3.033,3.178,13952407.1
2025-02-10 00:00:00+00:00,3.179,3.307,3.065,3.208,16743439.7
2025-02-11 00:00:00+00:00,3.208,3.389,3.129,3.202,12931531.6
2025-02-12 00:00:00+00:00,3.202,3.471,3.099,3.43,21124116.7
2025-02-13 00:00:00+00:00,3.431,3.445,3.252,3.376,10781292.4
2025-02-14 00:00:00+00:00,3.377,3.632,3.339,3.551,13087406.9
2025-02-15 00:00:00+00:00,3.552,3.609,3.375,3.405,7524714.6
2025-02-16 00:00:00+00:00,3.405,3.555,3.36,3.416,8008571.8
2025-02-17 00:00:00+00:00,3.416,3.507,3.218,3.259,13533071.2
2025-02-18 00:00:00+00:00,3.258,3.313,3.026,3.14,11113792.7
2025-02-19 00:00:00+00:00,3.139,3.194,3.059,3.158,8513485.8
2025-02-20 00:00:00+00:00,3.158,3.507,3.144,3.467,16272462.9
2025-02-21 00:00:00+00:00,3.468,3.634,3.219,3.31,15100783.0
2025-02-22 00:00:00+00:00,3.311,3.644,3.294,3.468,12079979.1
2025-02-23 00:00:00+00:00,3.469,3.5,3.351,3.433,6395525.0
2025-02-24 00:00:00+00:00,3.433,3.461,3.027,3.065,14656133.2
2025-02-25 00:00:00+00:00,3.065,3.094,2.753,3.009,26052023.5
2025-02-26 00:00:00+00:00,3.009,3.107,2.882,3.023,13035036.2
2025-02-27 00:00:00+00:00,3.024,3.179,3.001,3.058,11695670.2
2025-02-28 00:00:00+00:00,3.059,3.102,2.766,3.066,19795609.0
2025-03-01 00:00:00+00:00,3.067,3.324,3.05,3.272,11690024.2
2025-03-02 00:00:00+00:00,3.271,3.563,3.174,3.554,21230700.0
2025-03-03 00:00:00+00:00,3.554,3.565,2.916,2.972,23605185.2
2025-03-04 00:00:00+00:00,2.973,2.981,2.559,2.811,32591186.3
2025-03-05 00:00:00+00:00,2.812,3.048,2.776,2.989,16303167.1
2025-03-06 00:00:00+00:00,2.99,3.249,2.953,3.056,16892047.8
2025-03-07 00:00:00+00:00,3.055,3.098,2.884,2.942,27725970.0
2025-03-08 00:00:00+00:00,2.942,2.974,2.828,2.885,8638683.2
2025-03-09 00:00:00+00:00,2.886,2.902,2.495,2.553,13580313.4
2025-03-10 00:00:00+00:00,2.554,2.676,2.24,2.285,24749691.6
2025-03-11 00:00:00+00:00,2.286,2.565,2.14,2.449,24945681.3
2025-03-12 00:00:00+00:00,2.45,2.575,2.347,2.556,16458135.2
2025-03-13 00:00:00+00:00,2.556,2.657,2.479,2.572,13184773.0
2025-03-14 00:00:00+00:00,2.572,2.715,2.553,2.608,21538337.9
2025-03-15 00:00:00+00:00,2.608,2.696,2.602,2.642,7406681.3
2025-03-16 00:00:00+00:00,2.643,2.668,2.486,2.516,10074418.1
2025-03-17 00:00:00+00:00,2.516,2.685,2.507,2.637,10201123.2
2025-03-18 00:00:00+00:00,2.637,2.654,2.503,2.586,8117448.9
2025-03-19 00:00:00+00:00,2.585,2.823,2.56,2.791,19158508.7
2025-03-20 00:00:00+00:00,2.79,2.814,2.676,2.741,7588148.7
2025-03-21 00:00:00+00:00,2.742,2.782,2.684,2.715,5268081.8
2025-03-22 00:00:00+00:00,2.715,2.795,2.712,2.732,4215364.7
2025-03-23 00:00:00+00:00,2.732,2.796,2.714,2.778,3697250.5
2025-03-24 00:00:00+00:00,2.778,3.032,2.759,2.921,11247182.6
2025-03-25 00:00:00+00:00,2.922,3.076,2.897,3.026,7612237.4
2025-03-26 00:00:00+00:00,3.026,3.074,2.934,2.984,7249113.6
2025-03-27 00:00:00+00:00,2.985,3.093,2.938,3.013,7397400.7
2025-03-28 00:00:00+00:00,3.013,3.041,2.667,2.734,12064452.9
2025-03-29 00:00:00+00:00,2.733,2.772,2.521,2.566,9038715.3
2025-03-30 00:00:00+00:00,2.567,2.776,2.546,2.593,9516724.2
2025-03-31 00:00:00+00:00,2.594,2.632,2.468,2.509,13149021.6
2025-04-01 00:00:00+00:00,2.509,2.699,2.482,2.649,9740987.7
2025-04-02 00:00:00+00:00,2.65,2.74,2.404,2.449,15529658.7
2025-04-03 00:00:00+00:00,2.45,2.55,2.363,2.509,12259455.3
2025-04-04 00:00:00+00:00,2.51,2.573,2.4,2.508,12334383.9
2025-04-05 00:00:00+00:00,2.507,2.533,2.403,2.443,4194841.7
2025-04-06 00:00:00+00:00,2.443,2.454,2.11,2.162,11697095.9
2025-04-07 00:00:00+00:00,2.162,2.26,1.978,2.118,34486508.5
2025-04-08 00:00:00+00:00,2.119,2.17,1.876,1.908,21930944.4
2025-04-09 00:00:00+00:00,1.908,2.147,1.821,2.102,35529338.7
2025-04-10 00:00:00+00:00,2.102,2.106,1.932,2.004,15220642.7
2025-04-11 00:00:00+00:00,2.003,2.122,2.0,2.089,11273271.4
2025-04-12 00:00:00+00:00,2.089,2.236,2.06,2.212,9627141.3
2025-04-13 00:00:00+00:00,2.213,2.247,2.077,2.094,9819656.9
2025-04-14 00:00:00+00:00,2.095,2.21,2.076,2.115,16040456.4
2025-04-15 00:00:00+00:00,2.116,2.144,2.015,2.039,10866643.2
2025-04-16 00:00:00+00:00,2.038,2.062,1.912,1.967,17036810.8
2025-04-17 00:00:00+00:00,1.967,2.096,1.958,2.052,10071392.0
2025-04-18 00:00:00+00:00,2.052,2.091,2.025,2.056,9013703.9
2025-04-19 00:00:00+00:00,2.055,2.199,2.049,2.182,6724401.1
2025-04-20 00:00:00+00:00,2.183,2.276,2.143,2.243,6603317.9
2025-04-21 00:00:00+00:00,2.244,2.332,2.2,2.217,10896036.2
2025-04-22 00:00:00+00:00,2.216,2.427,2.149,2.404,12111883.1
2025-04-23 00:00:00+00:00,2.404,2.549,2.391,2.47,13889872.1
2025-04-24 00:00:00+00:00,2.47,2.589,2.359,2.544,12377761.6
2025-04-25 00:00:00+00:00,2.543,2.649,2.485,2.619,10952969.4
2025-04-26 00:00:00+00:00,2.62,2.729,2.549,2.623,9129696.9
2025-04-27 00:00:00+00:00,2.623,2.658,2.487,2.488,6959687.3
2025-04-28 00:00:00+00:00,2.489,2.63,2.419,2.584,12141763.8
2025-04-29 00:00:00+00:00,2.585,2.62,2.486,2.529,9866365.0
2025-04-30 00:00:00+00:00,2.528,2.55,2.375,2.463,7918908.3
2025-05-01 00:00:00+00:00,2.464,2.606,2.459,2.542,7959029.6
2025-05-02 00:00:00+00:00,2.542,2.635,2.486,2.51,7291529.0
2025-05-03 00:00:00+00:00,2.511,2.516,2.399,2.422,6812115.1
2025-05-04 00:00:00+00:00,2.422,2.454,2.304,2.322,6257302.2
2025-05-05 00:00:00+00:00,2.321,2.397,2.285,2.315,5763100.1
2025-05-06 00:00:00+00:00,2.315,2.348,2.232,2.329,9099056.8
2025-05-07 00:00:00+00:00,2.329,2.385,2.223,2.284,10610239.7
2025-05-08 00:00:00+00:00,2.285,2.743,2.274,2.736,15510250.4
2025-05-09 00:00:00+00:00,2.736,2.986,2.722,2.901,18620824.6
2025-05-10 00:00:00+00:00,2.901,3.383,2.875,3.35,14461501.9
2025-05-11 00:00:00+00:00,3.351,3.371,3.065,3.14,14382806.5
2025-05-12 00:00:00+00:00,3.141,3.341,3.012,3.187,18712480.4
2025-05-13 00:00:00+00:00,3.188,3.294,2.995,3.21,11080196.8
2025-05-14 00:00:00+00:00,3.21,3.293,3.022,3.051,11438919.9
2025-05-15 00:00:00+00:00,3.051,3.099,2.808,2.882,15562201.1
2025-05-16 00:00:00+00:00,2.883,2.99,2.769,2.795,8949362.0
2025-05-17 00:00:00+00:00,2.795,2.807,2.657,2.693,7893996.7
2025-05-18 00:00:00+00:00,2.693,2.945,2.641,2.866,12613480.2
2025-05-19 00:00:00+00:00,2.867,2.879,2.644,2.769,11295860.1
2025-05-20 00:00:00+00:00,2.769,2.888,2.674,2.813,9857449.0
2025-05-21 00:00:00+00:00,2.814,2.966,2.755,2.863,17235719.9
2025-05-22 00:00:00+00:00,2.864,3.103,2.863,3.076,14472008.2
2025-05-23 00:00:00+00:00,3.077,3.161,2.782,2.797,18804983.2
2025-05-24 00:00:00+00:00,2.798,2.86,2.758,2.774,6677724.9
2025-05-25 00:00:00+00:00,2.775,2.814,2.636,2.796,9368947.8
2025-05-26 00:00:00+00:00,2.797,2.87,2.737,2.769,9391458.3
2025-05-27 00:00:00+00:00,2.769,2.926,2.698,2.817,11240545.3
2025-05-28 00:00:00+00:00,2.817,2.899,2.737,2.87,10917220.5
2025-05-29 00:00:00+00:00,2.871,2.989,2.745,2.754,17760804.0
2025-05-30 00:00:00+00:00,2.754,2.771,2.41,2.444,21468557.3
2025-05-31 00:00:00+00:00,2.445,2.467,2.333,2.421,14058167.1
2025-06-01 00:00:00+00:00,2.421,2.474,2.352,2.462,8351113.6
2025-06-02 00:00:00+00:00,2.463,2.516,2.374,2.503,10185792.5
2025-06-03 00:00:00+00:00,2.504,2.591,2.475,2.506,9450772.3
2025-06-04 00:00:00+00:00,2.506,2.577,2.419,2.435,9179422.9
2025-06-05 00:00:00+00:00,2.435,2.52,2.224,2.247,13420715.5
2025-06-06 00:00:00+00:00,2.246,2.367,2.243,2.314,9464165.1
2025-06-07 00:00:00+00:00,2.315,2.465,2.302,2.423,5054418.7
2025-06-08 00:00:00+00:00,2.423,2.463,2.371,2.421,5876054.8
2025-06-09 00:00:00+00:00,2.421,2.552,2.371,2.543,8815827.0
2025-06-10 00:00:00+00:00,2.544,2.666,2.501,2.662,12020507.7
2025-06-11 00:00:00+00:00,2.662,2.73,2.556,2.573,10173942.1
2025-06-12 00:00:00+00:00,2.573,2.581,2.365,2.369,9888172.1
2025-06-13 00:00:00+00:00,2.369,2.37,2.159,2.24,19293339.8
2025-06-14 00:00:00+00:00,2.239,2.249,2.159,2.232,6672462.8
2025-06-15 00:00:00+00:00,2.233,2.272,2.17,2.228,5184333.5
2025-06-16 00:00:00+00:00,2.228,2.387,2.205,2.272,10042413.2
2025-06-17 00:00:00+00:00,2.272,2.301,2.097,2.14,12524666.1
2025-06-18 00:00:00+00:00,2.14,2.202,2.072,2.187,10805064.3
2025-06-19 00:00:00+00:00,2.187,2.213,2.143,2.181,8172312.1
2025-06-20 00:00:00+00:00,2.182,2.201,2.018,2.075,9320143.1
2025-06-21 00:00:00+00:00,2.075,2.105,1.903,1.973,8464747.8
2025-06-22 00:00:00+00:00,1.972,2.008,1.793,1.898,21111804.9
2025-06-23 00:00:00+00:00,1.898,2.149,1.864,2.123,18642754.3
2025-06-24 00:00:00+00:00,2.123,2.23,2.111,2.19,13359845.3
2025-06-25 00:00:00+00:00,2.19,2.198,2.114,2.139,9110942.6
2025-06-26 00:00:00+00:00,2.138,2.191,2.024,2.05,11957630.1
2025-06-27 00:00:00+00:00,2.051,2.13,2.024,2.113,10760814.6
2025-06-28 00:00:00+00:00,2.113,2.184,2.089,2.166,5123834.0
2025-06-29 00:00:00+00:00,2.167,2.296,2.112,2.259,8423965.5
2025-06-30 00:00:00+00:00,2.259,2.276,2.111,2.148,10642399.3
2025-07-01 00:00:00+00:00,2.149,2.166,2.017,2.04,7506594.6
2025-07-02 00:00:00+00:00,2.04,2.27,2.022,2.22,14532650.0
2025-07-03 00:00:00+00:00,2.221,2.363,2.214,2.275,13136681.5
2025-07-04 00:00:00+00:00,2.275,2.299,2.099,2.134,10507784.8
2025-07-05 00:00:00+00:00,2.135,2.161,2.096,2.149,4434850.2
2025-07-06 00:00:00+00:00,2.15,2.224,2.112,2.18,6010306.9
2025-07-07 00:00:00+00:00,2.181,2.215,2.132,2.159,7180956.6
2025-07-08 00:00:00+00:00,2.159,2.259,2.12,2.244,8864097.1
2025-07-09 00:00:00+00:00,2.245,2.36,2.204,2.339,10833621.7
2025-07-10 00:00:00+00:00,2.339,2.536,2.318,2.515,10789627.6
2025-07-11 00:00:00+00:00,2.516,2.641,2.42,2.505,16497053.9
2025-07-12 00:00:00+00:00,2.505,2.556,2.405,2.482,10024677.2
2025-07-13 00:00:00+00:00,2.483,2.592,2.469,2.531,7233596.5
2025-07-14 00:00:00+00:00,2.531,2.697,2.524,2.579,14187748.0
2025-07-15 00:00:00+00:00,2.579,2.672,2.479,2.67,13857400.7
2025-07-16 00:00:00+00:00,2.671,2.818,2.61,2.73,14911193.0
2025-07-17 00:00:00+00:00,2.731,2.863,2.659,2.817,17296681.9
2025-07-18 00:00:00+00:00,2.818,3.041,2.721,2.805,18255369.3
2025-07-19 00:00:00+00:00,2.804,2.949,2.739,2.918,9521366.3
2025-07-20 00:00:00+00:00,2.918,3.07,2.882,2.976,12221981.1
2025-07-21 00:00:00+00:00,2.976,3.101,2.91,3.022,15030754.5
2025-07-22 00:00:00+00:00,3.023,3.053,2.851,3.03,19539676.5
2025-07-23 00:00:00+00:00,3.031,3.038,2.659,2.754,17315760.9
2025-07-24 00:00:00+00:00,2.755,2.828,2.581,2.717,18267028.7
2025-07-25 00:00:00+00:00,2.718,2.869,2.602,2.855,15336781.0
2025-07-26 00:00:00+00:00,2.854,2.935,2.838,2.882,6542357.6
2025-07-27 00:00:00+00:00,2.883,2.978,2.878,2.963,8298608.4
2025-07-28 00:00:00+00:00,2.963,3.016,2.721,2.752,13913787.1
2025-07-29 00:00:00+00:00,2.751,2.834,2.659,2.723,13200628.5
2025-07-30 00:00:00+00:00,2.724,2.736,2.508,2.657,13128271.6
2025-07-31 00:00:00+00:00,2.657,2.737,2.524,2.535,8814362.5
2025-08-01 00:00:00+00:00,2.534,2.55,2.352,2.414,23048769.6
2025-08-02 00:00:00+00:00,2.415,2.452,2.301,2.348,8776964.0
2025-08-03 00:00:00+00:00,2.348,2.459,2.313,2.444,4792901.5
2025-08-04 00:00:00+00:00,2.444,2.57,2.441,2.552,7560879.0
2025-08-05 00:00:00+00:00,2.554,2.557,2.392,2.468,10430990.4
2025-08-06 00:00:00+00:00,2.469,2.528,2.385,2.489,8687298.5
2025-08-07 00:00:00+00:00,2.489,2.656,2.468,2.651,6288182.7
2025-08-08 00:00:00+00:00,2.651,2.764,2.608,2.712,11110772.6
2025-08-09 00:00:00+00:00,2.713,2.859,2.705,2.831,8196835.3
2025-08-10 00:00:00+00:00,2.831,2.87,2.695,2.754,11744994.8
2025-08-11 00:00:00+00:00,2.754,2.83,2.578,2.601,14279822.7
2025-08-12 00:00:00+00:00,2.601,2.825,2.565,2.787,12919041.1
2025-08-13 00:00:00+00:00,2.787,3.046,2.754,2.997,17725323.0
2025-08-14 00:00:00+00:00,2.998,3.06,2.692,2.759,24269353.8
2025-08-15 00:00:00+00:00,2.758,2.848,2.625,2.708,14216639.9
2025-08-16 00:00:00+00:00,2.707,2.767,2.682,2.742,7513133.5
2025-08-17 00:00:00+00:00,2.742,2.843,2.694,2.702,10149852.7
2025-08-18 00:00:00+00:00,2.701,2.702,2.544,2.575,14106376.1
2025-08-19 00:00:00+00:00,2.576,2.6,2.418,2.422,11643815.2
2025-08-20 00:00:00+00:00,2.423,2.564,2.413,2.547,9913750.9
2025-08-21 00:00:00+00:00,2.546,2.57,2.436,2.445,6441912.2
2025-08-22 00:00:00+00:00,2.446,2.718,2.369,2.688,19778990.8
2025-08-23 00:00:00+00:00,2.688,2.718,2.605,2.7,7327283.5
2025-08-24 00:00:00+00:00,2.7,2.788,2.576,2.657,14947241.4
2025-08-25 00:00:00+00:00,2.656,2.688,2.349,2.398,15931166.7
2025-08-26 00:00:00+00:00,2.397,2.547,2.377,2.526,10649679.9
2025-08-27 00:00:00+00:00,2.526,2.577,2.495,2.519,9521835.8
2025-08-28 00:00:00+00:00,2.518,2.567,2.477,2.545,9082971.9
2025-08-29 00:00:00+00:00,2.545,2.551,2.391,2.43,14150848.5
2025-08-30 00:00:00+00:00,2.43,2.464,2.393,2.435,3638301.6
2025-08-31 00:00:00+00:00,2.435,2.483,2.364,2.367,5591793.7
2025-09-01 00:00:00+00:00,2.366,2.453,2.279,2.34,13274722.1
2025-09-02 00:00:00+00:00,2.341,2.441,2.319,2.439,9646582.7
2025-09-03 00:00:00+00:00,2.439,2.494,2.421,2.469,6026890.2
2025-09-04 00:00:00+00:00,2.468,2.477,2.359,2.376,5984615.2
2025-09-05 00:00:00+00:00,2.375,2.478,2.366,2.399,11655802.6
2025-09-06 00:00:00+00:00,2.398,2.41,2.374,2.402,2938241.9
2025-09-07 00:00:00+00:00,2.403,2.488,2.4,2.465,4891282.3
2025-09-08 00:00:00+00:00,2.464,2.597,2.452,2.576,7823855.3
2025-09-09 00:00:00+00:00,2.577,2.796,2.576,2.634,21161601.9
2025-09-10 00:00:00+00:00,2.634,2.734,2.618,2.727,10951758.6
2025-09-11 00:00:00+00:00,2.726,2.772,2.674,2.745,11627765.8
2025-09-12 00:00:00+00:00,2.744,2.813,2.674,2.792,10269661.3
2025-09-13 00:00:00+00:00,2.792,2.889,2.768,2.81,12029689.3
2025-09-14 00:00:00+00:00,2.81,2.818,2.673,2.706,7398340.0
2025-09-15 00:00:00+00:00,2.705,2.778,2.577,2.626,12996176.0
2025-09-16 00:00:00+00:00,2.626,2.736,2.579,2.708,10198575.8
2025-09-17 00:00:00+00:00,2.708,2.836,2.648,2.824,14196018.2
2025-09-18 00:00:00+00:00,2.824,3.268,2.803,3.175,31510705.1
2025-09-19 00:00:00+00:00,3.176,3.342,3.092,3.12,33893185.1
2025-09-20 00:00:00+00:00,3.12,3.283,3.05,3.156,18215306.8
2025-09-21 00:00:00+00:00,3.155,3.169,3.07,3.129,8221274.4
2025-09-22 00:00:00+00:00,3.129,3.161,2.753,2.962,24463376.1
2025-09-23 00:00:00+00:00,2.962,3.134,2.855,2.919,23471364.9
2025-09-24 00:00:00+00:00,2.919,3.119,2.866,3.023,16787194.0
2025-09-25 00:00:00+00:00,3.022,3.038,2.705,2.728,24370347.1
2025-09-26 00:00:00+00:00,2.728,2.798,2.624,2.778,16306592.0
2025-09-27 00:00:00+00:00,2.777,2.777,2.685,2.728,5432660.9
2025-09-28 00:00:00+00:00,2.729,2.816,2.648,2.8,7185220.7
2025-09-29 00:00:00+00:00,2.8,2.835,2.689,2.775,13893789.9
2025-09-30 00:00:00+00:00,2.775,2.789,2.563,2.629,14050848.5
2025-10-01 00:00:00+00:00,2.629,2.877,2.615,2.833,18952060.3
2025-10-02 00:00:00+00:00,2.833,3.01,2.821,2.968,19961035.4
2025-10-03 00:00:00+00:00,2.969,3.084,2.889,3.032,19818244.1
2025-10-04 00:00:00+00:00,3.032,3.043,2.878,2.961,11900786.0
2025-10-05 00:00:00+00:00,2.961,3.181,2.933,2.957,20625298.9
2025-10-06 00:00:00+00:00,2.957,3.088,2.933,3.049,16702710.3
2025-10-07 00:00:00+00:00,3.049,3.072,2.903,2.949,21389957.3
2025-10-08 00:00:00+00:00,2.949,3.023,2.897,2.964,16391045.0
2025-10-09 00:00:00+00:00,2.964,2.967,2.809,2.88,17356845.6
2025-10-10 00:00:00+00:00,2.88,3.228,1.55,2.382,79343242.8
2025-10-11 00:00:00+00:00,2.381,2.58,2.184,2.3,41322360.1
2025-10-12 00:00:00+00:00,2.3,2.519,2.218,2.456,31877780.4
2025-10-13 00:00:00+00:00,2.457,2.682,2.414,2.619,27963610.2
2025-10-14 00:00:00+00:00,2.619,2.636,2.338,2.46,26681981.8
2025-10-15 00:00:00+00:00,2.46,2.523,2.292,2.325,17626417.6
2025-10-16 00:00:00+00:00,2.326,2.38,2.182,2.198,17022706.5
2025-10-17 00:00:00+00:00,2.198,2.235,2.057,2.149,21241586.2
2025-10-18 00:00:00+00:00,2.149,2.187,2.113,2.167,7803199.2
2025-10-19 00:00:00+00:00,2.167,2.302,2.133,2.258,12666075.9
2025-10-20 00:00:00+00:00,2.258,2.339,2.213,2.26,12387944.1
2025-10-21 00:00:00+00:00,2.259,2.365,2.163,2.217,16180056.5
2025-10-22 00:00:00+00:00,2.217,2.246,2.076,2.164,15653834.5
2025-10-23 00:00:00+00:00,2.164,2.244,2.144,2.202,12817928.2
2025-10-24 00:00:00+00:00,2.202,2.304,2.192,2.273,9832856.4
2025-10-25 00:00:00+00:00,2.272,2.298,2.224,2.279,5940613.2
2025-10-26 00:00:00+00:00,2.28,2.394,2.253,2.369,9916958.8
2025-10-27 00:00:00+00:00,2.369,2.419,2.311,2.332,12093121.2
2025-10-28 00:00:00+00:00,2.332,2.384,2.202,2.234,12817187.0
2025-10-29 00:00:00+00:00,2.235,2.349,2.224,2.276,12876079.2
2025-10-30 00:00:00+00:00,2.276,2.307,2.029,2.1,15100675.5
2025-10-31 00:00:00+00:00,2.1,2.159,2.069,2.099,9598215.8
2025-11-01 00:00:00+00:00,2.099,2.184,2.087,2.174,8180299.3
2025-11-02 00:00:00+00:00,2.173,2.202,2.103,2.19,6743999.2
2025-11-03 00:00:00+00:00,2.189,2.204,1.83,1.912,23835015.6
2025-11-04 00:00:00+00:00,1.912,1.95,1.72,1.831,33860081.0
2025-11-05 00:00:00+00:00,1.831,1.972,1.736,1.951,18470318.0
2025-11-06 00:00:00+00:00,1.951,2.104,1.888,2.097,34925808.2
2025-11-07 00:00:00+00:00,2.097,2.973,2.078,2.768,112307310.9
2025-11-08 00:00:00+00:00,2.768,3.185,2.598,2.937,85739350.5
2025-11-09 00:00:00+00:00,2.937,3.084,2.667,3.075,64467008.8
2025-11-10 00:00:00+00:00,3.075,3.15,2.75,2.787,47100615.1
2025-11-11 00:00:00+00:00,2.788,2.836,2.529,2.548,27189483.9
2025-11-12 00:00:00+00:00,2.548,2.664,2.478,2.535,17733981.2
2025-11-13 00:00:00+00:00,2.534,2.605,2.392,2.448,15565253.9
2025-11-14 00:00:00+00:00,2.448,2.463,2.306,2.355,20205056.1
2025-11-15 00:00:00+00:00,2.355,2.624,2.352,2.407,23442790.0
2025-11-16 00:00:00+00:00,2.408,2.572,2.23,2.29,27030981.0
2025-11-17 00:00:00+00:00,2.29,2.352,2.175,2.27,24238353.7
2025-11-18 00:00:00+00:00,2.271,2.355,2.201,2.276,31258831.5
2025-11-19 00:00:00+00:00,2.276,2.407,2.149,2.377,26731783.4
2025-11-20 00:00:00+00:00,2.377,2.414,2.066,2.074,32740622.4
2025-11-21 00:00:00+00:00,2.074,2.09,1.821,1.864,38919769.0
2025-11-22 00:00:00+00:00,1.864,1.902,1.798,1.841,16342261.4
2025-11-23 00:00:00+00:00,1.842,1.915,1.814,1.822,12871465.3
2025-11-24 00:00:00+00:00,1.822,1.988,1.798,1.905,22445647.6
2025-11-25 00:00:00+00:00,1.905,1.949,1.817,1.913,18027550.8
2025-11-26 00:00:00+00:00,1.913,1.96,1.836,1.937,11980594.7
2025-11-27 00:00:00+00:00,1.938,1.955,1.899,1.906,9320870.1
2025-11-28 00:00:00+00:00,1.907,1.956,1.85,1.879,10723502.9
2025-11-29 00:00:00+00:00,1.879,1.905,1.831,1.851,6496385.1
2025-11-30 00:00:00+00:00,1.851,1.869,1.803,1.805,7211122.0
2025-12-01 00:00:00+00:00,1.805,1.812,1.584,1.627,21347427.3
2025-12-02 00:00:00+00:00,1.626,1.835,1.624,1.804,19122823.7
2025-12-03 00:00:00+00:00,1.803,1.871,1.757,1.845,17868540.8
2025-12-04 00:00:00+00:00,1.846,1.9,1.747,1.797,14367247.6
2025-12-05 00:00:00+00:00,1.797,1.818,1.659,1.681,16306576.7
2025-12-06 00:00:00+00:00,1.681,1.748,1.667,1.709,9847253.4
2025-12-07 00:00:00+00:00,1.709,1.773,1.639,1.702,13481344.4
2025-12-08 00:00:00+00:00,1.702,1.801,1.691,1.745,13243048.4
2025-12-09 00:00:00+00:00,1.745,1.885,1.698,1.811,18585320.1
2025-12-10 00:00:00+00:00,1.81,1.864,1.735,1.76,18407020.0
2025-12-11 00:00:00+00:00,1.76,1.763,1.627,1.673,16902657.6
2025-12-12 00:00:00+00:00,1.674,1.72,1.584,1.637,15740371.6
2025-12-13 00:00:00+00:00,1.638,1.685,1.632,1.664,6683297.5
2025-12-14 00:00:00+00:00,1.664,1.67,1.57,1.591,9006783.3
2025-12-15 00:00:00+00:00,1.591,1.647,1.489,1.545,17359845.8
2025-12-16 00:00:00+00:00,1.545,1.62,1.506,1.57,18319907.5
2025-12-17 00:00:00+00:00,1.569,1.615,1.467,1.481,18390439.6
2025-12-18 00:00:00+00:00,1.481,1.6,1.419,1.427,28067284.9
2025-12-19 00:00:00+00:00,1.428,1.56,1.405,1.539,19065552.7
2025-12-20 00:00:00+00:00,1.539,1.546,1.505,1.523,6994396.6
2025-12-21 00:00:00+00:00,1.523,1.536,1.453,1.509,10102892.7
2025-12-22 00:00:00+00:00,1.51,1.587,1.492,1.505,14557086.2
2025-12-23 00:00:00+00:00,1.505,1.532,1.462,1.486,12176811.0
2025-12-24 00:00:00+00:00,1.486,1.489,1.436,1.455,9880620.8
2025-12-25 00:00:00+00:00,1.455,1.513,1.433,1.439,10510457.4
2025-12-26 00:00:00+00:00,1.438,1.563,1.432,1.519,16289527.6
2025-12-27 00:00:00+00:00,1.518,1.604,1.502,1.595,9206699.6
2025-12-28 00:00:00+00:00,1.595,1.615,1.553,1.582,8049154.7
2025-12-29 00:00:00+00:00,1.582,1.612,1.511,1.524,13184768.4
2025-12-30 00:00:00+00:00,1.524,1.562,1.512,1.516,8112641.8
2025-12-31 00:00:00+00:00,1.515,1.531,1.47,1.514,8188680.5
2026-01-01 00:00:00+00:00,1.514,1.634,1.501,1.627,11527288.8
2026-01-02 00:00:00+00:00,1.628,1.697,1.614,1.692,14922531.9
2026-01-03 00:00:00+00:00,1.692,1.719,1.657,1.711,8867519.5
2026-01-04 00:00:00+00:00,1.71,1.743,1.692,1.728,9879188.9
2026-01-05 00:00:00+00:00,1.728,1.801,1.709,1.774,21292889.0
2026-01-06 00:00:00+00:00,1.773,1.841,1.729,1.808,24453756.3
2026-01-07 00:00:00+00:00,1.808,1.809,1.703,1.722,16483359.0
2026-01-08 00:00:00+00:00,1.722,1.729,1.657,1.686,15952502.9
2026-01-09 00:00:00+00:00,1.686,1.757,1.661,1.703,15371486.2
2026-01-10 00:00:00+00:00,1.703,1.733,1.674,1.689,5749964.1
2026-01-11 00:00:00+00:00,1.689,1.739,1.671,1.702,8113125.0
2026-01-12 00:00:00+00:00,1.703,1.77,1.644,1.675,17322019.2
2026-01-13 00:00:00+00:00,1.674,1.894,1.673,1.859,23826989.7
2026-01-14 00:00:00+00:00,1.86,1.878,1.787,1.799,16751306.0
2026-01-15 00:00:00+00:00,1.8,1.815,1.698,1.722,15148887.4
2026-01-16 00:00:00+00:00,1.722,1.756,1.674,1.731,10882677.6
2026-01-17 00:00:00+00:00,1.732,1.81,1.721,1.751,10691136.7
2026-01-18 00:00:00+00:00,1.751,1.768,1.624,1.629,13230683.0
2026-01-19 00:00:00+00:00,1.628,1.628,1.449,1.597,29662288.0
2026-01-20 00:00:00+00:00,1.598,1.604,1.489,1.506,17565093.2
2026-01-21 00:00:00+00:00,1.506,1.574,1.483,1.529,15137516.4
2026-01-22 00:00:00+00:00,1.529,1.559,1.496,1.513,8420987.5
2026-01-23 00:00:00+00:00,1.513,1.551,1.491,1.509,7523136.9
2026-01-24 00:00:00+00:00,1.509,1.521,1.489,1.506,3450400.1
2026-01-25 00:00:00+00:00,1.507,1.516,1.409,1.436,9674071.5
2026-01-26 00:00:00+00:00,1.436,1.488,1.432,1.463,7842919.7
2026-01-27 00:00:00+00:00,1.463,1.505,1.447,1.49,8240821.5
2026-01-28 00:00:00+00:00,1.491,1.501,1.459,1.489,9394936.4
2026-01-29 00:00:00+00:00,1.489,1.496,1.344,1.375,16433402.9
2026-01-30 00:00:00+00:00,1.376,1.382,1.289,1.323,22463975.2
2026-01-31 00:00:00+00:00,1.322,1.329,1.091,1.206,32200581.5
2026-02-01 00:00:00+00:00,1.206,1.217,1.143,1.173,19501964.1
2026-02-02 00:00:00+00:00,1.173,1.239,1.136,1.2,22932446.3
2026-02-03 00:00:00+00:00,1.2,1.231,1.123,1.176,20663814.2
2026-02-04 00:00:00+00:00,1.176,1.206,1.128,1.16,18928478.1
2026-02-05 00:00:00+00:00,1.16,1.168,0.963,0.976,60597579.0
2026-02-06 00:00:00+00:00,0.977,1.114,0.841,1.087,49048908.3
2026-02-07 00:00:00+00:00,1.087,1.106,1.04,1.075,23484213.1
2026-02-08 00:00:00+00:00,1.074,1.08,1.028,1.038,8512933.4
2026-02-09 00:00:00+00:00,1.038,1.051,0.986,1.03,12993293.5
2026-02-10 00:00:00+00:00,1.031,1.037,0.982,0.993,18807324.4
2026-02-11 00:00:00+00:00,0.993,1.004,0.938,0.962,24207519.0
2026-02-12 00:00:00+00:00,0.962,1.011,0.934,0.964,20327703.8
2026-02-13 00:00:00+00:00,0.964,1.031,0.955,1.024,17811665.6
2026-02-14 00:00:00+00:00,1.024,1.102,1.016,1.086,17779047.6
2026-02-15 00:00:00+00:00,1.085,1.091,1.031,1.056,20880465.8
2026-02-16 00:00:00+00:00,1.056,1.075,1.025,1.058,18744003.8
2026-02-17 00:00:00+00:00,1.058,1.068,1.028,1.044,14689461.6
2026-02-18 00:00:00+00:00,1.044,1.066,1.006,1.017,10986307.3
2026-02-19 00:00:00+00:00,1.018,1.023,0.981,1.007,10544987.9
2026-02-20 00:00:00+00:00,1.007,1.056,1.002,1.054,14428259.4
2026-02-21 00:00:00+00:00,1.054,1.109,1.042,1.059,13777858.6
2026-02-22 00:00:00+00:00,1.058,1.058,1.004,1.022,7982809.2
2026-02-23 00:00:00+00:00,1.023,1.03,0.964,0.981,13039933.7
2026-02-24 00:00:00+00:00,0.981,0.993,0.953,0.967,9355926.3
2026-02-25 00:00:00+00:00,0.967,1.26,0.965,1.172,37962459.6
2026-02-26 00:00:00+00:00,1.172,1.184,1.084,1.127,18207299.9
2026-02-27 00:00:00+00:00,1.128,1.147,1.073,1.094,19294172.3
2026-02-28 00:00:00+00:00,1.094,1.174,1.028,1.172,24898367.0
2026-03-01 00:00:00+00:00,1.172,1.211,1.112,1.15,25884248.6
2026-03-02 00:00:00+00:00,1.15,1.414,1.142,1.36,62662239.9
2026-03-03 00:00:00+00:00,1.36,1.455,1.318,1.358,59647171.9
2026-03-04 00:00:00+00:00,1.358,1.416,1.302,1.311,38008407.0
2026-03-05 00:00:00+00:00,1.312,1.334,1.245,1.271,23390512.9
2026-03-06 00:00:00+00:00,1.271,1.3,1.216,1.227,17278686.0
2026-03-07 00:00:00+00:00,1.226,1.247,1.204,1.214,7121351.1
2026-03-08 00:00:00+00:00,1.215,1.256,1.189,1.212,15303412.2
2026-03-09 00:00:00+00:00,1.212,1.282,1.204,1.235,22467502.2
2026-03-10 00:00:00+00:00,1.234,1.333,1.225,1.284,23422672.1
2026-03-11 00:00:00+00:00,1.283,1.323,1.268,1.299,18003172.4
2026-03-12 00:00:00+00:00,1.298,1.372,1.278,1.368,21159154.4
2026-03-13 00:00:00+00:00,1.368,1.422,1.319,1.336,31103846.1
2026-03-14 00:00:00+00:00,1.335,1.342,1.297,1.325,8333987.7
2026-03-15 00:00:00+00:00,1.325,1.378,1.317,1.35,12777564.2
2026-03-16 00:00:00+00:00,1.351,1.51,1.34,1.49,29557732.3
2026-03-17 00:00:00+00:00,1.491,1.51,1.424,1.452,18188266.6
2026-03-18 00:00:00+00:00,1.452,1.471,1.373,1.386,20912333.1
2026-03-19 00:00:00+00:00,1.387,1.397,1.322,1.335,14109921.7
2026-03-20 00:00:00+00:00,1.335,1.365,1.309,1.316,13000499.9
2026-03-21 00:00:00+00:00,1.316,1.332,1.27,1.281,5897891.4
2026-03-22 00:00:00+00:00,1.281,1.306,1.26,1.274,8479956.7
2026-03-23 00:00:00+00:00,1.274,1.332,1.252,1.311,18514204.7
2026-03-24 00:00:00+00:00,1.311,1.33,1.273,1.292,12589295.7
2026-03-25 00:00:00+00:00,1.292,1.312,1.268,1.28,13678516.9
2026-03-26 00:00:00+00:00,1.28,1.28,1.203,1.224,9329282.4
2026-03-27 00:00:00+00:00,1.223,1.24,1.169,1.18,12534841.2
2026-03-28 00:00:00+00:00,1.181,1.192,1.161,1.173,5311373.6
2026-03-29 00:00:00+00:00,1.173,1.177,1.129,1.164,8497306.2
2026-03-30 00:00:00+00:00,1.165,1.226,1.148,1.162,9454163.5
2026-03-31 00:00:00+00:00,1.162,1.203,1.161,1.189,10463035.3
2026-04-01 00:00:00+00:00,1.188,1.23,1.178,1.191,8942272.8
2026-04-02 00:00:00+00:00,1.191,1.206,1.14,1.162,9595179.2
2026-04-03 00:00:00+00:00,1.163,1.23,1.158,1.209,9062691.3
2026-04-04 00:00:00+00:00,1.209,1.288,1.207,1.255,10348015.0
2026-04-05 00:00:00+00:00,1.256,1.271,1.224,1.248,7463566.7
2026-04-06 00:00:00+00:00,1.248,1.302,1.237,1.248,10422379.0
2026-04-07 00:00:00+00:00,1.248,1.34,1.221,1.31,13775824.1
2026-04-08 00:00:00+00:00,1.309,1.392,1.285,1.33,23070543.8
2026-04-09 00:00:00+00:00,1.33,1.392,1.32,1.366,17951842.9
2026-04-10 00:00:00+00:00,1.366,1.395,1.345,1.361,12934124.7
2026-04-11 00:00:00+00:00,1.361,1.425,1.331,1.402,11189219.6
2026-04-12 00:00:00+00:00,1.403,1.407,1.323,1.346,10996673.7
2026-04-13 00:00:00+00:00,1.347,1.421,1.345,1.419,17028033.8
2026-04-14 00:00:00+00:00,1.419,1.439,1.351,1.36,16642531.7
2026-04-15 00:00:00+00:00,1.36,1.422,1.342,1.409,10789947.8
2026-04-16 00:00:00+00:00,1.41,1.443,1.367,1.432,16566824.5
2026-04-17 00:00:00+00:00,1.432,1.442,1.369,1.407,21041018.6
2026-04-18 00:00:00+00:00,1.406,1.421,1.343,1.343,11733790.6
2026-04-19 00:00:00+00:00,1.344,1.389,1.322,1.325,13585946.6
2026-04-20 00:00:00+00:00,1.326,1.373,1.325,1.362,10184159.4
2026-04-21 00:00:00+00:00,1.363,1.399,1.349,1.385,10816546.7
2026-04-22 00:00:00+00:00,1.386,1.432,1.377,1.402,9258538.1
2026-04-23 00:00:00+00:00,1.402,1.414,1.37,1.405,8675419.7
2026-04-24 00:00:00+00:00,1.406,1.433,1.396,1.409,7255231.7
2026-04-25 00:00:00+00:00,1.408,1.422,1.388,1.402,3954389.8
2026-04-26 00:00:00+00:00,1.402,1.413,1.379,1.394,6403543.0
2026-04-27 00:00:00+00:00,1.395,1.413,1.34,1.364,8820909.8
2026-04-28 00:00:00+00:00,1.364,1.367,1.33,1.347,5115197.0
2026-04-29 00:00:00+00:00,1.347,1.374,1.293,1.328,7251076.7
2026-04-30 00:00:00+00:00,1.328,1.343,1.291,1.297,3949686.6
2026-05-01 00:00:00+00:00,1.298,1.32,1.279,1.288,6031828.2
2026-05-02 00:00:00+00:00,1.289,1.305,1.278,1.3,3496137.6
2026-05-03 00:00:00+00:00,1.301,1.304,1.268,1.275,4056823.7
2026-05-04 00:00:00+00:00,1.276,1.312,1.245,1.262,14616403.5
2026-05-05 00:00:00+00:00,1.262,1.317,1.258,1.296,11885032.7
2026-05-06 00:00:00+00:00,1.296,1.547,1.288,1.487,37966412.0
2026-05-07 00:00:00+00:00,1.488,1.529,1.451,1.47,18468827.8
2026-05-08 00:00:00+00:00,1.47,1.603,1.455,1.598,26334830.6
2026-05-09 00:00:00+00:00,1.598,1.618,1.55,1.568,10994136.1
2026-05-10 00:00:00+00:00,1.568,1.631,1.536,1.564,11473846.8
2026-05-11 00:00:00+00:00,1.564,1.575,1.51,1.548,12864534.5
2026-05-12 00:00:00+00:00,1.548,1.65,1.504,1.609,26426951.9
2026-05-13 00:00:00+00:00,1.609,1.692,1.549,1.574,28886132.0
2026-05-14 00:00:00+00:00,1.574,1.635,1.539,1.573,15293397.1
2026-05-15 00:00:00+00:00,1.573,1.593,1.509,1.545,13070654.4
2026-05-16 00:00:00+00:00,1.544,1.555,1.479,1.496,10195611.0
2026-05-17 00:00:00+00:00,1.497,1.56,1.469,1.508,8885842.7
2026-05-18 00:00:00+00:00,1.508,1.629,1.478,1.626,16495367.4
2026-05-19 00:00:00+00:00,1.626,1.687,1.581,1.602,18491712.8
2026-05-20 00:00:00+00:00,1.603,1.729,1.581,1.703,23292877.4
2026-05-21 00:00:00+00:00,1.703,1.967,1.696,1.927,38563882.9
2026-05-22 00:00:00+00:00,1.927,2.337,1.918,2.102,83296720.7
2026-05-23 00:00:00+00:00,2.103,2.474,2.01,2.452,69087849.6
2026-05-24 00:00:00+00:00,2.452,2.509,2.329,2.395,43437244.8
2026-05-25 00:00:00+00:00,2.396,2.824,2.337,2.772,59809608.5
2026-05-26 00:00:00+00:00,2.772,2.978,2.527,2.553,70564223.0
2026-05-27 00:00:00+00:00,2.554,2.739,2.453,2.489,61070214.9
2026-05-28 00:00:00+00:00,2.489,2.508,2.269,2.42,40033948.3
2026-05-29 00:00:00+00:00,2.42,2.633,2.362,2.38,56973623.8
2026-05-30 00:00:00+00:00,2.38,2.444,2.226,2.25,25153338.2
2026-05-31 00:00:00+00:00,2.251,2.358,2.215,2.32,27397087.6
2026-06-01 00:00:00+00:00,2.321,2.709,2.261,2.638,57769738.2
2026-06-02 00:00:00+00:00,2.638,2.775,2.455,2.628,66454587.9
2026-06-03 00:00:00+00:00,2.629,3.087,2.628,2.817,79228044.0
2026-06-04 00:00:00+00:00,2.817,2.854,2.17,2.2,85031683.2
2026-06-05 00:00:00+00:00,2.2,2.303,1.825,1.969,90516179.4
2026-06-06 00:00:00+00:00,1.969,2.007,1.827,1.859,32496797.3
2026-06-07 00:00:00+00:00,1.859,2.101,1.813,2.059,52333813.4
2026-06-08 00:00:00+00:00,2.059,2.265,2.014,2.13,43025496.2
2026-06-09 00:00:00+00:00,2.13,2.261,2.033,2.152,33711344.9
2026-06-10 00:00:00+00:00,2.151,2.206,1.93,1.969,34687621.2
2026-06-11 00:00:00+00:00,1.97,2.119,1.95,2.066,32830504.8
2026-06-12 00:00:00+00:00,2.066,2.155,1.977,2.011,22938521.3
2026-06-13 00:00:00+00:00,2.011,2.187,1.99,2.129,17507274.5
2026-06-14 00:00:00+00:00,2.128,2.237,2.063,2.218,17550776.1
2026-06-15 00:00:00+00:00,2.218,2.545,2.21,2.394,36646621.1
2026-06-16 00:00:00+00:00,2.394,2.562,2.289,2.308,31371061.1
2026-06-17 00:00:00+00:00,2.308,2.389,2.172,2.182,28580249.2
2026-06-18 00:00:00+00:00,2.181,2.301,2.13,2.237,23284239.5
2026-06-19 00:00:00+00:00,2.237,2.255,2.084,2.187,17228540.7
2026-06-20 00:00:00+00:00,2.186,2.205,2.099,2.194,11302010.3
2026-06-21 00:00:00+00:00,2.194,2.279,2.09,2.102,14846264.4
2026-06-22 00:00:00+00:00,2.102,2.199,2.056,2.069,15379805.8
2026-06-23 00:00:00+00:00,2.068,2.07,1.962,1.982,18033850.8
2026-06-24 00:00:00+00:00,1.982,2.005,1.86,1.965,16631148.5
2026-06-25 00:00:00+00:00,1.965,1.978,1.777,1.835,23063364.8
2026-06-26 00:00:00+00:00,1.835,1.864,1.752,1.804,26620282.5
2026-06-27 00:00:00+00:00,1.804,1.93,1.79,1.868,19330173.7
2026-06-28 00:00:00+00:00,1.869,1.95,1.803,1.834,16377969.4
2026-06-29 00:00:00+00:00,1.834,1.916,1.807,1.865,16153439.3
2026-06-30 00:00:00+00:00,1.865,1.875,1.759,1.782,15889450.1
2026-07-01 00:00:00+00:00,1.783,1.879,1.723,1.807,21498784.1
2026-07-02 00:00:00+00:00,1.807,1.955,1.802,1.943,19384164.1
2026-07-03 00:00:00+00:00,1.943,2.116,1.92,2.045,18622676.4
2026-07-04 00:00:00+00:00,2.044,2.057,1.958,1.999,12060589.1
2026-07-05 00:00:00+00:00,1.998,2.06,1.921,2.017,8885296.6
