date,open,high,low,close,volume
2021-07-02 00:00:00+00:00,33.27,34.217,31.367,34.0,4324198.276
2021-07-03 00:00:00+00:00,34.001,35.406,33.217,34.498,3063406.141
2021-07-04 00:00:00+00:00,34.497,35.531,33.533,34.28,2972213.418
2021-07-05 00:00:00+00:00,34.278,34.49,32.37,32.908,3008984.082
2021-07-06 00:00:00+00:00,32.908,35.041,32.883,34.226,3289698.061
2021-07-07 00:00:00+00:00,34.221,38.1,33.82,36.673,4609258.553
2021-07-08 00:00:00+00:00,36.667,36.934,32.654,33.142,4495022.54
2021-07-09 00:00:00+00:00,33.134,34.46,31.976,33.315,2810263.602
2021-07-10 00:00:00+00:00,33.315,34.215,31.025,31.693,2838074.586
2021-07-11 00:00:00+00:00,31.716,32.568,31.3,32.182,1944815.804
2021-07-12 00:00:00+00:00,32.173,32.696,30.011,30.77,2251239.269
2021-07-13 00:00:00+00:00,30.77,31.096,28.81,29.136,1837132.436
2021-07-14 00:00:00+00:00,29.154,31.5,27.363,31.365,3434185.178
2021-07-15 00:00:00+00:00,31.365,31.485,27.975,28.545,3643011.529
2021-07-16 00:00:00+00:00,28.562,29.478,26.196,26.271,2923575.792
2021-07-17 00:00:00+00:00,26.269,27.836,25.979,26.802,2122389.101
2021-07-18 00:00:00+00:00,26.789,27.756,26.233,26.673,1727601.788
2021-07-19 00:00:00+00:00,26.679,26.71,23.975,24.509,3131177.977
2021-07-20 00:00:00+00:00,24.524,24.982,22.1,23.474,3555428.542
2021-07-21 00:00:00+00:00,23.484,27.461,22.8,26.7,4561993.007
2021-07-22 00:00:00+00:00,26.706,28.17,25.91,27.699,2643783.144
2021-07-23 00:00:00+00:00,27.7,28.713,26.385,28.516,3040520.321
2021-07-24 00:00:00+00:00,28.53,29.548,28.013,28.616,2678108.81
2021-07-25 00:00:00+00:00,28.626,28.898,26.5,28.248,2350991.534
2021-07-26 00:00:00+00:00,28.247,31.115,27.83,28.184,6221691.897
2021-07-27 00:00:00+00:00,28.183,28.95,26.893,28.103,3008374.757
2021-07-28 00:00:00+00:00,28.119,28.76,27.354,27.875,2329901.559
2021-07-29 00:00:00+00:00,27.891,31.888,27.319,31.235,3692050.445
2021-07-30 00:00:00+00:00,31.238,33.084,29.91,32.354,4970660.009
2021-07-31 00:00:00+00:00,32.354,37.004,31.653,36.744,4320145.537
2021-08-01 00:00:00+00:00,36.742,36.822,33.165,34.165,3490975.158
2021-08-02 00:00:00+00:00,34.178,35.95,33.0,33.167,3105881.294
2021-08-03 00:00:00+00:00,33.177,35.9,32.327,34.105,3490191.638
2021-08-04 00:00:00+00:00,34.094,36.658,33.236,35.76,2847838.669
2021-08-05 00:00:00+00:00,35.757,38.267,35.5,37.353,4059371.083
2021-08-06 00:00:00+00:00,37.354,40.4,35.611,39.525,3951317.574
2021-08-07 00:00:00+00:00,39.502,40.5,37.502,39.469,3561767.701
2021-08-08 00:00:00+00:00,39.454,39.549,36.896,37.65,2030535.723
2021-08-09 00:00:00+00:00,37.653,39.999,36.351,38.646,2128198.741
2021-08-10 00:00:00+00:00,38.646,41.678,38.183,40.64,2603195.665
2021-08-11 00:00:00+00:00,40.639,43.729,40.605,41.621,2512250.555
2021-08-12 00:00:00+00:00,41.619,43.401,39.316,41.102,2413664.412
2021-08-13 00:00:00+00:00,41.105,44.911,40.668,44.83,2281339.99
2021-08-14 00:00:00+00:00,44.859,44.874,42.727,44.14,1548818.722
2021-08-15 00:00:00+00:00,44.124,54.8,43.361,53.531,6264283.565
2021-08-16 00:00:00+00:00,53.515,69.132,52.269,62.016,15014364.928
2021-08-17 00:00:00+00:00,62.042,75.155,58.822,64.123,14953825.95
2021-08-18 00:00:00+00:00,64.135,80.5,59.722,72.663,15022132.453
2021-08-19 00:00:00+00:00,72.659,75.436,68.24,72.764,7819221.598
2021-08-20 00:00:00+00:00,72.8,80.0,70.873,78.643,5705076.722
2021-08-21 00:00:00+00:00,78.684,82.0,72.6,73.801,5131799.362
2021-08-22 00:00:00+00:00,73.852,77.6,71.244,72.775,2862187.053
2021-08-23 00:00:00+00:00,72.751,76.81,71.545,75.623,4150780.595
2021-08-24 00:00:00+00:00,75.647,79.45,68.5,70.527,6792636.137
2021-08-25 00:00:00+00:00,70.519,72.83,66.03,71.973,5069064.804
2021-08-26 00:00:00+00:00,71.982,78.3,66.2,74.92,6563670.747
2021-08-27 00:00:00+00:00,74.92,88.92,72.55,87.98,8785637.093
2021-08-28 00:00:00+00:00,87.98,97.82,85.59,96.22,5774371.258
2021-08-29 00:00:00+00:00,96.17,97.82,90.3,94.23,4171861.65
2021-08-30 00:00:00+00:00,94.23,116.84,93.58,110.25,11109542.615
2021-08-31 00:00:00+00:00,110.26,130.11,103.06,108.27,16509565.592
2021-09-01 00:00:00+00:00,108.27,119.72,105.89,110.71,8028303.79
2021-09-02 00:00:00+00:00,110.71,131.96,109.18,128.23,9206853.472
2021-09-03 00:00:00+00:00,128.2,148.99,128.12,146.4,11927061.37
2021-09-04 00:00:00+00:00,146.36,150.6,135.73,138.88,6134062.526
2021-09-05 00:00:00+00:00,138.88,144.99,134.74,142.0,4619885.42
2021-09-06 00:00:00+00:00,141.98,166.13,136.92,164.22,8435542.353
2021-09-07 00:00:00+00:00,164.19,195.48,128.01,173.46,24376489.011
2021-09-08 00:00:00+00:00,173.49,198.0,146.5,191.02,16666845.8
2021-09-09 00:00:00+00:00,191.02,216.0,180.7,187.9,16349677.82
2021-09-10 00:00:00+00:00,187.89,197.41,167.82,179.6,9055410.7
2021-09-11 00:00:00+00:00,179.6,193.51,175.14,179.04,6794663.25
2021-09-12 00:00:00+00:00,179.05,181.75,170.15,174.29,3661211.64
2021-09-13 00:00:00+00:00,174.31,175.0,150.3,169.53,8423839.46
2021-09-14 00:00:00+00:00,169.54,171.83,142.6,158.88,7981396.52
2021-09-15 00:00:00+00:00,158.72,166.5,153.69,158.79,6107319.6
2021-09-16 00:00:00+00:00,158.77,163.5,147.35,152.29,4739595.73
2021-09-17 00:00:00+00:00,152.3,153.55,134.0,147.58,7629925.55
2021-09-18 00:00:00+00:00,147.59,171.47,144.1,169.22,8229799.94
2021-09-19 00:00:00+00:00,169.22,170.96,150.6,152.76,4945800.1
2021-09-20 00:00:00+00:00,152.78,153.43,130.26,132.77,10153368.71
2021-09-21 00:00:00+00:00,132.77,144.64,116.0,124.29,9608867.72
2021-09-22 00:00:00+00:00,124.3,151.36,122.1,148.02,7460596.34
2021-09-23 00:00:00+00:00,148.02,152.5,142.92,149.91,5188932.77
2021-09-24 00:00:00+00:00,149.9,151.2,128.15,139.13,6710404.45
2021-09-25 00:00:00+00:00,139.11,144.18,133.54,136.06,3212733.31
2021-09-26 00:00:00+00:00,136.05,140.81,124.8,135.64,4342156.13
2021-09-27 00:00:00+00:00,135.7,148.92,133.72,136.35,5195624.27
2021-09-28 00:00:00+00:00,136.34,139.4,128.17,132.2,3899945.58
2021-09-29 00:00:00+00:00,132.22,140.17,131.12,135.25,3685498.28
2021-09-30 00:00:00+00:00,135.24,142.95,134.02,141.37,3361454.58
2021-10-01 00:00:00+00:00,141.38,164.95,138.25,161.56,6742166.88
2021-10-02 00:00:00+00:00,161.62,175.0,156.06,168.98,5059987.02
2021-10-03 00:00:00+00:00,169.0,177.79,165.58,172.98,4233767.25
2021-10-04 00:00:00+00:00,172.99,173.34,162.0,167.13,4312499.92
2021-10-05 00:00:00+00:00,167.13,170.18,159.68,164.62,3378441.71
2021-10-06 00:00:00+00:00,164.64,165.42,150.1,153.87,4499161.76
2021-10-07 00:00:00+00:00,153.9,161.42,150.34,154.26,3251376.58
2021-10-08 00:00:00+00:00,154.26,168.97,152.39,158.86,3735085.38
2021-10-09 00:00:00+00:00,158.88,161.54,154.18,156.84,1833309.02
2021-10-10 00:00:00+00:00,156.8,158.5,145.55,147.55,2037895.69
2021-10-11 00:00:00+00:00,147.56,154.0,140.24,144.77,2211323.14
2021-10-12 00:00:00+00:00,144.79,153.5,137.61,152.32,3377483.32
2021-10-13 00:00:00+00:00,152.35,155.56,144.28,148.04,2760546.0
2021-10-14 00:00:00+00:00,148.05,155.65,147.27,150.02,2654600.61
2021-10-15 00:00:00+00:00,150.01,165.75,146.68,163.18,5388612.07
2021-10-16 00:00:00+00:00,163.15,164.8,156.36,157.54,1985241.59
2021-10-17 00:00:00+00:00,157.54,167.65,153.13,160.12,3070422.13
2021-10-18 00:00:00+00:00,160.11,162.98,154.91,157.12,2240606.17
2021-10-19 00:00:00+00:00,157.12,159.45,153.06,155.78,1821550.17
2021-10-20 00:00:00+00:00,155.77,176.87,155.0,176.72,3884374.7
2021-10-21 00:00:00+00:00,176.72,194.21,176.7,190.5,7853710.77
2021-10-22 00:00:00+00:00,190.46,215.1,187.96,196.29,8364239.42
2021-10-23 00:00:00+00:00,196.29,205.78,191.86,197.75,3274703.05
2021-10-24 00:00:00+00:00,197.75,204.86,185.22,202.14,3573960.26
2021-10-25 00:00:00+00:00,202.15,218.93,198.0,209.7,4914479.29
2021-10-26 00:00:00+00:00,209.73,214.2,196.36,199.85,3168707.16
2021-10-27 00:00:00+00:00,199.87,205.49,176.94,184.49,5003626.21
2021-10-28 00:00:00+00:00,184.45,201.38,181.64,195.42,3503774.6
2021-10-29 00:00:00+00:00,195.37,205.22,194.45,200.41,2484214.02
2021-10-30 00:00:00+00:00,200.36,200.62,187.3,195.7,1609573.37
2021-10-31 00:00:00+00:00,195.69,205.0,185.31,202.49,2375757.35
2021-11-01 00:00:00+00:00,202.53,211.66,197.7,203.9,3150076.28
2021-11-02 00:00:00+00:00,203.91,222.22,200.97,220.82,2876704.542
2021-11-03 00:00:00+00:00,220.81,247.0,215.69,243.37,5253716.352
2021-11-04 00:00:00+00:00,243.37,250.5,234.0,247.07,3552648.58
2021-11-05 00:00:00+00:00,247.06,248.84,230.34,236.06,2233800.23
2021-11-06 00:00:00+00:00,236.04,259.9,234.79,258.44,3046062.46
2021-11-07 00:00:00+00:00,258.41,258.66,245.65,249.68,1923092.87
2021-11-08 00:00:00+00:00,249.62,253.3,240.68,248.26,2301351.76
2021-11-09 00:00:00+00:00,248.27,253.22,237.62,239.04,2217088.06
2021-11-10 00:00:00+00:00,239.06,248.0,217.5,233.09,3092477.23
2021-11-11 00:00:00+00:00,233.06,246.5,229.4,233.37,1997993.9
2021-11-12 00:00:00+00:00,233.34,239.09,220.83,228.48,2114721.23
2021-11-13 00:00:00+00:00,228.46,241.97,224.79,241.59,1458387.39
2021-11-14 00:00:00+00:00,241.58,242.0,230.4,238.64,1075144.87
2021-11-15 00:00:00+00:00,238.63,246.36,234.49,238.2,1921128.24
2021-11-16 00:00:00+00:00,238.18,238.21,213.81,219.04,2557623.67
2021-11-17 00:00:00+00:00,219.09,222.44,209.53,218.94,2094790.54
2021-11-18 00:00:00+00:00,218.9,222.78,186.5,195.01,3077799.94
2021-11-19 00:00:00+00:00,195.19,219.59,188.99,215.25,2712585.78
2021-11-20 00:00:00+00:00,215.25,221.17,205.84,217.63,1560552.25
2021-11-21 00:00:00+00:00,217.64,240.0,210.53,230.51,1888280.05
2021-11-22 00:00:00+00:00,230.56,231.99,211.6,215.59,2456703.81
2021-11-23 00:00:00+00:00,215.58,226.08,210.91,221.75,1654017.24
2021-11-24 00:00:00+00:00,221.76,222.47,200.14,205.7,1878172.55
2021-11-25 00:00:00+00:00,205.76,216.35,201.93,209.97,1764837.19
2021-11-26 00:00:00+00:00,209.94,210.53,182.7,192.42,2776105.44
2021-11-27 00:00:00+00:00,192.37,199.39,190.61,192.74,1028955.27
2021-11-28 00:00:00+00:00,192.74,202.1,180.93,200.69,1560980.85
2021-11-29 00:00:00+00:00,200.71,212.75,199.63,204.09,1458763.57
2021-11-30 00:00:00+00:00,204.1,218.28,199.55,208.53,2176734.39
2021-12-01 00:00:00+00:00,208.52,232.63,207.89,229.81,2589478.23
2021-12-02 00:00:00+00:00,229.81,243.12,220.0,233.6,3042712.67
2021-12-03 00:00:00+00:00,233.59,239.37,204.68,211.65,2867134.41
2021-12-04 00:00:00+00:00,211.65,212.62,169.0,200.67,4895759.09
2021-12-05 00:00:00+00:00,200.68,204.51,181.44,196.43,2482292.26
2021-12-06 00:00:00+00:00,196.49,197.71,176.17,193.56,2815245.83
2021-12-07 00:00:00+00:00,193.57,204.1,187.26,190.19,1939707.91
2021-12-08 00:00:00+00:00,190.24,196.27,183.5,194.61,1670677.66
2021-12-09 00:00:00+00:00,194.61,196.6,178.64,181.11,1664934.25
2021-12-10 00:00:00+00:00,181.08,184.6,167.0,167.39,1862906.9
2021-12-11 00:00:00+00:00,167.39,173.8,161.33,172.15,1541656.11
2021-12-12 00:00:00+00:00,172.15,176.85,167.64,172.8,976615.96
2021-12-13 00:00:00+00:00,172.83,172.83,148.04,155.21,2470231.82
2021-12-14 00:00:00+00:00,155.2,163.35,149.6,161.26,2151408.98
2021-12-15 00:00:00+00:00,161.25,182.64,156.81,178.52,3328550.89
2021-12-16 00:00:00+00:00,178.53,189.0,174.37,176.86,2482901.38
2021-12-17 00:00:00+00:00,176.89,182.5,167.88,175.51,2308612.94
2021-12-18 00:00:00+00:00,175.48,184.24,170.96,182.78,1218448.99
2021-12-19 00:00:00+00:00,182.78,189.43,177.99,179.93,1217882.6
2021-12-20 00:00:00+00:00,179.9,181.18,168.49,173.9,1448185.8
2021-12-21 00:00:00+00:00,173.9,182.54,170.27,179.63,1302766.6
2021-12-22 00:00:00+00:00,179.62,187.55,177.05,178.4,1379639.45
2021-12-23 00:00:00+00:00,178.38,193.5,175.64,190.03,1726907.3
2021-12-24 00:00:00+00:00,190.08,197.55,184.14,190.36,1657463.56
2021-12-25 00:00:00+00:00,190.37,195.0,189.08,193.1,1047151.86
2021-12-26 00:00:00+00:00,193.03,200.59,190.22,197.81,1539530.03
2021-12-27 00:00:00+00:00,197.85,204.75,194.71,195.67,1218499.7
2021-12-28 00:00:00+00:00,195.68,195.68,176.2,177.32,1997243.2
2021-12-29 00:00:00+00:00,177.28,180.62,170.01,170.63,1540603.75
2021-12-30 00:00:00+00:00,170.65,175.74,168.17,172.52,1022709.31
2021-12-31 00:00:00+00:00,172.53,177.65,167.67,169.99,1026603.34
2022-01-01 00:00:00+00:00,170.01,179.2,169.93,179.06,634599.39
2022-01-02 00:00:00+00:00,179.06,179.53,174.31,176.35,620087.38
2022-01-03 00:00:00+00:00,176.34,176.49,166.59,170.15,1031316.43
2022-01-04 00:00:00+00:00,170.14,173.93,166.47,167.72,1041332.63
2022-01-05 00:00:00+00:00,167.74,171.32,144.92,154.52,1659848.17
2022-01-06 00:00:00+00:00,154.48,154.8,145.98,150.26,1575071.3
2022-01-07 00:00:00+00:00,150.28,150.72,133.08,136.45,2719397.3
2022-01-08 00:00:00+00:00,136.43,148.11,133.0,142.14,2695415.51
2022-01-09 00:00:00+00:00,142.1,145.71,137.83,140.82,1435153.15
2022-01-10 00:00:00+00:00,140.82,143.86,130.0,135.86,1894512.51
2022-01-11 00:00:00+00:00,135.84,143.5,133.58,140.2,1328579.57
2022-01-12 00:00:00+00:00,140.19,153.39,138.22,151.51,1946788.76
2022-01-13 00:00:00+00:00,151.5,157.8,145.41,146.14,1984121.59
2022-01-14 00:00:00+00:00,146.13,150.56,141.84,146.17,1428145.3
2022-01-15 00:00:00+00:00,146.18,149.49,143.9,147.64,865014.75
2022-01-16 00:00:00+00:00,147.61,151.96,146.09,147.98,964270.14
2022-01-17 00:00:00+00:00,147.98,148.29,137.02,139.8,1297654.14
2022-01-18 00:00:00+00:00,139.81,142.77,134.39,141.22,1254337.17
2022-01-19 00:00:00+00:00,141.32,142.7,132.77,135.25,1175171.39
2022-01-20 00:00:00+00:00,135.23,143.83,126.01,127.54,1464593.98
2022-01-21 00:00:00+00:00,127.54,128.73,106.11,112.27,4523020.69
2022-01-22 00:00:00+00:00,112.24,114.89,87.73,94.54,6455608.98
2022-01-23 00:00:00+00:00,94.57,104.82,93.25,99.78,3561751.04
2022-01-24 00:00:00+00:00,99.74,99.83,80.83,91.93,6990036.71
2022-01-25 00:00:00+00:00,91.94,99.95,87.41,94.67,3482711.32
2022-01-26 00:00:00+00:00,94.65,104.43,89.19,92.12,4501340.69
2022-01-27 00:00:00+00:00,92.11,94.6,85.71,89.51,3530017.76
2022-01-28 00:00:00+00:00,89.51,93.55,87.21,91.34,2647317.17
2022-01-29 00:00:00+00:00,91.35,98.93,90.5,96.13,2050891.76
2022-01-30 00:00:00+00:00,96.15,97.6,91.38,93.29,1258037.51
2022-01-31 00:00:00+00:00,93.26,101.4,89.18,99.49,2414101.55
2022-02-01 00:00:00+00:00,99.5,113.66,99.02,110.02,4190507.65
2022-02-02 00:00:00+00:00,109.99,112.35,96.99,101.88,4863358.1
2022-02-03 00:00:00+00:00,101.91,103.13,94.0,101.77,3886563.56
2022-02-04 00:00:00+00:00,101.83,112.81,100.28,112.62,4186388.28
2022-02-05 00:00:00+00:00,112.63,118.6,110.22,113.75,2649019.14
2022-02-06 00:00:00+00:00,113.74,116.06,111.09,115.28,1561795.12
2022-02-07 00:00:00+00:00,115.26,121.93,112.69,117.55,2730695.8
2022-02-08 00:00:00+00:00,117.57,120.36,109.66,113.45,2811497.5
2022-02-09 00:00:00+00:00,113.44,117.08,109.4,113.93,2114411.38
2022-02-10 00:00:00+00:00,113.96,115.38,105.68,106.17,2781581.77
2022-02-11 00:00:00+00:00,106.18,108.14,95.14,96.53,2537227.68
2022-02-12 00:00:00+00:00,96.53,99.79,92.8,95.96,1803930.67
2022-02-13 00:00:00+00:00,95.98,97.36,91.35,92.85,1216083.38
2022-02-14 00:00:00+00:00,92.85,97.99,90.72,96.37,1792721.3
2022-02-15 00:00:00+00:00,96.39,105.77,96.38,105.52,2362223.45
2022-02-16 00:00:00+00:00,105.52,105.6,98.27,101.86,2123159.11
2022-02-17 00:00:00+00:00,101.85,102.82,92.33,93.52,2001081.3
2022-02-18 00:00:00+00:00,93.55,96.37,89.31,89.86,2010076.65
2022-02-19 00:00:00+00:00,89.86,92.75,88.6,91.27,1285578.14
2022-02-20 00:00:00+00:00,91.27,94.5,85.56,90.72,2559473.54
2022-02-21 00:00:00+00:00,90.7,96.14,82.62,82.96,4063082.8
2022-02-22 00:00:00+00:00,82.95,87.56,81.06,86.38,2835554.36
2022-02-23 00:00:00+00:00,86.39,93.4,84.38,84.59,3193694.1
2022-02-24 00:00:00+00:00,84.58,93.9,75.35,89.36,7497540.08
2022-02-25 00:00:00+00:00,89.35,95.0,86.86,92.71,3691896.58
2022-02-26 00:00:00+00:00,92.73,95.49,89.23,90.23,2279602.17
2022-02-27 00:00:00+00:00,90.25,92.19,84.08,85.63,2593533.97
2022-02-28 00:00:00+00:00,85.61,103.0,84.17,99.68,4212075.57
2022-03-01 00:00:00+00:00,99.67,102.03,94.21,98.66,3665336.76
2022-03-02 00:00:00+00:00,98.65,106.43,96.76,100.68,4306326.64
2022-03-03 00:00:00+00:00,100.69,101.7,94.0,95.62,2595560.67
2022-03-04 00:00:00+00:00,95.63,95.94,87.0,88.32,2854970.19
2022-03-05 00:00:00+00:00,88.33,91.22,86.0,89.63,1495553.5
2022-03-06 00:00:00+00:00,89.61,89.96,84.09,84.57,1828270.57
2022-03-07 00:00:00+00:00,84.58,86.71,79.92,81.66,3230989.34
2022-03-08 00:00:00+00:00,81.65,85.04,81.3,82.32,2604534.79
2022-03-09 00:00:00+00:00,82.32,89.92,81.9,88.06,3355218.73
2022-03-10 00:00:00+00:00,88.06,88.57,80.63,82.87,2828491.21
2022-03-11 00:00:00+00:00,82.86,84.29,80.07,80.67,2528334.85
2022-03-12 00:00:00+00:00,80.67,82.75,80.57,81.38,1362268.13
2022-03-13 00:00:00+00:00,81.4,83.34,77.65,78.73,2009434.97
2022-03-14 00:00:00+00:00,78.72,82.29,78.0,81.22,2079919.39
2022-03-15 00:00:00+00:00,81.23,85.99,78.72,82.84,2123603.37
2022-03-16 00:00:00+00:00,82.84,87.98,81.53,87.77,2638790.33
2022-03-17 00:00:00+00:00,87.77,91.0,86.58,87.8,2616451.8
2022-03-18 00:00:00+00:00,87.8,92.28,84.41,89.8,2935949.01
2022-03-19 00:00:00+00:00,89.81,94.55,89.25,92.31,2058348.96
2022-03-20 00:00:00+00:00,92.31,92.55,87.82,88.62,1500458.29
2022-03-21 00:00:00+00:00,88.62,91.28,86.74,88.59,1985082.57
2022-03-22 00:00:00+00:00,88.58,93.98,88.0,90.43,2611345.56
2022-03-23 00:00:00+00:00,90.44,96.36,89.19,94.89,2854825.2
2022-03-24 00:00:00+00:00,94.88,103.7,93.26,102.32,4777008.51
2022-03-25 00:00:00+00:00,102.32,104.86,96.95,98.6,3360440.57
2022-03-26 00:00:00+00:00,98.6,103.4,97.63,101.73,1906343.44
2022-03-27 00:00:00+00:00,101.73,107.46,98.77,107.04,2351080.64
2022-03-28 00:00:00+00:00,107.04,113.87,105.22,105.75,4146023.22
2022-03-29 00:00:00+00:00,105.75,115.7,105.49,111.62,3727259.92
2022-03-30 00:00:00+00:00,111.62,125.26,107.11,120.82,5250424.16
2022-03-31 00:00:00+00:00,120.82,129.5,119.95,122.77,5143974.9
2022-04-01 00:00:00+00:00,122.79,138.4,117.39,134.52,5505077.63
2022-04-02 00:00:00+00:00,134.53,143.51,131.47,132.49,4193984.2
2022-04-03 00:00:00+00:00,132.48,141.11,130.52,136.9,2964507.05
2022-04-04 00:00:00+00:00,136.9,138.29,125.82,132.14,3456901.43
2022-04-05 00:00:00+00:00,132.14,136.63,126.07,126.87,2833885.54
2022-04-06 00:00:00+00:00,126.88,127.4,112.1,112.95,4266870.2
2022-04-07 00:00:00+00:00,112.94,120.0,110.88,118.48,3326346.75
2022-04-08 00:00:00+00:00,118.47,122.42,108.1,109.92,3328966.49
2022-04-09 00:00:00+00:00,109.92,113.69,108.28,112.96,1376896.77
2022-04-10 00:00:00+00:00,112.97,116.09,109.71,111.07,1560720.04
2022-04-11 00:00:00+00:00,111.06,111.94,98.1,99.67,3332133.13
2022-04-12 00:00:00+00:00,99.64,109.36,98.31,103.22,3527634.19
2022-04-13 00:00:00+00:00,103.21,106.04,100.09,104.94,2204306.4
2022-04-14 00:00:00+00:00,104.92,107.72,98.77,100.77,2711073.76
2022-04-15 00:00:00+00:00,100.77,102.91,99.55,101.31,1384490.37
2022-04-16 00:00:00+00:00,101.38,103.5,100.71,102.06,1006216.36
2022-04-17 00:00:00+00:00,102.06,105.44,99.62,100.15,1509800.04
2022-04-18 00:00:00+00:00,100.15,102.65,94.62,102.33,2751434.83
2022-04-19 00:00:00+00:00,102.37,109.0,101.02,108.51,2675360.43
2022-04-20 00:00:00+00:00,108.51,110.9,104.25,105.59,2768156.81
2022-04-21 00:00:00+00:00,105.58,110.0,99.86,101.78,2671646.36
2022-04-22 00:00:00+00:00,101.78,103.55,99.19,100.55,1777613.85
2022-04-23 00:00:00+00:00,100.55,102.9,98.31,100.63,1081628.14
2022-04-24 00:00:00+00:00,100.63,102.31,98.55,99.23,1064136.15
2022-04-25 00:00:00+00:00,99.22,101.59,94.32,100.99,2317293.8
2022-04-26 00:00:00+00:00,100.98,101.98,94.61,95.7,1897735.14
2022-04-27 00:00:00+00:00,95.7,100.79,94.89,98.36,1833742.63
2022-04-28 00:00:00+00:00,98.35,100.55,96.33,98.24,1849394.04
2022-04-29 00:00:00+00:00,98.23,98.68,92.35,93.96,1736234.87
2022-04-30 00:00:00+00:00,93.96,94.95,81.91,84.63,1829537.27
2022-05-01 00:00:00+00:00,84.63,93.12,84.15,89.68,2353897.93
2022-05-02 00:00:00+00:00,89.67,90.89,85.1,87.5,1915805.97
2022-05-03 00:00:00+00:00,87.49,88.81,84.66,85.86,1562366.45
2022-05-04 00:00:00+00:00,85.86,93.06,85.47,92.77,2246070.16
2022-05-05 00:00:00+00:00,92.77,95.25,81.32,84.52,3311421.92
2022-05-06 00:00:00+00:00,84.52,84.84,79.98,81.68,2607225.81
2022-05-07 00:00:00+00:00,81.67,82.33,77.03,78.86,1906773.25
2022-05-08 00:00:00+00:00,78.86,79.41,73.69,75.38,2736836.4
2022-05-09 00:00:00+00:00,75.39,77.21,61.7,62.16,5846036.682
2022-05-10 00:00:00+00:00,62.16,74.03,60.13,66.9,7855041.331
2022-05-11 00:00:00+00:00,66.9,68.44,43.17,50.9,11626123.021
2022-05-12 00:00:00+00:00,50.9,54.29,37.37,44.64,13635820.465
2022-05-13 00:00:00+00:00,44.64,56.99,43.83,48.92,8718594.5
2022-05-14 00:00:00+00:00,48.93,53.91,45.81,52.43,5099487.21
2022-05-15 00:00:00+00:00,52.43,59.31,49.63,58.83,3885558.77
2022-05-16 00:00:00+00:00,58.83,58.83,51.89,53.79,5418221.63
2022-05-17 00:00:00+00:00,53.8,58.22,53.04,57.02,4346066.59
2022-05-18 00:00:00+00:00,57.01,57.85,49.38,49.93,4470848.03
2022-05-19 00:00:00+00:00,49.93,54.09,48.2,52.2,4794335.94
2022-05-20 00:00:00+00:00,52.2,53.62,47.81,49.43,4811635.67
2022-05-21 00:00:00+00:00,49.42,51.21,48.43,50.31,1969104.94
2022-05-22 00:00:00+00:00,50.3,53.2,49.69,52.48,2723718.45
2022-05-23 00:00:00+00:00,52.48,54.68,48.61,49.17,4201654.88
2022-05-24 00:00:00+00:00,49.17,50.85,47.1,49.67,3645448.65
2022-05-25 00:00:00+00:00,49.67,50.55,47.57,47.98,3294918.76
2022-05-26 00:00:00+00:00,47.97,48.66,41.69,43.44,7025986.74
2022-05-27 00:00:00+00:00,43.44,43.95,39.93,41.17,7547814.8
2022-05-28 00:00:00+00:00,41.18,45.08,40.33,44.25,4317517.06
2022-05-29 00:00:00+00:00,44.24,45.67,41.79,44.98,4628871.1
2022-05-30 00:00:00+00:00,44.98,48.39,44.27,47.22,5476313.14
2022-05-31 00:00:00+00:00,47.22,48.24,44.56,45.77,4479536.73
2022-06-01 00:00:00+00:00,45.78,46.12,39.51,40.11,4778696.94
2022-06-02 00:00:00+00:00,40.11,41.65,38.13,40.85,5153870.27
2022-06-03 00:00:00+00:00,40.86,41.54,37.63,38.28,4437324.64
2022-06-04 00:00:00+00:00,38.28,39.5,35.71,39.0,3736176.79
2022-06-05 00:00:00+00:00,39.02,40.22,37.85,38.52,3618511.38
2022-06-06 00:00:00+00:00,38.53,44.87,38.33,42.39,6823258.3
2022-06-07 00:00:00+00:00,42.39,42.8,37.12,39.31,7677286.83
2022-06-08 00:00:00+00:00,39.32,40.96,38.28,38.83,3988154.3
2022-06-09 00:00:00+00:00,38.83,41.97,38.44,39.96,4587327.75
2022-06-10 00:00:00+00:00,39.96,40.9,36.8,37.17,4364643.34
2022-06-11 00:00:00+00:00,37.17,37.93,33.17,33.93,4638154.317
2022-06-12 00:00:00+00:00,33.94,34.5,30.56,30.61,6810748.104
2022-06-13 00:00:00+00:00,30.6,31.11,26.05,28.6,13336972.466
2022-06-14 00:00:00+00:00,28.59,32.32,25.86,29.59,11437619.27
2022-06-15 00:00:00+00:00,29.59,34.86,26.79,34.76,12673444.09
2022-06-16 00:00:00+00:00,34.75,36.0,29.52,30.12,10418712.66
2022-06-17 00:00:00+00:00,30.12,32.19,29.26,30.71,6274370.5
2022-06-18 00:00:00+00:00,30.72,32.06,27.15,32.02,9330644.34
2022-06-19 00:00:00+00:00,32.01,35.4,28.68,34.19,9253122.78
2022-06-20 00:00:00+00:00,34.19,36.9,31.73,35.24,8218146.8
2022-06-21 00:00:00+00:00,35.25,39.19,34.2,36.42,7429098.76
2022-06-22 00:00:00+00:00,36.42,36.87,33.65,34.12,6494707.01
2022-06-23 00:00:00+00:00,34.13,38.65,33.91,38.15,7002610.45
2022-06-24 00:00:00+00:00,38.15,42.92,37.67,41.91,6583046.23
2022-06-25 00:00:00+00:00,41.91,42.64,39.73,42.22,4294211.07
2022-06-26 00:00:00+00:00,42.22,42.49,39.14,39.39,4024143.84
2022-06-27 00:00:00+00:00,39.39,41.25,37.9,38.52,4172937.4
2022-06-28 00:00:00+00:00,38.5,39.9,35.02,35.35,5581335.85
2022-06-29 00:00:00+00:00,35.34,36.12,33.1,34.05,5755278.44
2022-06-30 00:00:00+00:00,34.06,34.2,30.92,33.76,5337105.46
2022-07-01 00:00:00+00:00,33.76,35.4,31.82,32.84,6155756.76
2022-07-02 00:00:00+00:00,32.85,34.14,31.87,33.36,2740500.19
2022-07-03 00:00:00+00:00,33.36,33.77,32.14,33.39,2394572.39
2022-07-04 00:00:00+00:00,33.4,36.94,32.45,36.71,4064615.13
2022-07-05 00:00:00+00:00,36.71,36.99,33.03,35.4,6098472.04
2022-07-06 00:00:00+00:00,35.41,37.65,34.8,37.04,5298552.9
2022-07-07 00:00:00+00:00,37.04,39.29,36.39,38.46,4091777.28
2022-07-08 00:00:00+00:00,38.46,39.72,36.46,38.12,5277992.76
2022-07-09 00:00:00+00:00,38.12,38.95,37.77,38.06,2088073.86
2022-07-10 00:00:00+00:00,38.06,38.14,36.26,36.71,2181587.6
2022-07-11 00:00:00+00:00,36.71,36.73,33.24,33.42,2927967.37
2022-07-12 00:00:00+00:00,33.42,34.61,32.6,32.68,3202970.4
2022-07-13 00:00:00+00:00,32.69,35.08,31.82,34.94,4798032.13
2022-07-14 00:00:00+00:00,34.94,37.31,33.58,37.15,5214767.02
2022-07-15 00:00:00+00:00,37.14,39.1,36.49,37.36,4440629.04
2022-07-16 00:00:00+00:00,37.36,40.41,36.35,39.58,3945225.2
2022-07-17 00:00:00+00:00,39.59,41.09,38.29,38.62,3795951.41
2022-07-18 00:00:00+00:00,38.61,44.07,38.55,43.52,6300282.95
2022-07-19 00:00:00+00:00,43.52,47.36,42.54,44.87,7876651.82
2022-07-20 00:00:00+00:00,44.87,46.3,41.24,42.04,6380441.74
2022-07-21 00:00:00+00:00,42.03,44.24,39.64,43.11,6134099.29
2022-07-22 00:00:00+00:00,43.1,44.33,40.03,40.54,4495729.55
2022-07-23 00:00:00+00:00,40.54,41.91,38.6,39.97,3421971.49
2022-07-24 00:00:00+00:00,39.97,42.1,39.47,40.93,3327219.47
2022-07-25 00:00:00+00:00,40.93,41.09,36.56,36.65,4237919.99
2022-07-26 00:00:00+00:00,36.66,36.84,34.67,36.25,4496178.57
2022-07-27 00:00:00+00:00,36.26,40.55,35.68,40.23,5860676.17
2022-07-28 00:00:00+00:00,40.23,44.15,39.03,42.91,6754342.15
2022-07-29 00:00:00+00:00,42.92,44.42,41.13,41.91,4949319.15
2022-07-30 00:00:00+00:00,41.92,46.65,41.41,43.84,5388479.3
2022-07-31 00:00:00+00:00,43.84,45.21,42.22,42.35,3287571.37
2022-08-01 00:00:00+00:00,42.34,43.26,40.57,41.65,3302835.44
2022-08-02 00:00:00+00:00,41.65,42.45,39.5,39.79,3598240.96
2022-08-03 00:00:00+00:00,39.78,40.99,37.43,38.54,8391441.54
2022-08-04 00:00:00+00:00,38.54,39.85,37.96,38.83,4151096.9
2022-08-05 00:00:00+00:00,38.83,41.33,38.71,40.55,3510687.91
2022-08-06 00:00:00+00:00,40.55,40.89,39.85,40.07,1600652.0
2022-08-07 00:00:00+00:00,40.07,41.57,39.21,40.6,1745897.7
2022-08-08 00:00:00+00:00,40.6,43.71,40.55,42.18,3823749.6
2022-08-09 00:00:00+00:00,42.17,42.76,39.73,40.33,2832475.74
2022-08-10 00:00:00+00:00,40.34,42.87,39.15,42.47,4467794.94
2022-08-11 00:00:00+00:00,42.47,45.32,42.34,42.77,5808859.44
2022-08-12 00:00:00+00:00,42.78,45.49,42.12,45.48,3376989.68
2022-08-13 00:00:00+00:00,45.49,48.38,45.27,46.6,4706648.94
2022-08-14 00:00:00+00:00,46.59,48.06,44.46,44.87,3476179.16
2022-08-15 00:00:00+00:00,44.86,47.24,42.75,43.72,4145114.74
2022-08-16 00:00:00+00:00,43.72,44.31,42.53,43.08,3604735.73
2022-08-17 00:00:00+00:00,43.08,44.75,40.18,40.54,4207333.0
2022-08-18 00:00:00+00:00,40.54,41.67,39.31,39.52,2839363.98
2022-08-19 00:00:00+00:00,39.51,39.59,35.25,35.81,6209609.03
2022-08-20 00:00:00+00:00,35.82,37.27,34.21,35.28,3873077.48
2022-08-21 00:00:00+00:00,35.28,37.09,34.51,36.47,3184917.72
2022-08-22 00:00:00+00:00,36.48,36.56,33.73,35.41,3740448.14
2022-08-23 00:00:00+00:00,35.42,36.11,34.24,35.68,2736678.36
2022-08-24 00:00:00+00:00,35.69,36.4,34.31,34.89,2588768.41
2022-08-25 00:00:00+00:00,34.9,36.49,34.87,35.27,2472099.5
2022-08-26 00:00:00+00:00,35.26,35.79,31.36,31.72,5268727.97
2022-08-27 00:00:00+00:00,31.72,32.25,30.86,31.53,3025394.15
2022-08-28 00:00:00+00:00,31.53,32.21,30.19,30.44,2245087.33
2022-08-29 00:00:00+00:00,30.43,32.64,30.0,32.42,3758900.71
2022-08-30 00:00:00+00:00,32.42,33.16,30.64,31.47,3466845.37
2022-08-31 00:00:00+00:00,31.47,32.95,31.18,31.5,2705795.29
2022-09-01 00:00:00+00:00,31.49,31.79,30.44,31.61,2304167.56
2022-09-02 00:00:00+00:00,31.61,32.38,30.76,31.23,2327194.21
2022-09-03 00:00:00+00:00,31.23,31.29,30.8,31.12,773414.2
2022-09-04 00:00:00+00:00,31.11,32.2,31.02,32.16,1302960.75
2022-09-05 00:00:00+00:00,32.17,32.5,31.15,32.18,1545295.72
2022-09-06 00:00:00+00:00,32.17,33.9,30.44,30.88,4663061.68
2022-09-07 00:00:00+00:00,30.88,32.94,30.31,32.69,2516005.51
2022-09-08 00:00:00+00:00,32.7,33.98,31.97,33.61,3062370.54
2022-09-09 00:00:00+00:00,33.62,35.96,33.59,34.67,3748304.0
2022-09-10 00:00:00+00:00,34.68,35.41,34.27,35.03,1977630.96
2022-09-11 00:00:00+00:00,35.04,36.0,34.04,34.99,1999936.19
2022-09-12 00:00:00+00:00,34.99,38.39,34.4,37.44,5186842.63
2022-09-13 00:00:00+00:00,37.44,39.01,32.93,33.0,6401715.44
2022-09-14 00:00:00+00:00,33.0,34.35,32.67,34.12,3170484.22
2022-09-15 00:00:00+00:00,34.12,34.84,32.42,33.07,3696318.23
2022-09-16 00:00:00+00:00,33.08,33.26,31.5,32.25,2180222.56
2022-09-17 00:00:00+00:00,32.25,33.89,32.23,33.68,1414903.11
2022-09-18 00:00:00+00:00,33.69,33.99,30.86,31.1,2299068.39
2022-09-19 00:00:00+00:00,31.1,33.08,30.5,32.62,3503472.34
2022-09-20 00:00:00+00:00,32.63,32.88,31.29,31.41,2558791.65
2022-09-21 00:00:00+00:00,31.42,33.48,30.01,30.65,4545539.08
2022-09-22 00:00:00+00:00,30.65,32.87,30.59,32.43,2975325.9
2022-09-23 00:00:00+00:00,32.43,33.98,31.2,33.66,3481076.73
2022-09-24 00:00:00+00:00,33.67,34.79,33.14,33.38,3102314.35
2022-09-25 00:00:00+00:00,33.39,34.05,31.87,32.34,1838509.33
2022-09-26 00:00:00+00:00,32.33,33.95,31.87,33.88,3284142.93
2022-09-27 00:00:00+00:00,33.89,35.41,32.08,32.69,4411114.63
2022-09-28 00:00:00+00:00,32.68,33.81,31.65,33.22,3091106.5
2022-09-29 00:00:00+00:00,33.23,34.42,32.65,33.93,2735381.21
2022-09-30 00:00:00+00:00,33.94,35.22,32.62,33.25,4264290.42
2022-10-01 00:00:00+00:00,33.25,33.25,32.34,32.44,1458835.24
2022-10-02 00:00:00+00:00,32.44,33.0,31.9,32.06,1472849.24
2022-10-03 00:00:00+00:00,32.06,33.27,31.73,32.89,1890470.2
2022-10-04 00:00:00+00:00,32.9,34.4,32.84,34.09,1949740.88
2022-10-05 00:00:00+00:00,34.1,34.37,33.18,34.04,1777550.81
2022-10-06 00:00:00+00:00,34.04,34.5,33.23,33.36,1799751.22
2022-10-07 00:00:00+00:00,33.35,33.76,32.43,32.98,1963117.82
2022-10-08 00:00:00+00:00,32.98,33.08,32.35,32.58,785559.59
2022-10-09 00:00:00+00:00,32.57,33.14,32.44,32.92,883235.74
2022-10-10 00:00:00+00:00,32.92,33.46,31.88,31.96,1554680.4
2022-10-11 00:00:00+00:00,31.95,31.96,30.42,30.8,1923666.97
2022-10-12 00:00:00+00:00,30.8,31.55,30.67,31.16,1048211.96
2022-10-13 00:00:00+00:00,31.15,31.21,27.87,30.49,4402648.71
2022-10-14 00:00:00+00:00,30.48,31.98,29.62,30.0,2384103.67
2022-10-15 00:00:00+00:00,30.0,30.2,29.42,29.59,1009243.59
2022-10-16 00:00:00+00:00,29.59,30.53,29.56,30.17,934949.4
2022-10-17 00:00:00+00:00,30.16,31.29,29.84,31.21,1694429.96
2022-10-18 00:00:00+00:00,31.22,31.48,29.73,30.15,1966281.14
2022-10-19 00:00:00+00:00,30.14,30.26,28.61,28.86,1713727.76
2022-10-20 00:00:00+00:00,28.86,29.47,27.98,28.01,2379315.87
2022-10-21 00:00:00+00:00,28.01,28.28,26.84,28.1,3208878.96
2022-10-22 00:00:00+00:00,28.1,28.22,27.48,28.01,1333382.63
2022-10-23 00:00:00+00:00,28.01,29.44,27.73,29.28,2150824.0
2022-10-24 00:00:00+00:00,29.28,29.5,28.16,28.3,2525864.52
2022-10-25 00:00:00+00:00,28.31,32.31,28.05,30.86,4389638.87
2022-10-26 00:00:00+00:00,30.87,32.17,30.63,31.29,3909684.74
2022-10-27 00:00:00+00:00,31.29,32.36,30.41,30.58,3608322.35
2022-10-28 00:00:00+00:00,30.6,32.54,30.11,32.07,3017472.57
2022-10-29 00:00:00+00:00,32.06,33.84,31.85,32.87,3316674.09
2022-10-30 00:00:00+00:00,32.87,33.54,31.93,32.94,1962511.76
2022-10-31 00:00:00+00:00,32.93,34.39,32.2,32.56,3082485.07
2022-11-01 00:00:00+00:00,32.57,33.39,32.15,32.2,2015730.52
2022-11-02 00:00:00+00:00,32.2,32.95,30.24,30.8,3423829.13
2022-11-03 00:00:00+00:00,30.81,32.25,30.61,30.85,2302866.46
2022-11-04 00:00:00+00:00,30.86,34.2,30.66,33.74,4106770.6
2022-11-05 00:00:00+00:00,33.73,38.79,33.66,36.9,7466083.52
2022-11-06 00:00:00+00:00,36.9,37.06,32.31,32.62,4722074.05
2022-11-07 00:00:00+00:00,32.61,33.13,28.0,29.62,9810937.64
2022-11-08 00:00:00+00:00,29.62,31.72,19.8,24.38,28156844.019
2022-11-09 00:00:00+00:00,24.38,24.38,12.37,14.08,34965021.076
2022-11-10 00:00:00+00:00,14.08,18.87,13.14,17.66,31278279.25
2022-11-11 00:00:00+00:00,17.65,18.31,15.1,16.45,16952323.15
2022-11-12 00:00:00+00:00,16.46,16.53,14.47,14.58,6958266.14
2022-11-13 00:00:00+00:00,14.58,14.74,13.02,13.18,7632404.82
2022-11-14 00:00:00+00:00,13.18,15.01,12.07,14.0,12412181.95
2022-11-15 00:00:00+00:00,14.0,15.1,13.82,14.32,7666656.34
2022-11-16 00:00:00+00:00,14.32,14.64,13.64,14.27,4117412.48
2022-11-17 00:00:00+00:00,14.27,14.5,12.93,13.65,6589277.99
2022-11-18 00:00:00+00:00,13.65,13.89,13.0,13.27,2949495.18
2022-11-19 00:00:00+00:00,13.28,13.28,12.58,12.84,2920148.22
2022-11-20 00:00:00+00:00,12.84,13.58,12.1,12.27,4790066.03
2022-11-21 00:00:00+00:00,12.26,12.29,11.27,11.83,4921177.259
2022-11-22 00:00:00+00:00,11.83,12.5,10.94,12.44,5495351.55
2022-11-23 00:00:00+00:00,12.43,14.5,12.4,14.36,7872882.42
2022-11-24 00:00:00+00:00,14.36,14.96,13.84,14.59,4725295.69
2022-11-25 00:00:00+00:00,14.6,14.61,13.91,14.03,2819515.28
2022-11-26 00:00:00+00:00,14.03,14.98,13.97,14.17,2911827.78
2022-11-27 00:00:00+00:00,14.17,14.45,14.05,14.12,2063327.08
2022-11-28 00:00:00+00:00,14.11,14.17,12.78,13.32,4718682.44
2022-11-29 00:00:00+00:00,13.33,13.96,13.14,13.34,2605636.41
2022-11-30 00:00:00+00:00,13.35,14.32,13.21,14.16,3599962.88
2022-12-01 00:00:00+00:00,14.17,14.19,13.4,13.51,2567835.92
2022-12-02 00:00:00+00:00,13.51,13.84,13.33,13.71,2865008.71
2022-12-03 00:00:00+00:00,13.71,13.77,13.2,13.29,1958859.38
2022-12-04 00:00:00+00:00,13.29,13.75,13.27,13.71,1778118.75
2022-12-05 00:00:00+00:00,13.71,14.17,13.58,13.82,3962489.89
2022-12-06 00:00:00+00:00,13.82,14.38,13.81,14.3,3280084.71
2022-12-07 00:00:00+00:00,14.3,14.34,13.39,13.49,2647330.66
2022-12-08 00:00:00+00:00,13.49,13.77,13.27,13.69,2218371.02
2022-12-09 00:00:00+00:00,13.69,14.02,13.51,13.59,2597941.96
2022-12-10 00:00:00+00:00,13.58,13.73,13.54,13.58,950118.11
2022-12-11 00:00:00+00:00,13.58,13.8,13.39,13.42,1210234.56
2022-12-12 00:00:00+00:00,13.42,13.5,12.82,13.31,2644017.08
2022-12-13 00:00:00+00:00,13.31,14.15,12.76,13.89,3963954.49
2022-12-14 00:00:00+00:00,13.9,14.96,13.81,14.12,5084591.13
2022-12-15 00:00:00+00:00,14.12,14.52,13.86,14.04,2711381.25
2022-12-16 00:00:00+00:00,14.05,14.17,12.0,12.25,4522833.23
2022-12-17 00:00:00+00:00,12.25,12.6,11.92,12.51,2465880.45
2022-12-18 00:00:00+00:00,12.5,12.6,12.25,12.38,1358593.49
2022-12-19 00:00:00+00:00,12.38,12.59,11.66,11.94,2385052.59
2022-12-20 00:00:00+00:00,11.94,12.49,11.84,12.26,1699256.37
2022-12-21 00:00:00+00:00,12.26,12.29,11.9,12.14,1549774.66
2022-12-22 00:00:00+00:00,12.14,12.19,11.67,11.82,1805407.09
2022-12-23 00:00:00+00:00,11.81,12.11,11.72,11.78,1647382.32
2022-12-24 00:00:00+00:00,11.79,11.79,11.07,11.45,2286878.14
2022-12-25 00:00:00+00:00,11.45,11.56,11.24,11.38,916417.64
2022-12-26 00:00:00+00:00,11.39,11.49,11.06,11.32,1613225.82
2022-12-27 00:00:00+00:00,11.33,11.44,10.71,11.09,3052197.59
2022-12-28 00:00:00+00:00,11.1,11.12,9.39,9.76,7362205.181
2022-12-29 00:00:00+00:00,9.76,10.89,8.0,9.64,12093989.53
2022-12-30 00:00:00+00:00,9.64,10.26,9.0,9.9,12587079.51
2022-12-31 00:00:00+00:00,9.91,10.2,9.66,9.97,3621434.65
2023-01-01 00:00:00+00:00,9.97,10.09,9.69,9.99,2287512.63
2023-01-02 00:00:00+00:00,9.99,12.0,9.81,11.28,7628264.93
2023-01-03 00:00:00+00:00,11.28,13.91,11.0,13.37,14986491.36
2023-01-04 00:00:00+00:00,13.37,14.24,12.83,13.43,12612735.49
2023-01-05 00:00:00+00:00,13.43,13.89,12.95,13.43,5834353.76
2023-01-06 00:00:00+00:00,13.43,13.6,12.69,13.5,5404648.48
2023-01-07 00:00:00+00:00,13.51,13.51,13.01,13.1,1904950.91
2023-01-08 00:00:00+00:00,13.1,14.89,12.85,14.45,6295596.12
2023-01-09 00:00:00+00:00,14.46,17.5,14.28,16.25,19481959.57
2023-01-10 00:00:00+00:00,16.25,16.73,15.57,16.2,8489417.77
2023-01-11 00:00:00+00:00,16.2,16.67,15.28,16.36,6661616.67
2023-01-12 00:00:00+00:00,16.37,17.0,15.54,16.59,9608670.96
2023-01-13 00:00:00+00:00,16.59,18.65,16.29,18.29,10929884.4
2023-01-14 00:00:00+00:00,18.29,24.75,18.2,24.24,25997232.06
2023-01-15 00:00:00+00:00,24.23,25.0,21.98,22.89,11258028.55
2023-01-16 00:00:00+00:00,22.9,25.0,22.3,23.58,10043368.28
2023-01-17 00:00:00+00:00,23.58,23.95,22.7,22.86,6056942.68
2023-01-18 00:00:00+00:00,22.86,23.65,20.34,20.79,11341710.32
2023-01-19 00:00:00+00:00,20.78,21.88,20.41,21.4,6113345.07
2023-01-20 00:00:00+00:00,21.4,25.82,20.93,25.51,9652433.39
2023-01-21 00:00:00+00:00,25.51,26.6,24.24,24.57,12782858.69
2023-01-22 00:00:00+00:00,24.56,25.45,23.5,24.21,6496779.26
2023-01-23 00:00:00+00:00,24.21,24.93,23.7,24.33,6100483.98
2023-01-24 00:00:00+00:00,24.32,25.24,22.25,22.78,6121565.88
2023-01-25 00:00:00+00:00,22.77,25.43,22.24,24.52,8332368.29
2023-01-26 00:00:00+00:00,24.53,25.23,23.73,24.33,5450404.1
2023-01-27 00:00:00+00:00,24.33,24.96,23.27,24.43,4729055.76
2023-01-28 00:00:00+00:00,24.43,25.24,23.7,24.0,3377884.1
2023-01-29 00:00:00+00:00,24.0,26.8,23.73,26.07,7785906.2
2023-01-30 00:00:00+00:00,26.07,26.31,23.11,23.96,7532450.12
2023-01-31 00:00:00+00:00,23.97,24.47,23.49,23.92,4062387.09
2023-02-01 00:00:00+00:00,23.93,25.22,22.48,25.0,7304888.31
2023-02-02 00:00:00+00:00,25.0,26.15,24.05,24.32,7246590.58
2023-02-03 00:00:00+00:00,24.32,25.07,24.01,24.69,4759274.31
2023-02-04 00:00:00+00:00,24.69,24.95,24.17,24.34,2034159.41
2023-02-05 00:00:00+00:00,24.34,24.46,23.02,23.47,4822304.59
2023-02-06 00:00:00+00:00,23.46,23.72,22.45,22.66,3592829.38
2023-02-07 00:00:00+00:00,22.65,23.96,22.54,23.82,4900023.85
2023-02-08 00:00:00+00:00,23.82,24.24,22.8,23.22,3970029.14
2023-02-09 00:00:00+00:00,23.21,23.35,20.0,20.48,6398790.64
2023-02-10 00:00:00+00:00,20.48,21.2,19.68,20.11,5523024.53
2023-02-11 00:00:00+00:00,20.1,20.92,20.1,20.81,1859852.98
2023-02-12 00:00:00+00:00,20.81,22.59,20.62,21.49,4625241.81
2023-02-13 00:00:00+00:00,21.49,21.61,19.73,20.77,6685330.04
2023-02-14 00:00:00+00:00,20.77,22.37,20.66,21.84,7639521.83
2023-02-15 00:00:00+00:00,21.84,23.99,21.45,23.86,5587903.97
2023-02-16 00:00:00+00:00,23.86,24.2,22.2,22.24,6832612.63
2023-02-17 00:00:00+00:00,22.24,23.54,21.99,23.14,4539817.75
2023-02-18 00:00:00+00:00,23.14,23.94,22.92,23.45,2647511.0
2023-02-19 00:00:00+00:00,23.46,25.64,23.2,24.84,8316165.25
2023-02-20 00:00:00+00:00,24.83,27.12,24.11,26.26,10266239.07
2023-02-21 00:00:00+00:00,26.26,26.61,24.5,24.98,6724448.02
2023-02-22 00:00:00+00:00,24.98,25.24,23.21,24.16,7174305.66
2023-02-23 00:00:00+00:00,24.16,24.69,23.6,23.91,4390966.09
2023-02-24 00:00:00+00:00,23.91,24.13,22.46,23.07,4868888.31
2023-02-25 00:00:00+00:00,23.07,23.33,21.41,22.37,4541250.05
2023-02-26 00:00:00+00:00,22.37,23.53,22.21,23.25,2817875.05
2023-02-27 00:00:00+00:00,23.25,23.41,22.32,22.68,3670697.58
2023-02-28 00:00:00+00:00,22.68,22.75,21.75,21.89,2291715.21
2023-03-01 00:00:00+00:00,21.88,22.91,21.65,22.51,2445602.61
2023-03-02 00:00:00+00:00,22.5,22.65,21.67,22.0,2231193.36
2023-03-03 00:00:00+00:00,22.0,22.02,20.34,21.42,3635280.89
2023-03-04 00:00:00+00:00,21.42,21.62,20.2,20.98,1754082.61
2023-03-05 00:00:00+00:00,20.98,21.72,20.84,20.97,1733301.96
2023-03-06 00:00:00+00:00,20.98,21.19,20.47,20.63,2216419.88
2023-03-07 00:00:00+00:00,20.62,20.95,19.71,20.25,3104831.99
2023-03-08 00:00:00+00:00,20.25,20.39,18.1,18.41,5826803.53
2023-03-09 00:00:00+00:00,18.41,18.78,16.69,17.33,7832548.96
2023-03-10 00:00:00+00:00,17.34,18.36,16.0,18.17,9520202.65
2023-03-11 00:00:00+00:00,18.17,18.89,16.94,18.07,6593106.41
2023-03-12 00:00:00+00:00,18.07,20.53,17.71,20.2,6555846.63
2023-03-13 00:00:00+00:00,20.19,21.47,18.87,20.4,10652102.31
2023-03-14 00:00:00+00:00,20.4,22.12,19.75,20.86,9812864.39
2023-03-15 00:00:00+00:00,20.86,21.46,18.7,19.24,7661168.72
2023-03-16 00:00:00+00:00,19.25,19.9,18.88,19.67,4381882.68
2023-03-17 00:00:00+00:00,19.67,21.69,19.42,21.6,5853746.15
2023-03-18 00:00:00+00:00,21.6,22.94,21.05,21.2,7417972.25
2023-03-19 00:00:00+00:00,21.2,22.43,21.19,21.86,4290990.03
2023-03-20 00:00:00+00:00,21.86,23.91,21.35,22.13,10056429.13
2023-03-21 00:00:00+00:00,22.13,23.33,21.51,22.53,6547867.38
2023-03-22 00:00:00+00:00,22.52,23.09,20.93,21.42,8602292.98
2023-03-23 00:00:00+00:00,21.41,22.95,21.08,22.16,5049411.36
2023-03-24 00:00:00+00:00,22.16,22.27,20.26,20.66,4995998.21
2023-03-25 00:00:00+00:00,20.66,20.98,20.09,20.41,2338133.56
2023-03-26 00:00:00+00:00,20.4,21.14,20.29,20.94,1848599.09
2023-03-27 00:00:00+00:00,20.94,20.99,19.33,19.91,3556384.38
2023-03-28 00:00:00+00:00,19.91,20.88,19.6,20.45,3316462.41
2023-03-29 00:00:00+00:00,20.45,21.56,20.43,21.1,3377523.28
2023-03-30 00:00:00+00:00,21.1,21.67,20.16,20.55,4349577.78
2023-03-31 00:00:00+00:00,20.55,21.49,20.04,21.16,3228391.27
2023-04-01 00:00:00+00:00,21.15,21.34,20.74,21.08,1824463.55
2023-04-02 00:00:00+00:00,21.07,21.3,20.23,20.52,1822345.58
2023-04-03 00:00:00+00:00,20.52,20.99,19.94,20.45,3984085.57
2023-04-04 00:00:00+00:00,20.45,21.26,20.28,20.92,2514863.89
2023-04-05 00:00:00+00:00,20.91,21.34,20.58,20.97,2603072.26
2023-04-06 00:00:00+00:00,20.96,20.99,20.43,20.62,1674280.5
2023-04-07 00:00:00+00:00,20.62,20.78,20.22,20.44,1220862.47
2023-04-08 00:00:00+00:00,20.44,20.74,19.85,20.04,1608993.48
2023-04-09 00:00:00+00:00,20.04,20.44,19.87,20.28,1051608.84
2023-04-10 00:00:00+00:00,20.29,20.95,20.08,20.89,1615129.64
2023-04-11 00:00:00+00:00,20.89,23.68,20.82,22.98,8297859.99
2023-04-12 00:00:00+00:00,22.99,24.48,22.29,23.8,10374263.08
2023-04-13 00:00:00+00:00,23.81,25.3,23.63,24.43,6063385.78
2023-04-14 00:00:00+00:00,24.43,25.49,23.73,24.71,6432126.81
2023-04-15 00:00:00+00:00,24.72,24.8,23.81,24.05,2861426.92
2023-04-16 00:00:00+00:00,24.05,25.49,23.81,25.34,3471417.67
2023-04-17 00:00:00+00:00,25.34,26.0,24.28,24.58,5631537.5
2023-04-18 00:00:00+00:00,24.57,25.44,24.0,24.82,3477504.6
2023-04-19 00:00:00+00:00,24.82,24.98,21.71,22.66,6650547.99
2023-04-20 00:00:00+00:00,22.66,23.18,21.59,22.2,5486212.56
2023-04-21 00:00:00+00:00,22.19,22.41,21.0,21.25,4194496.37
2023-04-22 00:00:00+00:00,21.26,21.99,21.05,21.79,1831214.09
2023-04-23 00:00:00+00:00,21.79,22.25,20.91,21.47,2754139.65
2023-04-24 00:00:00+00:00,21.47,22.02,21.0,21.38,3120614.16
2023-04-25 00:00:00+00:00,21.39,21.97,20.73,21.93,3314599.54
2023-04-26 00:00:00+00:00,21.94,22.97,20.36,21.28,6657868.13
2023-04-27 00:00:00+00:00,21.28,22.52,21.18,22.33,4703115.03
2023-04-28 00:00:00+00:00,22.34,23.5,22.16,23.34,4422324.38
2023-04-29 00:00:00+00:00,23.34,23.89,22.9,23.19,3194699.55
2023-04-30 00:00:00+00:00,23.18,23.99,22.69,22.74,3110943.4
2023-05-01 00:00:00+00:00,22.73,22.88,21.54,21.96,3758634.21
2023-05-02 00:00:00+00:00,21.95,22.38,21.75,22.25,2566813.09
2023-05-03 00:00:00+00:00,22.25,22.3,21.23,22.24,4181975.28
2023-05-04 00:00:00+00:00,22.24,22.49,21.61,21.74,2529635.56
2023-05-05 00:00:00+00:00,21.74,23.07,21.56,22.82,3636404.07
2023-05-06 00:00:00+00:00,22.82,23.23,21.56,21.91,2849745.66
2023-05-07 00:00:00+00:00,21.91,22.78,21.63,21.66,2954384.97
2023-05-08 00:00:00+00:00,21.65,21.81,20.0,20.62,5254424.55
2023-05-09 00:00:00+00:00,20.63,21.0,20.4,20.65,2375473.6
2023-05-10 00:00:00+00:00,20.66,21.31,19.74,20.91,5057170.3
2023-05-11 00:00:00+00:00,20.92,20.93,19.69,20.17,3721715.1
2023-05-12 00:00:00+00:00,20.17,20.95,19.8,20.9,3076452.18
2023-05-13 00:00:00+00:00,20.91,21.29,20.77,20.84,1835421.61
2023-05-14 00:00:00+00:00,20.83,21.28,20.62,20.93,1553375.08
2023-05-15 00:00:00+00:00,20.93,21.52,20.6,20.99,2858317.83
2023-05-16 00:00:00+00:00,20.98,21.13,20.43,20.67,2722401.44
2023-05-17 00:00:00+00:00,20.68,21.23,20.42,21.06,2614414.01
2023-05-18 00:00:00+00:00,21.06,21.09,20.07,20.34,2624370.52
2023-05-19 00:00:00+00:00,20.35,20.59,20.21,20.36,1214543.49
2023-05-20 00:00:00+00:00,20.35,20.37,20.08,20.28,856718.98
2023-05-21 00:00:00+00:00,20.28,20.39,19.33,19.61,1976334.78
2023-05-22 00:00:00+00:00,19.61,20.03,19.28,19.53,2054927.32
2023-05-23 00:00:00+00:00,19.52,20.18,19.42,20.02,2466255.33
2023-05-24 00:00:00+00:00,20.02,20.07,18.66,19.22,2780601.57
2023-05-25 00:00:00+00:00,19.22,19.58,18.77,19.25,1692742.89
2023-05-26 00:00:00+00:00,19.25,19.56,19.08,19.35,1034272.52
2023-05-27 00:00:00+00:00,19.35,20.54,19.33,20.43,1565995.03
2023-05-28 00:00:00+00:00,20.42,21.19,20.29,20.81,2874459.57
2023-05-29 00:00:00+00:00,20.81,20.98,20.26,20.57,2222352.38
2023-05-30 00:00:00+00:00,20.57,21.4,20.46,21.25,3192653.91
2023-05-31 00:00:00+00:00,21.25,21.33,20.37,20.81,2050625.96
2023-06-01 00:00:00+00:00,20.82,20.98,20.41,20.49,1732297.47
2023-06-02 00:00:00+00:00,20.49,21.37,20.3,21.26,2068166.11
2023-06-03 00:00:00+00:00,21.26,21.35,20.95,21.19,1130915.88
2023-06-04 00:00:00+00:00,21.19,22.3,21.03,21.82,2800007.16
2023-06-05 00:00:00+00:00,21.83,22.06,19.03,20.0,6215040.24
2023-06-06 00:00:00+00:00,20.01,20.7,19.23,20.38,4383534.14
2023-06-07 00:00:00+00:00,20.38,20.53,18.5,18.64,3842270.95
2023-06-08 00:00:00+00:00,18.64,19.11,18.23,18.89,2669714.01
2023-06-09 00:00:00+00:00,18.88,19.37,17.11,17.4,4755455.49
2023-06-10 00:00:00+00:00,17.4,17.43,12.8,15.61,17211734.83
2023-06-11 00:00:00+00:00,15.61,16.18,15.11,15.55,6064017.28
2023-06-12 00:00:00+00:00,15.55,15.69,14.74,15.19,5195357.99
2023-06-13 00:00:00+00:00,15.19,16.0,14.76,15.04,4814274.27
2023-06-14 00:00:00+00:00,15.03,15.37,14.06,14.48,3978891.53
2023-06-15 00:00:00+00:00,14.49,15.08,14.18,14.77,4700648.85
2023-06-16 00:00:00+00:00,14.78,15.47,14.38,15.31,2809890.09
2023-06-17 00:00:00+00:00,15.32,16.12,15.16,15.64,2500321.4
2023-06-18 00:00:00+00:00,15.65,15.84,15.28,15.45,1603688.44
2023-06-19 00:00:00+00:00,15.45,16.14,15.34,16.1,1890318.27
2023-06-20 00:00:00+00:00,16.1,16.69,15.73,16.64,3005581.72
2023-06-21 00:00:00+00:00,16.65,17.4,16.54,17.23,4146918.99
2023-06-22 00:00:00+00:00,17.23,17.75,16.57,16.62,3547312.43
2023-06-23 00:00:00+00:00,16.62,17.53,16.16,17.13,4851596.52
2023-06-24 00:00:00+00:00,17.14,17.53,16.37,16.64,2908701.89
2023-06-25 00:00:00+00:00,16.64,17.38,16.57,16.96,2723041.25
2023-06-26 00:00:00+00:00,16.96,17.12,15.89,16.27,3056592.4
2023-06-27 00:00:00+00:00,16.27,16.93,16.13,16.63,2951107.45
2023-06-28 00:00:00+00:00,16.63,16.65,15.6,15.97,4040252.29
2023-06-29 00:00:00+00:00,15.98,18.28,15.87,17.99,7948251.73
2023-06-30 00:00:00+00:00,18.0,20.03,17.01,18.86,11454016.49
2023-07-01 00:00:00+00:00,18.85,19.0,17.9,18.7,3515091.93
2023-07-02 00:00:00+00:00,18.7,19.74,18.53,19.45,4872775.08
2023-07-03 00:00:00+00:00,19.46,19.66,18.87,19.26,3065186.84
2023-07-04 00:00:00+00:00,19.25,19.94,19.06,19.13,3096292.18
2023-07-05 00:00:00+00:00,19.14,19.53,18.32,19.0,2415908.51
2023-07-06 00:00:00+00:00,18.99,21.0,18.82,19.61,9598016.99
2023-07-07 00:00:00+00:00,19.61,21.9,19.26,21.5,9794096.48
2023-07-08 00:00:00+00:00,21.51,22.5,21.32,21.81,6473021.26
2023-07-09 00:00:00+00:00,21.82,22.38,20.99,21.32,3867361.76
2023-07-10 00:00:00+00:00,21.32,21.81,20.47,21.3,5671089.94
2023-07-11 00:00:00+00:00,21.3,22.37,21.2,22.07,4616810.71
2023-07-12 00:00:00+00:00,22.06,22.8,21.74,21.94,6086113.95
2023-07-13 00:00:00+00:00,21.93,26.82,21.42,26.01,16102139.02
2023-07-14 00:00:00+00:00,26.01,32.13,25.23,26.67,19571913.81
2023-07-15 00:00:00+00:00,26.67,29.12,26.45,27.46,11042658.65
2023-07-16 00:00:00+00:00,27.47,28.7,26.46,27.42,6708916.61
2023-07-17 00:00:00+00:00,27.41,28.49,25.55,26.8,8662837.64
2023-07-18 00:00:00+00:00,26.8,27.09,24.76,25.54,6327315.88
2023-07-19 00:00:00+00:00,25.54,26.99,25.35,26.31,4966905.24
2023-07-20 00:00:00+00:00,26.31,27.38,25.03,25.38,4977278.58
2023-07-21 00:00:00+00:00,25.38,26.0,25.06,25.5,3295444.38
2023-07-22 00:00:00+00:00,25.51,25.97,24.0,24.52,2382898.21
2023-07-23 00:00:00+00:00,24.52,25.26,24.15,24.76,2341589.79
2023-07-24 00:00:00+00:00,24.76,24.83,22.89,23.37,4042066.22
2023-07-25 00:00:00+00:00,23.36,23.6,22.73,23.27,2522195.44
2023-07-26 00:00:00+00:00,23.28,25.68,23.17,25.17,6033716.58
2023-07-27 00:00:00+00:00,25.18,25.65,24.66,25.1,4207657.06
2023-07-28 00:00:00+00:00,25.1,25.56,24.54,24.82,2736684.18
2023-07-29 00:00:00+00:00,24.82,25.39,24.75,25.17,1768964.07
2023-07-30 00:00:00+00:00,25.17,25.21,23.47,24.25,2774658.63
2023-07-31 00:00:00+00:00,24.25,24.79,23.52,23.73,3167365.08
2023-08-01 00:00:00+00:00,23.72,24.07,22.84,24.05,3598080.21
2023-08-02 00:00:00+00:00,24.06,24.29,22.82,23.15,3308680.67
2023-08-03 00:00:00+00:00,23.14,23.38,22.44,22.65,2981853.02
2023-08-04 00:00:00+00:00,22.65,23.57,22.48,22.8,3225053.92
2023-08-05 00:00:00+00:00,22.8,22.94,22.23,22.65,1781301.39
2023-08-06 00:00:00+00:00,22.66,23.48,22.58,23.2,2662470.7
2023-08-07 00:00:00+00:00,23.2,23.67,22.27,23.12,3303008.9
2023-08-08 00:00:00+00:00,23.11,24.79,23.02,24.22,4652753.86
2023-08-09 00:00:00+00:00,24.22,24.99,24.1,24.38,3857674.95
2023-08-10 00:00:00+00:00,24.39,24.89,24.13,24.62,2556841.66
2023-08-11 00:00:00+00:00,24.63,24.93,24.34,24.62,2415119.74
2023-08-12 00:00:00+00:00,24.63,25.24,24.4,24.91,1814019.36
2023-08-13 00:00:00+00:00,24.91,24.95,24.21,24.23,2013530.94
2023-08-14 00:00:00+00:00,24.22,25.3,24.06,25.18,2935003.9
2023-08-15 00:00:00+00:00,25.19,25.42,23.74,23.9,3856498.57
2023-08-16 00:00:00+00:00,23.91,24.03,22.36,22.82,4333224.4
2023-08-17 00:00:00+00:00,22.82,23.43,20.0,21.66,6294552.09
2023-08-18 00:00:00+00:00,21.67,22.2,20.9,21.34,3890112.81
2023-08-19 00:00:00+00:00,21.34,22.18,21.29,21.9,1694233.32
2023-08-20 00:00:00+00:00,21.89,22.04,21.57,21.77,1053613.37
2023-08-21 00:00:00+00:00,21.78,21.79,20.3,21.2,2646392.48
2023-08-22 00:00:00+00:00,21.2,21.26,19.35,20.59,3635900.71
2023-08-23 00:00:00+00:00,20.59,21.82,20.33,21.74,3704350.5
2023-08-24 00:00:00+00:00,21.74,22.02,20.67,21.06,2719332.54
2023-08-25 00:00:00+00:00,21.05,21.06,20.09,20.42,2321828.3
2023-08-26 00:00:00+00:00,20.42,20.44,20.19,20.29,743690.27
2023-08-27 00:00:00+00:00,20.28,20.92,20.24,20.79,1103526.81
2023-08-28 00:00:00+00:00,20.79,20.8,20.03,20.56,1622343.78
2023-08-29 00:00:00+00:00,20.57,22.05,20.12,21.79,5271801.95
2023-08-30 00:00:00+00:00,21.79,21.99,20.6,20.82,2462706.77
2023-08-31 00:00:00+00:00,20.82,21.07,19.43,19.74,3342646.88
2023-09-01 00:00:00+00:00,19.74,19.93,19.02,19.33,2517375.38
2023-09-02 00:00:00+00:00,19.33,19.69,19.13,19.5,1419243.59
2023-09-03 00:00:00+00:00,19.5,19.67,19.23,19.57,1032117.62
2023-09-04 00:00:00+00:00,19.57,20.05,19.15,19.52,2206040.45
2023-09-05 00:00:00+00:00,19.52,20.6,19.03,20.26,4197171.75
2023-09-06 00:00:00+00:00,20.26,20.39,19.14,19.64,3429947.48
2023-09-07 00:00:00+00:00,19.63,20.0,19.32,19.92,2375627.15
2023-09-08 00:00:00+00:00,19.92,20.28,19.37,19.61,1972054.86
2023-09-09 00:00:00+00:00,19.6,19.61,19.38,19.44,646379.52
2023-09-10 00:00:00+00:00,19.43,19.44,17.78,18.24,5630975.71
2023-09-11 00:00:00+00:00,18.23,18.46,17.33,17.72,4755172.77
2023-09-12 00:00:00+00:00,17.72,18.8,17.57,17.92,4818249.11
2023-09-13 00:00:00+00:00,17.91,18.56,17.69,18.4,4063710.36
2023-09-14 00:00:00+00:00,18.4,19.33,18.38,18.85,4397747.38
2023-09-15 00:00:00+00:00,18.85,19.5,18.55,19.14,2087888.26
2023-09-16 00:00:00+00:00,19.15,19.46,18.86,19.12,1416418.73
2023-09-17 00:00:00+00:00,19.12,19.14,18.63,18.81,1073239.72
2023-09-18 00:00:00+00:00,18.81,20.15,18.58,19.64,3731851.86
2023-09-19 00:00:00+00:00,19.65,20.42,19.58,20.03,3110481.29
2023-09-20 00:00:00+00:00,20.02,20.54,19.8,20.29,2588399.2
2023-09-21 00:00:00+00:00,20.29,20.29,19.29,19.46,2959370.24
2023-09-22 00:00:00+00:00,19.45,19.81,19.15,19.43,1857771.33
2023-09-23 00:00:00+00:00,19.42,19.57,19.29,19.49,897913.0
2023-09-24 00:00:00+00:00,19.48,19.68,19.2,19.36,1091026.97
2023-09-25 00:00:00+00:00,19.36,19.74,19.07,19.39,1702995.14
2023-09-26 00:00:00+00:00,19.39,19.53,18.84,19.03,1977195.6
2023-09-27 00:00:00+00:00,19.03,19.48,18.73,19.14,2446438.2
2023-09-28 00:00:00+00:00,19.13,19.98,19.1,19.96,2804835.46
2023-09-29 00:00:00+00:00,19.97,20.46,19.85,20.28,2724984.42
2023-09-30 00:00:00+00:00,20.28,21.81,20.07,21.37,3565357.52
2023-10-01 00:00:00+00:00,21.37,24.5,21.13,23.87,6416328.5
2023-10-02 00:00:00+00:00,23.88,24.8,22.9,23.37,6313085.51
2023-10-03 00:00:00+00:00,23.38,24.77,23.21,23.6,5894722.26
2023-10-04 00:00:00+00:00,23.61,23.86,22.58,23.13,3945261.33
2023-10-05 00:00:00+00:00,23.13,23.76,22.53,22.7,3287722.78
2023-10-06 00:00:00+00:00,22.7,23.76,22.66,23.41,4366362.12
2023-10-07 00:00:00+00:00,23.41,24.21,23.08,23.3,2949841.72
2023-10-08 00:00:00+00:00,23.29,23.64,23.06,23.22,1934466.13
2023-10-09 00:00:00+00:00,23.21,23.37,21.59,22.1,4186290.48
2023-10-10 00:00:00+00:00,22.09,22.48,21.69,22.11,2334716.24
2023-10-11 00:00:00+00:00,22.11,22.43,21.62,22.01,2734211.94
2023-10-12 00:00:00+00:00,22.01,22.05,20.93,21.28,2921129.02
2023-10-13 00:00:00+00:00,21.29,22.23,21.11,21.84,2403623.09
2023-10-14 00:00:00+00:00,21.85,22.31,21.8,22.0,1303774.54
2023-10-15 00:00:00+00:00,22.0,22.17,21.66,21.93,1455965.78
2023-10-16 00:00:00+00:00,21.93,24.75,21.89,23.95,6973642.82
2023-10-17 00:00:00+00:00,23.95,24.56,23.46,23.93,4456015.31
2023-10-18 00:00:00+00:00,23.94,24.43,23.36,23.42,2982409.96
2023-10-19 00:00:00+00:00,23.41,25.77,23.11,24.93,5889168.99
2023-10-20 00:00:00+00:00,24.92,27.5,24.73,27.03,7266627.01
2023-10-21 00:00:00+00:00,27.02,30.31,26.65,29.32,9576358.72
2023-10-22 00:00:00+00:00,29.33,30.01,28.09,29.05,5567480.03
2023-10-23 00:00:00+00:00,29.06,32.81,28.74,31.88,12178546.11
2023-10-24 00:00:00+00:00,31.88,32.61,29.5,30.17,11152278.09
2023-10-25 00:00:00+00:00,30.18,33.9,30.0,32.44,10582632.89
2023-10-26 00:00:00+00:00,32.43,33.28,30.73,32.77,6940180.71
2023-10-27 00:00:00+00:00,32.78,33.35,31.2,31.73,6273331.35
2023-10-28 00:00:00+00:00,31.73,32.51,31.35,31.63,2594478.41
2023-10-29 00:00:00+00:00,31.62,33.19,31.27,32.83,3483834.9
2023-10-30 00:00:00+00:00,32.83,35.35,32.28,34.94,7627255.13
2023-10-31 00:00:00+00:00,34.94,38.62,34.82,38.4,9267665.69
2023-11-01 00:00:00+00:00,38.41,46.9,37.81,41.15,19486359.98
2023-11-02 00:00:00+00:00,41.16,44.57,38.65,40.23,14743830.91
2023-11-03 00:00:00+00:00,40.24,40.26,37.98,39.45,10290073.48
2023-11-04 00:00:00+00:00,39.45,42.72,39.0,42.41,7452581.71
2023-11-05 00:00:00+00:00,42.41,42.85,40.1,41.15,4117962.39
2023-11-06 00:00:00+00:00,41.16,42.2,39.66,42.16,4866558.59
2023-11-07 00:00:00+00:00,42.16,44.78,40.08,42.93,8826660.47
2023-11-08 00:00:00+00:00,42.93,43.88,42.25,43.13,4580371.01
2023-11-09 00:00:00+00:00,43.12,48.88,41.36,45.29,12546941.33
2023-11-10 00:00:00+00:00,45.3,57.54,45.05,56.67,14708555.35
2023-11-11 00:00:00+00:00,56.67,63.95,53.55,56.34,13790858.3
2023-11-12 00:00:00+00:00,56.36,61.86,54.5,56.28,10246085.39
2023-11-13 00:00:00+00:00,56.27,59.86,51.28,51.6,11066863.24
2023-11-14 00:00:00+00:00,51.6,57.99,51.12,56.81,12213778.24
2023-11-15 00:00:00+00:00,56.81,67.12,56.15,65.43,12800109.28
2023-11-16 00:00:00+00:00,65.43,68.2,56.31,57.8,13868327.04
2023-11-17 00:00:00+00:00,57.81,60.57,54.1,58.51,11968303.78
2023-11-18 00:00:00+00:00,58.52,59.37,54.7,58.56,7374946.5
2023-11-19 00:00:00+00:00,58.56,62.1,56.61,61.1,7009650.09
2023-11-20 00:00:00+00:00,61.1,61.33,56.0,56.57,7127562.28
2023-11-21 00:00:00+00:00,56.57,57.4,51.23,51.65,10741088.9
2023-11-22 00:00:00+00:00,51.65,58.94,51.43,57.56,7891464.65
2023-11-23 00:00:00+00:00,57.55,59.63,56.14,56.51,4925635.15
2023-11-24 00:00:00+00:00,56.52,58.79,56.2,56.86,3905651.92
2023-11-25 00:00:00+00:00,56.86,59.82,55.7,58.82,4095129.28
2023-11-26 00:00:00+00:00,58.81,59.04,56.12,57.57,3097837.47
2023-11-27 00:00:00+00:00,57.57,58.09,53.47,55.06,4618869.6
2023-11-28 00:00:00+00:00,55.06,58.65,53.94,58.18,5642915.95
2023-11-29 00:00:00+00:00,58.18,61.78,57.72,59.31,7574392.84
2023-11-30 00:00:00+00:00,59.31,61.7,58.75,59.3,4597104.01
2023-12-01 00:00:00+00:00,59.3,61.9,58.6,59.75,5422494.06
2023-12-02 00:00:00+00:00,59.74,63.9,59.67,63.66,4898503.76
2023-12-03 00:00:00+00:00,63.66,65.53,62.22,62.98,4675198.65
2023-12-04 00:00:00+00:00,62.99,65.25,59.75,61.64,7696216.19
2023-12-05 00:00:00+00:00,61.63,62.6,59.11,61.03,6032438.26
2023-12-06 00:00:00+00:00,61.04,66.68,61.03,61.85,11121135.68
2023-12-07 00:00:00+00:00,61.85,69.37,61.64,67.74,10648583.32
2023-12-08 00:00:00+00:00,67.74,75.3,67.74,74.94,11314830.348
2023-12-09 00:00:00+00:00,74.93,77.78,71.5,72.3,8809964.3
2023-12-10 00:00:00+00:00,72.31,74.89,70.67,74.87,5886808.01
2023-12-11 00:00:00+00:00,74.88,75.0,64.18,70.25,12970688.47
2023-12-12 00:00:00+00:00,70.24,72.42,65.75,68.6,7763463.64
2023-12-13 00:00:00+00:00,68.6,72.6,63.67,70.62,8271925.44
2023-12-14 00:00:00+00:00,70.62,76.24,68.18,75.68,7493589.41
2023-12-15 00:00:00+00:00,75.68,79.5,72.13,72.51,8834567.44
2023-12-16 00:00:00+00:00,72.51,77.22,71.18,73.72,5513079.61
2023-12-17 00:00:00+00:00,73.71,75.05,70.36,70.87,5108641.26
2023-12-18 00:00:00+00:00,70.85,75.46,67.0,74.42,7219822.33
2023-12-19 00:00:00+00:00,74.41,76.37,71.78,73.0,6086806.16
2023-12-20 00:00:00+00:00,73.0,84.14,72.96,82.21,10701294.29
2023-12-21 00:00:00+00:00,82.22,95.54,81.03,93.84,12129644.35
2023-12-22 00:00:00+00:00,93.86,99.5,90.34,97.9,11975121.56
2023-12-23 00:00:00+00:00,97.91,110.0,92.8,107.88,8336420.6
2023-12-24 00:00:00+00:00,107.88,118.1,107.3,112.45,12261699.03
2023-12-25 00:00:00+00:00,112.45,126.36,107.92,120.91,11114497.92
2023-12-26 00:00:00+00:00,120.91,121.36,102.09,112.49,12300095.38
2023-12-27 00:00:00+00:00,112.48,115.3,104.58,106.91,8972638.9
2023-12-28 00:00:00+00:00,106.92,109.66,97.14,101.8,10194201.02
2023-12-29 00:00:00+00:00,101.8,110.0,99.0,106.17,9432538.67
2023-12-30 00:00:00+00:00,106.17,107.47,100.62,101.9,4178339.62
2023-12-31 00:00:00+00:00,101.9,105.21,99.54,101.72,3821990.67
2024-01-01 00:00:00+00:00,101.72,109.93,101.44,109.91,4403310.37
2024-01-02 00:00:00+00:00,109.93,116.95,106.02,106.73,7831366.05
2024-01-03 00:00:00+00:00,106.72,109.9,85.0,98.52,12221060.38
2024-01-04 00:00:00+00:00,98.52,108.15,96.6,104.91,7235482.95
2024-01-05 00:00:00+00:00,104.91,105.48,95.23,99.94,6703567.21
2024-01-06 00:00:00+00:00,99.93,100.3,91.53,93.77,5151478.03
2024-01-07 00:00:00+00:00,93.77,96.8,87.68,89.44,5547334.15
2024-01-08 00:00:00+00:00,89.44,99.97,85.16,97.88,9677497.13
2024-01-09 00:00:00+00:00,97.88,104.89,95.25,99.36,8574930.67
2024-01-10 00:00:00+00:00,99.36,105.52,91.68,102.0,8634280.07
2024-01-11 00:00:00+00:00,101.99,107.32,97.67,99.9,8986682.95
2024-01-12 00:00:00+00:00,99.89,100.49,87.0,92.12,6462190.24
2024-01-13 00:00:00+00:00,92.14,97.05,89.51,95.85,4054010.92
2024-01-14 00:00:00+00:00,95.85,102.87,93.62,93.81,5767904.66
2024-01-15 00:00:00+00:00,93.81,96.96,92.97,94.36,3605978.31
2024-01-16 00:00:00+00:00,94.35,98.73,94.16,97.61,3768288.08
2024-01-17 00:00:00+00:00,97.6,102.8,96.5,102.1,6932306.54
2024-01-18 00:00:00+00:00,102.1,103.59,91.41,94.4,6216673.0
2024-01-19 00:00:00+00:00,94.39,95.47,87.04,93.62,6357442.75
2024-01-20 00:00:00+00:00,93.62,94.27,90.2,92.88,2799385.87
2024-01-21 00:00:00+00:00,92.88,93.93,90.79,91.09,2013751.83
2024-01-22 00:00:00+00:00,91.08,91.9,82.06,83.84,7065444.82
2024-01-23 00:00:00+00:00,83.84,86.0,79.0,84.35,8284305.33
2024-01-24 00:00:00+00:00,84.36,89.47,83.3,88.77,6058894.15
2024-01-25 00:00:00+00:00,88.77,89.64,85.09,86.91,4002698.2
2024-01-26 00:00:00+00:00,86.9,93.72,85.96,92.28,4693818.55
2024-01-27 00:00:00+00:00,92.29,94.5,90.68,94.28,2735837.45
2024-01-28 00:00:00+00:00,94.27,99.44,93.31,95.98,5618408.23
2024-01-29 00:00:00+00:00,95.99,101.98,95.06,101.68,5772519.82
2024-01-30 00:00:00+00:00,101.67,106.49,100.95,101.4,6990527.25
2024-01-31 00:00:00+00:00,101.4,102.73,95.9,96.96,8609956.87
2024-02-01 00:00:00+00:00,96.96,98.11,93.11,97.81,6556006.07
2024-02-02 00:00:00+00:00,97.81,102.57,97.39,100.58,5487861.84
2024-02-03 00:00:00+00:00,100.57,101.24,96.53,97.96,2787373.11
2024-02-04 00:00:00+00:00,97.95,98.59,95.08,95.49,2914876.34
2024-02-05 00:00:00+00:00,95.48,98.7,94.11,95.66,3891146.06
2024-02-06 00:00:00+00:00,95.66,97.88,92.88,96.88,4279238.07
2024-02-07 00:00:00+00:00,96.87,101.58,94.62,101.14,4577672.06
2024-02-08 00:00:00+00:00,101.14,104.98,100.51,102.76,5082811.46
2024-02-09 00:00:00+00:00,102.77,109.13,102.76,106.94,6686758.45
2024-02-10 00:00:00+00:00,106.94,110.86,106.86,109.01,3939526.49
2024-02-11 00:00:00+00:00,109.01,110.67,107.24,107.46,2755398.4
2024-02-12 00:00:00+00:00,107.46,112.22,103.4,111.64,6169652.05
2024-02-13 00:00:00+00:00,111.65,115.15,108.25,112.48,5622825.56
2024-02-14 00:00:00+00:00,112.49,118.69,110.61,116.97,4884824.42
2024-02-15 00:00:00+00:00,116.97,118.39,111.51,113.5,4927735.5
2024-02-16 00:00:00+00:00,113.5,114.25,107.94,110.33,3947132.77
2024-02-17 00:00:00+00:00,110.32,111.08,105.0,108.92,2897705.67
2024-02-18 00:00:00+00:00,108.92,114.04,107.51,112.24,3083833.73
2024-02-19 00:00:00+00:00,112.25,114.87,110.75,111.53,3746704.95
2024-02-20 00:00:00+00:00,111.53,112.11,103.0,108.31,5676734.13
2024-02-21 00:00:00+00:00,108.32,108.4,100.23,105.03,4752688.01
2024-02-22 00:00:00+00:00,105.04,107.1,101.53,101.76,3905642.33
2024-02-23 00:00:00+00:00,101.75,103.1,98.64,99.9,3546853.99
2024-02-24 00:00:00+00:00,99.91,104.85,98.48,104.01,2334116.02
2024-02-25 00:00:00+00:00,104.02,104.43,102.0,103.47,1967184.81
2024-02-26 00:00:00+00:00,103.47,110.89,100.29,109.9,5392138.71
2024-02-27 00:00:00+00:00,109.9,112.3,105.29,108.36,6198163.52
2024-02-28 00:00:00+00:00,108.35,119.06,106.85,119.03,11832282.01
2024-02-29 00:00:00+00:00,119.03,134.65,117.15,125.68,13847087.32
2024-03-01 00:00:00+00:00,125.68,137.8,125.61,129.43,8376631.09
2024-03-02 00:00:00+00:00,129.43,131.69,127.2,130.02,4693251.94
2024-03-03 00:00:00+00:00,130.03,132.11,124.17,130.16,5228370.86
2024-03-04 00:00:00+00:00,130.16,134.95,127.35,133.27,8053684.79
2024-03-05 00:00:00+00:00,133.26,142.72,105.0,125.31,17035242.52
2024-03-06 00:00:00+00:00,125.31,134.95,120.0,130.79,9581617.48
2024-03-07 00:00:00+00:00,130.8,149.3,130.52,143.82,10952975.3
2024-03-08 00:00:00+00:00,143.82,152.64,142.0,144.79,8096745.65
2024-03-09 00:00:00+00:00,144.79,149.15,143.54,144.29,3686876.81
2024-03-10 00:00:00+00:00,144.3,148.5,140.43,144.39,4489519.25
2024-03-11 00:00:00+00:00,144.39,150.2,136.49,148.83,7743384.35
2024-03-12 00:00:00+00:00,148.83,155.0,141.5,151.05,8930538.0
2024-03-13 00:00:00+00:00,151.06,166.73,148.71,163.9,7627285.95
2024-03-14 00:00:00+00:00,163.9,178.5,159.2,176.65,10423585.86
2024-03-15 00:00:00+00:00,176.65,188.98,164.5,183.95,17484961.6
2024-03-16 00:00:00+00:00,183.95,197.95,176.78,182.05,13017058.01
2024-03-17 00:00:00+00:00,182.05,205.2,178.55,201.86,10524537.06
2024-03-18 00:00:00+00:00,201.85,210.18,193.8,195.92,11583736.08
2024-03-19 00:00:00+00:00,195.92,198.68,166.0,169.82,16935298.87
2024-03-20 00:00:00+00:00,169.82,193.19,162.45,191.77,12365784.68
2024-03-21 00:00:00+00:00,191.76,195.68,175.84,179.46,8064316.56
2024-03-22 00:00:00+00:00,179.46,181.95,167.57,175.21,6152106.89
2024-03-23 00:00:00+00:00,175.21,179.0,170.38,172.65,3504716.61
2024-03-24 00:00:00+00:00,172.65,186.78,171.25,183.88,3578259.38
2024-03-25 00:00:00+00:00,183.87,194.6,180.92,188.99,5240091.85
2024-03-26 00:00:00+00:00,188.98,196.57,186.0,190.46,4465611.36
2024-03-27 00:00:00+00:00,190.46,192.74,180.0,186.33,5173929.09
2024-03-28 00:00:00+00:00,186.34,190.93,180.92,189.63,3602194.14
2024-03-29 00:00:00+00:00,189.64,193.0,183.39,192.01,3580115.76
2024-03-30 00:00:00+00:00,192.02,200.0,190.71,194.2,3491334.38
2024-03-31 00:00:00+00:00,194.19,203.17,193.69,202.45,2398135.45
2024-04-01 00:00:00+00:00,202.45,204.46,186.87,192.24,4599776.65
2024-04-02 00:00:00+00:00,192.24,192.24,175.92,181.53,5766777.4
2024-04-03 00:00:00+00:00,181.53,192.0,176.92,185.05,5010275.57
2024-04-04 00:00:00+00:00,185.05,190.13,180.02,184.0,3773747.36
2024-04-05 00:00:00+00:00,184.0,185.07,167.84,174.37,5000847.22
2024-04-06 00:00:00+00:00,174.37,179.89,173.54,178.68,2641869.38
2024-04-07 00:00:00+00:00,178.69,182.71,176.85,179.52,2235798.23
2024-04-08 00:00:00+00:00,179.51,184.68,175.25,180.68,3690701.97
2024-04-09 00:00:00+00:00,180.68,180.9,169.11,172.42,3401885.89
2024-04-10 00:00:00+00:00,172.41,175.5,162.28,173.31,4653467.65
2024-04-11 00:00:00+00:00,173.3,176.32,170.07,172.37,3761197.49
2024-04-12 00:00:00+00:00,172.37,175.98,141.0,153.16,6842096.22
2024-04-13 00:00:00+00:00,153.16,155.0,116.0,138.47,15444420.06
2024-04-14 00:00:00+00:00,138.47,152.84,130.45,151.25,12428370.68
2024-04-15 00:00:00+00:00,151.26,156.06,133.56,138.51,9332424.74
2024-04-16 00:00:00+00:00,138.51,140.57,126.4,136.22,9794711.9
2024-04-17 00:00:00+00:00,136.21,142.77,126.87,131.84,9559485.27
2024-04-18 00:00:00+00:00,131.84,144.25,127.62,142.07,7805067.82
2024-04-19 00:00:00+00:00,142.08,147.49,128.5,142.5,11145361.53
2024-04-20 00:00:00+00:00,142.5,152.39,139.66,151.22,4855973.67
2024-04-21 00:00:00+00:00,151.21,153.5,146.68,148.8,3646801.53
2024-04-22 00:00:00+00:00,148.81,158.5,146.63,156.95,4967360.16
2024-04-23 00:00:00+00:00,156.94,160.0,153.04,154.75,4102272.11
2024-04-24 00:00:00+00:00,154.75,159.8,145.58,147.78,6491963.0
2024-04-25 00:00:00+00:00,147.79,149.6,142.09,144.84,5417465.27
2024-04-26 00:00:00+00:00,144.83,146.19,138.74,139.23,3749353.51
2024-04-27 00:00:00+00:00,139.23,143.04,132.88,141.31,3821061.91
2024-04-28 00:00:00+00:00,141.31,144.82,137.03,137.99,2951913.56
2024-04-29 00:00:00+00:00,137.99,138.93,133.38,137.77,4267883.497
2024-04-30 00:00:00+00:00,137.79,139.77,121.21,126.77,6026555.488
2024-05-01 00:00:00+00:00,126.76,135.97,118.47,134.64,7991325.271
2024-05-02 00:00:00+00:00,134.64,140.9,128.19,137.58,5743465.621
2024-05-03 00:00:00+00:00,137.58,145.0,135.88,143.69,4524855.556
2024-05-04 00:00:00+00:00,143.7,149.14,142.22,146.05,2808003.24
2024-05-05 00:00:00+00:00,146.05,148.0,143.1,145.73,2131850.263
2024-05-06 00:00:00+00:00,145.74,156.89,145.4,152.82,4787441.567
2024-05-07 00:00:00+00:00,152.81,159.19,147.76,148.03,4486379.596
2024-05-08 00:00:00+00:00,148.03,152.0,140.0,142.18,4533265.341
2024-05-09 00:00:00+00:00,142.17,153.39,140.61,152.57,3912139.908
2024-05-10 00:00:00+00:00,152.56,155.75,144.49,146.01,4124775.208
2024-05-11 00:00:00+00:00,146.02,147.7,143.12,145.42,2017032.814
2024-05-12 00:00:00+00:00,145.42,147.8,142.5,143.43,1422547.627
2024-05-13 00:00:00+00:00,143.42,150.88,137.78,147.54,4407929.923
2024-05-14 00:00:00+00:00,147.53,149.09,141.82,142.03,3389933.371
2024-05-15 00:00:00+00:00,142.03,158.88,141.21,158.52,4885274.203
2024-05-16 00:00:00+00:00,158.52,164.79,156.46,159.37,4200112.765
2024-05-17 00:00:00+00:00,159.36,174.0,159.32,169.44,4097186.841
2024-05-18 00:00:00+00:00,169.43,176.06,168.65,172.4,2874473.997
2024-05-19 00:00:00+00:00,172.4,175.5,165.96,169.93,2696984.074
2024-05-20 00:00:00+00:00,169.93,188.32,167.47,186.7,5690568.998
2024-05-21 00:00:00+00:00,186.69,188.89,174.37,178.15,4727780.064
2024-05-22 00:00:00+00:00,178.15,185.0,174.96,176.95,4272900.127
2024-05-23 00:00:00+00:00,176.96,181.04,165.35,176.16,5598921.63
2024-05-24 00:00:00+00:00,176.15,176.15,162.5,167.7,4819660.642
2024-05-25 00:00:00+00:00,167.7,170.55,165.9,168.35,1911443.135
2024-05-26 00:00:00+00:00,168.35,168.4,161.0,163.41,3126117.989
2024-05-27 00:00:00+00:00,163.42,172.28,163.26,170.15,3260017.055
2024-05-28 00:00:00+00:00,170.15,173.24,164.92,168.68,3779251.343
2024-05-29 00:00:00+00:00,168.68,173.93,167.0,168.32,2946277.294
2024-05-30 00:00:00+00:00,168.32,173.0,163.55,166.88,3307767.047
2024-05-31 00:00:00+00:00,166.88,170.94,163.67,165.65,2592736.388
2024-06-01 00:00:00+00:00,165.65,167.95,165.64,166.14,1070498.928
2024-06-02 00:00:00+00:00,166.14,167.1,161.32,163.15,1669577.986
2024-06-03 00:00:00+00:00,163.14,167.21,161.79,164.89,2378016.532
2024-06-04 00:00:00+00:00,164.9,171.87,164.31,171.78,2124954.015
2024-06-05 00:00:00+00:00,171.78,175.6,170.0,173.54,2560223.589
2024-06-06 00:00:00+00:00,173.55,174.4,167.51,170.15,2116238.234
2024-06-07 00:00:00+00:00,170.15,172.85,152.92,162.5,3538852.091
2024-06-08 00:00:00+00:00,162.51,163.78,157.37,157.83,1789882.65
2024-06-09 00:00:00+00:00,157.83,163.04,156.52,162.12,1444905.0
2024-06-10 00:00:00+00:00,162.12,163.18,157.46,159.05,1760276.954
2024-06-11 00:00:00+00:00,159.04,159.75,145.2,149.31,3646582.777
2024-06-12 00:00:00+00:00,149.31,161.84,145.44,155.22,3851856.394
2024-06-13 00:00:00+00:00,155.21,155.21,146.03,147.29,2573289.111
2024-06-14 00:00:00+00:00,147.29,149.0,139.67,143.05,3183461.493
2024-06-15 00:00:00+00:00,143.04,145.78,142.92,145.52,1346924.922
2024-06-16 00:00:00+00:00,145.52,151.35,143.08,151.3,1405879.427
2024-06-17 00:00:00+00:00,151.3,151.79,139.85,143.27,3412959.812
2024-06-18 00:00:00+00:00,143.28,143.82,127.95,137.41,6557976.71
2024-06-19 00:00:00+00:00,137.41,141.9,134.47,135.62,3536777.468
2024-06-20 00:00:00+00:00,135.62,141.29,131.9,133.55,3507680.508
2024-06-21 00:00:00+00:00,133.55,135.38,128.76,134.6,3230074.027
2024-06-22 00:00:00+00:00,134.61,136.74,133.0,133.69,1399215.891
2024-06-23 00:00:00+00:00,133.7,135.09,128.22,128.69,1492401.231
2024-06-24 00:00:00+00:00,128.68,132.66,122.0,132.33,5583497.777
2024-06-25 00:00:00+00:00,132.34,139.9,131.2,136.58,3963661.704
2024-06-26 00:00:00+00:00,136.57,140.41,134.85,136.81,2503428.066
2024-06-27 00:00:00+00:00,136.81,151.21,135.2,149.71,4450967.436
2024-06-28 00:00:00+00:00,149.71,150.84,139.01,140.03,3339031.267
2024-06-29 00:00:00+00:00,140.03,143.26,139.67,140.28,1468985.543
2024-06-30 00:00:00+00:00,140.28,147.62,137.09,146.61,2086670.189
2024-07-01 00:00:00+00:00,146.61,149.36,145.87,146.67,2280252.836
2024-07-02 00:00:00+00:00,146.68,155.0,146.14,154.03,2776061.292
2024-07-03 00:00:00+00:00,154.03,154.5,139.01,140.84,4189341.933
2024-07-04 00:00:00+00:00,140.84,142.75,127.2,127.86,5230812.158
2024-07-05 00:00:00+00:00,127.85,136.58,121.0,134.32,7669471.231
2024-07-06 00:00:00+00:00,134.32,144.35,132.33,143.05,2873919.136
2024-07-07 00:00:00+00:00,143.05,143.33,131.23,131.64,2590805.369
2024-07-08 00:00:00+00:00,131.64,142.0,127.77,139.81,5708358.008
2024-07-09 00:00:00+00:00,139.81,144.33,136.45,141.42,3363673.606
2024-07-10 00:00:00+00:00,141.43,146.2,138.6,141.98,2700825.893
2024-07-11 00:00:00+00:00,141.99,146.1,135.64,135.73,3363094.13
2024-07-12 00:00:00+00:00,135.73,140.55,133.92,139.46,2929528.431
2024-07-13 00:00:00+00:00,139.47,143.6,137.94,141.9,1357177.621
2024-07-14 00:00:00+00:00,141.89,148.56,141.87,147.66,2997466.757
2024-07-15 00:00:00+00:00,147.66,159.95,147.0,159.38,3428848.522
2024-07-16 00:00:00+00:00,159.37,162.49,152.57,160.62,3988105.454
2024-07-17 00:00:00+00:00,160.62,163.8,154.68,155.5,2840583.09
2024-07-18 00:00:00+00:00,155.5,161.6,155.07,159.22,2584704.124
2024-07-19 00:00:00+00:00,159.22,172.42,156.07,169.13,4685513.24
2024-07-20 00:00:00+00:00,169.12,175.1,167.27,173.6,2047796.046
2024-07-21 00:00:00+00:00,173.6,185.17,170.27,184.49,3684536.411
2024-07-22 00:00:00+00:00,184.49,185.0,176.71,178.9,3345609.525
2024-07-23 00:00:00+00:00,178.9,180.54,169.72,173.03,3895827.332
2024-07-24 00:00:00+00:00,173.03,182.5,170.9,178.06,3845177.713
2024-07-25 00:00:00+00:00,178.07,179.59,165.42,171.85,4859387.428
2024-07-26 00:00:00+00:00,171.86,185.01,171.69,183.06,3030603.246
2024-07-27 00:00:00+00:00,183.07,188.33,178.11,183.92,3518852.056
2024-07-28 00:00:00+00:00,183.92,186.77,181.16,184.9,1901473.957
2024-07-29 00:00:00+00:00,184.91,193.98,181.57,182.57,4024560.314
2024-07-30 00:00:00+00:00,182.57,184.95,175.39,179.16,3074498.493
2024-07-31 00:00:00+00:00,179.16,185.1,171.61,171.71,3250862.527
2024-08-01 00:00:00+00:00,171.7,172.91,157.91,167.37,5523497.615
2024-08-02 00:00:00+00:00,167.37,169.43,150.0,152.77,5553017.934
2024-08-03 00:00:00+00:00,152.78,154.05,140.0,142.52,5444954.693
2024-08-04 00:00:00+00:00,142.53,146.08,131.22,138.33,7037715.285
2024-08-05 00:00:00+00:00,138.32,139.37,110.0,129.78,24267557.819
2024-08-06 00:00:00+00:00,129.79,149.59,129.4,144.4,8362643.634
2024-08-07 00:00:00+00:00,144.4,155.0,142.21,144.77,8372307.587
2024-08-08 00:00:00+00:00,144.78,163.7,141.4,163.13,7303133.96
2024-08-09 00:00:00+00:00,163.12,163.54,150.72,156.28,4098735.233
2024-08-10 00:00:00+00:00,156.29,158.75,152.54,154.01,1885839.233
2024-08-11 00:00:00+00:00,154.01,158.0,141.2,141.57,3468314.255
2024-08-12 00:00:00+00:00,141.56,150.79,141.2,146.29,4946945.239
2024-08-13 00:00:00+00:00,146.29,149.82,142.92,146.65,2865655.423
2024-08-14 00:00:00+00:00,146.65,152.18,142.36,143.71,3927148.647
2024-08-15 00:00:00+00:00,143.7,147.64,137.78,142.58,4229038.816
2024-08-16 00:00:00+00:00,142.58,144.88,136.1,139.04,4035320.605
2024-08-17 00:00:00+00:00,139.04,141.99,137.61,141.93,1561594.103
2024-08-18 00:00:00+00:00,141.92,147.31,140.56,142.42,2352046.743
2024-08-19 00:00:00+00:00,142.42,146.19,140.33,144.29,2940357.953
2024-08-20 00:00:00+00:00,144.28,148.83,141.0,142.27,3021467.596
2024-08-21 00:00:00+00:00,142.27,144.42,138.7,142.79,2519581.859
2024-08-22 00:00:00+00:00,142.78,144.88,140.63,143.22,1825402.718
2024-08-23 00:00:00+00:00,143.23,154.08,142.68,153.26,3781090.162
2024-08-24 00:00:00+00:00,153.27,162.3,151.97,160.67,3739086.949
2024-08-25 00:00:00+00:00,160.67,162.0,155.25,158.92,2629083.703
2024-08-26 00:00:00+00:00,158.92,162.0,155.53,157.12,3318398.041
2024-08-27 00:00:00+00:00,157.12,159.69,145.03,146.79,3650375.766
2024-08-28 00:00:00+00:00,146.78,149.3,140.53,143.95,4270867.034
2024-08-29 00:00:00+00:00,143.96,147.36,138.05,140.0,2921816.829
2024-08-30 00:00:00+00:00,140.01,141.11,132.04,137.99,4038797.169
2024-08-31 00:00:00+00:00,137.99,139.23,134.49,135.35,1230210.745
2024-09-01 00:00:00+00:00,135.35,136.15,127.66,128.5,2928444.741
2024-09-02 00:00:00+00:00,128.5,135.39,126.8,134.94,3146315.554
2024-09-03 00:00:00+00:00,134.95,138.13,127.15,127.54,2627381.925
2024-09-04 00:00:00+00:00,127.54,134.98,122.6,133.64,3814059.109
2024-09-05 00:00:00+00:00,133.64,135.58,127.85,129.41,2762037.052
2024-09-06 00:00:00+00:00,129.4,134.29,120.0,125.05,5494252.37
2024-09-07 00:00:00+00:00,125.05,129.5,124.13,127.71,2111596.965
2024-09-08 00:00:00+00:00,127.72,131.7,126.61,130.15,1971919.866
2024-09-09 00:00:00+00:00,130.15,137.09,126.96,135.08,3664956.878
2024-09-10 00:00:00+00:00,135.07,138.0,132.5,135.63,2305171.22
2024-09-11 00:00:00+00:00,135.64,135.91,128.2,132.42,3139383.418
2024-09-12 00:00:00+00:00,132.43,136.78,132.38,136.05,2273359.309
2024-09-13 00:00:00+00:00,136.06,139.8,131.7,139.02,2714532.025
2024-09-14 00:00:00+00:00,139.02,139.8,135.6,137.14,1396833.298
2024-09-15 00:00:00+00:00,137.15,137.95,130.43,131.37,1850456.74
2024-09-16 00:00:00+00:00,131.38,132.4,128.91,131.47,2136388.305
2024-09-17 00:00:00+00:00,131.47,135.55,130.12,131.54,2339845.911
2024-09-18 00:00:00+00:00,131.54,134.45,127.07,134.34,3309787.258
2024-09-19 00:00:00+00:00,134.34,144.04,134.27,142.89,4130435.35
2024-09-20 00:00:00+00:00,142.88,152.5,141.18,146.66,4488100.615
2024-09-21 00:00:00+00:00,146.67,150.25,144.61,149.41,1916733.216
2024-09-22 00:00:00+00:00,149.42,149.92,141.12,144.63,2165962.888
2024-09-23 00:00:00+00:00,144.64,149.07,142.13,144.79,3226373.773
2024-09-24 00:00:00+00:00,144.79,154.0,143.09,152.73,4015502.931
2024-09-25 00:00:00+00:00,152.74,153.93,147.28,147.98,2728253.346
2024-09-26 00:00:00+00:00,147.97,158.05,146.57,155.55,4251220.763
2024-09-27 00:00:00+00:00,155.54,161.43,153.89,157.64,3725660.998
2024-09-28 00:00:00+00:00,157.63,159.43,155.0,156.75,1580834.341
2024-09-29 00:00:00+00:00,156.75,161.78,155.09,158.46,2350658.476
2024-09-30 00:00:00+00:00,158.47,159.77,151.73,152.49,3240682.206
2024-10-01 00:00:00+00:00,152.51,157.34,142.29,145.13,4991241.419
2024-10-02 00:00:00+00:00,145.12,148.96,138.61,140.18,3817606.119
2024-10-03 00:00:00+00:00,140.18,142.96,133.11,136.82,3742347.845
2024-10-04 00:00:00+00:00,136.81,144.55,135.95,143.24,3120151.953
2024-10-05 00:00:00+00:00,143.24,144.93,141.06,142.59,1475217.816
2024-10-06 00:00:00+00:00,142.59,146.75,142.0,146.48,1409071.4
2024-10-07 00:00:00+00:00,146.47,152.4,143.5,143.96,3607754.951
2024-10-08 00:00:00+00:00,143.97,145.6,141.17,143.49,2153828.153
2024-10-09 00:00:00+00:00,143.5,145.34,138.66,139.33,2071518.061
2024-10-10 00:00:00+00:00,139.33,140.92,135.52,139.03,2289782.907
2024-10-11 00:00:00+00:00,139.04,146.62,138.68,145.53,2269088.918
2024-10-12 00:00:00+00:00,145.52,147.32,144.71,146.4,1347679.548
2024-10-13 00:00:00+00:00,146.39,148.86,144.45,147.74,1599054.833
2024-10-14 00:00:00+00:00,147.74,158.1,146.8,157.59,3987055.145
2024-10-15 00:00:00+00:00,157.59,159.73,150.3,154.76,4480025.111
2024-10-16 00:00:00+00:00,154.76,158.41,153.0,154.28,2851816.35
2024-10-17 00:00:00+00:00,154.28,155.73,147.66,150.5,2664809.948
2024-10-18 00:00:00+00:00,150.5,156.65,149.56,154.94,1829394.118
2024-10-19 00:00:00+00:00,154.93,159.85,153.45,159.79,1724504.166
2024-10-20 00:00:00+00:00,159.79,167.94,157.58,167.4,3094698.825
2024-10-21 00:00:00+00:00,167.4,171.76,160.99,166.17,4807758.742
2024-10-22 00:00:00+00:00,166.16,170.99,162.99,167.59,4115685.502
2024-10-23 00:00:00+00:00,167.6,174.3,164.13,170.85,4509792.292
2024-10-24 00:00:00+00:00,170.86,179.3,170.5,177.19,3893052.12
2024-10-25 00:00:00+00:00,177.19,177.6,159.12,164.9,5718307.066
2024-10-26 00:00:00+00:00,164.91,173.25,162.43,170.88,3010702.796
2024-10-27 00:00:00+00:00,170.87,178.27,170.26,176.63,2606131.771
2024-10-28 00:00:00+00:00,176.63,179.8,172.45,178.29,3877330.221
2024-10-29 00:00:00+00:00,178.28,183.38,176.41,179.42,4046109.939
2024-10-30 00:00:00+00:00,179.43,181.36,173.01,174.87,2893112.751
2024-10-31 00:00:00+00:00,174.87,176.56,167.56,168.69,2661529.298
2024-11-01 00:00:00+00:00,168.69,174.0,163.43,166.1,3325662.447
2024-11-02 00:00:00+00:00,166.11,168.61,162.11,166.17,1603273.603
2024-11-03 00:00:00+00:00,166.16,166.61,157.82,162.53,2745309.829
2024-11-04 00:00:00+00:00,162.52,165.04,155.11,157.95,3019251.325
2024-11-05 00:00:00+00:00,157.95,169.3,156.86,166.62,3438156.871
2024-11-06 00:00:00+00:00,166.63,190.01,166.4,186.59,10385235.992
2024-11-07 00:00:00+00:00,186.59,197.84,185.84,196.35,4210329.82
2024-11-08 00:00:00+00:00,196.36,205.0,195.64,199.85,5129244.188
2024-11-09 00:00:00+00:00,199.86,203.45,194.86,199.89,2833304.996
2024-11-10 00:00:00+00:00,199.89,215.27,198.68,210.07,7968628.23
2024-11-11 00:00:00+00:00,210.07,224.0,204.16,222.13,8935306.968
2024-11-12 00:00:00+00:00,222.12,225.21,204.71,211.64,9001990.659
2024-11-13 00:00:00+00:00,211.63,220.44,200.67,215.13,10834052.799
2024-11-14 00:00:00+00:00,215.14,222.8,206.78,209.57,7458523.708
2024-11-15 00:00:00+00:00,209.57,220.5,204.48,218.45,5271091.924
2024-11-16 00:00:00+00:00,218.44,221.99,213.35,215.71,4204469.3
2024-11-17 00:00:00+00:00,215.72,242.33,212.1,237.47,8433424.204
2024-11-18 00:00:00+00:00,237.47,248.44,234.01,239.79,7485850.361
2024-11-19 00:00:00+00:00,239.79,247.5,233.4,237.63,5595613.402
2024-11-20 00:00:00+00:00,237.64,242.54,230.37,235.48,5472203.476
2024-11-21 00:00:00+00:00,235.48,259.8,229.6,256.37,8595939.994
2024-11-22 00:00:00+00:00,256.38,264.39,251.47,256.9,5155181.905
2024-11-23 00:00:00+00:00,256.9,264.0,252.69,254.89,4836783.227
2024-11-24 00:00:00+00:00,254.9,259.78,240.93,252.73,3665245.812
2024-11-25 00:00:00+00:00,252.74,256.7,231.21,234.18,4699636.317
2024-11-26 00:00:00+00:00,234.18,239.66,221.8,230.69,5012621.456
2024-11-27 00:00:00+00:00,230.69,243.33,227.51,241.96,3807284.297
2024-11-28 00:00:00+00:00,241.96,245.28,232.8,237.59,2694033.06
2024-11-29 00:00:00+00:00,237.58,246.77,236.55,243.33,2890806.079
2024-11-30 00:00:00+00:00,243.33,245.4,237.5,237.6,2279256.816
2024-12-01 00:00:00+00:00,237.6,239.89,234.1,236.8,2435872.954
2024-12-02 00:00:00+00:00,236.79,238.2,220.0,225.72,5868060.275
2024-12-03 00:00:00+00:00,225.73,239.6,215.0,233.92,6918604.728
2024-12-04 00:00:00+00:00,233.92,241.0,224.67,229.15,4966864.205
2024-12-05 00:00:00+00:00,229.15,244.77,222.95,235.84,7391549.993
2024-12-06 00:00:00+00:00,235.84,247.0,230.92,236.87,5136553.827
2024-12-07 00:00:00+00:00,236.87,243.61,234.12,238.14,2933621.438
2024-12-08 00:00:00+00:00,238.14,241.51,233.22,237.02,2222837.551
2024-12-09 00:00:00+00:00,237.02,237.28,203.0,216.63,7391583.708
2024-12-10 00:00:00+00:00,216.62,221.06,203.21,213.6,7018707.73
2024-12-11 00:00:00+00:00,213.6,230.65,211.51,227.29,4688484.808
2024-12-12 00:00:00+00:00,227.29,234.69,225.67,226.96,3559104.067
2024-12-13 00:00:00+00:00,226.95,228.44,220.6,224.79,2889526.771
2024-12-14 00:00:00+00:00,224.79,227.51,215.13,219.93,2155654.471
2024-12-15 00:00:00+00:00,219.94,225.5,215.68,224.27,2130908.009
2024-12-16 00:00:00+00:00,224.26,227.56,213.26,216.19,3863409.201
2024-12-17 00:00:00+00:00,216.19,228.95,211.36,223.15,5177736.748
2024-12-18 00:00:00+00:00,223.16,226.04,204.8,206.53,5565926.563
2024-12-19 00:00:00+00:00,206.53,212.14,187.0,193.81,7402649.886
2024-12-20 00:00:00+00:00,193.82,199.81,175.26,194.48,9793383.668
2024-12-21 00:00:00+00:00,194.48,201.98,178.3,181.45,5243572.617
2024-12-22 00:00:00+00:00,181.46,187.87,176.88,180.52,3573368.972
2024-12-23 00:00:00+00:00,180.53,193.48,176.48,190.11,4217664.03
2024-12-24 00:00:00+00:00,190.12,199.0,186.13,197.09,2709577.672
2024-12-25 00:00:00+00:00,197.09,201.85,195.0,197.44,1958644.487
2024-12-26 00:00:00+00:00,197.45,199.71,186.54,188.46,2045566.1
2024-12-27 00:00:00+00:00,188.46,194.39,182.74,184.22,1946509.645
2024-12-28 00:00:00+00:00,184.22,196.1,183.82,195.5,1494847.867
2024-12-29 00:00:00+00:00,195.5,197.71,188.57,189.94,1560190.019
2024-12-30 00:00:00+00:00,189.94,196.47,185.89,191.38,2415985.488
2024-12-31 00:00:00+00:00,191.37,199.27,188.04,189.31,2461978.262
2025-01-01 00:00:00+00:00,189.31,195.33,188.0,194.28,1655160.102
2025-01-02 00:00:00+00:00,194.28,210.48,193.43,208.31,3224923.982
2025-01-03 00:00:00+00:00,208.3,219.83,205.63,217.99,3251086.556
2025-01-04 00:00:00+00:00,218.0,218.18,213.54,216.67,1943711.39
2025-01-05 00:00:00+00:00,216.67,219.05,211.46,213.41,2101040.545
2025-01-06 00:00:00+00:00,213.41,223.18,211.56,218.22,2855362.858
2025-01-07 00:00:00+00:00,218.22,219.11,201.8,202.17,3742298.284
2025-01-08 00:00:00+00:00,202.17,203.28,188.34,197.48,4446830.23
2025-01-09 00:00:00+00:00,197.48,199.06,182.0,184.95,3607147.193
2025-01-10 00:00:00+00:00,184.96,193.02,183.51,187.68,3642892.082
2025-01-11 00:00:00+00:00,187.69,191.91,184.01,188.09,2204486.056
2025-01-12 00:00:00+00:00,188.09,191.0,185.17,188.51,1330917.135
2025-01-13 00:00:00+00:00,188.5,191.99,168.88,182.87,5669925.613
2025-01-14 00:00:00+00:00,182.86,190.11,181.88,187.57,2737355.064
2025-01-15 00:00:00+00:00,187.57,206.04,185.84,205.86,3768610.58
2025-01-16 00:00:00+00:00,205.86,217.14,198.47,211.14,5710255.657
2025-01-17 00:00:00+00:00,211.15,222.11,209.84,219.51,4384472.838
2025-01-18 00:00:00+00:00,219.52,270.67,217.29,261.97,19971981.58
2025-01-19 00:00:00+00:00,261.97,295.83,236.68,252.42,25051667.6
2025-01-20 00:00:00+00:00,252.4,273.29,229.44,242.19,16879575.561
2025-01-21 00:00:00+00:00,242.18,260.06,230.0,250.33,7882737.257
2025-01-22 00:00:00+00:00,250.33,272.03,248.43,257.36,6223427.616
2025-01-23 00:00:00+00:00,257.37,258.48,242.19,253.11,6802762.723
2025-01-24 00:00:00+00:00,253.12,270.18,247.18,253.37,5214294.569
2025-01-25 00:00:00+00:00,253.36,260.78,246.33,256.41,3703989.301
2025-01-26 00:00:00+00:00,256.4,260.16,240.32,240.5,3028015.524
2025-01-27 00:00:00+00:00,240.49,242.68,220.89,234.89,8916620.842
2025-01-28 00:00:00+00:00,234.9,244.0,225.01,227.06,3483450.087
2025-01-29 00:00:00+00:00,227.06,238.49,222.63,228.16,3844193.838
2025-01-30 00:00:00+00:00,228.16,244.7,226.84,238.31,3341265.973
2025-01-31 00:00:00+00:00,238.3,241.82,228.24,231.77,2942165.567
2025-02-01 00:00:00+00:00,231.77,236.46,212.74,213.03,2849748.65
2025-02-02 00:00:00+00:00,213.03,218.9,192.31,203.51,7255500.333
2025-02-03 00:00:00+00:00,203.52,218.7,175.89,216.28,12836970.265
2025-02-04 00:00:00+00:00,216.27,219.97,201.87,206.64,6024194.387
2025-02-05 00:00:00+00:00,206.64,209.39,195.14,196.12,3154802.037
2025-02-06 00:00:00+00:00,196.12,203.98,187.39,189.54,3444767.147
2025-02-07 00:00:00+00:00,189.53,203.42,188.12,191.99,3925596.773
2025-02-08 00:00:00+00:00,192.0,200.88,189.81,199.32,1967596.752
2025-02-09 00:00:00+00:00,199.32,207.37,193.53,200.47,2879138.46
2025-02-10 00:00:00+00:00,200.47,209.05,195.85,200.47,4040840.548
2025-02-11 00:00:00+00:00,200.47,206.18,195.12,197.96,3930238.335
2025-02-12 00:00:00+00:00,197.95,198.56,188.48,196.78,3898533.321
2025-02-13 00:00:00+00:00,196.78,198.47,188.78,194.25,2427771.876
2025-02-14 00:00:00+00:00,194.24,205.34,194.11,199.39,3727686.063
2025-02-15 00:00:00+00:00,199.4,200.27,192.61,194.48,1633300.399
2025-02-16 00:00:00+00:00,194.47,196.24,186.3,188.27,2009380.862
2025-02-17 00:00:00+00:00,188.26,189.72,174.63,177.53,4287573.73
2025-02-18 00:00:00+00:00,177.53,179.09,160.88,169.32,6319186.166
2025-02-19 00:00:00+00:00,169.32,174.3,163.75,168.93,3478319.262
2025-02-20 00:00:00+00:00,168.94,176.65,167.66,176.0,2938753.335
2025-02-21 00:00:00+00:00,176.0,180.52,167.15,168.94,4103682.857
2025-02-22 00:00:00+00:00,168.94,174.68,168.07,172.07,1886813.457
2025-02-23 00:00:00+00:00,172.07,173.07,166.42,167.94,1488310.759
2025-02-24 00:00:00+00:00,167.94,169.69,138.0,141.81,7997237.915
2025-02-25 00:00:00+00:00,141.81,147.09,131.91,144.33,11747010.145
2025-02-26 00:00:00+00:00,144.33,145.19,130.65,135.32,5368401.059
2025-02-27 00:00:00+00:00,135.33,142.9,134.71,137.68,4322990.459
2025-02-28 00:00:00+00:00,137.68,148.72,125.55,148.18,10039960.613
2025-03-01 00:00:00+00:00,148.18,151.25,138.57,143.66,4151855.758
2025-03-02 00:00:00+00:00,143.66,179.85,140.04,178.71,13474639.846
2025-03-03 00:00:00+00:00,178.72,179.47,139.21,142.16,11096202.04
2025-03-04 00:00:00+00:00,142.16,147.0,130.66,144.79,10389598.334
2025-03-05 00:00:00+00:00,144.8,149.73,140.18,146.28,4895520.585
2025-03-06 00:00:00+00:00,146.27,152.9,142.44,143.31,4451879.661
2025-03-07 00:00:00+00:00,143.3,150.88,135.04,139.39,7267412.771
2025-03-08 00:00:00+00:00,139.39,141.09,135.29,137.01,2135751.393
2025-03-09 00:00:00+00:00,137.01,139.88,125.41,126.51,3909495.652
2025-03-10 00:00:00+00:00,126.52,131.57,115.47,118.32,6654109.331
2025-03-11 00:00:00+00:00,118.32,128.43,112.0,125.35,6435277.863
2025-03-12 00:00:00+00:00,125.35,131.33,121.22,126.62,4410502.14
2025-03-13 00:00:00+00:00,126.61,128.76,120.76,123.37,2824584.961
2025-03-14 00:00:00+00:00,123.36,136.03,122.98,133.54,3607725.492
2025-03-15 00:00:00+00:00,133.53,136.53,132.44,135.86,1918077.49
2025-03-16 00:00:00+00:00,135.86,136.71,125.21,126.13,2764260.892
2025-03-17 00:00:00+00:00,126.13,130.64,125.55,128.01,2707611.094
2025-03-18 00:00:00+00:00,128.01,128.19,121.76,125.33,3181789.699
2025-03-19 00:00:00+00:00,125.33,136.08,124.2,135.33,4170497.991
2025-03-20 00:00:00+00:00,135.33,136.12,126.65,127.6,2593287.986
2025-03-21 00:00:00+00:00,127.6,130.18,124.81,128.48,2400422.348
2025-03-22 00:00:00+00:00,128.47,131.84,127.8,128.51,1498168.196
2025-03-23 00:00:00+00:00,128.5,134.06,128.21,132.84,1763485.986
2025-03-24 00:00:00+00:00,132.85,144.96,132.04,141.01,4554131.645
2025-03-25 00:00:00+00:00,141.01,147.48,138.17,143.64,3529958.67
2025-03-26 00:00:00+00:00,143.64,145.49,135.89,137.34,3099523.287
2025-03-27 00:00:00+00:00,137.35,140.22,135.63,138.43,2466162.683
2025-03-28 00:00:00+00:00,138.44,139.05,127.69,129.49,3892191.365
2025-03-29 00:00:00+00:00,129.5,130.54,122.68,124.58,2610065.515
2025-03-30 00:00:00+00:00,124.58,127.08,123.0,124.82,1743775.296
2025-03-31 00:00:00+00:00,124.83,127.81,122.75,124.54,3730628.853
2025-04-01 00:00:00+00:00,124.53,130.55,123.74,126.67,3554277.848
2025-04-02 00:00:00+00:00,126.68,136.21,117.0,117.42,6288908.68
2025-04-03 00:00:00+00:00,117.42,120.94,112.24,117.17,5854867.278
2025-04-04 00:00:00+00:00,117.17,124.0,113.25,122.79,5721072.32
2025-04-05 00:00:00+00:00,122.8,122.85,117.15,120.32,1784381.3
2025-04-06 00:00:00+00:00,120.33,121.13,103.81,105.91,4934346.985
2025-04-07 00:00:00+00:00,105.9,113.0,95.26,106.99,12630664.993
2025-04-08 00:00:00+00:00,106.98,112.58,102.96,105.4,5839129.782
2025-04-09 00:00:00+00:00,105.4,121.0,101.26,119.05,9334586.139
2025-04-10 00:00:00+00:00,119.05,119.3,108.21,112.81,5566324.629
2025-04-11 00:00:00+00:00,112.8,122.65,112.16,121.41,4344066.889
2025-04-12 00:00:00+00:00,121.41,134.11,119.41,132.24,4620265.855
2025-04-13 00:00:00+00:00,132.24,133.96,125.32,128.38,4054370.603
2025-04-14 00:00:00+00:00,128.38,136.13,127.98,129.42,4150251.45
2025-04-15 00:00:00+00:00,129.41,134.45,125.82,126.11,3431482.497
2025-04-16 00:00:00+00:00,126.1,133.91,123.49,131.33,5320768.994
2025-04-17 00:00:00+00:00,131.33,136.2,129.5,134.83,3817459.718
2025-04-18 00:00:00+00:00,134.84,136.02,132.47,134.04,2556341.874
2025-04-19 00:00:00+00:00,134.05,140.5,133.58,139.87,2816038.068
2025-04-20 00:00:00+00:00,139.86,141.96,135.64,137.86,3498098.615
2025-04-21 00:00:00+00:00,137.86,143.25,133.82,136.56,4657400.503
2025-04-22 00:00:00+00:00,136.57,150.23,134.68,148.79,5078409.536
2025-04-23 00:00:00+00:00,148.78,154.21,147.13,151.1,4801378.47
2025-04-24 00:00:00+00:00,151.1,152.9,144.87,152.55,3535860.484
2025-04-25 00:00:00+00:00,152.55,157.0,149.87,150.82,4226767.973
2025-04-26 00:00:00+00:00,150.82,153.17,147.75,149.21,1766805.88
2025-04-27 00:00:00+00:00,149.22,150.41,145.51,147.98,1599977.891
2025-04-28 00:00:00+00:00,147.97,153.4,144.63,147.84,3507950.445
2025-04-29 00:00:00+00:00,147.84,150.39,145.0,146.31,2498992.492
2025-04-30 00:00:00+00:00,146.3,148.67,140.32,147.54,2780816.363
2025-05-01 00:00:00+00:00,147.54,153.99,147.54,150.85,3037281.454
2025-05-02 00:00:00+00:00,150.85,151.91,147.3,148.05,2216263.073
2025-05-03 00:00:00+00:00,148.04,149.05,145.82,146.71,1406583.56
2025-05-04 00:00:00+00:00,146.71,147.81,143.5,143.95,1613358.553
2025-05-05 00:00:00+00:00,143.94,147.73,142.5,146.72,2030995.801
2025-05-06 00:00:00+00:00,146.72,147.23,141.41,146.88,2352310.935
2025-05-07 00:00:00+00:00,146.89,149.54,144.68,147.32,2440566.284
2025-05-08 00:00:00+00:00,147.32,164.6,147.08,164.46,6040622.618
2025-05-09 00:00:00+00:00,164.46,176.15,161.07,172.78,6318574.649
2025-05-10 00:00:00+00:00,172.77,178.98,168.72,177.89,3339701.179
2025-05-11 00:00:00+00:00,177.89,180.26,169.35,173.19,3210729.52
2025-05-12 00:00:00+00:00,173.2,181.46,168.31,174.22,6245732.977
2025-05-13 00:00:00+00:00,174.22,184.83,166.18,183.75,4587043.398
2025-05-14 00:00:00+00:00,183.75,184.88,173.23,176.64,3619155.253
2025-05-15 00:00:00+00:00,176.63,178.33,166.7,169.16,3546037.724
2025-05-16 00:00:00+00:00,169.16,174.21,166.36,167.4,2766386.671
2025-05-17 00:00:00+00:00,167.4,169.99,164.01,165.94,2262121.706
2025-05-18 00:00:00+00:00,165.94,176.77,164.54,173.3,3194610.936
2025-05-19 00:00:00+00:00,173.3,173.94,159.44,166.86,4076352.744
2025-05-20 00:00:00+00:00,166.87,173.11,164.51,168.59,3135420.426
2025-05-21 00:00:00+00:00,168.59,175.99,165.51,173.53,4400610.4
2025-05-22 00:00:00+00:00,173.54,180.87,172.59,179.68,3608222.862
2025-05-23 00:00:00+00:00,179.68,187.71,173.23,174.01,6112910.776
2025-05-24 00:00:00+00:00,174.0,178.33,172.5,175.87,2317965.021
2025-05-25 00:00:00+00:00,175.87,176.88,169.14,175.74,2530363.859
2025-05-26 00:00:00+00:00,175.75,179.02,173.48,174.91,2214724.796
2025-05-27 00:00:00+00:00,174.92,179.41,171.24,176.71,2568509.368
2025-05-28 00:00:00+00:00,176.72,177.45,168.92,172.21,2534660.877
2025-05-29 00:00:00+00:00,172.22,175.34,165.96,166.71,2641789.968
2025-05-30 00:00:00+00:00,166.71,167.51,155.22,156.2,3770279.512
2025-05-31 00:00:00+00:00,156.2,158.01,152.14,156.45,2352257.752
2025-06-01 00:00:00+00:00,156.45,157.92,150.59,157.68,2042131.041
2025-06-02 00:00:00+00:00,157.68,158.93,151.67,156.83,2502052.191
2025-06-03 00:00:00+00:00,156.83,163.64,154.14,155.19,2849585.145
2025-06-04 00:00:00+00:00,155.19,157.97,152.94,153.26,1990646.424
2025-06-05 00:00:00+00:00,153.27,154.61,141.53,144.29,4258041.075
2025-06-06 00:00:00+00:00,144.28,152.39,144.11,147.83,2167791.114
2025-06-07 00:00:00+00:00,147.82,152.84,146.84,150.06,1408204.615
2025-06-08 00:00:00+00:00,150.07,155.3,147.88,152.45,1564000.366
2025-06-09 00:00:00+00:00,152.45,161.73,149.58,161.16,3079728.265
2025-06-10 00:00:00+00:00,161.16,165.67,156.32,165.12,3589559.163
2025-06-11 00:00:00+00:00,165.12,168.36,159.21,160.97,4019424.999
2025-06-12 00:00:00+00:00,160.98,161.28,152.02,152.32,2883476.685
2025-06-13 00:00:00+00:00,152.32,152.59,140.21,148.6,5339782.783
2025-06-14 00:00:00+00:00,148.6,148.7,141.97,144.64,1679994.751
2025-06-15 00:00:00+00:00,144.65,153.54,144.22,152.97,2831999.616
2025-06-16 00:00:00+00:00,152.97,158.8,150.3,150.72,3573196.785
2025-06-17 00:00:00+00:00,150.73,154.33,145.61,147.57,3395648.859
2025-06-18 00:00:00+00:00,147.58,149.28,143.65,146.34,2800908.98
2025-06-19 00:00:00+00:00,146.35,147.9,142.92,147.04,2285335.729
2025-06-20 00:00:00+00:00,147.04,148.81,135.69,140.11,3393327.209
2025-06-21 00:00:00+00:00,140.11,142.6,130.9,135.43,2826424.143
2025-06-22 00:00:00+00:00,135.43,137.62,126.0,131.71,4252120.023
2025-06-23 00:00:00+00:00,131.71,146.92,130.68,144.51,4573147.667
2025-06-24 00:00:00+00:00,144.51,146.77,142.31,145.92,2741809.086
2025-06-25 00:00:00+00:00,145.93,147.95,142.25,143.57,2233601.909
2025-06-26 00:00:00+00:00,143.57,148.0,138.62,139.06,2522507.942
2025-06-27 00:00:00+00:00,139.05,144.85,137.14,142.09,2471847.15
2025-06-28 00:00:00+00:00,142.09,152.7,141.13,150.72,2657836.682
2025-06-29 00:00:00+00:00,150.73,154.77,149.36,153.32,2150026.172
2025-06-30 00:00:00+00:00,153.32,159.99,149.45,154.81,3871390.335
2025-07-01 00:00:00+00:00,154.82,155.64,144.85,146.88,2770862.174
2025-07-02 00:00:00+00:00,146.87,154.47,145.85,152.27,2652574.279
2025-07-03 00:00:00+00:00,152.28,156.35,149.86,152.36,2686218.205
2025-07-04 00:00:00+00:00,152.35,153.88,145.22,147.7,2308086.736
2025-07-05 00:00:00+00:00,147.69,148.7,145.9,147.55,1173963.86
2025-07-06 00:00:00+00:00,147.55,153.89,146.78,151.86,2486859.718
2025-07-07 00:00:00+00:00,151.86,153.6,147.7,148.88,2174727.723
2025-07-08 00:00:00+00:00,148.89,152.88,147.85,151.67,2712869.323
2025-07-09 00:00:00+00:00,151.68,157.93,150.53,157.05,2907219.748
2025-07-10 00:00:00+00:00,157.06,165.43,155.64,164.34,3428382.349
2025-07-11 00:00:00+00:00,164.33,168.2,159.54,162.93,4354179.713
2025-07-12 00:00:00+00:00,162.92,163.9,157.74,160.69,2043211.942
2025-07-13 00:00:00+00:00,160.7,164.19,159.63,161.15,1929745.851
2025-07-14 00:00:00+00:00,161.15,168.65,160.61,162.21,3973706.533
2025-07-15 00:00:00+00:00,162.21,164.26,157.23,163.98,3665295.753
2025-07-16 00:00:00+00:00,163.98,176.0,161.51,173.63,5020288.123
2025-07-17 00:00:00+00:00,173.62,178.19,168.71,175.87,4491555.727
2025-07-18 00:00:00+00:00,175.88,184.67,173.24,177.28,5191853.168
2025-07-19 00:00:00+00:00,177.28,178.61,174.0,176.96,2059315.008
2025-07-20 00:00:00+00:00,176.97,183.66,176.33,181.43,3694854.915
2025-07-21 00:00:00+00:00,181.44,199.28,178.25,195.72,6495907.179
2025-07-22 00:00:00+00:00,195.72,206.3,193.75,205.7,8635627.173
2025-07-23 00:00:00+00:00,205.7,205.75,183.97,189.4,5548137.499
2025-07-24 00:00:00+00:00,189.4,191.87,179.21,182.87,5217064.871
2025-07-25 00:00:00+00:00,182.88,186.85,175.63,186.76,4481310.44
2025-07-26 00:00:00+00:00,186.75,189.78,184.29,184.88,1773453.875
2025-07-27 00:00:00+00:00,184.89,190.7,184.53,188.64,2233060.133
2025-07-28 00:00:00+00:00,188.64,195.26,182.16,183.11,4067872.127
2025-07-29 00:00:00+00:00,183.1,186.68,178.3,181.48,2541912.036
2025-07-30 00:00:00+00:00,181.47,182.56,170.29,177.77,3297250.187
2025-07-31 00:00:00+00:00,177.77,182.7,171.44,172.22,2624841.783
2025-08-01 00:00:00+00:00,172.22,172.26,159.2,162.71,4317529.315
2025-08-02 00:00:00+00:00,162.71,165.3,155.83,158.48,2208175.075
2025-08-03 00:00:00+00:00,158.49,163.14,156.28,161.97,2297909.311
2025-08-04 00:00:00+00:00,161.98,169.8,161.26,169.55,2688954.158
2025-08-05 00:00:00+00:00,169.55,171.73,161.3,164.09,2554958.009
2025-08-06 00:00:00+00:00,164.09,169.93,161.13,168.09,1797491.429
2025-08-07 00:00:00+00:00,168.1,175.51,166.7,175.36,3014662.995
2025-08-08 00:00:00+00:00,175.37,179.66,173.43,176.78,3678790.655
2025-08-09 00:00:00+00:00,176.79,183.45,176.64,179.95,3325504.387
2025-08-10 00:00:00+00:00,179.96,186.18,177.51,182.66,4197287.287
2025-08-11 00:00:00+00:00,182.67,186.8,173.43,174.84,3960743.531
2025-08-12 00:00:00+00:00,174.83,193.76,173.6,191.78,5074348.157
2025-08-13 00:00:00+00:00,191.77,204.96,191.48,201.51,7148726.279
2025-08-14 00:00:00+00:00,201.51,209.86,186.68,192.47,8965607.314
2025-08-15 00:00:00+00:00,192.46,198.07,183.3,185.72,4360287.396
2025-08-16 00:00:00+00:00,185.71,190.06,185.2,189.6,2099818.448
2025-08-17 00:00:00+00:00,189.61,195.89,187.35,190.99,2261555.556
2025-08-18 00:00:00+00:00,191.0,191.33,180.0,182.94,3374074.697
2025-08-19 00:00:00+00:00,182.94,185.87,175.69,176.22,3260089.959
2025-08-20 00:00:00+00:00,176.22,187.97,176.04,187.94,3464957.674
2025-08-21 00:00:00+00:00,187.95,190.1,179.43,180.29,2914511.603
2025-08-22 00:00:00+00:00,180.3,202.4,177.27,200.69,6594118.389
2025-08-23 00:00:00+00:00,200.69,208.62,195.26,204.14,4788640.759
2025-08-24 00:00:00+00:00,204.15,211.99,201.09,205.98,7165649.238
2025-08-25 00:00:00+00:00,205.99,213.6,185.33,187.2,7953100.753
2025-08-26 00:00:00+00:00,187.19,198.1,185.58,195.86,4734419.522
2025-08-27 00:00:00+00:00,195.85,212.08,193.78,202.95,7835140.154
2025-08-28 00:00:00+00:00,202.95,216.89,201.72,214.43,7247306.546
2025-08-29 00:00:00+00:00,214.43,218.0,199.85,205.08,8607486.597
2025-08-30 00:00:00+00:00,205.09,207.06,197.52,202.7,3894576.115
2025-08-31 00:00:00+00:00,202.7,206.66,200.28,200.62,3303223.948
2025-09-01 00:00:00+00:00,200.62,204.58,194.19,197.32,4464767.773
2025-09-02 00:00:00+00:00,197.32,209.68,196.77,209.65,4894637.549
2025-09-03 00:00:00+00:00,209.64,213.02,207.42,210.77,4063191.683
2025-09-04 00:00:00+00:00,210.77,211.94,201.84,202.32,2726779.277
2025-09-05 00:00:00+00:00,202.32,210.0,200.95,203.36,4121395.255
2025-09-06 00:00:00+00:00,203.37,204.68,199.32,200.16,1481500.997
2025-09-07 00:00:00+00:00,200.17,207.95,200.12,206.35,2217510.763
2025-09-08 00:00:00+00:00,206.35,217.11,205.59,214.11,5729678.935
2025-09-09 00:00:00+00:00,214.11,219.79,210.79,217.21,4979304.713
2025-09-10 00:00:00+00:00,217.22,226.0,215.09,224.07,4824185.212
2025-09-11 00:00:00+00:00,224.06,228.95,221.72,228.73,4352357.001
2025-09-12 00:00:00+00:00,228.73,244.04,228.11,242.18,5891653.931
2025-09-13 00:00:00+00:00,242.18,244.14,235.73,242.38,3305661.265
2025-09-14 00:00:00+00:00,242.38,249.6,239.23,239.76,4165171.128
2025-09-15 00:00:00+00:00,239.75,244.0,230.15,234.31,4733589.619
2025-09-16 00:00:00+00:00,234.32,240.95,231.26,236.96,3181627.06
2025-09-17 00:00:00+00:00,236.96,246.62,232.23,244.84,4771529.493
2025-09-18 00:00:00+00:00,244.84,253.51,242.58,247.5,3916890.908
2025-09-19 00:00:00+00:00,247.5,248.57,235.12,238.53,3384985.698
2025-09-20 00:00:00+00:00,238.53,241.22,236.91,239.48,1550489.215
2025-09-21 00:00:00+00:00,239.48,241.82,235.32,236.16,1392437.976
2025-09-22 00:00:00+00:00,236.16,236.96,214.5,220.38,5836593.703
2025-09-23 00:00:00+00:00,220.39,221.71,212.34,213.3,3448908.468
2025-09-24 00:00:00+00:00,213.29,216.45,204.81,211.6,4427457.526
2025-09-25 00:00:00+00:00,211.61,212.44,191.32,192.74,6761257.291
2025-09-26 00:00:00+00:00,192.73,205.52,190.8,205.17,5623202.874
2025-09-27 00:00:00+00:00,205.16,205.43,199.88,203.46,2104933.415
2025-09-28 00:00:00+00:00,203.47,211.0,198.0,210.83,2194260.074
2025-09-29 00:00:00+00:00,210.83,214.74,204.58,212.75,3213098.851
2025-09-30 00:00:00+00:00,212.74,213.67,204.29,208.68,3264781.485
2025-10-01 00:00:00+00:00,208.68,222.77,206.31,222.04,4050260.921
2025-10-02 00:00:00+00:00,222.04,234.99,219.52,234.74,4590696.388
2025-10-03 00:00:00+00:00,234.74,237.0,227.13,232.84,4216611.614
2025-10-04 00:00:00+00:00,232.84,234.05,224.07,227.86,1841410.605
2025-10-05 00:00:00+00:00,227.86,237.22,226.45,228.56,3099633.526
2025-10-06 00:00:00+00:00,228.56,237.79,227.55,232.35,2981928.375
2025-10-07 00:00:00+00:00,232.35,235.21,219.7,219.97,4401045.757
2025-10-08 00:00:00+00:00,219.98,229.72,217.3,229.02,3103760.645
2025-10-09 00:00:00+00:00,229.03,229.69,216.53,220.93,3272953.431
2025-10-10 00:00:00+00:00,220.93,224.46,168.79,188.43,9622835.429
2025-10-11 00:00:00+00:00,188.43,191.05,172.58,177.62,7292387.248
2025-10-12 00:00:00+00:00,177.63,199.0,173.0,197.0,6486999.721
2025-10-13 00:00:00+00:00,196.99,209.28,190.02,208.69,6253161.511
2025-10-14 00:00:00+00:00,208.69,211.25,191.03,202.44,7349167.875
2025-10-15 00:00:00+00:00,202.45,208.91,192.04,193.84,5369155.439
2025-10-16 00:00:00+00:00,193.84,198.42,182.03,184.85,5404640.663
2025-10-17 00:00:00+00:00,184.84,187.55,174.06,181.96,6102908.877
2025-10-18 00:00:00+00:00,181.97,188.26,181.75,187.56,2105841.095
2025-10-19 00:00:00+00:00,187.55,192.29,183.19,187.86,2483964.6
2025-10-20 00:00:00+00:00,187.86,194.5,183.82,189.71,3178001.499
2025-10-21 00:00:00+00:00,189.71,197.71,182.72,185.63,4651082.621
2025-10-22 00:00:00+00:00,185.62,187.45,177.04,180.12,3977004.715
2025-10-23 00:00:00+00:00,180.13,193.45,179.68,191.35,3501959.115
2025-10-24 00:00:00+00:00,191.36,197.0,188.83,193.59,3356762.626
2025-10-25 00:00:00+00:00,193.58,195.25,191.19,193.84,1626838.938
2025-10-26 00:00:00+00:00,193.84,202.43,191.9,200.03,2577750.13
2025-10-27 00:00:00+00:00,200.03,205.33,197.34,198.7,3515609.387
2025-10-28 00:00:00+00:00,198.71,203.99,190.22,194.15,4329169.961
2025-10-29 00:00:00+00:00,194.16,201.7,189.37,193.88,4620887.829
2025-10-30 00:00:00+00:00,193.89,198.19,178.65,184.69,5054538.263
2025-10-31 00:00:00+00:00,184.69,190.26,183.7,187.21,3193393.84
2025-11-01 00:00:00+00:00,187.21,187.55,183.79,186.35,1484505.22
2025-11-02 00:00:00+00:00,186.35,188.34,182.0,187.71,1761297.557
2025-11-03 00:00:00+00:00,187.71,189.13,163.15,166.06,7327613.063
2025-11-04 00:00:00+00:00,166.06,168.42,145.85,155.03,8288577.565
2025-11-05 00:00:00+00:00,155.04,163.97,147.29,162.37,4650531.688
2025-11-06 00:00:00+00:00,162.37,162.91,153.45,155.28,3576753.327
2025-11-07 00:00:00+00:00,155.27,164.48,149.82,161.79,4213077.972
2025-11-08 00:00:00+00:00,161.8,164.89,155.8,158.02,2502927.24
2025-11-09 00:00:00+00:00,158.01,166.57,155.11,164.53,3231789.575
2025-11-10 00:00:00+00:00,164.53,170.48,163.42,167.31,3628961.126
2025-11-11 00:00:00+00:00,167.31,171.94,153.93,154.63,4702104.213
2025-11-12 00:00:00+00:00,154.63,161.14,151.2,153.42,4139205.467
2025-11-13 00:00:00+00:00,153.43,157.2,141.04,144.73,5418189.697
2025-11-14 00:00:00+00:00,144.74,145.68,135.76,138.92,6176425.147
2025-11-15 00:00:00+00:00,138.93,144.69,138.61,139.61,2351478.022
2025-11-16 00:00:00+00:00,139.6,143.38,134.42,137.17,3385434.284
2025-11-17 00:00:00+00:00,137.17,143.28,128.82,130.99,5624720.775
2025-11-18 00:00:00+00:00,131.0,142.17,129.0,140.69,5528848.81
2025-11-19 00:00:00+00:00,140.68,142.84,130.53,137.06,4268467.044
2025-11-20 00:00:00+00:00,137.06,144.8,131.11,133.67,7048254.224
2025-11-21 00:00:00+00:00,133.67,135.06,121.66,128.68,8285885.693
2025-11-22 00:00:00+00:00,128.69,129.94,125.08,127.59,2612487.859
2025-11-23 00:00:00+00:00,127.6,133.54,127.56,130.58,2818715.19
2025-11-24 00:00:00+00:00,130.58,139.87,128.44,138.44,4744857.046
2025-11-25 00:00:00+00:00,138.43,140.5,133.13,138.96,2994819.853
2025-11-26 00:00:00+00:00,138.96,144.75,135.5,143.02,4021862.67
2025-11-27 00:00:00+00:00,143.01,144.29,140.47,140.85,2331673.189
2025-11-28 00:00:00+00:00,140.85,143.6,136.01,137.33,3502510.031
2025-11-29 00:00:00+00:00,137.33,138.1,134.76,135.91,1859321.171
2025-11-30 00:00:00+00:00,135.92,140.19,133.26,133.48,2608165.329
2025-12-01 00:00:00+00:00,133.48,133.74,123.11,126.66,5007504.057
2025-12-02 00:00:00+00:00,126.66,140.88,126.01,138.68,5022856.747
2025-12-03 00:00:00+00:00,138.67,146.08,137.76,144.67,3954144.805
2025-12-04 00:00:00+00:00,144.67,146.91,137.8,139.01,2694242.241
2025-12-05 00:00:00+00:00,139.01,140.75,130.73,133.29,3367359.143
2025-12-06 00:00:00+00:00,133.29,134.13,131.28,132.19,1341595.431
2025-12-07 00:00:00+00:00,132.2,136.35,127.7,132.24,3131804.491
2025-12-08 00:00:00+00:00,132.25,139.36,131.52,133.25,3245115.426
2025-12-09 00:00:00+00:00,133.24,144.93,131.62,137.88,4508522.034
2025-12-10 00:00:00+00:00,137.87,142.57,135.39,136.26,4520230.276
2025-12-11 00:00:00+00:00,136.26,137.79,129.0,136.41,4377697.036
2025-12-12 00:00:00+00:00,136.41,140.12,130.35,132.27,4005608.262
2025-12-13 00:00:00+00:00,132.28,134.28,131.6,133.14,1472483.735
2025-12-14 00:00:00+00:00,133.13,133.66,127.98,129.4,1731614.637
2025-12-15 00:00:00+00:00,129.39,135.43,123.63,127.81,3922431.0
2025-12-16 00:00:00+00:00,127.81,130.14,124.87,129.15,2884783.998
2025-12-17 00:00:00+00:00,129.15,133.99,121.36,123.27,4525580.216
2025-12-18 00:00:00+00:00,123.28,129.05,116.88,119.6,4790795.008
2025-12-19 00:00:00+00:00,119.6,127.87,117.61,126.27,4090548.592
2025-12-20 00:00:00+00:00,126.27,126.89,125.3,125.81,1229353.586
2025-12-21 00:00:00+00:00,125.8,126.62,123.4,126.03,1812103.189
2025-12-22 00:00:00+00:00,126.03,128.78,124.2,125.93,2667589.146
2025-12-23 00:00:00+00:00,125.93,126.93,122.16,124.01,2440030.872
2025-12-24 00:00:00+00:00,124.02,124.3,120.63,122.53,1605450.498
2025-12-25 00:00:00+00:00,122.52,124.46,119.71,120.06,1818325.148
2025-12-26 00:00:00+00:00,120.05,125.14,119.24,122.26,3326516.562
2025-12-27 00:00:00+00:00,122.27,125.08,121.86,124.73,1357802.112
2025-12-28 00:00:00+00:00,124.74,125.64,123.08,125.27,1828960.451
2025-12-29 00:00:00+00:00,125.27,130.16,122.36,123.28,4307595.105
2025-12-30 00:00:00+00:00,123.28,126.52,122.58,125.01,2480631.516
2025-12-31 00:00:00+00:00,125.02,132.75,122.99,124.65,2941643.658
2026-01-01 00:00:00+00:00,124.64,127.25,124.15,126.9,1733664.978
2026-01-02 00:00:00+00:00,126.91,133.25,125.84,132.29,2924227.372
2026-01-03 00:00:00+00:00,132.28,133.99,129.6,133.37,1520623.499
2026-01-04 00:00:00+00:00,133.37,135.54,133.12,134.12,1809269.113
2026-01-05 00:00:00+00:00,134.12,139.87,133.18,137.9,3327567.484
2026-01-06 00:00:00+00:00,137.91,143.48,136.19,141.08,3771795.117
2026-01-07 00:00:00+00:00,141.08,141.4,134.41,136.39,2321642.178
2026-01-08 00:00:00+00:00,136.39,140.07,132.67,138.37,3113437.835
2026-01-09 00:00:00+00:00,138.37,141.17,134.98,135.97,3778547.996
2026-01-10 00:00:00+00:00,135.96,137.05,135.37,135.84,1000837.004
2026-01-11 00:00:00+00:00,135.85,141.6,135.75,139.7,2209913.206
2026-01-12 00:00:00+00:00,139.69,144.4,138.34,139.22,4160120.091
2026-01-13 00:00:00+00:00,139.21,148.74,137.82,145.51,4195082.468
2026-01-14 00:00:00+00:00,145.52,148.44,143.37,146.69,3695077.378
2026-01-15 00:00:00+00:00,146.7,146.73,140.9,142.4,2462143.139
2026-01-16 00:00:00+00:00,142.41,145.55,140.26,144.89,1900879.026
2026-01-17 00:00:00+00:00,144.9,144.99,143.32,143.72,835154.761
2026-01-18 00:00:00+00:00,143.73,144.0,137.74,137.87,1877438.698
2026-01-19 00:00:00+00:00,137.87,137.87,130.0,133.44,2972524.77
2026-01-20 00:00:00+00:00,133.44,134.63,124.68,125.8,3532423.88
2026-01-21 00:00:00+00:00,125.81,132.17,125.26,129.54,3161736.36
2026-01-22 00:00:00+00:00,129.53,130.94,126.73,128.47,1811586.462
2026-01-23 00:00:00+00:00,128.47,130.2,125.28,127.43,2044063.077
2026-01-24 00:00:00+00:00,127.43,128.12,126.64,127.21,807419.995
2026-01-25 00:00:00+00:00,127.22,127.46,117.15,118.85,4540879.449
2026-01-26 00:00:00+00:00,118.85,125.6,118.53,124.24,2355751.363
2026-01-27 00:00:00+00:00,124.24,127.84,123.12,127.19,2036509.042
2026-01-28 00:00:00+00:00,127.18,128.34,124.78,125.35,1997863.528
2026-01-29 00:00:00+00:00,125.34,125.51,115.39,117.82,3730613.473
2026-01-30 00:00:00+00:00,117.82,119.12,112.14,117.59,4761006.742
2026-01-31 00:00:00+00:00,117.6,118.85,96.4,105.58,8567398.326
2026-02-01 00:00:00+00:00,105.58,106.69,98.02,100.79,4204256.051
2026-02-02 00:00:00+00:00,100.78,106.12,95.95,104.55,5574032.681
2026-02-03 00:00:00+00:00,104.54,105.1,96.64,97.89,4514018.115
2026-02-04 00:00:00+00:00,97.89,99.67,89.3,92.12,6251459.371
2026-02-05 00:00:00+00:00,92.11,93.43,77.6,78.35,10243355.48
2026-02-06 00:00:00+00:00,78.34,89.84,67.5,87.46,11811095.766
2026-02-07 00:00:00+00:00,87.45,89.2,84.16,87.59,4486649.48
2026-02-08 00:00:00+00:00,87.59,89.08,85.77,86.99,2534998.683
2026-02-09 00:00:00+00:00,86.99,88.69,82.86,86.77,3667652.416
2026-02-10 00:00:00+00:00,86.77,87.49,81.91,82.99,2975212.105
2026-02-11 00:00:00+00:00,82.99,84.39,78.04,79.3,3814913.32
2026-02-12 00:00:00+00:00,79.31,82.25,76.6,78.4,3196230.117
2026-02-13 00:00:00+00:00,78.39,85.63,77.53,84.33,3370390.272
2026-02-14 00:00:00+00:00,84.34,88.9,84.21,88.06,2698607.215
2026-02-15 00:00:00+00:00,88.06,91.26,84.89,86.16,3929085.4
2026-02-16 00:00:00+00:00,86.15,86.93,82.55,86.45,3559751.811
2026-02-17 00:00:00+00:00,86.45,87.69,82.92,85.08,2774655.865
2026-02-18 00:00:00+00:00,85.09,86.09,80.48,81.61,3137603.97
2026-02-19 00:00:00+00:00,81.61,82.67,79.61,82.5,2848277.49
2026-02-20 00:00:00+00:00,82.5,85.49,81.77,84.67,3754556.759
2026-02-21 00:00:00+00:00,84.68,86.72,83.97,85.17,1780748.862
2026-02-22 00:00:00+00:00,85.17,85.6,82.48,82.79,1798852.596
2026-02-23 00:00:00+00:00,82.8,82.85,77.15,77.9,5163373.383
2026-02-24 00:00:00+00:00,77.91,79.62,75.63,78.99,3592828.376
2026-02-25 00:00:00+00:00,78.99,92.1,78.73,88.06,5632749.415
2026-02-26 00:00:00+00:00,88.05,89.27,84.34,85.91,3356890.979
2026-02-27 00:00:00+00:00,85.91,88.29,80.32,81.85,3370499.359
2026-02-28 00:00:00+00:00,81.84,85.65,77.12,84.35,4737699.879
2026-03-01 00:00:00+00:00,84.35,88.9,81.69,83.6,4435194.222
2026-03-02 00:00:00+00:00,83.61,90.29,82.37,86.64,5123433.26
2026-03-03 00:00:00+00:00,86.65,87.46,82.5,86.97,4136742.745
2026-03-04 00:00:00+00:00,86.98,94.05,84.78,90.85,6329931.383
2026-03-05 00:00:00+00:00,90.86,92.96,87.91,88.77,3753710.608
2026-03-06 00:00:00+00:00,88.78,89.31,83.64,84.7,3135324.642
2026-03-07 00:00:00+00:00,84.69,85.07,82.28,83.22,1465281.721
2026-03-08 00:00:00+00:00,83.22,84.13,80.26,81.59,2102965.687
2026-03-09 00:00:00+00:00,81.6,87.06,81.54,84.96,3594057.289
2026-03-10 00:00:00+00:00,84.95,88.8,84.83,85.88,3643895.134
2026-03-11 00:00:00+00:00,85.88,88.09,84.36,86.58,3182175.739
2026-03-12 00:00:00+00:00,86.58,87.69,84.72,86.84,2913681.148
2026-03-13 00:00:00+00:00,86.83,92.98,86.71,88.18,4940378.617
2026-03-14 00:00:00+00:00,88.17,88.71,86.51,88.03,1498143.039
2026-03-15 00:00:00+00:00,88.04,93.23,87.36,92.3,2614547.105
2026-03-16 00:00:00+00:00,92.31,97.68,91.18,96.2,5621650.621
2026-03-17 00:00:00+00:00,96.19,96.95,93.15,94.62,2833557.586
2026-03-18 00:00:00+00:00,94.61,95.65,88.55,90.08,3293861.558
2026-03-19 00:00:00+00:00,90.07,91.41,87.0,88.89,2609542.924
2026-03-20 00:00:00+00:00,88.9,90.45,88.13,89.84,2201411.538
2026-03-21 00:00:00+00:00,89.85,90.81,87.14,87.56,1241845.225
2026-03-22 00:00:00+00:00,87.55,89.2,85.14,86.2,2138087.131
2026-03-23 00:00:00+00:00,86.21,92.26,85.11,91.43,4561706.388
2026-03-24 00:00:00+00:00,91.44,92.22,88.42,90.8,3086042.526
2026-03-25 00:00:00+00:00,90.8,93.47,90.71,91.7,2652534.798
2026-03-26 00:00:00+00:00,91.7,91.98,85.45,86.53,3566192.736
2026-03-27 00:00:00+00:00,86.52,87.04,81.86,83.11,2840562.07
2026-03-28 00:00:00+00:00,83.11,84.29,81.69,82.09,1667010.099
2026-03-29 00:00:00+00:00,82.09,83.24,78.96,81.44,1624673.475
2026-03-30 00:00:00+00:00,81.45,84.99,81.15,82.54,3025854.687
2026-03-31 00:00:00+00:00,82.55,84.62,80.08,83.2,4272567.426
2026-04-01 00:00:00+00:00,83.19,86.65,80.77,81.18,4676736.12
2026-04-02 00:00:00+00:00,81.19,81.77,76.7,78.94,4210024.263
2026-04-03 00:00:00+00:00,78.95,80.91,78.85,80.4,2230839.74
2026-04-04 00:00:00+00:00,80.39,81.61,79.57,80.83,1562930.767
2026-04-05 00:00:00+00:00,80.84,82.13,78.52,81.89,1732438.558
2026-04-06 00:00:00+00:00,81.89,83.2,79.6,80.03,2730370.564
2026-04-07 00:00:00+00:00,80.03,87.02,78.38,85.56,4312598.52
2026-04-08 00:00:00+00:00,85.56,85.9,82.24,82.57,2952758.548
2026-04-09 00:00:00+00:00,82.56,85.95,81.4,83.33,2775927.629
2026-04-10 00:00:00+00:00,83.33,85.67,82.62,84.83,2186078.343
2026-04-11 00:00:00+00:00,84.83,86.26,83.8,84.93,1570901.883
2026-04-12 00:00:00+00:00,84.94,85.0,81.27,81.53,2174791.866
2026-04-13 00:00:00+00:00,81.54,86.81,81.4,86.51,2950390.415
2026-04-14 00:00:00+00:00,86.51,87.67,83.3,83.72,3532984.692
2026-04-15 00:00:00+00:00,83.72,85.83,82.65,84.9,2602448.593
2026-04-16 00:00:00+00:00,84.9,90.53,83.8,89.05,3940291.341
2026-04-17 00:00:00+00:00,89.06,90.73,87.34,88.76,4237208.388
2026-04-18 00:00:00+00:00,88.77,89.16,85.78,86.16,1893190.543
2026-04-19 00:00:00+00:00,86.15,87.12,82.94,83.47,2594849.065
2026-04-20 00:00:00+00:00,83.47,86.22,83.34,85.28,2300346.75
2026-04-21 00:00:00+00:00,85.29,86.89,84.31,86.03,2111587.269
2026-04-22 00:00:00+00:00,86.04,89.32,86.01,86.87,3154871.835
2026-04-23 00:00:00+00:00,86.86,87.18,84.48,86.12,2894663.239
2026-04-24 00:00:00+00:00,86.12,86.94,84.92,86.18,1818574.663
2026-04-25 00:00:00+00:00,86.18,86.8,85.53,86.18,1033932.436
2026-04-26 00:00:00+00:00,86.19,87.32,85.84,86.93,1453501.452
2026-04-27 00:00:00+00:00,86.93,88.08,83.63,84.82,3009101.691
2026-04-28 00:00:00+00:00,84.82,84.93,82.98,84.06,1664394.443
2026-04-29 00:00:00+00:00,84.06,85.56,81.4,83.04,2576063.596
2026-04-30 00:00:00+00:00,83.05,84.01,82.16,83.09,1372591.611
2026-05-01 00:00:00+00:00,83.09,84.86,83.08,83.76,1798067.959
2026-05-02 00:00:00+00:00,83.76,84.97,83.44,84.26,1027759.499
2026-05-03 00:00:00+00:00,84.26,84.97,83.58,83.91,1268647.522
2026-05-04 00:00:00+00:00,83.91,85.9,83.23,84.1,3469307.218
2026-05-05 00:00:00+00:00,84.11,86.98,84.04,86.29,2478888.126
2026-05-06 00:00:00+00:00,86.29,90.03,86.1,89.16,3483256.03
2026-05-07 00:00:00+00:00,89.16,90.44,87.63,88.42,2892180.501
2026-05-08 00:00:00+00:00,88.43,92.8,87.6,92.01,2644434.859
2026-05-09 00:00:00+00:00,92.02,94.17,91.85,93.13,1974272.696
2026-05-10 00:00:00+00:00,93.12,97.0,92.6,96.47,2559168.995
2026-05-11 00:00:00+00:00,96.46,98.41,94.3,97.37,3078049.965
2026-05-12 00:00:00+00:00,97.37,97.68,93.55,94.28,2810037.359
2026-05-13 00:00:00+00:00,94.28,95.99,90.27,91.17,3192571.802
2026-05-14 00:00:00+00:00,91.17,93.68,89.82,92.15,2709125.808
2026-05-15 00:00:00+00:00,92.16,92.66,88.55,89.24,2675843.631
2026-05-16 00:00:00+00:00,89.23,89.44,85.52,86.54,1963021.594
2026-05-17 00:00:00+00:00,86.53,87.29,83.5,85.24,1914165.244
2026-05-18 00:00:00+00:00,85.23,85.8,83.5,85.38,2771861.344
2026-05-19 00:00:00+00:00,85.38,85.97,83.7,84.29,1662986.216
2026-05-20 00:00:00+00:00,84.3,87.09,83.85,86.17,2365152.438
2026-05-21 00:00:00+00:00,86.17,88.0,85.32,87.36,2654321.9
2026-05-22 00:00:00+00:00,87.35,87.85,84.0,84.4,2208484.663
2026-05-23 00:00:00+00:00,84.4,87.5,81.5,85.75,2973101.711
2026-05-24 00:00:00+00:00,85.76,87.0,83.7,85.27,2086657.403
2026-05-25 00:00:00+00:00,85.27,86.52,84.71,85.06,1562235.465
2026-05-26 00:00:00+00:00,85.06,86.13,83.15,83.72,2358777.43
2026-05-27 00:00:00+00:00,83.73,84.84,82.1,82.44,2119456.363
2026-05-28 00:00:00+00:00,82.43,83.01,80.0,82.11,2306915.48
2026-05-29 00:00:00+00:00,82.12,83.24,80.35,82.04,2064277.646
2026-05-30 00:00:00+00:00,82.04,83.17,81.86,82.73,1018490.244
2026-05-31 00:00:00+00:00,82.74,83.42,81.33,82.44,993880.666
2026-06-01 00:00:00+00:00,82.45,83.1,79.11,81.28,2309147.396
2026-06-02 00:00:00+00:00,81.28,81.3,72.73,74.23,3642536.917
2026-06-03 00:00:00+00:00,74.23,75.71,70.93,71.61,3655245.68
2026-06-04 00:00:00+00:00,71.61,72.09,66.8,68.88,4928249.49
2026-06-05 00:00:00+00:00,68.87,69.1,61.48,63.64,7041593.488
2026-06-06 00:00:00+00:00,63.64,64.86,60.13,62.2,3570841.056
2026-06-07 00:00:00+00:00,62.21,67.92,61.96,66.5,2941571.373
2026-06-08 00:00:00+00:00,66.5,68.17,64.98,66.82,3058995.367
2026-06-09 00:00:00+00:00,66.82,67.47,63.54,64.96,3082150.311
2026-06-10 00:00:00+00:00,64.97,65.77,62.34,63.19,2937917.561
2026-06-11 00:00:00+00:00,63.19,67.42,63.19,66.93,2881561.031
2026-06-12 00:00:00+00:00,66.93,68.82,65.95,66.82,2839586.683
2026-06-13 00:00:00+00:00,66.83,69.59,66.59,68.94,1525014.5
2026-06-14 00:00:00+00:00,68.94,71.29,66.94,71.28,1851821.931
2026-06-15 00:00:00+00:00,71.29,76.09,70.66,73.98,3102777.468
2026-06-16 00:00:00+00:00,73.99,75.65,72.29,73.52,2185905.595
2026-06-17 00:00:00+00:00,73.53,74.69,70.83,72.05,2443239.391
2026-06-18 00:00:00+00:00,72.05,72.68,68.23,69.71,2263712.329
2026-06-19 00:00:00+00:00,69.72,70.09,67.92,69.74,1884570.868
2026-06-20 00:00:00+00:00,69.73,74.3,69.48,73.22,2267614.627
2026-06-21 00:00:00+00:00,73.22,74.68,72.31,72.46,2122685.618
2026-06-22 00:00:00+00:00,72.47,75.0,71.37,71.95,2567224.067
2026-06-23 00:00:00+00:00,71.95,72.06,68.16,69.71,2202519.285
2026-06-24 00:00:00+00:00,69.7,70.44,64.71,68.11,3368667.529
2026-06-25 00:00:00+00:00,68.12,69.66,64.04,67.72,3716901.281
2026-06-26 00:00:00+00:00,67.72,73.93,65.91,71.9,4422868.716
2026-06-27 00:00:00+00:00,71.9,73.19,70.25,70.5,1921832.56
2026-06-28 00:00:00+00:00,70.49,72.41,69.74,71.38,1709274.918
2026-06-29 00:00:00+00:00,71.39,76.49,70.35,75.16,3861722.1
2026-06-30 00:00:00+00:00,75.17,75.24,74.05,74.24,155945.54
