date,open,high,low,close,volume
2021-07-03 00:00:00+00:00,18.216,19.559,17.789,19.474,1969946.1
2021-07-04 00:00:00+00:00,19.474,21.498,18.931,20.757,3396421.138
2021-07-05 00:00:00+00:00,20.751,20.906,19.068,20.063,3729063.072
2021-07-06 00:00:00+00:00,20.062,23.235,20.03,22.376,5911864.441
2021-07-07 00:00:00+00:00,22.373,23.456,21.65,22.253,3088190.073
2021-07-08 00:00:00+00:00,22.254,22.311,19.908,20.353,3124268.554
2021-07-09 00:00:00+00:00,20.342,21.686,19.78,20.986,2534220.366
2021-07-10 00:00:00+00:00,20.978,21.515,19.95,20.244,1405443.519
2021-07-11 00:00:00+00:00,20.245,20.947,19.98,20.7,1315491.272
2021-07-12 00:00:00+00:00,20.7,21.45,19.205,19.528,1844838.187
2021-07-13 00:00:00+00:00,19.531,19.738,18.172,18.47,2357239.528
2021-07-14 00:00:00+00:00,18.461,18.542,16.721,17.885,4782786.984
2021-07-15 00:00:00+00:00,17.889,18.389,16.797,17.068,3278504.789
2021-07-16 00:00:00+00:00,17.07,17.6,15.918,16.337,2512504.072
2021-07-17 00:00:00+00:00,16.353,16.744,15.928,16.098,2244463.838
2021-07-18 00:00:00+00:00,16.112,17.168,16.024,16.305,2646507.712
2021-07-19 00:00:00+00:00,16.311,16.791,15.398,15.742,3004534.037
2021-07-20 00:00:00+00:00,15.735,15.97,14.394,14.554,3276914.078
2021-07-21 00:00:00+00:00,14.569,16.876,14.013,16.727,3689271.238
2021-07-22 00:00:00+00:00,16.727,17.617,16.066,17.579,2957017.843
2021-07-23 00:00:00+00:00,17.572,18.692,16.933,18.603,2570278.497
2021-07-24 00:00:00+00:00,18.6,18.941,18.031,18.239,2296503.764
2021-07-25 00:00:00+00:00,18.243,18.446,17.242,18.285,1820324.297
2021-07-26 00:00:00+00:00,18.273,20.319,18.174,18.527,4348247.683
2021-07-27 00:00:00+00:00,18.525,19.245,17.67,18.887,2480974.86
2021-07-28 00:00:00+00:00,18.89,19.467,18.52,19.065,2170430.677
2021-07-29 00:00:00+00:00,19.061,19.808,18.571,19.58,1868109.678
2021-07-30 00:00:00+00:00,19.576,21.064,19.34,20.917,3593897.692
2021-07-31 00:00:00+00:00,20.919,21.954,20.672,21.767,2671808.162
2021-08-01 00:00:00+00:00,21.764,23.22,21.546,21.979,3359665.109
2021-08-02 00:00:00+00:00,21.976,23.099,21.391,22.382,2704014.132
2021-08-03 00:00:00+00:00,22.382,22.74,20.624,21.326,3057063.711
2021-08-04 00:00:00+00:00,21.339,23.731,20.767,23.536,2980641.044
2021-08-05 00:00:00+00:00,23.53,25.579,22.057,25.44,3892635.146
2021-08-06 00:00:00+00:00,25.431,27.005,24.536,26.178,2830769.772
2021-08-07 00:00:00+00:00,26.178,29.0,25.8,28.3,4007794.406
2021-08-08 00:00:00+00:00,28.302,28.703,25.949,26.722,2475928.856
2021-08-09 00:00:00+00:00,26.697,28.78,25.378,28.352,2965035.961
2021-08-10 00:00:00+00:00,28.351,30.212,28.165,28.755,3851371.432
2021-08-11 00:00:00+00:00,28.756,30.426,28.725,28.95,2863582.29
2021-08-12 00:00:00+00:00,28.938,29.898,26.861,28.087,2795747.688
2021-08-13 00:00:00+00:00,28.092,30.617,27.845,30.507,2444678.043
2021-08-14 00:00:00+00:00,30.514,30.65,28.676,30.11,2362628.663
2021-08-15 00:00:00+00:00,30.113,30.456,28.28,30.239,2278033.949
2021-08-16 00:00:00+00:00,30.239,31.257,28.992,29.072,2815461.956
2021-08-17 00:00:00+00:00,29.072,30.809,25.882,26.416,3570773.107
2021-08-18 00:00:00+00:00,26.404,27.35,25.37,26.313,3781661.929
2021-08-19 00:00:00+00:00,26.319,27.99,25.306,27.962,2838095.207
2021-08-20 00:00:00+00:00,27.959,29.233,27.514,28.886,2616101.383
2021-08-21 00:00:00+00:00,28.887,29.724,28.175,28.237,2358606.712
2021-08-22 00:00:00+00:00,28.229,29.2,27.113,28.4,1948915.56
2021-08-23 00:00:00+00:00,28.4,29.627,28.363,28.8,2289290.628
2021-08-24 00:00:00+00:00,28.79,29.236,26.5,26.609,2151595.884
2021-08-25 00:00:00+00:00,26.614,27.455,25.68,27.064,1871023.847
2021-08-26 00:00:00+00:00,27.052,27.669,25.02,25.51,1862336.279
2021-08-27 00:00:00+00:00,25.52,27.478,25.02,27.41,1901520.921
2021-08-28 00:00:00+00:00,27.43,27.6,26.62,26.81,1118897.776
2021-08-29 00:00:00+00:00,26.84,27.67,26.15,26.78,1549825.926
2021-08-30 00:00:00+00:00,26.8,28.22,25.55,26.84,2436669.417
2021-08-31 00:00:00+00:00,26.84,29.79,26.15,29.38,4325565.565
2021-09-01 00:00:00+00:00,29.37,31.385,28.69,31.35,4806428.845
2021-09-02 00:00:00+00:00,31.33,31.41,29.48,29.93,2046183.925
2021-09-03 00:00:00+00:00,29.93,31.21,28.31,28.65,6213970.64
2021-09-04 00:00:00+00:00,28.66,29.48,28.2,28.56,2175242.4
2021-09-05 00:00:00+00:00,28.57,29.5,28.25,29.37,1844290.25
2021-09-06 00:00:00+00:00,29.35,30.3,28.11,28.84,3797456.43
2021-09-07 00:00:00+00:00,28.84,29.33,21.0,24.32,8621704.918
2021-09-08 00:00:00+00:00,24.34,24.98,21.35,23.15,4662434.29
2021-09-09 00:00:00+00:00,23.15,24.73,22.71,23.32,3345222.86
2021-09-10 00:00:00+00:00,23.31,24.26,21.4,22.31,2591885.65
2021-09-11 00:00:00+00:00,22.3,23.91,22.23,22.73,1530804.49
2021-09-12 00:00:00+00:00,22.73,24.28,22.16,23.74,2233078.66
2021-09-13 00:00:00+00:00,23.74,24.05,21.37,22.66,2501947.16
2021-09-14 00:00:00+00:00,22.66,25.93,22.47,25.68,3503337.11
2021-09-15 00:00:00+00:00,25.67,27.47,24.69,27.47,3780994.68
2021-09-16 00:00:00+00:00,27.48,27.62,25.22,26.23,3604414.07
2021-09-17 00:00:00+00:00,26.24,26.4,24.0,24.32,2953068.27
2021-09-18 00:00:00+00:00,24.33,25.22,23.93,24.54,1340393.94
2021-09-19 00:00:00+00:00,24.53,24.65,23.5,23.87,1100345.52
2021-09-20 00:00:00+00:00,23.89,23.99,20.38,20.9,3352033.839
2021-09-21 00:00:00+00:00,20.89,21.64,18.33,19.06,3710637.736
2021-09-22 00:00:00+00:00,19.07,21.66,18.85,21.62,2854102.75
2021-09-23 00:00:00+00:00,21.62,21.84,20.88,21.5,1648480.95
2021-09-24 00:00:00+00:00,21.5,21.63,18.17,19.65,3288006.949
2021-09-25 00:00:00+00:00,19.65,20.1,18.94,19.47,1934554.35
2021-09-26 00:00:00+00:00,19.47,24.76,17.73,24.04,12451857.696
2021-09-27 00:00:00+00:00,24.04,26.03,22.26,22.38,8594553.61
2021-09-28 00:00:00+00:00,22.39,25.0,22.15,23.07,8626875.1
2021-09-29 00:00:00+00:00,23.07,24.28,22.31,23.01,4862691.46
2021-09-30 00:00:00+00:00,23.01,23.96,22.62,23.53,3025569.37
2021-10-01 00:00:00+00:00,23.53,25.85,23.48,25.64,4261740.78
2021-10-02 00:00:00+00:00,25.63,27.23,25.35,26.15,3780085.0
2021-10-03 00:00:00+00:00,26.14,26.61,25.61,26.0,2177236.06
2021-10-04 00:00:00+00:00,26.01,26.02,24.22,25.34,2515850.29
2021-10-05 00:00:00+00:00,25.33,25.9,24.56,25.64,2093873.68
2021-10-06 00:00:00+00:00,25.64,26.04,23.79,25.25,2400309.01
2021-10-07 00:00:00+00:00,25.24,26.3,24.44,25.52,2190026.23
2021-10-08 00:00:00+00:00,25.53,26.1,24.62,24.76,1906592.17
2021-10-09 00:00:00+00:00,24.77,25.95,24.53,25.12,1342879.99
2021-10-10 00:00:00+00:00,25.15,26.0,24.08,24.17,2048362.62
2021-10-11 00:00:00+00:00,24.15,25.13,23.5,24.16,1704951.76
2021-10-12 00:00:00+00:00,24.16,24.18,22.3,23.46,1765179.48
2021-10-13 00:00:00+00:00,23.47,25.8,23.13,24.68,5582615.3
2021-10-14 00:00:00+00:00,24.7,27.0,24.52,26.43,3397885.31
2021-10-15 00:00:00+00:00,26.44,26.86,25.34,25.9,3090078.11
2021-10-16 00:00:00+00:00,25.88,27.99,25.73,27.06,3331454.33
2021-10-17 00:00:00+00:00,27.06,27.14,25.0,25.91,2293362.81
2021-10-18 00:00:00+00:00,25.92,26.24,24.85,25.64,1466133.78
2021-10-19 00:00:00+00:00,25.64,26.31,25.23,26.02,1374496.5
2021-10-20 00:00:00+00:00,26.03,27.14,25.5,27.12,1831462.0
2021-10-21 00:00:00+00:00,27.12,27.76,25.72,26.11,2192307.21
2021-10-22 00:00:00+00:00,26.1,26.86,25.33,25.63,1449568.95
2021-10-23 00:00:00+00:00,25.63,26.89,25.26,26.84,1344506.76
2021-10-24 00:00:00+00:00,26.85,27.25,25.35,25.79,1501331.61
2021-10-25 00:00:00+00:00,25.78,26.76,25.69,26.75,1270995.28
2021-10-26 00:00:00+00:00,26.75,28.3,26.09,26.55,3639235.64
2021-10-27 00:00:00+00:00,26.57,28.31,23.5,24.17,4583819.91
2021-10-28 00:00:00+00:00,24.16,25.37,23.91,24.89,2600717.48
2021-10-29 00:00:00+00:00,24.9,25.81,24.66,25.53,1606744.24
2021-10-30 00:00:00+00:00,25.54,25.6,24.4,24.91,1127205.87
2021-10-31 00:00:00+00:00,24.91,25.28,23.99,24.98,1219438.8
2021-11-01 00:00:00+00:00,24.99,26.46,24.13,25.62,2194938.19
2021-11-02 00:00:00+00:00,25.61,26.31,25.14,26.18,1527314.85
2021-11-03 00:00:00+00:00,26.17,27.07,25.34,26.89,2814244.55
2021-11-04 00:00:00+00:00,26.89,27.46,25.24,25.73,2787074.81
2021-11-05 00:00:00+00:00,25.72,26.12,25.26,25.57,2024809.25
2021-11-06 00:00:00+00:00,25.58,25.79,24.41,25.16,1363847.43
2021-11-07 00:00:00+00:00,25.16,25.5,24.96,25.33,1003251.62
2021-11-08 00:00:00+00:00,25.33,26.4,25.21,26.25,2478790.13
2021-11-09 00:00:00+00:00,26.25,27.8,25.82,26.36,3830667.58
2021-11-10 00:00:00+00:00,26.37,28.48,24.02,25.26,5766191.73
2021-11-11 00:00:00+00:00,25.26,26.12,24.9,25.38,1891206.97
2021-11-12 00:00:00+00:00,25.38,25.7,23.89,24.56,1826909.1
2021-11-13 00:00:00+00:00,24.57,24.82,24.16,24.65,953384.07
2021-11-14 00:00:00+00:00,24.66,25.02,24.01,24.57,939318.21
2021-11-15 00:00:00+00:00,24.57,25.9,23.73,24.0,1959952.97
2021-11-16 00:00:00+00:00,24.0,24.0,20.34,21.68,4692657.9
2021-11-17 00:00:00+00:00,21.69,21.95,21.04,21.88,1684296.15
2021-11-18 00:00:00+00:00,21.86,22.25,19.57,20.09,2178936.56
2021-11-19 00:00:00+00:00,20.09,21.31,19.77,21.2,1248029.43
2021-11-20 00:00:00+00:00,21.2,22.03,20.92,22.02,1230995.19
2021-11-21 00:00:00+00:00,22.03,22.17,21.38,21.62,896799.46
2021-11-22 00:00:00+00:00,21.62,22.31,20.72,20.95,1865975.43
2021-11-23 00:00:00+00:00,20.96,22.34,20.76,22.2,1361092.98
2021-11-24 00:00:00+00:00,22.21,22.31,20.53,20.8,1368958.45
2021-11-25 00:00:00+00:00,20.8,21.65,20.57,21.39,1388461.25
2021-11-26 00:00:00+00:00,21.4,21.45,18.71,19.27,1957267.01
2021-11-27 00:00:00+00:00,19.25,20.16,19.22,19.49,837834.92
2021-11-28 00:00:00+00:00,19.49,20.26,18.47,20.12,1453479.11
2021-11-29 00:00:00+00:00,20.12,20.48,19.6,20.26,1139685.58
2021-11-30 00:00:00+00:00,20.26,21.48,19.55,21.25,1697883.41
2021-12-01 00:00:00+00:00,21.25,22.3,20.77,20.95,1865023.7
2021-12-02 00:00:00+00:00,20.95,23.05,20.51,22.44,4262256.77
2021-12-03 00:00:00+00:00,22.41,23.03,19.26,19.96,2887521.15
2021-12-04 00:00:00+00:00,19.95,20.03,13.18,17.19,7587852.105
2021-12-05 00:00:00+00:00,17.18,17.48,15.88,16.53,2258446.65
2021-12-06 00:00:00+00:00,16.54,17.5,15.17,17.3,2275551.62
2021-12-07 00:00:00+00:00,17.3,17.66,16.92,17.14,1715523.25
2021-12-08 00:00:00+00:00,17.15,18.75,16.96,18.73,2080951.57
2021-12-09 00:00:00+00:00,18.73,18.77,16.11,16.17,2103223.72
2021-12-10 00:00:00+00:00,16.17,16.53,15.09,15.15,2357332.34
2021-12-11 00:00:00+00:00,15.14,16.74,14.94,15.9,1949767.09
2021-12-12 00:00:00+00:00,15.9,16.19,15.27,16.0,991330.38
2021-12-13 00:00:00+00:00,16.0,16.09,13.76,14.16,1984501.11
2021-12-14 00:00:00+00:00,14.16,15.08,13.91,15.0,1352106.29
2021-12-15 00:00:00+00:00,14.98,15.52,14.15,15.19,2194474.09
2021-12-16 00:00:00+00:00,15.19,15.37,14.34,14.42,2163655.41
2021-12-17 00:00:00+00:00,14.41,15.1,13.67,14.97,1789860.25
2021-12-18 00:00:00+00:00,14.97,16.1,14.67,15.56,2701601.97
2021-12-19 00:00:00+00:00,15.57,15.97,14.83,14.97,1589950.01
2021-12-20 00:00:00+00:00,14.96,15.17,13.96,14.51,1821301.19
2021-12-21 00:00:00+00:00,14.51,15.1,14.31,15.05,1098347.03
2021-12-22 00:00:00+00:00,15.05,18.0,14.96,16.23,2472751.55
2021-12-23 00:00:00+00:00,16.22,18.26,15.92,18.17,4136178.14
2021-12-24 00:00:00+00:00,18.18,18.29,17.23,17.49,2297059.66
2021-12-25 00:00:00+00:00,17.51,17.84,17.07,17.46,1217142.43
2021-12-26 00:00:00+00:00,17.47,18.79,16.71,18.66,1838091.86
2021-12-27 00:00:00+00:00,18.65,20.07,18.53,19.12,2679418.19
2021-12-28 00:00:00+00:00,19.13,19.92,17.72,18.39,4013857.2
2021-12-29 00:00:00+00:00,18.4,19.5,16.87,17.13,3638665.39
2021-12-30 00:00:00+00:00,17.12,17.91,16.71,17.8,1609634.43
2021-12-31 00:00:00+00:00,17.8,18.65,16.77,17.0,2203063.81
2022-01-01 00:00:00+00:00,17.01,17.57,16.79,17.48,1236062.74
2022-01-02 00:00:00+00:00,17.48,18.5,17.04,18.4,1239824.76
2022-01-03 00:00:00+00:00,18.39,19.18,17.84,18.46,2377836.01
2022-01-04 00:00:00+00:00,18.47,19.15,17.68,18.21,2349174.13
2022-01-05 00:00:00+00:00,18.21,19.87,16.31,17.11,4464972.53
2022-01-06 00:00:00+00:00,17.12,17.26,16.08,17.06,2682869.44
2022-01-07 00:00:00+00:00,17.07,17.16,15.23,15.76,2769810.35
2022-01-08 00:00:00+00:00,15.77,16.2,14.53,14.92,1535850.86
2022-01-09 00:00:00+00:00,14.93,16.3,14.81,15.8,1329527.16
2022-01-10 00:00:00+00:00,15.8,16.46,14.64,15.11,2523686.14
2022-01-11 00:00:00+00:00,15.12,16.32,14.98,15.96,1710488.91
2022-01-12 00:00:00+00:00,15.97,16.61,15.95,16.28,1250210.31
2022-01-13 00:00:00+00:00,16.29,16.59,15.39,15.45,1407495.12
2022-01-14 00:00:00+00:00,15.46,15.96,15.13,15.86,959028.98
2022-01-15 00:00:00+00:00,15.85,16.72,15.7,16.47,1097913.21
2022-01-16 00:00:00+00:00,16.47,18.19,16.29,17.83,1883856.29
2022-01-17 00:00:00+00:00,17.83,17.96,16.23,16.63,1629800.43
2022-01-18 00:00:00+00:00,16.64,17.72,15.62,15.98,2159779.56
2022-01-19 00:00:00+00:00,15.97,16.23,15.1,15.11,1148456.18
2022-01-20 00:00:00+00:00,15.12,16.19,14.37,14.46,1317288.83
2022-01-21 00:00:00+00:00,14.45,14.67,12.31,12.64,2858141.448
2022-01-22 00:00:00+00:00,12.64,13.01,10.35,11.15,4555381.496
2022-01-23 00:00:00+00:00,11.14,11.93,10.82,11.42,2354356.17
2022-01-24 00:00:00+00:00,11.42,11.43,9.53,10.68,3978296.27
2022-01-25 00:00:00+00:00,10.69,10.94,10.32,10.58,1480467.38
2022-01-26 00:00:00+00:00,10.59,11.77,10.35,10.58,2025241.33
2022-01-27 00:00:00+00:00,10.59,10.92,9.89,10.32,2548189.29
2022-01-28 00:00:00+00:00,10.32,10.74,9.85,10.67,1332611.38
2022-01-29 00:00:00+00:00,10.66,11.24,10.57,11.16,1363190.07
2022-01-30 00:00:00+00:00,11.15,11.45,10.64,10.79,1062723.27
2022-01-31 00:00:00+00:00,10.79,11.9,10.29,11.77,1671188.24
2022-02-01 00:00:00+00:00,11.77,11.87,11.01,11.11,1723172.05
2022-02-02 00:00:00+00:00,11.11,11.36,10.39,10.52,1659977.39
2022-02-03 00:00:00+00:00,10.51,10.59,9.97,10.41,1348397.8
2022-02-04 00:00:00+00:00,10.4,11.5,10.32,11.18,2241922.29
2022-02-05 00:00:00+00:00,11.18,12.04,11.11,11.25,2268387.76
2022-02-06 00:00:00+00:00,11.25,11.73,11.01,11.67,1414908.03
2022-02-07 00:00:00+00:00,11.67,12.6,11.38,12.37,3428495.34
2022-02-08 00:00:00+00:00,12.37,13.0,11.5,11.94,3071005.14
2022-02-09 00:00:00+00:00,11.94,12.65,11.6,12.32,1725896.49
2022-02-10 00:00:00+00:00,12.32,12.35,11.33,11.41,2443921.95
2022-02-11 00:00:00+00:00,11.41,11.66,10.38,10.64,1308177.72
2022-02-12 00:00:00+00:00,10.65,10.98,10.4,10.65,1005286.41
2022-02-13 00:00:00+00:00,10.64,10.86,10.25,10.33,758608.08
2022-02-14 00:00:00+00:00,10.33,10.72,10.1,10.61,861079.98
2022-02-15 00:00:00+00:00,10.61,11.53,10.6,11.47,1419334.1
2022-02-16 00:00:00+00:00,11.47,11.53,10.78,11.22,1491829.1
2022-02-17 00:00:00+00:00,11.23,11.38,10.22,10.4,1492563.74
2022-02-18 00:00:00+00:00,10.41,10.7,10.04,10.16,1370733.24
2022-02-19 00:00:00+00:00,10.16,10.42,9.75,10.03,1056382.64
2022-02-20 00:00:00+00:00,10.02,10.05,9.18,9.35,1500266.051
2022-02-21 00:00:00+00:00,9.35,9.76,8.5,8.53,2516924.768
2022-02-22 00:00:00+00:00,8.52,8.97,8.13,8.86,2363257.731
2022-02-23 00:00:00+00:00,8.87,9.46,8.71,8.74,1870091.15
2022-02-24 00:00:00+00:00,8.74,9.06,7.51,8.82,5800166.655
2022-02-25 00:00:00+00:00,8.82,9.43,8.45,9.25,1958327.84
2022-02-26 00:00:00+00:00,9.25,9.55,8.93,9.05,1434761.9
2022-02-27 00:00:00+00:00,9.06,10.15,8.64,9.77,5227479.72
2022-02-28 00:00:00+00:00,9.78,10.55,9.36,10.53,4566984.09
2022-03-01 00:00:00+00:00,10.54,10.83,10.02,10.35,3684418.62
2022-03-02 00:00:00+00:00,10.36,10.59,9.95,10.04,2734874.01
2022-03-03 00:00:00+00:00,10.05,10.12,9.42,9.55,1792211.69
2022-03-04 00:00:00+00:00,9.56,9.57,8.65,8.8,2100224.3
2022-03-05 00:00:00+00:00,8.8,9.14,8.66,9.01,1293852.52
2022-03-06 00:00:00+00:00,9.02,9.08,8.44,8.48,1828590.34
2022-03-07 00:00:00+00:00,8.48,8.8,8.1,8.3,2469944.16
2022-03-08 00:00:00+00:00,8.31,8.87,8.24,8.81,2274200.81
2022-03-09 00:00:00+00:00,8.82,9.46,8.74,9.21,2637766.42
2022-03-10 00:00:00+00:00,9.22,9.3,8.49,8.68,2081355.46
2022-03-11 00:00:00+00:00,8.68,9.05,8.36,8.51,2280471.78
2022-03-12 00:00:00+00:00,8.51,8.87,8.44,8.46,1336697.32
2022-03-13 00:00:00+00:00,8.47,8.76,8.12,8.19,1345879.23
2022-03-14 00:00:00+00:00,8.2,8.58,8.1,8.49,1888909.71
2022-03-15 00:00:00+00:00,8.49,8.8,8.14,8.72,1550652.01
2022-03-16 00:00:00+00:00,8.72,9.22,8.5,9.1,2613174.5
2022-03-17 00:00:00+00:00,9.1,9.41,9.02,9.22,1661105.99
2022-03-18 00:00:00+00:00,9.23,9.77,9.0,9.63,2004333.01
2022-03-19 00:00:00+00:00,9.63,9.96,9.54,9.74,3247681.74
2022-03-20 00:00:00+00:00,9.74,9.78,9.13,9.32,1844603.94
2022-03-21 00:00:00+00:00,9.33,9.61,9.17,9.34,2120500.49
2022-03-22 00:00:00+00:00,9.35,10.17,9.27,9.75,2661212.89
2022-03-23 00:00:00+00:00,9.75,10.26,9.65,10.0,2078395.51
2022-03-24 00:00:00+00:00,10.01,10.8,9.96,10.79,3091213.21
2022-03-25 00:00:00+00:00,10.79,11.15,10.42,10.57,2828893.98
2022-03-26 00:00:00+00:00,10.58,10.75,10.36,10.63,1142328.95
2022-03-27 00:00:00+00:00,10.63,11.44,10.46,11.41,2256090.51
2022-03-28 00:00:00+00:00,11.41,11.58,10.76,10.9,3163768.27
2022-03-29 00:00:00+00:00,10.91,11.72,10.88,11.25,2920712.49
2022-03-30 00:00:00+00:00,11.25,11.85,10.8,11.72,3246794.45
2022-03-31 00:00:00+00:00,11.73,12.49,11.04,11.29,4407918.63
2022-04-01 00:00:00+00:00,11.3,12.09,10.87,11.58,3366731.25
2022-04-02 00:00:00+00:00,11.58,12.02,11.42,11.65,3441860.07
2022-04-03 00:00:00+00:00,11.65,12.04,11.46,11.87,2283837.64
2022-04-04 00:00:00+00:00,11.87,12.17,11.04,11.54,2864850.62
2022-04-05 00:00:00+00:00,11.55,11.9,11.04,11.12,1594119.81
2022-04-06 00:00:00+00:00,11.12,11.12,9.91,9.96,2810776.72
2022-04-07 00:00:00+00:00,9.96,10.55,9.81,10.44,1456826.8
2022-04-08 00:00:00+00:00,10.44,10.55,9.62,9.74,1472282.01
2022-04-09 00:00:00+00:00,9.74,10.09,9.72,10.05,857175.17
2022-04-10 00:00:00+00:00,10.05,10.32,9.83,9.88,928829.63
2022-04-11 00:00:00+00:00,9.89,9.89,8.9,8.99,1608656.52
2022-04-12 00:00:00+00:00,8.99,9.49,8.94,9.32,1052819.76
2022-04-13 00:00:00+00:00,9.32,9.74,9.26,9.65,1235317.71
2022-04-14 00:00:00+00:00,9.66,9.75,9.32,9.48,927401.63
2022-04-15 00:00:00+00:00,9.48,9.98,9.45,9.77,1105710.14
2022-04-16 00:00:00+00:00,9.77,9.83,9.49,9.67,604301.21
2022-04-17 00:00:00+00:00,9.67,9.72,9.19,9.24,679734.11
2022-04-18 00:00:00+00:00,9.24,9.41,8.85,9.38,1295324.11
2022-04-19 00:00:00+00:00,9.39,9.62,9.21,9.55,876687.55
2022-04-20 00:00:00+00:00,9.55,9.7,9.1,9.32,1389404.39
2022-04-21 00:00:00+00:00,9.33,9.72,8.61,8.85,1951981.2
2022-04-22 00:00:00+00:00,8.86,9.14,8.74,8.91,1475388.63
2022-04-23 00:00:00+00:00,8.91,9.22,8.83,8.9,995331.67
2022-04-24 00:00:00+00:00,8.91,9.16,8.68,8.71,1087081.66
2022-04-25 00:00:00+00:00,8.71,8.78,8.16,8.73,1836789.57
2022-04-26 00:00:00+00:00,8.74,8.82,7.91,8.01,1315422.73
2022-04-27 00:00:00+00:00,8.01,8.41,7.98,8.23,1036909.08
2022-04-28 00:00:00+00:00,8.23,8.36,8.02,8.16,1363059.67
2022-04-29 00:00:00+00:00,8.17,8.23,7.51,7.61,1635435.76
2022-04-30 00:00:00+00:00,7.62,7.79,6.35,6.75,2622825.358
2022-05-01 00:00:00+00:00,6.76,7.24,6.53,7.12,2287673.78
2022-05-02 00:00:00+00:00,7.12,7.2,6.64,6.94,1762024.29
2022-05-03 00:00:00+00:00,6.94,7.13,6.69,6.85,1239669.15
2022-05-04 00:00:00+00:00,6.86,7.97,6.83,7.93,2536415.52
2022-05-05 00:00:00+00:00,7.93,8.11,6.96,7.34,2925514.8
2022-05-06 00:00:00+00:00,7.35,7.7,6.85,7.59,2686760.07
2022-05-07 00:00:00+00:00,7.59,7.65,6.97,7.18,2468567.96
2022-05-08 00:00:00+00:00,7.18,7.34,6.85,7.09,2402992.12
2022-05-09 00:00:00+00:00,7.1,7.22,5.9,5.95,5910358.919
2022-05-10 00:00:00+00:00,5.95,6.66,5.75,6.07,5405883.36
2022-05-11 00:00:00+00:00,6.08,6.22,4.65,4.91,9587421.08
2022-05-12 00:00:00+00:00,4.92,5.2,3.73,4.67,8726581.3
2022-05-13 00:00:00+00:00,4.67,5.47,4.6,5.13,4218652.85
2022-05-14 00:00:00+00:00,5.14,5.38,4.72,5.17,3157543.73
2022-05-15 00:00:00+00:00,5.18,5.47,4.98,5.46,2656164.5
2022-05-16 00:00:00+00:00,5.46,5.46,4.89,5.06,2815061.2
2022-05-17 00:00:00+00:00,5.06,5.51,5.04,5.47,3218048.3
2022-05-18 00:00:00+00:00,5.47,5.55,4.87,4.89,2512634.31
2022-05-19 00:00:00+00:00,4.9,5.35,4.73,5.19,3074014.69
2022-05-20 00:00:00+00:00,5.2,5.52,4.92,5.1,3301934.51
2022-05-21 00:00:00+00:00,5.1,5.38,4.98,5.24,1909543.26
2022-05-22 00:00:00+00:00,5.24,5.54,5.12,5.48,2259806.45
2022-05-23 00:00:00+00:00,5.49,6.08,5.36,5.62,4457774.11
2022-05-24 00:00:00+00:00,5.63,5.83,5.28,5.6,3734107.58
2022-05-25 00:00:00+00:00,5.6,5.8,5.38,5.62,3072355.39
2022-05-26 00:00:00+00:00,5.63,5.77,4.77,4.95,4505027.86
2022-05-27 00:00:00+00:00,4.95,5.09,4.59,4.69,5120258.03
2022-05-28 00:00:00+00:00,4.7,5.03,4.61,4.98,2470893.6
2022-05-29 00:00:00+00:00,4.99,5.03,4.77,4.95,2160832.05
2022-05-30 00:00:00+00:00,4.95,5.7,4.89,5.66,3675000.23
2022-05-31 00:00:00+00:00,5.66,5.88,5.54,5.7,3488946.0
2022-06-01 00:00:00+00:00,5.7,5.82,5.1,5.14,2830546.52
2022-06-02 00:00:00+00:00,5.14,5.34,5.04,5.3,2429713.61
2022-06-03 00:00:00+00:00,5.3,5.34,4.96,5.08,1457460.12
2022-06-04 00:00:00+00:00,5.08,5.18,4.94,5.13,1013048.94
2022-06-05 00:00:00+00:00,5.13,5.23,4.91,5.09,1087831.95
2022-06-06 00:00:00+00:00,5.1,5.42,5.09,5.37,1867925.83
2022-06-07 00:00:00+00:00,5.38,5.42,4.93,5.22,3231580.55
2022-06-08 00:00:00+00:00,5.22,5.33,5.03,5.09,2123447.57
2022-06-09 00:00:00+00:00,5.09,5.36,5.02,5.2,853487.87
2022-06-10 00:00:00+00:00,5.21,5.23,4.76,4.81,1581466.82
2022-06-11 00:00:00+00:00,4.82,4.97,4.33,4.39,2353190.48
2022-06-12 00:00:00+00:00,4.39,4.48,4.05,4.06,2323564.16
2022-06-13 00:00:00+00:00,4.07,4.14,3.45,3.66,6519155.239
2022-06-14 00:00:00+00:00,3.68,3.93,3.35,3.86,4168211.001
2022-06-15 00:00:00+00:00,3.87,4.43,3.39,4.42,6369871.19
2022-06-16 00:00:00+00:00,4.43,4.47,3.75,3.83,4771731.28
2022-06-17 00:00:00+00:00,3.84,4.01,3.79,3.93,1993568.78
2022-06-18 00:00:00+00:00,3.94,4.09,3.33,3.64,3885227.55
2022-06-19 00:00:00+00:00,3.65,4.27,3.49,4.19,3544123.62
2022-06-20 00:00:00+00:00,4.2,4.4,3.98,4.29,4592702.26
2022-06-21 00:00:00+00:00,4.3,5.21,4.22,4.77,5883772.19
2022-06-22 00:00:00+00:00,4.78,5.37,4.56,4.98,9486178.31
2022-06-23 00:00:00+00:00,4.99,5.69,4.96,5.62,6511782.97
2022-06-24 00:00:00+00:00,5.63,5.8,5.35,5.47,4699338.84
2022-06-25 00:00:00+00:00,5.47,5.77,5.24,5.62,2761812.5
2022-06-26 00:00:00+00:00,5.62,6.08,5.47,5.6,3795149.93
2022-06-27 00:00:00+00:00,5.6,5.93,5.27,5.33,3881305.15
2022-06-28 00:00:00+00:00,5.34,5.49,4.86,4.92,3338083.21
2022-06-29 00:00:00+00:00,4.93,5.26,4.78,5.11,4408158.23
2022-06-30 00:00:00+00:00,5.12,5.15,4.6,5.0,5100727.33
2022-07-01 00:00:00+00:00,5.01,5.13,4.74,4.86,3790068.99
2022-07-02 00:00:00+00:00,4.86,5.09,4.72,4.92,2773018.71
2022-07-03 00:00:00+00:00,4.92,4.96,4.72,4.91,1954557.14
2022-07-04 00:00:00+00:00,4.92,5.36,4.73,5.35,2282415.88
2022-07-05 00:00:00+00:00,5.35,5.45,5.01,5.3,3012580.5
2022-07-06 00:00:00+00:00,5.31,5.5,5.19,5.35,3384862.08
2022-07-07 00:00:00+00:00,5.36,5.83,5.29,5.73,2522250.62
2022-07-08 00:00:00+00:00,5.73,5.97,5.52,5.8,3246478.2
2022-07-09 00:00:00+00:00,5.8,6.62,5.8,6.46,3944641.16
2022-07-10 00:00:00+00:00,6.46,6.48,5.98,6.23,3500367.63
2022-07-11 00:00:00+00:00,6.24,6.28,5.23,5.57,5746929.26
2022-07-12 00:00:00+00:00,5.57,5.89,5.45,5.54,6679031.05
2022-07-13 00:00:00+00:00,5.54,6.27,5.24,6.12,6448203.92
2022-07-14 00:00:00+00:00,6.12,7.11,6.02,7.02,12068688.69
2022-07-15 00:00:00+00:00,7.02,7.26,6.72,6.78,4718959.43
2022-07-16 00:00:00+00:00,6.79,7.7,6.67,7.38,4888161.58
2022-07-17 00:00:00+00:00,7.38,7.48,6.89,6.94,2752228.05
2022-07-18 00:00:00+00:00,6.95,7.46,6.92,7.33,4645472.95
2022-07-19 00:00:00+00:00,7.33,7.76,7.21,7.35,6058507.79
2022-07-20 00:00:00+00:00,7.35,7.61,6.78,6.86,4550577.76
2022-07-21 00:00:00+00:00,6.87,7.29,6.67,7.23,3074675.99
2022-07-22 00:00:00+00:00,7.23,7.46,6.82,6.89,2877264.23
2022-07-23 00:00:00+00:00,6.89,7.21,6.63,6.97,2235643.93
2022-07-24 00:00:00+00:00,6.97,7.36,6.88,7.24,2525993.63
2022-07-25 00:00:00+00:00,7.25,7.53,6.81,7.04,6229298.83
2022-07-26 00:00:00+00:00,7.05,7.05,6.22,6.66,4654432.23
2022-07-27 00:00:00+00:00,6.66,8.2,6.5,8.03,5793578.3
2022-07-28 00:00:00+00:00,8.04,9.83,7.95,9.28,9994818.79
2022-07-29 00:00:00+00:00,9.28,9.41,8.61,9.08,5531524.94
2022-07-30 00:00:00+00:00,9.09,9.17,8.51,8.78,3750663.41
2022-07-31 00:00:00+00:00,8.78,9.15,8.29,8.32,3743212.8
2022-08-01 00:00:00+00:00,8.33,8.57,8.05,8.36,3186288.03
2022-08-02 00:00:00+00:00,8.36,8.68,7.81,8.25,5449833.97
2022-08-03 00:00:00+00:00,8.26,9.39,8.02,8.91,5385763.95
2022-08-04 00:00:00+00:00,8.91,9.12,8.51,8.82,3907337.17
2022-08-05 00:00:00+00:00,8.83,9.27,8.78,8.96,2609906.34
2022-08-06 00:00:00+00:00,8.97,9.15,8.73,8.77,1392030.35
2022-08-07 00:00:00+00:00,8.78,8.98,8.7,8.79,1069655.1
2022-08-08 00:00:00+00:00,8.79,9.28,8.73,8.79,2407847.58
2022-08-09 00:00:00+00:00,8.79,8.87,8.08,8.44,2765223.62
2022-08-10 00:00:00+00:00,8.44,9.44,8.08,9.22,3634726.46
2022-08-11 00:00:00+00:00,9.22,9.62,8.85,8.96,3138103.51
2022-08-12 00:00:00+00:00,8.96,9.25,8.74,9.21,1809218.5
2022-08-13 00:00:00+00:00,9.21,9.35,8.9,8.99,1945918.91
2022-08-14 00:00:00+00:00,8.99,9.62,8.75,8.87,3027701.99
2022-08-15 00:00:00+00:00,8.88,9.17,8.29,8.47,2949106.6
2022-08-16 00:00:00+00:00,8.47,8.57,8.19,8.33,2815218.35
2022-08-17 00:00:00+00:00,8.34,8.67,7.82,7.96,2509782.62
2022-08-18 00:00:00+00:00,7.96,8.21,7.4,7.58,1930259.69
2022-08-19 00:00:00+00:00,7.58,7.7,6.79,6.9,3751478.06
2022-08-20 00:00:00+00:00,6.9,7.2,6.74,7.0,1861911.06
2022-08-21 00:00:00+00:00,7.01,7.32,6.97,7.21,1796500.88
2022-08-22 00:00:00+00:00,7.21,7.36,6.61,6.98,2950439.29
2022-08-23 00:00:00+00:00,6.99,7.22,6.74,7.11,1794566.82
2022-08-24 00:00:00+00:00,7.12,7.29,6.87,7.05,1454967.94
2022-08-25 00:00:00+00:00,7.05,7.25,6.92,7.03,1618060.83
2022-08-26 00:00:00+00:00,7.03,7.03,6.07,6.16,3447418.21
2022-08-27 00:00:00+00:00,6.16,6.2,5.95,6.06,2108020.78
2022-08-28 00:00:00+00:00,6.06,6.11,5.71,5.74,1641116.78
2022-08-29 00:00:00+00:00,5.74,6.4,5.68,6.34,1731326.51
2022-08-30 00:00:00+00:00,6.34,6.46,5.94,6.17,2274706.86
2022-08-31 00:00:00+00:00,6.18,6.43,6.1,6.15,4043991.47
2022-09-01 00:00:00+00:00,6.15,6.36,5.95,6.31,1820390.25
2022-09-02 00:00:00+00:00,6.32,6.7,6.19,6.4,1422913.91
2022-09-03 00:00:00+00:00,6.41,6.41,6.22,6.31,543996.82
2022-09-04 00:00:00+00:00,6.31,6.52,6.22,6.48,866358.74
2022-09-05 00:00:00+00:00,6.49,6.67,6.18,6.58,1890083.53
2022-09-06 00:00:00+00:00,6.58,6.75,5.78,5.82,2583144.95
2022-09-07 00:00:00+00:00,5.84,6.23,5.71,6.12,1489249.08
2022-09-08 00:00:00+00:00,6.12,6.26,5.95,6.18,1355600.75
2022-09-09 00:00:00+00:00,6.18,6.72,6.17,6.51,3068327.74
2022-09-10 00:00:00+00:00,6.51,6.73,6.43,6.68,1761517.67
2022-09-11 00:00:00+00:00,6.68,6.73,6.36,6.49,1993817.61
2022-09-12 00:00:00+00:00,6.49,6.97,6.37,6.65,2670140.3
2022-09-13 00:00:00+00:00,6.66,6.77,5.99,6.03,2566863.34
2022-09-14 00:00:00+00:00,6.04,6.24,5.95,6.18,1385955.51
2022-09-15 00:00:00+00:00,6.18,6.24,5.78,5.89,2138227.19
2022-09-16 00:00:00+00:00,5.89,5.94,5.66,5.83,1047796.51
2022-09-17 00:00:00+00:00,5.83,6.04,5.81,6.02,1013366.23
2022-09-18 00:00:00+00:00,6.02,6.05,5.33,5.47,1570359.47
2022-09-19 00:00:00+00:00,5.47,5.52,5.2,5.48,2149386.95
2022-09-20 00:00:00+00:00,5.48,5.55,5.26,5.3,1249696.73
2022-09-21 00:00:00+00:00,5.3,5.76,5.14,5.34,2589816.38
2022-09-22 00:00:00+00:00,5.34,5.86,5.32,5.74,2275079.32
2022-09-23 00:00:00+00:00,5.74,5.99,5.7,5.91,1970328.28
2022-09-24 00:00:00+00:00,5.92,6.06,5.76,5.8,1437096.64
2022-09-25 00:00:00+00:00,5.8,5.96,5.61,5.66,1344115.75
2022-09-26 00:00:00+00:00,5.66,5.99,5.55,5.92,2534723.74
2022-09-27 00:00:00+00:00,5.93,6.71,5.9,6.38,6339426.95
2022-09-28 00:00:00+00:00,6.38,6.63,6.0,6.56,3712680.15
2022-09-29 00:00:00+00:00,6.56,6.57,6.12,6.38,2598995.52
2022-09-30 00:00:00+00:00,6.38,6.77,6.26,6.46,4068677.81
2022-10-01 00:00:00+00:00,6.47,6.66,6.38,6.4,1748286.97
2022-10-02 00:00:00+00:00,6.4,6.54,6.17,6.26,4337227.16
2022-10-03 00:00:00+00:00,6.27,6.81,6.18,6.63,3976429.93
2022-10-04 00:00:00+00:00,6.63,6.85,6.57,6.65,4159895.25
2022-10-05 00:00:00+00:00,6.65,6.82,6.47,6.81,1875783.47
2022-10-06 00:00:00+00:00,6.82,7.0,6.75,6.87,3232477.74
2022-10-07 00:00:00+00:00,6.88,7.08,6.68,6.79,2553847.66
2022-10-08 00:00:00+00:00,6.79,6.85,6.42,6.51,1382326.01
2022-10-09 00:00:00+00:00,6.52,6.65,6.49,6.63,1024713.14
2022-10-10 00:00:00+00:00,6.64,6.72,6.2,6.39,1298488.66
2022-10-11 00:00:00+00:00,6.4,6.51,5.94,6.0,2152592.06
2022-10-12 00:00:00+00:00,6.0,6.17,5.97,6.06,1162059.31
2022-10-13 00:00:00+00:00,6.06,6.22,5.38,6.14,4697466.68
2022-10-14 00:00:00+00:00,6.15,6.53,6.09,6.28,3412672.47
2022-10-15 00:00:00+00:00,6.29,6.34,5.99,6.04,1247305.22
2022-10-16 00:00:00+00:00,6.05,6.17,5.97,6.1,1073581.7
2022-10-17 00:00:00+00:00,6.11,6.45,6.04,6.39,1627806.78
2022-10-18 00:00:00+00:00,6.4,6.66,6.21,6.53,2725331.66
2022-10-19 00:00:00+00:00,6.53,6.77,6.38,6.57,3736310.05
2022-10-20 00:00:00+00:00,6.57,6.59,6.01,6.09,3308415.98
2022-10-21 00:00:00+00:00,6.1,6.17,5.82,6.03,4786494.44
2022-10-22 00:00:00+00:00,6.04,6.16,5.98,6.09,1371657.2
2022-10-23 00:00:00+00:00,6.09,6.3,5.97,6.29,2051908.12
2022-10-24 00:00:00+00:00,6.29,6.37,6.06,6.15,2106358.09
2022-10-25 00:00:00+00:00,6.14,6.78,6.07,6.58,2743931.61
2022-10-26 00:00:00+00:00,6.58,6.9,6.52,6.69,2695553.59
2022-10-27 00:00:00+00:00,6.69,7.22,6.68,6.8,4444778.43
2022-10-28 00:00:00+00:00,6.8,6.99,6.51,6.85,5842955.79
2022-10-29 00:00:00+00:00,6.86,7.24,6.71,7.1,3869923.53
2022-10-30 00:00:00+00:00,7.1,7.37,6.78,6.89,2644418.17
2022-10-31 00:00:00+00:00,6.89,7.13,6.7,6.96,2275736.39
2022-11-01 00:00:00+00:00,6.95,7.46,6.91,7.12,3496980.2
2022-11-02 00:00:00+00:00,7.11,7.38,6.83,7.1,4285397.04
2022-11-03 00:00:00+00:00,7.1,7.41,6.89,6.91,3786516.87
2022-11-04 00:00:00+00:00,6.92,7.77,6.81,7.55,4736168.89
2022-11-05 00:00:00+00:00,7.55,7.79,7.51,7.69,3072316.99
2022-11-06 00:00:00+00:00,7.68,7.77,7.04,7.06,2698935.24
2022-11-07 00:00:00+00:00,7.05,7.7,6.87,7.01,5156008.98
2022-11-08 00:00:00+00:00,7.0,7.1,5.45,6.07,7487956.51
2022-11-09 00:00:00+00:00,6.07,6.22,4.71,4.9,6577704.69
2022-11-10 00:00:00+00:00,4.89,5.91,4.79,5.77,8234747.54
2022-11-11 00:00:00+00:00,5.76,6.25,5.45,6.1,5737113.98
2022-11-12 00:00:00+00:00,6.1,6.19,5.28,5.56,5885301.5
2022-11-13 00:00:00+00:00,5.56,6.17,5.52,5.8,6047885.22
2022-11-14 00:00:00+00:00,5.8,6.12,5.38,6.09,4632784.5
2022-11-15 00:00:00+00:00,6.09,6.51,5.97,6.28,3232226.5
2022-11-16 00:00:00+00:00,6.29,6.42,5.83,5.96,2294924.86
2022-11-17 00:00:00+00:00,5.96,6.05,5.66,5.73,1586245.52
2022-11-18 00:00:00+00:00,5.73,6.06,5.72,5.85,2158402.94
2022-11-19 00:00:00+00:00,5.86,5.89,5.66,5.76,1138049.07
2022-11-20 00:00:00+00:00,5.75,5.82,5.38,5.44,1595556.76
2022-11-21 00:00:00+00:00,5.44,5.48,5.08,5.19,2983854.29
2022-11-22 00:00:00+00:00,5.19,5.39,4.95,5.31,2987868.2
2022-11-23 00:00:00+00:00,5.32,5.55,5.25,5.49,2040961.3
2022-11-24 00:00:00+00:00,5.49,5.6,5.38,5.45,1805163.64
2022-11-25 00:00:00+00:00,5.46,5.52,5.29,5.41,2011725.37
2022-11-26 00:00:00+00:00,5.42,5.63,5.36,5.42,1995736.3
2022-11-27 00:00:00+00:00,5.42,5.62,5.38,5.41,1575180.9
2022-11-28 00:00:00+00:00,5.41,5.46,5.14,5.29,1741272.08
2022-11-29 00:00:00+00:00,5.29,5.54,5.25,5.46,1482348.08
2022-11-30 00:00:00+00:00,5.46,5.9,5.46,5.86,3680518.7
2022-12-01 00:00:00+00:00,5.86,6.0,5.71,5.91,2310368.79
2022-12-02 00:00:00+00:00,5.92,6.55,5.85,6.34,3620090.5
2022-12-03 00:00:00+00:00,6.35,6.45,6.06,6.1,2191455.07
2022-12-04 00:00:00+00:00,6.1,6.3,6.09,6.27,1178424.41
2022-12-05 00:00:00+00:00,6.26,6.43,6.11,6.17,1982022.18
2022-12-06 00:00:00+00:00,6.18,6.24,6.04,6.18,1478434.32
2022-12-07 00:00:00+00:00,6.18,6.29,5.88,6.0,1575792.34
2022-12-08 00:00:00+00:00,6.0,6.23,5.92,6.19,1567224.99
2022-12-09 00:00:00+00:00,6.19,6.29,6.06,6.17,1541370.39
2022-12-10 00:00:00+00:00,6.17,6.22,6.06,6.08,590170.21
2022-12-11 00:00:00+00:00,6.09,6.11,5.88,5.92,966345.11
2022-12-12 00:00:00+00:00,5.92,5.98,5.74,5.92,1386337.13
2022-12-13 00:00:00+00:00,5.93,6.26,5.83,6.11,1840137.97
2022-12-14 00:00:00+00:00,6.11,6.24,5.904,5.908,1934419.31
2022-12-15 00:00:00+00:00,5.909,6.013,5.761,5.799,2045005.07
2022-12-16 00:00:00+00:00,5.798,5.878,5.211,5.3,2542701.55
2022-12-17 00:00:00+00:00,5.298,5.44,5.24,5.386,1843589.52
2022-12-18 00:00:00+00:00,5.387,5.408,5.306,5.328,659947.73
2022-12-19 00:00:00+00:00,5.33,5.427,5.004,5.09,1266701.01
2022-12-20 00:00:00+00:00,5.092,5.396,5.05,5.362,937182.55
2022-12-21 00:00:00+00:00,5.362,5.369,5.201,5.322,713931.26
2022-12-22 00:00:00+00:00,5.323,5.391,5.128,5.372,845462.84
2022-12-23 00:00:00+00:00,5.372,5.411,5.232,5.265,701601.65
2022-12-24 00:00:00+00:00,5.265,5.271,5.175,5.202,284307.17
2022-12-25 00:00:00+00:00,5.202,5.239,5.05,5.161,616106.04
2022-12-26 00:00:00+00:00,5.161,5.21,5.129,5.203,486780.77
2022-12-27 00:00:00+00:00,5.204,5.33,5.095,5.193,757475.92
2022-12-28 00:00:00+00:00,5.193,5.203,4.943,4.97,1648770.08
2022-12-29 00:00:00+00:00,4.971,5.146,4.944,5.048,1004632.54
2022-12-30 00:00:00+00:00,5.049,5.114,4.95,5.098,585425.43
2022-12-31 00:00:00+00:00,5.099,5.203,5.056,5.166,378957.61
2023-01-01 00:00:00+00:00,5.167,5.271,5.1,5.248,389616.4
2023-01-02 00:00:00+00:00,5.249,5.465,5.179,5.371,1662826.88
2023-01-03 00:00:00+00:00,5.371,5.422,5.278,5.379,860072.76
2023-01-04 00:00:00+00:00,5.379,5.601,5.363,5.532,1516377.16
2023-01-05 00:00:00+00:00,5.532,5.563,5.33,5.377,820778.6
2023-01-06 00:00:00+00:00,5.377,5.534,5.243,5.52,859961.5
2023-01-07 00:00:00+00:00,5.521,5.565,5.395,5.414,546115.79
2023-01-08 00:00:00+00:00,5.417,5.611,5.344,5.58,683456.6
2023-01-09 00:00:00+00:00,5.582,5.967,5.564,5.79,1749532.99
2023-01-10 00:00:00+00:00,5.79,5.88,5.665,5.781,1259371.78
2023-01-11 00:00:00+00:00,5.78,5.958,5.607,5.919,1212140.69
2023-01-12 00:00:00+00:00,5.919,6.194,5.858,6.181,2463678.33
2023-01-13 00:00:00+00:00,6.181,6.363,6.017,6.307,1758626.38
2023-01-14 00:00:00+00:00,6.304,6.968,6.29,6.621,4123554.58
2023-01-15 00:00:00+00:00,6.628,6.683,6.388,6.592,1739529.53
2023-01-16 00:00:00+00:00,6.59,6.741,6.271,6.54,2092183.26
2023-01-17 00:00:00+00:00,6.538,6.653,6.312,6.342,1699782.2
2023-01-18 00:00:00+00:00,6.344,6.82,6.0,6.048,4635622.91
2023-01-19 00:00:00+00:00,6.046,6.193,5.986,6.164,1337154.65
2023-01-20 00:00:00+00:00,6.166,6.707,6.072,6.67,1516120.44
2023-01-21 00:00:00+00:00,6.67,6.826,6.52,6.66,2188789.99
2023-01-22 00:00:00+00:00,6.661,7.109,6.604,6.888,3055847.21
2023-01-23 00:00:00+00:00,6.888,7.036,6.602,6.721,2915529.29
2023-01-24 00:00:00+00:00,6.721,6.829,6.212,6.296,2261133.47
2023-01-25 00:00:00+00:00,6.298,6.703,6.1,6.596,1992262.6
2023-01-26 00:00:00+00:00,6.598,6.797,6.44,6.74,1852369.96
2023-01-27 00:00:00+00:00,6.739,6.881,6.562,6.871,1650706.09
2023-01-28 00:00:00+00:00,6.871,6.912,6.546,6.631,1218433.63
2023-01-29 00:00:00+00:00,6.63,6.988,6.553,6.927,1694615.51
2023-01-30 00:00:00+00:00,6.927,7.02,6.357,6.517,2121655.82
2023-01-31 00:00:00+00:00,6.517,6.651,6.434,6.558,1282103.98
2023-02-01 00:00:00+00:00,6.558,6.92,6.317,6.798,2213092.62
2023-02-02 00:00:00+00:00,6.8,7.528,6.8,7.11,4439466.91
2023-02-03 00:00:00+00:00,7.114,7.295,6.909,7.061,3549490.22
2023-02-04 00:00:00+00:00,7.059,7.35,7.013,7.204,1641778.7
2023-02-05 00:00:00+00:00,7.204,7.325,6.75,6.886,2458849.32
2023-02-06 00:00:00+00:00,6.89,6.976,6.592,6.647,2188213.2
2023-02-07 00:00:00+00:00,6.646,7.013,6.63,6.979,1761499.44
2023-02-08 00:00:00+00:00,6.978,7.061,6.578,6.812,2225878.68
2023-02-09 00:00:00+00:00,6.813,6.867,6.161,6.33,4091890.38
2023-02-10 00:00:00+00:00,6.327,6.479,6.248,6.365,1764444.84
2023-02-11 00:00:00+00:00,6.361,6.504,6.334,6.481,1051958.78
2023-02-12 00:00:00+00:00,6.481,6.556,6.292,6.346,860352.14
2023-02-13 00:00:00+00:00,6.349,6.382,6.087,6.244,2126636.12
2023-02-14 00:00:00+00:00,6.245,6.59,6.224,6.589,1543949.17
2023-02-15 00:00:00+00:00,6.587,6.946,6.5,6.93,1918963.9
2023-02-16 00:00:00+00:00,6.932,7.04,6.465,6.477,2794294.56
2023-02-17 00:00:00+00:00,6.474,6.83,6.439,6.738,2509111.82
2023-02-18 00:00:00+00:00,6.737,7.149,6.727,6.976,3466674.12
2023-02-19 00:00:00+00:00,6.974,7.619,6.956,7.21,5658910.71
2023-02-20 00:00:00+00:00,7.209,7.383,7.042,7.371,2350171.06
2023-02-21 00:00:00+00:00,7.371,7.436,6.888,7.036,2192778.12
2023-02-22 00:00:00+00:00,7.034,7.05,6.705,6.931,1634392.1
2023-02-23 00:00:00+00:00,6.935,7.053,6.813,6.943,1390939.4
2023-02-24 00:00:00+00:00,6.943,7.048,6.467,6.572,2068847.84
2023-02-25 00:00:00+00:00,6.571,6.621,6.275,6.469,1266939.04
2023-02-26 00:00:00+00:00,6.471,6.655,6.426,6.61,824115.1
2023-02-27 00:00:00+00:00,6.607,6.646,6.373,6.439,1247815.26
2023-02-28 00:00:00+00:00,6.439,6.623,6.402,6.501,1387400.35
2023-03-01 00:00:00+00:00,6.501,6.874,6.468,6.843,1842392.66
2023-03-02 00:00:00+00:00,6.84,6.895,6.56,6.637,950715.26
2023-03-03 00:00:00+00:00,6.638,6.641,6.1,6.272,1906418.52
2023-03-04 00:00:00+00:00,6.273,6.297,6.01,6.161,804547.11
2023-03-05 00:00:00+00:00,6.161,6.387,6.123,6.351,1220975.73
2023-03-06 00:00:00+00:00,6.349,6.44,6.245,6.337,1198209.52
2023-03-07 00:00:00+00:00,6.337,6.483,6.264,6.429,1716188.55
2023-03-08 00:00:00+00:00,6.43,6.499,6.06,6.103,1525382.48
2023-03-09 00:00:00+00:00,6.103,6.2,5.606,5.722,1597430.2
2023-03-10 00:00:00+00:00,5.724,5.731,5.362,5.62,2270794.52
2023-03-11 00:00:00+00:00,5.621,5.786,5.23,5.434,2769564.15
2023-03-12 00:00:00+00:00,5.432,5.908,5.379,5.897,1865452.75
2023-03-13 00:00:00+00:00,5.896,6.213,5.8,6.09,3484762.12
2023-03-14 00:00:00+00:00,6.093,6.593,5.978,6.317,3163517.92
2023-03-15 00:00:00+00:00,6.316,6.428,5.73,5.909,2183607.3
2023-03-16 00:00:00+00:00,5.907,5.997,5.786,5.903,1492161.52
2023-03-17 00:00:00+00:00,5.904,6.43,5.826,6.404,2164548.39
2023-03-18 00:00:00+00:00,6.405,6.62,6.296,6.508,2241404.5
2023-03-19 00:00:00+00:00,6.507,6.713,6.41,6.488,1896557.22
2023-03-20 00:00:00+00:00,6.49,6.59,6.148,6.176,2035868.55
2023-03-21 00:00:00+00:00,6.18,6.511,6.035,6.421,1994621.42
2023-03-22 00:00:00+00:00,6.42,6.449,5.906,6.071,2255422.65
2023-03-23 00:00:00+00:00,6.071,6.441,6.012,6.238,1747019.74
2023-03-24 00:00:00+00:00,6.241,6.286,5.804,5.882,1983578.41
2023-03-25 00:00:00+00:00,5.882,5.913,5.675,5.712,1074861.53
2023-03-26 00:00:00+00:00,5.711,5.869,5.681,5.786,886868.7
2023-03-27 00:00:00+00:00,5.786,5.821,5.51,5.644,1312636.18
2023-03-28 00:00:00+00:00,5.645,5.888,5.575,5.808,885141.31
2023-03-29 00:00:00+00:00,5.809,6.032,5.809,5.945,1174607.95
2023-03-30 00:00:00+00:00,5.944,6.073,5.831,5.897,1509389.3
2023-03-31 00:00:00+00:00,5.898,6.129,5.869,6.062,1217277.43
2023-04-01 00:00:00+00:00,6.062,6.2,6.021,6.101,1133784.07
2023-04-02 00:00:00+00:00,6.1,6.12,5.89,5.948,897584.05
2023-04-03 00:00:00+00:00,5.949,6.083,5.815,5.93,1491724.65
2023-04-04 00:00:00+00:00,5.932,6.207,5.879,6.151,1350237.93
2023-04-05 00:00:00+00:00,6.151,6.345,6.128,6.232,1328299.44
2023-04-06 00:00:00+00:00,6.23,6.238,6.038,6.076,875452.05
2023-04-07 00:00:00+00:00,6.077,6.098,5.951,6.002,715214.51
2023-04-08 00:00:00+00:00,6.003,6.052,5.89,5.914,1176210.64
2023-04-09 00:00:00+00:00,5.915,5.961,5.82,5.913,782314.69
2023-04-10 00:00:00+00:00,5.914,6.045,5.834,6.012,867070.94
2023-04-11 00:00:00+00:00,6.012,6.094,5.915,5.933,990338.1
2023-04-12 00:00:00+00:00,5.932,6.017,5.702,5.946,1738104.89
2023-04-13 00:00:00+00:00,5.946,6.242,5.898,6.205,1478375.39
2023-04-14 00:00:00+00:00,6.205,6.47,6.121,6.308,2597969.29
2023-04-15 00:00:00+00:00,6.306,6.363,6.22,6.266,1424876.23
2023-04-16 00:00:00+00:00,6.265,6.489,6.129,6.314,2052339.3
2023-04-17 00:00:00+00:00,6.316,6.323,6.06,6.129,1563718.7
2023-04-18 00:00:00+00:00,6.128,6.372,6.027,6.325,1994173.0
2023-04-19 00:00:00+00:00,6.325,6.498,5.743,5.831,3274876.32
2023-04-20 00:00:00+00:00,5.83,5.964,5.656,5.785,1644558.63
2023-04-21 00:00:00+00:00,5.784,5.836,5.407,5.471,1563904.89
2023-04-22 00:00:00+00:00,5.47,5.553,5.444,5.503,827009.51
2023-04-23 00:00:00+00:00,5.504,5.538,5.31,5.429,930848.08
2023-04-24 00:00:00+00:00,5.428,5.52,5.3,5.36,1196737.2
2023-04-25 00:00:00+00:00,5.36,5.473,5.23,5.451,1055036.19
2023-04-26 00:00:00+00:00,5.451,5.683,5.129,5.357,1888065.04
2023-04-27 00:00:00+00:00,5.356,5.592,5.342,5.554,1197810.55
2023-04-28 00:00:00+00:00,5.555,5.569,5.444,5.524,568781.38
2023-04-29 00:00:00+00:00,5.525,5.636,5.493,5.634,681729.53
2023-04-30 00:00:00+00:00,5.633,5.67,5.435,5.447,723977.91
2023-05-01 00:00:00+00:00,5.448,5.491,5.263,5.331,829551.46
2023-05-02 00:00:00+00:00,5.33,5.36,5.245,5.325,651789.04
2023-05-03 00:00:00+00:00,5.326,5.398,5.18,5.389,836885.05
2023-05-04 00:00:00+00:00,5.39,5.398,5.211,5.264,614556.11
2023-05-05 00:00:00+00:00,5.263,5.613,5.237,5.545,1265747.43
2023-05-06 00:00:00+00:00,5.545,5.602,5.256,5.287,1416763.62
2023-05-07 00:00:00+00:00,5.287,5.35,5.236,5.262,579483.24
2023-05-08 00:00:00+00:00,5.261,5.278,4.8,4.968,2081595.48
2023-05-09 00:00:00+00:00,4.968,5.011,4.909,4.954,872256.38
2023-05-10 00:00:00+00:00,4.955,5.137,4.85,5.134,1307653.62
2023-05-11 00:00:00+00:00,5.133,5.199,4.925,5.066,1611656.51
2023-05-12 00:00:00+00:00,5.066,5.211,4.904,5.194,1352464.0
2023-05-13 00:00:00+00:00,5.194,5.21,5.076,5.103,669964.8
2023-05-14 00:00:00+00:00,5.104,5.188,5.075,5.14,559757.83
2023-05-15 00:00:00+00:00,5.14,5.221,5.072,5.118,838603.74
2023-05-16 00:00:00+00:00,5.118,5.157,5.036,5.144,816753.68
2023-05-17 00:00:00+00:00,5.144,5.345,5.109,5.345,1322365.37
2023-05-18 00:00:00+00:00,5.342,5.427,5.211,5.308,1472035.99
2023-05-19 00:00:00+00:00,5.307,5.377,5.261,5.317,638001.42
2023-05-20 00:00:00+00:00,5.319,5.319,5.243,5.29,408497.35
2023-05-21 00:00:00+00:00,5.29,5.298,5.09,5.114,580518.81
2023-05-22 00:00:00+00:00,5.113,5.3,5.05,5.074,924196.21
2023-05-23 00:00:00+00:00,5.075,5.2,5.029,5.072,775883.57
2023-05-24 00:00:00+00:00,5.071,5.072,4.87,4.976,946052.63
2023-05-25 00:00:00+00:00,4.976,4.984,4.867,4.953,561573.92
2023-05-26 00:00:00+00:00,4.953,5.018,4.939,4.976,505116.64
2023-05-27 00:00:00+00:00,4.977,5.045,4.963,5.043,481026.39
2023-05-28 00:00:00+00:00,5.043,5.17,5.028,5.145,629496.5
2023-05-29 00:00:00+00:00,5.146,5.169,5.083,5.099,733425.13
2023-05-30 00:00:00+00:00,5.099,5.2,5.09,5.135,586261.16
2023-05-31 00:00:00+00:00,5.135,5.159,4.988,5.025,719418.53
2023-06-01 00:00:00+00:00,5.023,5.054,4.953,4.982,470918.76
2023-06-02 00:00:00+00:00,4.982,5.093,4.945,5.068,512872.15
2023-06-03 00:00:00+00:00,5.069,5.104,5.044,5.085,260960.94
2023-06-04 00:00:00+00:00,5.086,5.13,4.988,5.015,1037853.27
2023-06-05 00:00:00+00:00,5.014,5.06,4.527,4.723,1553260.37
2023-06-06 00:00:00+00:00,4.725,4.844,4.67,4.773,916780.76
2023-06-07 00:00:00+00:00,4.772,4.792,4.492,4.552,1120441.29
2023-06-08 00:00:00+00:00,4.553,4.673,4.517,4.63,618850.68
2023-06-09 00:00:00+00:00,4.63,4.669,4.536,4.584,535904.81
2023-06-10 00:00:00+00:00,4.585,4.597,3.63,4.065,4471124.02
2023-06-11 00:00:00+00:00,4.065,4.114,4.014,4.06,999785.72
2023-06-12 00:00:00+00:00,4.061,4.311,3.942,4.3,1397807.48
2023-06-13 00:00:00+00:00,4.3,4.522,4.211,4.289,2446257.25
2023-06-14 00:00:00+00:00,4.29,4.652,4.253,4.405,3504306.97
2023-06-15 00:00:00+00:00,4.404,4.6,4.227,4.428,3188731.87
2023-06-16 00:00:00+00:00,4.428,4.639,4.361,4.553,1201677.84
2023-06-17 00:00:00+00:00,4.553,4.68,4.508,4.53,1071020.58
2023-06-18 00:00:00+00:00,4.531,4.615,4.452,4.482,811568.95
2023-06-19 00:00:00+00:00,4.479,4.51,4.365,4.481,912427.69
2023-06-20 00:00:00+00:00,4.481,4.62,4.329,4.572,1001445.09
2023-06-21 00:00:00+00:00,4.573,4.818,4.524,4.772,1523320.5
2023-06-22 00:00:00+00:00,4.772,4.904,4.678,4.732,1126010.49
2023-06-23 00:00:00+00:00,4.729,4.927,4.707,4.86,854320.28
2023-06-24 00:00:00+00:00,4.862,4.873,4.678,4.734,875858.34
2023-06-25 00:00:00+00:00,4.733,5.514,4.709,5.43,6842850.37
2023-06-26 00:00:00+00:00,5.43,5.55,5.187,5.267,3606107.44
2023-06-27 00:00:00+00:00,5.269,5.364,5.224,5.279,986289.9
2023-06-28 00:00:00+00:00,5.28,5.283,4.747,4.834,1380740.22
2023-06-29 00:00:00+00:00,4.832,5.047,4.819,4.922,1135245.09
2023-06-30 00:00:00+00:00,4.922,5.342,4.8,5.272,3507555.26
2023-07-01 00:00:00+00:00,5.27,5.605,5.176,5.587,2114038.98
2023-07-02 00:00:00+00:00,5.585,5.693,5.448,5.568,1746393.83
2023-07-03 00:00:00+00:00,5.567,5.781,5.492,5.523,1368982.59
2023-07-04 00:00:00+00:00,5.521,5.599,5.371,5.507,1796997.64
2023-07-05 00:00:00+00:00,5.509,5.73,5.317,5.408,1689816.56
2023-07-06 00:00:00+00:00,5.409,5.641,5.18,5.265,1739269.03
2023-07-07 00:00:00+00:00,5.265,5.574,5.215,5.478,1810753.09
2023-07-08 00:00:00+00:00,5.478,5.489,5.174,5.251,1273363.88
2023-07-09 00:00:00+00:00,5.25,5.335,5.199,5.231,753442.27
2023-07-10 00:00:00+00:00,5.231,5.362,5.085,5.238,1391891.72
2023-07-11 00:00:00+00:00,5.239,5.309,5.185,5.265,826766.74
2023-07-12 00:00:00+00:00,5.263,5.38,5.179,5.276,985648.79
2023-07-13 00:00:00+00:00,5.274,5.88,5.219,5.873,2193287.7
2023-07-14 00:00:00+00:00,5.873,6.157,5.737,5.872,3506105.4
2023-07-15 00:00:00+00:00,5.871,5.936,5.761,5.814,1300768.61
2023-07-16 00:00:00+00:00,5.814,5.868,5.66,5.724,1286807.87
2023-07-17 00:00:00+00:00,5.719,6.145,5.68,5.915,4387640.57
2023-07-18 00:00:00+00:00,5.913,6.283,5.862,5.912,4831600.75
2023-07-19 00:00:00+00:00,5.912,6.049,5.81,5.873,1322685.54
2023-07-20 00:00:00+00:00,5.876,6.165,5.818,6.015,2575138.31
2023-07-21 00:00:00+00:00,6.017,6.386,5.945,6.205,2619973.07
2023-07-22 00:00:00+00:00,6.206,6.26,5.953,5.992,1207492.7
2023-07-23 00:00:00+00:00,5.992,6.225,5.972,6.14,1143359.36
2023-07-24 00:00:00+00:00,6.141,6.182,5.712,5.78,2435257.42
2023-07-25 00:00:00+00:00,5.78,5.812,5.693,5.792,763893.53
2023-07-26 00:00:00+00:00,5.793,5.898,5.711,5.843,1145284.65
2023-07-27 00:00:00+00:00,5.843,5.999,5.8,5.874,1376775.44
2023-07-28 00:00:00+00:00,5.875,6.026,5.867,6.011,1066431.97
2023-07-29 00:00:00+00:00,6.012,6.358,6.005,6.323,1380893.62
2023-07-30 00:00:00+00:00,6.323,6.453,6.25,6.418,2022469.82
2023-07-31 00:00:00+00:00,6.417,6.645,6.384,6.528,3001546.55
2023-08-01 00:00:00+00:00,6.528,6.694,6.327,6.686,2836552.29
2023-08-02 00:00:00+00:00,6.688,6.695,6.128,6.158,2587753.27
2023-08-03 00:00:00+00:00,6.157,6.265,6.052,6.098,1748019.93
2023-08-04 00:00:00+00:00,6.096,6.221,6.006,6.07,1219850.59
2023-08-05 00:00:00+00:00,6.07,6.096,5.938,6.091,935436.6
2023-08-06 00:00:00+00:00,6.092,6.165,5.939,5.954,982752.09
2023-08-07 00:00:00+00:00,5.954,6.017,5.733,5.876,1091795.47
2023-08-08 00:00:00+00:00,5.875,6.148,5.818,6.081,1201188.82
2023-08-09 00:00:00+00:00,6.081,6.309,6.035,6.249,1179524.32
2023-08-10 00:00:00+00:00,6.25,6.35,6.152,6.191,1287553.74
2023-08-11 00:00:00+00:00,6.192,6.219,6.103,6.201,762325.03
2023-08-12 00:00:00+00:00,6.201,6.256,6.118,6.224,663245.88
2023-08-13 00:00:00+00:00,6.224,6.233,6.054,6.086,459350.4
2023-08-14 00:00:00+00:00,6.086,6.37,6.076,6.261,914278.85
2023-08-15 00:00:00+00:00,6.263,6.299,5.937,5.953,1539997.26
2023-08-16 00:00:00+00:00,5.952,5.952,5.3,5.459,3263787.31
2023-08-17 00:00:00+00:00,5.459,5.506,4.517,4.989,4030998.38
2023-08-18 00:00:00+00:00,4.989,5.052,4.843,4.907,1907190.56
2023-08-19 00:00:00+00:00,4.906,5.002,4.858,4.909,919502.63
2023-08-20 00:00:00+00:00,4.909,4.937,4.86,4.903,711046.12
2023-08-21 00:00:00+00:00,4.903,4.921,4.719,4.765,986593.69
2023-08-22 00:00:00+00:00,4.765,4.782,4.5,4.67,2174339.53
2023-08-23 00:00:00+00:00,4.671,4.861,4.647,4.765,2780353.82
2023-08-24 00:00:00+00:00,4.765,4.818,4.598,4.659,1425667.92
2023-08-25 00:00:00+00:00,4.661,4.672,4.516,4.551,1618970.22
2023-08-26 00:00:00+00:00,4.555,4.646,4.532,4.601,752418.71
2023-08-27 00:00:00+00:00,4.601,4.708,4.601,4.685,909567.86
2023-08-28 00:00:00+00:00,4.685,4.737,4.565,4.672,1314491.31
2023-08-29 00:00:00+00:00,4.672,4.871,4.566,4.799,2027680.67
2023-08-30 00:00:00+00:00,4.799,4.807,4.635,4.64,1241340.19
2023-08-31 00:00:00+00:00,4.638,4.681,4.312,4.372,1796736.4
2023-09-01 00:00:00+00:00,4.372,4.425,4.237,4.262,1238047.07
2023-09-02 00:00:00+00:00,4.265,4.403,4.25,4.4,1008417.14
2023-09-03 00:00:00+00:00,4.401,4.472,4.364,4.411,807639.64
2023-09-04 00:00:00+00:00,4.413,4.503,4.36,4.443,1148639.85
2023-09-05 00:00:00+00:00,4.443,4.455,4.273,4.38,1376788.54
2023-09-06 00:00:00+00:00,4.38,4.499,4.346,4.461,1136268.05
2023-09-07 00:00:00+00:00,4.461,4.537,4.41,4.477,953633.1
2023-09-08 00:00:00+00:00,4.477,4.491,4.3,4.366,698763.03
2023-09-09 00:00:00+00:00,4.363,4.375,4.303,4.321,380462.74
2023-09-10 00:00:00+00:00,4.32,4.44,4.12,4.22,1487497.73
2023-09-11 00:00:00+00:00,4.22,4.251,4.032,4.112,1551580.91
2023-09-12 00:00:00+00:00,4.11,4.325,4.089,4.196,1375680.17
2023-09-13 00:00:00+00:00,4.196,4.311,4.18,4.255,882981.17
2023-09-14 00:00:00+00:00,4.256,4.355,4.248,4.27,1021380.96
2023-09-15 00:00:00+00:00,4.271,4.379,4.225,4.351,965469.81
2023-09-16 00:00:00+00:00,4.351,4.418,4.299,4.336,1068917.66
2023-09-17 00:00:00+00:00,4.336,4.393,4.231,4.282,1081116.04
2023-09-18 00:00:00+00:00,4.281,4.461,4.239,4.363,1447375.01
2023-09-19 00:00:00+00:00,4.363,4.482,4.337,4.407,995121.07
2023-09-20 00:00:00+00:00,4.41,4.43,4.314,4.363,1077780.93
2023-09-21 00:00:00+00:00,4.363,4.395,4.211,4.243,877544.1
2023-09-22 00:00:00+00:00,4.241,4.275,4.198,4.261,599992.82
2023-09-23 00:00:00+00:00,4.261,4.315,4.236,4.28,476222.09
2023-09-24 00:00:00+00:00,4.28,4.309,4.21,4.235,467255.34
2023-09-25 00:00:00+00:00,4.236,4.304,4.2,4.271,474845.42
2023-09-26 00:00:00+00:00,4.271,4.317,4.2,4.26,502808.08
2023-09-27 00:00:00+00:00,4.259,4.425,4.202,4.25,1328987.15
2023-09-28 00:00:00+00:00,4.25,4.5,4.241,4.419,1042786.16
2023-09-29 00:00:00+00:00,4.42,4.502,4.323,4.402,1367262.29
2023-09-30 00:00:00+00:00,4.402,4.479,4.389,4.456,616058.11
2023-10-01 00:00:00+00:00,4.456,4.676,4.444,4.653,1486824.57
2023-10-02 00:00:00+00:00,4.656,4.688,4.42,4.457,1391768.39
2023-10-03 00:00:00+00:00,4.456,4.521,4.335,4.362,629249.75
2023-10-04 00:00:00+00:00,4.363,4.363,4.23,4.307,776739.4
2023-10-05 00:00:00+00:00,4.308,4.344,4.253,4.306,699964.78
2023-10-06 00:00:00+00:00,4.307,4.426,4.289,4.395,507588.8
2023-10-07 00:00:00+00:00,4.396,4.422,4.341,4.374,295192.93
2023-10-08 00:00:00+00:00,4.376,4.384,4.279,4.337,335210.54
2023-10-09 00:00:00+00:00,4.337,4.368,4.05,4.144,1397384.77
2023-10-10 00:00:00+00:00,4.141,4.172,4.056,4.12,812922.68
2023-10-11 00:00:00+00:00,4.121,4.152,4.046,4.129,625801.96
2023-10-12 00:00:00+00:00,4.129,4.149,3.97,4.002,1025801.34
2023-10-13 00:00:00+00:00,4.0,4.096,3.978,4.031,656753.37
2023-10-14 00:00:00+00:00,4.029,4.1,4.022,4.084,470639.95
2023-10-15 00:00:00+00:00,4.085,4.148,4.064,4.102,587981.15
2023-10-16 00:00:00+00:00,4.103,4.279,4.1,4.119,1343113.78
2023-10-17 00:00:00+00:00,4.12,4.127,3.832,3.888,1896656.93
2023-10-18 00:00:00+00:00,3.888,3.972,3.845,3.931,1563112.25
2023-10-19 00:00:00+00:00,3.932,3.958,3.86,3.929,1025501.84
2023-10-20 00:00:00+00:00,3.93,4.114,3.917,3.998,1825940.08
2023-10-21 00:00:00+00:00,3.998,4.16,3.959,4.141,1317695.99
2023-10-22 00:00:00+00:00,4.143,4.252,4.068,4.213,1714216.01
2023-10-23 00:00:00+00:00,4.214,4.428,4.19,4.378,3799710.0
2023-10-24 00:00:00+00:00,4.378,4.5,4.116,4.22,5390801.72
2023-10-25 00:00:00+00:00,4.221,4.341,4.126,4.167,3532357.88
2023-10-26 00:00:00+00:00,4.167,4.378,4.002,4.111,4090855.9
2023-10-27 00:00:00+00:00,4.11,4.146,3.956,4.024,2584228.66
2023-10-28 00:00:00+00:00,4.023,4.138,4.019,4.084,1471834.65
2023-10-29 00:00:00+00:00,4.083,4.214,4.025,4.153,2560865.22
2023-10-30 00:00:00+00:00,4.155,4.235,4.076,4.179,2961053.77
2023-10-31 00:00:00+00:00,4.179,4.249,3.993,4.148,4638843.55
2023-11-01 00:00:00+00:00,4.147,4.863,4.01,4.795,11823889.41
2023-11-02 00:00:00+00:00,4.796,4.922,4.472,4.693,10652663.84
2023-11-03 00:00:00+00:00,4.693,4.781,4.466,4.653,5197366.53
2023-11-04 00:00:00+00:00,4.653,4.787,4.606,4.711,2756485.68
2023-11-05 00:00:00+00:00,4.71,4.91,4.615,4.772,5112903.54
2023-11-06 00:00:00+00:00,4.776,5.158,4.661,5.109,5265692.54
2023-11-07 00:00:00+00:00,5.111,5.113,4.768,4.928,3502387.66
2023-11-08 00:00:00+00:00,4.931,5.273,4.89,5.179,3751132.16
2023-11-09 00:00:00+00:00,5.179,5.388,4.697,5.123,7523756.22
2023-11-10 00:00:00+00:00,5.121,5.376,5.053,5.28,4731239.07
2023-11-11 00:00:00+00:00,5.284,5.534,5.156,5.393,4771396.65
2023-11-12 00:00:00+00:00,5.393,5.523,5.201,5.417,3192385.45
2023-11-13 00:00:00+00:00,5.418,5.628,5.17,5.222,5831907.75
2023-11-14 00:00:00+00:00,5.223,5.309,4.82,5.061,4331371.41
2023-11-15 00:00:00+00:00,5.061,5.388,5.054,5.382,3571039.3
2023-11-16 00:00:00+00:00,5.388,5.587,5.105,5.196,4575351.84
2023-11-17 00:00:00+00:00,5.196,5.4,4.849,5.108,4238834.56
2023-11-18 00:00:00+00:00,5.107,5.2,4.81,5.064,2423826.88
2023-11-19 00:00:00+00:00,5.063,5.248,4.944,5.234,1909325.3
2023-11-20 00:00:00+00:00,5.235,5.359,5.1,5.187,2294451.13
2023-11-21 00:00:00+00:00,5.186,5.269,4.824,4.85,4294268.54
2023-11-22 00:00:00+00:00,4.85,6.294,4.834,6.109,12928534.78
2023-11-23 00:00:00+00:00,6.109,6.443,6.052,6.331,7992474.48
2023-11-24 00:00:00+00:00,6.33,6.605,6.075,6.167,7163308.55
2023-11-25 00:00:00+00:00,6.165,6.318,6.067,6.167,2493801.36
2023-11-26 00:00:00+00:00,6.167,6.216,5.812,6.18,3026679.09
2023-11-27 00:00:00+00:00,6.182,6.367,5.915,6.294,5518941.96
2023-11-28 00:00:00+00:00,6.293,6.572,6.064,6.167,6398678.58
2023-11-29 00:00:00+00:00,6.168,6.387,5.982,6.008,2884857.08
2023-11-30 00:00:00+00:00,6.008,6.033,5.85,5.959,2825999.62
2023-12-01 00:00:00+00:00,5.96,6.1,5.89,6.016,1993746.49
2023-12-02 00:00:00+00:00,6.016,6.2,6.003,6.172,1781371.09
2023-12-03 00:00:00+00:00,6.172,6.25,5.933,6.057,2571740.75
2023-12-04 00:00:00+00:00,6.056,6.326,5.88,6.111,5265170.08
2023-12-05 00:00:00+00:00,6.108,6.348,5.975,6.256,3576667.35
2023-12-06 00:00:00+00:00,6.258,6.291,5.94,6.0,4718671.72
2023-12-07 00:00:00+00:00,6.0,6.361,5.984,6.293,3148267.98
2023-12-08 00:00:00+00:00,6.294,6.55,6.258,6.512,3957069.47
2023-12-09 00:00:00+00:00,6.513,7.13,6.51,6.842,6533876.43
2023-12-10 00:00:00+00:00,6.843,6.884,6.4,6.605,3319257.05
2023-12-11 00:00:00+00:00,6.605,6.618,5.894,6.1,5672416.75
2023-12-12 00:00:00+00:00,6.099,6.345,6.084,6.232,2761397.24
2023-12-13 00:00:00+00:00,6.236,6.33,5.943,6.296,2862521.04
2023-12-14 00:00:00+00:00,6.298,6.473,6.1,6.361,2471343.09
2023-12-15 00:00:00+00:00,6.364,6.366,5.982,6.036,2333835.74
2023-12-16 00:00:00+00:00,6.035,6.25,5.931,6.167,1497453.29
2023-12-17 00:00:00+00:00,6.167,6.28,6.05,6.063,2076777.88
2023-12-18 00:00:00+00:00,6.065,6.117,5.593,5.945,3717189.38
2023-12-19 00:00:00+00:00,5.943,6.039,5.75,5.834,1703388.54
2023-12-20 00:00:00+00:00,5.834,6.107,5.794,5.926,1816453.26
2023-12-21 00:00:00+00:00,5.93,6.21,5.861,6.182,2931221.25
2023-12-22 00:00:00+00:00,6.183,6.489,6.121,6.392,4554815.3
2023-12-23 00:00:00+00:00,6.391,6.426,6.098,6.339,6697092.57
2023-12-24 00:00:00+00:00,6.341,7.18,6.317,6.842,9372595.58
2023-12-25 00:00:00+00:00,6.841,7.16,6.664,6.969,5009058.85
2023-12-26 00:00:00+00:00,6.969,7.799,6.632,7.346,9709654.78
2023-12-27 00:00:00+00:00,7.346,7.443,6.981,7.237,4791991.55
2023-12-28 00:00:00+00:00,7.235,8.26,7.223,7.806,10437790.81
2023-12-29 00:00:00+00:00,7.809,7.882,7.366,7.568,5813176.49
2023-12-30 00:00:00+00:00,7.566,7.81,7.318,7.358,3041523.58
2023-12-31 00:00:00+00:00,7.357,7.706,7.143,7.222,2415081.67
2024-01-01 00:00:00+00:00,7.222,7.644,7.139,7.6,1945826.63
2024-01-02 00:00:00+00:00,7.603,7.723,7.145,7.175,2848688.7
2024-01-03 00:00:00+00:00,7.176,7.38,5.879,6.433,6237233.92
2024-01-04 00:00:00+00:00,6.431,6.716,6.363,6.53,2240246.85
2024-01-05 00:00:00+00:00,6.532,6.639,6.162,6.434,2493708.19
2024-01-06 00:00:00+00:00,6.434,6.44,6.015,6.308,1721820.18
2024-01-07 00:00:00+00:00,6.311,6.446,5.921,6.004,1373058.26
2024-01-08 00:00:00+00:00,6.007,6.241,5.66,6.24,2939688.96
2024-01-09 00:00:00+00:00,6.24,6.278,5.705,6.011,3192609.82
2024-01-10 00:00:00+00:00,6.012,6.755,5.93,6.568,3830777.16
2024-01-11 00:00:00+00:00,6.568,6.975,6.51,6.819,4026266.3
2024-01-12 00:00:00+00:00,6.819,6.976,6.301,6.579,3854376.29
2024-01-13 00:00:00+00:00,6.58,6.701,6.39,6.632,1740642.72
2024-01-14 00:00:00+00:00,6.633,6.67,6.304,6.319,1150756.29
2024-01-15 00:00:00+00:00,6.318,6.734,6.309,6.671,2457251.33
2024-01-16 00:00:00+00:00,6.673,6.934,6.65,6.825,2087549.53
2024-01-17 00:00:00+00:00,6.825,6.895,6.66,6.77,1800287.65
2024-01-18 00:00:00+00:00,6.771,6.844,6.231,6.32,1844838.93
2024-01-19 00:00:00+00:00,6.32,6.389,6.037,6.357,1692365.44
2024-01-20 00:00:00+00:00,6.358,6.623,6.294,6.497,1720275.46
2024-01-21 00:00:00+00:00,6.497,6.525,6.362,6.377,605092.04
2024-01-22 00:00:00+00:00,6.376,6.403,5.967,6.048,1489236.84
2024-01-23 00:00:00+00:00,6.044,6.132,5.535,5.842,2509513.0
2024-01-24 00:00:00+00:00,5.842,5.912,5.725,5.866,1317945.9
2024-01-25 00:00:00+00:00,5.868,5.87,5.629,5.75,897373.0
2024-01-26 00:00:00+00:00,5.749,5.965,5.7,5.949,1074851.21
2024-01-27 00:00:00+00:00,5.951,6.004,5.847,5.986,658601.03
2024-01-28 00:00:00+00:00,5.986,6.079,5.879,5.942,884148.5
2024-01-29 00:00:00+00:00,5.944,6.147,5.877,6.145,1413510.13
2024-01-30 00:00:00+00:00,6.145,6.34,6.118,6.257,1492342.07
2024-01-31 00:00:00+00:00,6.257,6.33,5.933,6.001,1790208.87
2024-02-01 00:00:00+00:00,6.003,6.087,5.883,6.049,1365220.32
2024-02-02 00:00:00+00:00,6.048,6.262,6.035,6.136,1077858.28
2024-02-03 00:00:00+00:00,6.136,6.285,6.058,6.108,844504.66
2024-02-04 00:00:00+00:00,6.107,6.13,5.953,5.981,590556.07
2024-02-05 00:00:00+00:00,5.979,6.1,5.913,6.005,820201.0
2024-02-06 00:00:00+00:00,6.005,6.438,6.0,6.278,1631031.89
2024-02-07 00:00:00+00:00,6.278,6.476,6.221,6.393,1303923.89
2024-02-08 00:00:00+00:00,6.393,6.434,6.307,6.316,1013712.73
2024-02-09 00:00:00+00:00,6.316,6.694,6.308,6.654,1975370.87
2024-02-10 00:00:00+00:00,6.654,6.751,6.534,6.628,941087.36
2024-02-11 00:00:00+00:00,6.628,6.828,6.555,6.683,1571053.34
2024-02-12 00:00:00+00:00,6.685,6.859,6.48,6.836,1537443.35
2024-02-13 00:00:00+00:00,6.836,6.877,6.535,6.68,1445791.74
2024-02-14 00:00:00+00:00,6.679,6.903,6.635,6.889,1410023.61
2024-02-15 00:00:00+00:00,6.889,7.532,6.889,7.506,3489004.49
2024-02-16 00:00:00+00:00,7.506,7.674,7.3,7.44,2912376.81
2024-02-17 00:00:00+00:00,7.443,7.798,7.369,7.766,2952390.99
2024-02-18 00:00:00+00:00,7.767,7.976,7.543,7.657,2170308.36
2024-02-19 00:00:00+00:00,7.657,7.786,7.514,7.698,2136008.5
2024-02-20 00:00:00+00:00,7.698,7.735,7.244,7.559,2544818.53
2024-02-21 00:00:00+00:00,7.558,7.558,7.078,7.391,1678182.31
2024-02-22 00:00:00+00:00,7.392,7.524,7.271,7.36,1465874.7
2024-02-23 00:00:00+00:00,7.358,12.632,6.963,11.4,45582807.42
2024-02-24 00:00:00+00:00,11.397,12.859,10.916,11.259,32760235.02
2024-02-25 00:00:00+00:00,11.26,11.637,10.1,11.138,15111199.6
2024-02-26 00:00:00+00:00,11.14,11.56,10.364,10.612,11657596.22
2024-02-27 00:00:00+00:00,10.612,11.213,10.4,10.832,8086764.08
2024-02-28 00:00:00+00:00,10.832,11.279,9.7,10.927,10152559.9
2024-02-29 00:00:00+00:00,10.927,11.999,10.734,11.124,11956520.94
2024-03-01 00:00:00+00:00,11.127,12.038,10.814,11.565,7612345.55
2024-03-02 00:00:00+00:00,11.565,13.5,11.299,12.609,12748727.57
2024-03-03 00:00:00+00:00,12.608,13.267,11.5,12.638,7264739.75
2024-03-04 00:00:00+00:00,12.639,13.079,12.0,12.358,6746794.04
2024-03-05 00:00:00+00:00,12.358,14.089,11.28,13.184,14518182.0
2024-03-06 00:00:00+00:00,13.186,17.05,12.543,15.406,17274814.69
2024-03-07 00:00:00+00:00,15.408,15.573,14.528,14.875,6059680.43
2024-03-08 00:00:00+00:00,14.878,15.452,14.165,14.582,5109719.8
2024-03-09 00:00:00+00:00,14.581,15.014,13.842,14.184,5427317.52
2024-03-10 00:00:00+00:00,14.185,14.416,13.5,14.233,4646319.95
2024-03-11 00:00:00+00:00,14.231,14.642,13.5,14.437,4348900.95
2024-03-12 00:00:00+00:00,14.436,14.572,13.018,14.063,4443993.32
2024-03-13 00:00:00+00:00,14.065,14.8,13.743,14.227,3590830.86
2024-03-14 00:00:00+00:00,14.228,14.474,13.167,13.947,4157084.01
2024-03-15 00:00:00+00:00,13.949,14.137,12.136,13.066,5616115.09
2024-03-16 00:00:00+00:00,13.069,13.164,11.758,12.029,2920835.54
2024-03-17 00:00:00+00:00,12.031,12.667,11.35,12.422,2790079.58
2024-03-18 00:00:00+00:00,12.422,12.612,11.561,11.877,2386476.82
2024-03-19 00:00:00+00:00,11.875,12.048,10.384,10.614,5125751.51
2024-03-20 00:00:00+00:00,10.611,11.95,10.3,11.913,3886670.75
2024-03-21 00:00:00+00:00,11.909,12.239,11.542,12.183,2625898.43
2024-03-22 00:00:00+00:00,12.183,12.25,11.335,11.759,2314450.76
2024-03-23 00:00:00+00:00,11.76,12.021,11.568,11.614,1488835.39
2024-03-24 00:00:00+00:00,11.616,12.091,11.568,12.039,1231546.88
2024-03-25 00:00:00+00:00,12.042,13.0,11.921,12.429,2117826.39
2024-03-26 00:00:00+00:00,12.424,12.889,12.36,12.692,1996606.93
2024-03-27 00:00:00+00:00,12.694,12.828,12.094,12.246,2391262.69
2024-03-28 00:00:00+00:00,12.243,13.123,12.116,12.749,2276508.02
2024-03-29 00:00:00+00:00,12.751,13.155,12.437,12.642,2689334.09
2024-03-30 00:00:00+00:00,12.64,12.916,12.506,12.607,1460876.98
2024-03-31 00:00:00+00:00,12.607,13.343,12.575,12.947,2314761.94
2024-04-01 00:00:00+00:00,12.946,12.952,12.029,12.416,3179157.04
2024-04-02 00:00:00+00:00,12.414,12.421,11.177,11.302,3468324.92
2024-04-03 00:00:00+00:00,11.304,11.457,10.651,10.868,4443826.92
2024-04-04 00:00:00+00:00,10.868,11.276,10.704,10.976,1867298.17
2024-04-05 00:00:00+00:00,10.972,11.064,10.431,10.926,1615645.92
2024-04-06 00:00:00+00:00,10.929,11.345,10.889,11.241,927531.29
2024-04-07 00:00:00+00:00,11.241,11.488,11.192,11.401,2738667.34
2024-04-08 00:00:00+00:00,11.397,11.81,11.265,11.624,1649927.49
2024-04-09 00:00:00+00:00,11.624,11.714,11.027,11.212,1927360.48
2024-04-10 00:00:00+00:00,11.21,11.316,9.801,10.047,9598126.86
2024-04-11 00:00:00+00:00,10.047,10.048,8.716,9.139,19189507.5
2024-04-12 00:00:00+00:00,9.143,9.21,7.0,7.922,13220041.99
2024-04-13 00:00:00+00:00,7.92,8.211,5.899,6.91,15232169.21
2024-04-14 00:00:00+00:00,6.911,7.587,6.643,7.523,10681562.55
2024-04-15 00:00:00+00:00,7.523,7.932,7.018,7.247,6368389.32
2024-04-16 00:00:00+00:00,7.25,7.331,6.763,7.189,5612964.55
2024-04-17 00:00:00+00:00,7.182,7.246,6.624,6.889,2433417.76
2024-04-18 00:00:00+00:00,6.891,7.35,6.727,7.296,2702074.52
2024-04-19 00:00:00+00:00,7.293,7.696,6.713,7.491,3764350.17
2024-04-20 00:00:00+00:00,7.489,7.921,7.396,7.873,2374609.58
2024-04-21 00:00:00+00:00,7.872,7.955,7.547,7.731,1276363.7
2024-04-22 00:00:00+00:00,7.73,8.301,7.703,8.2,2333601.6
2024-04-23 00:00:00+00:00,8.2,8.358,7.906,7.948,2111713.69
2024-04-24 00:00:00+00:00,7.947,8.215,7.592,7.72,2089035.27
2024-04-25 00:00:00+00:00,7.715,8.13,7.561,7.93,2200386.0
2024-04-26 00:00:00+00:00,7.931,7.948,7.528,7.703,1644152.23
2024-04-27 00:00:00+00:00,7.705,8.071,7.425,7.973,1383590.66
2024-04-28 00:00:00+00:00,7.978,8.227,7.797,7.825,1964278.09
2024-04-29 00:00:00+00:00,7.828,7.893,7.496,7.689,1400705.08
2024-04-30 00:00:00+00:00,7.689,7.807,6.8,7.039,2793581.81
2024-05-01 00:00:00+00:00,7.038,7.154,6.536,7.047,3213315.1
2024-05-02 00:00:00+00:00,7.047,7.214,6.846,7.107,1054303.79
2024-05-03 00:00:00+00:00,7.107,7.618,6.949,7.585,2069126.75
2024-05-04 00:00:00+00:00,7.585,7.717,7.472,7.531,1404469.63
2024-05-05 00:00:00+00:00,7.535,7.65,7.352,7.587,1385910.56
2024-05-06 00:00:00+00:00,7.588,7.949,7.435,7.474,2036563.47
2024-05-07 00:00:00+00:00,7.475,7.68,7.377,7.396,1170340.25
2024-05-08 00:00:00+00:00,7.396,7.531,7.205,7.329,1032760.59
2024-05-09 00:00:00+00:00,7.325,7.548,7.17,7.501,671303.78
2024-05-10 00:00:00+00:00,7.502,7.564,7.024,7.107,888009.63
2024-05-11 00:00:00+00:00,7.109,7.204,7.017,7.036,562896.55
2024-05-12 00:00:00+00:00,7.037,7.217,6.984,7.064,594384.17
2024-05-13 00:00:00+00:00,7.064,7.211,6.837,7.003,1438815.8
2024-05-14 00:00:00+00:00,7.007,7.022,6.761,6.787,979588.32
2024-05-15 00:00:00+00:00,6.787,7.445,6.735,7.364,1208615.32
2024-05-16 00:00:00+00:00,7.365,7.429,7.049,7.293,1033317.36
2024-05-17 00:00:00+00:00,7.295,7.605,7.236,7.491,1244916.54
2024-05-18 00:00:00+00:00,7.491,8.228,7.444,7.86,3423784.61
2024-05-19 00:00:00+00:00,7.86,7.97,7.58,7.642,1209679.92
2024-05-20 00:00:00+00:00,7.642,9.516,7.618,9.328,4886863.41
2024-05-21 00:00:00+00:00,9.327,9.672,9.083,9.659,4302999.77
2024-05-22 00:00:00+00:00,9.658,9.694,9.021,9.304,3009371.79
2024-05-23 00:00:00+00:00,9.305,9.87,8.617,9.088,4686381.81
2024-05-24 00:00:00+00:00,9.087,10.569,8.938,10.213,6010490.36
2024-05-25 00:00:00+00:00,10.214,11.497,10.152,11.329,8019458.82
2024-05-26 00:00:00+00:00,11.33,11.8,11.064,11.167,6066941.99
2024-05-27 00:00:00+00:00,11.169,11.372,10.902,11.056,3230856.4
2024-05-28 00:00:00+00:00,11.057,11.51,10.603,11.107,3725865.1
2024-05-29 00:00:00+00:00,11.11,11.34,10.44,10.443,2745127.46
2024-05-30 00:00:00+00:00,10.444,11.209,10.361,10.758,1812312.31
2024-05-31 00:00:00+00:00,10.76,11.139,9.929,9.957,3148986.72
2024-06-01 00:00:00+00:00,9.957,10.072,9.86,9.886,1357483.99
2024-06-02 00:00:00+00:00,9.885,9.959,9.36,9.422,1283848.11
2024-06-03 00:00:00+00:00,9.419,9.838,9.293,9.493,1711848.9
2024-06-04 00:00:00+00:00,9.494,11.968,9.403,11.466,10228765.87
2024-06-05 00:00:00+00:00,11.467,11.596,10.876,11.162,4360122.27
2024-06-06 00:00:00+00:00,11.167,11.267,10.42,10.619,3107269.54
2024-06-07 00:00:00+00:00,10.619,10.75,9.15,9.818,2914002.05
2024-06-08 00:00:00+00:00,9.818,10.201,9.786,10.052,1900669.26
2024-06-09 00:00:00+00:00,10.05,10.082,9.759,9.823,904172.18
2024-06-10 00:00:00+00:00,9.824,10.685,9.609,10.351,3224428.86
2024-06-11 00:00:00+00:00,10.349,10.399,8.74,8.978,4952530.73
2024-06-12 00:00:00+00:00,8.978,10.341,8.775,10.079,6226703.66
2024-06-13 00:00:00+00:00,10.08,10.24,9.638,10.164,2710791.37
2024-06-14 00:00:00+00:00,10.162,11.027,10.072,10.431,6327707.97
2024-06-15 00:00:00+00:00,10.43,11.874,10.352,11.52,6564282.44
2024-06-16 00:00:00+00:00,11.519,12.026,11.258,11.984,2875675.14
2024-06-17 00:00:00+00:00,11.981,11.986,10.521,10.61,4786464.14
2024-06-18 00:00:00+00:00,10.609,10.644,9.238,9.766,4229131.74
2024-06-19 00:00:00+00:00,9.766,10.477,9.625,9.954,4568679.79
2024-06-20 00:00:00+00:00,9.953,10.3,9.637,10.029,2175718.7
2024-06-21 00:00:00+00:00,10.028,10.322,9.7,9.81,2417601.67
2024-06-22 00:00:00+00:00,9.81,10.096,9.59,9.843,1375348.14
2024-06-23 00:00:00+00:00,9.843,10.116,9.75,9.772,1084762.42
2024-06-24 00:00:00+00:00,9.772,9.821,8.751,9.325,4178546.18
2024-06-25 00:00:00+00:00,9.328,9.569,9.191,9.503,1912641.62
2024-06-26 00:00:00+00:00,9.505,9.654,9.149,9.394,1562444.06
2024-06-27 00:00:00+00:00,9.394,9.648,9.182,9.506,1873329.36
2024-06-28 00:00:00+00:00,9.508,9.636,8.93,9.002,3292786.32
2024-06-29 00:00:00+00:00,9.002,9.128,8.844,8.854,1235971.81
2024-06-30 00:00:00+00:00,8.858,9.35,8.76,9.295,979114.72
2024-07-01 00:00:00+00:00,9.296,9.527,9.132,9.146,1810551.92
2024-07-02 00:00:00+00:00,9.146,9.225,8.799,9.0,1862694.69
2024-07-03 00:00:00+00:00,9.0,9.067,8.401,8.522,1955707.37
2024-07-04 00:00:00+00:00,8.523,8.585,7.587,7.628,3095649.56
2024-07-05 00:00:00+00:00,7.627,7.822,6.763,7.776,5844740.91
2024-07-06 00:00:00+00:00,7.774,8.262,7.666,8.19,1415163.4
2024-07-07 00:00:00+00:00,8.188,8.207,7.596,7.647,1430816.61
2024-07-08 00:00:00+00:00,7.647,8.313,7.313,8.037,2447184.02
2024-07-09 00:00:00+00:00,8.035,8.285,7.976,8.174,1303799.96
2024-07-10 00:00:00+00:00,8.175,8.346,7.994,8.026,1685596.09
2024-07-11 00:00:00+00:00,8.026,8.182,7.761,7.829,1421456.29
2024-07-12 00:00:00+00:00,7.828,8.269,7.693,8.115,1369747.99
2024-07-13 00:00:00+00:00,8.116,8.3,8.078,8.155,1007335.28
2024-07-14 00:00:00+00:00,8.154,8.5,8.096,8.426,1317117.9
2024-07-15 00:00:00+00:00,8.42,8.611,8.281,8.596,2013905.47
2024-07-16 00:00:00+00:00,8.593,8.659,7.867,8.174,3968113.88
2024-07-17 00:00:00+00:00,8.173,8.418,7.87,7.922,2323927.65
2024-07-18 00:00:00+00:00,7.922,8.053,7.55,7.834,1918559.79
2024-07-19 00:00:00+00:00,7.837,8.032,7.668,7.995,1745569.52
2024-07-20 00:00:00+00:00,7.995,8.05,7.816,8.012,1836866.85
2024-07-21 00:00:00+00:00,8.014,8.188,7.621,8.124,1932651.51
2024-07-22 00:00:00+00:00,8.127,8.173,7.744,7.812,1424533.58
2024-07-23 00:00:00+00:00,7.814,8.01,7.553,7.709,2020485.98
2024-07-24 00:00:00+00:00,7.707,7.771,7.331,7.424,1368368.86
2024-07-25 00:00:00+00:00,7.425,7.461,7.033,7.29,1877630.44
2024-07-26 00:00:00+00:00,7.29,7.708,7.272,7.677,1019322.51
2024-07-27 00:00:00+00:00,7.675,7.94,7.54,7.671,1559905.96
2024-07-28 00:00:00+00:00,7.672,7.672,7.453,7.532,659913.78
2024-07-29 00:00:00+00:00,7.534,7.906,7.522,7.683,1432594.74
2024-07-30 00:00:00+00:00,7.682,7.753,7.29,7.392,865700.77
2024-07-31 00:00:00+00:00,7.392,7.482,7.138,7.169,931204.33
2024-08-01 00:00:00+00:00,7.169,7.266,6.862,7.185,2103709.38
2024-08-02 00:00:00+00:00,7.185,7.247,6.518,6.617,2075356.72
2024-08-03 00:00:00+00:00,6.616,6.784,6.406,6.627,1903959.18
2024-08-04 00:00:00+00:00,6.627,6.683,5.975,6.147,2948368.73
2024-08-05 00:00:00+00:00,6.147,6.6,4.703,5.367,13586115.34
2024-08-06 00:00:00+00:00,5.367,5.898,5.362,5.789,3377708.82
2024-08-07 00:00:00+00:00,5.789,6.014,5.523,5.659,1917670.49
2024-08-08 00:00:00+00:00,5.661,6.323,5.58,6.281,2318137.07
2024-08-09 00:00:00+00:00,6.282,6.282,5.961,6.143,1152300.7
2024-08-10 00:00:00+00:00,6.144,6.249,6.088,6.188,492356.59
2024-08-11 00:00:00+00:00,6.189,6.4,5.872,5.902,848305.0
2024-08-12 00:00:00+00:00,5.905,6.312,5.851,6.239,1328818.95
2024-08-13 00:00:00+00:00,6.239,6.397,6.078,6.345,1019634.08
2024-08-14 00:00:00+00:00,6.347,6.508,6.216,6.438,1377224.51
2024-08-15 00:00:00+00:00,6.439,6.453,6.077,6.203,1152525.65
2024-08-16 00:00:00+00:00,6.208,6.623,6.2,6.497,1570222.66
2024-08-17 00:00:00+00:00,6.495,6.551,6.336,6.417,690176.94
2024-08-18 00:00:00+00:00,6.419,6.446,6.158,6.171,926687.14
2024-08-19 00:00:00+00:00,6.172,6.259,6.032,6.196,1006392.37
2024-08-20 00:00:00+00:00,6.195,6.474,6.111,6.26,1166686.26
2024-08-21 00:00:00+00:00,6.26,7.22,6.227,7.101,3317004.5
2024-08-22 00:00:00+00:00,7.101,7.121,6.876,6.919,1719185.23
2024-08-23 00:00:00+00:00,6.919,7.094,6.771,6.999,2547249.12
2024-08-24 00:00:00+00:00,7.0,7.125,6.827,6.916,2218928.02
2024-08-25 00:00:00+00:00,6.916,6.934,6.589,6.626,2018912.5
2024-08-26 00:00:00+00:00,6.627,6.668,6.239,6.292,1811825.29
2024-08-27 00:00:00+00:00,6.291,6.349,5.6,5.716,2366670.13
2024-08-28 00:00:00+00:00,5.717,5.928,5.59,5.771,2355672.29
2024-08-29 00:00:00+00:00,5.772,6.007,5.725,5.837,1387375.27
2024-08-30 00:00:00+00:00,5.836,5.917,5.586,5.892,1131187.5
2024-08-31 00:00:00+00:00,5.892,6.097,5.849,5.943,1271137.19
2024-09-01 00:00:00+00:00,5.943,5.959,5.543,5.614,905701.36
2024-09-02 00:00:00+00:00,5.612,6.214,5.594,6.103,3143540.6
2024-09-03 00:00:00+00:00,6.104,6.313,6.023,6.044,2273302.16
2024-09-04 00:00:00+00:00,6.042,6.654,5.776,6.432,6209851.03
2024-09-05 00:00:00+00:00,6.431,6.506,6.166,6.309,1580088.32
2024-09-06 00:00:00+00:00,6.309,6.339,5.878,6.177,2529437.26
2024-09-07 00:00:00+00:00,6.177,6.523,6.111,6.434,1756347.01
2024-09-08 00:00:00+00:00,6.434,6.508,6.241,6.348,1158357.34
2024-09-09 00:00:00+00:00,6.349,6.752,6.329,6.733,2116750.4
2024-09-10 00:00:00+00:00,6.733,6.829,6.499,6.703,1837296.48
2024-09-11 00:00:00+00:00,6.704,6.985,6.542,6.751,2750096.66
2024-09-12 00:00:00+00:00,6.751,6.94,6.616,6.791,2111655.59
2024-09-13 00:00:00+00:00,6.791,7.093,6.681,6.939,2205455.35
2024-09-14 00:00:00+00:00,6.939,6.941,6.588,6.666,1464205.32
2024-09-15 00:00:00+00:00,6.666,6.847,6.459,6.533,1260177.99
2024-09-16 00:00:00+00:00,6.534,6.565,6.304,6.411,1079790.0
2024-09-17 00:00:00+00:00,6.412,7.142,6.336,6.788,2586863.1
2024-09-18 00:00:00+00:00,6.789,6.79,6.393,6.776,2028881.79
2024-09-19 00:00:00+00:00,6.773,7.05,6.726,6.797,2490711.52
2024-09-20 00:00:00+00:00,6.798,6.98,6.679,6.828,1944878.29
2024-09-21 00:00:00+00:00,6.83,6.928,6.68,6.904,1100258.36
2024-09-22 00:00:00+00:00,6.903,6.927,6.483,6.636,1474136.64
2024-09-23 00:00:00+00:00,6.637,7.0,6.534,6.822,1708182.36
2024-09-24 00:00:00+00:00,6.824,7.036,6.739,6.925,2026101.26
2024-09-25 00:00:00+00:00,6.928,7.109,6.746,6.777,1612147.34
2024-09-26 00:00:00+00:00,6.776,7.39,6.674,7.357,2744769.3
2024-09-27 00:00:00+00:00,7.355,7.716,7.277,7.617,1936983.24
2024-09-28 00:00:00+00:00,7.618,7.868,7.385,7.603,1631017.0
2024-09-29 00:00:00+00:00,7.603,7.627,7.347,7.454,1128137.68
2024-09-30 00:00:00+00:00,7.454,7.75,7.276,7.392,2345205.29
2024-10-01 00:00:00+00:00,7.391,7.857,6.776,6.869,3722672.73
2024-10-02 00:00:00+00:00,6.869,7.298,6.614,6.671,2288883.2
2024-10-03 00:00:00+00:00,6.67,6.799,6.389,6.566,1468386.46
2024-10-04 00:00:00+00:00,6.568,6.816,6.529,6.718,1293460.66
2024-10-05 00:00:00+00:00,6.719,6.894,6.639,6.829,966086.0
2024-10-06 00:00:00+00:00,6.826,7.089,6.772,7.079,888320.03
2024-10-07 00:00:00+00:00,7.08,7.5,7.061,7.229,2470629.07
2024-10-08 00:00:00+00:00,7.232,7.304,6.993,7.175,1597074.64
2024-10-09 00:00:00+00:00,7.175,7.39,7.063,7.293,2082923.53
2024-10-10 00:00:00+00:00,7.292,8.48,7.214,8.133,14645291.69
2024-10-11 00:00:00+00:00,8.133,8.246,7.83,7.891,5721399.34
2024-10-12 00:00:00+00:00,7.892,8.309,7.752,8.124,4555130.48
2024-10-13 00:00:00+00:00,8.128,8.148,7.56,7.682,5249093.92
2024-10-14 00:00:00+00:00,7.685,8.311,7.596,8.135,4324023.84
2024-10-15 00:00:00+00:00,8.133,8.302,7.675,7.844,4523992.58
2024-10-16 00:00:00+00:00,7.846,8.016,7.551,7.571,2601137.35
2024-10-17 00:00:00+00:00,7.574,7.667,7.192,7.347,2413742.75
2024-10-18 00:00:00+00:00,7.347,7.51,7.331,7.466,2016811.34
2024-10-19 00:00:00+00:00,7.467,7.6,7.305,7.318,1488981.43
2024-10-20 00:00:00+00:00,7.319,7.8,7.281,7.76,3679384.62
2024-10-21 00:00:00+00:00,7.762,7.968,7.408,7.792,2956247.94
2024-10-22 00:00:00+00:00,7.792,8.755,7.697,7.998,9686637.67
2024-10-23 00:00:00+00:00,8.0,8.026,7.488,7.857,4098740.93
2024-10-24 00:00:00+00:00,7.857,8.21,7.832,8.042,3157969.5
2024-10-25 00:00:00+00:00,8.045,8.197,7.164,7.432,4750033.21
2024-10-26 00:00:00+00:00,7.432,7.782,7.285,7.443,3825845.87
2024-10-27 00:00:00+00:00,7.444,7.807,7.371,7.534,2155975.77
2024-10-28 00:00:00+00:00,7.536,7.792,7.304,7.783,2543727.84
2024-10-29 00:00:00+00:00,7.784,8.011,7.758,7.936,3261404.83
2024-10-30 00:00:00+00:00,7.936,8.327,7.834,8.114,3287106.24
2024-10-31 00:00:00+00:00,8.115,8.191,7.493,7.612,2685237.99
2024-11-01 00:00:00+00:00,7.614,8.046,7.511,7.551,4380243.25
2024-11-02 00:00:00+00:00,7.552,7.768,7.31,7.392,2488474.19
2024-11-03 00:00:00+00:00,7.393,7.43,6.833,7.047,3163742.35
2024-11-04 00:00:00+00:00,7.046,7.139,6.621,6.784,1870643.8
2024-11-05 00:00:00+00:00,6.783,7.271,6.767,7.196,2307581.17
2024-11-06 00:00:00+00:00,7.197,9.7,7.197,9.288,20957696.3
2024-11-07 00:00:00+00:00,9.287,9.546,8.813,8.901,7844471.78
2024-11-08 00:00:00+00:00,8.901,9.048,8.521,8.854,5141116.33
2024-11-09 00:00:00+00:00,8.857,9.331,8.669,9.244,4882570.8
2024-11-10 00:00:00+00:00,9.246,9.634,8.693,9.212,10362615.01
2024-11-11 00:00:00+00:00,9.213,9.51,8.758,9.332,8742680.02
2024-11-12 00:00:00+00:00,9.33,10.764,8.634,8.942,18897315.07
2024-11-13 00:00:00+00:00,8.943,9.157,8.244,8.628,9898373.85
2024-11-14 00:00:00+00:00,8.63,8.839,8.06,8.178,8324383.71
2024-11-15 00:00:00+00:00,8.179,8.599,7.856,8.568,5771137.03
2024-11-16 00:00:00+00:00,8.568,9.245,8.504,9.079,6348611.31
2024-11-17 00:00:00+00:00,9.082,9.344,8.578,8.751,4793217.98
2024-11-18 00:00:00+00:00,8.751,9.399,8.722,9.242,5752498.73
2024-11-19 00:00:00+00:00,9.242,9.634,9.113,9.399,5436445.04
2024-11-20 00:00:00+00:00,9.397,9.398,8.571,8.814,4616405.3
2024-11-21 00:00:00+00:00,8.814,9.701,8.513,9.246,8836674.65
2024-11-22 00:00:00+00:00,9.248,9.99,9.13,9.934,7246635.87
2024-11-23 00:00:00+00:00,9.933,11.331,9.755,10.733,12910044.24
2024-11-24 00:00:00+00:00,10.733,11.389,10.0,10.899,9095308.79
2024-11-25 00:00:00+00:00,10.898,12.439,10.528,11.128,13075178.96
2024-11-26 00:00:00+00:00,11.125,11.784,10.489,10.874,8891816.34
2024-11-27 00:00:00+00:00,10.874,13.797,10.713,13.53,13611298.18
2024-11-28 00:00:00+00:00,13.53,13.535,12.38,12.76,8407626.59
2024-11-29 00:00:00+00:00,12.761,12.968,12.311,12.573,4584773.2
2024-11-30 00:00:00+00:00,12.574,13.5,12.513,12.782,6961723.37
2024-12-01 00:00:00+00:00,12.782,13.341,12.6,13.06,5523865.94
2024-12-02 00:00:00+00:00,13.061,14.66,12.42,14.007,14220004.12
2024-12-03 00:00:00+00:00,14.007,15.338,13.14,15.119,11455581.67
2024-12-04 00:00:00+00:00,15.117,16.52,14.641,15.674,10745492.23
2024-12-05 00:00:00+00:00,15.672,15.939,14.5,15.025,9184348.72
2024-12-06 00:00:00+00:00,15.025,18.439,15.01,17.56,13045476.79
2024-12-07 00:00:00+00:00,17.559,18.628,17.215,18.061,9092825.72
2024-12-08 00:00:00+00:00,18.064,19.47,17.519,18.601,10531577.74
2024-12-09 00:00:00+00:00,18.602,18.855,14.0,16.025,12792426.09
2024-12-10 00:00:00+00:00,16.024,16.69,14.039,15.254,15151148.18
2024-12-11 00:00:00+00:00,15.254,17.224,14.718,17.159,8522248.63
2024-12-12 00:00:00+00:00,17.161,18.984,16.888,17.715,10043176.68
2024-12-13 00:00:00+00:00,17.716,18.175,16.83,17.49,4869326.39
2024-12-14 00:00:00+00:00,17.49,17.775,16.454,16.75,5733733.27
2024-12-15 00:00:00+00:00,16.751,17.224,16.211,17.073,4524262.03
2024-12-16 00:00:00+00:00,17.074,17.476,16.228,16.233,5789646.15
2024-12-17 00:00:00+00:00,16.234,16.575,15.595,16.242,5407343.6
2024-12-18 00:00:00+00:00,16.252,16.74,14.62,14.807,9742088.58
2024-12-19 00:00:00+00:00,14.799,15.407,12.634,12.726,14815514.28
2024-12-20 00:00:00+00:00,12.725,13.838,11.217,13.677,20494533.69
2024-12-21 00:00:00+00:00,13.68,14.785,13.036,13.384,8210582.98
2024-12-22 00:00:00+00:00,13.391,14.292,13.24,13.9,8677806.33
2024-12-23 00:00:00+00:00,13.9,14.638,13.235,14.291,7365516.96
2024-12-24 00:00:00+00:00,14.29,14.77,13.748,14.592,4779628.37
2024-12-25 00:00:00+00:00,14.589,14.598,13.669,13.911,3280404.69
2024-12-26 00:00:00+00:00,13.91,14.085,12.818,13.266,3962448.67
2024-12-27 00:00:00+00:00,13.267,14.266,13.169,13.353,5520078.72
2024-12-28 00:00:00+00:00,13.354,13.799,12.95,13.575,2116213.79
2024-12-29 00:00:00+00:00,13.575,13.601,12.846,13.006,1566467.32
2024-12-30 00:00:00+00:00,13.009,13.65,12.751,13.325,4008343.82
2024-12-31 00:00:00+00:00,13.326,13.907,13.123,13.243,4530105.07
2025-01-01 00:00:00+00:00,13.243,13.793,13.044,13.629,2460321.15
2025-01-02 00:00:00+00:00,13.629,14.598,13.625,14.381,3990570.27
2025-01-03 00:00:00+00:00,14.381,15.257,14.05,15.213,3694086.81
2025-01-04 00:00:00+00:00,15.21,15.44,14.759,15.277,3747914.48
2025-01-05 00:00:00+00:00,15.279,15.372,14.811,15.159,2097426.17
2025-01-06 00:00:00+00:00,15.163,15.654,14.82,15.077,5913365.93
2025-01-07 00:00:00+00:00,15.076,15.134,13.482,13.531,3212531.8
2025-01-08 00:00:00+00:00,13.532,13.835,12.494,13.118,4342567.58
2025-01-09 00:00:00+00:00,13.117,13.362,12.367,12.867,3545904.26
2025-01-10 00:00:00+00:00,12.869,14.098,12.853,13.941,4896955.05
2025-01-11 00:00:00+00:00,13.942,14.059,13.458,13.645,1519898.78
2025-01-12 00:00:00+00:00,13.648,13.889,13.512,13.631,1417813.35
2025-01-13 00:00:00+00:00,13.632,13.948,12.022,12.893,4325039.75
2025-01-14 00:00:00+00:00,12.893,13.429,12.821,13.314,1700114.03
2025-01-15 00:00:00+00:00,13.314,14.68,12.965,14.542,3983090.48
2025-01-16 00:00:00+00:00,14.544,14.629,13.933,14.097,3175478.9
2025-01-17 00:00:00+00:00,14.098,15.174,14.086,14.98,3787760.81
2025-01-18 00:00:00+00:00,14.98,15.25,13.88,14.171,5084934.47
2025-01-19 00:00:00+00:00,14.171,14.594,13.015,13.287,7333157.45
2025-01-20 00:00:00+00:00,13.292,14.844,12.903,13.524,7250504.03
2025-01-21 00:00:00+00:00,13.523,13.862,12.986,13.507,4282750.12
2025-01-22 00:00:00+00:00,13.506,13.621,12.762,12.89,2627012.96
2025-01-23 00:00:00+00:00,12.894,13.057,12.388,12.81,3245994.23
2025-01-24 00:00:00+00:00,12.811,13.16,12.425,12.464,2300973.4
2025-01-25 00:00:00+00:00,12.465,12.469,12.042,12.093,1686224.99
2025-01-26 00:00:00+00:00,12.093,12.402,11.409,11.432,2520829.2
2025-01-27 00:00:00+00:00,11.429,11.535,10.254,11.006,5599042.85
2025-01-28 00:00:00+00:00,11.007,11.36,10.802,11.142,3728018.4
2025-01-29 00:00:00+00:00,11.137,12.09,11.113,11.733,6859289.78
2025-01-30 00:00:00+00:00,11.731,12.3,11.638,11.967,3626540.48
2025-01-31 00:00:00+00:00,11.966,12.833,11.659,11.774,4521194.6
2025-02-01 00:00:00+00:00,11.773,11.929,10.76,10.861,2644023.01
2025-02-02 00:00:00+00:00,10.858,11.113,8.698,9.184,7157314.15
2025-02-03 00:00:00+00:00,9.19,10.213,6.884,9.956,22495767.7
2025-02-04 00:00:00+00:00,9.956,9.976,8.773,9.069,7980955.12
2025-02-05 00:00:00+00:00,9.07,9.528,9.007,9.274,4053289.21
2025-02-06 00:00:00+00:00,9.274,9.474,8.9,8.984,4407433.8
2025-02-07 00:00:00+00:00,8.984,9.508,8.747,9.01,4704713.97
2025-02-08 00:00:00+00:00,9.009,9.193,8.726,9.139,2393850.36
2025-02-09 00:00:00+00:00,9.138,9.32,8.696,9.13,2964263.27
2025-02-10 00:00:00+00:00,9.131,9.603,8.821,9.458,3801830.29
2025-02-11 00:00:00+00:00,9.458,10.045,9.244,9.381,4512785.82
2025-02-12 00:00:00+00:00,9.38,10.134,9.078,9.951,4120586.55
2025-02-13 00:00:00+00:00,9.955,10.082,9.464,9.889,2293424.03
2025-02-14 00:00:00+00:00,9.891,10.355,9.804,10.056,2559408.74
2025-02-15 00:00:00+00:00,10.057,10.148,9.716,9.811,1600075.2
2025-02-16 00:00:00+00:00,9.811,9.943,9.566,9.585,1558440.94
2025-02-17 00:00:00+00:00,9.584,10.247,9.444,9.947,2683600.53
2025-02-18 00:00:00+00:00,9.944,9.953,9.143,9.632,2986326.31
2025-02-19 00:00:00+00:00,9.631,9.73,9.378,9.434,2642284.77
2025-02-20 00:00:00+00:00,9.434,9.567,8.966,9.341,5163718.0
2025-02-21 00:00:00+00:00,9.341,9.643,8.586,8.743,5842457.68
2025-02-22 00:00:00+00:00,8.742,9.131,8.676,9.039,2281871.31
2025-02-23 00:00:00+00:00,9.04,9.22,8.914,9.019,1180918.24
2025-02-24 00:00:00+00:00,9.02,9.128,7.784,7.975,3972979.91
2025-02-25 00:00:00+00:00,7.978,8.632,7.408,8.312,8860796.58
2025-02-26 00:00:00+00:00,8.311,8.514,7.645,7.908,7401864.73
2025-02-27 00:00:00+00:00,7.909,8.3,7.719,7.868,4102421.79
2025-02-28 00:00:00+00:00,7.87,7.894,7.046,7.497,7615732.71
2025-03-01 00:00:00+00:00,7.497,7.663,7.202,7.5,2412597.44
2025-03-02 00:00:00+00:00,7.5,8.418,7.309,8.268,5419705.72
2025-03-03 00:00:00+00:00,8.269,8.298,7.057,7.126,5299808.23
2025-03-04 00:00:00+00:00,7.126,7.177,6.47,7.07,8735843.29
2025-03-05 00:00:00+00:00,7.07,7.56,7.013,7.52,4919294.22
2025-03-06 00:00:00+00:00,7.52,7.697,7.049,7.103,4645817.58
2025-03-07 00:00:00+00:00,7.104,7.363,6.821,7.07,3732961.48
2025-03-08 00:00:00+00:00,7.07,7.227,6.891,7.165,1641720.04
2025-03-09 00:00:00+00:00,7.164,7.215,6.314,6.397,2573013.23
2025-03-10 00:00:00+00:00,6.398,6.957,5.784,5.906,4698466.45
2025-03-11 00:00:00+00:00,5.907,6.244,5.506,6.096,7031956.39
2025-03-12 00:00:00+00:00,6.098,6.209,5.743,5.912,3460674.69
2025-03-13 00:00:00+00:00,5.912,6.074,5.693,5.89,3146329.42
2025-03-14 00:00:00+00:00,5.891,6.141,5.835,6.026,3438988.74
2025-03-15 00:00:00+00:00,6.028,6.326,5.995,6.271,2149013.57
2025-03-16 00:00:00+00:00,6.272,6.294,5.973,6.139,3001404.36
2025-03-17 00:00:00+00:00,6.138,6.39,6.081,6.297,2312237.16
2025-03-18 00:00:00+00:00,6.297,6.378,6.096,6.374,1895433.3
2025-03-19 00:00:00+00:00,6.374,7.38,6.32,6.984,7650521.73
2025-03-20 00:00:00+00:00,6.985,7.056,6.643,6.912,3047757.45
2025-03-21 00:00:00+00:00,6.913,6.93,6.716,6.781,1353709.79
2025-03-22 00:00:00+00:00,6.783,6.929,6.725,6.737,1179181.78
2025-03-23 00:00:00+00:00,6.736,6.829,6.615,6.688,1431646.31
2025-03-24 00:00:00+00:00,6.691,7.162,6.578,7.088,2440647.61
2025-03-25 00:00:00+00:00,7.088,7.133,6.926,6.967,1604535.24
2025-03-26 00:00:00+00:00,6.968,7.129,6.646,6.721,2428539.04
2025-03-27 00:00:00+00:00,6.724,6.909,6.651,6.725,2640107.44
2025-03-28 00:00:00+00:00,6.727,6.838,6.049,6.174,3605760.02
2025-03-29 00:00:00+00:00,6.174,6.255,5.863,5.96,2808038.2
2025-03-30 00:00:00+00:00,5.96,6.063,5.804,5.871,1421718.27
2025-03-31 00:00:00+00:00,5.872,6.054,5.74,5.971,2843168.26
2025-04-01 00:00:00+00:00,5.971,6.351,5.96,6.265,1528501.96
2025-04-02 00:00:00+00:00,6.264,6.47,5.786,5.836,3449802.0
2025-04-03 00:00:00+00:00,5.835,6.069,5.65,5.869,2333236.35
2025-04-04 00:00:00+00:00,5.87,6.032,5.655,5.909,2309824.04
2025-04-05 00:00:00+00:00,5.909,5.941,5.762,5.866,730789.98
2025-04-06 00:00:00+00:00,5.867,5.902,4.972,5.101,4135541.8
2025-04-07 00:00:00+00:00,5.102,5.35,4.602,5.121,7715665.48
2025-04-08 00:00:00+00:00,5.122,5.307,4.682,4.776,3297912.13
2025-04-09 00:00:00+00:00,4.777,5.495,4.555,5.414,5890764.9
2025-04-10 00:00:00+00:00,5.413,5.418,4.847,5.023,2889472.38
2025-04-11 00:00:00+00:00,5.022,5.325,4.993,5.235,2746901.62
2025-04-12 00:00:00+00:00,5.235,5.583,5.15,5.502,2448062.5
2025-04-13 00:00:00+00:00,5.502,5.547,5.261,5.332,2889983.94
2025-04-14 00:00:00+00:00,5.332,5.648,5.323,5.347,2476547.47
2025-04-15 00:00:00+00:00,5.348,5.456,5.171,5.185,1933511.4
2025-04-16 00:00:00+00:00,5.184,5.262,5.022,5.151,2094879.81
2025-04-17 00:00:00+00:00,5.15,5.3,5.093,5.181,1435511.67
2025-04-18 00:00:00+00:00,5.182,5.241,5.128,5.174,1045476.26
2025-04-19 00:00:00+00:00,5.175,5.36,5.172,5.317,1129911.97
2025-04-20 00:00:00+00:00,5.317,5.356,5.15,5.252,1143974.95
2025-04-21 00:00:00+00:00,5.252,5.51,5.215,5.274,2172788.77
2025-04-22 00:00:00+00:00,5.274,5.83,5.182,5.81,4272387.53
2025-04-23 00:00:00+00:00,5.811,6.099,5.788,6.033,4311519.14
2025-04-24 00:00:00+00:00,6.032,6.055,5.642,5.811,3520030.18
2025-04-25 00:00:00+00:00,5.812,5.986,5.691,5.828,5036805.21
2025-04-26 00:00:00+00:00,5.828,6.032,5.743,5.813,3813973.44
2025-04-27 00:00:00+00:00,5.814,6.0,5.493,5.5,4464214.34
2025-04-28 00:00:00+00:00,5.501,5.648,5.317,5.436,4822538.56
2025-04-29 00:00:00+00:00,5.437,5.547,5.203,5.271,4048298.73
2025-04-30 00:00:00+00:00,5.27,5.398,5.059,5.269,3234321.39
2025-05-01 00:00:00+00:00,5.269,5.434,5.235,5.317,3523335.18
2025-05-02 00:00:00+00:00,5.316,5.381,5.18,5.248,3066717.99
2025-05-03 00:00:00+00:00,5.248,5.265,5.026,5.089,3041930.77
2025-05-04 00:00:00+00:00,5.088,5.137,4.965,4.985,1806837.22
2025-05-05 00:00:00+00:00,4.985,5.115,4.89,4.975,2616867.14
2025-05-06 00:00:00+00:00,4.976,4.989,4.739,4.966,2702938.32
2025-05-07 00:00:00+00:00,4.967,5.053,4.742,4.875,3085921.64
2025-05-08 00:00:00+00:00,4.875,6.158,4.837,6.151,10265779.87
2025-05-09 00:00:00+00:00,6.15,6.702,6.0,6.353,11286466.4
2025-05-10 00:00:00+00:00,6.355,7.733,6.352,7.555,11172888.26
2025-05-11 00:00:00+00:00,7.555,7.559,6.716,6.929,8318818.7
2025-05-12 00:00:00+00:00,6.93,7.4,6.606,6.888,8262105.78
2025-05-13 00:00:00+00:00,6.888,7.37,6.525,7.092,7209556.81
2025-05-14 00:00:00+00:00,7.092,7.158,6.538,6.607,6488726.84
2025-05-15 00:00:00+00:00,6.607,6.783,6.111,6.229,7430285.57
2025-05-16 00:00:00+00:00,6.229,6.465,6.03,6.076,4877610.53
2025-05-17 00:00:00+00:00,6.076,6.09,5.647,5.739,4677390.97
2025-05-18 00:00:00+00:00,5.74,6.332,5.677,6.128,6634456.38
2025-05-19 00:00:00+00:00,6.129,6.176,5.659,5.929,6900043.36
2025-05-20 00:00:00+00:00,5.929,6.3,5.692,6.024,7924027.94
2025-05-21 00:00:00+00:00,6.025,6.513,5.941,6.212,14318997.44
2025-05-22 00:00:00+00:00,6.213,6.593,6.204,6.431,8878956.93
2025-05-23 00:00:00+00:00,6.432,6.815,5.935,5.982,13231841.12
2025-05-24 00:00:00+00:00,5.981,6.35,5.947,6.117,3938985.28
2025-05-25 00:00:00+00:00,6.118,6.179,5.892,6.161,4568407.71
2025-05-26 00:00:00+00:00,6.161,6.661,6.111,6.503,8979353.27
2025-05-27 00:00:00+00:00,6.503,6.786,6.262,6.326,9686197.93
2025-05-28 00:00:00+00:00,6.325,7.05,6.237,6.846,14785860.7
2025-05-29 00:00:00+00:00,6.845,7.701,6.53,6.559,20394635.42
2025-05-30 00:00:00+00:00,6.559,6.698,6.123,6.206,14762931.2
2025-05-31 00:00:00+00:00,6.207,6.229,5.888,6.053,6801697.95
2025-06-01 00:00:00+00:00,6.053,6.386,5.883,6.312,7948686.84
2025-06-02 00:00:00+00:00,6.313,6.481,6.035,6.445,5574312.64
2025-06-03 00:00:00+00:00,6.446,7.114,6.282,6.634,10243414.55
2025-06-04 00:00:00+00:00,6.633,6.849,6.251,6.309,9833245.42
2025-06-05 00:00:00+00:00,6.309,6.474,5.795,5.898,8278759.17
2025-06-06 00:00:00+00:00,5.898,6.156,5.824,5.989,5716645.35
2025-06-07 00:00:00+00:00,5.99,6.432,5.965,6.347,5589157.0
2025-06-08 00:00:00+00:00,6.347,6.464,6.183,6.326,4536168.31
2025-06-09 00:00:00+00:00,6.323,6.88,6.205,6.845,6486262.53
2025-06-10 00:00:00+00:00,6.844,8.677,6.831,8.665,27784458.86
2025-06-11 00:00:00+00:00,8.665,8.674,7.958,8.157,12908478.56
2025-06-12 00:00:00+00:00,8.157,8.25,7.477,7.489,8754894.92
2025-06-13 00:00:00+00:00,7.489,7.775,6.786,7.759,21627948.35
2025-06-14 00:00:00+00:00,7.758,7.76,7.104,7.302,5833384.8
2025-06-15 00:00:00+00:00,7.303,7.479,6.967,7.18,5834362.72
2025-06-16 00:00:00+00:00,7.18,7.981,7.033,7.446,15493186.39
2025-06-17 00:00:00+00:00,7.445,7.878,7.262,7.438,13669402.65
2025-06-18 00:00:00+00:00,7.439,7.796,7.13,7.586,13142914.83
2025-06-19 00:00:00+00:00,7.586,7.951,7.463,7.679,9878956.73
2025-06-20 00:00:00+00:00,7.68,7.996,6.985,7.068,17881936.2
2025-06-21 00:00:00+00:00,7.069,7.13,6.208,6.465,14384520.28
2025-06-22 00:00:00+00:00,6.467,6.614,5.919,6.259,14359950.3
2025-06-23 00:00:00+00:00,6.26,6.921,6.025,6.797,15832261.47
2025-06-24 00:00:00+00:00,6.797,7.167,6.731,7.06,9674169.05
2025-06-25 00:00:00+00:00,7.061,7.361,6.856,6.974,10905822.03
2025-06-26 00:00:00+00:00,6.974,7.322,6.738,6.807,11973107.05
2025-06-27 00:00:00+00:00,6.807,6.995,6.727,6.91,5640760.39
2025-06-28 00:00:00+00:00,6.911,7.174,6.833,7.126,4262611.31
2025-06-29 00:00:00+00:00,7.127,7.506,6.952,7.394,8203889.1
2025-06-30 00:00:00+00:00,7.395,7.458,7.047,7.129,6760301.35
2025-07-01 00:00:00+00:00,7.13,7.183,6.59,6.59,7672320.57
2025-07-02 00:00:00+00:00,6.592,7.576,6.495,7.348,16978000.11
2025-07-03 00:00:00+00:00,7.348,7.863,7.282,7.473,12184072.47
2025-07-04 00:00:00+00:00,7.472,7.633,6.777,6.931,11581171.32
2025-07-05 00:00:00+00:00,6.932,7.428,6.816,7.332,6425263.19
2025-07-06 00:00:00+00:00,7.332,7.576,7.214,7.422,6857256.76
2025-07-07 00:00:00+00:00,7.423,7.522,7.23,7.39,4488528.0
2025-07-08 00:00:00+00:00,7.39,7.817,7.318,7.659,6693197.61
2025-07-09 00:00:00+00:00,7.66,8.489,7.533,8.301,13418615.17
2025-07-10 00:00:00+00:00,8.3,8.616,7.995,8.466,12591492.54
2025-07-11 00:00:00+00:00,8.467,9.074,8.304,8.692,16206010.58
2025-07-12 00:00:00+00:00,8.691,8.867,8.17,8.392,7340604.62
2025-07-13 00:00:00+00:00,8.392,8.747,8.348,8.511,5419897.0
2025-07-14 00:00:00+00:00,8.512,9.688,8.479,9.131,21191166.73
2025-07-15 00:00:00+00:00,9.131,9.423,8.685,9.345,13942783.69
2025-07-16 00:00:00+00:00,9.345,9.535,8.768,8.901,15968427.71
2025-07-17 00:00:00+00:00,8.902,9.18,8.636,8.932,14137823.77
2025-07-18 00:00:00+00:00,8.933,11.007,8.85,10.132,31614917.66
2025-07-19 00:00:00+00:00,10.133,10.383,9.791,10.172,7792539.0
2025-07-20 00:00:00+00:00,10.172,10.9,10.107,10.657,9531696.71
2025-07-21 00:00:00+00:00,10.657,11.686,10.312,10.829,15565633.98
2025-07-22 00:00:00+00:00,10.829,11.069,10.118,10.774,13085263.99
2025-07-23 00:00:00+00:00,10.775,10.847,9.696,10.178,11623102.57
2025-07-24 00:00:00+00:00,10.178,10.53,9.624,10.124,11585757.64
2025-07-25 00:00:00+00:00,10.125,10.628,9.728,10.426,8827632.12
2025-07-26 00:00:00+00:00,10.426,10.763,10.327,10.557,4386889.44
2025-07-27 00:00:00+00:00,10.557,11.057,10.453,10.985,4759680.25
2025-07-28 00:00:00+00:00,10.986,11.192,10.355,10.46,6545192.01
2025-07-29 00:00:00+00:00,10.461,10.664,10.004,10.307,6793694.24
2025-07-30 00:00:00+00:00,10.307,10.504,9.562,10.008,8037580.13
2025-07-31 00:00:00+00:00,10.008,10.238,9.295,9.344,7823708.78
2025-08-01 00:00:00+00:00,9.341,9.467,8.843,9.037,9498950.01
2025-08-02 00:00:00+00:00,9.037,9.181,8.685,8.757,4889497.7
2025-08-03 00:00:00+00:00,8.761,9.23,8.68,9.148,2933849.96
2025-08-04 00:00:00+00:00,9.147,10.1,9.136,9.961,8729965.9
2025-08-05 00:00:00+00:00,9.963,9.97,9.372,9.581,5232835.3
2025-08-06 00:00:00+00:00,9.581,9.809,9.384,9.697,3013229.28
2025-08-07 00:00:00+00:00,9.697,10.448,9.628,10.425,5616201.12
2025-08-08 00:00:00+00:00,10.425,11.051,10.269,10.861,8244860.64
2025-08-09 00:00:00+00:00,10.861,11.402,10.75,10.979,8465737.9
2025-08-10 00:00:00+00:00,10.98,11.367,10.45,10.948,8993384.25
2025-08-11 00:00:00+00:00,10.948,11.999,10.563,11.042,15626160.1
2025-08-12 00:00:00+00:00,11.042,11.635,10.797,11.601,15981847.96
2025-08-13 00:00:00+00:00,11.599,12.286,10.9,12.13,14296610.83
2025-08-14 00:00:00+00:00,12.131,12.3,10.6,10.875,14946938.36
2025-08-15 00:00:00+00:00,10.875,11.148,10.421,10.722,7864173.94
2025-08-16 00:00:00+00:00,10.722,11.154,10.701,11.011,5458472.77
2025-08-17 00:00:00+00:00,11.014,11.393,10.914,11.017,4655803.38
2025-08-18 00:00:00+00:00,11.017,11.056,10.1,10.484,9071673.41
2025-08-19 00:00:00+00:00,10.485,10.633,9.9,9.95,6396332.36
2025-08-20 00:00:00+00:00,9.95,10.7,9.913,10.61,5728511.31
2025-08-21 00:00:00+00:00,10.61,10.7,10.171,10.227,4095246.22
2025-08-22 00:00:00+00:00,10.227,11.631,10.013,11.438,12034264.24
2025-08-23 00:00:00+00:00,11.439,11.474,11.013,11.347,5128045.67
2025-08-24 00:00:00+00:00,11.346,11.443,10.806,10.925,6420491.67
2025-08-25 00:00:00+00:00,10.926,10.98,9.582,9.703,9517051.45
2025-08-26 00:00:00+00:00,9.703,10.027,9.571,9.951,7813287.59
2025-08-27 00:00:00+00:00,9.952,10.128,9.784,9.854,6686465.77
2025-08-28 00:00:00+00:00,9.855,10.123,9.734,10.018,4307457.39
2025-08-29 00:00:00+00:00,10.018,10.083,9.366,9.633,5638243.7
2025-08-30 00:00:00+00:00,9.633,9.827,9.404,9.726,2466593.28
2025-08-31 00:00:00+00:00,9.727,9.917,9.606,9.619,1925459.48
2025-09-01 00:00:00+00:00,9.618,9.831,9.11,9.351,5850861.64
2025-09-02 00:00:00+00:00,9.352,9.65,9.273,9.581,4507451.26
2025-09-03 00:00:00+00:00,9.582,9.762,9.4,9.676,4040661.03
2025-09-04 00:00:00+00:00,9.677,9.728,9.162,9.288,3503664.79
2025-09-05 00:00:00+00:00,9.288,9.733,9.283,9.393,3710974.03
2025-09-06 00:00:00+00:00,9.394,9.435,9.23,9.333,1364985.16
2025-09-07 00:00:00+00:00,9.334,9.449,9.261,9.396,1252891.73
2025-09-08 00:00:00+00:00,9.396,9.787,9.327,9.555,3519625.24
2025-09-09 00:00:00+00:00,9.554,9.93,9.388,9.539,4742428.74
2025-09-10 00:00:00+00:00,9.54,9.818,9.465,9.736,4209956.13
2025-09-11 00:00:00+00:00,9.737,10.05,9.699,9.986,3751741.86
2025-09-12 00:00:00+00:00,9.987,10.226,9.902,10.179,4232476.34
2025-09-13 00:00:00+00:00,10.179,10.36,9.933,10.122,3812298.03
2025-09-14 00:00:00+00:00,10.122,10.13,9.004,9.414,9741212.01
2025-09-15 00:00:00+00:00,9.413,9.54,9.02,9.161,5211510.88
2025-09-16 00:00:00+00:00,9.16,9.399,9.05,9.321,3773013.4
2025-09-17 00:00:00+00:00,9.321,9.62,9.134,9.551,3635111.92
2025-09-18 00:00:00+00:00,9.552,9.669,9.407,9.604,3790785.97
2025-09-19 00:00:00+00:00,9.604,9.734,9.075,9.162,4277261.75
2025-09-20 00:00:00+00:00,9.162,9.281,9.103,9.185,1504585.27
2025-09-21 00:00:00+00:00,9.184,9.22,9.031,9.043,2017512.17
2025-09-22 00:00:00+00:00,9.043,9.08,7.5,8.231,9061462.83
2025-09-23 00:00:00+00:00,8.231,8.263,8.009,8.057,3012860.88
2025-09-24 00:00:00+00:00,8.058,8.196,7.831,7.899,3021192.89
2025-09-25 00:00:00+00:00,7.899,7.944,7.273,7.455,6247975.77
2025-09-26 00:00:00+00:00,7.456,7.639,7.323,7.619,5081595.19
2025-09-27 00:00:00+00:00,7.62,7.659,7.464,7.617,2602245.62
2025-09-28 00:00:00+00:00,7.618,7.772,7.408,7.751,1808318.45
2025-09-29 00:00:00+00:00,7.752,7.839,7.568,7.744,2218098.74
2025-09-30 00:00:00+00:00,7.744,7.777,7.421,7.641,2881874.69
2025-10-01 00:00:00+00:00,7.641,8.1,7.538,8.072,3412587.34
2025-10-02 00:00:00+00:00,8.073,8.394,7.985,8.353,4598011.77
2025-10-03 00:00:00+00:00,8.352,8.494,8.132,8.176,3669173.13
2025-10-04 00:00:00+00:00,8.176,8.202,7.908,8.025,1882125.85
2025-10-05 00:00:00+00:00,8.025,8.429,7.967,8.059,3034926.59
2025-10-06 00:00:00+00:00,8.06,8.448,8.0,8.342,2910094.89
2025-10-07 00:00:00+00:00,8.342,8.396,7.716,7.765,6387776.73
2025-10-08 00:00:00+00:00,7.766,8.13,7.696,8.072,2712725.91
2025-10-09 00:00:00+00:00,8.073,8.093,7.643,7.855,3265101.44
2025-10-10 00:00:00+00:00,7.856,8.6,2.0,5.792,28262007.27
2025-10-11 00:00:00+00:00,5.791,6.128,5.543,5.855,18650942.79
2025-10-12 00:00:00+00:00,5.855,6.705,5.791,6.619,8575568.94
2025-10-13 00:00:00+00:00,6.619,7.12,6.491,7.051,7365492.36
2025-10-14 00:00:00+00:00,7.051,7.081,6.384,6.822,7158919.91
2025-10-15 00:00:00+00:00,6.822,6.987,6.443,6.569,5097036.25
2025-10-16 00:00:00+00:00,6.569,6.734,6.221,6.279,4771001.55
2025-10-17 00:00:00+00:00,6.279,6.409,5.844,6.132,7557565.45
2025-10-18 00:00:00+00:00,6.133,6.209,5.904,6.024,3511282.08
2025-10-19 00:00:00+00:00,6.023,6.362,5.951,6.259,3339950.03
2025-10-20 00:00:00+00:00,6.259,6.545,6.137,6.336,2902503.31
2025-10-21 00:00:00+00:00,6.337,6.653,6.108,6.253,6021138.25
2025-10-22 00:00:00+00:00,6.253,6.302,5.861,6.037,4341943.25
2025-10-23 00:00:00+00:00,6.037,6.365,6.026,6.313,2937580.38
2025-10-24 00:00:00+00:00,6.314,6.47,6.163,6.243,2907945.61
2025-10-25 00:00:00+00:00,6.243,6.299,6.16,6.245,3053819.27
2025-10-26 00:00:00+00:00,6.246,6.734,6.148,6.665,3573741.68
2025-10-27 00:00:00+00:00,6.665,6.888,6.463,6.514,3662864.47
2025-10-28 00:00:00+00:00,6.513,6.635,6.25,6.339,2383200.85
2025-10-29 00:00:00+00:00,6.339,6.448,6.142,6.295,3860839.42
2025-10-30 00:00:00+00:00,6.294,6.387,5.666,5.846,14581931.12
2025-10-31 00:00:00+00:00,5.847,5.954,5.612,5.744,5271574.29
2025-11-01 00:00:00+00:00,5.744,5.897,5.717,5.863,2461294.41
2025-11-02 00:00:00+00:00,5.864,5.927,5.712,5.859,2227553.85
2025-11-03 00:00:00+00:00,5.859,5.888,4.947,5.198,9608158.02
2025-11-04 00:00:00+00:00,5.198,5.282,4.736,5.073,9624747.25
2025-11-05 00:00:00+00:00,5.073,5.493,4.871,5.346,5632733.66
2025-11-06 00:00:00+00:00,5.345,5.373,5.106,5.255,3790676.16
2025-11-07 00:00:00+00:00,5.256,6.003,5.243,5.875,8522495.12
2025-11-08 00:00:00+00:00,5.875,6.141,5.805,6.011,7011480.4
2025-11-09 00:00:00+00:00,6.011,6.78,5.795,6.574,9508041.91
2025-11-10 00:00:00+00:00,6.575,10.03,6.547,9.347,33184232.36
2025-11-11 00:00:00+00:00,9.35,10.3,8.1,8.249,65925229.87
2025-11-12 00:00:00+00:00,8.25,8.863,7.474,7.568,19335335.61
2025-11-13 00:00:00+00:00,7.568,8.206,7.463,7.753,16978928.09
2025-11-14 00:00:00+00:00,7.752,7.802,6.927,6.992,12725078.81
2025-11-15 00:00:00+00:00,6.991,7.643,6.975,7.357,8242280.08
2025-11-16 00:00:00+00:00,7.358,7.923,6.978,7.178,11331659.37
2025-11-17 00:00:00+00:00,7.177,8.156,7.086,7.421,19389578.11
2025-11-18 00:00:00+00:00,7.422,7.766,7.181,7.5,10788799.38
2025-11-19 00:00:00+00:00,7.499,7.519,6.816,7.225,8368311.93
2025-11-20 00:00:00+00:00,7.224,7.384,6.476,6.57,8523390.84
2025-11-21 00:00:00+00:00,6.569,6.742,5.913,6.426,12318913.52
2025-11-22 00:00:00+00:00,6.425,6.545,5.86,6.161,6173324.55
2025-11-23 00:00:00+00:00,6.161,6.356,6.058,6.136,4011818.02
2025-11-24 00:00:00+00:00,6.136,6.429,6.055,6.295,6833348.28
2025-11-25 00:00:00+00:00,6.294,6.376,5.881,6.233,5663713.93
2025-11-26 00:00:00+00:00,6.232,6.387,5.998,6.303,3813992.58
2025-11-27 00:00:00+00:00,6.303,6.435,6.099,6.141,4322521.69
2025-11-28 00:00:00+00:00,6.142,6.356,6.05,6.129,3408527.5
2025-11-29 00:00:00+00:00,6.128,6.216,5.978,6.057,1918849.09
2025-11-30 00:00:00+00:00,6.057,6.278,6.007,6.042,2900376.46
2025-12-01 00:00:00+00:00,6.042,6.058,5.441,5.599,8050608.69
2025-12-02 00:00:00+00:00,5.601,6.039,5.368,5.92,6884300.63
2025-12-03 00:00:00+00:00,5.919,6.197,5.894,6.107,4713358.81
2025-12-04 00:00:00+00:00,6.108,6.2,5.829,5.961,3772271.77
2025-12-05 00:00:00+00:00,5.961,6.036,5.426,5.474,4749718.35
2025-12-06 00:00:00+00:00,5.473,5.624,5.415,5.563,2086447.43
2025-12-07 00:00:00+00:00,5.564,5.672,5.316,5.461,3768927.93
2025-12-08 00:00:00+00:00,5.462,5.772,5.431,5.616,3020468.04
2025-12-09 00:00:00+00:00,5.615,5.976,5.427,5.747,3948767.27
2025-12-10 00:00:00+00:00,5.746,5.946,5.527,5.602,4399936.14
2025-12-11 00:00:00+00:00,5.601,5.607,5.293,5.548,4030550.9
2025-12-12 00:00:00+00:00,5.548,5.651,5.21,5.422,3722510.24
2025-12-13 00:00:00+00:00,5.423,5.529,5.373,5.5,1368190.97
2025-12-14 00:00:00+00:00,5.501,5.565,5.247,5.31,2282268.25
2025-12-15 00:00:00+00:00,5.311,5.466,4.971,5.079,4469739.55
2025-12-16 00:00:00+00:00,5.08,5.279,4.935,5.198,3949507.64
2025-12-17 00:00:00+00:00,5.197,5.324,4.883,4.966,4372912.12
2025-12-18 00:00:00+00:00,4.967,5.435,4.849,4.96,10753995.99
2025-12-19 00:00:00+00:00,4.96,5.336,4.9,5.319,6271083.7
2025-12-20 00:00:00+00:00,5.318,6.378,5.253,6.262,13425520.88
2025-12-21 00:00:00+00:00,6.262,6.5,6.054,6.117,9824156.96
2025-12-22 00:00:00+00:00,6.117,6.416,5.914,6.018,7894519.12
2025-12-23 00:00:00+00:00,6.019,6.121,5.654,5.81,6700700.28
2025-12-24 00:00:00+00:00,5.811,5.888,5.593,5.778,4783714.28
2025-12-25 00:00:00+00:00,5.779,6.085,5.747,5.815,4240144.39
2025-12-26 00:00:00+00:00,5.814,6.037,5.73,5.829,4123253.53
2025-12-27 00:00:00+00:00,5.829,6.041,5.827,5.967,2940206.57
2025-12-28 00:00:00+00:00,5.967,6.569,5.934,6.23,8937875.96
2025-12-29 00:00:00+00:00,6.231,6.392,5.927,5.995,5754472.74
2025-12-30 00:00:00+00:00,5.995,6.044,5.895,5.926,3282679.1
2025-12-31 00:00:00+00:00,5.926,5.978,5.623,5.64,2969257.05
2026-01-01 00:00:00+00:00,5.641,5.841,5.61,5.809,3091675.81
2026-01-02 00:00:00+00:00,5.808,6.101,5.672,6.038,3846969.8
2026-01-03 00:00:00+00:00,6.037,6.121,5.744,5.917,3516292.8
2026-01-04 00:00:00+00:00,5.916,6.023,5.768,5.85,4044610.88
2026-01-05 00:00:00+00:00,5.85,6.45,5.718,6.162,8355114.96
2026-01-06 00:00:00+00:00,6.163,6.315,5.843,6.07,7580246.88
2026-01-07 00:00:00+00:00,6.07,6.092,5.64,5.726,4486852.53
2026-01-08 00:00:00+00:00,5.727,5.819,5.39,5.488,5634301.65
2026-01-09 00:00:00+00:00,5.489,5.635,5.35,5.467,5030488.54
2026-01-10 00:00:00+00:00,5.467,5.555,5.426,5.476,1921370.67
2026-01-11 00:00:00+00:00,5.476,5.539,5.377,5.456,2069844.73
2026-01-12 00:00:00+00:00,5.456,5.612,5.281,5.367,3523447.62
2026-01-13 00:00:00+00:00,5.368,5.806,5.349,5.73,4258129.24
2026-01-14 00:00:00+00:00,5.73,5.852,5.657,5.681,4165081.91
2026-01-15 00:00:00+00:00,5.681,5.685,5.226,5.35,5244768.55
2026-01-16 00:00:00+00:00,5.351,5.361,5.131,5.315,2862771.05
2026-01-17 00:00:00+00:00,5.316,5.446,5.305,5.352,1722418.8
2026-01-18 00:00:00+00:00,5.351,5.397,5.088,5.095,2597797.17
2026-01-19 00:00:00+00:00,5.095,5.097,4.62,5.026,6491538.45
2026-01-20 00:00:00+00:00,5.026,5.028,4.695,4.803,4998750.83
2026-01-21 00:00:00+00:00,4.803,5.067,4.761,4.94,3914858.4
2026-01-22 00:00:00+00:00,4.94,4.995,4.772,4.836,2024747.34
2026-01-23 00:00:00+00:00,4.837,4.984,4.769,4.873,1894787.41
2026-01-24 00:00:00+00:00,4.872,4.915,4.828,4.855,835317.66
2026-01-25 00:00:00+00:00,4.854,4.895,4.562,4.637,3331646.52
2026-01-26 00:00:00+00:00,4.636,4.76,4.487,4.711,5272135.75
2026-01-27 00:00:00+00:00,4.712,4.816,4.631,4.8,2549844.61
2026-01-28 00:00:00+00:00,4.801,4.878,4.753,4.82,1968357.14
2026-01-29 00:00:00+00:00,4.821,4.834,4.286,4.396,4641550.98
2026-01-30 00:00:00+00:00,4.395,4.418,4.141,4.276,6418117.34
2026-01-31 00:00:00+00:00,4.277,4.307,3.6,3.96,9187744.74
2026-02-01 00:00:00+00:00,3.961,4.029,3.752,3.837,6256562.2
2026-02-02 00:00:00+00:00,3.838,3.999,3.704,3.925,5674629.39
2026-02-03 00:00:00+00:00,3.926,4.026,3.698,3.86,6113783.63
2026-02-04 00:00:00+00:00,3.86,3.963,3.641,3.801,6284057.4
2026-02-05 00:00:00+00:00,3.801,3.838,3.125,3.168,14783565.92
2026-02-06 00:00:00+00:00,3.168,3.632,2.845,3.552,13455347.44
2026-02-07 00:00:00+00:00,3.551,3.628,3.431,3.539,5565279.65
2026-02-08 00:00:00+00:00,3.538,3.553,3.437,3.468,2182384.93
2026-02-09 00:00:00+00:00,3.468,3.583,3.309,3.493,3174894.62
2026-02-10 00:00:00+00:00,3.493,3.499,3.318,3.36,2120911.96
2026-02-11 00:00:00+00:00,3.361,4.588,3.223,3.369,28491602.0
2026-02-12 00:00:00+00:00,3.37,3.498,3.142,3.247,11620693.63
2026-02-13 00:00:00+00:00,3.246,3.495,3.208,3.398,6836626.29
2026-02-14 00:00:00+00:00,3.398,3.739,3.378,3.629,8315869.41
2026-02-15 00:00:00+00:00,3.628,3.678,3.397,3.471,5203892.97
2026-02-16 00:00:00+00:00,3.471,3.628,3.424,3.601,4219826.59
2026-02-17 00:00:00+00:00,3.602,3.632,3.452,3.524,2826275.93
2026-02-18 00:00:00+00:00,3.525,3.607,3.349,3.403,3552277.44
2026-02-19 00:00:00+00:00,3.403,3.468,3.293,3.391,3946751.79
2026-02-20 00:00:00+00:00,3.391,3.498,3.309,3.492,4378014.48
2026-02-21 00:00:00+00:00,3.492,3.694,3.468,3.609,3534998.41
2026-02-22 00:00:00+00:00,3.609,3.63,3.433,3.491,2653845.35
2026-02-23 00:00:00+00:00,3.491,3.566,3.275,3.349,5365954.18
2026-02-24 00:00:00+00:00,3.348,3.403,3.259,3.337,3898719.29
2026-02-25 00:00:00+00:00,3.338,4.294,3.33,4.055,13718509.33
2026-02-26 00:00:00+00:00,4.055,4.093,3.714,3.879,6385355.96
2026-02-27 00:00:00+00:00,3.879,3.945,3.672,3.742,3948245.64
2026-02-28 00:00:00+00:00,3.741,3.893,3.537,3.811,4860760.45
2026-03-01 00:00:00+00:00,3.811,3.974,3.667,3.748,4373482.98
2026-03-02 00:00:00+00:00,3.749,4.048,3.715,3.929,4560961.55
2026-03-03 00:00:00+00:00,3.929,3.941,3.75,3.912,3225356.37
2026-03-04 00:00:00+00:00,3.913,4.089,3.859,3.977,4832286.91
2026-03-05 00:00:00+00:00,3.976,4.095,3.927,3.97,3674506.12
2026-03-06 00:00:00+00:00,3.97,4.021,3.809,3.848,3188168.79
2026-03-07 00:00:00+00:00,3.849,3.868,3.736,3.771,1421054.1
2026-03-08 00:00:00+00:00,3.772,3.797,3.61,3.661,2091940.52
2026-03-09 00:00:00+00:00,3.66,3.992,3.659,3.861,3847675.82
2026-03-10 00:00:00+00:00,3.86,3.998,3.824,3.843,3621984.16
2026-03-11 00:00:00+00:00,3.843,3.967,3.804,3.898,2322143.65
2026-03-12 00:00:00+00:00,3.899,3.95,3.842,3.918,2267387.28
2026-03-13 00:00:00+00:00,3.917,4.209,3.906,4.004,4052958.54
2026-03-14 00:00:00+00:00,4.004,4.021,3.905,3.948,1788492.47
2026-03-15 00:00:00+00:00,3.946,4.114,3.916,4.069,1658425.57
2026-03-16 00:00:00+00:00,4.069,4.195,3.971,4.157,6593194.64
2026-03-17 00:00:00+00:00,4.156,4.176,3.943,3.957,3737962.36
2026-03-18 00:00:00+00:00,3.957,4.015,3.616,3.681,4707768.64
2026-03-19 00:00:00+00:00,3.681,3.721,3.501,3.579,2863578.22
2026-03-20 00:00:00+00:00,3.579,3.648,3.544,3.605,2553402.98
2026-03-21 00:00:00+00:00,3.605,3.629,3.458,3.486,1158564.87
2026-03-22 00:00:00+00:00,3.485,3.537,3.41,3.471,1475782.67
2026-03-23 00:00:00+00:00,3.472,3.682,3.437,3.587,3640689.59
2026-03-24 00:00:00+00:00,3.587,3.623,3.528,3.609,1978220.35
2026-03-25 00:00:00+00:00,3.609,3.764,3.583,3.708,3271411.85
2026-03-26 00:00:00+00:00,3.708,3.719,3.483,3.528,2554541.5
2026-03-27 00:00:00+00:00,3.527,3.557,3.365,3.388,2622014.94
2026-03-28 00:00:00+00:00,3.389,3.451,3.355,3.384,1212374.99
2026-03-29 00:00:00+00:00,3.383,3.428,3.259,3.355,1409374.94
2026-03-30 00:00:00+00:00,3.356,3.577,3.353,3.48,2069714.93
2026-03-31 00:00:00+00:00,3.481,3.591,3.45,3.545,2443917.2
2026-04-01 00:00:00+00:00,3.544,3.672,3.535,3.567,2593828.74
2026-04-02 00:00:00+00:00,3.567,3.597,3.088,3.174,16500703.13
2026-04-03 00:00:00+00:00,3.175,3.256,3.146,3.171,3057328.37
2026-04-04 00:00:00+00:00,3.172,3.181,3.098,3.125,2401634.49
2026-04-05 00:00:00+00:00,3.126,3.161,3.057,3.148,2233472.91
2026-04-06 00:00:00+00:00,3.148,3.211,3.072,3.096,2680181.44
2026-04-07 00:00:00+00:00,3.095,3.323,3.014,3.286,4689914.24
2026-04-08 00:00:00+00:00,3.286,3.3,3.111,3.121,2903915.59
2026-04-09 00:00:00+00:00,3.12,3.219,3.048,3.107,3187059.2
2026-04-10 00:00:00+00:00,3.107,3.198,3.089,3.166,2731090.73
2026-04-11 00:00:00+00:00,3.165,3.221,3.115,3.15,1880447.92
2026-04-12 00:00:00+00:00,3.15,3.158,3.005,3.018,2569774.21
2026-04-13 00:00:00+00:00,3.019,3.258,3.0,3.234,3664725.93
2026-04-14 00:00:00+00:00,3.235,3.249,3.093,3.132,3192980.74
2026-04-15 00:00:00+00:00,3.132,3.264,3.119,3.224,2017936.52
2026-04-16 00:00:00+00:00,3.225,3.47,3.197,3.429,5136540.28
2026-04-17 00:00:00+00:00,3.428,3.582,3.326,3.453,4216704.32
2026-04-18 00:00:00+00:00,3.452,3.479,3.327,3.35,2608264.7
2026-04-19 00:00:00+00:00,3.35,3.362,3.206,3.231,3258149.99
2026-04-20 00:00:00+00:00,3.232,3.336,3.197,3.233,2609008.94
2026-04-21 00:00:00+00:00,3.233,3.297,3.185,3.271,2327147.18
2026-04-22 00:00:00+00:00,3.273,3.439,3.258,3.315,3273370.62
2026-04-23 00:00:00+00:00,3.317,3.329,3.208,3.294,3438069.63
2026-04-24 00:00:00+00:00,3.294,3.313,3.222,3.253,2347451.8
2026-04-25 00:00:00+00:00,3.252,3.281,3.225,3.258,1050595.09
2026-04-26 00:00:00+00:00,3.258,3.309,3.231,3.283,1413309.94
2026-04-27 00:00:00+00:00,3.284,3.362,3.175,3.253,2497730.73
2026-04-28 00:00:00+00:00,3.252,3.279,3.19,3.242,1818898.53
2026-04-29 00:00:00+00:00,3.242,3.328,3.105,3.191,3112093.7
2026-04-30 00:00:00+00:00,3.192,3.227,3.145,3.187,1313388.62
2026-05-01 00:00:00+00:00,3.188,3.278,3.188,3.204,1876338.2
2026-05-02 00:00:00+00:00,3.203,3.28,3.193,3.255,1188106.63
2026-05-03 00:00:00+00:00,3.256,3.276,3.208,3.234,1415162.46
2026-05-04 00:00:00+00:00,3.235,3.453,3.21,3.274,7078217.24
2026-05-05 00:00:00+00:00,3.274,3.399,3.27,3.358,2849812.24
2026-05-06 00:00:00+00:00,3.357,3.554,3.339,3.475,4787380.74
2026-05-07 00:00:00+00:00,3.474,3.509,3.378,3.434,4447755.19
2026-05-08 00:00:00+00:00,3.434,3.735,3.386,3.712,5708033.24
2026-05-09 00:00:00+00:00,3.711,3.826,3.618,3.81,4519559.24
2026-05-10 00:00:00+00:00,3.81,4.17,3.688,3.994,14022711.55
2026-05-11 00:00:00+00:00,3.994,4.008,3.814,3.897,4317996.22
2026-05-12 00:00:00+00:00,3.896,3.904,3.688,3.765,3265447.81
2026-05-13 00:00:00+00:00,3.765,3.847,3.578,3.624,3150944.6
2026-05-14 00:00:00+00:00,3.623,3.817,3.561,3.734,5609627.91
2026-05-15 00:00:00+00:00,3.733,3.76,3.523,3.602,3586800.89
2026-05-16 00:00:00+00:00,3.601,3.622,3.458,3.486,2332987.35
2026-05-17 00:00:00+00:00,3.485,3.61,3.381,3.47,2863701.14
2026-05-18 00:00:00+00:00,3.471,3.552,3.32,3.545,6151217.9
2026-05-19 00:00:00+00:00,3.546,3.588,3.435,3.451,1730146.31
2026-05-20 00:00:00+00:00,3.451,3.666,3.426,3.615,4008277.7
2026-05-21 00:00:00+00:00,3.616,3.691,3.528,3.608,3006528.78
2026-05-22 00:00:00+00:00,3.608,3.684,3.376,3.404,4489627.63
2026-05-23 00:00:00+00:00,3.404,3.57,3.261,3.464,6366546.34
2026-05-24 00:00:00+00:00,3.465,3.475,3.326,3.386,1468516.07
2026-05-25 00:00:00+00:00,3.386,3.441,3.308,3.329,6580858.53
2026-05-26 00:00:00+00:00,3.329,3.388,3.225,3.251,3088114.69
2026-05-27 00:00:00+00:00,3.252,3.321,3.06,3.093,7979451.5
2026-05-28 00:00:00+00:00,3.093,3.117,2.972,3.052,6432423.15
2026-05-29 00:00:00+00:00,3.051,3.083,2.947,3.02,7149948.28
2026-05-30 00:00:00+00:00,3.021,3.086,2.994,3.056,1929790.55
2026-05-31 00:00:00+00:00,3.056,3.072,2.958,3.024,1985837.28
2026-06-01 00:00:00+00:00,3.025,3.045,2.906,2.984,3101996.61
2026-06-02 00:00:00+00:00,2.984,2.986,2.733,2.8,3671040.12
2026-06-03 00:00:00+00:00,2.801,2.938,2.752,2.8,3647145.39
2026-06-04 00:00:00+00:00,2.8,2.826,2.57,2.655,5470173.75
2026-06-05 00:00:00+00:00,2.654,2.666,2.344,2.462,7287185.85
2026-06-06 00:00:00+00:00,2.461,2.487,2.316,2.466,2455834.03
2026-06-07 00:00:00+00:00,2.467,2.63,2.463,2.573,4012429.04
2026-06-08 00:00:00+00:00,2.572,2.609,2.497,2.515,4785656.09
2026-06-09 00:00:00+00:00,2.515,2.546,2.437,2.478,2749756.68
2026-06-10 00:00:00+00:00,2.478,2.518,2.366,2.396,3781759.35
2026-06-11 00:00:00+00:00,2.395,2.568,2.394,2.498,5326901.44
2026-06-12 00:00:00+00:00,2.499,2.563,2.477,2.499,2741245.46
2026-06-13 00:00:00+00:00,2.501,2.585,2.483,2.557,2116465.56
2026-06-14 00:00:00+00:00,2.558,2.6,2.466,2.592,1819982.86
2026-06-15 00:00:00+00:00,2.591,2.85,2.562,2.846,5104185.58
2026-06-16 00:00:00+00:00,2.846,3.328,2.778,3.293,18592723.43
2026-06-17 00:00:00+00:00,3.293,3.729,3.166,3.227,26734024.24
2026-06-18 00:00:00+00:00,3.227,3.329,2.92,3.209,12944528.79
2026-06-19 00:00:00+00:00,3.209,3.211,2.996,3.086,4990816.61
2026-06-20 00:00:00+00:00,3.085,3.095,2.947,3.006,2991719.1
2026-06-21 00:00:00+00:00,3.007,3.131,2.952,2.984,3135970.17
2026-06-22 00:00:00+00:00,2.985,3.115,2.957,2.985,3248945.4
2026-06-23 00:00:00+00:00,2.984,3.011,2.797,2.924,4195367.64
2026-06-24 00:00:00+00:00,2.925,2.967,2.725,2.926,3885698.2
2026-06-25 00:00:00+00:00,2.927,3.036,2.743,2.885,4605306.48
2026-06-26 00:00:00+00:00,2.886,3.045,2.775,2.964,4270680.78
2026-06-27 00:00:00+00:00,2.964,3.065,2.899,2.924,2533377.27
2026-06-28 00:00:00+00:00,2.923,2.978,2.868,2.926,2204310.21
2026-06-29 00:00:00+00:00,2.926,3.016,2.883,2.893,3742674.73
2026-06-30 00:00:00+00:00,2.894,2.898,2.746,2.778,3585453.18
2026-07-01 00:00:00+00:00,2.779,2.883,2.718,2.789,4457547.0
2026-07-02 00:00:00+00:00,2.79,3.291,2.778,3.18,9084597.33
2026-07-03 00:00:00+00:00,3.179,3.309,3.149,3.209,3808647.53
2026-07-04 00:00:00+00:00,3.209,3.284,3.169,3.218,1723772.84
2026-07-05 00:00:00+00:00,3.217,3.222,3.098,3.176,1938248.37
2026-07-06 00:00:00+00:00,3.176,3.26,3.069,3.181,3035726.9
