date,open,high,low,close,volume
2021-07-03 00:00:00+00:00,0.6557,0.6849,0.6433,0.6732,329367273.74
2021-07-04 00:00:00+00:00,0.6733,0.7091,0.6655,0.696,334071078.78
2021-07-05 00:00:00+00:00,0.696,0.697,0.6444,0.6526,407839477.88
2021-07-06 00:00:00+00:00,0.6526,0.68,0.6511,0.6648,356111895.89
2021-07-07 00:00:00+00:00,0.6648,0.674,0.65,0.6522,284356433.42
2021-07-08 00:00:00+00:00,0.6521,0.6545,0.6108,0.6215,430925669.18
2021-07-09 00:00:00+00:00,0.6214,0.6457,0.5917,0.6369,358836803.69
2021-07-10 00:00:00+00:00,0.6369,0.6489,0.612,0.6246,279711260.06
2021-07-11 00:00:00+00:00,0.6246,0.6449,0.6169,0.6364,201320995.42
2021-07-12 00:00:00+00:00,0.6363,0.6575,0.6172,0.6288,356848391.96
2021-07-13 00:00:00+00:00,0.6288,0.6426,0.6086,0.6192,315648113.8
2021-07-14 00:00:00+00:00,0.6193,0.625,0.5851,0.6197,352306488.76
2021-07-15 00:00:00+00:00,0.6196,0.6269,0.5874,0.5979,339655984.05
2021-07-16 00:00:00+00:00,0.5979,0.6211,0.5874,0.5893,282511701.89
2021-07-17 00:00:00+00:00,0.5893,0.5977,0.56,0.5821,263418042.14
2021-07-18 00:00:00+00:00,0.5822,0.6016,0.571,0.5866,241849135.65
2021-07-19 00:00:00+00:00,0.5867,0.5889,0.5533,0.557,294780945.07
2021-07-20 00:00:00+00:00,0.557,0.5699,0.5157,0.5284,393704657.61
2021-07-21 00:00:00+00:00,0.5284,0.584,0.5193,0.5719,493423679.61
2021-07-22 00:00:00+00:00,0.5718,0.6033,0.5609,0.592,409238764.36
2021-07-23 00:00:00+00:00,0.592,0.6101,0.5753,0.6091,359561806.43
2021-07-24 00:00:00+00:00,0.6092,0.6205,0.5996,0.6085,319684922.3
2021-07-25 00:00:00+00:00,0.6085,0.6118,0.5906,0.6069,259034501.15
2021-07-26 00:00:00+00:00,0.6069,0.6793,0.6048,0.6234,803413949.18
2021-07-27 00:00:00+00:00,0.6234,0.6528,0.6121,0.6451,427078091.95
2021-07-28 00:00:00+00:00,0.645,0.7549,0.6308,0.7327,1172622702.04
2021-07-29 00:00:00+00:00,0.7327,0.7665,0.697,0.7488,513356476.87
2021-07-30 00:00:00+00:00,0.7488,0.7697,0.7115,0.7521,604445794.9
2021-07-31 00:00:00+00:00,0.7522,0.7591,0.7367,0.746,377281828.25
2021-08-01 00:00:00+00:00,0.7461,0.7778,0.7042,0.7242,469477766.36
2021-08-02 00:00:00+00:00,0.7242,0.774,0.715,0.738,410656081.94
2021-08-03 00:00:00+00:00,0.738,0.745,0.7008,0.7136,398158150.61
2021-08-04 00:00:00+00:00,0.7136,0.7398,0.6952,0.731,330543019.03
2021-08-05 00:00:00+00:00,0.731,0.7389,0.701,0.7327,331894003.59
2021-08-06 00:00:00+00:00,0.7327,0.753,0.7219,0.7474,304988991.92
2021-08-07 00:00:00+00:00,0.7474,0.8189,0.7411,0.8162,589624594.72
2021-08-08 00:00:00+00:00,0.8163,0.8413,0.7717,0.7788,556138875.77
2021-08-09 00:00:00+00:00,0.7788,0.8279,0.7596,0.817,474908832.08
2021-08-10 00:00:00+00:00,0.8169,0.8622,0.8,0.8511,503252613.21
2021-08-11 00:00:00+00:00,0.8511,1.0906,0.848,1.0105,1131344973.99
2021-08-12 00:00:00+00:00,1.0106,1.045,0.9222,0.966,990869466.08
2021-08-13 00:00:00+00:00,0.9661,1.0968,0.9501,1.0901,674407528.31
2021-08-14 00:00:00+00:00,1.0901,1.31,1.0691,1.2791,1408060485.32
2021-08-15 00:00:00+00:00,1.2788,1.35,1.2252,1.2839,1155282513.71
2021-08-16 00:00:00+00:00,1.2838,1.3288,1.1432,1.1855,912003805.45
2021-08-17 00:00:00+00:00,1.1855,1.2479,1.085,1.0978,893360572.36
2021-08-18 00:00:00+00:00,1.098,1.1963,1.0501,1.1431,870414538.26
2021-08-19 00:00:00+00:00,1.143,1.2355,1.0895,1.2347,723276976.29
2021-08-20 00:00:00+00:00,1.2347,1.2897,1.1992,1.2629,594584554.01
2021-08-21 00:00:00+00:00,1.2629,1.2835,1.2,1.2158,394160040.58
2021-08-22 00:00:00+00:00,1.2158,1.2557,1.1776,1.226,360176161.72
2021-08-23 00:00:00+00:00,1.2258,1.3046,1.2024,1.2457,661403795.74
2021-08-24 00:00:00+00:00,1.2456,1.2658,1.1212,1.1353,637760055.93
2021-08-25 00:00:00+00:00,1.1353,1.1779,1.1073,1.1735,530858362.99
2021-08-26 00:00:00+00:00,1.1735,1.1866,1.0636,1.0712,569965192.92
2021-08-27 00:00:00+00:00,1.0713,1.1926,1.0501,1.1918,565739468.35
2021-08-28 00:00:00+00:00,1.1918,1.198,1.1329,1.1459,314618250.83
2021-08-29 00:00:00+00:00,1.1458,1.1683,1.112,1.1408,313294895.0
2021-08-30 00:00:00+00:00,1.1408,1.1488,1.0946,1.1002,364996870.0
2021-08-31 00:00:00+00:00,1.1005,1.2441,1.0907,1.1856,709823003.3
2021-09-01 00:00:00+00:00,1.1856,1.2384,1.158,1.2362,469917987.0
2021-09-02 00:00:00+00:00,1.2362,1.295,1.2216,1.2533,501596506.82
2021-09-03 00:00:00+00:00,1.2533,1.3235,1.2189,1.2907,526413570.07
2021-09-04 00:00:00+00:00,1.2906,1.2972,1.2352,1.2548,355870711.0
2021-09-05 00:00:00+00:00,1.2548,1.3125,1.2361,1.3076,335187953.0
2021-09-06 00:00:00+00:00,1.3075,1.4151,1.3065,1.3894,710855257.92
2021-09-07 00:00:00+00:00,1.3894,1.3922,0.9524,1.1292,1297978123.89
2021-09-08 00:00:00+00:00,1.129,1.148,1.0133,1.0998,794455994.0
2021-09-09 00:00:00+00:00,1.0999,1.1377,1.0619,1.0868,604426508.0
2021-09-10 00:00:00+00:00,1.0868,1.245,1.03,1.0552,901671116.0
2021-09-11 00:00:00+00:00,1.0552,1.12,1.0503,1.0787,336502704.0
2021-09-12 00:00:00+00:00,1.0788,1.1276,1.0576,1.1181,324049191.0
2021-09-13 00:00:00+00:00,1.1181,1.1266,1.025,1.0643,510682363.0
2021-09-14 00:00:00+00:00,1.0644,1.0978,1.0566,1.0963,275908113.0
2021-09-15 00:00:00+00:00,1.0962,1.13,1.0784,1.1207,289063987.0
2021-09-16 00:00:00+00:00,1.1207,1.13,1.0662,1.0902,302954441.0
2021-09-17 00:00:00+00:00,1.0903,1.1025,1.0509,1.0661,297933223.0
2021-09-18 00:00:00+00:00,1.0663,1.0952,1.0562,1.0751,195352031.0
2021-09-19 00:00:00+00:00,1.0752,1.0837,1.0383,1.0483,211015299.0
2021-09-20 00:00:00+00:00,1.0483,1.0497,0.8738,0.9216,837287959.74
2021-09-21 00:00:00+00:00,0.9216,0.9593,0.8582,0.8743,632313366.81
2021-09-22 00:00:00+00:00,0.874,1.0094,0.8679,1.0033,606417695.0
2021-09-23 00:00:00+00:00,1.0033,1.017,0.9676,1.0016,409673892.0
2021-09-24 00:00:00+00:00,1.0016,1.0027,0.8858,0.944,605329486.0
2021-09-25 00:00:00+00:00,0.9442,0.9577,0.9163,0.94,347043937.0
2021-09-26 00:00:00+00:00,0.9399,0.9567,0.8915,0.9436,384081774.0
2021-09-27 00:00:00+00:00,0.9436,0.9818,0.9194,0.9218,350234819.0
2021-09-28 00:00:00+00:00,0.9217,0.9431,0.8903,0.8928,313521537.0
2021-09-29 00:00:00+00:00,0.8928,0.9941,0.8861,0.9268,459660796.0
2021-09-30 00:00:00+00:00,0.9266,0.964,0.9217,0.9533,332911904.0
2021-10-01 00:00:00+00:00,0.9535,1.0695,0.9443,1.0422,644378881.0
2021-10-02 00:00:00+00:00,1.0422,1.0733,1.0079,1.0359,398398944.0
2021-10-03 00:00:00+00:00,1.0359,1.0884,1.021,1.0552,410176280.0
2021-10-04 00:00:00+00:00,1.0552,1.0596,1.0059,1.0425,416467677.0
2021-10-05 00:00:00+00:00,1.0429,1.088,1.038,1.0839,429469278.0
2021-10-06 00:00:00+00:00,1.084,1.1081,1.0171,1.0765,509214129.0
2021-10-07 00:00:00+00:00,1.0766,1.0942,1.0423,1.0678,410868906.0
2021-10-08 00:00:00+00:00,1.0677,1.0927,1.0539,1.0636,335486636.0
2021-10-09 00:00:00+00:00,1.0636,1.2089,1.0565,1.1604,678027224.72
2021-10-10 00:00:00+00:00,1.1604,1.23,1.1262,1.1352,647048690.0
2021-10-11 00:00:00+00:00,1.1352,1.182,1.1017,1.1364,429676031.0
2021-10-12 00:00:00+00:00,1.1363,1.1364,1.0634,1.1018,455399313.0
2021-10-13 00:00:00+00:00,1.1017,1.1387,1.075,1.1275,403291632.0
2021-10-14 00:00:00+00:00,1.1277,1.16,1.1174,1.1336,353714419.0
2021-10-15 00:00:00+00:00,1.1335,1.1656,1.0914,1.1413,573654581.0
2021-10-16 00:00:00+00:00,1.1415,1.1869,1.13,1.1343,339530696.0
2021-10-17 00:00:00+00:00,1.1343,1.1407,1.0172,1.0944,384414867.0
2021-10-18 00:00:00+00:00,1.0943,1.1064,1.0642,1.0827,321174243.0
2021-10-19 00:00:00+00:00,1.0827,1.1009,1.0661,1.0911,235324664.0
2021-10-20 00:00:00+00:00,1.0911,1.1529,1.0868,1.1455,346122480.0
2021-10-21 00:00:00+00:00,1.1451,1.164,1.0851,1.0886,442288500.0
2021-10-22 00:00:00+00:00,1.0885,1.1288,1.0739,1.0885,333619107.0
2021-10-23 00:00:00+00:00,1.0885,1.1018,1.0763,1.0934,189644449.0
2021-10-24 00:00:00+00:00,1.0935,1.0961,1.0522,1.0821,234286648.0
2021-10-25 00:00:00+00:00,1.0821,1.1034,1.0778,1.0951,218666074.0
2021-10-26 00:00:00+00:00,1.0951,1.1606,1.0905,1.1075,439499263.0
2021-10-27 00:00:00+00:00,1.1076,1.1248,0.9483,0.995,914728059.0
2021-10-28 00:00:00+00:00,0.9951,1.0816,0.981,1.0579,686113717.0
2021-10-29 00:00:00+00:00,1.058,1.0903,1.0409,1.0825,357777322.0
2021-10-30 00:00:00+00:00,1.0825,1.1169,1.0611,1.0846,372223050.0
2021-10-31 00:00:00+00:00,1.0845,1.1544,1.0689,1.1128,659007943.0
2021-11-01 00:00:00+00:00,1.1128,1.1321,1.069,1.0915,381430430.0
2021-11-02 00:00:00+00:00,1.0916,1.1468,1.0851,1.1349,398377412.0
2021-11-03 00:00:00+00:00,1.1348,1.2363,1.1255,1.2101,838803472.0
2021-11-04 00:00:00+00:00,1.21,1.2574,1.1604,1.2004,553456246.0
2021-11-05 00:00:00+00:00,1.2004,1.2015,1.1311,1.1581,318649692.0
2021-11-06 00:00:00+00:00,1.1581,1.1828,1.1,1.151,260339849.0
2021-11-07 00:00:00+00:00,1.1511,1.2374,1.1451,1.2198,371235010.0
2021-11-08 00:00:00+00:00,1.2198,1.296,1.2192,1.2815,606055941.0
2021-11-09 00:00:00+00:00,1.2815,1.2884,1.2245,1.2571,465127517.0
2021-11-10 00:00:00+00:00,1.2572,1.3493,1.1174,1.1902,932520826.0
2021-11-11 00:00:00+00:00,1.1902,1.2544,1.1764,1.2142,475284132.0
2021-11-12 00:00:00+00:00,1.2142,1.2332,1.1542,1.1883,446863355.0
2021-11-13 00:00:00+00:00,1.1884,1.2039,1.167,1.1892,240083101.0
2021-11-14 00:00:00+00:00,1.1894,1.1995,1.1675,1.1879,192023307.0
2021-11-15 00:00:00+00:00,1.1879,1.2198,1.1651,1.172,266793400.0
2021-11-16 00:00:00+00:00,1.172,1.1721,1.0418,1.0877,599544174.0
2021-11-17 00:00:00+00:00,1.0877,1.113,1.0588,1.0953,383487232.0
2021-11-18 00:00:00+00:00,1.0953,1.17,1.015,1.0406,698664651.0
2021-11-19 00:00:00+00:00,1.0406,1.103,1.0174,1.0892,349087574.0
2021-11-20 00:00:00+00:00,1.0892,1.1015,1.0594,1.0965,251779916.0
2021-11-21 00:00:00+00:00,1.0965,1.0974,1.0544,1.0569,228064131.0
2021-11-22 00:00:00+00:00,1.0571,1.071,1.0251,1.0354,307140428.0
2021-11-23 00:00:00+00:00,1.0354,1.0715,1.0192,1.0661,341407597.0
2021-11-24 00:00:00+00:00,1.0662,1.0735,1.0068,1.0326,344750680.0
2021-11-25 00:00:00+00:00,1.0325,1.0647,1.0215,1.0438,312211526.0
2021-11-26 00:00:00+00:00,1.0439,1.0467,0.9108,0.9394,659982617.0
2021-11-27 00:00:00+00:00,0.9392,0.9656,0.9336,0.9452,224846313.0
2021-11-28 00:00:00+00:00,0.9453,0.9692,0.8825,0.9687,336336729.0
2021-11-29 00:00:00+00:00,0.9687,1.0019,0.9631,0.9898,303393405.0
2021-11-30 00:00:00+00:00,0.9899,1.0304,0.97,0.9983,340017409.0
2021-12-01 00:00:00+00:00,0.9984,1.0173,0.9799,0.9899,250291608.0
2021-12-02 00:00:00+00:00,0.9898,0.9901,0.9545,0.9716,213172250.0
2021-12-03 00:00:00+00:00,0.9715,0.9838,0.89,0.9211,297172193.0
2021-12-04 00:00:00+00:00,0.9211,0.9245,0.6,0.8449,1357965897.04
2021-12-05 00:00:00+00:00,0.8452,0.862,0.769,0.8045,518767360.0
2021-12-06 00:00:00+00:00,0.8045,0.8303,0.7485,0.8255,508644255.0
2021-12-07 00:00:00+00:00,0.8256,0.8467,0.8042,0.8154,319504545.0
2021-12-08 00:00:00+00:00,0.8154,0.8844,0.8026,0.8622,415004580.0
2021-12-09 00:00:00+00:00,0.8623,0.9361,0.8319,0.8583,684730305.0
2021-12-10 00:00:00+00:00,0.8583,0.8829,0.7914,0.7992,496512579.0
2021-12-11 00:00:00+00:00,0.7992,0.8445,0.7844,0.8392,284945414.0
2021-12-12 00:00:00+00:00,0.8391,0.8572,0.8088,0.8393,224450903.0
2021-12-13 00:00:00+00:00,0.8394,0.8444,0.7601,0.7818,378446930.0
2021-12-14 00:00:00+00:00,0.782,0.8214,0.7717,0.8103,352693472.0
2021-12-15 00:00:00+00:00,0.8102,0.84,0.777,0.8262,354116180.0
2021-12-16 00:00:00+00:00,0.8262,0.8364,0.8028,0.8051,206133176.0
2021-12-17 00:00:00+00:00,0.8053,0.8322,0.7754,0.7966,260108143.0
2021-12-18 00:00:00+00:00,0.7967,0.8347,0.791,0.8262,170671362.0
2021-12-19 00:00:00+00:00,0.8263,0.8485,0.819,0.835,163876270.0
2021-12-20 00:00:00+00:00,0.835,0.915,0.8241,0.8798,555435824.0
2021-12-21 00:00:00+00:00,0.8799,0.961,0.8527,0.9467,471318013.0
2021-12-22 00:00:00+00:00,0.9466,0.9738,0.923,0.9537,401407051.0
2021-12-23 00:00:00+00:00,0.9538,1.0167,0.9372,0.9941,479436230.0
2021-12-24 00:00:00+00:00,0.9941,0.9966,0.8964,0.9115,567234092.0
2021-12-25 00:00:00+00:00,0.9114,0.935,0.8981,0.9252,250074945.0
2021-12-26 00:00:00+00:00,0.9252,0.9334,0.9052,0.92,163438501.0
2021-12-27 00:00:00+00:00,0.92,0.956,0.9141,0.9269,236282371.0
2021-12-28 00:00:00+00:00,0.9269,0.9269,0.8456,0.8515,321266081.0
2021-12-29 00:00:00+00:00,0.8516,0.8645,0.81,0.8171,306520880.0
2021-12-30 00:00:00+00:00,0.8172,0.86,0.802,0.8386,262671659.0
2021-12-31 00:00:00+00:00,0.8385,0.8545,0.8025,0.8297,239829934.0
2022-01-01 00:00:00+00:00,0.8298,0.8557,0.8297,0.8507,136976730.0
2022-01-02 00:00:00+00:00,0.8508,0.8667,0.8372,0.8586,129688032.0
2022-01-03 00:00:00+00:00,0.8586,0.8587,0.8213,0.8324,178618617.0
2022-01-04 00:00:00+00:00,0.8324,0.8456,0.7794,0.8228,214415744.0
2022-01-05 00:00:00+00:00,0.8227,0.8372,0.7092,0.7726,370612510.0
2022-01-06 00:00:00+00:00,0.7725,0.7909,0.7377,0.7791,307202277.0
2022-01-07 00:00:00+00:00,0.779,0.7808,0.7287,0.7634,372926762.0
2022-01-08 00:00:00+00:00,0.7634,0.7768,0.7222,0.7452,253028571.0
2022-01-09 00:00:00+00:00,0.7452,0.7667,0.7381,0.753,151521399.0
2022-01-10 00:00:00+00:00,0.753,0.7589,0.6967,0.7399,313080154.0
2022-01-11 00:00:00+00:00,0.7399,0.7768,0.7306,0.7703,254065075.0
2022-01-12 00:00:00+00:00,0.7702,0.816,0.757,0.7987,295701910.0
2022-01-13 00:00:00+00:00,0.7986,0.8024,0.7604,0.768,227833834.0
2022-01-14 00:00:00+00:00,0.7677,0.8,0.7513,0.7732,221104212.0
2022-01-15 00:00:00+00:00,0.7733,0.79,0.768,0.7791,138443019.0
2022-01-16 00:00:00+00:00,0.7791,0.7884,0.768,0.7784,125068081.0
2022-01-17 00:00:00+00:00,0.7785,0.7805,0.7498,0.7617,181653025.0
2022-01-18 00:00:00+00:00,0.7616,0.7686,0.7352,0.7509,188367099.0
2022-01-19 00:00:00+00:00,0.751,0.7533,0.7231,0.7381,190555142.0
2022-01-20 00:00:00+00:00,0.7381,0.7622,0.7161,0.7199,205931050.0
2022-01-21 00:00:00+00:00,0.7199,0.7285,0.6112,0.6368,612944841.0
2022-01-22 00:00:00+00:00,0.6368,0.6542,0.5489,0.5966,769947907.12
2022-01-23 00:00:00+00:00,0.5966,0.6352,0.59,0.6283,331234207.0
2022-01-24 00:00:00+00:00,0.6284,0.6286,0.5524,0.6118,513343471.0
2022-01-25 00:00:00+00:00,0.6118,0.6243,0.5872,0.618,319618429.0
2022-01-26 00:00:00+00:00,0.6178,0.6586,0.6047,0.6193,466864710.0
2022-01-27 00:00:00+00:00,0.6193,0.6247,0.5893,0.6088,292543906.0
2022-01-28 00:00:00+00:00,0.6089,0.614,0.5916,0.6111,221009653.0
2022-01-29 00:00:00+00:00,0.6112,0.6255,0.6083,0.6174,154572094.0
2022-01-30 00:00:00+00:00,0.6175,0.6232,0.5973,0.6013,146491081.0
2022-01-31 00:00:00+00:00,0.6012,0.6242,0.5803,0.6174,213749309.0
2022-02-01 00:00:00+00:00,0.6174,0.6308,0.6107,0.6284,174300620.0
2022-02-02 00:00:00+00:00,0.6284,0.6314,0.5955,0.6006,186608762.0
2022-02-03 00:00:00+00:00,0.6006,0.6116,0.5886,0.6102,168129675.0
2022-02-04 00:00:00+00:00,0.6101,0.6589,0.6044,0.6555,263927174.0
2022-02-05 00:00:00+00:00,0.6557,0.6869,0.65,0.6656,310296779.0
2022-02-06 00:00:00+00:00,0.6656,0.688,0.6589,0.6825,157303166.0
2022-02-07 00:00:00+00:00,0.6825,0.839,0.6712,0.8314,640917209.0
2022-02-08 00:00:00+00:00,0.8314,0.9142,0.8034,0.8763,1048879447.0
2022-02-09 00:00:00+00:00,0.8763,0.9168,0.8413,0.8697,626331950.0
2022-02-10 00:00:00+00:00,0.8699,0.8975,0.821,0.8253,495010890.0
2022-02-11 00:00:00+00:00,0.8253,0.8339,0.75,0.7591,482432190.0
2022-02-12 00:00:00+00:00,0.759,0.8532,0.7465,0.8223,477906804.0
2022-02-13 00:00:00+00:00,0.8223,0.8476,0.792,0.8057,351589704.0
2022-02-14 00:00:00+00:00,0.8057,0.8127,0.7791,0.8012,304006647.0
2022-02-15 00:00:00+00:00,0.8012,0.8599,0.7961,0.8515,279317316.0
2022-02-16 00:00:00+00:00,0.8514,0.8532,0.8086,0.8366,252745706.0
2022-02-17 00:00:00+00:00,0.8367,0.8448,0.7535,0.769,375190546.0
2022-02-18 00:00:00+00:00,0.7689,0.8055,0.756,0.784,417945743.0
2022-02-19 00:00:00+00:00,0.7841,0.8547,0.7696,0.8215,492929500.0
2022-02-20 00:00:00+00:00,0.8215,0.8234,0.7643,0.7769,495454770.0
2022-02-21 00:00:00+00:00,0.7769,0.802,0.6953,0.7018,621650777.0
2022-02-22 00:00:00+00:00,0.7018,0.7266,0.6686,0.7209,597541290.0
2022-02-23 00:00:00+00:00,0.7209,0.7441,0.6924,0.6967,438023003.0
2022-02-24 00:00:00+00:00,0.6967,0.7226,0.6215,0.6963,986343826.0
2022-02-25 00:00:00+00:00,0.6962,0.7807,0.6826,0.7699,557343038.0
2022-02-26 00:00:00+00:00,0.7698,0.7955,0.7403,0.7508,520451349.0
2022-02-27 00:00:00+00:00,0.7508,0.7677,0.7032,0.7215,441252224.0
2022-02-28 00:00:00+00:00,0.7216,0.7938,0.7075,0.7809,444617964.0
2022-03-01 00:00:00+00:00,0.7809,0.8039,0.7574,0.7839,392126769.0
2022-03-02 00:00:00+00:00,0.784,0.7848,0.7562,0.7687,377602100.0
2022-03-03 00:00:00+00:00,0.7688,0.7897,0.7336,0.7515,339295156.0
2022-03-04 00:00:00+00:00,0.7514,0.755,0.6942,0.7127,382831997.0
2022-03-05 00:00:00+00:00,0.7127,0.7693,0.7049,0.754,358200609.0
2022-03-06 00:00:00+00:00,0.7539,0.7589,0.7211,0.7251,304732286.0
2022-03-07 00:00:00+00:00,0.7252,0.7544,0.7033,0.7197,496407111.0
2022-03-08 00:00:00+00:00,0.7196,0.7313,0.7135,0.7207,293749434.0
2022-03-09 00:00:00+00:00,0.7208,0.775,0.7199,0.7658,397032109.0
2022-03-10 00:00:00+00:00,0.7659,0.7797,0.7215,0.7361,397850898.0
2022-03-11 00:00:00+00:00,0.7361,0.814,0.725,0.8029,526984782.0
2022-03-12 00:00:00+00:00,0.8028,0.849,0.7783,0.7857,589059126.0
2022-03-13 00:00:00+00:00,0.7857,0.8057,0.7508,0.7602,311279578.0
2022-03-14 00:00:00+00:00,0.7602,0.7779,0.745,0.7748,326606464.0
2022-03-15 00:00:00+00:00,0.7747,0.7768,0.7413,0.7657,243756136.0
2022-03-16 00:00:00+00:00,0.7658,0.7945,0.7569,0.7919,350641035.0
2022-03-17 00:00:00+00:00,0.7919,0.802,0.783,0.7935,264101320.0
2022-03-18 00:00:00+00:00,0.7936,0.8007,0.7762,0.7965,222661984.0
2022-03-19 00:00:00+00:00,0.7964,0.8268,0.7915,0.8194,248947590.0
2022-03-20 00:00:00+00:00,0.8195,0.822,0.795,0.8057,185090508.0
2022-03-21 00:00:00+00:00,0.8057,0.8549,0.7875,0.8373,316427663.0
2022-03-22 00:00:00+00:00,0.8372,0.8653,0.8273,0.8366,305184306.0
2022-03-23 00:00:00+00:00,0.8366,0.846,0.8171,0.8376,235024475.0
2022-03-24 00:00:00+00:00,0.8376,0.85,0.8272,0.8428,282122073.0
2022-03-25 00:00:00+00:00,0.8428,0.8459,0.8185,0.8239,214450998.0
2022-03-26 00:00:00+00:00,0.8239,0.8349,0.8206,0.8327,122433652.0
2022-03-27 00:00:00+00:00,0.8326,0.8582,0.8275,0.858,198619688.0
2022-03-28 00:00:00+00:00,0.8579,0.93,0.8528,0.8641,479199201.0
2022-03-29 00:00:00+00:00,0.864,0.8857,0.8389,0.8577,264756291.0
2022-03-30 00:00:00+00:00,0.8576,0.8718,0.8455,0.8613,201046259.0
2022-03-31 00:00:00+00:00,0.8613,0.8737,0.7794,0.8148,366939277.0
2022-04-01 00:00:00+00:00,0.8149,0.8343,0.807,0.8277,254001232.0
2022-04-02 00:00:00+00:00,0.8277,0.8499,0.8185,0.824,210041825.0
2022-04-03 00:00:00+00:00,0.824,0.8519,0.8143,0.8432,159520162.0
2022-04-04 00:00:00+00:00,0.8432,0.844,0.8041,0.826,216740017.0
2022-04-05 00:00:00+00:00,0.8261,0.8366,0.8145,0.8164,174779509.0
2022-04-06 00:00:00+00:00,0.8164,0.8184,0.7555,0.7595,348686323.0
2022-04-07 00:00:00+00:00,0.7594,0.7911,0.7523,0.7871,196211648.0
2022-04-08 00:00:00+00:00,0.787,0.7944,0.7463,0.7549,210639194.0
2022-04-09 00:00:00+00:00,0.755,0.7668,0.7531,0.7622,102131244.0
2022-04-10 00:00:00+00:00,0.7623,0.7731,0.7524,0.7543,123028708.0
2022-04-11 00:00:00+00:00,0.7543,0.7558,0.6802,0.6948,354459252.0
2022-04-12 00:00:00+00:00,0.6949,0.734,0.6924,0.7152,263088987.0
2022-04-13 00:00:00+00:00,0.7151,0.7252,0.7017,0.7232,217937566.0
2022-04-14 00:00:00+00:00,0.7232,0.7413,0.7083,0.7262,239629937.0
2022-04-15 00:00:00+00:00,0.7262,0.7975,0.7261,0.7858,439676502.0
2022-04-16 00:00:00+00:00,0.7859,0.7999,0.7658,0.7808,206493032.0
2022-04-17 00:00:00+00:00,0.7808,0.7861,0.7477,0.7519,188468510.0
2022-04-18 00:00:00+00:00,0.7519,0.7699,0.7266,0.7699,257757252.0
2022-04-19 00:00:00+00:00,0.7698,0.786,0.7588,0.7749,199132020.0
2022-04-20 00:00:00+00:00,0.7749,0.7753,0.742,0.7517,220246970.0
2022-04-21 00:00:00+00:00,0.7517,0.7686,0.718,0.7328,241310449.0
2022-04-22 00:00:00+00:00,0.7328,0.7387,0.7142,0.7179,220757625.0
2022-04-23 00:00:00+00:00,0.7178,0.7267,0.7023,0.7057,163036743.0
2022-04-24 00:00:00+00:00,0.7057,0.7119,0.6944,0.6981,144945400.0
2022-04-25 00:00:00+00:00,0.698,0.6998,0.6451,0.6931,399434752.0
2022-04-26 00:00:00+00:00,0.6931,0.7065,0.6276,0.642,355964613.0
2022-04-27 00:00:00+00:00,0.642,0.663,0.6361,0.6522,277994630.0
2022-04-28 00:00:00+00:00,0.6522,0.6577,0.6333,0.6428,242145728.0
2022-04-29 00:00:00+00:00,0.6428,0.6464,0.5992,0.6116,322263629.0
2022-04-30 00:00:00+00:00,0.6115,0.6288,0.5663,0.5845,354754733.0
2022-05-01 00:00:00+00:00,0.5845,0.6125,0.576,0.607,279653905.0
2022-05-02 00:00:00+00:00,0.607,0.6312,0.5984,0.6143,332748235.0
2022-05-03 00:00:00+00:00,0.6143,0.628,0.5961,0.6047,284044788.0
2022-05-04 00:00:00+00:00,0.6047,0.65,0.6039,0.6459,345607731.0
2022-05-05 00:00:00+00:00,0.646,0.6572,0.5801,0.5981,446938464.0
2022-05-06 00:00:00+00:00,0.5981,0.6164,0.5875,0.6022,363872112.0
2022-05-07 00:00:00+00:00,0.6022,0.6044,0.5692,0.5808,243420987.0
2022-05-08 00:00:00+00:00,0.5808,0.5833,0.5572,0.5662,335981906.0
2022-05-09 00:00:00+00:00,0.5663,0.5789,0.47,0.4873,841979616.33
2022-05-10 00:00:00+00:00,0.4872,0.5371,0.4722,0.513,900790302.0
2022-05-11 00:00:00+00:00,0.513,0.5253,0.3646,0.4172,1598443681.35
2022-05-12 00:00:00+00:00,0.4172,0.4296,0.3361,0.3856,1567507931.5
2022-05-13 00:00:00+00:00,0.3856,0.4659,0.3813,0.4228,698396767.0
2022-05-14 00:00:00+00:00,0.4229,0.441,0.3955,0.4262,442845171.0
2022-05-15 00:00:00+00:00,0.4262,0.45,0.4149,0.4481,267739238.0
2022-05-16 00:00:00+00:00,0.4481,0.4481,0.4087,0.4231,433909248.0
2022-05-17 00:00:00+00:00,0.4231,0.4403,0.417,0.438,376428299.0
2022-05-18 00:00:00+00:00,0.438,0.4428,0.4037,0.4056,370954228.0
2022-05-19 00:00:00+00:00,0.4056,0.4242,0.3908,0.4205,285465302.0
2022-05-20 00:00:00+00:00,0.4205,0.4407,0.4016,0.4101,358049438.0
2022-05-21 00:00:00+00:00,0.4101,0.4183,0.403,0.4145,144232225.0
2022-05-22 00:00:00+00:00,0.4144,0.4255,0.4101,0.4218,143783091.0
2022-05-23 00:00:00+00:00,0.4217,0.4287,0.4002,0.4052,301434382.0
2022-05-24 00:00:00+00:00,0.4052,0.4138,0.3908,0.4086,309724750.0
2022-05-25 00:00:00+00:00,0.4087,0.4138,0.3948,0.406,414339536.0
2022-05-26 00:00:00+00:00,0.4061,0.4109,0.3753,0.392,626704757.0
2022-05-27 00:00:00+00:00,0.3921,0.4032,0.3764,0.3819,549974246.0
2022-05-28 00:00:00+00:00,0.382,0.389,0.3805,0.3863,232996058.0
2022-05-29 00:00:00+00:00,0.3863,0.3908,0.3794,0.3891,190159222.0
2022-05-30 00:00:00+00:00,0.3891,0.4197,0.3866,0.4187,371239281.0
2022-05-31 00:00:00+00:00,0.4188,0.4342,0.4065,0.4217,422313633.0
2022-06-01 00:00:00+00:00,0.4217,0.4266,0.3887,0.398,436983828.0
2022-06-02 00:00:00+00:00,0.3981,0.4072,0.3907,0.4055,350695114.0
2022-06-03 00:00:00+00:00,0.4054,0.4105,0.3839,0.3904,283788604.0
2022-06-04 00:00:00+00:00,0.3903,0.3944,0.3846,0.3925,134031506.0
2022-06-05 00:00:00+00:00,0.3925,0.3995,0.3895,0.3953,134209649.0
2022-06-06 00:00:00+00:00,0.3954,0.4099,0.394,0.4026,253767142.0
2022-06-07 00:00:00+00:00,0.4027,0.4175,0.3846,0.4076,418785041.0
2022-06-08 00:00:00+00:00,0.4076,0.4104,0.3947,0.4006,307076296.0
2022-06-09 00:00:00+00:00,0.4007,0.4041,0.3965,0.4002,253775318.0
2022-06-10 00:00:00+00:00,0.4002,0.4118,0.3762,0.3815,399808206.0
2022-06-11 00:00:00+00:00,0.3815,0.3887,0.3557,0.3599,335176735.0
2022-06-12 00:00:00+00:00,0.3598,0.3654,0.3394,0.3433,427316144.0
2022-06-13 00:00:00+00:00,0.3433,0.3507,0.3012,0.3118,1028751993.07
2022-06-14 00:00:00+00:00,0.3117,0.3267,0.2936,0.3214,778418633.0
2022-06-15 00:00:00+00:00,0.3215,0.3469,0.298,0.3436,865192872.0
2022-06-16 00:00:00+00:00,0.3436,0.3475,0.3073,0.3132,589816543.0
2022-06-17 00:00:00+00:00,0.3132,0.3397,0.3105,0.321,430655102.0
2022-06-18 00:00:00+00:00,0.321,0.3263,0.2872,0.3075,555977925.71
2022-06-19 00:00:00+00:00,0.3074,0.333,0.2981,0.3264,393395495.0
2022-06-20 00:00:00+00:00,0.3262,0.3289,0.3135,0.3227,356161086.0
2022-06-21 00:00:00+00:00,0.3226,0.3374,0.3187,0.3294,379691157.0
2022-06-22 00:00:00+00:00,0.3294,0.3297,0.319,0.3223,315095128.0
2022-06-23 00:00:00+00:00,0.3223,0.3371,0.3213,0.3358,293426615.0
2022-06-24 00:00:00+00:00,0.3357,0.3871,0.3348,0.3672,610286919.0
2022-06-25 00:00:00+00:00,0.3672,0.3741,0.3542,0.3676,216676025.0
2022-06-26 00:00:00+00:00,0.3677,0.3751,0.3576,0.3592,194186812.0
2022-06-27 00:00:00+00:00,0.3591,0.3671,0.348,0.3537,274516503.0
2022-06-28 00:00:00+00:00,0.3537,0.3557,0.3353,0.3375,316153206.0
2022-06-29 00:00:00+00:00,0.3375,0.3417,0.3201,0.3296,329827694.0
2022-06-30 00:00:00+00:00,0.3296,0.3333,0.3056,0.3321,463148646.0
2022-07-01 00:00:00+00:00,0.332,0.3363,0.31,0.3139,373042743.0
2022-07-02 00:00:00+00:00,0.3142,0.3181,0.3089,0.3156,179482724.0
2022-07-03 00:00:00+00:00,0.3157,0.3258,0.3085,0.3215,194701668.0
2022-07-04 00:00:00+00:00,0.3216,0.33,0.3146,0.3287,276890244.0
2022-07-05 00:00:00+00:00,0.3287,0.331,0.3128,0.3252,332749123.0
2022-07-06 00:00:00+00:00,0.3252,0.334,0.32,0.3324,295359140.0
2022-07-07 00:00:00+00:00,0.3324,0.3456,0.3269,0.3422,261063763.0
2022-07-08 00:00:00+00:00,0.3423,0.359,0.3359,0.3402,383269941.0
2022-07-09 00:00:00+00:00,0.3403,0.3477,0.3392,0.3448,131799232.0
2022-07-10 00:00:00+00:00,0.3448,0.3449,0.3197,0.3255,240237163.0
2022-07-11 00:00:00+00:00,0.3256,0.3292,0.3108,0.3152,246538517.0
2022-07-12 00:00:00+00:00,0.3152,0.3182,0.3078,0.3116,234067778.0
2022-07-13 00:00:00+00:00,0.3117,0.326,0.302,0.3237,354463864.0
2022-07-14 00:00:00+00:00,0.3236,0.334,0.3122,0.3338,323459383.0
2022-07-15 00:00:00+00:00,0.3338,0.349,0.3273,0.3342,392883643.0
2022-07-16 00:00:00+00:00,0.3341,0.3565,0.3313,0.3505,271487176.0
2022-07-17 00:00:00+00:00,0.3504,0.3614,0.3413,0.3433,203255685.0
2022-07-18 00:00:00+00:00,0.3434,0.3701,0.3429,0.3653,404237689.0
2022-07-19 00:00:00+00:00,0.3652,0.3767,0.3515,0.3729,372635897.0
2022-07-20 00:00:00+00:00,0.3728,0.3817,0.3572,0.3635,329852165.0
2022-07-21 00:00:00+00:00,0.3635,0.3685,0.3485,0.3669,276798269.0
2022-07-22 00:00:00+00:00,0.3668,0.3716,0.3541,0.3578,231304449.0
2022-07-23 00:00:00+00:00,0.3578,0.3628,0.3498,0.3592,140472336.0
2022-07-24 00:00:00+00:00,0.3592,0.3667,0.3558,0.3586,154710249.0
2022-07-25 00:00:00+00:00,0.3585,0.3602,0.335,0.3362,250777496.0
2022-07-26 00:00:00+00:00,0.3362,0.3385,0.3252,0.3372,248516564.0
2022-07-27 00:00:00+00:00,0.3373,0.3597,0.3304,0.3594,270820690.0
2022-07-28 00:00:00+00:00,0.3594,0.3792,0.3489,0.3739,338381188.0
2022-07-29 00:00:00+00:00,0.3738,0.3799,0.3596,0.3679,276456259.0
2022-07-30 00:00:00+00:00,0.3679,0.4099,0.3629,0.3879,388154871.0
2022-07-31 00:00:00+00:00,0.388,0.3989,0.3782,0.3792,231814092.0
2022-08-01 00:00:00+00:00,0.3791,0.386,0.371,0.3791,215729685.0
2022-08-02 00:00:00+00:00,0.3791,0.3946,0.3667,0.3714,261343324.0
2022-08-03 00:00:00+00:00,0.3714,0.3775,0.3631,0.3695,212254602.0
2022-08-04 00:00:00+00:00,0.3695,0.375,0.3643,0.371,170860294.0
2022-08-05 00:00:00+00:00,0.371,0.3785,0.3673,0.3764,178170072.0
2022-08-06 00:00:00+00:00,0.3764,0.378,0.3703,0.3715,88658479.0
2022-08-07 00:00:00+00:00,0.3715,0.3772,0.3682,0.3722,94432362.0
2022-08-08 00:00:00+00:00,0.3723,0.3847,0.371,0.3787,221476216.0
2022-08-09 00:00:00+00:00,0.3787,0.3801,0.3606,0.3672,168358813.0
2022-08-10 00:00:00+00:00,0.3672,0.3815,0.3583,0.3814,218617309.0
2022-08-11 00:00:00+00:00,0.3814,0.386,0.377,0.3802,212303676.0
2022-08-12 00:00:00+00:00,0.3801,0.3806,0.3699,0.3796,169377982.0
2022-08-13 00:00:00+00:00,0.3797,0.3876,0.3763,0.378,122728952.0
2022-08-14 00:00:00+00:00,0.3779,0.3922,0.3738,0.3757,184744299.0
2022-08-15 00:00:00+00:00,0.3756,0.3852,0.3658,0.3751,231352894.0
2022-08-16 00:00:00+00:00,0.375,0.3784,0.3666,0.377,196904975.0
2022-08-17 00:00:00+00:00,0.377,0.3923,0.368,0.3795,333525617.0
2022-08-18 00:00:00+00:00,0.3796,0.3815,0.3691,0.3704,206448429.0
2022-08-19 00:00:00+00:00,0.3703,0.3707,0.3309,0.3344,437831008.0
2022-08-20 00:00:00+00:00,0.3345,0.3428,0.3321,0.3368,206218319.0
2022-08-21 00:00:00+00:00,0.3368,0.3485,0.3355,0.3449,185595697.0
2022-08-22 00:00:00+00:00,0.3448,0.3453,0.3313,0.344,259125051.0
2022-08-23 00:00:00+00:00,0.344,0.348,0.3326,0.3472,224844843.0
2022-08-24 00:00:00+00:00,0.3473,0.3525,0.3389,0.3456,190760736.0
2022-08-25 00:00:00+00:00,0.3456,0.3522,0.3435,0.3491,200831070.0
2022-08-26 00:00:00+00:00,0.3491,0.3712,0.3325,0.3393,439211758.0
2022-08-27 00:00:00+00:00,0.3393,0.3447,0.3283,0.3346,175871454.0
2022-08-28 00:00:00+00:00,0.3346,0.3373,0.3213,0.3224,148984590.0
2022-08-29 00:00:00+00:00,0.3223,0.3342,0.3186,0.3337,268856257.0
2022-08-30 00:00:00+00:00,0.3337,0.3359,0.32,0.3267,213879108.0
2022-08-31 00:00:00+00:00,0.3268,0.3339,0.323,0.3277,195043842.0
2022-09-01 00:00:00+00:00,0.3276,0.3334,0.3215,0.3331,183564987.0
2022-09-02 00:00:00+00:00,0.3332,0.3355,0.3253,0.3314,179601436.0
2022-09-03 00:00:00+00:00,0.3315,0.335,0.3265,0.3297,103317904.0
2022-09-04 00:00:00+00:00,0.3296,0.3328,0.3275,0.3317,95913393.0
2022-09-05 00:00:00+00:00,0.3318,0.3338,0.3225,0.3329,178320876.0
2022-09-06 00:00:00+00:00,0.3329,0.3431,0.3154,0.3212,337153895.0
2022-09-07 00:00:00+00:00,0.3212,0.3386,0.312,0.3369,267709589.0
2022-09-08 00:00:00+00:00,0.3369,0.3434,0.3282,0.3396,234589959.0
2022-09-09 00:00:00+00:00,0.3396,0.3597,0.3394,0.3568,334849027.0
2022-09-10 00:00:00+00:00,0.3568,0.3622,0.3514,0.3573,186010258.0
2022-09-11 00:00:00+00:00,0.3574,0.3604,0.3485,0.3552,146159090.0
2022-09-12 00:00:00+00:00,0.3551,0.3602,0.3478,0.3598,243143764.0
2022-09-13 00:00:00+00:00,0.3598,0.3603,0.3308,0.3326,364278378.0
2022-09-14 00:00:00+00:00,0.3326,0.3442,0.3312,0.3415,308604961.0
2022-09-15 00:00:00+00:00,0.3415,0.3429,0.3241,0.3261,406236125.0
2022-09-16 00:00:00+00:00,0.3261,0.3581,0.3216,0.3552,370003740.0
2022-09-17 00:00:00+00:00,0.3552,0.381,0.3464,0.3762,443007880.0
2022-09-18 00:00:00+00:00,0.3762,0.3981,0.3556,0.3576,680858418.0
2022-09-19 00:00:00+00:00,0.3578,0.3932,0.3401,0.3848,737172977.0
2022-09-20 00:00:00+00:00,0.3847,0.4242,0.3704,0.414,1113792429.0
2022-09-21 00:00:00+00:00,0.4139,0.434,0.38,0.3936,925735817.0
2022-09-22 00:00:00+00:00,0.3936,0.5,0.3933,0.4862,1322834928.0
2022-09-23 00:00:00+00:00,0.4861,0.559,0.4564,0.5069,1820625745.0
2022-09-24 00:00:00+00:00,0.5069,0.5195,0.4717,0.4878,711158721.0
2022-09-25 00:00:00+00:00,0.4879,0.5215,0.4757,0.4917,738162563.0
2022-09-26 00:00:00+00:00,0.4916,0.502,0.4576,0.4683,626520230.0
2022-09-27 00:00:00+00:00,0.4682,0.4882,0.435,0.4457,628394011.0
2022-09-28 00:00:00+00:00,0.4458,0.4558,0.4168,0.4489,595920283.0
2022-09-29 00:00:00+00:00,0.4491,0.5109,0.4266,0.4877,788666701.0
2022-09-30 00:00:00+00:00,0.4876,0.4992,0.4667,0.4799,683028303.0
2022-10-01 00:00:00+00:00,0.4799,0.4865,0.4667,0.4754,332745201.0
2022-10-02 00:00:00+00:00,0.4753,0.4785,0.443,0.4485,331325448.0
2022-10-03 00:00:00+00:00,0.4485,0.4694,0.4372,0.4621,393625435.0
2022-10-04 00:00:00+00:00,0.4622,0.4858,0.4515,0.4795,528294804.0
2022-10-05 00:00:00+00:00,0.4795,0.502,0.4716,0.4887,582675616.0
2022-10-06 00:00:00+00:00,0.4888,0.5063,0.4883,0.4934,412623504.0
2022-10-07 00:00:00+00:00,0.4934,0.5339,0.48,0.5177,523500800.0
2022-10-08 00:00:00+00:00,0.5177,0.5292,0.5111,0.517,340783746.0
2022-10-09 00:00:00+00:00,0.5171,0.549,0.506,0.5325,366379188.0
2022-10-10 00:00:00+00:00,0.5325,0.538,0.4927,0.4939,519737735.0
2022-10-11 00:00:00+00:00,0.4939,0.5025,0.4768,0.4861,445279743.0
2022-10-12 00:00:00+00:00,0.486,0.496,0.482,0.4881,245221984.0
2022-10-13 00:00:00+00:00,0.4881,0.4898,0.4401,0.4791,601751609.0
2022-10-14 00:00:00+00:00,0.4791,0.5125,0.4782,0.4883,457259209.0
2022-10-15 00:00:00+00:00,0.4882,0.49,0.4774,0.4818,155163123.0
2022-10-16 00:00:00+00:00,0.4818,0.4876,0.468,0.4766,220894101.0
2022-10-17 00:00:00+00:00,0.4765,0.4825,0.4627,0.4804,266511552.0
2022-10-18 00:00:00+00:00,0.4804,0.4843,0.4571,0.4658,289689721.0
2022-10-19 00:00:00+00:00,0.4657,0.4667,0.4471,0.4504,330327507.0
2022-10-20 00:00:00+00:00,0.4504,0.4646,0.4224,0.4465,396744045.0
2022-10-21 00:00:00+00:00,0.4465,0.4617,0.4336,0.4614,362000551.0
2022-10-22 00:00:00+00:00,0.4613,0.4708,0.4561,0.4653,168922503.0
2022-10-23 00:00:00+00:00,0.4653,0.4726,0.4518,0.4688,201619037.0
2022-10-24 00:00:00+00:00,0.4688,0.473,0.4478,0.4529,269189993.0
2022-10-25 00:00:00+00:00,0.453,0.4728,0.4434,0.4605,350361399.0
2022-10-26 00:00:00+00:00,0.4606,0.4715,0.4562,0.4689,308800077.0
2022-10-27 00:00:00+00:00,0.4689,0.4824,0.4584,0.4615,386147200.0
2022-10-28 00:00:00+00:00,0.4615,0.4755,0.4564,0.4744,258511622.0
2022-10-29 00:00:00+00:00,0.4743,0.4837,0.4657,0.4701,284375501.0
2022-10-30 00:00:00+00:00,0.4702,0.4735,0.4537,0.4582,182831402.0
2022-10-31 00:00:00+00:00,0.4582,0.4674,0.4476,0.4641,291632134.0
2022-11-01 00:00:00+00:00,0.464,0.467,0.4543,0.4636,272552886.0
2022-11-02 00:00:00+00:00,0.4635,0.4659,0.4451,0.4497,305327596.0
2022-11-03 00:00:00+00:00,0.4498,0.4598,0.4487,0.4548,221405589.0
2022-11-04 00:00:00+00:00,0.4548,0.5078,0.4532,0.5064,561979429.0
2022-11-05 00:00:00+00:00,0.5063,0.51,0.489,0.493,199360700.0
2022-11-06 00:00:00+00:00,0.493,0.4947,0.468,0.4709,163125807.0
2022-11-07 00:00:00+00:00,0.4708,0.48,0.4585,0.4648,325333918.0
2022-11-08 00:00:00+00:00,0.4647,0.4669,0.3355,0.4059,978082649.0
2022-11-09 00:00:00+00:00,0.4059,0.411,0.316,0.3331,908074197.0
2022-11-10 00:00:00+00:00,0.3332,0.403,0.3301,0.3942,815070852.0
2022-11-11 00:00:00+00:00,0.3942,0.3991,0.3661,0.3843,477945830.0
2022-11-12 00:00:00+00:00,0.3843,0.3846,0.3592,0.3636,254821436.0
2022-11-13 00:00:00+00:00,0.3635,0.3694,0.3325,0.3408,334510449.0
2022-11-14 00:00:00+00:00,0.3409,0.3796,0.321,0.3776,693547037.0
2022-11-15 00:00:00+00:00,0.3775,0.3977,0.3668,0.3888,541305225.0
2022-11-16 00:00:00+00:00,0.3887,0.3915,0.3614,0.3752,363276410.0
2022-11-17 00:00:00+00:00,0.3751,0.3873,0.3691,0.3819,413772413.0
2022-11-18 00:00:00+00:00,0.3819,0.3878,0.3733,0.3829,292591109.0
2022-11-19 00:00:00+00:00,0.3829,0.3886,0.3752,0.3841,145313373.0
2022-11-20 00:00:00+00:00,0.3842,0.3969,0.3585,0.3608,308373842.0
2022-11-21 00:00:00+00:00,0.3608,0.369,0.3457,0.3645,591706474.0
2022-11-22 00:00:00+00:00,0.3645,0.3784,0.3513,0.3757,464705247.0
2022-11-23 00:00:00+00:00,0.3758,0.3824,0.3682,0.3815,354058802.0
2022-11-24 00:00:00+00:00,0.3816,0.405,0.3742,0.4018,454087891.0
2022-11-25 00:00:00+00:00,0.4018,0.4194,0.3888,0.4078,428503257.0
2022-11-26 00:00:00+00:00,0.4077,0.4146,0.3927,0.396,184581391.0
2022-11-27 00:00:00+00:00,0.396,0.4096,0.3942,0.3962,199432182.0
2022-11-28 00:00:00+00:00,0.3961,0.3991,0.373,0.3888,434930297.0
2022-11-29 00:00:00+00:00,0.3888,0.4039,0.3829,0.3981,355638077.0
2022-11-30 00:00:00+00:00,0.3981,0.4117,0.3926,0.4078,329757224.0
2022-12-01 00:00:00+00:00,0.4078,0.4093,0.3944,0.3969,251203503.0
2022-12-02 00:00:00+00:00,0.3968,0.3975,0.3838,0.3961,257877078.0
2022-12-03 00:00:00+00:00,0.3961,0.3973,0.3853,0.3873,152919238.0
2022-12-04 00:00:00+00:00,0.3873,0.3932,0.386,0.3895,134434499.0
2022-12-05 00:00:00+00:00,0.3895,0.3954,0.38,0.3893,338205071.0
2022-12-06 00:00:00+00:00,0.3893,0.3925,0.3808,0.3914,302191639.0
2022-12-07 00:00:00+00:00,0.3914,0.3925,0.3733,0.3835,307733325.0
2022-12-08 00:00:00+00:00,0.3834,0.3962,0.3826,0.3941,276255107.0
2022-12-09 00:00:00+00:00,0.3942,0.3952,0.3843,0.3889,259535105.0
2022-12-10 00:00:00+00:00,0.3889,0.3893,0.3854,0.3865,99433210.0
2022-12-11 00:00:00+00:00,0.3865,0.3886,0.3778,0.3809,96374128.0
2022-12-12 00:00:00+00:00,0.3808,0.3898,0.3707,0.3874,348028456.0
2022-12-13 00:00:00+00:00,0.3875,0.397,0.3786,0.3952,440118070.0
2022-12-14 00:00:00+00:00,0.3953,0.3956,0.3768,0.3853,329607186.0
2022-12-15 00:00:00+00:00,0.3852,0.3867,0.3735,0.378,226540166.0
2022-12-16 00:00:00+00:00,0.3779,0.3799,0.344,0.3511,376428572.0
2022-12-17 00:00:00+00:00,0.351,0.3598,0.3467,0.3545,208492422.0
2022-12-18 00:00:00+00:00,0.3545,0.3556,0.3473,0.3499,115421793.0
2022-12-19 00:00:00+00:00,0.3499,0.353,0.332,0.3389,365699862.0
2022-12-20 00:00:00+00:00,0.3389,0.3532,0.3359,0.3482,312424782.0
2022-12-21 00:00:00+00:00,0.3482,0.3505,0.3371,0.3449,287425951.0
2022-12-22 00:00:00+00:00,0.3448,0.3503,0.3414,0.3492,255155313.0
2022-12-23 00:00:00+00:00,0.3492,0.355,0.3471,0.3543,221882542.0
2022-12-24 00:00:00+00:00,0.3542,0.3544,0.3509,0.3517,62857912.0
2022-12-25 00:00:00+00:00,0.3518,0.3519,0.3439,0.3457,100344595.0
2022-12-26 00:00:00+00:00,0.3457,0.37,0.3455,0.3658,337834881.0
2022-12-27 00:00:00+00:00,0.3657,0.3731,0.3586,0.3675,385194770.0
2022-12-28 00:00:00+00:00,0.3675,0.3687,0.3546,0.3558,337095747.0
2022-12-29 00:00:00+00:00,0.3559,0.3577,0.3361,0.3421,347820025.0
2022-12-30 00:00:00+00:00,0.3421,0.3461,0.3337,0.3451,270037618.0
2022-12-31 00:00:00+00:00,0.345,0.3453,0.3384,0.3389,138156698.0
2023-01-01 00:00:00+00:00,0.3389,0.34,0.3354,0.3387,102026821.0
2023-01-02 00:00:00+00:00,0.3386,0.3555,0.3,0.3482,647520487.0
2023-01-03 00:00:00+00:00,0.3482,0.352,0.3395,0.3436,346410334.0
2023-01-04 00:00:00+00:00,0.3436,0.3605,0.339,0.3472,372672796.0
2023-01-05 00:00:00+00:00,0.3471,0.3487,0.3333,0.338,265529668.0
2023-01-06 00:00:00+00:00,0.338,0.3462,0.3311,0.3443,278304929.0
2023-01-07 00:00:00+00:00,0.3442,0.3457,0.3413,0.3442,103851424.0
2023-01-08 00:00:00+00:00,0.3442,0.3469,0.3354,0.3452,185516324.0
2023-01-09 00:00:00+00:00,0.3452,0.3576,0.3437,0.349,527746615.0
2023-01-10 00:00:00+00:00,0.3489,0.3541,0.3432,0.3507,338577860.0
2023-01-11 00:00:00+00:00,0.3506,0.3785,0.3477,0.3728,626037461.0
2023-01-12 00:00:00+00:00,0.3728,0.382,0.3607,0.3748,505754231.0
2023-01-13 00:00:00+00:00,0.3748,0.3868,0.368,0.3858,405120914.0
2023-01-14 00:00:00+00:00,0.3857,0.4089,0.3766,0.3953,582781070.0
2023-01-15 00:00:00+00:00,0.3953,0.3969,0.3795,0.3845,294014260.0
2023-01-16 00:00:00+00:00,0.3846,0.4064,0.3777,0.3855,542041099.0
2023-01-17 00:00:00+00:00,0.3855,0.3987,0.379,0.3868,378212343.0
2023-01-18 00:00:00+00:00,0.3868,0.3964,0.3655,0.3782,615064764.0
2023-01-19 00:00:00+00:00,0.3782,0.3965,0.3762,0.3928,416112670.0
2023-01-20 00:00:00+00:00,0.3929,0.4141,0.3859,0.4129,366316527.0
2023-01-21 00:00:00+00:00,0.4129,0.4166,0.3967,0.4034,346602583.0
2023-01-22 00:00:00+00:00,0.4034,0.4122,0.3962,0.4004,250067543.0
2023-01-23 00:00:00+00:00,0.4004,0.433,0.3995,0.4234,723894773.0
2023-01-24 00:00:00+00:00,0.4233,0.4312,0.4025,0.4078,411297898.0
2023-01-25 00:00:00+00:00,0.4079,0.4245,0.3965,0.417,375065459.0
2023-01-26 00:00:00+00:00,0.417,0.4178,0.4053,0.4092,290069659.0
2023-01-27 00:00:00+00:00,0.4091,0.4135,0.3988,0.4128,274281738.0
2023-01-28 00:00:00+00:00,0.4127,0.4168,0.4055,0.4078,148949278.0
2023-01-29 00:00:00+00:00,0.4078,0.4173,0.4066,0.4134,166884667.0
2023-01-30 00:00:00+00:00,0.4135,0.4222,0.386,0.3934,433795926.0
2023-01-31 00:00:00+00:00,0.3933,0.4113,0.388,0.4057,346580963.0
2023-02-01 00:00:00+00:00,0.4058,0.4157,0.3962,0.4131,379103907.0
2023-02-02 00:00:00+00:00,0.4132,0.4192,0.408,0.4098,322532370.0
2023-02-03 00:00:00+00:00,0.4097,0.4137,0.4054,0.4117,274689680.0
2023-02-04 00:00:00+00:00,0.4116,0.4204,0.4075,0.4106,178134111.0
2023-02-05 00:00:00+00:00,0.4106,0.412,0.3942,0.3984,237111362.0
2023-02-06 00:00:00+00:00,0.3985,0.4037,0.3909,0.392,315995053.0
2023-02-07 00:00:00+00:00,0.3921,0.4048,0.3901,0.4036,356160688.0
2023-02-08 00:00:00+00:00,0.4037,0.406,0.3936,0.3975,263188839.0
2023-02-09 00:00:00+00:00,0.3975,0.4092,0.3726,0.3819,526681339.0
2023-02-10 00:00:00+00:00,0.3818,0.3878,0.3771,0.3817,279931749.0
2023-02-11 00:00:00+00:00,0.3818,0.3841,0.3798,0.3833,123179600.0
2023-02-12 00:00:00+00:00,0.3834,0.385,0.3716,0.3747,135976322.0
2023-02-13 00:00:00+00:00,0.3747,0.3783,0.3612,0.3703,382768169.0
2023-02-14 00:00:00+00:00,0.3703,0.3839,0.3644,0.3819,372274074.0
2023-02-15 00:00:00+00:00,0.3819,0.4024,0.3765,0.4011,370966882.0
2023-02-16 00:00:00+00:00,0.401,0.4048,0.384,0.3841,450636395.0
2023-02-17 00:00:00+00:00,0.3841,0.4,0.3809,0.395,358052399.0
2023-02-18 00:00:00+00:00,0.3949,0.3976,0.3911,0.3943,145625421.0
2023-02-19 00:00:00+00:00,0.3942,0.3981,0.3845,0.3863,237992952.0
2023-02-20 00:00:00+00:00,0.3862,0.409,0.3774,0.3984,557018367.0
2023-02-21 00:00:00+00:00,0.3985,0.4025,0.3872,0.3919,448284088.0
2023-02-22 00:00:00+00:00,0.392,0.3977,0.3828,0.3953,389277544.0
2023-02-23 00:00:00+00:00,0.3953,0.3979,0.3853,0.3882,348351954.0
2023-02-24 00:00:00+00:00,0.3883,0.3908,0.3723,0.3783,356652233.0
2023-02-25 00:00:00+00:00,0.3783,0.3795,0.3692,0.3778,179723963.0
2023-02-26 00:00:00+00:00,0.3779,0.3807,0.3745,0.3779,130843027.0
2023-02-27 00:00:00+00:00,0.3779,0.3801,0.3708,0.3785,421412885.0
2023-02-28 00:00:00+00:00,0.3785,0.3827,0.3719,0.3762,371401256.0
2023-03-01 00:00:00+00:00,0.3762,0.3848,0.3726,0.3835,317577485.0
2023-03-02 00:00:00+00:00,0.3836,0.3846,0.3737,0.3772,281873061.0
2023-03-03 00:00:00+00:00,0.3772,0.3806,0.3539,0.3774,490515388.0
2023-03-04 00:00:00+00:00,0.3773,0.38,0.368,0.3735,164275250.0
2023-03-05 00:00:00+00:00,0.3735,0.3774,0.3653,0.3668,163637644.0
2023-03-06 00:00:00+00:00,0.3668,0.3743,0.3589,0.3695,428373378.0
2023-03-07 00:00:00+00:00,0.3696,0.3844,0.3669,0.3801,562644274.0
2023-03-08 00:00:00+00:00,0.3802,0.4018,0.3723,0.3889,682406723.0
2023-03-09 00:00:00+00:00,0.3889,0.3976,0.3639,0.3706,655014119.0
2023-03-10 00:00:00+00:00,0.3706,0.3752,0.3571,0.37,541098785.0
2023-03-11 00:00:00+00:00,0.3699,0.3741,0.3582,0.3638,342981412.0
2023-03-12 00:00:00+00:00,0.3637,0.3715,0.3473,0.3714,389760071.0
2023-03-13 00:00:00+00:00,0.3713,0.38,0.3553,0.3724,556402600.0
2023-03-14 00:00:00+00:00,0.3724,0.387,0.3647,0.3724,544803822.0
2023-03-15 00:00:00+00:00,0.3724,0.3757,0.356,0.3589,385093409.0
2023-03-16 00:00:00+00:00,0.3589,0.367,0.3562,0.3647,259083315.0
2023-03-17 00:00:00+00:00,0.3648,0.3825,0.362,0.3798,405873760.0
2023-03-18 00:00:00+00:00,0.3797,0.3898,0.3691,0.3739,360335327.0
2023-03-19 00:00:00+00:00,0.3739,0.4,0.3736,0.3857,476291604.0
2023-03-20 00:00:00+00:00,0.3858,0.3913,0.3707,0.3734,443129416.0
2023-03-21 00:00:00+00:00,0.3734,0.4929,0.3728,0.4696,1698380685.0
2023-03-22 00:00:00+00:00,0.4696,0.475,0.4069,0.4213,1409641087.0
2023-03-23 00:00:00+00:00,0.4213,0.4557,0.4116,0.4438,837629903.0
2023-03-24 00:00:00+00:00,0.4437,0.444,0.4141,0.4259,507977567.0
2023-03-25 00:00:00+00:00,0.426,0.465,0.4223,0.4429,635312958.0
2023-03-26 00:00:00+00:00,0.4429,0.4632,0.4403,0.4479,364479792.0
2023-03-27 00:00:00+00:00,0.4479,0.4888,0.4425,0.479,1003256531.0
2023-03-28 00:00:00+00:00,0.4789,0.534,0.4666,0.5144,1126346466.0
2023-03-29 00:00:00+00:00,0.5145,0.585,0.5145,0.5425,1291815558.0
2023-03-30 00:00:00+00:00,0.5425,0.558,0.5214,0.5319,827691286.0
2023-03-31 00:00:00+00:00,0.5319,0.564,0.5257,0.5374,532875635.0
2023-04-01 00:00:00+00:00,0.5375,0.5375,0.4972,0.5095,516087832.0
2023-04-02 00:00:00+00:00,0.5095,0.529,0.5015,0.518,391347744.0
2023-04-03 00:00:00+00:00,0.5179,0.525,0.481,0.4959,522070023.0
2023-04-04 00:00:00+00:00,0.4958,0.5078,0.4871,0.5026,360227447.0
2023-04-05 00:00:00+00:00,0.5026,0.5271,0.4986,0.5055,411989031.0
2023-04-06 00:00:00+00:00,0.5056,0.5097,0.4913,0.5028,315900045.0
2023-04-07 00:00:00+00:00,0.5028,0.5156,0.4971,0.5126,318185786.0
2023-04-08 00:00:00+00:00,0.5127,0.513,0.5022,0.5048,136614694.0
2023-04-09 00:00:00+00:00,0.5049,0.5093,0.4983,0.5054,116122379.0
2023-04-10 00:00:00+00:00,0.5053,0.5199,0.5,0.5176,264898196.0
2023-04-11 00:00:00+00:00,0.5176,0.5283,0.511,0.5167,358821527.0
2023-04-12 00:00:00+00:00,0.5166,0.5179,0.4984,0.5049,339100343.0
2023-04-13 00:00:00+00:00,0.5049,0.5156,0.5014,0.5125,273342378.0
2023-04-14 00:00:00+00:00,0.5124,0.5465,0.5111,0.5227,462335443.0
2023-04-15 00:00:00+00:00,0.5227,0.5261,0.516,0.5192,152508925.0
2023-04-16 00:00:00+00:00,0.5192,0.5244,0.5152,0.5209,157240759.0
2023-04-17 00:00:00+00:00,0.5208,0.521,0.5066,0.5109,299749754.0
2023-04-18 00:00:00+00:00,0.511,0.5391,0.5092,0.5324,358112470.0
2023-04-19 00:00:00+00:00,0.5325,0.5375,0.471,0.4911,620153279.0
2023-04-20 00:00:00+00:00,0.4911,0.4993,0.465,0.4752,454997513.0
2023-04-21 00:00:00+00:00,0.4752,0.4792,0.4403,0.4491,425209825.0
2023-04-22 00:00:00+00:00,0.4491,0.4761,0.4455,0.4719,242021955.0
2023-04-23 00:00:00+00:00,0.472,0.472,0.4526,0.4647,222191297.0
2023-04-24 00:00:00+00:00,0.4648,0.4857,0.4469,0.4611,408426760.0
2023-04-25 00:00:00+00:00,0.461,0.4723,0.4506,0.4695,377056298.0
2023-04-26 00:00:00+00:00,0.4696,0.4831,0.4329,0.4618,551155391.0
2023-04-27 00:00:00+00:00,0.4618,0.4699,0.4557,0.4667,345756985.0
2023-04-28 00:00:00+00:00,0.4666,0.483,0.4637,0.4796,384917512.0
2023-04-29 00:00:00+00:00,0.4795,0.4869,0.4709,0.478,175533507.0
2023-04-30 00:00:00+00:00,0.4779,0.4819,0.4687,0.4705,143199211.0
2023-05-01 00:00:00+00:00,0.4705,0.4724,0.4544,0.4649,338231418.0
2023-05-02 00:00:00+00:00,0.4648,0.4662,0.4574,0.4645,330734355.0
2023-05-03 00:00:00+00:00,0.4644,0.4655,0.4497,0.4632,341232638.0
2023-05-04 00:00:00+00:00,0.4633,0.465,0.4547,0.4608,218212542.0
2023-05-05 00:00:00+00:00,0.4608,0.4706,0.4545,0.4671,292855620.0
2023-05-06 00:00:00+00:00,0.4671,0.4695,0.4512,0.4582,168649976.0
2023-05-07 00:00:00+00:00,0.4582,0.4601,0.4457,0.449,119401215.0
2023-05-08 00:00:00+00:00,0.4491,0.4512,0.41,0.4283,483055933.0
2023-05-09 00:00:00+00:00,0.4283,0.4308,0.4202,0.4289,331497882.0
2023-05-10 00:00:00+00:00,0.4289,0.434,0.4119,0.4303,334930240.0
2023-05-11 00:00:00+00:00,0.4303,0.4305,0.4114,0.4207,288769811.0
2023-05-12 00:00:00+00:00,0.4207,0.4446,0.4157,0.4305,408757650.0
2023-05-13 00:00:00+00:00,0.4305,0.4306,0.4227,0.424,102125283.0
2023-05-14 00:00:00+00:00,0.424,0.4317,0.421,0.4253,97517794.0
2023-05-15 00:00:00+00:00,0.4253,0.4304,0.4214,0.4273,263543031.0
2023-05-16 00:00:00+00:00,0.4273,0.443,0.4174,0.4425,357854908.0
2023-05-17 00:00:00+00:00,0.4426,0.4616,0.4375,0.4484,511331200.0
2023-05-18 00:00:00+00:00,0.4485,0.473,0.443,0.4596,420292099.0
2023-05-19 00:00:00+00:00,0.4597,0.4755,0.4573,0.4675,327924286.0
2023-05-20 00:00:00+00:00,0.4674,0.4719,0.4618,0.4685,133085427.0
2023-05-21 00:00:00+00:00,0.4685,0.4706,0.455,0.4575,152105849.0
2023-05-22 00:00:00+00:00,0.4574,0.4674,0.4496,0.4618,289989578.0
2023-05-23 00:00:00+00:00,0.4618,0.4672,0.4583,0.4651,270491006.0
2023-05-24 00:00:00+00:00,0.4651,0.4651,0.4457,0.453,334128026.0
2023-05-25 00:00:00+00:00,0.453,0.4551,0.4431,0.4538,190174437.0
2023-05-26 00:00:00+00:00,0.4538,0.4699,0.4524,0.4684,284645154.0
2023-05-27 00:00:00+00:00,0.4684,0.4792,0.4652,0.4714,178798933.0
2023-05-28 00:00:00+00:00,0.4714,0.4863,0.4699,0.482,166534206.0
2023-05-29 00:00:00+00:00,0.482,0.4954,0.4761,0.4946,328535756.0
2023-05-30 00:00:00+00:00,0.4946,0.5293,0.4893,0.5205,662891231.0
2023-05-31 00:00:00+00:00,0.5205,0.528,0.5009,0.5166,440917044.0
2023-06-01 00:00:00+00:00,0.5167,0.5167,0.5014,0.5065,320782418.0
2023-06-02 00:00:00+00:00,0.5065,0.5271,0.5033,0.5244,293048961.0
2023-06-03 00:00:00+00:00,0.5245,0.534,0.5144,0.5188,172139129.0
2023-06-04 00:00:00+00:00,0.5188,0.547,0.5151,0.5359,250235168.0
2023-06-05 00:00:00+00:00,0.5359,0.5431,0.4867,0.509,616993814.0
2023-06-06 00:00:00+00:00,0.5089,0.5328,0.4952,0.53,458413458.0
2023-06-07 00:00:00+00:00,0.53,0.5384,0.507,0.5183,467474175.0
2023-06-08 00:00:00+00:00,0.5183,0.5278,0.5156,0.5236,262982251.0
2023-06-09 00:00:00+00:00,0.5237,0.5418,0.5205,0.538,352068623.0
2023-06-10 00:00:00+00:00,0.538,0.5388,0.472,0.5067,609302319.0
2023-06-11 00:00:00+00:00,0.5067,0.5293,0.5027,0.5208,221202480.0
2023-06-12 00:00:00+00:00,0.5209,0.528,0.5086,0.5251,356547544.0
2023-06-13 00:00:00+00:00,0.5251,0.5658,0.5054,0.5192,771631184.0
2023-06-14 00:00:00+00:00,0.5193,0.5205,0.461,0.4801,544396397.0
2023-06-15 00:00:00+00:00,0.4802,0.4858,0.4663,0.4801,337742736.0
2023-06-16 00:00:00+00:00,0.4801,0.4833,0.4558,0.4759,376661662.0
2023-06-17 00:00:00+00:00,0.4758,0.4869,0.4694,0.4794,189579671.0
2023-06-18 00:00:00+00:00,0.4794,0.4979,0.4741,0.4868,225020544.0
2023-06-19 00:00:00+00:00,0.4868,0.4991,0.4811,0.4936,322187608.0
2023-06-20 00:00:00+00:00,0.4935,0.4967,0.4716,0.4929,378325906.0
2023-06-21 00:00:00+00:00,0.4928,0.5034,0.4892,0.4999,408749828.0
2023-06-22 00:00:00+00:00,0.4999,0.5272,0.4821,0.4938,442729597.0
2023-06-23 00:00:00+00:00,0.4937,0.5023,0.484,0.4961,345391930.0
2023-06-24 00:00:00+00:00,0.496,0.4961,0.478,0.4865,193097516.0
2023-06-25 00:00:00+00:00,0.4865,0.4977,0.4829,0.4903,191583170.0
2023-06-26 00:00:00+00:00,0.4903,0.4919,0.4701,0.479,305338027.0
2023-06-27 00:00:00+00:00,0.479,0.4851,0.4759,0.4838,291583944.0
2023-06-28 00:00:00+00:00,0.4839,0.4844,0.4493,0.4647,325837765.0
2023-06-29 00:00:00+00:00,0.4648,0.4773,0.4612,0.4747,211214558.0
2023-06-30 00:00:00+00:00,0.4747,0.4827,0.4498,0.4729,393612239.0
2023-07-01 00:00:00+00:00,0.473,0.476,0.464,0.4732,232549409.0
2023-07-02 00:00:00+00:00,0.4732,0.4961,0.4697,0.4845,337155089.0
2023-07-03 00:00:00+00:00,0.4844,0.4914,0.4784,0.489,357020349.0
2023-07-04 00:00:00+00:00,0.489,0.4935,0.4816,0.4872,299439491.0
2023-07-05 00:00:00+00:00,0.4872,0.4919,0.4696,0.4777,292620010.0
2023-07-06 00:00:00+00:00,0.4777,0.4842,0.4612,0.4622,304125111.0
2023-07-07 00:00:00+00:00,0.4622,0.4708,0.4575,0.4687,230688947.0
2023-07-08 00:00:00+00:00,0.4686,0.4748,0.4649,0.4704,116031881.0
2023-07-09 00:00:00+00:00,0.4705,0.4717,0.4664,0.468,80147955.0
2023-07-10 00:00:00+00:00,0.4681,0.48,0.4622,0.478,334545737.0
2023-07-11 00:00:00+00:00,0.478,0.4784,0.4709,0.4753,225681776.0
2023-07-12 00:00:00+00:00,0.4753,0.4772,0.4648,0.471,220670755.0
2023-07-13 00:00:00+00:00,0.471,0.938,0.4695,0.8153,2499971165.0
2023-07-14 00:00:00+00:00,0.8151,0.8253,0.6686,0.7179,1525175518.0
2023-07-15 00:00:00+00:00,0.7178,0.7362,0.6919,0.7145,703355719.0
2023-07-16 00:00:00+00:00,0.7144,0.79,0.702,0.7468,946644269.0
2023-07-17 00:00:00+00:00,0.7468,0.7662,0.7122,0.7374,608872143.0
2023-07-18 00:00:00+00:00,0.7373,0.785,0.7304,0.7779,598030609.0
2023-07-19 00:00:00+00:00,0.778,0.8547,0.7685,0.8199,913495953.0
2023-07-20 00:00:00+00:00,0.8198,0.8489,0.771,0.7942,643507521.0
2023-07-21 00:00:00+00:00,0.7942,0.7987,0.7601,0.7713,411233974.0
2023-07-22 00:00:00+00:00,0.7713,0.7799,0.7215,0.7331,324984749.0
2023-07-23 00:00:00+00:00,0.733,0.7525,0.7149,0.7384,293811431.0
2023-07-24 00:00:00+00:00,0.7384,0.743,0.6808,0.7021,513611905.0
2023-07-25 00:00:00+00:00,0.702,0.7163,0.6743,0.7089,393523223.0
2023-07-26 00:00:00+00:00,0.709,0.7313,0.6927,0.7161,369415295.0
2023-07-27 00:00:00+00:00,0.7161,0.7328,0.7061,0.7139,312450860.0
2023-07-28 00:00:00+00:00,0.7138,0.7189,0.7021,0.712,200990844.0
2023-07-29 00:00:00+00:00,0.7119,0.7158,0.7041,0.7121,105603908.0
2023-07-30 00:00:00+00:00,0.7122,0.7358,0.6825,0.7046,267572438.0
2023-07-31 00:00:00+00:00,0.7047,0.7205,0.685,0.6976,378390957.0
2023-08-01 00:00:00+00:00,0.6976,0.7082,0.6732,0.7069,366664318.0
2023-08-02 00:00:00+00:00,0.7069,0.7081,0.6762,0.685,257325957.0
2023-08-03 00:00:00+00:00,0.6849,0.6875,0.6543,0.663,353547025.0
2023-08-04 00:00:00+00:00,0.6629,0.6677,0.625,0.6356,350885648.0
2023-08-05 00:00:00+00:00,0.6356,0.6358,0.6106,0.6288,290912373.0
2023-08-06 00:00:00+00:00,0.6288,0.6388,0.6214,0.624,201522971.0
2023-08-07 00:00:00+00:00,0.624,0.6299,0.5967,0.6236,446625792.0
2023-08-08 00:00:00+00:00,0.6235,0.6482,0.6141,0.6418,377837388.0
2023-08-09 00:00:00+00:00,0.6418,0.6662,0.6314,0.6433,440268396.0
2023-08-10 00:00:00+00:00,0.6434,0.6445,0.6241,0.6331,294658012.0
2023-08-11 00:00:00+00:00,0.6331,0.6413,0.6257,0.6318,225898829.0
2023-08-12 00:00:00+00:00,0.6317,0.6335,0.6224,0.6276,87289374.0
2023-08-13 00:00:00+00:00,0.6276,0.6385,0.6235,0.6256,137308778.0
2023-08-14 00:00:00+00:00,0.6256,0.6369,0.6241,0.6343,260175236.0
2023-08-15 00:00:00+00:00,0.6342,0.6348,0.58,0.6104,388356202.0
2023-08-16 00:00:00+00:00,0.6104,0.617,0.572,0.5889,581618879.0
2023-08-17 00:00:00+00:00,0.589,0.5948,0.4226,0.5064,847602528.0
2023-08-18 00:00:00+00:00,0.5064,0.523,0.4829,0.5062,724839898.0
2023-08-19 00:00:00+00:00,0.5062,0.5249,0.5006,0.5199,298930279.0
2023-08-20 00:00:00+00:00,0.52,0.5582,0.516,0.5384,452910011.0
2023-08-21 00:00:00+00:00,0.5385,0.5398,0.503,0.5245,528716245.0
2023-08-22 00:00:00+00:00,0.5245,0.5256,0.5032,0.521,422200069.0
2023-08-23 00:00:00+00:00,0.5211,0.5368,0.5157,0.5301,286855957.0
2023-08-24 00:00:00+00:00,0.5302,0.5319,0.5111,0.5187,252154333.0
2023-08-25 00:00:00+00:00,0.5187,0.5319,0.5078,0.5258,326124248.0
2023-08-26 00:00:00+00:00,0.5258,0.5283,0.5178,0.5231,110436094.0
2023-08-27 00:00:00+00:00,0.5231,0.5303,0.5163,0.5236,132391247.0
2023-08-28 00:00:00+00:00,0.5235,0.525,0.5102,0.5232,266211960.0
2023-08-29 00:00:00+00:00,0.5232,0.5496,0.5131,0.5398,458921685.0
2023-08-30 00:00:00+00:00,0.5398,0.5404,0.5216,0.5284,279526116.0
2023-08-31 00:00:00+00:00,0.5284,0.5288,0.495,0.511,359350681.0
2023-09-01 00:00:00+00:00,0.511,0.512,0.4864,0.498,390869888.0
2023-09-02 00:00:00+00:00,0.4981,0.5029,0.4943,0.4988,173634913.0
2023-09-03 00:00:00+00:00,0.4989,0.5107,0.4971,0.5047,148603214.0
2023-09-04 00:00:00+00:00,0.5047,0.513,0.4966,0.5087,293271541.0
2023-09-05 00:00:00+00:00,0.5087,0.5088,0.499,0.5056,260333041.0
2023-09-06 00:00:00+00:00,0.5056,0.5058,0.4909,0.5033,255134232.0
2023-09-07 00:00:00+00:00,0.5033,0.5069,0.4965,0.505,209969723.0
2023-09-08 00:00:00+00:00,0.5051,0.5076,0.4941,0.505,223628172.0
2023-09-09 00:00:00+00:00,0.5049,0.5049,0.5015,0.5038,69132813.0
2023-09-10 00:00:00+00:00,0.5038,0.5039,0.4923,0.4969,144849888.0
2023-09-11 00:00:00+00:00,0.4969,0.4982,0.459,0.4744,484437445.0
2023-09-12 00:00:00+00:00,0.4744,0.4867,0.47,0.4804,356403388.0
2023-09-13 00:00:00+00:00,0.4804,0.4897,0.4723,0.4832,274586793.0
2023-09-14 00:00:00+00:00,0.4833,0.4941,0.4799,0.4892,232539752.0
2023-09-15 00:00:00+00:00,0.4892,0.5086,0.4874,0.5005,305608308.0
2023-09-16 00:00:00+00:00,0.5004,0.5035,0.4968,0.4998,132881408.0
2023-09-17 00:00:00+00:00,0.4997,0.5004,0.4894,0.4925,142846615.0
2023-09-18 00:00:00+00:00,0.4925,0.5077,0.4864,0.503,298374742.0
2023-09-19 00:00:00+00:00,0.503,0.5166,0.5005,0.514,295258283.0
2023-09-20 00:00:00+00:00,0.5139,0.5254,0.5065,0.5212,288497937.0
2023-09-21 00:00:00+00:00,0.5213,0.5214,0.5001,0.5071,277323578.0
2023-09-22 00:00:00+00:00,0.5072,0.517,0.5036,0.5122,233893377.0
2023-09-23 00:00:00+00:00,0.5122,0.5138,0.5055,0.5076,101716334.0
2023-09-24 00:00:00+00:00,0.5076,0.5118,0.4984,0.5021,112889323.0
2023-09-25 00:00:00+00:00,0.502,0.5072,0.4912,0.5056,303674393.0
2023-09-26 00:00:00+00:00,0.5056,0.5075,0.496,0.5019,271054261.0
2023-09-27 00:00:00+00:00,0.5019,0.5071,0.4968,0.4993,237514582.0
2023-09-28 00:00:00+00:00,0.4993,0.5102,0.4952,0.5098,247906960.0
2023-09-29 00:00:00+00:00,0.5097,0.5494,0.5061,0.5215,604996777.0
2023-09-30 00:00:00+00:00,0.5215,0.5218,0.5134,0.5149,144866051.0
2023-10-01 00:00:00+00:00,0.5148,0.526,0.5137,0.5241,167673504.0
2023-10-02 00:00:00+00:00,0.524,0.5266,0.5075,0.5123,319018957.0
2023-10-03 00:00:00+00:00,0.5122,0.5479,0.5055,0.539,398167814.0
2023-10-04 00:00:00+00:00,0.5391,0.5426,0.5194,0.5326,422012491.0
2023-10-05 00:00:00+00:00,0.5326,0.5326,0.5155,0.5227,234313709.0
2023-10-06 00:00:00+00:00,0.5227,0.5298,0.5169,0.5255,219784262.0
2023-10-07 00:00:00+00:00,0.5255,0.5258,0.5197,0.5216,63137112.0
2023-10-08 00:00:00+00:00,0.5216,0.5234,0.5153,0.5174,82864720.0
2023-10-09 00:00:00+00:00,0.5174,0.5201,0.4875,0.5027,322604658.0
2023-10-10 00:00:00+00:00,0.5027,0.5027,0.4917,0.4965,228001743.0
2023-10-11 00:00:00+00:00,0.4964,0.4977,0.4788,0.4888,241504648.0
2023-10-12 00:00:00+00:00,0.4889,0.4889,0.4729,0.483,259545095.0
2023-10-13 00:00:00+00:00,0.4831,0.4907,0.4786,0.4851,257150898.0
2023-10-14 00:00:00+00:00,0.4852,0.4883,0.4835,0.4865,93826664.0
2023-10-15 00:00:00+00:00,0.4866,0.4902,0.485,0.4874,101648635.0
2023-10-16 00:00:00+00:00,0.4874,0.5109,0.485,0.4978,405705160.0
2023-10-17 00:00:00+00:00,0.4977,0.498,0.4845,0.4912,268586946.0
2023-10-18 00:00:00+00:00,0.4911,0.4924,0.4855,0.4878,202731261.0
2023-10-19 00:00:00+00:00,0.4878,0.5245,0.4769,0.5197,445455672.0
2023-10-20 00:00:00+00:00,0.5197,0.5309,0.5084,0.5149,412008957.0
2023-10-21 00:00:00+00:00,0.515,0.5325,0.5109,0.5208,179110644.0
2023-10-22 00:00:00+00:00,0.5208,0.5242,0.5118,0.5226,165306102.0
2023-10-23 00:00:00+00:00,0.5226,0.5536,0.5199,0.5475,522483834.0
2023-10-24 00:00:00+00:00,0.5475,0.5866,0.5346,0.5588,798801237.0
2023-10-25 00:00:00+00:00,0.5587,0.5639,0.5404,0.5552,369106629.0
2023-10-26 00:00:00+00:00,0.5552,0.5695,0.5426,0.5533,397423009.0
2023-10-27 00:00:00+00:00,0.5534,0.5588,0.5325,0.543,312543838.0
2023-10-28 00:00:00+00:00,0.543,0.5506,0.5405,0.5446,110912293.0
2023-10-29 00:00:00+00:00,0.5446,0.5614,0.5405,0.5561,160069611.0
2023-10-30 00:00:00+00:00,0.556,0.5843,0.5494,0.578,436757242.0
2023-10-31 00:00:00+00:00,0.578,0.6213,0.5627,0.5996,621793128.0
2023-11-01 00:00:00+00:00,0.5995,0.6164,0.5802,0.6085,468312081.0
2023-11-02 00:00:00+00:00,0.6084,0.6262,0.5865,0.6054,438254076.0
2023-11-03 00:00:00+00:00,0.6053,0.615,0.5914,0.6121,329096876.0
2023-11-04 00:00:00+00:00,0.612,0.6181,0.6083,0.6149,142897570.0
2023-11-05 00:00:00+00:00,0.6149,0.663,0.6137,0.6607,418017252.0
2023-11-06 00:00:00+00:00,0.6606,0.7324,0.6584,0.7148,703629362.0
2023-11-07 00:00:00+00:00,0.7147,0.7155,0.65,0.685,618276758.0
2023-11-08 00:00:00+00:00,0.6851,0.699,0.6725,0.6869,344396095.0
2023-11-09 00:00:00+00:00,0.6869,0.7069,0.63,0.6665,777778139.0
2023-11-10 00:00:00+00:00,0.6667,0.6711,0.6359,0.6595,464857348.0
2023-11-11 00:00:00+00:00,0.6594,0.69,0.6401,0.6626,380232188.0
2023-11-12 00:00:00+00:00,0.6626,0.6709,0.6458,0.6613,216031217.0
2023-11-13 00:00:00+00:00,0.6612,0.75,0.6397,0.6702,749884441.0
2023-11-14 00:00:00+00:00,0.6701,0.6724,0.5967,0.6296,597417769.0
2023-11-15 00:00:00+00:00,0.6296,0.6504,0.6251,0.6481,339283800.0
2023-11-16 00:00:00+00:00,0.6482,0.653,0.6033,0.6119,440591531.0
2023-11-17 00:00:00+00:00,0.6118,0.6244,0.5859,0.6133,368525340.0
2023-11-18 00:00:00+00:00,0.6132,0.6144,0.589,0.6106,192040293.0
2023-11-19 00:00:00+00:00,0.6106,0.6286,0.6012,0.6258,240044861.0
2023-11-20 00:00:00+00:00,0.6258,0.6282,0.6061,0.6122,298231745.0
2023-11-21 00:00:00+00:00,0.6121,0.6178,0.5725,0.5788,468850910.0
2023-11-22 00:00:00+00:00,0.5787,0.6162,0.5774,0.6109,346216216.0
2023-11-23 00:00:00+00:00,0.6109,0.6238,0.6059,0.6209,305693192.0
2023-11-24 00:00:00+00:00,0.6208,0.6258,0.6155,0.6212,303149239.0
2023-11-25 00:00:00+00:00,0.6212,0.6238,0.6157,0.6228,121921267.0
2023-11-26 00:00:00+00:00,0.6228,0.6375,0.6064,0.6157,266307412.0
2023-11-27 00:00:00+00:00,0.6157,0.6168,0.5937,0.6039,309411406.0
2023-11-28 00:00:00+00:00,0.6039,0.6139,0.5957,0.6107,286127938.0
2023-11-29 00:00:00+00:00,0.6106,0.617,0.604,0.6091,235341461.0
2023-11-30 00:00:00+00:00,0.609,0.6099,0.5982,0.6063,232714430.0
2023-12-01 00:00:00+00:00,0.6063,0.6143,0.6031,0.6125,248446111.0
2023-12-02 00:00:00+00:00,0.6126,0.6229,0.611,0.6208,144130252.0
2023-12-03 00:00:00+00:00,0.6207,0.6342,0.6168,0.6229,240660124.0
2023-12-04 00:00:00+00:00,0.6229,0.6439,0.582,0.6245,492198799.0
2023-12-05 00:00:00+00:00,0.6246,0.6307,0.6076,0.621,369372743.0
2023-12-06 00:00:00+00:00,0.621,0.6437,0.6104,0.64,498860756.0
2023-12-07 00:00:00+00:00,0.64,0.6544,0.6204,0.6432,454683854.0
2023-12-08 00:00:00+00:00,0.6431,0.6756,0.6373,0.6721,497144485.0
2023-12-09 00:00:00+00:00,0.672,0.7,0.651,0.6584,522942153.0
2023-12-10 00:00:00+00:00,0.6584,0.6715,0.6468,0.6617,251001949.0
2023-12-11 00:00:00+00:00,0.6617,0.6628,0.6,0.6187,601855237.0
2023-12-12 00:00:00+00:00,0.6187,0.6263,0.6067,0.6192,372907112.0
2023-12-13 00:00:00+00:00,0.6191,0.6348,0.5925,0.6275,383566539.0
2023-12-14 00:00:00+00:00,0.6276,0.6379,0.6053,0.6316,340698850.0
2023-12-15 00:00:00+00:00,0.6316,0.6441,0.6116,0.6156,356613976.0
2023-12-16 00:00:00+00:00,0.6156,0.6258,0.61,0.6203,160755138.0
2023-12-17 00:00:00+00:00,0.6202,0.6237,0.6084,0.6103,176476817.0
2023-12-18 00:00:00+00:00,0.6103,0.6145,0.5778,0.6125,477105096.0
2023-12-19 00:00:00+00:00,0.6125,0.6167,0.5972,0.6047,309456484.0
2023-12-20 00:00:00+00:00,0.6047,0.6264,0.601,0.6171,380133323.0
2023-12-21 00:00:00+00:00,0.6171,0.6249,0.6103,0.6241,294263304.0
2023-12-22 00:00:00+00:00,0.624,0.6317,0.6154,0.6244,386616422.0
2023-12-23 00:00:00+00:00,0.6243,0.6249,0.6106,0.6195,170948891.0
2023-12-24 00:00:00+00:00,0.6195,0.6295,0.6035,0.6121,305003397.0
2023-12-25 00:00:00+00:00,0.6122,0.6488,0.6082,0.6462,501529244.0
2023-12-26 00:00:00+00:00,0.6461,0.6469,0.6,0.6219,427204990.0
2023-12-27 00:00:00+00:00,0.6219,0.6421,0.6127,0.634,363959180.0
2023-12-28 00:00:00+00:00,0.6341,0.6584,0.6249,0.6346,468193003.0
2023-12-29 00:00:00+00:00,0.6346,0.6363,0.6121,0.623,347060742.0
2023-12-30 00:00:00+00:00,0.6229,0.6297,0.6158,0.6207,168141907.0
2023-12-31 00:00:00+00:00,0.6207,0.6285,0.6055,0.6156,160978768.0
2024-01-01 00:00:00+00:00,0.6155,0.6309,0.6083,0.6294,165869400.0
2024-01-02 00:00:00+00:00,0.6295,0.6405,0.6213,0.6246,371069494.0
2024-01-03 00:00:00+00:00,0.6245,0.6394,0.5,0.5823,1063513320.0
2024-01-04 00:00:00+00:00,0.5823,0.5938,0.5692,0.5868,384638363.0
2024-01-05 00:00:00+00:00,0.5868,0.5885,0.553,0.5757,383229345.0
2024-01-06 00:00:00+00:00,0.5758,0.5758,0.5568,0.5679,166749051.0
2024-01-07 00:00:00+00:00,0.568,0.573,0.5454,0.5515,226717559.0
2024-01-08 00:00:00+00:00,0.5515,0.5821,0.5442,0.5776,520587965.0
2024-01-09 00:00:00+00:00,0.5776,0.5793,0.5531,0.5669,454568370.0
2024-01-10 00:00:00+00:00,0.567,0.615,0.5489,0.6008,565711997.0
2024-01-11 00:00:00+00:00,0.6008,0.624,0.5856,0.6019,513518254.0
2024-01-12 00:00:00+00:00,0.6019,0.6035,0.5515,0.5699,462016509.0
2024-01-13 00:00:00+00:00,0.5699,0.5775,0.563,0.5747,144723019.0
2024-01-14 00:00:00+00:00,0.5746,0.5932,0.5717,0.5763,188471401.0
2024-01-15 00:00:00+00:00,0.5763,0.5895,0.5687,0.5757,267118552.0
2024-01-16 00:00:00+00:00,0.5757,0.5797,0.5659,0.5757,250036650.0
2024-01-17 00:00:00+00:00,0.5758,0.5763,0.5611,0.5685,229435711.0
2024-01-18 00:00:00+00:00,0.5685,0.569,0.543,0.552,286860737.0
2024-01-19 00:00:00+00:00,0.552,0.5537,0.5216,0.5443,412467369.0
2024-01-20 00:00:00+00:00,0.5443,0.5551,0.539,0.5534,190027866.0
2024-01-21 00:00:00+00:00,0.5534,0.5552,0.5451,0.5464,115018674.0
2024-01-22 00:00:00+00:00,0.5464,0.5497,0.5169,0.5275,340622198.0
2024-01-23 00:00:00+00:00,0.5275,0.5318,0.4962,0.5183,468522571.0
2024-01-24 00:00:00+00:00,0.5183,0.5194,0.511,0.5181,256315507.0
2024-01-25 00:00:00+00:00,0.5182,0.5182,0.5037,0.5138,251423038.0
2024-01-26 00:00:00+00:00,0.5139,0.5368,0.5084,0.5323,345499020.0
2024-01-27 00:00:00+00:00,0.5322,0.5349,0.5262,0.5303,109437595.0
2024-01-28 00:00:00+00:00,0.5304,0.5355,0.5211,0.5241,133344725.0
2024-01-29 00:00:00+00:00,0.5242,0.54,0.5193,0.5352,315810144.0
2024-01-30 00:00:00+00:00,0.5351,0.5393,0.5071,0.5107,551143127.0
2024-01-31 00:00:00+00:00,0.5106,0.5144,0.4853,0.5033,485421774.0
2024-02-01 00:00:00+00:00,0.5033,0.5107,0.49,0.5058,339711167.0
2024-02-02 00:00:00+00:00,0.5057,0.5142,0.4987,0.5105,362229325.0
2024-02-03 00:00:00+00:00,0.5106,0.527,0.506,0.5186,268503943.0
2024-02-04 00:00:00+00:00,0.5187,0.5192,0.5003,0.5032,156461025.0
2024-02-05 00:00:00+00:00,0.5031,0.5143,0.4969,0.5069,316744221.0
2024-02-06 00:00:00+00:00,0.5069,0.5112,0.4981,0.505,296361361.0
2024-02-07 00:00:00+00:00,0.505,0.5155,0.4993,0.5138,337065844.0
2024-02-08 00:00:00+00:00,0.5138,0.52,0.5101,0.5147,319558939.0
2024-02-09 00:00:00+00:00,0.5146,0.5282,0.514,0.5262,381663993.0
2024-02-10 00:00:00+00:00,0.5262,0.5282,0.5186,0.5239,136051851.0
2024-02-11 00:00:00+00:00,0.5239,0.536,0.5216,0.5261,218992618.0
2024-02-12 00:00:00+00:00,0.5262,0.538,0.5143,0.5315,383946428.0
2024-02-13 00:00:00+00:00,0.5315,0.5338,0.514,0.5247,398803382.0
2024-02-14 00:00:00+00:00,0.5246,0.5418,0.5203,0.5378,402071120.0
2024-02-15 00:00:00+00:00,0.5378,0.5769,0.537,0.5622,640584098.0
2024-02-16 00:00:00+00:00,0.5622,0.5791,0.5523,0.5643,522111567.0
2024-02-17 00:00:00+00:00,0.5643,0.5655,0.5392,0.5496,254033578.0
2024-02-18 00:00:00+00:00,0.5496,0.5625,0.5471,0.5571,199644484.0
2024-02-19 00:00:00+00:00,0.557,0.5679,0.5538,0.5626,361659945.0
2024-02-20 00:00:00+00:00,0.5626,0.5751,0.543,0.5622,577494529.0
2024-02-21 00:00:00+00:00,0.5622,0.5629,0.5326,0.5491,443537294.0
2024-02-22 00:00:00+00:00,0.549,0.5517,0.5366,0.541,363824441.0
2024-02-23 00:00:00+00:00,0.541,0.5437,0.5251,0.5342,435074448.0
2024-02-24 00:00:00+00:00,0.5342,0.5481,0.5313,0.545,201672485.0
2024-02-25 00:00:00+00:00,0.5449,0.5489,0.542,0.5425,200338025.0
2024-02-26 00:00:00+00:00,0.5424,0.5528,0.5288,0.5506,442051388.0
2024-02-27 00:00:00+00:00,0.5506,0.5976,0.5476,0.5861,852720045.0
2024-02-28 00:00:00+00:00,0.5862,0.6059,0.53,0.575,1038133713.0
2024-02-29 00:00:00+00:00,0.5749,0.626,0.5669,0.5867,1323123117.0
2024-03-01 00:00:00+00:00,0.5868,0.6034,0.5829,0.6013,545783016.0
2024-03-02 00:00:00+00:00,0.6013,0.6501,0.5993,0.6442,891150692.0
2024-03-03 00:00:00+00:00,0.6442,0.6446,0.59,0.6271,626556050.0
2024-03-04 00:00:00+00:00,0.6271,0.666,0.615,0.6477,1053563753.0
2024-03-05 00:00:00+00:00,0.6476,0.6685,0.5386,0.5912,1554937673.0
2024-03-06 00:00:00+00:00,0.5913,0.624,0.5754,0.6121,832599729.0
2024-03-07 00:00:00+00:00,0.6121,0.6394,0.6064,0.627,789389082.0
2024-03-08 00:00:00+00:00,0.6271,0.6338,0.6,0.62,648298999.0
2024-03-09 00:00:00+00:00,0.62,0.6323,0.6158,0.6197,399105613.0
2024-03-10 00:00:00+00:00,0.6198,0.6278,0.5965,0.608,431213931.0
2024-03-11 00:00:00+00:00,0.608,0.744,0.583,0.723,2035920643.0
2024-03-12 00:00:00+00:00,0.723,0.7332,0.6585,0.688,1164823272.0
2024-03-13 00:00:00+00:00,0.688,0.7026,0.6684,0.6891,629718012.0
2024-03-14 00:00:00+00:00,0.6891,0.7077,0.6378,0.669,866913230.0
2024-03-15 00:00:00+00:00,0.669,0.6759,0.596,0.6342,1046569627.0
2024-03-16 00:00:00+00:00,0.6341,0.6479,0.5915,0.6031,637944105.0
2024-03-17 00:00:00+00:00,0.603,0.6249,0.5869,0.6191,520417354.0
2024-03-18 00:00:00+00:00,0.6191,0.6686,0.5946,0.6453,868146942.0
2024-03-19 00:00:00+00:00,0.6453,0.6489,0.5712,0.5845,1036258366.0
2024-03-20 00:00:00+00:00,0.5845,0.6187,0.5681,0.6107,802805428.0
2024-03-21 00:00:00+00:00,0.6108,0.6546,0.5972,0.6404,799317843.0
2024-03-22 00:00:00+00:00,0.6403,0.6454,0.5985,0.6115,580029104.0
2024-03-23 00:00:00+00:00,0.6115,0.6329,0.6032,0.6167,278695151.0
2024-03-24 00:00:00+00:00,0.6168,0.6358,0.6133,0.6325,304667124.0
2024-03-25 00:00:00+00:00,0.6326,0.6629,0.6263,0.6406,598260361.0
2024-03-26 00:00:00+00:00,0.6405,0.653,0.625,0.6317,483920076.0
2024-03-27 00:00:00+00:00,0.6317,0.6349,0.6055,0.6118,576105586.0
2024-03-28 00:00:00+00:00,0.6119,0.6378,0.6033,0.6244,500717330.0
2024-03-29 00:00:00+00:00,0.6243,0.6455,0.6087,0.6301,536802072.0
2024-03-30 00:00:00+00:00,0.63,0.6372,0.6178,0.6212,275028227.0
2024-03-31 00:00:00+00:00,0.6211,0.6301,0.6204,0.6292,181972969.0
2024-04-01 00:00:00+00:00,0.6292,0.6336,0.5947,0.611,546287523.0
2024-04-02 00:00:00+00:00,0.611,0.6185,0.579,0.5854,648286441.0
2024-04-03 00:00:00+00:00,0.5854,0.593,0.5663,0.5742,493903933.0
2024-04-04 00:00:00+00:00,0.5741,0.6176,0.5623,0.5935,701629386.0
2024-04-05 00:00:00+00:00,0.5934,0.5939,0.5687,0.5871,421470900.0
2024-04-06 00:00:00+00:00,0.587,0.5988,0.5852,0.593,165404890.0
2024-04-07 00:00:00+00:00,0.593,0.6028,0.5894,0.5944,210766117.0
2024-04-08 00:00:00+00:00,0.5945,0.6265,0.5881,0.6147,512812491.0
2024-04-09 00:00:00+00:00,0.6146,0.6431,0.6012,0.6141,648585747.0
2024-04-10 00:00:00+00:00,0.614,0.6204,0.5928,0.6172,449695736.0
2024-04-11 00:00:00+00:00,0.6171,0.6214,0.6029,0.6086,316314812.0
2024-04-12 00:00:00+00:00,0.6085,0.6159,0.5068,0.5468,903224330.0
2024-04-13 00:00:00+00:00,0.5468,0.5491,0.4188,0.4788,1199425184.0
2024-04-14 00:00:00+00:00,0.4788,0.5073,0.4637,0.5033,820741178.0
2024-04-15 00:00:00+00:00,0.5034,0.5189,0.4811,0.4977,680790708.0
2024-04-16 00:00:00+00:00,0.4977,0.5021,0.4754,0.4965,535103938.0
2024-04-17 00:00:00+00:00,0.4965,0.5081,0.4715,0.4951,496078590.0
2024-04-18 00:00:00+00:00,0.4951,0.5057,0.4856,0.5025,408855589.0
2024-04-19 00:00:00+00:00,0.5026,0.5108,0.4665,0.503,649243049.0
2024-04-20 00:00:00+00:00,0.503,0.53,0.4981,0.5288,323152269.0
2024-04-21 00:00:00+00:00,0.5288,0.5367,0.5183,0.5246,209381366.0
2024-04-22 00:00:00+00:00,0.5246,0.5715,0.5221,0.556,481213218.0
2024-04-23 00:00:00+00:00,0.556,0.5576,0.5415,0.5445,395536969.0
2024-04-24 00:00:00+00:00,0.5445,0.5519,0.5212,0.5275,437750382.0
2024-04-25 00:00:00+00:00,0.5276,0.5327,0.5137,0.5254,358100461.0
2024-04-26 00:00:00+00:00,0.5254,0.5361,0.5143,0.5261,354085810.0
2024-04-27 00:00:00+00:00,0.5261,0.5265,0.508,0.5179,195569696.0
2024-04-28 00:00:00+00:00,0.5178,0.5253,0.5085,0.5103,135893039.0
2024-04-29 00:00:00+00:00,0.5104,0.5175,0.4986,0.5151,347828455.0
2024-04-30 00:00:00+00:00,0.515,0.5198,0.4875,0.5006,395591280.0
2024-05-01 00:00:00+00:00,0.5006,0.5214,0.4782,0.5175,478521177.0
2024-05-02 00:00:00+00:00,0.5175,0.5245,0.5067,0.518,344602656.0
2024-05-03 00:00:00+00:00,0.518,0.5367,0.5145,0.5317,363626848.0
2024-05-04 00:00:00+00:00,0.5317,0.541,0.5272,0.5302,158694221.0
2024-05-05 00:00:00+00:00,0.5302,0.5334,0.524,0.5296,112344720.0
2024-05-06 00:00:00+00:00,0.5295,0.5703,0.5247,0.5402,567274807.0
2024-05-07 00:00:00+00:00,0.5401,0.5443,0.5217,0.5245,346192205.0
2024-05-08 00:00:00+00:00,0.5244,0.53,0.5153,0.5171,346832658.0
2024-05-09 00:00:00+00:00,0.517,0.5238,0.5087,0.5209,299812797.0
2024-05-10 00:00:00+00:00,0.5209,0.5209,0.497,0.5022,356081362.0
2024-05-11 00:00:00+00:00,0.5022,0.5079,0.5005,0.5059,99554446.0
2024-05-12 00:00:00+00:00,0.5059,0.5088,0.4957,0.4993,96995150.0
2024-05-13 00:00:00+00:00,0.4993,0.5121,0.4866,0.5053,307847853.0
2024-05-14 00:00:00+00:00,0.5052,0.5132,0.4972,0.5002,306746811.0
2024-05-15 00:00:00+00:00,0.5002,0.5196,0.4967,0.5188,323956909.0
2024-05-16 00:00:00+00:00,0.5188,0.5228,0.5123,0.5157,327561119.0
2024-05-17 00:00:00+00:00,0.5158,0.5292,0.5135,0.5234,286496760.0
2024-05-18 00:00:00+00:00,0.5235,0.5256,0.5186,0.5213,90176826.0
2024-05-19 00:00:00+00:00,0.5213,0.5236,0.5063,0.5096,112974578.0
2024-05-20 00:00:00+00:00,0.5096,0.538,0.5064,0.5377,404880454.0
2024-05-21 00:00:00+00:00,0.5377,0.5571,0.5319,0.537,491396281.0
2024-05-22 00:00:00+00:00,0.537,0.5383,0.5224,0.5268,303183587.0
2024-05-23 00:00:00+00:00,0.5268,0.5488,0.5027,0.5289,585134596.0
2024-05-24 00:00:00+00:00,0.5288,0.5375,0.5168,0.536,322992520.0
2024-05-25 00:00:00+00:00,0.5359,0.5426,0.5318,0.5416,132376204.0
2024-05-26 00:00:00+00:00,0.5416,0.542,0.5255,0.5283,108799266.0
2024-05-27 00:00:00+00:00,0.5283,0.5409,0.5236,0.534,244982717.0
2024-05-28 00:00:00+00:00,0.5339,0.5355,0.5211,0.5287,282469800.0
2024-05-29 00:00:00+00:00,0.5286,0.5334,0.52,0.5238,316791079.0
2024-05-30 00:00:00+00:00,0.5238,0.5283,0.5127,0.5186,361762802.0
2024-05-31 00:00:00+00:00,0.5185,0.5259,0.5119,0.5176,304398744.0
2024-06-01 00:00:00+00:00,0.5176,0.5219,0.5174,0.5187,88294554.0
2024-06-02 00:00:00+00:00,0.5187,0.5209,0.508,0.5135,130902096.0
2024-06-03 00:00:00+00:00,0.5135,0.5232,0.5118,0.5199,237659106.0
2024-06-04 00:00:00+00:00,0.5199,0.5303,0.5182,0.5257,252531633.0
2024-06-05 00:00:00+00:00,0.5257,0.5326,0.524,0.5258,248045273.0
2024-06-06 00:00:00+00:00,0.5259,0.5281,0.5164,0.5215,289657499.0
2024-06-07 00:00:00+00:00,0.5214,0.528,0.4508,0.4991,549543388.0
2024-06-08 00:00:00+00:00,0.4991,0.5008,0.4897,0.4926,152121412.0
2024-06-09 00:00:00+00:00,0.4927,0.4992,0.4909,0.4986,90936082.0
2024-06-10 00:00:00+00:00,0.4987,0.506,0.4933,0.4969,249759346.0
2024-06-11 00:00:00+00:00,0.4969,0.497,0.4707,0.4802,429410619.0
2024-06-12 00:00:00+00:00,0.4803,0.4982,0.4742,0.4916,341106347.0
2024-06-13 00:00:00+00:00,0.4917,0.4917,0.4756,0.4769,290198216.0
2024-06-14 00:00:00+00:00,0.4768,0.4814,0.4601,0.4746,389318737.0
2024-06-15 00:00:00+00:00,0.4746,0.5053,0.474,0.4908,176444562.0
2024-06-16 00:00:00+00:00,0.4908,0.4997,0.4878,0.4891,161562815.0
2024-06-17 00:00:00+00:00,0.4891,0.5213,0.4838,0.5047,584945066.0
2024-06-18 00:00:00+00:00,0.5048,0.5096,0.469,0.491,582727016.0
2024-06-19 00:00:00+00:00,0.4909,0.4996,0.4868,0.4933,260612342.0
2024-06-20 00:00:00+00:00,0.4933,0.5023,0.4883,0.4888,324974220.0
2024-06-21 00:00:00+00:00,0.4888,0.4959,0.4797,0.4889,336098409.0
2024-06-22 00:00:00+00:00,0.489,0.4897,0.4841,0.4866,79168277.0
2024-06-23 00:00:00+00:00,0.4867,0.4892,0.4742,0.4797,95099780.0
2024-06-24 00:00:00+00:00,0.4798,0.4825,0.462,0.474,385123013.0
2024-06-25 00:00:00+00:00,0.4741,0.4802,0.4731,0.4757,226045665.0
2024-06-26 00:00:00+00:00,0.4758,0.4783,0.4652,0.4698,243409484.0
2024-06-27 00:00:00+00:00,0.4697,0.4771,0.4657,0.4753,243549420.0
2024-06-28 00:00:00+00:00,0.4753,0.4811,0.4692,0.4716,264186218.0
2024-06-29 00:00:00+00:00,0.4716,0.4768,0.4716,0.4727,57959490.0
2024-06-30 00:00:00+00:00,0.4727,0.4784,0.4701,0.4761,82862100.0
2024-07-01 00:00:00+00:00,0.4761,0.4849,0.4754,0.477,211844474.0
2024-07-02 00:00:00+00:00,0.4771,0.4889,0.476,0.4853,226194005.0
2024-07-03 00:00:00+00:00,0.4853,0.4875,0.4611,0.4672,317610313.0
2024-07-04 00:00:00+00:00,0.4672,0.4697,0.4313,0.4329,436420394.0
2024-07-05 00:00:00+00:00,0.433,0.4335,0.3823,0.4251,728055932.0
2024-07-06 00:00:00+00:00,0.4252,0.4497,0.4235,0.4488,168945863.0
2024-07-07 00:00:00+00:00,0.4489,0.4495,0.4182,0.4195,175785229.0
2024-07-08 00:00:00+00:00,0.4196,0.4438,0.4032,0.4316,528743623.0
2024-07-09 00:00:00+00:00,0.4316,0.4398,0.427,0.4356,289512370.0
2024-07-10 00:00:00+00:00,0.4357,0.4426,0.431,0.4388,294639692.0
2024-07-11 00:00:00+00:00,0.4388,0.4573,0.4363,0.4491,347547669.0
2024-07-12 00:00:00+00:00,0.4491,0.478,0.4445,0.4745,472984849.0
2024-07-13 00:00:00+00:00,0.4745,0.5661,0.4737,0.5257,744327354.0
2024-07-14 00:00:00+00:00,0.5257,0.54,0.5136,0.5205,350964405.0
2024-07-15 00:00:00+00:00,0.5205,0.5404,0.5203,0.5372,437376565.0
2024-07-16 00:00:00+00:00,0.5372,0.5945,0.5309,0.5793,824632586.0
2024-07-17 00:00:00+00:00,0.5792,0.6378,0.5783,0.626,806805412.0
2024-07-18 00:00:00+00:00,0.626,0.6369,0.5575,0.5697,660623865.0
2024-07-19 00:00:00+00:00,0.5697,0.5867,0.54,0.5733,539155049.0
2024-07-20 00:00:00+00:00,0.5733,0.6047,0.5707,0.5937,300097994.0
2024-07-21 00:00:00+00:00,0.5938,0.608,0.5721,0.5984,291988877.0
2024-07-22 00:00:00+00:00,0.5985,0.6229,0.5855,0.608,412923068.0
2024-07-23 00:00:00+00:00,0.608,0.617,0.5797,0.5975,353756166.0
2024-07-24 00:00:00+00:00,0.5976,0.6327,0.5915,0.6179,420617643.0
2024-07-25 00:00:00+00:00,0.6179,0.629,0.5844,0.5996,485187006.0
2024-07-26 00:00:00+00:00,0.5996,0.6093,0.586,0.6034,268729317.0
2024-07-27 00:00:00+00:00,0.6033,0.6091,0.5833,0.5956,172975781.0
2024-07-28 00:00:00+00:00,0.5956,0.6161,0.591,0.6012,182173334.0
2024-07-29 00:00:00+00:00,0.6012,0.6124,0.5921,0.6019,235245176.0
2024-07-30 00:00:00+00:00,0.6019,0.6379,0.5953,0.6277,431409390.0
2024-07-31 00:00:00+00:00,0.6278,0.6586,0.6217,0.623,473184106.0
2024-08-01 00:00:00+00:00,0.623,0.6303,0.568,0.5964,423266147.0
2024-08-02 00:00:00+00:00,0.5965,0.597,0.5464,0.5607,410967898.0
2024-08-03 00:00:00+00:00,0.5606,0.5777,0.5406,0.5558,265483095.0
2024-08-04 00:00:00+00:00,0.5558,0.559,0.5136,0.5228,240108087.0
2024-08-05 00:00:00+00:00,0.5229,0.5257,0.4319,0.4889,1250454532.0
2024-08-06 00:00:00+00:00,0.4889,0.5188,0.4877,0.5062,410337831.0
2024-08-07 00:00:00+00:00,0.5062,0.6434,0.4922,0.6002,1000802326.0
2024-08-08 00:00:00+00:00,0.6003,0.6424,0.5785,0.6166,730482227.0
2024-08-09 00:00:00+00:00,0.6166,0.6245,0.5656,0.5805,456932445.0
2024-08-10 00:00:00+00:00,0.5805,0.6022,0.5779,0.5841,213745629.0
2024-08-11 00:00:00+00:00,0.5841,0.5935,0.5452,0.5528,251097812.0
2024-08-12 00:00:00+00:00,0.5528,0.5795,0.5501,0.5684,355253164.0
2024-08-13 00:00:00+00:00,0.5683,0.5834,0.5626,0.577,252380249.0
2024-08-14 00:00:00+00:00,0.577,0.5828,0.5641,0.5687,253532158.0
2024-08-15 00:00:00+00:00,0.5687,0.5742,0.5504,0.5607,267098570.0
2024-08-16 00:00:00+00:00,0.5608,0.5723,0.5535,0.5638,234628410.0
2024-08-17 00:00:00+00:00,0.5637,0.571,0.5611,0.5665,68057519.0
2024-08-18 00:00:00+00:00,0.5664,0.5845,0.5625,0.5631,119904362.0
2024-08-19 00:00:00+00:00,0.5631,0.6091,0.5608,0.5985,387069502.0
2024-08-20 00:00:00+00:00,0.5984,0.615,0.5875,0.5937,276882583.0
2024-08-21 00:00:00+00:00,0.5937,0.6056,0.584,0.5999,274275573.0
2024-08-22 00:00:00+00:00,0.6,0.6049,0.5923,0.5976,207559419.0
2024-08-23 00:00:00+00:00,0.5977,0.616,0.5909,0.6109,297079009.0
2024-08-24 00:00:00+00:00,0.6109,0.631,0.6043,0.6127,242435317.0
2024-08-25 00:00:00+00:00,0.6126,0.614,0.595,0.6,163663049.0
2024-08-26 00:00:00+00:00,0.6,0.6021,0.5782,0.5874,236874640.0
2024-08-27 00:00:00+00:00,0.5873,0.6003,0.5528,0.5666,331644513.0
2024-08-28 00:00:00+00:00,0.5667,0.5845,0.5558,0.5693,312994647.0
2024-08-29 00:00:00+00:00,0.5692,0.577,0.5573,0.5619,209040650.0
2024-08-30 00:00:00+00:00,0.5618,0.5678,0.5462,0.5667,258840588.0
2024-08-31 00:00:00+00:00,0.5667,0.5721,0.5624,0.5662,67155202.0
2024-09-01 00:00:00+00:00,0.5662,0.5667,0.5434,0.5472,121191438.0
2024-09-02 00:00:00+00:00,0.5471,0.5688,0.5443,0.5677,174750033.0
2024-09-03 00:00:00+00:00,0.5677,0.5724,0.5565,0.5572,179781483.0
2024-09-04 00:00:00+00:00,0.5572,0.5648,0.5326,0.5579,272577067.0
2024-09-05 00:00:00+00:00,0.5579,0.5598,0.5399,0.5444,213816210.0
2024-09-06 00:00:00+00:00,0.5445,0.5473,0.5026,0.5211,382035412.0
2024-09-07 00:00:00+00:00,0.5211,0.5329,0.5197,0.5248,82924642.0
2024-09-08 00:00:00+00:00,0.5249,0.5316,0.5208,0.5295,67909459.0
2024-09-09 00:00:00+00:00,0.5295,0.5431,0.5269,0.5395,168358952.0
2024-09-10 00:00:00+00:00,0.5395,0.5428,0.5337,0.5408,135693250.0
2024-09-11 00:00:00+00:00,0.5407,0.5413,0.5231,0.5348,187554599.0
2024-09-12 00:00:00+00:00,0.5347,0.5884,0.5334,0.5626,380827353.0
2024-09-13 00:00:00+00:00,0.5625,0.5745,0.5556,0.5728,270151559.0
2024-09-14 00:00:00+00:00,0.5727,0.5992,0.5704,0.5956,231500545.0
2024-09-15 00:00:00+00:00,0.5956,0.5958,0.5686,0.5706,126437096.0
2024-09-16 00:00:00+00:00,0.5706,0.5916,0.5598,0.5866,247830927.0
2024-09-17 00:00:00+00:00,0.5865,0.5934,0.5789,0.5839,173044465.0
2024-09-18 00:00:00+00:00,0.5838,0.5858,0.562,0.5852,204818640.0
2024-09-19 00:00:00+00:00,0.5852,0.5945,0.581,0.5868,222336927.0
2024-09-20 00:00:00+00:00,0.5868,0.593,0.5763,0.5851,217408757.0
2024-09-21 00:00:00+00:00,0.5851,0.6128,0.58,0.5976,144964801.0
2024-09-22 00:00:00+00:00,0.5977,0.6053,0.5778,0.5871,120373196.0
2024-09-23 00:00:00+00:00,0.5871,0.596,0.5787,0.5847,161038706.0
2024-09-24 00:00:00+00:00,0.5848,0.5927,0.5814,0.5911,169233403.0
2024-09-25 00:00:00+00:00,0.5912,0.5957,0.5824,0.5831,179932001.0
2024-09-26 00:00:00+00:00,0.5831,0.5964,0.5739,0.5905,226481301.0
2024-09-27 00:00:00+00:00,0.5905,0.5972,0.5824,0.5888,222819497.0
2024-09-28 00:00:00+00:00,0.5889,0.6259,0.5856,0.6138,442520365.0
2024-09-29 00:00:00+00:00,0.6139,0.6649,0.6076,0.6412,442349596.0
2024-09-30 00:00:00+00:00,0.6412,0.6548,0.6088,0.6114,396654376.0
2024-10-01 00:00:00+00:00,0.6114,0.6342,0.5778,0.5967,579510147.0
2024-10-02 00:00:00+00:00,0.5968,0.6069,0.5267,0.5383,634074670.0
2024-10-03 00:00:00+00:00,0.5383,0.5445,0.5068,0.5217,562879573.0
2024-10-04 00:00:00+00:00,0.5218,0.539,0.51,0.534,341840613.0
2024-10-05 00:00:00+00:00,0.534,0.5352,0.526,0.5294,107009165.0
2024-10-06 00:00:00+00:00,0.5294,0.5372,0.5279,0.5336,90314821.0
2024-10-07 00:00:00+00:00,0.5336,0.5459,0.5286,0.5286,246483895.0
2024-10-08 00:00:00+00:00,0.5287,0.5358,0.5209,0.531,164201090.0
2024-10-09 00:00:00+00:00,0.531,0.5346,0.521,0.5245,169687079.0
2024-10-10 00:00:00+00:00,0.5245,0.545,0.5228,0.5305,267008101.0
2024-10-11 00:00:00+00:00,0.5305,0.5419,0.5296,0.5388,196729073.0
2024-10-12 00:00:00+00:00,0.5387,0.5432,0.5353,0.5393,83887179.0
2024-10-13 00:00:00+00:00,0.5393,0.5395,0.5252,0.5321,94059459.0
2024-10-14 00:00:00+00:00,0.5321,0.5524,0.5282,0.5483,219397937.0
2024-10-15 00:00:00+00:00,0.5484,0.5556,0.5315,0.5417,283568637.0
2024-10-16 00:00:00+00:00,0.5417,0.5538,0.5375,0.5482,222285502.0
2024-10-17 00:00:00+00:00,0.5481,0.5666,0.5419,0.5441,312103613.0
2024-10-18 00:00:00+00:00,0.5441,0.5532,0.5397,0.5465,219767509.0
2024-10-19 00:00:00+00:00,0.5465,0.55,0.5406,0.544,90144479.0
2024-10-20 00:00:00+00:00,0.544,0.549,0.5366,0.5482,117461950.0
2024-10-21 00:00:00+00:00,0.5482,0.5608,0.5409,0.5449,283328526.0
2024-10-22 00:00:00+00:00,0.5449,0.5498,0.5291,0.5339,250206589.0
2024-10-23 00:00:00+00:00,0.5338,0.5341,0.5117,0.5258,211146628.0
2024-10-24 00:00:00+00:00,0.5259,0.5338,0.5241,0.532,195840193.0
2024-10-25 00:00:00+00:00,0.532,0.5322,0.486,0.5022,350905027.0
2024-10-26 00:00:00+00:00,0.5022,0.5154,0.4989,0.5134,121828009.0
2024-10-27 00:00:00+00:00,0.5135,0.518,0.5108,0.5168,65734998.0
2024-10-28 00:00:00+00:00,0.5168,0.5217,0.5113,0.5195,159504690.0
2024-10-29 00:00:00+00:00,0.5195,0.5305,0.5185,0.5284,220863830.0
2024-10-30 00:00:00+00:00,0.5285,0.5285,0.5194,0.5229,177555669.0
2024-10-31 00:00:00+00:00,0.5229,0.5238,0.5031,0.5095,195063825.0
2024-11-01 00:00:00+00:00,0.5096,0.5244,0.5025,0.5131,277144347.0
2024-11-02 00:00:00+00:00,0.513,0.516,0.5063,0.5103,68679320.0
2024-11-03 00:00:00+00:00,0.5103,0.5111,0.4917,0.503,176012483.0
2024-11-04 00:00:00+00:00,0.503,0.5147,0.4957,0.5035,211259474.0
2024-11-05 00:00:00+00:00,0.5035,0.5191,0.5019,0.514,190711816.0
2024-11-06 00:00:00+00:00,0.514,0.5469,0.514,0.5418,452294069.0
2024-11-07 00:00:00+00:00,0.5418,0.5785,0.5377,0.5556,348528218.0
2024-11-08 00:00:00+00:00,0.5556,0.56,0.5413,0.5537,261155203.0
2024-11-09 00:00:00+00:00,0.5537,0.562,0.5436,0.5593,230978970.0
2024-11-10 00:00:00+00:00,0.5592,0.6187,0.5555,0.5884,712821995.0
2024-11-11 00:00:00+00:00,0.5885,0.633,0.5703,0.6207,661084405.0
2024-11-12 00:00:00+00:00,0.6208,0.7398,0.5968,0.704,1776854012.0
2024-11-13 00:00:00+00:00,0.7042,0.748,0.64,0.6898,1208545721.0
2024-11-14 00:00:00+00:00,0.6897,0.8473,0.6822,0.7736,1349353792.0
2024-11-15 00:00:00+00:00,0.7736,0.9279,0.7704,0.8922,1413430891.0
2024-11-16 00:00:00+00:00,0.8921,1.2698,0.8778,1.1209,2373030780.0
2024-11-17 00:00:00+00:00,1.1208,1.1603,1.0026,1.0543,1245814358.0
2024-11-18 00:00:00+00:00,1.0545,1.1865,1.0543,1.1137,941344489.0
2024-11-19 00:00:00+00:00,1.1138,1.148,1.0688,1.1003,562678894.0
2024-11-20 00:00:00+00:00,1.1004,1.151,1.0556,1.1041,609804658.0
2024-11-21 00:00:00+00:00,1.1042,1.2643,1.0774,1.247,1050788977.0
2024-11-22 00:00:00+00:00,1.2471,1.5,1.247,1.4726,1597772473.98
2024-11-23 00:00:00+00:00,1.4726,1.63,1.4033,1.4685,1243933645.71
2024-11-24 00:00:00+00:00,1.4686,1.513,1.2775,1.4331,960628070.0
2024-11-25 00:00:00+00:00,1.4334,1.5393,1.355,1.4142,912385354.0
2024-11-26 00:00:00+00:00,1.4142,1.4588,1.2833,1.3984,777417208.0
2024-11-27 00:00:00+00:00,1.3984,1.5217,1.3524,1.4696,594887636.0
2024-11-28 00:00:00+00:00,1.4696,1.5465,1.4292,1.5421,440541778.0
2024-11-29 00:00:00+00:00,1.542,1.8149,1.5233,1.8006,1055874162.77
2024-11-30 00:00:00+00:00,1.8005,1.9575,1.7635,1.9513,1118556534.97
2024-12-01 00:00:00+00:00,1.9514,2.35,1.8475,2.2937,1171510986.43
2024-12-02 00:00:00+00:00,2.2937,2.8723,2.2011,2.7245,2543716698.49
2024-12-03 00:00:00+00:00,2.7244,2.9092,2.25,2.5102,1955605237.21
2024-12-04 00:00:00+00:00,2.5103,2.68,2.28,2.3574,1127878148.0
2024-12-05 00:00:00+00:00,2.3574,2.4942,2.1743,2.2446,1095218093.0
2024-12-06 00:00:00+00:00,2.2445,2.4637,2.2252,2.4257,671195786.0
2024-12-07 00:00:00+00:00,2.4257,2.6196,2.384,2.6099,541326545.0
2024-12-08 00:00:00+00:00,2.6099,2.6469,2.4843,2.6013,456273582.0
2024-12-09 00:00:00+00:00,2.6013,2.6076,2.0012,2.2124,991793616.0
2024-12-10 00:00:00+00:00,2.2124,2.42,1.9,2.3709,1376683984.0
2024-12-11 00:00:00+00:00,2.3708,2.4703,2.2303,2.3941,696138801.0
2024-12-12 00:00:00+00:00,2.3942,2.484,2.308,2.3384,528351934.0
2024-12-13 00:00:00+00:00,2.3385,2.4788,2.284,2.4217,468083967.0
2024-12-14 00:00:00+00:00,2.4218,2.5319,2.3548,2.4005,347447120.0
2024-12-15 00:00:00+00:00,2.4006,2.473,2.3677,2.4469,275970977.0
2024-12-16 00:00:00+00:00,2.447,2.5872,2.3333,2.4841,603893921.0
2024-12-17 00:00:00+00:00,2.4842,2.7281,2.4401,2.5673,745688394.0
2024-12-18 00:00:00+00:00,2.5672,2.5921,2.2478,2.3103,759860891.0
2024-12-19 00:00:00+00:00,2.3102,2.4317,2.1595,2.239,811210695.0
2024-12-20 00:00:00+00:00,2.2391,2.355,1.9601,2.2793,1110347016.0
2024-12-21 00:00:00+00:00,2.2793,2.3858,2.1915,2.238,451599864.0
2024-12-22 00:00:00+00:00,2.2379,2.2938,2.1604,2.2031,310318499.0
2024-12-23 00:00:00+00:00,2.2032,2.2789,2.1308,2.2617,388820902.0
2024-12-24 00:00:00+00:00,2.2616,2.3507,2.2138,2.3238,249021066.0
2024-12-25 00:00:00+00:00,2.3238,2.3325,2.2615,2.2973,162014998.0
2024-12-26 00:00:00+00:00,2.2973,2.3164,2.1277,2.1559,266397920.0
2024-12-27 00:00:00+00:00,2.1559,2.2379,2.1149,2.1466,254236575.0
2024-12-28 00:00:00+00:00,2.1467,2.2076,2.1343,2.1843,106144470.0
2024-12-29 00:00:00+00:00,2.1843,2.1976,2.0711,2.0942,129587392.0
2024-12-30 00:00:00+00:00,2.0941,2.1526,1.9954,2.0587,326304793.0
2024-12-31 00:00:00+00:00,2.0587,2.1491,2.0126,2.0836,202867597.0
2025-01-01 00:00:00+00:00,2.0836,2.3545,2.0811,2.3328,340770274.0
2025-01-02 00:00:00+00:00,2.3329,2.4522,2.3297,2.4024,361196381.0
2025-01-03 00:00:00+00:00,2.4024,2.4798,2.3966,2.4547,233672728.0
2025-01-04 00:00:00+00:00,2.4546,2.509,2.3999,2.4201,179793926.0
2025-01-05 00:00:00+00:00,2.4201,2.4285,2.3273,2.3994,155537860.0
2025-01-06 00:00:00+00:00,2.3993,2.4584,2.3674,2.42,194293277.0
2025-01-07 00:00:00+00:00,2.42,2.4683,2.2572,2.2712,342477338.0
2025-01-08 00:00:00+00:00,2.2712,2.3986,2.2001,2.3731,401036029.0
2025-01-09 00:00:00+00:00,2.373,2.3956,2.2351,2.2722,294585086.0
2025-01-10 00:00:00+00:00,2.2722,2.3699,2.2465,2.3414,248018278.0
2025-01-11 00:00:00+00:00,2.3414,2.6036,2.3249,2.5764,349172496.0
2025-01-12 00:00:00+00:00,2.5764,2.5835,2.47,2.5046,222912333.0
2025-01-13 00:00:00+00:00,2.5045,2.5634,2.3297,2.5232,515356746.0
2025-01-14 00:00:00+00:00,2.5232,2.7,2.5126,2.6673,397227342.0
2025-01-15 00:00:00+00:00,2.6673,3.2,2.6492,3.1429,1062630122.23
2025-01-16 00:00:00+00:00,3.143,3.4,2.9228,3.2451,1110371222.2
2025-01-17 00:00:00+00:00,3.245,3.3544,3.1758,3.2922,529933494.0
2025-01-18 00:00:00+00:00,3.2923,3.2996,3.058,3.2697,458088944.0
2025-01-19 00:00:00+00:00,3.2697,3.2929,2.8277,2.9587,663328805.0
2025-01-20 00:00:00+00:00,2.9586,3.3695,2.909,3.1053,838761258.0
2025-01-21 00:00:00+00:00,3.1053,3.246,3.0124,3.1738,376423502.0
2025-01-22 00:00:00+00:00,3.1739,3.2854,3.1237,3.1803,291761274.0
2025-01-23 00:00:00+00:00,3.1802,3.1868,3.0374,3.1194,305314846.0
2025-01-24 00:00:00+00:00,3.1194,3.2031,3.055,3.1009,232626964.0
2025-01-25 00:00:00+00:00,3.1008,3.1446,3.0784,3.108,99489857.0
2025-01-26 00:00:00+00:00,3.1079,3.1443,3.0115,3.0223,128937813.0
2025-01-27 00:00:00+00:00,3.0222,3.0587,2.6559,3.0552,660056174.0
2025-01-28 00:00:00+00:00,3.0552,3.214,3.0062,3.0572,369470786.0
2025-01-29 00:00:00+00:00,3.0572,3.1363,2.9673,3.0683,254756655.0
2025-01-30 00:00:00+00:00,3.0683,3.1544,3.0466,3.1276,173143314.0
2025-01-31 00:00:00+00:00,3.1276,3.1333,3.003,3.0361,162235322.0
2025-02-01 00:00:00+00:00,3.0361,3.0727,2.8281,2.8778,173601404.0
2025-02-02 00:00:00+00:00,2.8779,2.9559,2.4603,2.58,684089012.0
2025-02-03 00:00:00+00:00,2.5801,2.7814,1.7711,2.7001,1866758972.0
2025-02-04 00:00:00+00:00,2.7,2.7874,2.4209,2.5274,621552965.0
2025-02-05 00:00:00+00:00,2.5275,2.5692,2.3384,2.381,338815093.0
2025-02-06 00:00:00+00:00,2.381,2.4699,2.2772,2.325,322896937.0
2025-02-07 00:00:00+00:00,2.3251,2.542,2.2655,2.3968,447487945.0
2025-02-08 00:00:00+00:00,2.3969,2.4372,2.3506,2.419,154717204.0
2025-02-09 00:00:00+00:00,2.419,2.5079,2.3113,2.3928,204205603.0
2025-02-10 00:00:00+00:00,2.3928,2.4733,2.3235,2.4237,207257933.0
2025-02-11 00:00:00+00:00,2.4238,2.529,2.3708,2.4131,248182176.0
2025-02-12 00:00:00+00:00,2.413,2.4962,2.3323,2.4734,227957636.0
2025-02-13 00:00:00+00:00,2.4734,2.6061,2.4154,2.5599,212478703.0
2025-02-14 00:00:00+00:00,2.56,2.8356,2.53,2.7384,407541122.0
2025-02-15 00:00:00+00:00,2.7384,2.8335,2.713,2.7619,184181907.0
2025-02-16 00:00:00+00:00,2.7619,2.8054,2.6879,2.7283,132387997.0
2025-02-17 00:00:00+00:00,2.7283,2.7648,2.6075,2.6599,212813356.0
2025-02-18 00:00:00+00:00,2.6599,2.6699,2.4693,2.5628,227170019.0
2025-02-19 00:00:00+00:00,2.5629,2.747,2.5121,2.7378,208222691.0
2025-02-20 00:00:00+00:00,2.7378,2.749,2.6671,2.6877,161213675.0
2025-02-21 00:00:00+00:00,2.6878,2.716,2.5076,2.5721,257754207.0
2025-02-22 00:00:00+00:00,2.5722,2.6099,2.5505,2.574,92516652.0
2025-02-23 00:00:00+00:00,2.574,2.6016,2.5201,2.5763,91398009.0
2025-02-24 00:00:00+00:00,2.5763,2.609,2.2336,2.2783,351034781.0
2025-02-25 00:00:00+00:00,2.2784,2.3663,2.0637,2.3222,762421577.0
2025-02-26 00:00:00+00:00,2.3222,2.3314,2.1507,2.1982,364125565.0
2025-02-27 00:00:00+00:00,2.1983,2.2577,2.1453,2.1985,229741926.0
2025-02-28 00:00:00+00:00,2.1985,2.2017,1.951,2.1453,463166339.0
2025-03-01 00:00:00+00:00,2.1454,2.2199,2.1214,2.1916,145588191.0
2025-03-02 00:00:00+00:00,2.1917,2.999,2.1735,2.9396,806955619.0
2025-03-03 00:00:00+00:00,2.9395,2.9676,2.2976,2.3873,770790136.0
2025-03-04 00:00:00+00:00,2.3873,2.5388,2.2123,2.4543,569915093.0
2025-03-05 00:00:00+00:00,2.4542,2.5409,2.408,2.4998,254905967.0
2025-03-06 00:00:00+00:00,2.4998,2.6461,2.4707,2.6001,293494998.0
2025-03-07 00:00:00+00:00,2.6,2.6217,2.3435,2.3855,454234094.0
2025-03-08 00:00:00+00:00,2.3855,2.4106,2.3013,2.3261,119040944.0
2025-03-09 00:00:00+00:00,2.3262,2.351,2.083,2.1387,276711052.0
2025-03-10 00:00:00+00:00,2.1388,2.2613,1.9925,2.0216,391223631.0
2025-03-11 00:00:00+00:00,2.0216,2.2138,1.9,2.1711,382420244.0
2025-03-12 00:00:00+00:00,2.171,2.2769,2.1333,2.2396,277560410.0
2025-03-13 00:00:00+00:00,2.2395,2.347,2.2137,2.2527,243896593.0
2025-03-14 00:00:00+00:00,2.2526,2.3893,2.2371,2.3564,197286469.0
2025-03-15 00:00:00+00:00,2.3564,2.4751,2.3525,2.3911,150056936.0
2025-03-16 00:00:00+00:00,2.3911,2.4109,2.2677,2.2938,151974757.0
2025-03-17 00:00:00+00:00,2.2938,2.3788,2.2915,2.3382,133923496.0
2025-03-18 00:00:00+00:00,2.3381,2.3399,2.2225,2.2851,164719299.0
2025-03-19 00:00:00+00:00,2.2851,2.59,2.2653,2.5469,462181815.0
2025-03-20 00:00:00+00:00,2.5469,2.5638,2.389,2.4361,225573092.0
2025-03-21 00:00:00+00:00,2.436,2.4669,2.3564,2.3809,143033066.0
2025-03-22 00:00:00+00:00,2.3809,2.417,2.3594,2.3711,69083565.0
2025-03-23 00:00:00+00:00,2.3712,2.4409,2.365,2.4393,82171646.0
2025-03-24 00:00:00+00:00,2.4392,2.5044,2.4134,2.4501,140591390.0
2025-03-25 00:00:00+00:00,2.4501,2.4783,2.4071,2.4492,107306341.0
2025-03-26 00:00:00+00:00,2.4491,2.4794,2.328,2.3494,140813082.0
2025-03-27 00:00:00+00:00,2.3494,2.39,2.3021,2.341,121906802.0
2025-03-28 00:00:00+00:00,2.3411,2.3433,2.1535,2.2073,211389681.0
2025-03-29 00:00:00+00:00,2.2072,2.2267,2.0607,2.1351,188344703.0
2025-03-30 00:00:00+00:00,2.1352,2.2142,2.1077,2.1369,143436566.0
2025-03-31 00:00:00+00:00,2.1371,2.1415,2.0238,2.0899,225359911.0
2025-04-01 00:00:00+00:00,2.0899,2.1999,2.065,2.1387,206149959.0
2025-04-02 00:00:00+00:00,2.1387,2.233,1.9841,2.0237,312902782.0
2025-04-03 00:00:00+00:00,2.0237,2.082,1.96,2.0648,283049149.0
2025-04-04 00:00:00+00:00,2.0648,2.1626,2.016,2.1302,249538859.0
2025-04-05 00:00:00+00:00,2.1303,2.1764,2.1139,2.1442,79039409.0
2025-04-06 00:00:00+00:00,2.1443,2.1592,1.8625,1.9218,247306320.0
2025-04-07 00:00:00+00:00,1.9218,2.0109,1.6134,1.8987,862282234.0
2025-04-08 00:00:00+00:00,1.8986,1.975,1.777,1.7963,331058344.0
2025-04-09 00:00:00+00:00,1.7965,2.0897,1.7218,2.0529,517714914.0
2025-04-10 00:00:00+00:00,2.0529,2.0572,1.9223,1.9658,224691548.0
2025-04-11 00:00:00+00:00,1.9657,2.0647,1.9475,2.0225,175131511.0
2025-04-12 00:00:00+00:00,2.0225,2.1862,2.0033,2.1598,161856777.0
2025-04-13 00:00:00+00:00,2.1597,2.2475,2.0801,2.1196,194098687.0
2025-04-14 00:00:00+00:00,2.1196,2.1804,2.1038,2.1275,138573013.0
2025-04-15 00:00:00+00:00,2.1276,2.1853,2.0837,2.0842,131282814.0
2025-04-16 00:00:00+00:00,2.0843,2.13,2.0355,2.0834,152704680.0
2025-04-17 00:00:00+00:00,2.0834,2.1146,2.0524,2.0673,103280383.3
2025-04-18 00:00:00+00:00,2.0673,2.0896,2.0434,2.0619,72730873.5
2025-04-19 00:00:00+00:00,2.0619,2.0975,2.0586,2.0877,50163133.6
2025-04-20 00:00:00+00:00,2.0877,2.0945,2.0388,2.0787,77348551.3
2025-04-21 00:00:00+00:00,2.0786,2.1409,2.0594,2.0855,132502689.7
2025-04-22 00:00:00+00:00,2.0855,2.2504,2.0638,2.2139,215792646.3
2025-04-23 00:00:00+00:00,2.2138,2.301,2.1902,2.2184,220415571.4
2025-04-24 00:00:00+00:00,2.2183,2.2354,2.1166,2.2049,184941421.4
2025-04-25 00:00:00+00:00,2.2049,2.2193,2.1634,2.1812,134014526.9
2025-04-26 00:00:00+00:00,2.1812,2.2483,2.1796,2.1912,89667472.4
2025-04-27 00:00:00+00:00,2.1912,2.2948,2.1581,2.252,176901254.6
2025-04-28 00:00:00+00:00,2.2521,2.363,2.2184,2.2949,188782972.6
2025-04-29 00:00:00+00:00,2.295,2.3147,2.2217,2.238,109021832.7
2025-04-30 00:00:00+00:00,2.2379,2.2588,2.1235,2.1908,169161178.8
2025-05-01 00:00:00+00:00,2.1907,2.2567,2.1868,2.2123,96594610.5
2025-05-02 00:00:00+00:00,2.2122,2.2411,2.192,2.2093,84810475.2
2025-05-03 00:00:00+00:00,2.2093,2.22,2.176,2.1872,48541368.0
2025-05-04 00:00:00+00:00,2.1872,2.2188,2.151,2.156,58758870.6
2025-05-05 00:00:00+00:00,2.1561,2.2,2.1067,2.1306,129350396.3
2025-05-06 00:00:00+00:00,2.1306,2.1595,2.0777,2.155,110021214.0
2025-05-07 00:00:00+00:00,2.155,2.1716,2.1039,2.1265,91759518.6
2025-05-08 00:00:00+00:00,2.1264,2.3297,2.1176,2.3272,220454318.8
2025-05-09 00:00:00+00:00,2.3272,2.4291,2.2845,2.3439,270485423.5
2025-05-10 00:00:00+00:00,2.3438,2.477,2.3359,2.4711,173584546.1
2025-05-11 00:00:00+00:00,2.4711,2.4844,2.3283,2.367,162582479.5
2025-05-12 00:00:00+00:00,2.3671,2.6549,2.3515,2.5439,507950822.4
2025-05-13 00:00:00+00:00,2.544,2.6053,2.4215,2.5829,230851038.9
2025-05-14 00:00:00+00:00,2.5828,2.6516,2.5194,2.5503,213599727.4
2025-05-15 00:00:00+00:00,2.5504,2.5719,2.3525,2.3856,209320078.3
2025-05-16 00:00:00+00:00,2.3856,2.4399,2.3471,2.3798,136943221.2
2025-05-17 00:00:00+00:00,2.3797,2.3892,2.2984,2.3531,105734565.8
2025-05-18 00:00:00+00:00,2.3531,2.4497,2.332,2.428,110034544.5
2025-05-19 00:00:00+00:00,2.428,2.441,2.2827,2.3803,162880946.4
2025-05-20 00:00:00+00:00,2.3803,2.409,2.3141,2.3565,136293676.8
2025-05-21 00:00:00+00:00,2.3565,2.4288,2.3308,2.3952,175070666.7
2025-05-22 00:00:00+00:00,2.3953,2.4555,2.3881,2.4311,145040194.5
2025-05-23 00:00:00+00:00,2.4311,2.4799,2.2838,2.2966,197335455.4
2025-05-24 00:00:00+00:00,2.2965,2.36,2.2859,2.3303,50781088.2
2025-05-25 00:00:00+00:00,2.3304,2.345,2.266,2.3417,81478273.4
2025-05-26 00:00:00+00:00,2.3416,2.3593,2.2958,2.3103,75168770.0
2025-05-27 00:00:00+00:00,2.3103,2.3543,2.2671,2.3168,94046517.5
2025-05-28 00:00:00+00:00,2.3167,2.3232,2.2265,2.2742,99791200.4
2025-05-29 00:00:00+00:00,2.2742,2.3125,2.238,2.2442,99100514.7
2025-05-30 00:00:00+00:00,2.2441,2.2523,2.1297,2.1398,192557829.6
2025-05-31 00:00:00+00:00,2.1397,2.2065,2.0794,2.1738,109349888.0
2025-06-01 00:00:00+00:00,2.1739,2.1879,2.1231,2.1792,62964847.7
2025-06-02 00:00:00+00:00,2.1792,2.2045,2.1357,2.1965,96478578.8
2025-06-03 00:00:00+00:00,2.1965,2.2821,2.1838,2.2446,110034231.1
2025-06-04 00:00:00+00:00,2.2445,2.2658,2.1951,2.2009,82924089.7
2025-06-05 00:00:00+00:00,2.2009,2.2265,2.0591,2.0936,152227799.7
2025-06-06 00:00:00+00:00,2.0936,2.1903,2.0812,2.1598,92539769.1
2025-06-07 00:00:00+00:00,2.1598,2.1912,2.1475,2.1769,40526697.0
2025-06-08 00:00:00+00:00,2.1768,2.2988,2.1661,2.267,115809963.6
2025-06-09 00:00:00+00:00,2.2669,2.3293,2.2223,2.3211,128620231.2
2025-06-10 00:00:00+00:00,2.321,2.3276,2.2601,2.3074,119887307.8
2025-06-11 00:00:00+00:00,2.3074,2.3379,2.2524,2.2704,118779485.5
2025-06-12 00:00:00+00:00,2.2704,2.2733,2.1706,2.1899,98220197.3
2025-06-13 00:00:00+00:00,2.19,2.1918,2.0828,2.1472,171924272.9
2025-06-14 00:00:00+00:00,2.1473,2.1801,2.1093,2.1394,67644610.7
2025-06-15 00:00:00+00:00,2.1393,2.1759,2.1375,2.1655,46595619.5
2025-06-16 00:00:00+00:00,2.1655,2.337,2.1512,2.238,180775839.0
2025-06-17 00:00:00+00:00,2.2379,2.2572,2.1417,2.159,145998030.0
2025-06-18 00:00:00+00:00,2.1591,2.1808,2.1181,2.1705,95962168.0
2025-06-19 00:00:00+00:00,2.1704,2.1855,2.1441,2.1648,56149358.1
2025-06-20 00:00:00+00:00,2.1647,2.1797,2.0852,2.1194,97632569.9
2025-06-21 00:00:00+00:00,2.1195,2.145,2.0,2.0632,88671293.2
2025-06-22 00:00:00+00:00,2.0632,2.0898,1.9083,2.0172,206511372.5
2025-06-23 00:00:00+00:00,2.0173,2.1706,1.9615,2.1584,175076963.6
2025-06-24 00:00:00+00:00,2.1584,2.2165,2.1316,2.1898,131247333.7
2025-06-25 00:00:00+00:00,2.1897,2.2296,2.1696,2.1859,91578502.0
2025-06-26 00:00:00+00:00,2.1858,2.2127,2.0956,2.1054,120378866.1
2025-06-27 00:00:00+00:00,2.1053,2.1556,2.0671,2.1419,120577000.3
2025-06-28 00:00:00+00:00,2.142,2.2079,2.1336,2.1854,70042779.0
2025-06-29 00:00:00+00:00,2.1855,2.2198,2.1754,2.2061,46097897.5
2025-06-30 00:00:00+00:00,2.2062,2.3271,2.165,2.2362,151525906.2
2025-07-01 00:00:00+00:00,2.2362,2.2537,2.1475,2.172,123558690.1
2025-07-02 00:00:00+00:00,2.1719,2.2917,2.157,2.2336,149340795.4
2025-07-03 00:00:00+00:00,2.2335,2.3135,2.2243,2.2569,148388595.0
2025-07-04 00:00:00+00:00,2.2569,2.2678,2.196,2.2205,72289199.1
2025-07-05 00:00:00+00:00,2.2205,2.2339,2.2014,2.2178,34058390.3
2025-07-06 00:00:00+00:00,2.2177,2.29,2.2086,2.2709,92108127.5
2025-07-07 00:00:00+00:00,2.2709,2.3537,2.2552,2.2708,176317450.7
2025-07-08 00:00:00+00:00,2.2707,2.3223,2.2485,2.3108,106456008.6
2025-07-09 00:00:00+00:00,2.3109,2.4288,2.2975,2.4038,181518399.8
2025-07-10 00:00:00+00:00,2.4038,2.5678,2.3931,2.5471,209526484.8
2025-07-11 00:00:00+00:00,2.5471,2.975,2.5119,2.7322,615361834.0
2025-07-12 00:00:00+00:00,2.7323,2.8479,2.6629,2.7395,341517152.0
2025-07-13 00:00:00+00:00,2.7395,2.8949,2.7232,2.8361,260642506.5
2025-07-14 00:00:00+00:00,2.8361,3.035,2.8207,2.9582,442537809.2
2025-07-15 00:00:00+00:00,2.9582,2.9582,2.8038,2.919,303965280.7
2025-07-16 00:00:00+00:00,2.9189,3.1,2.8774,3.038,272284618.2
2025-07-17 00:00:00+00:00,3.038,3.5495,2.9873,3.4814,648338845.19
2025-07-18 00:00:00+00:00,3.4813,3.6607,3.3439,3.4135,608722890.71
2025-07-19 00:00:00+00:00,3.4136,3.4855,3.3547,3.4244,204901034.5
2025-07-20 00:00:00+00:00,3.4243,3.5579,3.3856,3.454,281874484.3
2025-07-21 00:00:00+00:00,3.4541,3.6495,3.4076,3.5495,259730581.6
2025-07-22 00:00:00+00:00,3.5494,3.5787,3.4218,3.5504,248664612.7
2025-07-23 00:00:00+00:00,3.5504,3.5519,3.02,3.1838,444396661.3
2025-07-24 00:00:00+00:00,3.1839,3.2651,2.9555,3.1453,366456463.4
2025-07-25 00:00:00+00:00,3.1454,3.1618,2.9981,3.1423,234280821.9
2025-07-26 00:00:00+00:00,3.1422,3.2181,3.1088,3.1662,96831223.5
2025-07-27 00:00:00+00:00,3.1662,3.2515,3.1564,3.2389,130449208.1
2025-07-28 00:00:00+00:00,3.239,3.3308,3.1073,3.1235,221823612.3
2025-07-29 00:00:00+00:00,3.1235,3.1856,3.0533,3.128,157430969.9
2025-07-30 00:00:00+00:00,3.1281,3.1621,3.001,3.0966,173643335.4
2025-07-31 00:00:00+00:00,3.0967,3.1784,3.0108,3.0224,135512300.3
2025-08-01 00:00:00+00:00,3.0223,3.059,2.892,2.9613,260984696.4
2025-08-02 00:00:00+00:00,2.9614,3.0206,2.7387,2.7695,180733656.7
2025-08-03 00:00:00+00:00,2.7695,2.9625,2.728,2.948,149417377.8
2025-08-04 00:00:00+00:00,2.9481,3.0899,2.9312,3.0716,164651624.4
2025-08-05 00:00:00+00:00,3.0715,3.1072,2.9164,2.9623,144253297.7
2025-08-06 00:00:00+00:00,2.9622,3.0187,2.9014,2.9908,114399575.6
2025-08-07 00:00:00+00:00,2.9908,3.3338,2.9641,3.3197,212195633.1
2025-08-08 00:00:00+00:00,3.3196,3.3825,3.2051,3.2859,273926156.0
2025-08-09 00:00:00+00:00,3.2858,3.3475,3.2083,3.2259,130645790.7
2025-08-10 00:00:00+00:00,3.2259,3.2795,3.1521,3.187,123144721.1
2025-08-11 00:00:00+00:00,3.1869,3.3342,3.1176,3.1295,223589776.8
2025-08-12 00:00:00+00:00,3.1295,3.3067,3.1041,3.2676,154532178.9
2025-08-13 00:00:00+00:00,3.2675,3.335,3.2026,3.2744,193301023.7
2025-08-14 00:00:00+00:00,3.2744,3.3512,2.9915,3.0792,301672247.6
2025-08-15 00:00:00+00:00,3.0792,3.1427,3.0024,3.0779,134927479.5
2025-08-16 00:00:00+00:00,3.0778,3.156,3.0715,3.1055,64524770.2
2025-08-17 00:00:00+00:00,3.1056,3.1472,3.0773,3.0877,66692097.5
2025-08-18 00:00:00+00:00,3.0877,3.0969,2.9404,3.0616,163460914.2
2025-08-19 00:00:00+00:00,3.0616,3.0808,2.8488,2.8608,149185188.7
2025-08-20 00:00:00+00:00,2.8608,2.9896,2.8184,2.9512,152651462.5
2025-08-21 00:00:00+00:00,2.9512,2.9588,2.8424,2.8519,91372655.6
2025-08-22 00:00:00+00:00,2.8518,3.1056,2.7826,3.0744,255042164.6
2025-08-23 00:00:00+00:00,3.0745,3.0756,2.9697,3.0485,103250847.4
2025-08-24 00:00:00+00:00,3.0486,3.128,2.987,3.0258,157353334.0
2025-08-25 00:00:00+00:00,3.0259,3.0535,2.8223,2.8584,176144258.4
2025-08-26 00:00:00+00:00,2.8584,3.0817,2.8459,3.0123,160522587.8
2025-08-27 00:00:00+00:00,3.0123,3.0454,2.9621,2.9688,124270806.9
2025-08-28 00:00:00+00:00,2.9688,3.0263,2.9432,2.9665,110595938.3
2025-08-29 00:00:00+00:00,2.9665,2.9768,2.7734,2.8195,169431466.9
2025-08-30 00:00:00+00:00,2.8195,2.8349,2.7604,2.8181,68213469.6
2025-08-31 00:00:00+00:00,2.818,2.8693,2.7707,2.7757,56440031.3
2025-09-01 00:00:00+00:00,2.7757,2.839,2.6975,2.7589,179805399.6
2025-09-02 00:00:00+00:00,2.7589,2.8641,2.7484,2.862,134689040.5
2025-09-03 00:00:00+00:00,2.862,2.8867,2.811,2.8443,96774293.1
2025-09-04 00:00:00+00:00,2.8442,2.8629,2.7842,2.7946,94539630.5
2025-09-05 00:00:00+00:00,2.7947,2.8849,2.778,2.8147,120949495.7
2025-09-06 00:00:00+00:00,2.8146,2.8289,2.7927,2.8098,31389546.6
2025-09-07 00:00:00+00:00,2.8098,2.9285,2.8092,2.877,82776839.1
2025-09-08 00:00:00+00:00,2.877,2.9964,2.8627,2.9697,121406178.2
2025-09-09 00:00:00+00:00,2.9698,3.0365,2.9337,2.9474,116913430.2
2025-09-10 00:00:00+00:00,2.9474,3.024,2.9357,2.9834,85328678.0
2025-09-11 00:00:00+00:00,2.9834,3.049,2.9507,3.0398,115124443.9
2025-09-12 00:00:00+00:00,3.0398,3.1376,3.018,3.1054,130413008.1
2025-09-13 00:00:00+00:00,3.1054,3.1858,3.089,3.1193,112791516.9
2025-09-14 00:00:00+00:00,3.1193,3.1267,3.0099,3.0279,86444642.8
2025-09-15 00:00:00+00:00,3.028,3.0669,2.9532,2.9969,121536076.0
2025-09-16 00:00:00+00:00,2.9969,3.0586,2.9642,3.0376,76953763.0
2025-09-17 00:00:00+00:00,3.0376,3.1079,2.9814,3.0841,132508658.4
2025-09-18 00:00:00+00:00,3.0841,3.1397,3.0558,3.0735,121098940.7
2025-09-19 00:00:00+00:00,3.0735,3.0941,2.9784,2.9901,92714638.6
2025-09-20 00:00:00+00:00,2.99,3.0091,2.9652,2.975,62723730.0
2025-09-21 00:00:00+00:00,2.975,3.0135,2.9523,2.9701,45668741.1
2025-09-22 00:00:00+00:00,2.9701,2.9755,2.6975,2.8526,228747192.9
2025-09-23 00:00:00+00:00,2.8525,2.8964,2.7991,2.8247,100392302.3
2025-09-24 00:00:00+00:00,2.8247,2.9955,2.7883,2.9257,125417232.6
2025-09-25 00:00:00+00:00,2.9257,2.9446,2.7244,2.7435,196421176.9
2025-09-26 00:00:00+00:00,2.7435,2.809,2.6984,2.7835,162801304.7
2025-09-27 00:00:00+00:00,2.7836,2.8287,2.7619,2.8047,44703806.2
2025-09-28 00:00:00+00:00,2.8047,2.8675,2.7661,2.8674,65853510.0
2025-09-29 00:00:00+00:00,2.8675,2.9289,2.8454,2.8801,116473375.3
2025-09-30 00:00:00+00:00,2.8801,2.9077,2.8132,2.8468,100392419.7
2025-10-01 00:00:00+00:00,2.8468,2.9616,2.8141,2.9485,136262408.8
2025-10-02 00:00:00+00:00,2.9485,3.0998,2.9403,3.0389,147074551.6
2025-10-03 00:00:00+00:00,3.0388,3.0948,3.0041,3.0401,125739506.7
2025-10-04 00:00:00+00:00,3.0402,3.0522,2.939,2.9685,69429980.8
2025-10-05 00:00:00+00:00,2.9685,3.0716,2.9468,2.9697,105898711.4
2025-10-06 00:00:00+00:00,2.9697,3.0506,2.9551,2.9883,117186503.0
2025-10-07 00:00:00+00:00,2.9883,3.0012,2.8489,2.852,151704976.6
2025-10-08 00:00:00+00:00,2.8521,2.9248,2.8303,2.8797,86103907.0
2025-10-09 00:00:00+00:00,2.8797,2.8801,2.7714,2.8021,110236912.9
2025-10-10 00:00:00+00:00,2.8021,2.8372,1.2543,2.3704,592833224.7
2025-10-11 00:00:00+00:00,2.3704,2.5061,2.3,2.3819,377516588.0
2025-10-12 00:00:00+00:00,2.3819,2.5841,2.3121,2.5282,248265523.1
2025-10-13 00:00:00+00:00,2.5283,2.646,2.5125,2.6052,215844073.7
2025-10-14 00:00:00+00:00,2.6052,2.6208,2.3888,2.5033,236417459.6
2025-10-15 00:00:00+00:00,2.5033,2.5475,2.3754,2.4109,147593411.2
2025-10-16 00:00:00+00:00,2.411,2.4665,2.2833,2.328,196447886.3
2025-10-17 00:00:00+00:00,2.328,2.4,2.1901,2.2936,233638133.0
2025-10-18 00:00:00+00:00,2.2936,2.3915,2.2894,2.3596,70031265.2
2025-10-19 00:00:00+00:00,2.3596,2.4195,2.3177,2.3908,86051004.0
2025-10-20 00:00:00+00:00,2.3907,2.5529,2.3547,2.4948,132020692.3
2025-10-21 00:00:00+00:00,2.4948,2.5323,2.4011,2.4222,142161412.2
2025-10-22 00:00:00+00:00,2.4221,2.4375,2.3255,2.3647,131694103.3
2025-10-23 00:00:00+00:00,2.3647,2.4259,2.3617,2.3947,84337201.1
2025-10-24 00:00:00+00:00,2.3948,2.516,2.3863,2.5103,112051925.0
2025-10-25 00:00:00+00:00,2.5103,2.6542,2.5021,2.5959,95829560.4
2025-10-26 00:00:00+00:00,2.5958,2.6624,2.592,2.6461,83681116.7
2025-10-27 00:00:00+00:00,2.646,2.6975,2.6013,2.634,113960332.0
2025-10-28 00:00:00+00:00,2.634,2.6887,2.5675,2.6034,123712287.2
2025-10-29 00:00:00+00:00,2.6034,2.664,2.537,2.5502,127783090.4
2025-10-30 00:00:00+00:00,2.5502,2.5944,2.3769,2.4393,151633152.9
2025-10-31 00:00:00+00:00,2.4393,2.5546,2.4311,2.5097,115609330.7
2025-11-01 00:00:00+00:00,2.5096,2.5233,2.476,2.5053,41551912.8
2025-11-02 00:00:00+00:00,2.5053,2.5549,2.478,2.5267,51555957.6
2025-11-03 00:00:00+00:00,2.5267,2.5322,2.2631,2.3096,174525470.1
2025-11-04 00:00:00+00:00,2.3095,2.3655,2.0665,2.2053,346558907.5
2025-11-05 00:00:00+00:00,2.2053,2.3766,2.1015,2.3432,207833006.9
2025-11-06 00:00:00+00:00,2.3432,2.416,2.1796,2.213,172724312.7
2025-11-07 00:00:00+00:00,2.213,2.3729,2.1536,2.3154,178003937.3
2025-11-08 00:00:00+00:00,2.3155,2.3381,2.2424,2.2863,83656256.1
2025-11-09 00:00:00+00:00,2.2864,2.395,2.2392,2.3662,86012398.0
2025-11-10 00:00:00+00:00,2.3662,2.5808,2.3462,2.526,197478395.3
2025-11-11 00:00:00+00:00,2.526,2.57,2.3787,2.3915,126538891.7
2025-11-12 00:00:00+00:00,2.3915,2.4491,2.3166,2.3879,141159795.6
2025-11-13 00:00:00+00:00,2.3878,2.5264,2.2757,2.3225,268264404.5
2025-11-14 00:00:00+00:00,2.3225,2.3416,2.2256,2.2443,220377818.6
2025-11-15 00:00:00+00:00,2.2443,2.3034,2.2111,2.2372,84473254.2
2025-11-16 00:00:00+00:00,2.2372,2.28,2.1558,2.2149,126254506.2
2025-11-17 00:00:00+00:00,2.2148,2.3077,2.1146,2.1637,213925840.3
2025-11-18 00:00:00+00:00,2.1637,2.2413,2.1064,2.2172,188026720.7
2025-11-19 00:00:00+00:00,2.2171,2.2196,2.0244,2.1098,237660615.7
2025-11-20 00:00:00+00:00,2.1097,2.1498,1.9743,1.9999,295232267.9
2025-11-21 00:00:00+00:00,1.9998,2.0308,1.8209,1.9509,349052191.6
2025-11-22 00:00:00+00:00,1.9509,1.9671,1.889,1.9509,92507655.6
2025-11-23 00:00:00+00:00,1.9508,2.0846,1.9497,2.0491,136024600.0
2025-11-24 00:00:00+00:00,2.0491,2.2868,2.0238,2.2276,209507520.1
2025-11-25 00:00:00+00:00,2.2276,2.2652,2.1482,2.2024,154916931.3
2025-11-26 00:00:00+00:00,2.2023,2.2547,2.1447,2.2233,110237202.3
2025-11-27 00:00:00+00:00,2.2232,2.2347,2.1727,2.1999,82691220.6
2025-11-28 00:00:00+00:00,2.2,2.2752,2.1565,2.1795,140892868.9
2025-11-29 00:00:00+00:00,2.1795,2.2231,2.1666,2.2009,57026784.1
2025-11-30 00:00:00+00:00,2.201,2.215,2.1524,2.155,52482888.9
2025-12-01 00:00:00+00:00,2.1549,2.1609,1.9835,2.0297,173919553.1
2025-12-02 00:00:00+00:00,2.0297,2.1831,1.995,2.1532,132464308.9
2025-12-03 00:00:00+00:00,2.1531,2.219,2.1414,2.1976,111507874.4
2025-12-04 00:00:00+00:00,2.1976,2.2146,2.0691,2.096,101092517.6
2025-12-05 00:00:00+00:00,2.096,2.113,2.0125,2.0344,95338082.9
2025-12-06 00:00:00+00:00,2.0344,2.0504,2.0154,2.0309,43569024.8
2025-12-07 00:00:00+00:00,2.031,2.1109,1.9894,2.0442,83786859.8
2025-12-08 00:00:00+00:00,2.0442,2.1239,2.0319,2.0724,88049790.9
2025-12-09 00:00:00+00:00,2.0723,2.178,2.0419,2.1062,113859655.0
2025-12-10 00:00:00+00:00,2.1061,2.1108,2.0346,2.0418,125132700.4
2025-12-11 00:00:00+00:00,2.0418,2.057,1.9767,2.034,125057005.0
2025-12-12 00:00:00+00:00,2.034,2.0478,1.9692,2.0074,77987124.7
2025-12-13 00:00:00+00:00,2.0075,2.0482,2.0068,2.0227,44193267.1
2025-12-14 00:00:00+00:00,2.0226,2.0306,1.9527,1.9784,45148587.9
2025-12-15 00:00:00+00:00,1.9784,2.0143,1.8695,1.8981,115746358.6
2025-12-16 00:00:00+00:00,1.8981,1.9491,1.852,1.9297,101283394.8
2025-12-17 00:00:00+00:00,1.9297,1.9874,1.8474,1.8627,111714892.8
2025-12-18 00:00:00+00:00,1.8627,1.9341,1.8,1.8076,126981039.0
2025-12-19 00:00:00+00:00,1.8076,1.9213,1.7711,1.9092,144601510.3
2025-12-20 00:00:00+00:00,1.9092,1.9588,1.8936,1.9335,53235023.5
2025-12-21 00:00:00+00:00,1.9335,1.9498,1.8948,1.9223,53029272.9
2025-12-22 00:00:00+00:00,1.9224,1.9493,1.8917,1.9043,88731614.2
2025-12-23 00:00:00+00:00,1.9044,1.91,1.863,1.8734,77815693.8
2025-12-24 00:00:00+00:00,1.8734,1.8783,1.8372,1.8628,59895979.8
2025-12-25 00:00:00+00:00,1.8627,1.8892,1.8291,1.8326,46144808.4
2025-12-26 00:00:00+00:00,1.8325,1.8833,1.8246,1.8437,76825530.8
2025-12-27 00:00:00+00:00,1.8437,1.8788,1.8417,1.8735,31244471.3
2025-12-28 00:00:00+00:00,1.8734,1.8796,1.8539,1.8654,26597238.3
2025-12-29 00:00:00+00:00,1.8655,1.918,1.845,1.8508,70265708.5
2025-12-30 00:00:00+00:00,1.8508,1.8864,1.8439,1.8776,48337735.6
2025-12-31 00:00:00+00:00,1.8776,1.8839,1.8123,1.8423,58334893.8
2026-01-01 00:00:00+00:00,1.8424,1.8811,1.8261,1.8799,41082589.1
2026-01-02 00:00:00+00:00,1.8799,2.0315,1.8689,2.0069,127347907.2
2026-01-03 00:00:00+00:00,2.0068,2.0561,1.9844,2.0182,74386522.1
2026-01-04 00:00:00+00:00,2.0182,2.1204,2.0163,2.0909,113757086.3
2026-01-05 00:00:00+00:00,2.0908,2.3695,2.0877,2.3478,210318025.3
2026-01-06 00:00:00+00:00,2.3479,2.4172,2.2046,2.3042,270372108.1
2026-01-07 00:00:00+00:00,2.3042,2.3205,2.1517,2.1657,115603277.7
2026-01-08 00:00:00+00:00,2.1658,2.1925,2.0649,2.1232,156536080.5
2026-01-09 00:00:00+00:00,2.1232,2.1622,2.0727,2.0958,117777092.0
2026-01-10 00:00:00+00:00,2.0958,2.1106,2.0806,2.0907,31589981.3
2026-01-11 00:00:00+00:00,2.0907,2.11,2.045,2.0745,50545578.2
2026-01-12 00:00:00+00:00,2.0745,2.1086,2.035,2.054,110140038.3
2026-01-13 00:00:00+00:00,2.0541,2.185,2.0474,2.1655,113374006.3
2026-01-14 00:00:00+00:00,2.1656,2.1924,2.1116,2.1394,135001603.5
2026-01-15 00:00:00+00:00,2.1393,2.1434,2.0532,2.0789,89639683.7
2026-01-16 00:00:00+00:00,2.0789,2.0866,2.0263,2.0678,60894619.5
2026-01-17 00:00:00+00:00,2.0678,2.0834,2.0536,2.0631,31138454.9
2026-01-18 00:00:00+00:00,2.0632,2.0679,1.9861,1.9914,46506697.7
2026-01-19 00:00:00+00:00,1.9914,2.0299,1.847,1.986,159349900.7
2026-01-20 00:00:00+00:00,1.9861,1.9909,1.87,1.89,127376122.0
2026-01-21 00:00:00+00:00,1.89,1.9907,1.8712,1.9476,147842135.5
2026-01-22 00:00:00+00:00,1.9475,1.9679,1.9016,1.9236,61627444.9
2026-01-23 00:00:00+00:00,1.9237,1.9656,1.8873,1.9196,76076706.9
2026-01-24 00:00:00+00:00,1.9197,1.9276,1.91,1.9143,27159999.9
2026-01-25 00:00:00+00:00,1.9143,1.9168,1.8111,1.8356,91533110.3
2026-01-26 00:00:00+00:00,1.8356,1.946,1.8331,1.9041,104481153.6
2026-01-27 00:00:00+00:00,1.9042,1.9295,1.8741,1.9158,64619827.1
2026-01-28 00:00:00+00:00,1.9157,1.9427,1.8944,1.9111,67425858.5
2026-01-29 00:00:00+00:00,1.9112,1.9134,1.778,1.8076,149409911.0
2026-01-30 00:00:00+00:00,1.8077,1.8131,1.7107,1.7352,229720306.7
2026-01-31 00:00:00+00:00,1.7353,1.7547,1.5028,1.6472,332369467.9
2026-02-01 00:00:00+00:00,1.6472,1.6805,1.5526,1.5908,182387658.0
2026-02-02 00:00:00+00:00,1.5908,1.6571,1.5307,1.6198,218107304.7
2026-02-03 00:00:00+00:00,1.6199,1.6339,1.5274,1.5791,190553042.4
2026-02-04 00:00:00+00:00,1.579,1.6122,1.4948,1.512,194386702.9
2026-02-05 00:00:00+00:00,1.512,1.5154,1.1371,1.2146,744109671.0
2026-02-06 00:00:00+00:00,1.2145,1.5442,1.1172,1.4698,708122800.8
2026-02-07 00:00:00+00:00,1.4697,1.4879,1.3858,1.4231,274310340.3
2026-02-08 00:00:00+00:00,1.4231,1.4703,1.4099,1.4308,126012618.4
2026-02-09 00:00:00+00:00,1.4308,1.4642,1.3728,1.437,168546281.8
2026-02-10 00:00:00+00:00,1.437,1.4532,1.3916,1.3999,113399373.7
2026-02-11 00:00:00+00:00,1.3998,1.4205,1.3421,1.3697,172696263.7
2026-02-12 00:00:00+00:00,1.3697,1.4082,1.3461,1.3635,116856264.1
2026-02-13 00:00:00+00:00,1.3635,1.4285,1.3485,1.4071,125027739.4
2026-02-14 00:00:00+00:00,1.407,1.5138,1.4051,1.5094,113140538.4
2026-02-15 00:00:00+00:00,1.5094,1.6714,1.445,1.4753,299306472.4
2026-02-16 00:00:00+00:00,1.4753,1.5171,1.4485,1.4876,145403123.0
2026-02-17 00:00:00+00:00,1.4876,1.495,1.4268,1.4743,98838390.0
2026-02-18 00:00:00+00:00,1.4742,1.4943,1.4102,1.4219,85831853.9
2026-02-19 00:00:00+00:00,1.422,1.4381,1.382,1.4068,108259677.1
2026-02-20 00:00:00+00:00,1.4068,1.4389,1.3775,1.4292,123709704.4
2026-02-21 00:00:00+00:00,1.4292,1.4642,1.4198,1.4304,53997920.3
2026-02-22 00:00:00+00:00,1.4303,1.4338,1.38,1.3932,61166336.0
2026-02-23 00:00:00+00:00,1.3932,1.4248,1.3301,1.3518,188895700.4
2026-02-24 00:00:00+00:00,1.3519,1.3676,1.3124,1.3482,139239571.8
2026-02-25 00:00:00+00:00,1.3483,1.4935,1.3404,1.4339,245088505.2
2026-02-26 00:00:00+00:00,1.4338,1.4691,1.3827,1.4027,160829141.8
2026-02-27 00:00:00+00:00,1.4027,1.4262,1.3386,1.3562,165108168.6
2026-02-28 00:00:00+00:00,1.3562,1.3931,1.27,1.3762,229989679.7
2026-03-01 00:00:00+00:00,1.3761,1.4333,1.3369,1.3524,177941326.9
2026-03-02 00:00:00+00:00,1.3525,1.423,1.3341,1.39,166802077.8
2026-03-03 00:00:00+00:00,1.3901,1.3953,1.3366,1.3607,135602897.4
2026-03-04 00:00:00+00:00,1.3607,1.4732,1.3452,1.4309,238025779.2
2026-03-05 00:00:00+00:00,1.4309,1.4525,1.396,1.4037,118168992.2
2026-03-06 00:00:00+00:00,1.4038,1.4148,1.346,1.3633,113847978.9
2026-03-07 00:00:00+00:00,1.3632,1.3749,1.3468,1.3567,47776637.3
2026-03-08 00:00:00+00:00,1.3568,1.3712,1.3218,1.34,79825643.7
2026-03-09 00:00:00+00:00,1.3401,1.3841,1.333,1.3631,130100801.2
2026-03-10 00:00:00+00:00,1.3631,1.4427,1.3605,1.3863,176313906.6
2026-03-11 00:00:00+00:00,1.3864,1.4112,1.3706,1.3847,111034871.0
2026-03-12 00:00:00+00:00,1.3847,1.3936,1.365,1.3846,89689607.3
2026-03-13 00:00:00+00:00,1.3846,1.4528,1.3831,1.3989,203074725.5
2026-03-14 00:00:00+00:00,1.3988,1.4084,1.3834,1.4063,58211106.5
2026-03-15 00:00:00+00:00,1.4063,1.4649,1.4021,1.4487,97404399.7
2026-03-16 00:00:00+00:00,1.4488,1.5522,1.4357,1.543,218579163.6
2026-03-17 00:00:00+00:00,1.5429,1.607,1.4941,1.5182,232844730.1
2026-03-18 00:00:00+00:00,1.5182,1.5414,1.4359,1.4647,139537685.6
2026-03-19 00:00:00+00:00,1.4648,1.4817,1.4219,1.4475,118907352.6
2026-03-20 00:00:00+00:00,1.4475,1.4665,1.4248,1.4452,87955683.6
2026-03-21 00:00:00+00:00,1.4452,1.453,1.4003,1.4086,57147510.9
2026-03-22 00:00:00+00:00,1.4087,1.4263,1.3712,1.3848,77182206.4
2026-03-23 00:00:00+00:00,1.3849,1.4661,1.3618,1.4323,170065259.3
2026-03-24 00:00:00+00:00,1.4323,1.435,1.3835,1.416,103380500.3
2026-03-25 00:00:00+00:00,1.416,1.4379,1.4019,1.4145,97040812.7
2026-03-26 00:00:00+00:00,1.4145,1.4165,1.336,1.3609,130842025.4
2026-03-27 00:00:00+00:00,1.3608,1.3726,1.3184,1.3257,119257397.0
2026-03-28 00:00:00+00:00,1.3256,1.3582,1.3191,1.3333,53717126.3
2026-03-29 00:00:00+00:00,1.3333,1.3433,1.2954,1.3278,61339018.6
2026-03-30 00:00:00+00:00,1.3279,1.3669,1.3166,1.3242,100202620.0
2026-03-31 00:00:00+00:00,1.3242,1.3503,1.3038,1.3411,101318413.8
2026-04-01 00:00:00+00:00,1.341,1.3683,1.3314,1.3478,86898811.0
2026-04-02 00:00:00+00:00,1.3477,1.3569,1.2802,1.32,132871559.7
2026-04-03 00:00:00+00:00,1.32,1.3356,1.3033,1.3184,64784053.3
2026-04-04 00:00:00+00:00,1.3183,1.3226,1.3067,1.3153,29975010.9
2026-04-05 00:00:00+00:00,1.3154,1.332,1.2787,1.3263,74314266.8
2026-04-06 00:00:00+00:00,1.3264,1.3577,1.3122,1.3212,104345790.7
2026-04-07 00:00:00+00:00,1.3211,1.3962,1.2949,1.3787,130702995.4
2026-04-08 00:00:00+00:00,1.3786,1.3898,1.3389,1.3428,124855733.3
2026-04-09 00:00:00+00:00,1.3428,1.3696,1.3218,1.3438,112265614.1
2026-04-10 00:00:00+00:00,1.3438,1.366,1.3348,1.3559,79785996.7
2026-04-11 00:00:00+00:00,1.3559,1.3752,1.3394,1.3546,57095356.3
2026-04-12 00:00:00+00:00,1.3547,1.3559,1.3193,1.3247,70245771.1
2026-04-13 00:00:00+00:00,1.3246,1.3839,1.3193,1.3756,105450701.2
2026-04-14 00:00:00+00:00,1.3757,1.3955,1.3521,1.3617,103042599.5
2026-04-15 00:00:00+00:00,1.3617,1.4086,1.3503,1.3922,109493954.4
2026-04-16 00:00:00+00:00,1.3922,1.4664,1.3865,1.453,155427242.1
2026-04-17 00:00:00+00:00,1.453,1.51,1.4225,1.4757,155866337.1
2026-04-18 00:00:00+00:00,1.4757,1.4823,1.4235,1.4323,82670483.0
2026-04-19 00:00:00+00:00,1.4324,1.447,1.3909,1.3942,90413939.9
2026-04-20 00:00:00+00:00,1.3943,1.4369,1.3933,1.4243,99575811.5
2026-04-21 00:00:00+00:00,1.4244,1.45,1.4116,1.4334,85278180.6
2026-04-22 00:00:00+00:00,1.4335,1.4626,1.4268,1.4294,83429181.4
2026-04-23 00:00:00+00:00,1.4293,1.441,1.409,1.4386,92183977.4
2026-04-24 00:00:00+00:00,1.4386,1.4503,1.4239,1.4334,66229128.5
2026-04-25 00:00:00+00:00,1.4333,1.4377,1.4187,1.4238,26346558.6
2026-04-26 00:00:00+00:00,1.4238,1.4366,1.418,1.4307,30024367.7
2026-04-27 00:00:00+00:00,1.4308,1.4466,1.3836,1.4007,73155298.1
2026-04-28 00:00:00+00:00,1.4008,1.4009,1.3677,1.3805,53234245.4
2026-04-29 00:00:00+00:00,1.3806,1.4067,1.3458,1.3691,74194879.8
2026-04-30 00:00:00+00:00,1.3692,1.3847,1.3591,1.3679,51110389.1
2026-05-01 00:00:00+00:00,1.368,1.3999,1.3649,1.3858,60188179.0
2026-05-02 00:00:00+00:00,1.3858,1.4003,1.3812,1.3937,33030264.1
2026-05-03 00:00:00+00:00,1.3936,1.4042,1.3814,1.388,29246836.8
2026-05-04 00:00:00+00:00,1.3879,1.4209,1.3829,1.3918,83200664.7
2026-05-05 00:00:00+00:00,1.3919,1.4222,1.3904,1.4126,67575818.2
2026-05-06 00:00:00+00:00,1.4126,1.4573,1.4073,1.4249,97195264.9
2026-05-07 00:00:00+00:00,1.4249,1.4258,1.3802,1.3869,82830386.5
2026-05-08 00:00:00+00:00,1.3869,1.427,1.3778,1.4182,66521203.4
2026-05-09 00:00:00+00:00,1.4182,1.435,1.4113,1.4205,57792561.3
2026-05-10 00:00:00+00:00,1.4205,1.5082,1.4119,1.4734,156095312.2
2026-05-11 00:00:00+00:00,1.4735,1.4886,1.4399,1.4776,118423276.5
2026-05-12 00:00:00+00:00,1.4777,1.4848,1.4183,1.437,105554013.5
2026-05-13 00:00:00+00:00,1.437,1.4693,1.4112,1.4273,125717367.1
2026-05-14 00:00:00+00:00,1.4272,1.5496,1.4208,1.4852,203278911.9
2026-05-15 00:00:00+00:00,1.4851,1.5002,1.4275,1.434,123551206.1
2026-05-16 00:00:00+00:00,1.434,1.4396,1.394,1.4136,71543277.9
2026-05-17 00:00:00+00:00,1.4136,1.4291,1.3715,1.4016,67975586.2
2026-05-18 00:00:00+00:00,1.4017,1.4027,1.3638,1.39,103297251.8
2026-05-19 00:00:00+00:00,1.3901,1.3977,1.3531,1.3616,98592923.5
2026-05-20 00:00:00+00:00,1.3616,1.3807,1.3477,1.3672,68909414.7
2026-05-21 00:00:00+00:00,1.3672,1.3862,1.3512,1.3739,77920747.5
2026-05-22 00:00:00+00:00,1.3739,1.376,1.33,1.3345,91847302.2
2026-05-23 00:00:00+00:00,1.3346,1.3762,1.3019,1.3583,102960290.5
2026-05-24 00:00:00+00:00,1.3584,1.371,1.3326,1.351,52635116.0
2026-05-25 00:00:00+00:00,1.351,1.3657,1.3435,1.3503,57643566.8
2026-05-26 00:00:00+00:00,1.3503,1.3656,1.3273,1.3292,67352957.9
2026-05-27 00:00:00+00:00,1.3293,1.3437,1.3033,1.3076,77744369.1
2026-05-28 00:00:00+00:00,1.3076,1.3385,1.2677,1.3156,115036822.2
2026-05-29 00:00:00+00:00,1.3156,1.3339,1.2947,1.33,100195741.9
2026-05-30 00:00:00+00:00,1.33,1.3661,1.3281,1.3408,80897913.1
2026-05-31 00:00:00+00:00,1.3409,1.3484,1.321,1.333,44076500.3
2026-06-01 00:00:00+00:00,1.333,1.3412,1.2794,1.2972,90898336.8
2026-06-02 00:00:00+00:00,1.2972,1.2972,1.1948,1.2117,162334649.5
2026-06-03 00:00:00+00:00,1.2118,1.2491,1.1868,1.2012,124143921.8
2026-06-04 00:00:00+00:00,1.2012,1.212,1.1407,1.1688,186091380.3
2026-06-05 00:00:00+00:00,1.1687,1.1751,1.0692,1.0978,281769579.7
2026-06-06 00:00:00+00:00,1.0978,1.1144,1.0501,1.0934,141359719.1
2026-06-07 00:00:00+00:00,1.0935,1.1719,1.0886,1.1556,112387617.1
2026-06-08 00:00:00+00:00,1.1556,1.1866,1.1319,1.1683,114644792.2
2026-06-09 00:00:00+00:00,1.1683,1.1769,1.1187,1.1375,106946733.3
2026-06-10 00:00:00+00:00,1.1376,1.1412,1.0884,1.097,116679644.6
2026-06-11 00:00:00+00:00,1.0971,1.15,1.0965,1.1428,94224282.2
2026-06-12 00:00:00+00:00,1.1427,1.1577,1.1261,1.1325,72582913.9
2026-06-13 00:00:00+00:00,1.1325,1.161,1.1299,1.1507,45010007.2
2026-06-14 00:00:00+00:00,1.1507,1.1878,1.1268,1.1861,56418987.6
2026-06-15 00:00:00+00:00,1.186,1.2935,1.1778,1.2382,195846016.2
2026-06-16 00:00:00+00:00,1.2382,1.256,1.2053,1.2173,94329209.7
2026-06-17 00:00:00+00:00,1.2174,1.2283,1.1715,1.1868,107522115.3
2026-06-18 00:00:00+00:00,1.1868,1.1923,1.1329,1.1465,114178315.8
2026-06-19 00:00:00+00:00,1.1466,1.153,1.1187,1.1359,72664415.9
2026-06-20 00:00:00+00:00,1.1358,1.156,1.1342,1.1499,45285668.0
2026-06-21 00:00:00+00:00,1.15,1.1535,1.1225,1.1248,47594054.3
2026-06-22 00:00:00+00:00,1.1249,1.1639,1.1216,1.1295,83321492.3
2026-06-23 00:00:00+00:00,1.1296,1.1339,1.092,1.1103,75592026.8
2026-06-24 00:00:00+00:00,1.1102,1.1139,1.0462,1.0736,118369372.1
2026-06-25 00:00:00+00:00,1.0736,1.0899,1.0122,1.0435,136197699.9
2026-06-26 00:00:00+00:00,1.0436,1.0558,1.0092,1.049,145156580.4
2026-06-27 00:00:00+00:00,1.049,1.0777,1.0441,1.0475,61102716.4
2026-06-28 00:00:00+00:00,1.0474,1.0591,1.0333,1.0485,45543835.7
2026-06-29 00:00:00+00:00,1.0485,1.0768,1.0322,1.059,94759415.6
2026-06-30 00:00:00+00:00,1.0589,1.0595,1.0274,1.0401,66352785.9
2026-07-01 00:00:00+00:00,1.0401,1.0738,1.022,1.053,87968675.1
2026-07-02 00:00:00+00:00,1.0531,1.1125,1.0451,1.0881,89896309.7
2026-07-03 00:00:00+00:00,1.0882,1.1453,1.0828,1.1348,84107375.2
2026-07-04 00:00:00+00:00,1.1348,1.1843,1.1315,1.1574,90722088.6
2026-07-05 00:00:00+00:00,1.1573,1.1696,1.1248,1.1572,56056103.3
2026-07-06 00:00:00+00:00,1.1572,1.165,1.1095,1.145,83730434.5
