date,open,high,low,close,volume,MA20,MA60,MA200,RSI,MACD,SIGNAL,HIST,BB_UPPER,BB_LOWER,VOL_MA20
2021-06-19 00:00:00+00:00,35820.48,36457.0,34803.52,35483.72,68712.449461,,,,,0.0,0.0,0.0,,,
2021-06-20 00:00:00+00:00,35483.72,36137.72,33336.0,35600.16,89878.17085,,,,100.0,9.288660968661134,1.8577321937322269,7.430928774928907,,,
2021-06-21 00:00:00+00:00,35600.17,35750.0,31251.23,31608.93,168778.873159,,,,27.497434127467486,-301.9284697364419,-58.899508192302605,-243.0289615441393,,,
2021-06-22 00:00:00+00:00,31614.12,33298.78,28805.0,32509.56,204208.179762,,,,38.358042117221245,-470.47364655968704,-141.2143358657795,-329.25931069390754,,,
2021-06-23 00:00:00+00:00,32509.56,34881.0,31683.0,33678.07,126966.100563,,,,49.02679001589682,-503.9487150501518,-213.76121170265395,-290.18750334749785,,,
2021-06-24 00:00:00+00:00,33675.07,35298.0,32286.57,34663.09,86625.80426,,,,55.948246977304386,-445.85552124580863,-260.1800736112849,-185.67544763452372,,,
2021-06-25 00:00:00+00:00,34663.08,35500.0,31275.0,31584.45,116061.130356,,,,38.39856984582001,-640.849451783768,-336.31394924578154,-304.5355025379865,,,
2021-06-26 00:00:00+00:00,31576.09,32730.0,30151.0,32283.65,107820.375287,,,,42.78789515028972,-730.5427084527328,-415.1597010871718,-315.38300736556096,,,
2021-06-27 00:00:00+00:00,32283.65,34749.0,31973.45,34700.34,96613.244211,,,,54.78101104175153,-599.7055424987557,-452.0688693694886,-147.63667312926708,,,
2021-06-28 00:00:00+00:00,34702.49,35297.71,33862.72,34494.89,82222.267819,,,,53.74946612486574,-506.7527139878148,-463.0056382931539,-43.74707569466091,,,
2021-06-29 00:00:00+00:00,34494.89,36600.0,34225.43,35911.73,90788.79622,,,,59.423959718643886,-315.127190636078,-433.42994876173873,118.30275812566072,,,
2021-06-30 00:00:00+00:00,35911.72,36100.0,34017.55,35045.0,77152.197634,,,,54.980069255986415,-230.54289523929037,-392.8525380572491,162.30964281795872,,,
2021-07-01 00:00:00+00:00,35045.0,35057.57,32711.0,33504.69,71708.266112,,,,48.096353929530125,-284.5196108658565,-371.18595261897065,86.66634175311412,,,
2021-07-02 00:00:00+00:00,33502.33,33977.04,32699.0,33786.55,56172.181378,,,,49.34615258517465,-301.08211329845653,-357.1651847548678,56.08307145641129,,,
2021-07-03 00:00:00+00:00,33786.54,34945.61,33316.73,34669.13,43044.578641,,,,53.15027553519011,-240.22205550863146,-333.7765589056206,93.55450339698916,,,
2021-07-04 00:00:00+00:00,34669.12,35967.85,34357.15,35286.51,43703.475789,,,,55.65887854015205,-140.5524141575297,-295.1317299560024,154.5793157984727,,,
2021-07-05 00:00:00+00:00,35288.13,35293.78,33125.55,33690.14,64123.874245,,,,48.43674474402267,-188.20768188350485,-273.7469203415029,85.53923845799807,,,
2021-07-06 00:00:00+00:00,33690.15,35118.88,33532.0,34220.01,58210.596349,,,,50.72235149868109,-181.13078130546637,-255.22369253429562,74.09291122882925,,,
2021-07-07 00:00:00+00:00,34220.02,35059.09,33777.77,33862.12,53807.521675,,,,49.13802814468007,-202.07166226221307,-244.5932864798791,42.521624217666044,,,
2021-07-08 00:00:00+00:00,33862.11,33929.64,32077.0,32875.71,70136.48032,33972.9225,,,44.96886441066358,-294.86350161849987,-254.64732950760327,-40.21617211089659,36475.45273777036,31470.392262229638,88836.72820455
2021-07-09 00:00:00+00:00,32875.71,34100.0,32261.07,33815.81,47153.939899,33889.527,,,49.377237450845485,-289.20966063987726,-261.55979573405807,-27.649864905819186,36294.37073787654,31484.683262123464,87758.80272645
2021-07-10 00:00:00+00:00,33815.81,34262.0,33004.78,33502.87,34761.175468,33784.6625,,,47.99884662574978,-306.44805120489036,-270.5374468282246,-35.91060437666579,36061.48810270983,31507.836897290166,85002.95295735
2021-07-11 00:00:00+00:00,33502.87,34666.0,33306.47,34258.99,31572.647448,33917.165499999996,,,51.52028410445929,-256.1443623176019,-267.65882992610005,11.514467608498137,35969.4670320023,31864.863967997695,78142.64167180001
2021-07-12 00:00:00+00:00,34259.0,34678.43,32658.34,33086.63,48181.403762,33946.019,,,46.28649464804604,-307.3352116245078,-275.5941062657816,-31.7411053587262,35933.55482987477,31958.48317012523,70341.3028718
2021-07-13 00:00:00+00:00,33086.94,33340.0,32202.25,32729.77,41126.361008,33898.60400000001,,,44.79477596237887,-372.40707120542356,-294.95669925371,-77.45037195171358,35953.54899654273,31843.65900345728,66049.31589405
2021-07-14 00:00:00+00:00,32729.12,33114.03,31550.0,32820.02,46777.823484,33806.4505,,,45.275118984823884,-411.9459119459643,-318.3545417921609,-93.59137015380344,35881.20609735092,31731.694902649073,64056.916855250005
2021-07-15 00:00:00+00:00,32820.03,33185.25,31133.0,31880.0,51639.576353,33821.228,,,41.24923061307094,-513.2164462931614,-357.326922692361,-155.88952360080043,35835.80546242333,31806.65053757668,60835.83915510001
2021-07-16 00:00:00+00:00,31874.49,32249.18,31020.0,31383.87,48499.864154,33776.239,,,39.26474485498432,-626.2881590005782,-411.11916995400446,-215.1689890465737,35959.29646475809,31593.181535241914,57869.81359845
2021-07-17 00:00:00+00:00,31383.86,31955.92,31164.31,31520.07,34012.242132,33617.2255,,,40.11648229913666,-696.8749634408596,-468.2703286513755,-228.60463478948407,35964.96183557497,31269.489164425027,54739.7634945
2021-07-18 00:00:00+00:00,31520.07,32435.0,31108.97,31778.56,35923.716186,33481.409,,,41.78507576583626,-723.61613542751,-519.3394900066024,-204.27664542090758,35922.75301180088,31040.064988199123,52424.83591285
2021-07-19 00:00:00+00:00,31778.57,31899.0,30407.44,30839.65,47340.468499,33227.80500000001,,,37.67831325542313,-811.2196617939408,-577.7155243640701,-233.50413742987064,35660.372926883036,30795.23707311698,50252.419526800004
2021-07-20 00:00:00+00:00,30839.65,31063.07,29278.0,29790.35,61034.049017,32965.0725,,,33.69286866478991,-954.3150780434953,-653.0354350999552,-301.2796429435401,35675.06384583027,30255.08115416973,49446.51209595
2021-07-21 00:00:00+00:00,29790.34,32858.0,29482.61,32144.51,82796.265128,32897.063500000004,,,47.18952980000177,-867.7552465804001,-695.9793973960442,-171.77584918435593,35617.72138958682,30176.405610413192,50000.91204675
2021-07-22 00:00:00+00:00,32144.51,32591.35,31708.0,32287.83,46148.092433,32822.1275,,,47.885009209523844,-778.6158316554138,-712.5066842479182,-66.10914740749558,35523.1483404518,30121.1066595482,49499.707599500005
2021-07-23 00:00:00+00:00,32287.58,33650.0,31924.32,33634.09,50112.863626,32770.3755,,,54.01160616179495,-592.5101837038674,-688.5073841391081,95.99720043524076,35365.44264283445,30175.308357165555,49853.12184875
2021-07-24 00:00:00+00:00,33634.1,34500.0,33401.14,34258.14,47977.550138,32718.957000000002,,,56.560859504043286,-390.16689617824886,-628.8392865469364,238.6723903686875,35148.01033501015,30289.90366498985,50066.8255662
2021-07-25 00:00:00+00:00,34261.51,35398.0,33851.12,35381.02,47852.928313,32803.501000000004,,,60.774275779220986,-137.61501112338738,-530.5944314622266,392.9794203388392,35468.15594048966,30138.846059510346,49253.2782696
2021-07-26 00:00:00+00:00,35381.02,40550.0,35205.78,37237.6,152452.512724,32954.3805,,,66.55122291868679,209.9247849865278,-382.4905881724757,592.4153731590036,36200.9594219945,29707.8015780055,53965.37408835001
2021-07-27 00:00:00+00:00,37241.33,39542.61,36383.0,39457.87,88397.267015,33234.168,,,71.88404473637279,656.9370493463139,-174.6050606687178,831.5421100150317,37537.820803313014,28930.51519668698,55694.86135535
2021-07-28 00:00:00+00:00,39456.61,40900.0,38772.0,40019.56,101344.528441,33591.360499999995,,,73.05445826454098,1044.4810507752409,69.21216162007391,975.268889155167,38806.11763858459,28376.603361415397,57255.2637614
2021-07-29 00:00:00+00:00,40019.57,40640.0,39200.0,40016.48,53998.439283,33901.394,,,73.03650410108864,1335.96377496286,322.56248428863114,1013.4012906742289,39822.16806528708,27980.619934712922,57597.4887306
2021-07-30 00:00:00+00:00,40018.49,42316.71,38313.23,42206.37,73602.784805,34336.569,,,77.30690335048982,1723.8008520333533,602.8101578375756,1120.9906941957777,41269.15995909143,27403.97804090858,59539.56919744999
2021-07-31 00:00:00+00:00,42206.36,42448.0,41000.15,41461.83,44849.791012,34696.710999999996,,,73.06969339572511,1948.6238514243887,871.9728965549383,1076.6509548694503,42292.41198995452,27101.01001004547,60203.42637565
2021-08-01 00:00:00+00:00,41461.84,42599.0,39422.01,39845.44,53953.186326,35034.6515,,,64.76972289123952,1973.6178953754861,1092.301896319048,881.3159990564382,42910.009796637125,27159.293203362875,60492.01550385001
2021-08-02 00:00:00+00:00,39850.27,40480.01,38690.0,39147.82,50837.351954,35355.554,,,61.521657650403625,1915.058153224636,1256.8531477001657,658.2050055244704,43351.20843966009,27359.8995603399,60977.56505115
2021-08-03 00:00:00+00:00,39146.86,39780.0,37642.03,38207.05,57117.435853,35624.9055,,,57.345281435036924,1772.3068093375114,1359.9438800276348,412.36292930987656,43623.69968105124,27626.11131894876,61494.5456696
2021-08-04 00:00:00+00:00,38207.04,39969.66,37508.56,39723.18,52329.35243,36017.06449999999,,,61.841065924514425,1761.2122030517203,1440.197544632452,321.01465841926824,44012.05424110531,28022.07475889468,61529.034473449996
2021-08-05 00:00:00+00:00,39723.17,41350.0,37332.7,40862.46,84343.755621,36490.994,,,64.83999406240807,1823.3317884055723,1516.8243933870763,306.507395018496,44454.89364350482,28527.094356495174,63321.2290468
2021-08-06 00:00:00+00:00,40862.46,43392.43,39853.86,42836.87,75753.941347,37056.834,,,69.33747464148956,2008.7250613932774,1615.2045269883165,393.5205344049609,45134.89127066455,28978.77672933546,65408.31400755
2021-08-07 00:00:00+00:00,42836.87,44700.0,42446.41,44572.54,73396.740808,37696.532999999996,,,72.64954402718234,2269.5427532053873,1746.0721722317307,523.4705809736565,46023.79437920531,29369.27162079468,67281.96523865001
2021-08-08 00:00:00+00:00,44572.54,45310.0,43261.0,43794.37,69329.092698,38344.269,,,69.04842644450642,2385.947124246719,1874.0471626347285,511.8999616119904,46449.72325595608,30238.814744043924,68381.3964486
2021-08-09 00:00:00+00:00,43794.36,46454.15,42779.0,46253.4,74587.884845,39167.4215,,,73.5159146502493,2646.118786752071,2028.461487458197,617.6572992938741,46969.02602251276,31365.816977487237,69059.08824
2021-08-10 00:00:00+00:00,46248.87,46700.0,44589.46,45584.99,53814.643421,39839.445499999994,,,70.53566107643626,2766.4813281821625,2176.0654556029904,590.4158725791722,47417.792813396205,32261.09818660378,67610.00715465
2021-08-11 00:00:00+00:00,45585.0,46743.47,45341.14,45511.0,52734.901977,40500.604,,,70.19642532050875,2823.3532757051,2305.5230196234124,517.8302560816874,47621.75225792138,33379.45574207862,67939.34763185
2021-08-12 00:00:00+00:00,45510.67,46218.12,43770.0,44399.0,55266.108781,41038.8495,,,65.12687364501248,2747.029550536965,2393.824325806123,353.205224730842,47608.59949603026,34469.09950396973,68197.0098896
2021-08-13 00:00:00+00:00,44400.06,47886.0,44217.39,47800.0,48239.370431,41715.9425,,,71.8281365970383,2927.231423404817,2500.505745325862,426.7256780789553,48140.49090745991,35291.39409254008,68210.10090425001
2021-08-14 00:00:00+00:00,47799.99,48144.0,45971.03,47068.51,46114.359022,42300.316999999995,,,68.76734015586509,2976.7039856413976,2595.745393388969,380.9585922524284,48433.22782333705,36167.40617666294,68123.17243969999
2021-08-15 00:00:00+00:00,47068.5,47372.27,45500.0,46973.82,42110.711334,42787.128000000004,,,68.3612427608122,2973.9883693237207,2671.39398857592,302.59438074780064,48779.35302430482,36794.902975695186,62606.0823702
2021-08-16 00:00:00+00:00,46973.82,48053.83,45660.0,45901.29,52480.574014,43109.299,,,63.76778897283211,2852.4111956352426,2707.597429987785,144.81376564745779,49043.470665470835,37175.12733452916,60810.24772015
2021-08-17 00:00:00+00:00,45901.3,47160.0,44376.0,44695.95,57039.341629,43343.1185,36969.13383333333,,58.97200001947722,2628.4998351028335,2691.777911010795,-63.278075907961465,49138.79809625891,37547.43890374108,58594.988379550006
2021-08-18 00:00:00+00:00,44695.95,46000.0,44203.28,44705.29,54099.415985,43577.559,37122.82666666666,,58.99773290955584,2423.8613636304,2638.1946015347157,-214.33323790431587,49192.5256149922,37962.5923850078,58600.037214649994
2021-08-19 00:00:00+00:00,44699.37,47033.0,43927.7,46760.62,53411.75392,43805.2715,37308.83433333333,,64.30355361863835,2399.867673859917,2590.529215999756,-190.66154213983918,49547.29046270397,38063.25253729604,57590.485670400005
2021-08-20 00:00:00+00:00,46760.62,49382.99,46622.99,49322.47,56850.352228,44198.3035,37604.060000000005,,69.58641417245238,2558.0843821723975,2584.0402492342846,-25.955867061887147,50309.14938259694,38087.457617403066,58190.5137312
2021-08-21 00:00:00+00:00,49322.47,49757.04,48222.0,48821.87,46745.136584,44647.125,37875.93183333333,,67.4847109667908,2612.957479771372,2589.8236953417027,23.133784429669504,50731.75019400012,38562.49980599988,57830.11124409999
2021-08-22 00:00:00+00:00,48821.88,49500.0,48050.0,49239.22,37007.887795,45151.695,38135.28433333334,,68.34314889650892,2659.4648071805786,2603.751917709478,55.712889471100425,50997.48805253453,39305.90194746547,57138.638036150005
2021-08-23 00:00:00+00:00,49239.22,50500.0,49029.0,49488.85,52462.541954,45715.784999999996,38382.38033333334,,68.87250328500868,2685.508384983448,2620.103211164272,65.40517381917607,50913.57974048956,40517.990259510436,56905.8933412
2021-08-24 00:00:00+00:00,49488.85,49860.0,47600.0,47674.01,51014.594748,46113.3265,38650.539666666664,,60.899551334659,2530.5352520941597,2602.18961935025,-71.65436725609015,50582.06002084143,41644.59297915857,56840.1554571
2021-08-25 00:00:00+00:00,47674.01,49264.3,47126.28,48973.32,44655.830342,46518.8695,38928.700833333336,,64.10349293381734,2483.928207783807,2578.5373370369616,-94.6091292531546,50447.394865164366,42590.344134835635,54855.75919315
2021-08-26 00:00:00+00:00,48973.32,49352.84,46250.0,46843.87,49371.277774,46719.2195,39131.09299999999,,56.003944340073026,2249.2351877938345,2512.6769071883364,-263.4417193945019,50266.39472208021,43172.04427791979,53536.626014500005
2021-08-27 00:00:00+00:00,46843.86,49149.93,46348.0,49069.9,42068.104965,46944.08750000001,39374.00983333334,,61.48271406983718,2217.3016229835193,2453.6018503473733,-236.300227363854,50488.61606864151,43399.55893135851,51970.19422235
2021-08-28 00:00:00+00:00,49069.9,49299.0,48346.88,48895.35,26681.063786,47199.1365,39590.4035,,60.84290153354513,2153.0898371864605,2393.499447715191,-240.40961052873035,50527.92363755201,43870.34936244799,49837.79277675
2021-08-29 00:00:00+00:00,48895.35,49632.27,47762.54,48767.83,32652.283473,47324.858,39819.117333333335,,60.34880531961617,2068.072286066985,2328.4140153855496,-260.34172931856483,50690.994743922434,43958.721256077566,47741.01270815
2021-08-30 00:00:00+00:00,48767.84,48888.61,46853.0,46982.91,40288.35083,47394.754,40043.75433333334,,53.76703352493604,1835.508537627873,2229.8329198340143,-394.3243822061413,50670.31385000682,44119.19414999318,47064.698078600006
2021-08-31 00:00:00+00:00,46982.91,48246.11,46700.0,47100.89,48645.52737,47474.2485,40265.66,,54.123190675514024,1641.7945063707011,2112.225237141352,-470.4307307706508,50638.356622749874,44310.14037725013,46860.22934825
2021-09-01 00:00:00+00:00,47100.89,49156.0,46512.0,48810.52,49904.65528,47694.8245,40501.349833333334,,59.04652257163561,1607.6950857974662,2011.3192068725748,-403.62412107510863,50572.78536879924,44816.863631200766,46592.1566732
2021-09-02 00:00:00+00:00,48810.51,50450.13,48584.06,49246.64,54410.770538,47767.156500000005,40734.01866666666,,60.21932960712523,1597.447903458924,1928.5449461898447,-331.09704273092075,50723.69924136054,44810.61375863947,46900.72667855
2021-09-03 00:00:00+00:00,49246.63,51000.0,48316.84,49999.14,59025.644157,47913.688,41005.835333333336,,62.22923995661926,1631.243439763959,1869.0846449046678,-237.84120514070878,51004.64056223461,44822.7354377654,47546.2909353
2021-09-04 00:00:00+00:00,49998.0,50535.69,49370.0,49915.64,34664.65959,48060.778999999995,41267.42916666667,,61.855775308453374,1632.4707865583332,1821.761873235401,-189.29108667706782,51237.62282421242,44883.93517578757,47173.9883481
2021-09-05 00:00:00+00:00,49917.54,51900.0,49450.0,51756.88,40544.835873,48353.5585,41565.67516666666,,66.61383749109297,1761.7082715219294,1809.7511528927068,-48.04288137077742,51751.94213243051,44955.17486756949,46577.201441050005
2021-09-06 00:00:00+00:00,51756.88,52780.0,50969.33,52663.9,49249.667081,48751.956,41895.478333333325,,68.68603223310558,1915.241135564378,1830.849149427041,84.39198613733697,52209.457673552235,45294.45432644776,46187.71771365
2021-09-07 00:00:00+00:00,52666.2,52920.0,42843.05,46863.73,123048.802719,48859.878,42112.94366666666,,48.118417023456445,1551.0126827706918,1774.8818560957714,-223.8691733250796,51916.95299623161,45802.803003768386,49635.187050349996
2021-09-08 00:00:00+00:00,46868.57,47340.99,44412.02,46048.31,65069.3152,48824.2625,42322.03433333334,,46.031542406775245,1182.925402858018,1656.4905654482209,-473.5651625902028,51992.89623882743,45655.628761172564,50218.06511435
2021-09-09 00:00:00+00:00,46048.31,47399.97,45513.08,46395.14,50651.66002,48677.896,42524.3035,,47.082782710828276,908.7246518967222,1506.937382737921,-598.2127308411989,52007.31520504711,45348.47679495289,49908.13050395
2021-09-10 00:00:00+00:00,46395.14,47033.0,44132.29,44850.91,49048.26618,48479.348,42720.374833333335,,43.06093632504916,560.3527284723823,1317.6204518848135,-757.2677234124312,52201.22463363854,44757.47136636145,50023.28698375
2021-09-11 00:00:00+00:00,44842.2,45987.93,44722.22,45173.69,30440.4081,48276.071500000005,42927.7735,,44.13512726469297,306.77480865591497,1115.4513232390339,-808.6765145831189,52245.589632661904,44306.55336733811,49694.912999
2021-09-12 00:00:00+00:00,45173.68,46460.0,44742.06,46025.24,32094.28052,48102.891,43147.860499999995,,46.97711834149247,172.53655457000423,926.868369505228,-754.3318149352237,52147.1697259877,44058.61227401231,48676.4999273
2021-09-13 00:00:00+00:00,46025.23,46880.0,43370.0,44940.73,65429.15056,47966.227,43365.539333333334,,43.91313479959916,-21.115713498104014,737.2715529045616,-758.3872664026657,52237.590584787016,43694.86341521298,49397.227717899994
2021-09-14 00:00:00+00:00,44940.72,47250.0,44594.44,47111.52,44855.85099,47873.137,43627.66683333333,,50.82664810465088,0.5714920154641732,589.9315407267421,-589.360048711278,52133.787352949024,43612.48664705098,49407.2287503
2021-09-15 00:00:00+00:00,47103.28,48500.0,46682.32,48121.41,43204.71174,47937.014,43904.355833333335,,53.68676446016123,98.1174052581191,491.5687136330175,-393.4513083748984,52172.25544891607,43701.77255108394,49098.9004486
2021-09-16 00:00:00+00:00,48121.4,48557.0,47021.1,47737.82,40725.08895,47870.409999999996,44170.343499999995,,52.43913029984237,142.82434691252274,421.81984028891856,-278.9954933763958,52074.072126227635,43666.74787377236,49031.749647849996
2021-09-17 00:00:00+00:00,47737.81,48150.0,46699.56,47299.98,34461.92776,47790.6415,44444.68233333333,,50.98274566485176,141.29611775956437,365.7150957830478,-224.41897802348342,51973.97759615241,43607.30540384759,49420.79284655
2021-09-18 00:00:00+00:00,47299.98,48843.2,47035.56,48292.74,30906.47038,47766.887,44753.0555,,54.095798985638865,217.68310497294442,336.1086976210271,-118.42559264808267,51933.118498143696,43600.65550185631,49333.5021919
2021-09-19 00:00:00+00:00,48292.75,48372.83,46829.18,47241.75,29847.24349,47779.829,45004.67616666667,,50.4433787233081,191.21008236265334,307.12897456935235,-115.91889220669901,51937.83870430766,43621.81929569234,48811.4468249
2021-09-20 00:00:00+00:00,47241.75,47347.25,42500.0,43015.62,78003.524443,47575.5655,45183.472666666676,,39.031413593888324,-168.8371015327357,211.93575934893477,-380.77286088167045,52219.86267367221,42931.26832632779,50279.34667855
2021-09-21 00:00:00+00:00,43016.64,43639.0,39600.0,40734.38,84534.080485,47171.758499999996,45301.81083333333,,34.49488383873769,-630.9805407495442,43.35249932923898,-674.3330400787831,52646.48197703989,41697.0350229601,52010.8179388
2021-09-22 00:00:00+00:00,40734.09,44000.55,40565.39,43543.61,58349.05542,46886.607,45456.568666666666,,43.24326838393046,-761.7699527769655,-117.67199109200192,-644.0979616849636,52491.87392478109,41281.34007521892,52207.7321829
2021-09-23 00:00:00+00:00,43546.37,44978.0,43069.09,44865.26,48699.57655,46629.913,45614.63933333334,,46.84033689464598,-750.1283815417264,-244.16326918194682,-505.9651123597796,52110.336930971476,41149.489069028525,51691.42880255
2021-09-24 00:00:00+00:00,44865.26,45200.0,40675.0,42810.57,84113.426292,46274.6595,45707.52216666667,,42.34700440705212,-896.3659153996923,-374.60379842549594,-521.7621169741964,51778.158575382855,40771.16042461715,54163.867137650006
2021-09-25 00:00:00+00:00,42810.58,42966.84,41646.28,42670.64,33594.57189,45820.3475,45761.068333333336,,42.05115163011663,-1011.8869927482374,-502.0604372900442,-509.8265554581932,50924.24282499601,40716.452175004,53816.353938500004
2021-09-26 00:00:00+00:00,42670.63,43950.0,40750.0,43160.9,49879.99765,45345.197499999995,45813.424,,43.53947792822425,-1051.7544238019618,-611.9992345924277,-439.75518920953414,49491.80664911402,41198.58835088597,53847.87046695
2021-09-27 00:00:00+00:00,43160.9,44350.0,42098.0,42147.35,39776.84383,45109.378500000006,45848.938500000004,,41.18448100512674,-1151.8567766354827,-719.9707430010387,-431.88603363444395,49417.04405902524,40801.71294097477,49684.2725225
2021-09-28 00:00:00+00:00,42147.35,42787.38,40888.0,41026.54,43372.2624,44858.28999999999,45829.27466666667,,38.69217279593038,-1306.567317725734,-837.2900579459779,-469.27725977975615,49490.93464427838,40225.64535572161,48599.419882500006
2021-09-29 00:00:00+00:00,41025.01,42590.0,40753.88,41524.28,33511.53487,44614.746999999996,45830.315500000004,,40.41661464986692,-1373.1838690901568,-944.4688201748138,-428.715048915343,49407.95955321369,39821.5344467863,47742.413625
2021-09-30 00:00:00+00:00,41524.29,44141.37,41410.17,43824.1,46381.22781,44563.4065,45896.626500000006,,47.732107732883655,-1226.2660803404651,-1000.8282722079441,-225.437808132521,49367.385385854126,39759.42761414587,47609.0617065
2021-10-01 00:00:00+00:00,43820.01,48495.0,43283.03,48141.61,66244.87492,44711.8025,46046.523,,58.126169799713296,-752.7682563304115,-951.2162690324376,198.44801270202606,49759.21238150123,39664.392618498765,49399.2850475
2021-10-02 00:00:00+00:00,48141.6,48336.59,47430.18,47634.9,30508.98131,44792.2855,46203.65383333333,,56.70104727142724,-413.6369326036729,-843.7004017466847,430.06346914301184,49970.53932193073,39614.03167806927,49320.020087
2021-10-03 00:00:00+00:00,47634.89,49228.08,47088.0,48200.01,30825.05601,44955.2495,46344.93433333333,,57.93959334571447,-98.14194184792723,-694.5887097669332,596.446767919006,50342.84578060791,39567.65321939209,47589.8153595
2021-10-04 00:00:00+00:00,48200.01,49536.12,46891.0,49224.94,46796.49372,45060.9205,46484.309,,60.1651752518227,231.91996762565395,-509.28697428841576,741.2069419140697,50690.98969506148,39430.85130493852,47686.847495999995
2021-10-05 00:00:00+00:00,49224.93,51886.3,49022.4,51471.99,52125.66793,45228.4495,46628.22766666666,,64.58912320723933,667.124370003803,-274.00470542997203,941.1290754337751,51387.38272813782,39069.51627186219,48132.8953055
2021-10-06 00:00:00+00:00,51471.99,55750.0,50382.41,55315.0,79877.545181,45607.3085,46807.26866666666,,70.6022993223528,1307.058823490901,42.20800035420257,1264.8508231366984,53120.406002208525,38094.21099779147,50090.51811705
2021-10-07 00:00:00+00:00,55315.0,55332.31,53357.0,53785.22,54917.37766,45931.5705,46973.78283333334,,65.81146708392929,1671.502981368365,368.06699655703505,1303.43598481133,54227.87513749373,37635.265862506276,51113.29061205
2021-10-08 00:00:00+00:00,53785.22,56100.0,53617.61,53951.43,46160.25785,46214.505000000005,47102.083333333336,,66.08077609131531,1951.2466038493658,684.7029180155012,1266.5436858338646,55173.1359172407,37255.87408275931,51875.97998555
2021-10-09 00:00:00+00:00,53955.67,55489.0,53661.67,54949.72,55177.08013,46599.9035,47258.16216666667,,67.72521601885124,2227.8181986267955,993.3259741377601,1234.4922244890354,56331.94797469142,36867.85902530858,53142.47181755
2021-10-10 00:00:00+00:00,54949.72,56561.31,54080.0,54659.0,89237.836128,47182.0725,47410.628833333336,,66.71090346379641,2395.9257649210485,1273.8459322944177,1122.0798326266308,57369.191637259355,36994.95336274065,53704.187401799994
2021-10-11 00:00:00+00:00,54659.01,57839.04,54415.06,57471.35,52933.165751,48018.921,47628.50133333333,,71.20388329227923,2724.6769833576254,1564.0121425070593,1160.6648408505662,58688.2899245614,37349.5520754386,52124.1416651
2021-10-12 00:00:00+00:00,57471.35,57680.0,53879.0,55996.93,53471.2855,48641.58700000001,47765.11683333334,,66.16216369340941,2833.577601980498,1817.9252344017473,1015.6523675787507,59641.97905072458,37641.194949275436,51880.253169100004
2021-10-13 00:00:00+00:00,55996.91,57777.0,54167.19,57367.0,55808.44492,49266.674000000006,47936.75833333333,,68.40115517657293,2995.9004501667223,2053.5202775547423,942.38017261198,60747.96867966468,37785.379320335334,52235.6965876
2021-10-14 00:00:00+00:00,57370.83,58532.54,56818.05,57347.94,43053.336781,49993.542499999996,48109.66033333333,,68.33341476933444,3087.41469931358,2260.29916190651,827.11553740707,61588.01931083175,38399.065689168245,50182.69211205
2021-10-15 00:00:00+00:00,57347.94,62933.0,56850.0,61672.42,82512.908022,50943.6315,48372.5125,,74.50315055883108,3468.9024477982894,2502.019819084866,966.8826287134234,63083.46147460553,38803.801525394476,52628.60891865
2021-10-16 00:00:00+00:00,61672.42,62378.42,60150.0,60875.57,35467.88096,51829.365,48642.17283333334,,71.72987653750306,3664.690826835613,2734.554020635015,930.1368062005977,64152.18428105657,39506.545718943424,51908.00308415
2021-10-17 00:00:00+00:00,60875.57,61718.39,58963.0,61528.33,39099.24124,52798.414000000004,48922.556833333336,,72.62870162177867,3828.395444863876,2953.3223054807877,875.0731393830883,64970.56880916077,40626.259190839235,51874.122954649996
2021-10-18 00:00:00+00:00,61528.32,62695.78,59844.45,62009.84,51798.44844,53847.579000000005,49176.7105,,73.30299134678405,3951.4366647451243,3152.945177333655,798.4914874114693,65380.70668530703,42314.45131469298,52295.43225665
2021-10-19 00:00:00+00:00,62005.6,64486.0,61322.22,64280.59,53628.107744,54985.39450000001,49426.0125,,76.27169322151116,4183.948313771798,3359.145804621284,824.8025091505142,65904.70500085024,44066.08399914978,53301.26090035
2021-10-20 00:00:00+00:00,64280.59,67000.0,63481.4,66001.41,51428.934856,56094.259999999995,49712.33816666667,,78.2459136353583,4455.708627809538,3578.458369258935,877.2502585506027,66755.80920927155,45432.710790728444,53553.646252649996
2021-10-21 00:00:00+00:00,66001.4,66639.74,62000.0,62193.15,68538.64537,56796.837,49928.237,,65.29788045309874,4314.056125955241,3725.5779205981967,588.4782053570448,67115.97151893727,46477.70248106273,53668.33477515
2021-10-22 00:00:00+00:00,62193.15,63732.39,60000.0,60688.22,52119.35886,57449.50299999999,50114.89316666666,,61.00192222408482,4033.860392297829,3787.2344149381233,246.62597735970576,66989.99564985003,47909.010350149954,54748.85365265
2021-10-23 00:00:00+00:00,60688.23,61747.64,59562.15,61286.75,27626.93678,58103.83999999999,50341.77216666667,,62.07070642810898,3816.1098842494393,3793.009508800387,23.100375449052535,66772.32551478043,49435.35448521954,54588.947691149995
2021-10-24 00:00:00+00:00,61286.75,61500.0,59510.63,60852.22,31226.57676,58685.204000000005,50539.753833333336,,60.76860557919084,3567.3558408012905,3747.878775200568,-180.52293439927735,66401.06106197661,50969.346938023395,53810.451843150004
2021-10-25 00:00:00+00:00,60852.22,63710.63,60650.0,63078.78,36853.83806,59265.54349999999,50810.335666666666,,64.83884861989229,3509.426765839904,3700.188373328435,-190.7616074885309,66451.77236021654,52079.31463978345,53046.86034965001
2021-10-26 00:00:00+00:00,63078.78,63293.48,59817.55,60328.81,40217.50083,59516.234,50997.98416666666,,56.976367876638655,3204.676444820703,3601.0859876268887,-396.4095428061855,66480.0871478754,52552.380852124596,51063.8581321
2021-10-27 00:00:00+00:00,60328.81,61496.0,58000.0,58413.44,62124.49016,59747.645,51156.619,,52.22606787942759,2776.598370576932,3436.1884642168975,-659.5900936399653,66224.9417424025,53270.34825759749,51424.213757100006
2021-10-28 00:00:00+00:00,58413.44,62499.0,57820.0,60575.89,61056.35301,60078.868,51353.420000000006,,56.623129667443415,2582.0705531998756,3265.3648820134936,-683.294328813618,65989.4106719534,54168.3253280466,52169.0185151
2021-10-29 00:00:00+00:00,60575.9,62980.0,60174.81,62253.71,43973.90414,60444.067500000005,51607.933333333334,,59.720807921347046,2534.0806045061763,3119.10802651203,-585.0274220058536,65929.08232966028,54959.05267033974,51608.8597156
2021-10-30 00:00:00+00:00,62253.7,62359.25,60673.0,61859.19,31478.12566,60804.077000000005,51853.905,,58.660019821682745,2436.131549495374,2982.512731108699,-546.3811816133248,65628.39803651095,55979.755963489064,48720.874192200004
2021-10-31 00:00:00+00:00,61859.19,62405.3,59945.36,61299.8,39267.63794,60995.4995,52062.05966666667,,57.11101350325409,2287.0049502761394,2843.4111749421872,-556.4062246660478,65573.18860876841,56417.81039123158,48037.59780165
2021-11-01 00:00:00+00:00,61299.81,62437.74,59405.0,60911.11,44687.66672,61241.20850000001,52256.467500000006,,56.00437371381766,2113.0985269530793,2697.3486453443657,-584.2501183912864,65205.80568434156,57276.611315658454,47598.41686265
2021-11-02 00:00:00+00:00,60911.12,64270.0,60624.68,63219.99,46368.2841,61533.85800000001,52476.814999999995,,60.85646671299495,2136.9503203386776,2585.268980343228,-448.31866000455057,65161.07082244949,57906.64517755053,47126.40882165
2021-11-03 00:00:00+00:00,63220.57,63500.0,60382.76,62896.48,43336.09049,61811.284999999996,52693.16233333333,,59.86030562561655,2105.4778471183963,2489.3107536982616,-383.83290657986527,64928.29891406228,58694.27108593771,47140.54650710001
2021-11-04 00:00:00+00:00,62896.49,63086.31,60677.01,61395.01,35930.93314,61797.4145,52853.79783333334,,55.33318427990279,1937.0504923490298,2378.8587014284153,-441.8082090793855,64919.241922337256,58675.58707766274,44811.447763000004
2021-11-05 00:00:00+00:00,61395.01,62595.72,60721.0,60937.12,31604.48749,61800.49199999999,52991.68483333334,,53.99214056654952,1746.490251520052,2252.3850114467427,-505.89475992669077,64918.79770017467,58682.18629982531,44618.2780895
2021-11-06 00:00:00+00:00,60940.18,61560.49,60050.0,61470.61,25590.57408,61797.60600000001,53235.13283333334,,55.349920285429114,1619.8455015654908,2125.8771094704925,-506.0316079050017,64917.02054758644,58678.19145241357,43942.8447315
2021-11-07 00:00:00+00:00,61470.62,63286.35,61322.78,63273.59,25515.6883,61860.79349999999,53522.22083333333,,59.680641367604395,1645.990093463588,2029.8997062691117,-383.9096128055237,65045.361536417,58676.22546358299,42628.7067245
2021-11-08 00:00:00+00:00,63273.58,67789.0,63273.58,67525.83,54442.094554,62023.055499999995,53874.399,,67.65000636107914,1986.9260547118101,2021.3049759576515,-34.37892124584141,65932.48032226949,58113.6306777305,42669.406065
2021-11-09 00:00:00+00:00,67525.82,68524.25,66222.4,66947.66,44661.378068,62070.367999999995,54242.678166666665,,65.74713511177313,2185.2762687414724,2054.099234514416,131.17703422705654,66188.56342288875,57952.17257711124,42331.02822560001
2021-11-10 00:00:00+00:00,66947.67,69000.0,62822.9,64882.43,65171.504046,62204.83200000001,54571.157166666664,,59.327702448062,2151.0277325112475,2073.4849341137824,77.54279839746505,66502.00953023795,57907.65446976207,42162.6711594
2021-11-11 00:00:00+00:00,64882.42,65600.07,64100.0,64774.26,37237.98058,62409.134000000005,54883.64083333334,,59.00275346553792,2091.052751333591,2076.9984975577445,14.054253775846519,66786.25030589066,58032.01769410935,41418.602245400005
2021-11-12 00:00:00+00:00,64774.25,65450.7,62278.0,64122.23,44490.10816,62550.90800000001,55203.332500000004,,56.9769276079064,1968.220355808844,2055.2428692079648,-87.02251339912073,66957.01037050184,58144.80562949818,42261.7608144
2021-11-13 00:00:00+00:00,64122.22,65000.0,63360.22,64380.0,22504.97383,62727.297,55491.1405,,57.59676574087822,1870.1171358870633,2018.2177225437847,-148.10058665672136,67129.71600626029,58324.87799373971,41825.6806679
2021-11-14 00:00:00+00:00,64380.01,65550.51,63576.27,65519.1,25705.07347,62849.313,55781.102,,60.31752305827309,1862.8121386732819,1987.1366057696844,-124.32446709640249,67416.13533374168,58282.490666258316,41268.242438400004
2021-11-15 00:00:00+00:00,65519.11,66401.82,63400.0,63606.74,37829.37124,63013.2095,56045.584,,54.04763224091158,1683.307287424046,1926.3707421005568,-243.06345467651067,67439.55901563665,58586.85998436334,41148.8359589
2021-11-16 00:00:00+00:00,63606.73,63617.31,58574.07,60058.87,77455.15609,63095.48100000001,56258.23216666667,,44.75319223402372,1240.465625762401,1789.1897188329258,-548.7240930705248,67228.22150980144,58962.74049019857,41915.3692554
2021-11-17 00:00:00+00:00,60058.87,60840.23,58373.0,60344.87,46289.38491,63083.93000000001,56459.101,,45.5658377023283,902.1883623435933,1611.7894475350595,-709.6010851914662,67245.96253617243,58921.89746382758,41177.020850400004
2021-11-18 00:00:00+00:00,60344.86,60976.0,56474.26,56891.62,62146.99931,62815.8255,56619.93216666667,,38.249887201821984,351.40203502294753,1359.7119650326372,-1008.3099300096897,67772.24379530325,57859.40720469674,42085.675608900005
2021-11-19 00:00:00+00:00,56891.62,58320.0,55600.0,58052.24,50715.88726,62625.478,56870.542499999996,,41.641322632768606,8.454775327030802,1089.4605270915158,-1081.005751764485,67989.84867158692,57261.10732841309,43047.5636889
2021-11-20 00:00:00+00:00,58057.1,59845.0,57353.0,59707.51,33811.5901,62545.8635,57186.761333333336,,46.181191934523916,-128.28811788574967,845.9107980960628,-974.1989159818124,68032.44183677866,57059.28516322134,42774.761296900004
2021-11-21 00:00:00+00:00,59707.52,60029.76,58486.65,58622.02,31902.22785,62431.409,57438.068166666664,,43.77617894237106,-320.55268529877503,612.6181014170953,-933.1707867158703,68140.60931849241,56722.20868150759,42135.4893534
2021-11-22 00:00:00+00:00,58617.7,59444.0,55610.0,56247.18,51724.32047,62082.76849999999,57627.76683333333,,38.99186658014493,-656.9802217585748,358.6984367819613,-1015.678658540536,68378.26952453243,55787.26747546756,42403.291171900004
2021-11-23 00:00:00+00:00,56243.83,58009.99,55317.0,57541.27,49917.85017,61815.007999999994,57873.2785,,42.66881393166885,-809.8438446628716,124.98998049299468,-934.8338251558662,68398.25695872106,55231.759041278936,42732.3791559
2021-11-24 00:00:00+00:00,57541.26,57735.0,55837.0,57138.29,39612.04964,61602.172,58114.405999999995,,41.823489095256804,-952.5263544065529,-90.51328648691485,-862.013067919638,68493.98081824373,54710.36318175628,42916.4349809
2021-11-25 00:00:00+00:00,57138.29,59398.9,57000.0,58960.36,42153.51522,61503.33400000001,58377.73033333333,,46.941855421118895,-908.1093309361459,-254.03249537676106,-654.0768355593848,68486.55161671323,54520.11638328678,43443.8863674
2021-11-26 00:00:00+00:00,58960.37,59150.0,53500.0,53726.53,65927.87066,61116.12999999999,58570.71666666667,,36.89935775506102,-1280.4743486623265,-459.32086603387415,-821.1534826284524,68878.93506329754,53353.32493670245,45460.75119640001
2021-11-27 00:00:00+00:00,53723.72,55280.0,53610.0,54721.03,29716.99957,60688.502,58798.95816666666,,39.545889934355436,-1478.287689061326,-663.1142306393646,-815.1734584219615,68860.2957869786,52516.708213021404,45670.8167599
2021-11-28 00:00:00+00:00,54716.47,57445.05,53256.64,57274.88,36163.7137,60175.95450000001,59061.468166666666,,45.82914086455866,-1412.6971416353554,-813.0308128385627,-599.6663287967926,67838.07862675082,52513.830373249184,44756.8977172
2021-11-29 00:00:00+00:00,57274.89,58865.97,56666.67,57776.25,40125.28009,59717.384000000005,59294.00399999999,,46.99388934502055,-1305.2140957416705,-911.4674694191842,-393.74662632248624,66777.66131619475,52657.106683805265,44530.0928183
2021-11-30 00:00:00+00:00,57776.25,59176.99,55875.55,56950.56,49161.05194,59320.7905,59440.819833333335,,45.26766251336039,-1271.9965059874448,-983.5732767328363,-288.4232292546085,66059.77359372987,52581.80740627013,43729.570213
2021-12-01 00:00:00+00:00,56950.56,59053.55,56458.01,57184.07,44956.63656,58941.280999999995,59599.972666666676,,45.873201287156654,-1212.8480638040783,-1029.4282341470848,-183.41982965699344,65250.22958726508,52632.33241273491,44115.503011999994
2021-12-02 00:00:00+00:00,57184.07,57375.47,55777.77,56480.34,37574.05976,58559.186499999996,59737.97816666667,,44.283112538965305,-1208.8230670643534,-1065.3072007305386,-143.51586633381476,64480.47411858509,52637.898881414905,43769.700592
2021-12-03 00:00:00+00:00,56484.26,57600.0,51680.0,53601.05,58927.69027,58020.239,59810.91333333333,,38.415835141218345,-1421.5807697091368,-1136.5619145262583,-285.0188551828785,63680.63112256131,52359.84687743869,45590.836414
2021-12-04 00:00:00+00:00,53601.05,53859.1,42000.3,49152.47,114203.373748,57201.90750000001,59772.25466666667,,31.476660570487624,-1926.9434054597878,-1294.638212712964,-632.3051927468236,63019.317177304256,51384.49782269576,50015.7514279
2021-12-05 00:00:00+00:00,49152.46,49699.05,47727.21,49396.33,45580.82012,56491.38700000001,59673.61016666667,,32.19965225699832,-2281.470104062617,-1492.0045909828946,-789.4655130797223,62475.02552359099,50507.748476409026,50403.3238719
2021-12-06 00:00:00+00:00,49396.32,50891.11,47100.0,50441.92,58571.21575,56010.5395,59617.8885,,35.3493799790855,-2449.8246388191037,-1683.5686005501364,-766.2560382689674,62307.59404269987,49713.48495730013,49459.126854899994
2021-12-07 00:00:00+00:00,50441.91,51936.33,50039.74,50588.95,38253.46877,55522.7435,59561.84716666667,,35.801026217043656,-2542.079221448046,-1855.2707247297185,-686.8084967183277,61911.99686232091,49133.49013767908,49057.3310479
2021-12-08 00:00:00+00:00,50588.95,51200.0,48600.0,50471.19,38425.92466,55201.721999999994,59487.205,,35.58659468038995,-2594.782849189258,-2003.1731496216266,-591.6096995676312,61920.2942659135,48483.14973408649,47871.2773154
2021-12-09 00:00:00+00:00,50471.19,50797.76,47320.0,47545.59,37692.68665,54676.389500000005,59368.648166666666,,30.671518108131423,-2839.8858868874813,-2170.5156970747976,-669.3701898126837,62033.93645647247,47318.84254352754,47220.1172849
2021-12-10 00:00:00+00:00,47535.9,50125.0,46852.0,47140.54,44233.57391,54048.041000000005,59196.468,,30.052640366784217,-3031.866490361732,-2342.7858557321842,-689.0806346295476,61719.389037151894,46376.692962848116,47741.2164754
2021-12-11 00:00:00+00:00,47140.54,49485.71,46751.0,49389.99,28889.19358,53586.4395,59086.35233333333,,37.58468908180437,-2968.2841541622256,-2467.885515418193,-500.3986387440327,61212.21867154288,45960.66032845712,47590.5647619
2021-12-12 00:00:00+00:00,49389.99,50777.0,48638.0,50053.9,26017.93421,53276.7755,58964.467333333334,,39.65023533742445,-2831.680851964178,-2540.64458272739,-291.03626923678803,60948.07264348866,45605.47835651135,46305.245448899994
2021-12-13 00:00:00+00:00,50053.9,50189.97,45672.75,46702.75,50869.52093,52734.8495,58787.0475,,33.604954993755456,-2959.7138106185375,-2624.4584283056197,-335.25538231291785,60651.94772426229,44817.751275737704,46352.8289869
2021-12-14 00:00:00+00:00,46702.76,48700.41,46290.0,48343.28,39955.98445,52295.099,58564.89516666667,,38.54470506265887,-2895.427110867764,-2678.6521648180487,-216.77494604971525,60161.86715286139,44428.33084713861,46370.025727399996
2021-12-15 00:00:00+00:00,48336.95,49500.0,46547.0,48864.98,51629.181,51790.33,58364.71866666667,,40.07164860759796,-2770.4466240445836,-2697.011056663356,-73.43556738122743,59161.5494804278,44419.110519572205,46843.8090164
2021-12-16 00:00:00+00:00,48864.98,49436.43,47511.0,47632.38,31949.86739,51485.6225,58133.1195,,37.688977810809014,-2739.28246343902,-2705.465338018489,-33.81712542053083,59013.66511006227,43957.579889937726,45144.9088529
2021-12-17 00:00:00+00:00,47632.38,47995.96,45456.0,46131.2,43104.4887,51056.131,57868.47550000001,,34.962368186509636,-2803.4014548342166,-2725.0525613816344,-78.34889345258216,58774.54854947957,43337.71345052043,45814.2833094
2021-12-18 00:00:00+00:00,46133.83,47392.37,45500.0,46834.48,25020.05271,50534.111,57577.707,,37.25262583160427,-2765.58742866425,-2733.159534838158,-32.42789382609226,57903.90404693654,43164.31795306345,45257.1002599
2021-12-19 00:00:00+00:00,46834.47,48300.01,46406.91,46681.23,29305.70665,49979.36,57255.704000000005,,36.94730301206014,-2716.6694602557036,-2729.8615199216674,13.192059665963825,56729.32872641928,43229.391273580724,44716.121587899994
2021-12-20 00:00:00+00:00,46681.24,47537.57,45558.85,46914.16,35848.50609,49477.54,57001.05416666667,,37.78199848479802,-2628.8029099611886,-2709.649797929572,80.84688796838327,55536.77665803196,43418.30334196804,44050.4942954
2021-12-21 00:00:00+00:00,46914.17,49328.96,46630.0,48889.88,37713.92924,49062.8305,56804.415166666666,,44.49395765379756,-2372.3964342608087,-2642.1991251958193,269.80269093501056,53983.944289318155,44141.71671068184,43688.3589294
2021-12-22 00:00:00+00:00,48887.59,49576.13,48421.87,48588.16,27004.2022,48668.2215,56592.772000000004,,43.71831786691612,-2168.541144931325,-2547.4675291429207,378.92638421159563,52222.890100037046,45113.55289996295,43159.8660514
2021-12-23 00:00:00+00:00,48588.17,51375.0,47920.42,50838.81,35192.54046,48530.109500000006,56425.881833333326,,50.631772581373376,-1804.5737114688454,-2398.8887656081056,594.3150541392602,51468.663675627424,45591.55532437259,41973.1085609
2021-12-24 00:00:00+00:00,50838.82,51810.0,50384.43,50820.0,31684.84269,48613.486,56221.56883333333,,50.57585648874972,-1500.3496116168244,-2219.1809348098495,718.8313231930251,51708.40882005454,45518.56317994546,37847.182008
2021-12-25 00:00:00+00:00,50819.99,51156.23,50142.32,50399.66,19135.51613,48663.652500000004,56056.083,,49.26648796852967,-1278.4307913724624,-2031.0309061223722,752.6001147499098,51839.1831827668,45488.12181723321,36524.9168085
2021-12-26 00:00:00+00:00,50399.67,51280.0,49412.0,50775.49,22569.88914,48680.331,55928.783833333335,,50.50043201041578,-1060.0130172052595,-1836.8273283389497,776.8143111336901,51896.29227040024,45464.369729599755,34724.850478
2021-12-27 00:00:00+00:00,50775.48,52088.0,50449.0,50701.44,28792.21566,48685.9555,55764.20966666667,,50.24114642059635,-882.7151825476903,-1646.004899180698,763.2897166330076,51915.613589218934,45456.29741078106,34251.7878225
2021-12-28 00:00:00+00:00,50701.44,50704.05,47313.01,47543.74,45853.33924,48539.583,55519.0435,,40.65529145160162,-985.6434866473501,-1513.9326166740284,528.2891300266783,51696.87781422346,45382.28818577654,34623.1585515
2021-12-29 00:00:00+00:00,47543.74,48139.08,46096.99,46464.66,39498.87,48485.5365,55262.468,,37.987915473090965,-1141.1333717778834,-1439.3727676947994,298.239395916916,51744.41408617125,45226.65891382875,34713.467719
2021-12-30 00:00:00+00:00,46464.66,47900.0,45900.0,47120.87,30352.29569,48484.553,55026.1525,,40.54265458432,-1197.604325976703,-1391.0190793511802,193.4147533744772,51745.065086590446,45224.04091340955,34019.403807999995
2021-12-31 00:00:00+00:00,47120.88,48548.26,45678.0,46216.93,34937.99796,48325.90000000001,54781.2495,,38.207577748149625,-1300.309212303684,-1372.877105941681,72.56789363799703,51701.505953158405,44950.29404684161,34321.844027
2022-01-01 00:00:00+00:00,46216.93,47954.63,46208.37,47722.65,19604.46325,48209.3375,54522.96050000001,,43.99403291954487,-1245.8432490293344,-1347.4703345592118,101.62708552987738,51498.09921193254,44920.575788067465,34001.17047900001
2022-01-02 00:00:00+00:00,47722.66,47990.0,46654.0,47286.18,18340.4604,48238.509000000005,54262.78883333333,,42.74448665155222,-1223.790961574734,-1322.7344599623164,98.9434983875824,51483.35606375423,44993.66193624578,32374.717452500005
2022-01-03 00:00:00+00:00,47286.18,47570.0,45696.0,46446.1,27662.0771,48143.65,54013.64033333333,,40.36794134205951,-1259.5821214142998,-1310.103992252713,50.52187083841318,51480.32351711228,44806.97648288772,31760.022084999997
2022-01-04 00:00:00+00:00,46446.1,47557.54,45500.0,45832.01,35491.4136,47992.0015,53761.8885,47992.007750000004,38.67518497637614,-1322.2566526684968,-1312.5345243358697,-9.722128332627108,51456.97965198443,44527.023348015566,30953.133714999996
2022-01-05 00:00:00+00:00,45832.01,47070.0,42500.0,43451.13,51784.11857,47782.939,53461.56383333333,48031.84479999999,32.91268053826566,-1546.2199275523453,-1359.2716049791647,-186.94832257318058,51774.089504472926,43791.78849552707,31944.846274000003
2022-01-06 00:00:00+00:00,43451.14,43816.0,42430.58,43082.31,38880.37305,47630.4945,53125.0425,48069.255549999994,32.11442728930395,-1733.490528358183,-1434.1153896549683,-299.3751387032146,52070.07323016546,43190.915769834544,31733.640491500002
2022-01-07 00:00:00+00:00,43082.3,43145.83,40610.0,41566.48,54836.50818,47367.0945,52692.38666666667,48119.0433,29.001178650195172,-1981.378542911385,-1543.5680203062518,-437.8105226051332,52530.43330505023,42203.75569494977,33224.463265
2022-01-08 00:00:00+00:00,41566.48,42300.0,40501.0,41679.74,32952.73111,47117.020000000004,52271.25466666666,48164.89420000001,29.550720691733233,-2143.978001117888,-1663.6500164685792,-480.327984649309,52842.84193338203,41391.19806661798,33406.814488
2022-01-09 00:00:00+00:00,41679.74,42786.7,41200.02,41864.62,22724.39426,46864.543,51887.624500000005,48205.82695,30.49642418018,-2232.1896791871695,-1777.3579490122975,-454.83173017487206,53032.14942281612,40696.93657718388,32750.6088965
2022-01-10 00:00:00+00:00,41864.62,42248.5,39650.0,41822.49,50729.17019,46511.1735,51505.094999999994,48241.62395000001,30.396289338328586,-2279.2241314729326,-1877.7311855044245,-401.49294596850814,52976.770972074,40045.57602792599,33401.370944
2022-01-11 00:00:00+00:00,41822.49,43100.0,41268.93,42729.29,37296.43729,46218.23,51148.545999999995,48297.34815,35.31914164973881,-2217.763099714226,-1945.737568346385,-272.02553136784104,52810.53165203314,39625.92834796687,33915.982698499996
2022-01-12 00:00:00+00:00,42729.29,44322.0,42450.0,43902.66,33943.2928,45871.4225,50807.257,48355.443199999994,41.1220443437724,-2050.7340509036803,-1966.7368648578442,-83.99718604583609,52178.54230866655,39564.302691333454,33853.5203155
2022-01-13 00:00:00+00:00,43902.65,44500.0,42311.22,42560.11,34910.87762,45458.428,50424.60716666666,48394.74205,37.028616227835016,-2003.5986531073358,-1974.1092225077427,-29.489430599593106,51491.0705961251,39425.7854038749,34014.822062
2022-01-14 00:00:00+00:00,42558.35,43448.78,41725.95,43059.96,32640.88292,45091.443,50082.160833333335,48437.5674,39.44548415346516,-1903.96210323149,-1960.0797986524924,56.11769542100251,50759.020943489,39423.865056511,34690.0904015
2022-01-15 00:00:00+00:00,43059.96,43800.0,42555.0,43084.29,21936.05616,44706.882999999994,49799.25116666666,48473.4302,39.56706648106564,-1802.2608507278346,-1928.5160090675608,126.25515833972622,49793.527153522344,39620.238846477645,34658.3987525
2022-01-16 00:00:00+00:00,43084.29,43475.0,42581.79,43071.66,20602.35271,44325.394,49511.36433333333,48513.563500000004,39.52270393214764,-1703.0493184161023,-1883.4226709372692,180.3733525211669,48642.76142040508,40008.02657959492,34248.905605
2022-01-17 00:00:00+00:00,43071.66,43176.18,41540.42,42201.62,27562.08613,44058.288,49266.530999999995,48557.04815,36.48776179700364,-1675.316416252601,-1841.8014200003358,166.48500374773494,48203.74478873912,39912.831211260884,33334.3429495
2022-01-18 00:00:00+00:00,42201.63,42691.0,41250.0,42352.12,29324.08257,43852.661,49004.86233333334,48599.876,37.38348662268866,-1622.4907360247526,-1797.9392832052192,175.44854718046668,47907.25823562714,39798.06376437286,32825.603577999995
2022-01-19 00:00:00+00:00,42352.12,42559.13,41138.56,41660.01,31685.72159,43579.618,48704.07066666666,48634.8304,34.94287258072899,-1617.8242260339903,-1761.9162717709735,144.0920457369832,47448.31991301724,39710.91608698276,32892.274873
2022-01-20 00:00:00+00:00,41660.0,43505.0,40553.31,40680.91,42330.33953,43302.816999999995,48405.052166666675,48661.80239999999,31.78180043694232,-1673.836228451095,-1744.3002631069978,70.46403465590288,47169.31386591924,39436.32013408075,33261.8919515
2022-01-21 00:00:00+00:00,40680.92,41100.0,35440.45,36445.31,88860.891999,42738.950000000004,48075.021,48675.57825,22.358683144528456,-2036.52784027702,-1802.7457785410024,-233.78206173601757,47118.003521120685,38359.896478879324,36724.71338895
2022-01-22 00:00:00+00:00,36445.31,36835.22,34008.0,35071.42,90471.338961,42128.212,47700.5235,48679.835300000006,20.260304861770706,-2407.0777032144033,-1923.6121634756826,-483.46553973872074,47158.80334176725,37097.62065823275,40331.257316999996
2022-01-23 00:00:00+00:00,35071.42,36499.0,34601.01,36244.55,44279.52354,41618.1345,47352.294499999996,48691.74745,26.595219505939824,-2576.3804425161798,-2054.165819283782,-522.2146232323976,46858.43958403649,36377.82941596351,41162.129639
2022-01-24 00:00:00+00:00,36244.55,37550.0,32917.17,36660.35,91904.753211,41159.5515,46980.62766666667,48710.67065000001,28.755646880911442,-2646.495347182623,-2172.6317248635505,-473.8636223190724,46449.559060109044,35869.54393989096,43982.79661955
2022-01-25 00:00:00+00:00,36660.35,37545.14,35701.0,36958.32,49232.40183,40834.911,46701.157499999994,48726.383200000004,30.337930880713074,-2647.4994993038345,-2267.6052797516077,-379.8942195522268,46316.00733084804,35353.81466915196,43855.21078255
2022-01-26 00:00:00+00:00,36958.32,38919.98,36234.63,36809.34,69830.16036,40521.2625,46402.62933333334,48742.91555,29.979424089447974,-2629.999738153172,-2340.084171431921,-289.91556672125125,46167.48241991057,34875.04258008942,45402.70014805
2022-01-27 00:00:00+00:00,36807.24,37234.47,35507.01,37160.1,53020.87934,40300.9435,46067.383,48757.42110000001,32.016383923743646,-2558.336737386664,-2383.7346846228697,-174.6020527637943,46108.40630941781,34493.48069058219,45311.918706050004
2022-01-28 00:00:00+00:00,37160.11,38000.0,36155.01,37716.56,42154.26956,40102.784499999994,45733.054833333335,48780.57075,35.23525809139362,-2428.645705590832,-2392.7168888164624,-35.92881677436981,45978.59491074157,34226.974089258416,45771.995628549994
2022-01-29 00:00:00+00:00,37716.57,38720.74,37268.44,38166.84,26129.49682,39917.8955,45419.99283333334,48807.756100000006,37.80158765494278,-2263.439276627243,-2366.8613663786186,103.42208975137555,45793.02746186257,34042.76353813743,45942.25075655
2022-01-30 00:00:00+00:00,38166.83,38359.26,37351.63,37881.76,21430.66527,39720.859000000004,45098.28766666666,48833.06480000001,36.80715625568599,-2130.9512849705643,-2319.679350097008,188.72806512644365,45591.59622397419,33850.121776025815,44477.32551055
2022-01-31 00:00:00+00:00,37881.75,38744.0,36632.61,38466.9,36855.2458,39507.739499999996,44798.06366666666,48865.9993,40.279826680394535,-1956.1879720205106,-2246.9810744817087,290.79310246119803,45233.8400131083,33781.63898689169,44455.26593605
2022-02-01 00:00:00+00:00,38466.9,39265.2,38000.0,38694.59,34574.44663,39247.336,44549.62266666667,48902.5529,41.624131866754524,-1778.809103218955,-2153.3466802291578,374.53757701020277,44612.609929313985,33882.06207068602,44486.82362755
2022-02-02 00:00:00+00:00,38694.59,38855.92,36586.95,36896.36,35794.6813,38964.1485,44345.354166666664,48929.434349999996,34.93559760100935,-1763.0142732095337,-2075.280198825233,312.2659256156994,44196.34756076321,33731.94943923679,44531.01381155
2022-02-03 00:00:00+00:00,36896.37,37387.0,36250.0,37311.61,32081.10999,38676.731,44143.94216666666,48957.09960000001,37.43572018421718,-1697.422719518865,-1999.7087029639597,302.28598344509464,43599.79042116449,33753.67157883551,44503.02516505
2022-02-04 00:00:00+00:00,37311.98,41772.33,37026.73,41574.25,64703.95874,38601.22900000001,43996.147666666664,49010.772600000004,56.08868885771663,-1286.649818826525,-1857.096926136473,570.447107309948,43292.44631106933,33910.01168893068,46641.420294049996
2022-02-05 00:00:00+00:00,41571.7,41913.69,40843.01,41382.59,32532.34372,38516.7755,43842.70833333334,49068.73380000001,55.29049297274659,-965.4456394370718,-1678.766668796593,713.3210293595212,42935.964726808415,34097.58627319159,47237.91984455
2022-02-06 00:00:00+00:00,41382.6,42656.0,41116.56,42380.87,22405.16704,38525.738,43707.86966666666,49119.91559999999,58.595605176262396,-623.1528420300892,-1467.6439034432922,844.4910614132029,42975.405580827195,34076.0704191728,46980.07389005
2022-02-07 00:00:00+00:00,42380.87,44500.5,41645.85,43839.99,51060.62006,38600.1315,43646.10966666667,49177.6764,62.911304753992226,-231.4762304772812,-1220.41036885009,988.9341383728088,43343.275924367816,33856.98707563219,48066.90076455
2022-02-08 00:00:00+00:00,43839.99,45492.0,42666.0,44042.99,64880.29387,38719.2805,43594.48383333333,49229.7209,63.481608358865486,94.22454758235835,-957.4833855636003,1051.7079331459586,43866.415969060385,33572.14503093962,49726.62937855
2022-02-09 00:00:00+00:00,44043.0,44799.0,43117.92,44372.72,34428.16729,38903.871,43510.86266666667,49280.2938,64.4381331294237,374.6326836965236,-691.0601717115755,1065.6928554080991,44558.9029630464,33248.8390369536,49331.52076655
2022-02-10 00:00:00+00:00,44372.71,45821.0,43174.01,43495.44,62357.29091,39256.377499999995,43401.555,49320.8659,59.939677602411535,520.0738993563864,-448.83335749798323,968.9072568543696,45129.19112816115,33383.56387183884,48006.3407121
2022-02-11 00:00:00+00:00,43495.44,43920.0,41938.51,42373.73,44975.1687,39621.493,43329.40466666666,49346.54655,54.68312678202899,538.6156620601905,-251.3435535863485,789.959215646539,45313.37371416156,33929.61228583845,45731.53219905
2022-02-12 00:00:00+00:00,42373.73,43079.49,41688.88,42217.87,26556.85681,39920.159,43227.3145,49360.34655,53.9748279990671,534.5713375453852,-94.16057536000176,628.7319129053869,45497.63033082691,34342.68766917309,44845.39886255
2022-02-13 00:00:00+00:00,42217.87,42760.0,41870.0,42053.66,17732.08113,40189.8245,43113.7925,49370.51705,53.19307799907738,512.2113529535054,27.113810302699676,485.09754265080574,45630.63352796074,34749.01547203927,41136.7652585
2022-02-14 00:00:00+00:00,42053.65,42842.4,41550.56,42535.94,34010.1306,40468.705500000004,43028.85183333334,49383.114349999996,55.243381820201954,527.3281587239253,127.15667998694481,400.1714787369805,45788.82126483623,35148.589735163776,40375.651697
2022-02-15 00:00:00+00:00,42535.94,44751.4,42427.03,44544.86,38095.19576,40855.4815,43002.412833333336,49394.8068,62.59362679872656,693.4180987580257,240.40896374116102,453.0091350168647,46179.95940713896,35531.003592861045,38788.903467
2022-02-16 00:00:00+00:00,44544.85,44549.97,43307.0,43873.56,28471.8727,41191.1545,42953.06416666667,49406.86545,59.10080343562626,762.0923469470363,344.7456403823361,417.3467065647002,46386.33979142307,35995.96920857692,37561.453135
2022-02-17 00:00:00+00:00,43873.56,44164.71,40073.21,40515.7,47245.99494,41331.111500000006,42850.30533333333,49410.21675000001,45.441470150006474,539.3486684974414,383.66624600535715,155.68242249208424,46289.769053537115,36372.4539464629,37816.039404
2022-02-18 00:00:00+00:00,40515.71,40959.88,39450.0,39974.44,43845.92241,41421.4915,42734.64333333333,49414.349850000006,43.688667785711694,315.51053103980666,370.0351030122471,-54.52457197244041,46209.10042745957,36633.882572540424,38701.8606835
2022-02-19 00:00:00+00:00,39974.45,40444.32,39639.03,40079.17,18042.0551,41531.362,42587.79816666667,49423.71045,44.13767101929864,144.89773923066969,325.0076302559316,-180.1098910252619,46084.09071129651,36978.633288703495,38532.430175
2022-02-20 00:00:00+00:00,40079.17,40125.44,38000.0,38386.89,33439.29011,41527.361500000006,42417.776999999995,49417.029,38.759684583340466,-125.42120294720371,234.92186361530452,-360.3430665625082,46090.9817804934,36963.74121950661,38361.6323905
2022-02-21 00:00:00+00:00,38386.89,39494.35,36800.0,37008.16,62347.68496,41443.03999999999,42187.26616666667,49397.75750000001,35.016239390875654,-445.7644060444363,98.78460968335636,-544.5490157277927,46267.75835119518,36618.321648804806,39750.294307
2022-02-22 00:00:00+00:00,37008.16,38429.0,36350.0,38230.33,53785.94589,41509.7385,41977.43833333334,49374.724799999996,40.50192872911126,-594.1705690859162,-39.80642607049815,-554.3641430154181,46112.99318696775,36906.483813032246,40649.85753650001
2022-02-23 00:00:00+00:00,38230.33,39249.93,37036.79,37250.01,43560.732,41506.658500000005,41758.2775,49338.11215000001,37.7492494282519,-781.8741946131704,-188.21997977903263,-593.6542148341377,46121.213361059796,36892.103638940214,41223.838637
2022-02-24 00:00:00+00:00,37250.02,39843.0,34322.28,38327.21,120476.29458,41344.3065,41550.80616666666,49310.77635,42.38310928464054,-834.0947081218255,-317.3949254475912,-516.6997826742343,46161.935450922916,36526.67754907708,44012.455429
2022-02-25 00:00:00+00:00,38328.68,39683.53,38014.37,39219.17,56574.57125,41236.135500000004,41359.435000000005,49275.6052,45.96960381220385,-794.3493587839257,-412.7858121148581,-381.5635466690676,46141.81514213509,36330.455857864916,45214.5668055
2022-02-26 00:00:00+00:00,39219.16,40348.45,38573.18,39116.72,29361.2568,41072.928,41218.98466666667,49243.263849999996,45.61835790695769,-762.3300752994182,-482.6946647517702,-279.63541054764806,46032.307698738914,36113.548301261086,45562.3712935
2022-02-27 00:00:00+00:00,39116.73,39855.7,37000.0,37699.07,46229.44719,40765.882,41072.891500000005,49204.2042,40.95509221604104,-841.645108748322,-554.4847535510805,-287.1603551972414,45762.240188747455,35769.52381125254,45320.81265
2022-02-28 00:00:00+00:00,37699.08,44225.84,37450.17,43160.0,73945.63858,40721.7325,41006.877,49198.0092,58.53778199228783,-458.56537588067295,-535.300878016999,76.73550213632609,45616.04259108687,35827.422408913124,45774.0798855
2022-03-01 00:00:00+00:00,43160.0,44949.0,42809.98,44421.2,61743.09873,40724.1565,40976.94816666667,49181.11519999999,61.396869363757226,-52.5973187806012,-438.76016616971947,386.16284738911827,45625.73969079568,35822.573309204316,47139.8264575
2022-03-02 00:00:00+00:00,44421.2,45400.0,43334.09,43892.98,57782.65081,40744.033500000005,40913.12033333333,49165.23755,59.54489490988938,223.93101448904054,-306.2219300379675,530.152944527008,45693.39946172993,35794.66753827008,46911.0944525
2022-03-03 00:00:00+00:00,43892.99,44101.12,41832.28,42454.0,50940.61021,40748.047000000006,40832.584,49142.638450000006,54.703930428207435,323.24191930726374,-180.32916016892125,503.571079476185,45702.819844460566,35793.274155539446,47209.366528
2022-03-04 00:00:00+00:00,42454.0,42527.3,38550.0,39148.66,61964.68498,40594.586500000005,40710.96,49108.8753,45.54448422595878,133.69209351746395,-117.52490943164423,251.21700294910818,45547.87886617937,35641.29413382064,48979.7579365
2022-03-05 00:00:00+00:00,39148.65,39613.24,38407.59,39397.96,30363.13341,40461.8015,40603.72583333333,49082.385350000004,46.27514660511205,3.5480181149978307,-93.31032392231583,96.85834203731366,45393.85804269808,35529.744957301926,49611.3105505
2022-03-06 00:00:00+00:00,39397.97,39693.87,38088.57,38420.81,39677.26158,40256.045,40519.88716666667,49050.96295,43.794753051948824,-176.40643432983052,-109.92954600381876,-66.47688832601176,45168.127852352955,35343.96214764704,49894.6670995
2022-03-07 00:00:00+00:00,38420.8,39547.57,37155.0,37988.0,63994.11559,39928.202,40434.981999999996,49007.099850000006,42.70293260040349,-349.9122140592008,-157.92607961489517,-191.9861344443056,44516.08306006945,35340.32093993054,51189.613091
2022-03-08 00:00:00+00:00,37988.01,39362.08,37867.65,38730.63,55583.06638,39671.0555,40387.71783333333,48954.14065,45.226192360596706,-422.621047590088,-210.86507320993374,-211.75597438015424,43908.72244313028,35433.38855686972,52545.172775
2022-03-09 00:00:00+00:00,38730.63,42594.06,38656.45,41941.71,67392.58799,39742.356,40392.084,48919.739850000005,54.54703374545909,-218.6159337172503,-212.4152453113971,-6.200688405853214,44081.24705430133,35403.464945698666,53552.502427499996
2022-03-10 00:00:00+00:00,41941.7,42039.63,38539.73,39422.0,71962.93154,39714.734000000004,40351.37366666667,48870.65375,47.689208457231956,-257.2940247431761,-221.3910011977529,-35.903023545423224,44054.39719871671,35375.0708012833,54958.35288399999
2022-03-11 00:00:00+00:00,39422.01,40236.26,38223.6,38729.57,59018.7642,39647.254,40299.825000000004,48816.857350000006,45.97848452846171,-339.9018279715456,-245.09316655251146,-94.80866141903411,44004.08878897882,35290.41921102118,57007.188339
2022-03-12 00:00:00+00:00,38729.57,39486.71,38660.52,38807.36,24034.36432,39668.2775,40234.459500000004,48772.5241,46.21192620158476,-394.54404613654333,-274.98334246931785,-119.56070366722548,44004.591871905606,35331.96312809439,56536.942049499994
2022-03-13 00:00:00+00:00,38807.35,39310.0,37578.51,37777.34,32791.82359,39706.7365,40132.370833333334,48716.5442,43.52965074357881,-515.0255099850547,-322.99177597246523,-192.03373401258943,43960.862715369156,35452.61028463084,55059.148981000006
2022-03-14 00:00:00+00:00,37777.35,39947.12,37555.0,39671.37,46945.45375,39778.7885,40084.22516666667,48680.6817,49.35126934946476,-452.4598704363452,-348.88539486524127,-103.57447557110396,43978.92169082754,35578.65530917246,54717.12437399999
2022-03-15 00:00:00+00:00,39671.37,39887.61,38098.33,39280.33,46015.54926,39880.3045,40021.23133333334,48631.733850000004,48.24541398881097,-429.4790432065929,-365.00412453351163,-64.47491867308128,43926.36985568805,35834.23914431195,54839.865237000005
2022-03-16 00:00:00+00:00,39280.33,41718.0,38828.48,41114.0,88120.76167,40019.644,39988.39316666667,48592.8271,53.50651651714864,-260.3041040014432,-344.064120427098,83.76001642565478,44033.98868993584,36005.29931006416,53222.088591499996
2022-03-17 00:00:00+00:00,41114.01,41478.82,40500.0,40917.9,37189.38087,40104.5805,39952.49716666667,48553.57744999999,52.88733116242011,-140.43651227089867,-303.3385987958581,162.90208652495943,44119.46872968448,36089.692270315514,52252.8290725
2022-03-18 00:00:00+00:00,40917.89,42325.02,40135.04,41757.51,45408.00969,40236.62,39945.09533333333,48527.45045000001,55.27382568705859,22.05469506522786,-238.25994002364092,260.3146350888688,44286.41645062811,36186.8235493719,53055.166717
2022-03-19 00:00:00+00:00,41757.51,42400.0,41499.29,42201.13,29067.18108,40461.723000000005,39942.57883333333,48502.95165,56.526857138808616,184.49977551301708,-153.70799691630933,338.2077724293264,44421.797968558545,36501.648031441466,52197.0534115
2022-03-20 00:00:00+00:00,42201.13,42296.26,40911.0,41262.11,30653.33468,40366.8285,39935.947166666665,48465.2096,53.13359192991598,234.76142229676043,-76.01411307369538,310.7755353704558,44150.762697140715,36582.89430285929,50032.4382165
2022-03-21 00:00:00+00:00,41262.11,41544.22,40467.94,41002.25,39426.24877,40195.881,39941.302833333335,48423.987649999995,52.19973459398005,250.73528889602312,-10.664232679751677,261.39952157577477,43511.66631599922,36880.095684000786,48916.5957185
2022-03-22 00:00:00+00:00,41002.26,43361.0,40875.51,42364.13,59454.94294,40119.438500000004,40039.94983333333,48385.8126,56.51344019470664,369.03304433537414,65.27522272327349,303.75782161210066,43148.895708909055,37089.98129109095,49000.210325
2022-03-23 00:00:00+00:00,42364.13,43025.96,41751.47,42882.76,40828.87039,40140.8765,40170.13883333334,48350.6482,58.06545412379831,498.88315991509444,151.99681016163768,346.8863497534568,43241.34844669634,37040.404553303655,48494.623334
2022-03-24 00:00:00+00:00,42882.76,44220.89,42560.46,43991.46,56195.12374,40383.0165,40299.254,48311.8211,61.249362152136236,683.3756076209756,258.2725696535053,425.10303796747036,43868.25668044251,36897.77631955749,48206.145272
2022-03-25 00:00:00+00:00,43991.46,45094.14,43579.0,44313.16,54614.43648,40628.7765,40426.80083333333,48270.0674,62.14742290897506,845.7958944831771,375.7772346194397,470.0186598637374,44475.911216831584,36781.641783168416,49418.7104255
2022-03-26 00:00:00+00:00,44313.16,44792.99,44071.97,44511.27,23041.61741,40933.2995,40552.683333333334,48258.3051,62.72040113007274,979.213203056308,496.4644283068134,482.7487747494946,44991.5302033754,36875.068796624604,48586.92821699999
2022-03-27 00:00:00+00:00,44511.27,46999.0,44421.46,46827.76,41874.91071,41375.2875,40719.657,48262.20235000001,68.68872208876974,1257.374533669943,648.6464493794393,608.7280842905037,45947.135918475244,36803.43908152475,47480.967973
2022-03-28 00:00:00+00:00,46827.76,48189.84,46663.56,47122.21,58949.2614,41794.866500000004,40885.69216666667,48265.8377,69.36020143294618,1484.4670344792612,815.8105663994038,668.6564680798574,46835.12371548915,36754.60928451086,47649.277724
2022-03-29 00:00:00+00:00,47122.21,48096.47,46950.85,47434.8,36772.28457,42069.52099999999,41047.662833333336,48278.75715,70.09344202876484,1670.4074606463473,986.7299452487925,683.6775153975548,47678.43442373861,36460.60757626138,46118.262553
2022-03-30 00:00:00+00:00,47434.79,47700.22,46445.42,47067.99,40947.2085,42451.820499999994,41196.01533333333,48288.228650000005,68.03589639190368,1767.7901026787222,1142.9419767347786,624.8481259439436,48322.96716346345,36580.67383653654,44567.476401
2022-03-31 00:00:00+00:00,47067.99,47600.0,45200.0,45510.34,48645.12667,42790.859000000004,41323.15833333333,48285.65415,59.98362843758372,1699.6843082291089,1254.2904430336448,445.39386519546406,48545.02733916031,37036.6906608397,44048.7945245
2022-04-01 00:00:00+00:00,45510.35,46720.09,44200.0,46283.49,56271.06474,43164.6655,41453.43483333334,48292.36795,62.36460515266711,1688.631229293038,1341.1586002855236,347.47262900751434,48805.371970067186,37523.95902993282,45660.62954549999
2022-04-02 00:00:00+00:00,46283.49,47213.0,45620.0,45811.0,37073.53582,43566.34850000001,41572.041666666664,48285.86535,60.01450060792292,1623.0362389095899,1397.5341280103369,225.502110899253,48740.141557331306,38392.55544266871,45874.715157
2022-04-03 00:00:00+00:00,45810.99,47444.11,45530.92,46407.35,33394.67794,43903.14750000001,41730.55816666666,48277.29505,61.96277924284916,1600.7200927241574,1438.1713209531013,162.54877177105618,48892.58501699462,38913.70998300539,45197.1763665
2022-04-04 00:00:00+00:00,46407.36,46890.71,45118.0,46580.51,44641.87514,44268.1565,41885.039833333336,48271.508499999996,62.533628209144844,1578.8074415221927,1466.2985450669198,112.50889645527286,48907.24327643448,39629.06972356552,45128.49266050001
2022-04-05 00:00:00+00:00,46580.5,47200.0,45353.81,45497.55,42192.74852,44487.333999999995,41950.428166666665,48262.49635,56.793031771361136,1457.257330848035,1464.490302223143,-7.232971375108036,48919.20855187239,40055.4594481276,42832.092003
2022-04-06 00:00:00+00:00,45497.54,45507.14,43121.0,43170.47,60849.32936,44599.9625,41980.22616666667,48236.885,46.842107947775496,1159.7828301107584,1403.5488078006663,-243.7659776899079,48770.02552953722,40429.899470462784,44015.0894275
2022-04-07 00:00:00+00:00,43170.47,43900.99,42727.35,43444.19,37396.54156,44684.2965,41997.94816666667,48217.89720000001,47.99631147701934,935.3370779079269,1309.9064618221184,-374.5693839141916,48685.82515133927,40682.767848660726,43614.516021
2022-04-08 00:00:00+00:00,43444.2,43970.62,42107.14,42252.01,42375.04203,44686.8405,41971.48183333334,48214.07915,43.559995630809844,653.727476291373,1178.6706647159695,-524.9431884245964,48682.11095517785,40691.57004482215,44279.9090685
2022-04-09 00:00:00+00:00,42252.02,42800.0,42125.48,42753.97,17891.66047,44761.4335,41949.99816666667,48224.17710000001,45.83029449600902,465.6856804232375,1036.073667857423,-570.3879874341856,48548.43381975824,40974.43318024176,43641.825357999995
2022-04-10 00:00:00+00:00,42753.96,43410.3,41868.0,42158.85,22771.09403,44819.2635,41913.100333333336,48217.253300000004,43.59148188370446,265.5785676442247,881.9746478147835,-616.3960801705588,48404.844379552014,41233.68262044799,42809.067621
2022-04-11 00:00:00+00:00,42158.85,42414.71,39200.0,39530.45,63560.44721,44677.5795,41847.017166666665,48190.579249999995,35.37273917540483,-103.89998017573089,684.7997222166806,-788.6997023924115,48820.62986988172,40534.52913011828,43014.3428345
2022-04-12 00:00:00+00:00,39530.45,40699.0,39254.63,40074.94,57751.01778,44537.1885,41808.704000000005,48176.901099999995,37.98134942960867,-348.75832983324653,478.0881118066952,-826.8464416399418,49084.56252263428,39989.81447736571,43860.450204
2022-04-13 00:00:00+00:00,40074.95,41561.31,39588.54,41147.79,41342.27254,44395.005,41790.869333333336,48169.286850000004,42.874174799342796,-451.04098748704564,292.26229194794706,-743.3032794349926,49173.685406792036,39616.32459320796,43117.807644
2022-04-14 00:00:00+00:00,41147.78,41500.0,39551.94,39942.38,36807.01401,44176.466,41755.681333333334,48153.19425,39.13808392496736,-622.1949672729315,109.37084010377136,-731.5658073767029,49334.816842032196,39018.115157967804,42227.4365205
2022-04-15 00:00:00+00:00,39942.37,40870.36,39766.4,40551.9,24026.35739,43978.497500000005,41722.613999999994,48145.217000000004,41.89529983177392,-700.57674668041,-52.61867725306492,-647.9580694273451,49368.942221496865,38588.052778503145,42276.6735195
2022-04-16 00:00:00+00:00,40551.9,40709.35,39991.55,40378.71,15805.44718,43656.045,41653.178166666665,48141.97785,41.3224630586646,-767.8189186186864,-195.65872552618922,-572.1601930924973,49097.462690890716,38214.62730910928,40973.200343
2022-04-17 00:00:00+00:00,40378.7,40595.67,39546.17,39678.12,19988.49259,43283.8405,41583.254166666666,48132.74705,38.99945897025882,-867.6389801815167,-330.0547764572548,-537.5842037242619,48744.3165989439,37823.3644010561,39025.1619025
2022-04-18 00:00:00+00:00,39678.11,41116.73,38536.51,40801.13,54243.49575,42952.157,41588.011333333336,48117.63220000001,44.39553220534398,-846.3731141104363,-433.3184439878911,-413.0546701225452,48164.01087186582,37740.303128134175,39898.722461499994
2022-04-19 00:00:00+00:00,40801.13,41760.0,40571.0,41493.18,35788.85843,42673.41650000001,41613.32366666666,48084.39005,47.478840736736295,-764.8602775691616,-499.6268107041452,-265.23346686501634,47561.19127353959,37785.641726460424,39640.804958
2022-04-20 00:00:00+00:00,41493.19,42199.0,40820.0,41358.19,40877.35041,42465.808999999994,41634.640666666666,48053.006499999996,46.932168864796196,-703.0490207055482,-540.3112527044259,-162.73776800112228,47204.40329587668,37727.21470412331,39252.416145
2022-04-21 00:00:00+00:00,41358.19,42976.0,39751.0,40480.01,59316.27657,42175.634999999995,41669.526,48014.4065,43.42891037361811,-716.6636881690356,-575.5817397973478,-141.08194837168776,46646.78854130666,37704.48145869333,39404.676736500005
2022-04-22 00:00:00+00:00,40480.01,40795.06,39177.0,39709.18,46664.0196,41870.544,41714.543,47966.827699999994,40.56651877299077,-780.6540551199796,-616.5962028618742,-164.0578522581054,46135.79853326942,37605.28946673058,39884.2009255
2022-04-23 00:00:00+00:00,39709.19,39980.0,39285.0,39441.6,20291.42375,41522.2565,41734.730833333335,47906.67575,39.59102043142794,-843.2380285986947,-661.9245680092383,-181.31346058945633,45365.51183339258,37679.00116660743,39229.038216
2022-04-24 00:00:00+00:00,39441.61,39940.0,38929.62,39450.13,26703.61186,41165.7375,41771.39950000001,47827.3514,39.640849409428995,-881.9810502290493,-705.9358644532006,-176.04518577584872,44328.60713382222,38002.86786617779,38332.125052
2022-04-25 00:00:00+00:00,39450.12,40616.0,38200.0,40426.08,63037.12784,40912.164000000004,41806.38066666667,47760.5557,45.209488312445025,-824.4306421020738,-729.6348199829752,-94.7958221190986,43382.59816778829,38441.72983221172,39374.344018
2022-04-26 00:00:00+00:00,40426.08,40797.31,37702.26,38112.65,66650.258,40659.273,41787.93866666666,47681.3618,36.59160073674742,-954.4931925199417,-774.6064944903685,-179.88669802957315,43188.04663066841,38130.49936933159,39664.39045
2022-04-27 00:00:00+00:00,38112.64,39474.72,37881.31,39235.72,57083.12272,40448.8495,41789.922000000006,47602.791800000006,42.338003407155234,-955.9270061804345,-810.8705968283817,-145.0564093520528,42700.90011380489,38196.7988861951,40648.719508
2022-04-28 00:00:00+00:00,39235.72,40372.63,38881.43,39742.07,56086.6715,40323.3525,41823.971999999994,47528.20715,44.768337894838005,-905.7640168126745,-829.8492808252403,-75.91473598743426,42434.836308527796,38211.868691472206,41334.3009815
2022-04-29 00:00:00+00:00,39742.06,39925.25,38175.0,38596.11,51453.65715,40115.459500000004,41747.907166666664,47433.830949999996,40.597885955266364,-947.5560448941978,-853.3906336390319,-94.16541125516596,42039.148383468215,38191.770616531794,43012.4008155
2022-04-30 00:00:00+00:00,38596.11,38795.38,37578.2,37630.8,35321.18989,39889.05699999999,41634.73383333334,47342.00029999999,37.43440573721465,-1046.5055136772207,-892.0136096466697,-154.49190403055104,41862.67402755227,37915.43997244772,43639.9056085
2022-05-01 00:00:00+00:00,37630.8,38675.0,37386.38,38468.35,38812.24104,39835.952000000005,41544.323333333334,47247.50705,41.68063201609564,-1045.2909320835606,-922.669074134048,-122.62185794951267,41900.3757663872,37771.52823361281,42402.495299999995
2022-05-02 00:00:00+00:00,38468.35,39167.34,38052.0,38525.16,53200.92628,39758.463,41478.84266666667,47153.39315,41.96832640061435,-1027.8953375918427,-943.7143268256069,-84.18101076623577,41896.2280449393,37620.69795506071,42174.990724999996
2022-05-03 00:00:00+00:00,38525.16,38651.51,37517.8,37728.95,40316.45358,39587.521,41455.18083333333,47033.6758,39.060029970040766,-1066.0677312226398,-968.1850077050135,-97.88272351762635,41799.05743848714,37375.98456151286,42123.699777
2022-05-04 00:00:00+00:00,37728.95,40023.77,37670.0,39690.0,62574.61736,39574.902,41460.04816666667,46927.74795,48.522052253011864,-927.3889201787024,-960.0257901997513,32.636870021048935,41781.06878182417,37368.73521817583,43412.0799445
2022-05-05 00:00:00+00:00,39690.0,39845.51,35571.9,36552.97,88722.43355,39374.9555,41428.917499999996,46802.87115,38.28220714127318,-1058.4163027490868,-979.7038927096185,-78.7124100394683,41893.440568825994,36856.470431174,46646.8837525
2022-05-06 00:00:00+00:00,36552.97,36675.63,35258.0,36013.77,68437.80187,39156.7085,41396.013666666666,46672.8908,36.842994252561006,-1192.0244651304529,-1022.1680071937853,-169.85645793666754,42022.0617074932,36291.3552925068,49278.501486999994
2022-05-07 00:00:00+00:00,36013.77,36146.3,34785.0,35472.39,34281.70682,38946.422000000006,41341.70966666667,46528.849799999996,35.40381419894649,-1326.3059089890085,-1082.99558755283,-243.31032143617836,42216.56479914268,35676.27920085733,49993.1621985
2022-05-08 00:00:00+00:00,35472.4,35514.22,33713.95,34038.4,72445.64344,38608.285500000005,41209.98783333333,46369.03475,31.854388541428648,-1530.7899358412833,-1172.554457210521,-358.2354786307624,42398.567335655476,34818.003664344535,50903.269583
2022-05-09 00:00:00+00:00,34038.39,34243.15,30033.33,30076.31,191876.926428,38037.441999999995,41054.22633333333,46208.450549999994,24.53523120141047,-1989.6174789780562,-1335.967061564028,-653.6504174140282,43132.26143929566,32942.62256070433,58707.67298290001
2022-05-10 00:00:00+00:00,30074.23,32658.99,29730.4,31017.1,165532.00311,37520.3875,40925.68516666666,46060.09495,28.72310533159296,-2251.3752694244977,-1519.048703136122,-732.3265662883757,43224.71661030177,31816.058389698224,64940.4056179
2022-05-11 00:00:00+00:00,31017.11,32162.59,27785.0,29103.94,207063.739278,36951.584,40763.9615,45899.1809,25.61058526122747,-2583.416213285098,-1731.9222051659171,-851.4940081191808,43559.20577698886,30343.96222301114,72327.7787533
2022-05-12 00:00:00+00:00,29103.94,30243.0,26700.0,29029.75,204507.263138,36417.6125,40618.168333333335,45740.068549999996,25.49520856442166,-2820.039901913384,-1949.5457445154107,-870.4941573979731,43735.42548895761,29099.799511042398,80219.94093020001
2022-05-13 00:00:00+00:00,29029.74,31083.37,28751.67,29287.05,97872.36957,35909.884999999995,40445.09633333333,45571.1099,26.72807295822733,-2952.76626876559,-2150.1898493654467,-802.5764194001435,43711.12351177374,28108.64648822625,84098.9882212
2022-05-14 00:00:00+00:00,29287.05,30343.27,28630.0,30086.74,51095.87863,35441.7155,40291.86983333333,45419.89955,30.57331849028003,-2959.311470501474,-2312.0141735926522,-647.2972969088219,43457.80732837004,27425.623671629954,85318.60155970001
2022-05-15 00:00:00+00:00,30086.74,31460.0,29480.0,31328.89,46275.66912,34986.856,40128.78466666667,45284.476800000004,36.17613766937308,-2831.6262414284283,-2415.9365871598075,-415.68965426862087,42850.97886061314,27122.733139386863,84480.5286237
2022-05-16 00:00:00+00:00,31328.89,31328.9,29087.04,29874.01,73082.19658,34574.924,39944.71983333333,45130.9674,32.833877967479395,-2815.377515044376,-2495.824772736721,-319.5527423076551,42602.36429527335,26547.48370472665,84802.1255527
2022-05-17 00:00:00+00:00,29874.01,30788.37,29450.38,30444.93,56724.13307,34135.3845,39756.17683333334,44971.9235,35.35774941264957,-2725.019481381154,-2541.663714465608,-183.35576691554616,42055.85064936403,26214.91835063597,84784.1760702
2022-05-18 00:00:00+00:00,30444.93,30709.99,28654.47,28715.32,59749.15799,33584.047,39531.41333333333,44806.20415,31.49642863577857,-2761.146383993946,-2585.5602483712755,-175.58613562267055,41401.100616628624,25766.99338337137,84967.3003947
2022-05-19 00:00:00+00:00,28715.33,30545.18,28691.38,30319.23,67877.36415,33170.202999999994,39349.032,44651.30130000001,38.232795143790966,-2630.037645197768,-2594.455727736574,-35.58191746119428,40754.984521270526,25585.421478729462,85788.4857447
2022-05-20 00:00:00+00:00,30319.22,30777.33,28730.0,29201.01,60517.25325,32748.7135,39152.34466666667,44492.7508,35.604076170803296,-2586.547919415032,-2592.8741660722653,6.326246657233241,40231.347436384574,25266.07956361543,87048.2889127
2022-05-21 00:00:00+00:00,29201.01,29656.18,28947.28,29445.06,20987.13124,32297.549,38937.02683333333,44323.87615,36.62817196996409,-2503.5300667998927,-2575.0053462177907,71.47527941789804,39426.05445015428,25169.043549845715,86157.03342269998
2022-05-22 00:00:00+00:00,29445.07,30487.99,29255.11,30293.94,36158.98748,31885.988,38727.21316666667,44160.863450000004,40.19104692196189,-2342.240409431339,-2528.4523588605007,186.2119494291619,38457.46592946971,25314.51007053029,85304.93648270001
2022-05-23 00:00:00+00:00,30293.93,30670.51,28866.35,29109.15,63901.49932,31454.998,38479.174666666666,43999.43415,37.05933551107669,-2283.6948327530554,-2479.500853639012,195.8060208859565,37550.52402537859,25359.47197462141,86484.18876969999
2022-05-24 00:00:00+00:00,29109.14,29845.86,28669.0,29654.58,59442.96036,30953.226999999995,38234.865000000005,43843.02144999999,39.40035391734475,-2168.2906933868435,-2417.258821588578,248.96812820173454,35773.350482572605,26133.103517427382,86327.6059197
2022-05-25 00:00:00+00:00,29654.58,30223.74,29294.21,29542.15,59537.38659,30602.685999999998,37985.37966666667,43683.37915,39.07770484148241,-2062.1332543576245,-2346.2337081423875,284.100453784763,34709.85993633385,26495.512063666145,84868.35357169999
2022-05-26 00:00:00+00:00,29542.14,29886.64,28019.56,29201.35,94581.65463,30262.064999999995,37691.60616666667,43513.01795,38.06027542930205,-1982.6477023619955,-2273.516506986309,290.8688046243137,33569.869345287705,26954.260654712285,86175.54620970001
2022-05-27 00:00:00+00:00,29201.35,29397.66,28282.9,28629.8,90998.5201,29919.9355,37383.399333333335,43318.537800000006,36.35092903185985,-1943.3721536205594,-2207.4876363131593,264.1154826925999,32281.443427690152,27558.427572309847,89011.3868737
2022-05-28 00:00:00+00:00,28629.81,29266.0,28450.0,29031.33,34479.35127,29669.581999999995,37076.67483333334,43128.956150000005,38.442569755913155,-1858.4231378986806,-2137.6747366302634,279.2515987315828,31115.81371451484,28223.35028548515,87113.0722652
2022-05-29 00:00:00+00:00,29031.33,29587.78,28839.21,29468.1,27567.34764,29639.171500000004,36783.34333333334,42951.8845,40.72443608262599,-1735.8469787103313,-2057.309185046277,321.46220633594567,31075.45853402056,28202.88446597945,78897.5933258
2022-05-30 00:00:00+00:00,29468.1,32222.0,29299.62,31734.22,96785.9476,29675.027500000004,36553.74133333333,42786.68430000001,50.89510061435872,-1439.256688990572,-1933.698685835136,494.4419968445641,31273.741385096255,28076.313614903753,75460.29055030001
2022-05-31 00:00:00+00:00,31734.23,32399.0,31200.01,31801.04,62433.11632,29809.8825,36312.36716666666,42625.078349999996,51.161201827626265,-1185.1532233811777,-1783.9895933443445,598.8363699631668,31632.490588920788,27987.274411079212,68228.7594024
2022-06-01 00:00:00+00:00,31801.05,31982.97,29301.0,29805.83,103395.63382,29848.6865,36045.61433333333,42452.2075,43.569019331638806,-1131.7253432213256,-1653.536743319741,521.8114000984153,31635.907578987,28061.465421013,63173.1779365
2022-06-02 00:00:00+00:00,29805.84,30689.0,29594.55,30452.62,56961.42928,29906.965000000004,35779.70216666667,42276.875100000005,46.34852116819856,-1025.372954569346,-1527.903985569662,502.53103100031603,31693.14351117531,28120.7864888247,61127.630922000004
2022-06-03 00:00:00+00:00,30452.63,30699.0,29282.36,29700.21,54067.44727,29887.6385,35498.36383333334,42107.342450000004,43.65477267570304,-990.3845822115909,-1420.4001048980479,430.01552268645696,31673.98262565313,28101.29437434687,61276.20935399999
2022-06-04 00:00:00+00:00,29700.21,29988.88,29485.0,29864.04,25617.90113,29814.396,35237.80533333333,41956.3683,44.41234322952046,-938.6165459516815,-1324.0433931087746,385.4268471570931,31473.985612109114,28154.806387890887,60243.3209545
2022-06-05 00:00:00+00:00,29864.03,30189.0,29531.42,29919.21,23139.9281,29816.656,35016.951,41804.24,44.68207126964961,-882.9600326887703,-1235.8267210247739,352.86668833600356,31476.68722842327,28156.624771576728,57746.207530499996
2022-06-06 00:00:00+00:00,29919.2,31765.64,29890.23,31373.1,68836.92456,29863.064499999997,34815.76616666667,41676.6474,51.37776928377099,-713.3124507000066,-1131.3238669598204,418.0114162598138,31638.63388052655,28087.495119473442,58351.84710499999
2022-06-07 00:00:00+00:00,31373.1,31589.6,29218.96,31125.33,110674.51658,29983.565000000002,34630.3215,41542.01285,50.2612528685626,-592.0338898746268,-1023.4658715427818,431.431981668155,31758.322587419872,28208.807412580132,60898.1150345
2022-06-08 00:00:00+00:00,31125.32,31327.22,29843.88,30204.77,68542.61276,29977.842000000004,34421.16816666667,41394.49915,46.24055900892733,-563.7032352122878,-931.513344276683,367.8101090643952,31748.9675221323,28206.716477867707,60931.37746499999
2022-06-09 00:00:00+00:00,30204.77,30700.0,29944.1,30109.93,46291.1865,30023.288,34220.35283333333,41251.9387,45.83376239049125,-542.6484689074714,-853.7403692028407,311.0919002953693,31758.632379709223,28287.94362029078,60220.074127500004
2022-06-10 00:00:00+00:00,30109.93,30382.8,28850.0,29091.88,76204.2498,30005.628999999997,34046.37666666667,41116.1622,41.60280087644244,-601.1805070571754,-803.2283967737078,202.04788971653238,31771.077216051774,28240.18078394822,62980.93005550001
2022-06-11 00:00:00+00:00,29091.87,29440.41,28099.99,28424.7,65901.39895,29912.167000000005,33852.206,40970.57934999999,39.05817407709635,-693.4102177778004,-781.2647609745263,87.8545431967259,31800.316749317688,28024.017250682322,64468.05062899999
2022-06-12 00:00:00+00:00,28424.71,28544.96,26560.0,26574.53,92474.598809,29785.435999999998,33609.318333333336,40817.76055,33.02556619020645,-905.35976073239,-806.0837609260991,-99.27599980629088,32151.83904654564,27419.032953454356,65896.70560345
2022-06-13 00:00:00+00:00,26574.53,26895.84,21925.77,22487.41,254611.034966,29427.077500000003,33318.40216666667,40635.3958,24.151424629967266,-1387.1376674833373,-922.2945422375468,-464.8431252457905,33393.813206018196,25460.34179398181,75655.10933375
2022-06-14 00:00:00+00:00,22485.27,23362.88,20846.0,22136.41,187201.64671,29056.790500000003,33011.47733333333,40477.4452,23.565782441059483,-1776.791153769882,-1093.1938645440139,-683.597289225868,34137.603475792734,23975.977524207272,82038.32233975001
2022-06-15 00:00:00+00:00,22136.42,22800.0,20111.62,22583.72,200774.493467,28725.909000000003,32714.89416666667,40316.758649999996,26.027543056794983,-2026.1440429827599,-1279.7839002317633,-746.3601427509966,34535.614592936785,22916.20340706322,87347.9642816
2022-06-16 00:00:00+00:00,22583.72,22995.73,20232.0,20401.31,99673.59429,28314.484500000002,32393.613999999998,40132.3908,22.26046479876122,-2372.511417232363,-1498.3294036318832,-874.1820136004796,35165.29035872816,21463.67864127184,87781.7179911
2022-06-17 00:00:00+00:00,20400.6,21365.43,20246.66,20468.81,86694.33663,27886.358500000002,32054.742000000002,39945.8536,22.633437360811357,-2611.460084610455,-1720.9555398275975,-890.5045447828575,35528.90530092287,20243.811699077138,90392.4672591
2022-06-18 00:00:00+00:00,20468.81,20792.06,17622.0,18970.79,196441.655524,27361.493,31679.368833333334,39755.954750000004,20.305135148587112,-2888.410521050726,-1954.4465360722234,-933.9639849785026,35888.13815111363,18834.847848886373,98836.1826533
2022-06-19 00:00:00+00:00,18970.79,20815.95,17960.41,20574.0,128320.87595,26803.482,31332.965666666667,39572.9044,28.752407798456503,-2944.5867259990773,-2152.474574057594,-792.1121519414833,35569.78318067077,18037.18081932923,100412.92907079999
2022-06-20 00:00:00+00:00,20574.0,21090.0,19637.03,20573.89,109028.94154,26242.124499999998,31001.196999999996,39393.372149999996,28.752182611128887,-2955.05165322643,-2312.9899898913613,-642.0616633350687,35093.9036162921,17390.3453837079,102742.72033180001
2022-06-21 00:00:00+00:00,20573.9,21723.0,20348.4,20723.52,104371.0749,25788.009,30684.769333333334,39228.9845,29.560343136331085,-2917.638571672629,-2433.919706247615,-483.718865425014,34792.45844022688,16783.55955977312,102791.4923858
2022-06-22 00:00:00+00:00,20723.51,20900.0,19770.51,19987.99,92133.97938,25264.7775,30360.5425,39083.1621,27.885875524843996,-2913.7516437125523,-2529.8860937406025,-383.8655499719498,34340.092912427346,16189.462087572652,104550.11989080001
2022-06-23 00:00:00+00:00,19988.0,21233.0,19890.07,21110.13,83127.08716,24835.2735,30054.875833333335,38941.731100000005,34.02592572141988,-2787.985741251381,-2581.5060232427586,-206.4797180086225,33843.10686704324,15827.440132956759,106003.10188530001
2022-06-24 00:00:00+00:00,21110.12,21558.41,20736.72,21237.69,77430.36622,24403.956,29735.069333333333,38795.709950000004,34.706497137832784,-2647.5035585111327,-2594.7055302964336,-52.798028214699116,33231.625326089576,15576.286673910423,108593.7251398
2022-06-25 00:00:00+00:00,21237.68,21614.5,20906.62,21491.19,51431.67794,23982.555,29458.045,38650.221150000005,36.11687247873755,-2487.0459673783334,-2573.1736177128137,86.12765033448022,32516.64348892645,15448.46651107355,110008.31263179998
2022-06-26 00:00:00+00:00,21491.18,21888.0,20964.73,21038.07,53278.10464,23465.8035,29154.750833333335,38503.05555,34.67508189538532,-2369.1352510506003,-2532.365944380371,163.23069332977047,31376.08195208108,15555.525047918924,109230.3716358
2022-06-27 00:00:00+00:00,21038.08,21539.85,20510.0,20742.56,64475.0013,22946.665,28838.092333333334,38369.0404,33.72940164462406,-2273.3298151693234,-2480.5587185381614,207.22890336883802,30105.158406572882,15788.171593427118,106920.39587179999
2022-06-28 00:00:00+00:00,20742.57,21212.1,20202.01,20281.29,63801.0832,22450.491,28532.84533333334,38234.74415,32.250852597355745,-2209.15815098691,-2426.278605027911,217.1204540410008,28864.85772156836,16036.12427843164,106683.31939380002
2022-06-29 00:00:00+00:00,20281.28,20432.31,19854.92,20123.01,77309.04379,21951.145,28241.048833333338,38088.40925,31.73675551386046,-2146.331939436732,-2370.2892719096753,223.95733247294356,27382.23578639161,16520.05421360839,108234.2122583
2022-06-30 00:00:00+00:00,20123.0,20179.08,18626.0,19942.21,93846.64806,21493.661500000002,27932.279833333334,37937.8508,31.126390310540174,-2087.072292900986,-2313.6458761079375,226.5735832069513,25883.277339425935,17104.04566057407,109116.3321713
2022-07-01 00:00:00+00:00,19942.21,20918.35,18975.0,19279.8,111844.59494,21036.4165,27611.523833333336,37800.73605,28.931037212145384,-2069.7013186305267,-2264.8569646124556,195.15564598192896,24167.680281315657,17905.15271868434,111413.49197080001
2022-07-02 00:00:00+00:00,19279.8,19467.39,18977.01,19252.81,46180.3021,20670.3305,27303.58816666667,37655.2837,28.84177691590287,-2034.658289573832,-2218.817229604731,184.15894003089898,22612.197445026715,18728.463554973285,109098.77713535
2022-07-03 00:00:00+00:00,19252.82,19647.63,18781.0,19315.83,51087.46631,20511.751500000002,26964.018666666667,37507.53795,29.38957854731912,-1978.9886994060616,-2170.851523564997,191.86282415893538,22349.36864572417,18674.134354275833,98922.59870255
2022-07-04 00:00:00+00:00,19315.83,20354.01,19055.31,20236.71,74814.04601,20416.766499999998,26692.081,37370.5596,37.0193995424081,-1839.3598330420718,-2104.5531854604124,265.1933524183405,22098.424815585982,18735.108184414014,93303.21866755
2022-07-05 00:00:00+00:00,20236.71,20750.0,19304.4,20175.83,96041.13756,20296.372,26428.115333333335,37240.782750000006,36.736779528490565,-1713.8591561695175,-2026.4143796022336,312.55522343271605,21653.74738397915,18938.99661602085,88066.55087220001
2022-07-06 00:00:00+00:00,20175.84,20675.22,19761.25,20564.51,82439.5808,20304.532,26179.65066666667,37109.4329,39.891850513397664,-1564.9954445893782,-1934.1305925996626,369.1351480102844,21666.287775193385,18942.776224806614,87204.8501977
2022-07-07 00:00:00+00:00,20564.51,21838.1,20251.68,21624.98,85014.58261,20362.3405,25972.760333333335,36984.15165,47.57419569521786,-1345.9337281708722,-1816.4912197139047,470.5574915430325,21840.288615620946,18884.39238437905,87120.86249669999
2022-07-08 00:00:00+00:00,21624.99,22527.37,21189.26,21594.75,403081.57349,20493.5385,25831.401,36857.5546,47.388263030754366,-1161.377412137328,-1685.4684581985896,524.0910460612615,21919.00791320375,19068.069086796248,97452.858395
2022-07-09 00:00:00+00:00,21594.75,21980.0,21322.12,21591.83,178417.84468,20544.43,25674.313166666667,36721.06435,47.36900517675701,-1003.7798720866922,-1549.13074097621,545.3508688895179,22048.277499611722,19040.58250038828,99957.7068315
2022-07-10 00:00:00+00:00,21592.15,21607.65,20655.0,20862.47,192188.21556,20558.859000000004,25536.955333333335,36582.435900000004,42.70112024350534,-927.0494931628382,-1424.7144914135356,497.6649982506974,22069.08442288376,19048.63357711625,104115.6705325
2022-07-11 00:00:00+00:00,20861.11,20868.48,19875.23,19963.61,137535.40724,20520.8635,25385.853,36428.0599,37.76234130895379,-928.0723644542632,-1325.386066021681,397.31370156741787,22050.71572203304,18991.011277966958,105773.8871495
2022-07-12 00:00:00+00:00,19963.61,20059.42,19240.0,19328.75,139506.45862,20487.9015,25219.88133333333,36270.60365,34.708885876122494,-968.9415386631626,-1254.0971605499774,285.15562188681474,22089.0067224821,18886.7962775179,108142.5111115
2022-07-13 00:00:00+00:00,19331.28,20366.61,18910.94,20234.87,209250.24888,20444.1385,25055.6835,36119.7797,41.92663967235072,-917.6364012067388,-1186.8050086813298,269.168607474591,22022.507423775263,18865.76957622474,114448.66919750001
2022-07-14 00:00:00+00:00,20234.87,20900.0,19616.07,20588.84,174809.21696,20411.696,24876.682666666668,35968.84645,44.5074045803874,-838.7457504792619,-1117.1931570409163,278.44740656165436,21949.64310718688,18873.74889281312,119317.6117345
2022-07-15 00:00:00+00:00,20588.84,21200.0,20382.29,20830.04,143343.3049,20378.6385,24725.949833333332,35819.48945,46.2599335993973,-748.1374543197926,-1043.3820164966914,295.24456217689885,21849.301953186863,18907.97504681314,123913.19308249999
2022-07-16 00:00:00+00:00,20830.04,21588.94,20478.61,21195.6,121011.67393,20386.515,24571.794333333335,35687.74875,48.89423880600819,-639.4607840601566,-962.5977700093845,323.1369859492279,21872.825221114184,18900.204778885814,127299.87154699999
2022-07-17 00:00:00+00:00,21195.6,21684.54,20750.01,20798.16,118229.4525,20389.295000000002,24439.841666666667,35559.41625,46.240327632059476,-578.7325576851144,-885.8247275445306,307.0921698594161,21878.46385294734,18900.126147052662,129987.594107
2022-07-18 00:00:00+00:00,20799.58,22777.63,20762.45,22432.58,239942.73132,20496.8595,24308.397500000003,35435.974799999996,56.65884560912337,-394.17713750312396,-787.4952095362494,393.3180720331254,22230.06839917732,18763.65060082268,138794.67651299998
2022-07-19 00:00:00+00:00,22432.58,23800.0,21579.54,23396.62,263770.76574,20660.54,24211.657666666666,35321.87325,61.409425689691545,-168.18691214682985,-663.6335500583655,495.4466379115356,22793.757608592332,18527.32239140767,148117.7626105
2022-07-20 00:00:00+00:00,23398.48,24276.74,22906.19,23223.3,238762.17094,20824.5945,24107.961666666666,35199.376500000006,60.133282549693966,-3.0384801765540033,-531.5145360820032,528.4760559054492,23202.263529841475,18446.925470158523,155363.5387545
2022-07-21 00:00:00+00:00,23223.3,23442.77,22341.46,23152.19,184817.68191,21018.214,23988.9325,35078.706549999995,59.586170211420075,120.71335091328729,-401.06895868294515,521.7823095962324,23489.97817265568,18546.44982734432,159012.193103
2022-07-22 00:00:00+00:00,23152.19,23756.49,22500.0,22684.83,171598.43966,21189.815,23881.8605,34959.900200000004,55.98114022490118,179.01198380802452,-285.05277018475124,464.06475399277576,23623.74639469216,18755.883605307838,165283.099981
2022-07-23 00:00:00+00:00,22684.83,23000.77,21934.57,22451.07,122137.77375,21346.576999999997,23761.802000000003,34842.995500000005,54.21436568660854,204.00000691577225,-187.24221476464658,391.2422216804188,23679.28221379193,19013.871786208067,168835.615353
2022-07-24 00:00:00+00:00,22448.58,23014.64,22257.15,22579.68,115189.67277,21463.7255,23645.76083333333,34738.63825,55.0548154949871,231.5122186735207,-103.49132807701314,335.0035467505338,23797.042062412183,19130.408937587817,170854.396691
2022-07-25 00:00:00+00:00,22577.13,22666.0,21250.0,21310.9,180344.76643,21520.479,23514.253333333334,34629.7812,46.07021006930358,149.2158350800346,-52.9498954456036,202.1657305256382,23779.77501962292,19261.182980377078,175069.5781345
2022-07-26 00:00:00+00:00,21310.9,21347.82,20706.5,21254.67,177817.24326,21554.987,23391.3345,34528.22215,45.71415201978984,78.55256206428385,-26.649403943626112,105.20196600790996,23775.574948074103,19334.3990519259,179838.4612575
2022-07-27 00:00:00+00:00,21254.67,23112.63,21042.53,22952.45,210971.19796,21621.360500000003,23290.019833333332,34434.5857,56.61656370677595,157.729854578276,10.226447760754308,147.5034068175217,23924.182645192057,19318.538354807948,186136.292025
2022-07-28 00:00:00+00:00,22954.31,24199.72,22582.13,23842.93,236029.0741,21733.769500000002,23196.267,34344.47725,61.03654883791386,289.00129623933753,65.98141745647095,223.01987878286658,24231.644453672998,19235.894546327007,177783.6670555
2022-07-29 00:00:00+00:00,23845.25,24442.66,23414.03,23773.75,198298.50623,21842.8655,23063.592500000002,34254.23355,60.52067713081081,383.03719729870136,129.39257342491703,253.64462387378433,24492.402489563803,19193.328510436197,178777.70013299998
2022-07-30 00:00:00+00:00,23777.28,24668.0,23502.25,23643.51,151060.13211,21981.9175,22927.63366666667,34158.80465,59.50108808450483,441.9574366210072,191.90554606413508,250.05189055687214,24702.015564416564,19261.819435583435,176721.2959605
2022-07-31 00:00:00+00:00,23644.64,24194.82,23227.31,23293.32,127743.32483,22148.403,22819.091833333332,34055.75795,56.73347846929112,455.1480806869622,244.55405298870053,210.59402769826167,24759.40013973257,19537.405860267427,176231.69183999998
2022-08-01 00:00:00+00:00,23296.36,23509.68,22850.0,23268.01,144210.16219,22345.366,22699.348333333335,33959.29745,56.52882318828213,458.27672682766934,287.2985877564943,170.978139071175,24652.473220963857,20038.258779036147,176466.8770185
2022-08-02 00:00:00+00:00,23266.9,23459.89,22654.37,22987.79,158073.28225,22483.012,22587.474666666665,33858.9366,54.19774712392881,433.1516863187935,316.46920746895415,116.68247884983936,24589.825017263633,20376.198982736365,173908.02868699998
2022-08-03 00:00:00+00:00,22985.93,23647.68,22681.22,22818.37,145948.80995,22594.4885,22470.046833333334,33757.607,52.78061234313613,395.0156382127643,332.1784936177162,62.83714459504813,24516.432446638,20672.544553362,172465.0083365
2022-08-04 00:00:00+00:00,22816.91,23223.32,22400.0,22622.98,154854.67016,22684.135499999997,22348.442999999996,33655.3636,51.12046343567808,345.0486986628857,334.7525346267501,10.296164036135622,24427.473920062606,20940.797079937387,173040.5765995
2022-08-05 00:00:00+00:00,22622.41,23472.86,22586.95,23312.42,175251.69749,22789.9765,22214.098333333335,33560.9176,56.33896130039668,356.9666953270753,339.19536676681514,17.771328560260145,24411.771885792656,21168.181114207346,175752.5777775
2022-08-06 00:00:00+00:00,23313.56,23354.36,22909.52,22954.21,83911.80307,22897.779,22077.913,33463.928049999995,53.16314752451907,333.66100387791084,338.0884941890343,-4.427490311123449,24237.802392304508,21557.75560769549,174036.695306
2022-08-07 00:00:00+00:00,22954.21,23402.0,22844.62,23174.39,88890.00877,22934.8695,21960.739999999998,33371.49995,54.847948199410745,329.163370931954,336.30346953761824,-7.140098605664264,24262.34099811447,21607.398001885533,166484.05917850003
2022-08-08 00:00:00+00:00,23174.39,24245.0,23154.25,23810.0,170958.44152,22955.538500000002,21855.741166666667,33287.1454,59.38942877883367,372.59236653347034,343.5612489367887,29.031117596681668,24323.383418701775,21587.69358129823,161843.4429675
2022-08-09 00:00:00+00:00,23810.98,23933.25,22865.0,23149.95,143182.50858,22951.871,21756.708999999995,33220.668600000005,53.38452377457218,349.7183047792969,344.79266010529034,4.9256446740065485,24317.215587085346,21586.526412914653,157064.4598495
2022-08-10 00:00:00+00:00,23151.32,24226.0,22664.69,23954.05,208916.54953,22991.964,21682.198166666665,33165.081750000005,58.84396762299869,391.95636688324157,354.2254014608806,37.73096542236095,24423.949703889266,21559.978296110734,158269.4032305
2022-08-11 00:00:00+00:00,23954.05,24918.54,23852.13,23934.39,249759.79557,23054.442000000003,21638.195833333335,33103.53095,58.663066536870694,419.0138073705675,367.183082642818,51.8307247277495,24535.56864836982,21573.315351630186,162177.47102599998
2022-08-12 00:00:00+00:00,23933.09,24456.5,23583.0,24403.68,174207.5704,23152.072500000002,21670.13366666667,33042.247599999995,61.69058768923982,472.87380994758496,388.32122810377143,84.55258184381353,24716.325156204282,21587.81984379572,164780.96085849998
2022-08-13 00:00:00+00:00,24401.7,24888.0,24291.22,24441.38,152852.25435,23245.1575,21708.549833333334,32979.6629,61.93179808874429,512.6903497449894,413.195052432015,99.49529731297434,24881.97246652557,21608.34253347443,166664.08993750002
2022-08-14 00:00:00+00:00,24443.06,25047.56,24144.0,24305.24,151206.14473,23394.874499999998,21737.24183333333,32917.1424,60.45157478706616,527.1828484495672,435.99261163552546,91.19023681404178,24832.228694478872,21957.520305521124,165207.1588525
2022-08-15 00:00:00+00:00,24305.25,25211.32,23773.22,24094.82,242539.54758,23536.882,21798.800333333333,32851.816,58.13863497506381,515.7439474523053,451.94287879888145,63.80106865342384,24617.257971776,22456.506028224,168443.2740685
2022-08-16 00:00:00+00:00,24093.04,24247.49,23671.22,23854.74,179324.94821,23581.9965,21855.2325,32782.5069,55.52813640039088,481.7527407171001,457.90485118252525,23.847889534574847,24636.02000877858,22527.97299122142,166860.96158099998
2022-08-17 00:00:00+00:00,23856.15,24446.71,23180.4,23342.66,210668.68766,23556.983,21928.097,32708.386000000002,50.33645783673062,408.7817070559868,448.08022235721756,-39.29851530123079,24608.791913296955,22505.174086703046,165592.942259
2022-08-18 00:00:00+00:00,23342.66,23600.0,23111.04,23191.2,144185.97011,23527.855499999998,21971.717,32634.9332,48.88073971384173,334.869909092944,425.4381597043629,-90.56825061141888,24586.283673862512,22469.427326137484,162887.315453
2022-08-19 00:00:00+00:00,23191.45,23208.67,20783.57,20834.39,283995.87747,23387.3995,21976.058666666668,32546.77065,32.92463420510771,85.13798864790078,357.3781254930705,-272.24013684516973,24965.257140836467,21809.54185916353,169534.102721
2022-08-20 00:00:00+00:00,20834.39,21382.85,20761.9,21140.07,183041.68363,23279.737,21983.00116666667,32458.99805,35.84956678060574,-87.10642752583226,268.48121488928996,-355.5876424151222,25137.584589273967,21421.889410726035,172299.020661
2022-08-21 00:00:00+00:00,21140.07,21800.0,21069.11,21515.61,159200.6841,23192.117,22008.4615,32382.0943,39.34874804323193,-191.10548375851067,176.56387515972983,-367.6693589182405,25202.910355193697,21181.3236448063,173048.5467565
2022-08-22 00:00:00+00:00,21516.7,21548.71,20890.18,21399.83,222222.04526,23112.719,22013.289833333332,32302.5354,38.64880145070244,-279.6443969464126,85.32222073850136,-364.96661768491396,25269.6108334407,20955.827166559302,176255.984907
2022-08-23 00:00:00+00:00,21400.75,21684.87,20890.14,21529.12,200967.77164,23048.2565,22018.147,32202.30975,39.93373505053774,-335.511928396234,1.155390911554278,-336.66731930778826,25310.951710879766,20785.561289120233,179006.93299149998
2022-08-24 00:00:00+00:00,21529.11,21900.0,21145.0,21368.08,174383.22046,22985.5115,22016.095166666666,32102.237200000003,38.84249997237364,-388.3057843367351,-76.73684413810359,-311.5689401986315,25358.79371481944,20612.22928518056,179983.3605065
2022-08-25 00:00:00+00:00,21368.05,21819.88,21310.15,21559.04,169915.78301,22897.8425,22024.778,31998.128050000003,40.90467185923144,-410.0100784857095,-143.39149100762478,-266.61858747808475,25344.74164208214,20450.94335791786,179716.56478249998
2022-08-26 00:00:00+00:00,21559.04,21886.77,20107.9,20241.05,273811.61955,22762.1845,22016.4195,31880.13335,32.70730621585626,-527.4811912407677,-220.20943105425334,-307.2717601865143,25468.616996528668,20055.75200347133,189211.5556065
2022-08-27 00:00:00+00:00,20239.14,20402.93,19800.0,20037.6,162582.46032,22605.345,22012.358,31760.106399999997,31.65281258041412,-629.7354113053807,-302.1146271044788,-327.6207842009019,25551.03198403403,19659.65801596597,192896.178184
2022-08-28 00:00:00+00:00,20037.6,20171.18,19520.0,19555.61,139307.95976,22392.625500000002,22002.90133333333,31636.02085,29.24708324418914,-741.1219892898444,-389.91609954155194,-351.2058897482924,25565.32331817094,19219.927681829064,191313.65409599998
2022-08-29 00:00:00+00:00,19555.61,20433.62,19550.79,20285.73,210509.49545,22249.4145,22008.626666666663,31519.9723,37.05182443030111,-761.7016502259394,-464.27320967842945,-297.4284405475099,25529.211373781473,18969.617626218525,194680.0034395
2022-08-30 00:00:00+00:00,20287.2,20576.25,19540.0,19811.66,256634.35529,22042.295000000002,22017.490999999998,31407.161949999998,34.39852144903675,-806.9625053727214,-532.8110688172878,-274.1514365554335,25387.866183972605,18696.7238160274,197065.8937275
2022-08-31 00:00:00+00:00,19813.03,20490.0,19797.94,20050.02,276946.60765,21848.0765,22030.777833333337,31296.3227,36.84727418814952,-814.2126624777775,-589.0913875493858,-225.1212749283917,25182.711484729058,18513.44151527094,198425.23433150002
2022-09-01 00:00:00+00:00,20048.44,20208.37,19565.66,20131.46,245289.97263,21634.4655,22044.371666666666,31186.7117,37.7029084177546,-804.1175700389722,-632.0966240473031,-172.02094599166912,24831.402226910166,18437.52877308983,201979.354443
2022-09-02 00:00:00+00:00,20132.64,20441.26,19755.29,19951.86,245986.6033,21409.9895,22039.624166666665,31073.791300000004,36.52755125239004,-801.3716421163845,-665.9516276611193,-135.42001445526512,24411.543262508218,18408.43573749178,206636.0718905
2022-09-03 00:00:00+00:00,19950.98,20055.93,19652.72,19831.9,146639.03204,21186.322500000002,22033.892,30950.2265,35.7264278668834,-799.6572924093307,-692.6927606107616,-106.96453179856906,23948.711951928057,18423.933048071947,206407.716256
2022-09-04 00:00:00+00:00,19832.45,20029.23,19583.1,20000.3,145588.77893,20981.5965,22024.4885,30830.8602,37.789125040521526,-775.767619078626,-709.3077323043345,-66.45988677429148,23441.80032822633,18521.39267177367,201560.1778235
2022-09-05 00:00:00+00:00,20000.3,20057.27,19633.83,19796.84,222543.01057,20778.701500000003,21994.0195,30727.265900000002,36.274429779285896,-764.4404092716213,-720.3342676977919,-44.106141573829404,22904.184087757334,18653.21891224267,203721.0809415
2022-09-06 00:00:00+00:00,19795.34,20180.0,18649.51,18790.61,356315.05718,20551.099,21947.283833333335,30621.346749999997,29.89284449373885,-827.1233029069153,-741.6920747396166,-85.43122816729874,22496.912342375042,18605.285657624954,211003.3994175
2022-09-07 00:00:00+00:00,18790.61,19464.06,18510.77,19292.84,287394.7788,20356.181,21908.96733333333,30517.4151,35.94959821724038,-826.7439938985881,-758.702458571411,-68.04153532717714,21955.191300356084,18757.170699643917,218163.83985199998
2022-09-08 00:00:00+00:00,19292.85,19458.25,19012.0,19319.77,262813.28273,20280.45,21883.255666666664,30422.079500000003,36.267546578747364,-814.8769683917963,-769.9373605354881,-44.93960785630816,21924.52602800141,18636.37397199859,217104.710115
2022-09-09 00:00:00+00:00,19320.54,21597.22,19291.75,21360.11,428919.74652,20291.451999999997,21906.53066666667,30343.839249999997,54.63974400068545,-633.5309288250282,-742.6560741933962,109.12514536836795,21961.136294731456,18621.76770526854,229398.61325949998
2022-09-10 00:00:00+00:00,21361.62,21810.8,21111.13,21648.34,307997.33504,20298.0885,21945.1905,30260.929300000003,56.545454806247896,-461.2382661579031,-686.3725125862976,225.13424642839448,21988.11391953069,18608.063080469314,236838.44580649998
2022-09-11 00:00:00+00:00,21647.21,21860.0,21350.0,21826.87,280702.55149,20319.4405,21971.723833333333,30183.813600000005,57.73004993111141,-306.75315134852644,-610.4486403387434,303.695488990217,22074.15700001585,18564.72399998415,239762.47111800002
2022-09-12 00:00:00+00:00,21826.87,22488.0,21538.51,22395.74,395395.61828,20362.7715,22001.838833333335,30104.15625,61.345948678490586,-136.84209955942788,-515.7273321828803,378.88523262345245,22270.927342005532,18454.615657994465,249483.86345
2022-09-13 00:00:00+00:00,22395.44,22799.0,19860.0,20173.57,431915.03333,20303.046,21990.897666666668,30008.92825,45.11196231048554,-179.42857351885687,-448.4675804500757,269.0390069312188,22155.563363336947,18450.52863666305,262360.4540935
2022-09-14 00:00:00+00:00,20173.62,20541.48,19617.62,20226.71,340826.40151,20236.429500000002,21974.749499999998,29914.478199999998,45.483494335273804,-206.51018618201488,-400.07610159646356,193.56591541444868,21997.034736998892,18475.824263001112,270905.9850185
2022-09-15 00:00:00+00:00,20227.17,20330.24,19497.0,19701.88,333069.76076,20209.471,21956.478166666664,29824.49225,42.42884379967075,-267.24136207273114,-373.50915369171713,106.267791618986,21985.412474667715,18433.529525332287,273868.892079
2022-09-16 00:00:00+00:00,19701.88,19890.0,19320.01,19803.3,283791.07064,20197.756,21912.65683333333,29707.70875,43.22239403344076,-303.6867977469665,-359.54468250276705,55.85788475580057,21981.153377104987,18414.358622895015,279929.322595
2022-09-17 00:00:00+00:00,19803.3,20189.0,19748.08,20113.62,179350.24338,20225.6565,21857.94016666667,29586.17085,45.689153959105425,-304.025224013134,-348.44079080484045,44.41556679170645,21985.29792065931,18466.01507934069,281931.43677599996
2022-09-18 00:00:00+00:00,20112.61,20117.26,19335.62,19416.18,254217.46904,20182.179,21794.488166666666,29463.786849999997,41.34183662607019,-356.46193719588337,-350.04502008304905,-6.416917112834312,21976.365565830027,18387.992434169973,284116.8354555
2022-09-19 00:00:00+00:00,19417.45,19686.2,18232.56,19537.02,380512.40306,20168.447,21734.235333333334,29349.20195,42.36508816857678,-383.8429297214461,-356.80460201072844,-27.03832771071768,21977.905571753705,18358.988428246295,290310.737844
2022-09-20 00:00:00+00:00,19537.02,19634.62,18711.87,18875.0,324098.3286,20109.696000000004,21670.738166666666,29247.83365,38.41175699873641,-453.7317081420879,-376.19002323700033,-77.54168490508755,22004.987439432203,18214.404560567804,292668.3238915
2022-09-21 00:00:00+00:00,18874.31,19956.0,18125.98,18461.36,385034.10021,20026.191,21604.243,29143.150650000003,36.14237368715633,-536.3140649315683,-408.214831575914,-128.0992333556543,22052.898892056728,17999.48310794327,299655.5302705
2022-09-22 00:00:00+00:00,18461.36,19550.17,18356.39,19401.63,379321.72111,19998.679500000002,21551.2755,29048.05475,44.21111999105149,-519.896206975387,-430.5511066558086,-89.34510031957842,22043.533435670724,17953.82556432928,306322.286161
2022-09-23 00:00:00+00:00,19401.63,19500.0,18531.42,19289.91,385886.91829,19971.579999999998,21517.592333333334,28954.564300000002,43.50768766511443,-510.02060650287603,-446.4450066252221,-63.57559987765393,22038.799835220496,17904.3601647795,318284.6804735
2022-09-24 00:00:00+00:00,19288.57,19316.14,18805.34,18920.5,239496.56746,19917.59,21478.689499999997,28855.51365,41.174846358019686,-525.9397160300796,-462.3439485061936,-63.59576752388597,22034.7879199709,17800.3920800291,322980.0699
2022-09-25 00:00:00+00:00,18921.99,19180.21,18629.2,18807.38,191191.4492,19868.117,21409.605,28739.842,40.45943725067294,-541.442155505465,-478.16358990604795,-63.27856559941711,22039.82919495888,17696.40480504112,321412.49183149997
2022-09-26 00:00:00+00:00,18809.13,19318.96,18680.72,19227.82,439239.21943,19889.9775,21332.686500000003,28638.8711,44.330990906448456,-513.8782872254342,-485.3065293699252,-28.571757855508963,22026.379642510656,17753.575357489346,325558.699944
2022-09-27 00:00:00+00:00,19226.68,20385.86,18816.32,19079.13,593260.74161,19879.292,21254.442833333334,28540.6189,43.259673882991244,-498.287811653041,-487.9027858265484,-10.385025826492608,22029.626273956754,17728.95772604325,340851.9980845
2022-09-28 00:00:00+00:00,19078.1,19790.0,18471.28,19412.82,521385.45547,19883.9445,21183.931333333334,28443.646200000003,46.390768983086396,-453.77541270996153,-481.07731120323103,27.301898493269505,22029.814290641574,17738.07470935843,353780.6067215
2022-09-29 00:00:00+00:00,19412.82,19645.52,18843.01,19591.51,406424.93256,19795.5145,21122.234500000002,28352.717049999996,48.044178331089775,-399.4753233647025,-464.7569136355254,65.2815902708229,21833.839393010967,17757.189606989035,352655.86602350004
2022-09-30 00:00:00+00:00,19590.54,20185.0,19155.36,19422.61,444322.9534,19684.228,21058.1445,28251.473250000003,46.58176272150094,-365.85359725813396,-444.9762503600471,79.12265310191316,21540.689342358957,17827.76665764104,359472.1469415
2022-10-01 00:00:00+00:00,19422.61,19484.0,19159.42,19310.95,165625.13959,19558.432,20996.86383333333,28151.626350000002,45.59369326568834,-344.2498677187068,-424.8309738317791,80.58110611307228,21137.303282351193,17979.56071764881,353718.2763465
2022-10-02 00:00:00+00:00,19312.24,19395.91,18920.35,19056.8,206812.47032,19391.485,20934.171,28041.340350000002,43.34028199600231,-343.67486745028145,-408.5997525554796,64.92488510519814,20297.913661456267,18485.056338543734,344289.1189485
2022-10-03 00:00:00+00:00,19057.74,19719.1,18959.68,19629.08,293585.75212,19364.2605,20884.272666666668,27934.89625,49.40419967144057,-293.6558801465253,-385.6109780736888,91.95509792716348,20205.454361169002,18523.066638831,337372.654888
2022-10-04 00:00:00+00:00,19629.08,20475.0,19490.6,20337.82,327012.00127,19369.816,20834.696,27827.797800000004,55.724088741424616,-194.5830453057315,-347.40539152009734,152.82234621436584,20234.84978532021,18504.782214679788,336681.934876
2022-10-05 00:00:00+00:00,20337.82,20365.6,19730.0,20158.26,312239.75224,19392.635,20788.096833333333,27717.583450000002,53.88758817052921,-129.06828244977441,-303.7379697060328,174.66968725625838,20313.76263008684,18471.507369913157,335640.43445
2022-10-06 00:00:00+00:00,20158.26,20456.6,19853.0,19960.67,320122.1702,19400.5035,20734.534833333335,27611.07625,51.862061723432646,-92.0303539164779,-261.39644654812184,169.36609263164394,20338.07059708713,18462.936402912866,337456.98942799994
2022-10-07 00:00:00+00:00,19960.67,20068.82,19320.0,19530.09,220874.83913,19371.326999999997,20663.203,27503.71545,47.65809361104458,-96.3115169867815,-228.3794606358538,132.0679436490723,20252.960990164516,18489.69300983548,339533.2192155
2022-10-08 00:00:00+00:00,19530.09,19627.38,19237.14,19417.96,102480.09842,19371.416,20601.00316666667,27388.9846,46.59875070857287,-107.51298073717044,-204.20616465611715,96.69318391894672,20253.068442828473,18489.76355717153,331946.3506845
2022-10-09 00:00:00+00:00,19416.52,19558.0,19316.04,19439.02,113900.82681,19366.516,20525.75266666667,27271.765900000002,46.837765265494625,-113.38383717137913,-186.04169915916955,72.65786198779043,20245.517770843162,18487.514229156837,318615.77187199995
2022-10-10 00:00:00+00:00,19439.96,19525.0,19020.25,19131.87,212509.09849,19379.3595,20445.710666666666,27147.467950000006,43.76137962140456,-141.19338181730927,-177.0720356907975,35.87865387348822,20236.493354534054,18522.225645465944,313036.3103665
2022-10-11 00:00:00+00:00,19131.87,19268.09,18860.0,19060.0,243473.84286,19409.2915,20356.64933333333,27021.202150000005,43.04887412882863,-167.10566458187895,-175.07876146901378,7.97309688713483,20172.801963412512,18645.781036587487,305958.297499
2022-10-12 00:00:00+00:00,19060.0,19238.31,18965.88,19155.53,213826.26731,19396.9865,20268.551833333335,26894.42345,44.345965822282416,-177.8823457839535,-175.63947833200172,-2.2428674519517813,20168.484922357682,18625.488077642316,297683.52480899997
2022-10-13 00:00:00+00:00,19155.1,19513.79,18190.0,19375.13,399756.68337,19401.2475,20186.38333333334,26757.1603,47.316407225181614,-166.78051657436663,-173.8676859804747,7.0871694061080746,20171.27325097486,18631.221749025142,298377.013063
2022-10-14 00:00:00+00:00,19375.58,19951.87,19070.37,19176.93,351634.32601,19414.069,20104.418500000003,26617.4339,44.98280479554442,-171.99269577968153,-173.49268794031607,1.499992160634548,20159.80496542301,18668.33303457699,303983.9009905
2022-10-15 00:00:00+00:00,19176.93,19227.68,18975.18,19069.39,113847.64232,19427.1695,20024.662666666667,26475.60685,43.722794526207466,-182.69497070373836,-175.33314449300053,-7.361826210737831,20138.212432450902,18716.126567549098,300116.7106465
2022-10-16 00:00:00+00:00,19068.4,19425.84,19063.74,19262.98,131894.61885,19428.927499999998,19956.667999999998,26336.5818,46.62142022906592,-173.55487304362396,-174.97749020312523,1.4226171595012715,20138.16179364659,18719.693206353408,284749.4806175
2022-10-17 00:00:00+00:00,19262.98,19676.96,19152.03,19549.86,222813.87634,19452.464,19895.979,26206.7794,50.67577648960073,-141.5309803122691,-168.288188224954,26.75720791268492,20144.74334510959,18760.18465489041,266227.137354
2022-10-18 00:00:00+00:00,19548.48,19706.66,19091.0,19327.44,260313.07848,19448.195,19870.863166666666,26071.99915,47.653671762704256,-132.57105318300455,-161.14476121656415,28.573708033559598,20142.449755107493,18753.940244892507,253173.5185045
2022-10-19 00:00:00+00:00,19327.44,19360.16,19065.97,19123.97,186137.29538,19424.818,19837.2615,25938.564,45.009299551998716,-140.27161109388544,-156.97013119202842,16.69852009814298,20129.601839736253,18720.034160263745,242159.1366455
2022-10-20 00:00:00+00:00,19123.35,19347.82,18900.0,19041.92,223530.13068,19405.783499999998,19796.033333333333,25801.73685,43.9501686367164,-151.25157400305397,-155.82641975423354,4.574845751179566,20130.070882618522,18681.496117381474,231119.4955095
2022-10-21 00:00:00+00:00,19041.92,19250.0,18650.0,19164.37,269310.75769,19398.4545,19758.77566666667,25664.656150000003,45.992681919368096,-148.36235321675122,-154.3336064467371,5.9712532299858765,20129.368156123892,18667.540843876108,236303.7764145
2022-10-22 00:00:00+00:00,19164.37,19257.0,19112.72,19204.35,110403.90837,19405.832000000002,19720.0295,25533.190149999995,46.675936419021134,-141.21869188028722,-151.71062353344712,10.491931653159895,20125.697830966714,18685.96616903329,231483.348317
2022-10-23 00:00:00+00:00,19204.29,19695.0,19070.11,19570.4,167057.20184,19402.897999999997,19690.068166666668,25415.1898,52.589953506894446,-104.81190659524873,-142.33088014580744,37.51897355055871,20119.571546737556,18686.22445326244,225156.92080300004
2022-10-24 00:00:00+00:00,19570.4,19601.15,19157.0,19329.72,256168.14467,19352.493,19652.912833333332,25294.617449999998,48.7607046979652,-94.29317844776233,-132.72333980619842,38.430161358436095,19926.69983661328,18778.286163386718,221614.727973
2022-10-25 00:00:00+00:00,19330.6,20415.87,19237.0,20080.07,326370.67061,19348.5835,19650.229833333335,25183.75775,58.82629622307677,-25.120463478106103,-111.20276454057996,86.08230106247386,19901.46135358109,18795.70564641891,222321.27389150002
2022-10-26 00:00:00+00:00,20079.02,21020.0,20050.41,20771.59,380492.69576,19389.1295,19662.463,25073.845849999998,65.54407384903826,84.52494526994997,-72.05722257847398,156.58216784842395,20182.324010588924,18595.934989411075,225339.8001695
2022-10-27 00:00:00+00:00,20771.61,20872.21,20200.0,20295.11,328643.57791,19427.3805,19674.788,24964.52715,58.46572966593945,131.4564199840097,-31.354494065977246,162.81091404998693,20312.530846770747,18542.23015322925,230728.23710849998
2022-10-28 00:00:00+00:00,20295.11,20750.0,20000.09,20591.84,287039.94569,19486.0745,19679.889833333335,24869.8341,61.27076675488846,190.39878427583608,12.99616160238542,177.40262267345065,20506.313016283486,18465.83598371651,239956.229472
2022-10-29 00:00:00+00:00,20591.84,21085.0,20554.01,20809.67,254881.77755,19554.606999999996,19696.52333333333,24773.50775,63.23377439018923,251.78566474064428,60.75406223003719,191.0316025106071,20725.94725808613,18383.266741913863,247005.27700899998
2022-10-30 00:00:00+00:00,20809.68,20931.21,20515.0,20627.48,192795.60886,19629.3875,19706.147666666664,24670.9062,60.47296830222537,282.47777148953537,105.09880408193683,177.37896740759854,20872.021592596946,18386.753407403055,246019.60252749998
2022-10-31 00:00:00+00:00,20627.48,20845.92,20237.95,20490.74,303567.61628,19700.9245,19712.135666666665,24573.647999999997,58.41166404431107,292.39713978009604,142.55847122156868,149.83866855852736,20968.684145764208,18433.164854235794,249024.29119849997
2022-11-01 00:00:00+00:00,20490.74,20700.0,20330.74,20483.62,279932.43771,19767.329,19720.998333333337,24473.3066,58.300229413349925,296.2685862780527,173.3004942328655,122.96809204518718,21052.866905300787,18481.791094699216,252329.5997185
2022-11-02 00:00:00+00:00,20482.81,20800.0,20048.04,20151.84,373716.27299,19806.1645,19726.330666666665,24372.172249999996,53.20645382816221,269.45871004394576,192.53213739508155,76.92657264886421,21088.88841902081,18523.44058097919,251027.5791995
2022-11-03 00:00:00+00:00,20151.84,20393.32,20031.24,20207.82,319185.1544,19857.709,19729.78933333333,24274.820750000003,53.937731380153714,249.84870775176387,203.99545146641802,45.85325628534585,21117.800872620828,18597.61712737917,249405.120619
2022-11-04 00:00:00+00:00,20207.12,21302.05,20180.96,21148.52,453694.39165,19961.6655,19752.317333333332,24176.557699999994,64.09276162974142,306.6790625627109,224.5321736856766,82.14688887703429,21285.88336359647,18637.44763640353,266397.45808550005
2022-11-05 00:00:00+00:00,21148.52,21480.65,21080.65,21299.37,245621.98525,20063.485,19794.129999999997,24075.588649999998,65.4097106003522,359.74296946515824,251.57433284157298,108.16863662358526,21467.886113723896,18659.083886276105,272083.8264055
2022-11-06 00:00:00+00:00,21299.37,21365.27,20886.13,20905.58,230036.97217,20131.271,19821.009000000002,23973.3256,59.295853046367775,365.80417322673384,274.42030091860516,91.38387230812867,21560.6153919241,18701.9266080759,272444.981197
2022-11-07 00:00:00+00:00,20905.58,21069.77,20384.89,20591.13,386977.60337,20194.455500000004,19842.198333333337,23873.881199999996,54.88428767197483,341.2999405815099,287.79622885118613,53.503711730323744,21587.33793266538,18801.573067334626,278778.20744150004
2022-11-08 00:00:00+00:00,20590.67,20700.88,17166.83,18547.23,760705.362783,20165.6185,19795.317,23768.07145,36.08937002564312,155.16585585283974,261.27015425151683,-106.10429839867709,21665.71106693707,18665.52593306293,307506.61081165
2022-11-09 00:00:00+00:00,18545.38,18587.76,15588.0,15922.81,731926.929729,20009.663,19699.891500000005,23650.4775,24.491718910565936,-201.789405468513,168.65824230751087,-370.44764777602387,22355.02744230166,17664.29855769834,332926.4507641
2022-11-10 00:00:00+00:00,15922.68,18199.0,15754.26,17601.15,608448.36432,19931.502,19629.462833333335,23541.232600000003,38.17489436688225,-345.2709417690785,65.872405492193,-411.1433472612715,22479.75252194501,17383.25147805499,349883.3310956
2022-11-11 00:00:00+00:00,17602.45,17695.0,16361.6,17070.31,393552.86492,19824.8,19540.70566666667,23424.45375,35.95554070209391,-496.09675007557234,-46.52142562136007,-449.57532445421225,22649.613866669642,16999.986133330356,364040.7789231
2022-11-12 00:00:00+00:00,17069.98,17119.1,16631.39,16812.08,167819.96035,19686.884,19484.680833333332,23317.9509,34.892835819928365,-629.2111383490301,-163.05936816689407,-466.15177018213603,22802.30412845542,16571.463871544576,364078.9168486
2022-11-13 00:00:00+00:00,16813.16,16954.28,16229.0,16329.85,184960.78846,19536.8905,19419.733166666665,23203.421550000003,32.93516823102942,-764.8010307188415,-283.4077006772836,-481.39333004155793,22978.441401478623,16095.33959852138,360518.5490381
2022-11-14 00:00:00+00:00,16331.78,17190.0,15815.21,16619.46,380210.7775,19363.859999999997,19368.359500000002,23087.8085,35.283511814671925,-839.2139545901373,-394.56895145985436,-444.64500313028293,23020.058263547726,15707.661736452266,363210.5543826
2022-11-15 00:00:00+00:00,16617.72,17134.69,16527.72,16900.57,282461.84391,19170.309,19319.980666666666,22979.330799999996,37.5686727521286,-865.5262572859901,-488.7604126250816,-376.76584466090856,22916.661433795518,15423.956566204486,358309.0117901
2022-11-16 00:00:00+00:00,16900.57,17015.92,16378.61,16662.76,261493.40809,18988.6915,19262.466333333334,22874.4906,36.39778488905256,-895.2483604546942,-570.0580021910041,-325.1903582636901,22849.745997483908,15127.637002516092,354951.50329910003
2022-11-17 00:00:00+00:00,16661.61,16751.0,16410.74,16692.56,228038.97873,18793.7275,19217.072666666667,22765.61165,36.66416988125326,-905.9554400261331,-637.2374897580299,-268.7179502681032,22704.75357224816,14882.701427751843,352001.4549511
2022-11-18 00:00:00+00:00,16692.56,17011.0,16546.04,16700.45,214224.18184,18588.2665,19169.7965,22656.488100000002,36.73971633273541,-903.3904973538847,-690.468091277201,-212.92240607668373,22485.807436726773,14690.725563273229,349968.5751656
2022-11-19 00:00:00+00:00,16699.43,16822.41,16553.53,16700.68,104963.15558,18391.926499999998,19133.557833333332,22551.346749999997,36.742085059634064,-891.0675309029357,-730.5879792023479,-160.47955170058776,22254.250410593355,14529.602589406642,345576.9525016
2022-11-20 00:00:00+00:00,16700.68,16753.33,16180.0,16280.23,154842.13478,18181.401,19097.20566666667,22434.2979,34.21959249704304,-904.7983403114195,-765.4300514241622,-139.36828888725722,22022.118491017314,14340.68350898269,338140.6784266
2022-11-21 00:00:00+00:00,16279.5,16319.0,15476.0,15781.29,324096.997753,17946.2845,19036.866666666665,22330.4395,31.45942448270597,-945.0464862546869,-801.3533383902671,-143.69314786441976,21770.164188116443,14122.40481188356,340348.90642875
2022-11-22 00:00:00+00:00,15781.29,16315.0,15616.63,16226.94,239548.06623,17750.039500000003,18985.817166666668,22231.505349999996,36.39441379487417,-930.2597460534889,-827.1346199229115,-103.12512613057743,21503.217028216546,13996.861971783459,333640.49609075
2022-11-23 00:00:00+00:00,16227.96,16706.0,16160.2,16603.11,264927.70408,17569.804,18947.194000000003,22137.15895,40.30170117658081,-878.0655792741672,-837.3208117931628,-40.74476748100449,21176.929541872196,13962.678458127804,330927.62357475003
2022-11-24 00:00:00+00:00,16603.11,16812.63,16458.05,16598.95,206565.92346,17342.3255,18910.386833333334,22049.9617,40.27223798994116,-827.4981200678667,-835.3562734481036,7.8581533802368995,20572.09927831791,14112.551721682088,318571.20016525
2022-11-25 00:00:00+00:00,16599.55,16666.0,16342.81,16522.14,182089.49533,17103.464,18865.292166666663,21982.19085,39.69520125166978,-784.5768557886549,-825.2003899162139,40.62353412755897,19787.8857273497,14419.042272650298,315394.57566925
2022-11-26 00:00:00+00:00,16521.35,16701.99,16385.0,16458.57,181804.81666,16881.1135,18821.616166666667,21909.398200000003,39.19465561242582,-747.079148951223,-809.5761417232158,62.49699277199272,18930.58208224817,14831.64491775183,312982.96789375
2022-11-27 00:00:00+00:00,16457.61,16600.0,16401.0,16428.78,162025.47607,16672.996,18771.882166666666,21846.0224,38.94681039354399,-711.5632914694615,-789.973571672465,78.41028020300348,17819.79438131534,15526.197618684659,301735.36152875
2022-11-28 00:00:00+00:00,16428.77,16487.04,15995.27,16212.91,252695.40367,16556.28,18715.572166666665,21781.938199999997,37.115284920992345,-692.8488926849532,-770.5486358749627,77.69974319000949,17331.161434086258,15781.398565913742,276334.86357310007
2022-11-29 00:00:00+00:00,16212.18,16548.71,16100.0,16442.53,248106.25009,16582.266,18665.904166666667,21717.7156,40.32969603843117,-651.9736356009671,-746.8336358201636,94.86000021919654,17303.42556100405,15861.106438995948,252143.82959115
2022-11-30 00:00:00+00:00,16442.91,17249.0,16428.3,17163.64,303019.80719,16560.3905,18630.11566666667,21653.100099999996,49.12476486369646,-554.994518106665,-708.465812277464,153.47129417079896,17175.314224465543,15945.466775534462,236872.40173465
2022-12-01 00:00:00+00:00,17165.53,17324.0,16855.01,16977.37,232818.18218,16555.7435,18595.4585,21581.3425,47.18987650040647,-487.54814949310094,-664.2822797205914,176.73413022749048,17156.42279035599,15955.064209644011,228835.66759765003
2022-12-02 00:00:00+00:00,16978.0,17105.73,16787.85,17092.74,202372.2062,16569.7765,18553.186166666666,21517.436149999998,48.54177744186208,-419.9461438899598,-615.4150525544651,195.4689086645053,17205.82624448746,15933.72675551254,230563.27989015
2022-12-03 00:00:00+00:00,17092.13,17188.98,16858.74,16885.2,154542.57306,16597.544,18495.642499999998,21449.6375,46.24818633173105,-378.75179597992246,-568.0824012395566,189.33060525963413,17237.747555931663,15957.34044406834,229042.36912014996
2022-12-04 00:00:00+00:00,16885.2,17202.84,16878.25,17105.7,178619.13387,16621.856000000003,18444.7665,21391.5894,49.00507208373865,-324.5710186033393,-519.3801247123132,194.80910610897388,17299.38440642111,15944.327593578897,218962.78693864998
2022-12-05 00:00:00+00:00,17106.65,17424.25,16867.0,16966.35,233703.29225,16625.145,18394.861166666666,21324.825,47.352164601701055,-289.539115888314,-473.4119229475134,183.87280705919943,17308.665589208198,15941.624410791803,216524.85935565
2022-12-06 00:00:00+00:00,16966.35,17107.01,16906.37,17088.96,218730.76883,16646.455,18354.175666666662,21264.264750000002,48.982694015047635,-249.01202269690475,-428.53194289739173,179.51992020048698,17359.284449918778,15933.625550081226,214386.72739265003
2022-12-07 00:00:00+00:00,17088.96,17142.21,16678.83,16836.64,220657.41334,16653.659,18311.153666666665,21201.222649999996,45.836604856392924,-234.5503739264641,-389.73562910320624,155.18525517674215,17371.103887672565,15936.214112327436,214017.64912315
2022-12-08 00:00:00+00:00,16836.64,17299.0,16733.49,17224.1,236417.97804,16679.841500000002,18274.23833333333,21135.873450000003,51.03721558548382,-189.63859356299872,-349.71622199516474,160.07762843216602,17439.201612846653,15920.481387153352,215127.33893315
2022-12-09 00:00:00+00:00,17224.1,17360.0,17058.21,17128.56,238422.06465,16701.235500000003,18240.849833333334,21075.9705,49.76826698134747,-159.91160218349614,-311.75529803283104,151.8436958493349,17485.441963803038,15917.029036196967,221800.28438665002
2022-12-10 00:00:00+00:00,17128.56,17227.72,17092.0,17127.49,140573.97937,16743.5985,18208.641333333333,21013.335049999998,49.75334719557638,-134.88422600657577,-276.38108362758,141.4968576210042,17523.784847190484,15963.412152809517,221086.87661615
2022-12-11 00:00:00+00:00,17127.49,17270.99,17071.0,17085.05,155286.47871,16808.7865,18174.133333333335,20951.04955,49.1243007229517,-117.1242677368391,-244.52972044943184,127.40545271259273,17464.380223659995,16153.192776340002,212646.35066399997
2022-12-12 00:00:00+00:00,17085.05,17241.89,16871.85,17209.83,226227.49694,16857.931,18138.045,20891.091949999998,51.082595749148105,-91.92106091311871,-214.00798854216922,122.0869276290505,17478.092681214945,16237.769318785058,211980.3221995
2022-12-13 00:00:00+00:00,17208.93,18000.0,17080.14,17774.7,284462.9139,16916.5105,18114.6745,20836.81645,58.811709645939644,-26.0665705422507,-176.41970494218552,150.35313439993482,17641.755707519707,16191.265292480293,212957.0826905
2022-12-14 00:00:00+00:00,17775.82,18387.95,17660.94,17803.15,266681.22209,16976.7205,18093.570499999998,20780.67555,59.16169706558182,28.095398500932788,-135.51668425356186,163.61208275449465,17782.03821431545,16171.402785684551,215962.847622
2022-12-15 00:00:00+00:00,17804.01,17854.82,17275.51,17356.34,223701.96882,17018.4305,18061.793166666666,20720.116749999997,51.727628930851054,34.56685118718087,-101.49997716541333,136.0668283525942,17811.57060827232,16225.290391727678,218043.4712965
2022-12-16 00:00:00+00:00,17356.96,17531.73,16527.32,16632.12,253379.04116,17027.108,18013.16416666667,20644.60625,42.42263898802748,-18.529382191827608,-84.90585817069619,66.37647597886858,17799.07201465044,16255.143985349561,221622.18252149998
2022-12-17 00:00:00+00:00,16631.5,16796.82,16579.85,16776.52,144825.66684,17044.495000000003,17970.648833333333,20569.48365,44.56388936081676,-48.39874586834776,-77.60443571022651,29.20568984187875,17776.395812181003,16312.594187819,220762.19205999997
2022-12-18 00:00:00+00:00,16777.54,16863.26,16663.07,16738.21,112619.31646,17070.76,17930.88616666667,20504.14555,44.09535848510893,-74.30518469333765,-76.94458550684874,2.639400813511088,17713.702280279645,16427.81771972035,213758.38769950002
2022-12-19 00:00:00+00:00,16739.0,16815.99,16256.3,16438.88,179094.28305,17070.5775,17887.502166666665,20434.07685,40.511459235061025,-117.63364605543757,-85.08239761656651,-32.551248438871056,17714.23464697049,16426.92035302951,210307.7893475
2022-12-20 00:00:00+00:00,16438.88,17061.27,16397.2,16895.56,248808.92324,17057.173499999997,17849.68866666667,20370.0536,47.51965217205648,-113.80957850659252,-90.82783379457172,-22.9817447120208,17703.679457638595,16410.6675423614,207597.24515
2022-12-21 00:00:00+00:00,16896.15,16925.0,16723.0,16824.67,156810.96362,17049.538500000002,17810.02733333333,20304.85675,46.60188216998281,-115.17158166910303,-95.69658336947799,-19.474998299625042,17703.20097876271,16395.876021237294,203796.884222
2022-12-22 00:00:00+00:00,16824.68,16868.52,16559.85,16821.43,176044.27235,17035.973,17764.211166666664,20239.36785,46.55762372727833,-115.1846430452133,-99.59419530462506,-15.590447740588246,17696.7089295628,16375.237070437202,202480.48752949998
2022-12-23 00:00:00+00:00,16821.9,16955.14,16731.13,16778.5,161612.00947,17030.638,17721.690833333334,20166.394849999997,45.93512547024639,-117.30684619691965,-103.13672548308398,-14.170120713835672,17697.84867838818,16363.427321611816,202833.95935
2022-12-24 00:00:00+00:00,16778.52,16869.99,16776.62,16836.12,100224.29096,17017.159,17667.625,20094.948800000002,46.960178737861426,-113.03624358134402,-105.116629102736,-7.919614478608025,17688.63792393375,16345.680076066248,198914.2172045
2022-12-25 00:00:00+00:00,16835.73,16857.96,16721.0,16832.11,125441.07202,17010.447,17601.967,20028.0855,46.89354409201881,-108.72205357106213,-105.83771399640122,-2.8843395746609133,17686.491419469043,16334.402580530957,193501.106193
2022-12-26 00:00:00+00:00,16832.11,16944.52,16791.0,16919.39,124564.00656,17001.9685,17545.705,19962.1328,48.60302006736831,-97.1404852886917,-104.09826825485932,6.957782966167613,17678.11488537985,16325.822114620147,188792.7680795
2022-12-27 00:00:00+00:00,16919.39,16972.83,16592.37,16706.36,173749.58616,16995.4545,17480.946999999996,19900.2052,44.811479732083434,-103.95343908126233,-104.06930242013993,0.11586333887760247,17680.300745627617,16310.60825437238,186447.3767205
2022-12-28 00:00:00+00:00,16706.06,16785.19,16465.33,16547.31,193037.56577,16961.614999999998,17409.90766666667,19840.81825,42.166642008277975,-120.79431810300593,-107.41430555671315,-13.38001254629279,17664.569393080565,16258.66060691943,184278.356107
2022-12-29 00:00:00+00:00,16547.32,16664.41,16488.91,16633.47,160998.47158,16936.860500000003,17343.340833333335,19791.112950000002,44.09169535364357,-125.73900317015068,-111.07924507940065,-14.659758090750032,17649.359931066643,16224.361068933362,180407.1764535
2022-12-30 00:00:00+00:00,16633.47,16677.35,16333.0,16607.48,164916.31174,16910.86,17278.619833333334,19761.7133,43.62002826416802,-130.25339741740027,-114.91407554700058,-15.339321870399687,17631.541425299212,16190.178574700789,181624.293072
2022-12-31 00:00:00+00:00,16607.48,16644.09,16470.0,16542.4,114490.42864,16883.7275,17212.932833333336,19733.74325,42.396990808645555,-137.49751373740946,-119.43076318508237,-18.066750552327093,17616.885838727947,16150.569161272055,179584.49056849998
2023-01-01 00:00:00+00:00,16541.77,16628.0,16499.01,16616.75,96925.41374,16854.0735,17154.014666666666,19703.9084,44.3178174755228,-135.67512608228935,-122.67963576452378,-12.995490317765572,17580.014640714824,16128.132359285173,173119.3864085
2023-01-02 00:00:00+00:00,16617.17,16799.23,16548.7,16672.87,121888.57191,16798.982,17095.098833333333,19685.266200000002,45.78730325910267,-128.2243650866003,-123.7885816289391,-4.435783457661202,17392.19912506921,16205.764874930788,164990.669309
2023-01-03 00:00:00+00:00,16672.78,16778.4,16605.28,16675.18,159541.53733,16742.5835,17020.543166666666,19666.298049999998,45.85064957925429,-120.74135444796775,-123.17913619274483,2.4377817447770838,17117.520970603324,16367.646029396677,159633.68507099999
2023-01-04 00:00:00+00:00,16675.65,16991.87,16652.66,16850.36,220362.18862,16717.2845,16946.393,19655.695900000002,50.56787753622996,-99.52815403937348,-118.44893976207058,18.920785722697104,16972.238801376614,16462.33019862339,159466.696061
2023-01-05 00:00:00+00:00,16850.36,16879.82,16753.0,16831.85,163473.56641,16727.271,16878.4975,19636.98515,50.0715241331216,-83.25048244814388,-111.40924829928525,28.158765851141368,16983.74171452201,16470.80028547799,154971.42232349998
2023-01-06 00:00:00+00:00,16831.85,17041.0,16679.0,16950.65,207401.28415,16735.9775,16817.82283333333,19618.86895,53.24365802413459,-60.07167442141872,-101.14173352371195,41.07005910229323,17009.781366967625,16462.173633032377,158100.203189
2023-01-07 00:00:00+00:00,16950.31,16981.91,16908.0,16943.57,104526.5688,16746.2455,16791.095166666666,19599.9692,53.02743332172109,-41.79184848114892,-89.27175651519936,47.47990803405044,17034.628513838223,16457.86248616178,157695.565806
2023-01-08 00:00:00+00:00,16943.83,17176.99,16911.0,17127.83,135155.89695,16780.693000000003,16811.17883333333,19585.668400000002,57.82751976548173,-12.294983730436797,-73.87640195824686,61.58141822781006,17078.425896495155,16482.96010350485,155498.646501
2023-01-09 00:00:00+00:00,17127.83,17398.8,17104.66,17178.26,266211.52723,16794.828,16804.130666666668,19566.00905,59.060593078445955,14.978115247813548,-56.10549851703478,71.08361376484834,17136.615511643395,16453.040488356608,156368.7767005
2023-01-10 00:00:00+00:00,17179.04,17499.0,17146.34,17440.66,221382.42581,16825.6275,16810.30316666667,19547.0239,64.82384572576932,57.107430797754205,-33.46291265407699,90.57034345183119,17268.646632505992,16382.608367494007,159597.34980999999
2023-01-11 00:00:00+00:00,17440.64,18000.0,17315.6,17943.26,262221.60653,16881.719,16829.156166666668,19529.284249999997,72.7397323315316,129.55737966681772,-0.8588541898980431,130.41623385671576,17540.12456155558,16223.31343844442,163906.216519
2023-01-12 00:00:00+00:00,17943.26,19117.04,17892.05,18846.62,454568.32178,16985.125,16871.102333333332,19518.327,81.01105680430587,256.9066287275782,50.694242393597214,206.212386333981,18062.512133629894,15907.737866370104,178554.0321345
2023-01-13 00:00:00+00:00,18846.62,20000.0,18714.12,19930.01,368615.87823,17139.8195,16926.278166666667,19514.26425,86.35734608131426,440.17824404608837,128.59104272409544,311.5872013219929,18811.665939428614,15467.973060571388,191973.611498
2023-01-14 00:00:00+00:00,19930.01,21258.0,19888.05,20954.92,393913.74951,17345.96,16993.850666666665,19517.6324,89.39831589644338,660.5100424404045,234.97484266735728,425.5351997730472,19694.82275286807,14997.09724713193,205397.24537249998
2023-01-15 00:00:00+00:00,20952.76,21050.74,20551.01,20871.5,178542.22549,17543.5655,17063.996333333333,19521.37485,87.68511512254926,818.9529039466033,351.7704549232065,467.1824490233968,20338.28526459713,14748.845735402872,208096.156319
2023-01-16 00:00:00+00:00,20872.99,21474.05,20611.48,21185.65,293078.08262,17767.53,17138.881166666666,19527.59205,88.57320120970122,958.8166512355492,473.1796941856751,485.6369570498741,20949.132028030952,14585.927971969048,214062.58114199998
2023-01-17 00:00:00+00:00,21185.65,21647.45,20841.31,21134.81,275407.74409,17996.905,17212.787166666665,19536.8671,87.4738008645451,1053.4142122028352,589.2265977891071,464.18761441372806,21443.942489246452,14549.867510753546,218181.090058
2023-01-18 00:00:00+00:00,21132.29,21650.0,20407.15,20677.47,350916.01949,18199.105,17279.067,19543.9904,78.08443371018987,1079.0414270666333,687.1895636446123,391.851863422021,21774.55222185496,14623.65777814504,227676.96745350002
2023-01-19 00:00:00+00:00,20677.47,21192.0,20659.19,21071.59,251385.84925,18422.3105,17358.923,19552.769200000002,80.06981374999543,1118.2627329905008,773.40419751379,344.8585354767108,22127.45827603663,14717.162723963369,232000.444329
2023-01-20 00:00:00+00:00,21071.59,22755.93,20861.28,22667.21,338079.13659,18728.551,17473.688333333335,19564.9217,85.71293754791556,1263.533867455175,871.4301315020671,392.10373595310784,22759.680956020515,14697.421043979484,243179.87972650002
2023-01-21 00:00:00+00:00,22666.0,23371.8,22422.0,22783.55,346445.48432,19036.891,17582.96516666667,19577.9603,86.02366931851823,1372.2317207542183,971.5904493524974,400.6412714017208,23310.80924737041,14762.972752629592,255655.88325550003
2023-01-22 00:00:00+00:00,22783.35,23078.71,22292.37,22707.88,253577.75286,19338.641499999998,17684.711333333333,19588.67715,84.73282531347002,1435.719534925789,1064.4162664671558,371.3032684586333,23752.220174742357,14925.062825257639,262240.342303
2023-01-23 00:00:00+00:00,22706.02,23180.0,22500.0,22916.45,293588.37938,19650.704999999998,17790.003,19595.1345,85.38385591788462,1485.7372863715973,1148.6804704480442,337.05681592355313,24148.646696615164,15152.763303384832,268942.6844055
2023-01-24 00:00:00+00:00,22917.81,23162.2,22462.93,22632.89,293158.78254,19939.8315,17891.848833333337,19600.3252,80.36627506444286,1485.3733333861564,1216.0190430356668,269.3542903504897,24423.959288676422,15455.703711323578,272582.51410150004
2023-01-25 00:00:00+00:00,22631.94,23816.73,22300.0,23060.94,346042.83223,20251.286,18001.888333333332,19607.67075,82.07837898624567,1502.307292347581,1273.2766928980498,229.03059944953134,24693.778572395015,15808.793427604985,281710.9773925
2023-01-26 00:00:00+00:00,23060.42,23282.47,22850.01,23009.65,288924.43581,20554.235999999997,18111.569499999998,19618.40665,81.165066386614,1494.362818116817,1317.4939179418034,176.86890017501355,24879.915164730624,16228.55683526937,285787.1349755
2023-01-27 00:00:00+00:00,23009.65,23500.0,22534.88,23074.16,280833.86315,20860.7655,18225.92366666667,19633.9594,81.44473064584216,1476.2548361056251,1349.246101574568,127.00873453105714,24983.662600237578,16737.868399762425,294602.499693
2023-01-28 00:00:00+00:00,23074.16,23189.0,22878.46,23022.6,148115.71085,21155.503999999997,18335.5915,19652.42865,80.41697199695808,1441.1312053435176,1367.623122328358,73.50808301515963,25002.391255595645,17308.61674440435,295250.49038800003
2023-01-29 00:00:00+00:00,23021.4,23960.54,22967.76,23742.3,295688.79204,21483.706,18445.235833333332,19669.9658,83.53942812870586,1454.6015093863825,1385.018799739963,69.58270964641952,25025.214730479704,17942.197269520293,296724.3536285
2023-01-30 00:00:00+00:00,23743.37,23800.51,22500.0,22826.15,302405.90121,21752.980499999998,18542.715500000002,19681.15235,68.55456878767546,1375.495320139209,1383.1141038198123,-7.618783680603201,24809.68396119259,18696.277038807406,300775.5273985
2023-01-31 00:00:00+00:00,22827.38,23320.0,22714.77,23125.13,264649.34909,22012.074,18643.255333333334,19692.6278,70.41935499072093,1321.6926326077883,1370.8298095774076,-49.137176969619304,24571.113482920024,19453.034517079977,300896.9145265
2023-02-01 00:00:00+00:00,23125.13,23812.66,22760.23,23732.66,310790.42271,22256.375999999997,18757.379666666668,19705.3131,73.81716046022225,1312.941437161713,1359.2521350942689,-46.31069793255574,24469.521417224852,20043.23058277514,293708.01957299997
2023-02-02 00:00:00+00:00,23731.41,24255.0,23363.27,23488.94,364177.20751,22434.322500000002,18863.767,19718.767,70.32718609570013,1271.6807405910076,1341.7378561936166,-70.05711560260897,24432.52165422919,20436.123345770815,293486.086037
2023-02-03 00:00:00+00:00,23489.33,23715.7,23204.62,23431.9,332571.02904,22558.1715,18971.526166666667,19723.7636,69.49902157109551,1220.311696376455,1317.4526242301845,-97.14092785372941,24479.824794186585,20636.518205813416,290418.95001350006
2023-02-04 00:00:00+00:00,23431.9,23587.78,23253.96,23326.84,166126.47295,22680.9385,19075.490833333337,19723.4147,67.91271530408366,1157.7777535146124,1285.5176500870703,-127.73989657245784,24464.660042365307,20897.216957634693,289798.1623865
2023-02-05 00:00:00+00:00,23327.66,23433.33,22743.0,22932.91,209251.33917,22768.3015,19177.095333333335,19721.96275,62.181630942903574,1064.1652597793836,1241.247172025533,-177.0819122461494,24416.52895800997,21120.074041990032,285606.825214
2023-02-06 00:00:00+00:00,22932.91,23158.25,22628.13,22762.52,265371.6069,22849.687,19269.402333333335,19720.0144,59.829764111770004,965.102533807003,1186.0182443818271,-220.91571057482406,24318.192071128782,21381.18192887122,285105.0183545
2023-02-07 00:00:00+00:00,22762.52,23350.25,22745.78,23240.46,308006.72482,22977.836499999998,19371.267333333333,19722.792550000002,63.94870404975993,914.6172352952271,1131.7380425645072,-217.12080726928002,24063.033871457304,21892.63912854269,282959.553621
2023-02-08 00:00:00+00:00,23242.42,23452.0,22665.85,22963.0,280056.30717,23072.407,19468.525833333333,19725.3522,60.09622775245862,842.5066767997305,1073.8917694115519,-231.3850926118214,23716.742237070564,22428.071762929434,284393.076517
2023-02-09 00:00:00+00:00,22961.85,23011.39,21688.0,21796.35,402894.6955,23028.864,19547.0475,19721.43555,47.216028796364135,683.3424879294726,995.7819131151361,-312.4394251856636,23865.769788020858,22191.958211979145,287633.85446249996
2023-02-10 00:00:00+00:00,21797.83,21938.16,21451.0,21625.19,338591.94247,22970.946000000004,19620.636833333334,19723.006999999998,45.66953450868512,537.2000323994471,904.0655369719984,-366.86550457255134,24004.8791057002,21937.012894299805,287241.17737
2023-02-11 00:00:00+00:00,21625.19,21906.32,21599.78,21862.55,177021.58433,22928.679500000002,19688.767666666667,19726.046400000003,48.203213657814814,435.51372071752485,810.3551737211038,-374.841453003579,24066.10617168741,21791.252828312594,283413.3689435
2023-02-12 00:00:00+00:00,21862.02,22090.0,21630.0,21783.54,204435.65163,22872.034,19755.107500000002,19720.20185,47.41063356088692,344.5790466565595,717.1999483081951,-372.62090165163556,24114.2672975504,21629.8007024496,278955.732556
2023-02-13 00:00:00+00:00,21782.37,21894.99,21351.07,21773.97,295730.76791,22829.088,19828.734666666667,19709.85705,47.309166046693925,268.64368610558813,627.4886958676738,-358.8450097620856,24157.80056069587,21500.37543930413,279084.3318245
2023-02-14 00:00:00+00:00,21774.63,22319.08,21532.77,22199.84,361958.40109,22786.033,19921.529999999995,19701.9875,52.210697021922755,240.0612391086106,550.0032045158612,-309.94196540725056,24137.514289537892,21434.551710462107,279880.1102675
2023-02-15 00:00:00+00:00,22199.84,24380.0,22047.28,24324.05,375669.16111,22851.753,20047.32216666667,19705.3902,68.13390604613113,384.384493010024,516.8794622146938,-132.49496920466981,24359.175816694424,21344.330183305578,284217.3465325
2023-02-16 00:00:00+00:00,24322.87,25250.0,23505.25,23517.72,450080.68366,22873.931,20160.314,19706.5122,59.96609435866966,428.75519628879556,499.2546090295142,-70.49941274071864,24406.629772702236,21341.232227297765,292679.68755800003
2023-02-17 00:00:00+00:00,23517.72,25021.11,23339.37,24569.97,496813.21376,22951.2995,20295.832166666667,19713.022,65.73830388597727,542.5726396406644,507.9182151517443,34.65442448892014,24653.09594854074,21249.50305145926,310114.5627035
2023-02-18 00:00:00+00:00,24568.24,24877.0,24430.0,24631.95,216917.25213,22995.782,20424.772,19721.2428,66.04882154281896,630.5069597637485,532.4359640741452,98.07099568960325,24820.056443024085,21171.507556975914,306175.985708
2023-02-19 00:00:00+00:00,24632.05,25192.0,24192.57,24271.76,300395.99542,23068.0625,20548.890166666668,19728.509749999997,62.50357020738603,663.4830002047529,558.6453713002668,104.83762890448611,24972.517363986484,21163.607636013516,306075.49041850003
2023-02-20 00:00:00+00:00,24272.51,25121.23,23840.83,24842.2,346938.56997,23153.916,20682.56966666667,19739.60585,65.64836539955564,727.2630546789878,592.3689079760111,134.89414670297674,25209.719120189948,21098.112879810054,310189.9514625
2023-02-21 00:00:00+00:00,24843.89,25250.0,24148.34,24452.16,376000.82868,23189.891,20810.464,19745.30455,61.82993318409458,737.8309827749981,621.4613229358085,116.36965983918958,25309.147529937487,21070.634470062512,313450.471761
2023-02-22 00:00:00+00:00,24450.67,24476.05,23574.69,24182.21,379425.75365,23224.554500000002,20932.898833333333,19751.44455,59.26079474275304,716.1678952972288,640.4026374080926,75.76525788913625,25384.530274268236,21064.578725731768,314212.89906799997
2023-02-23 00:00:00+00:00,24182.21,24599.59,23608.0,23940.2,398400.45437,23249.9695,21051.366999999995,19755.2736,56.97514928310877,671.7282923411731,646.6677683947088,25.060523946464286,25430.965355471908,21068.97364452809,317504.3703345
2023-02-24 00:00:00+00:00,23940.2,24132.35,22841.19,23185.29,343582.57453,23242.892,21155.798666666666,19752.15005,50.43989996597073,569.0351755825395,631.141249832275,-62.10607424973546,25423.76279634504,21062.02120365496,326377.1754135
2023-02-25 00:00:00+00:00,23184.04,23219.13,22722.0,23157.07,191311.8101,23254.1,21263.310500000003,19752.18565,50.20805556848498,479.84170603566236,600.8813410729524,-121.03963503729005,25430.7833183462,21077.416681653798,325480.19896
2023-02-26 00:00:00+00:00,23157.07,23689.99,23059.18,23554.85,202323.73623,23293.7165,21380.102833333334,19750.18965,53.45563733416417,436.22423894297026,567.949920646956,-131.72568170398574,25461.99515674539,21125.437843254607,322327.8054265
2023-02-27 00:00:00+00:00,23554.85,23897.99,23106.77,23492.09,283706.0859,23306.298000000003,21494.41316666667,19747.978150000003,52.86972487487673,392.07329761459187,532.7745960404832,-140.7012984258913,25476.11419379859,21136.481806201416,321112.7734805
2023-02-28 00:00:00+00:00,23492.09,23600.0,23020.97,23141.57,264140.99894,23315.2265,21603.31466666667,19741.6676,49.59982879720617,325.0523230967483,491.2301414517362,-166.1778183549879,25480.78411914976,21149.66888085024,320317.008069
2023-03-01 00:00:00+00:00,23141.57,24000.0,23020.03,23628.97,315287.41737,23406.8575,21721.424166666668,19737.60555,53.87200253794365,307.7196242796708,454.5280380173231,-146.8084137376523,25459.744412014763,21353.970587985234,315936.6441625
2023-03-02 00:00:00+00:00,23629.76,23796.93,23195.9,23465.32,239315.45219,23498.863999999998,21835.567,19733.40595,52.26992353865392,277.5783972944446,419.13810987274746,-141.55971257830288,25382.02614013091,21615.701859869085,310972.8196485
2023-03-03 00:00:00+00:00,23465.32,23476.95,21971.13,22354.34,319954.19785,23523.4535,21930.258166666667,19724.70355,42.93506312349085,162.1750041032319,367.7454887188444,-205.5704846156125,25331.86811174627,21715.03888825373,318119.4503245
2023-03-04 00:00:00+00:00,22354.34,22410.0,22157.08,22346.57,121257.38132,23551.605000000003,22024.781333333332,19717.1627,42.87738863486754,69.29126295224705,308.05464356552494,-238.7633806132779,25265.88168046509,21837.328319534918,313960.536809
2023-03-05 00:00:00+00:00,22346.57,22662.09,22189.22,22430.24,154841.75786,23584.4185,22117.779333333332,19712.6006,43.7535819803915,2.40398697409546,246.92451224723905,-244.5205252731436,25182.521215114823,21986.315784885177,306916.0863065
2023-03-06 00:00:00+00:00,22430.24,22602.19,22258.0,22410.0,203751.82957,23594.9265,22210.748499999998,19708.6946,43.57944180272988,-51.64255673498337,187.2110984507946,-238.85365518577797,25158.87370304023,22030.979296959773,299005.7577305
2023-03-07 00:00:00+00:00,22409.41,22557.91,21927.0,22197.96,292519.80912,23488.622,22298.203666666665,19715.51245,41.706678276094145,-110.3130675414177,127.70626525235215,-238.01933279376985,25127.129592838814,21850.114407161185,294848.290131
2023-03-08 00:00:00+00:00,22198.56,22287.0,21580.0,21705.44,301460.57272,23398.007999999998,22377.568166666668,19718.3393,37.658538502016654,-194.3122077169246,63.3025706584968,-257.6147783754214,25211.193543211317,21584.82245678868,287417.284584
2023-03-09 00:00:00+00:00,21704.37,21834.99,20042.72,20362.22,443658.28584,23187.6205,22431.474666666665,19712.572350000002,29.30456432051284,-365.06056873514535,-22.370057220231637,-342.69051151491374,25350.74162092358,21024.49937907642,284759.53818800004
2023-03-10 00:00:00+00:00,20362.21,20367.78,19549.09,20150.69,618456.4671,22963.557500000003,22481.015166666664,19706.32665,28.2420485950568,-511.5517282937508,-120.20639143493548,-391.3453368588153,25393.711384708105,20533.4036152919,304836.49893650005
2023-03-11 00:00:00+00:00,20150.69,20686.51,19765.03,20455.73,427831.82133,22772.756,22531.266333333333,19700.9597,32.067204079195136,-596.1606797622444,-215.3972491003973,-380.7634306618471,25356.47193862465,20189.04006137535,311208.290232
2023-03-12 00:00:00+00:00,20455.73,22150.0,20270.6,21997.11,430944.94288,22630.5015,22598.8305,19704.10485,47.34215309832594,-532.6968020835775,-278.85715969703335,-253.83964238654414,25050.924671690886,20210.07832830911,315408.6088775
2023-03-13 00:00:00+00:00,21998.05,24500.0,21813.88,24113.48,687889.31259,22613.5675,22686.611500000003,19716.87705,60.48135272270629,-308.07653550247414,-284.70103485812155,-23.3755006443526,24987.058261895272,20240.07673810473,331003.03307299997
2023-03-14 00:00:00+00:00,24112.27,26386.87,23976.42,24670.41,699360.93423,22637.9775,22765.618166666667,19739.02385,63.091280507113844,-84.15368806141123,-244.5915654987795,160.43787743736826,25084.417231487816,20191.537768512186,346999.79210200004
2023-03-15 00:00:00+00:00,24670.41,25196.97,23896.95,24285.66,581450.72984,22655.250500000002,22821.130499999996,19760.26415,60.13648675316898,61.55114897146268,-183.36302260473107,244.91417157619375,25142.757036664007,20167.743963335997,356152.3058755
2023-03-16 00:00:00+00:00,24285.66,25167.4,24123.0,24998.78,439421.32998,22745.925,22889.918499999996,19787.48,63.54441594321486,231.892988253956,-100.31182043299367,332.20480868694966,25428.654773813807,20063.19522618619,360944.243648
2023-03-17 00:00:00+00:00,24998.78,27756.84,24890.0,27395.13,624460.68091,22957.828,22993.409833333335,19823.027,72.15805816847492,553.8708624695391,30.52471614751289,523.3461463220262,26320.362891695684,19595.29310830432,382601.68718849996
2023-03-18 00:00:00+00:00,27395.13,27724.85,26578.0,26907.49,371238.97174,23125.46,23089.621166666668,19858.50615,68.60570017355764,760.920754091785,176.60392373636734,584.3168303554178,26899.439050992038,19351.48094900796,391047.448964
2023-03-19 00:00:00+00:00,26907.49,28390.1,26827.22,27972.87,372066.99054,23349.499,23211.211166666664,19898.1204,71.86462603775836,999.4554469115828,341.17422837141044,658.2812185401724,27675.552306823964,19023.445693176036,395465.4941959999
2023-03-20 00:00:00+00:00,27972.87,28472.0,27124.47,27717.01,477378.23373,23578.271,23321.968166666666,19936.04815,69.98567537488879,1154.5413122614336,503.8476451494151,650.6936671120186,28301.805087392866,18854.736912607135,406127.3559355
2023-03-21 00:00:00+00:00,27717.01,28438.55,27303.1,28105.47,420929.7422,23802.096,23412.60583333333,19976.8162,71.21616364270304,1293.8784282789966,661.8538017753315,632.0246265036651,28921.663934080196,18682.528065919807,411409.472177
2023-03-22 00:00:00+00:00,28107.81,28868.05,26601.8,27250.97,224113.41296,23991.3785,23487.062833333333,20013.91155,64.91204156084153,1320.1353889391503,793.5101192080953,526.625269731055,29322.69420357421,18660.062796425787,410649.37021549995
2023-03-23 00:00:00+00:00,27250.97,28750.0,27105.0,28295.41,128649.60818,24288.431999999997,23580.188333333335,20055.3871,68.57383270856931,1408.9799548245755,916.6040863313913,492.37586849318427,29877.611047429928,18699.252952570067,401084.140732
2023-03-24 00:00:00+00:00,28295.42,28374.3,27000.0,27454.47,86242.06544,24543.826999999997,23655.822,20093.67525,62.88349141776324,1395.4472363037603,1012.3727163258651,383.0745199778952,30220.85172411469,18866.802275885304,399333.374938
2023-03-25 00:00:00+00:00,27454.46,27787.33,27156.09,27462.95,50844.08102,24795.4625,23736.322999999997,20137.03695,62.916908716925654,1369.6186136871256,1083.821895798117,285.7967178890085,30521.380228651044,19069.54477134896,394133.49109599995
2023-03-26 00:00:00+00:00,27462.96,28194.4,27417.76,27968.05,49671.70353,25073.364999999998,23818.108166666665,20180.412999999997,64.94161634322245,1374.067201509566,1141.870956940407,232.19624456915903,30848.50055325804,19298.229446741956,386429.484794
2023-03-27 00:00:00+00:00,27968.05,28023.86,26508.14,27124.91,88039.46898,25319.7125,23886.695833333335,20219.4387,59.1372535692066,1294.6346455127932,1172.4236946548842,122.21095085790898,31002.81190878038,19636.613091219624,376205.467787
2023-03-28 00:00:00+00:00,27124.9,27520.0,26631.78,27261.07,78602.44341,25597.494,23956.477666666666,20248.9435,59.76270666461615,1228.5092566775675,1183.640807059421,44.86844961814654,31086.587667521137,20108.40033247886,365062.5613215
2023-03-29 00:00:00+00:00,27261.06,28650.0,27240.1,28348.6,89486.16008,25996.813000000002,24045.244333333336,20282.4448,64.44391067791344,1249.456040277575,1196.8038537030518,52.652186574523284,31048.983296952425,20944.64270304758,347353.9550335
2023-03-30 00:00:00+00:00,28348.6,29184.68,27686.0,28028.53,98865.43256,26390.704999999998,24116.681500000002,20313.4531,62.152129083469156,1226.0958731234205,1202.6622575871256,23.433615536294838,30737.4238828062,22043.986117193796,321374.4033065
2023-03-31 00:00:00+00:00,28028.53,28656.69,27511.71,28465.36,78198.12139,26791.1865,24210.668333333335,20343.801199999998,64.03213069606593,1228.6679829243149,1207.8634026545635,20.80458026975134,30265.157763907446,23317.215236092554,303892.71830949996
2023-04-01 00:00:00+00:00,28465.36,28819.71,28220.27,28452.73,30238.44753,27113.9675,24299.461666666666,20385.197,63.93324826946876,1215.673732962914,1209.4254687162338,6.2482642466802645,29872.089598370272,24355.845401629726,283857.393542
2023-04-02 00:00:00+00:00,28452.74,28530.0,27856.43,28171.87,37365.65692,27316.887,24373.448500000002,20424.9228,61.65317991072441,1169.234434754264,1201.38726192384,-32.152827169576085,29738.8239744003,24894.950025599697,251331.21075850003
2023-04-03 00:00:00+00:00,28171.87,28500.99,27200.24,27800.0,79180.01405,27473.366499999996,24445.2995,20465.4134,58.66971449451744,1089.8609169582633,1179.0819929307247,-89.22107597246145,29574.2584306176,25372.474569382393,220322.16474949996
2023-04-04 00:00:00+00:00,27800.0,28444.44,27662.79,28165.47,49722.55691,27667.357,24524.192333333332,20507.22425,60.68337842941933,1044.4079224803936,1152.1471788406584,-107.73925636026479,29192.71746647571,26141.99653352429,193735.756103
2023-04-05 00:00:00+00:00,28165.47,28775.0,27805.1,28170.01,60737.64732,27825.918500000007,24604.91183333333,20547.5062,60.70898790029385,997.2566826760194,1121.1690796077307,-123.91239693171133,28749.189274071116,26902.6477259289,174801.57197
2023-04-06 00:00:00+00:00,28170.01,28182.05,27711.0,28033.82,40118.94963,27857.853000000003,24689.927,20590.594399999998,59.45784299057731,938.0859200637497,1084.5524476989344,-146.46652763518478,28763.324442667767,26952.38155733224,145584.485406
2023-04-07 00:00:00+00:00,28033.83,28100.0,27766.94,27906.33,24762.09387,27907.794999999995,24775.657166666664,20632.44095,58.24766643211624,870.8664801816121,1041.81525419547,-170.94877401385793,28701.352658637854,27114.237341362135,128260.6415125
2023-04-08 00:00:00+00:00,27906.34,28154.99,27859.02,27938.38,19479.96735,27906.070499999994,24853.955833333333,20677.757849999998,58.47647401181955,810.833967679293,995.6189968922347,-184.7850292129417,28699.204788315536,27112.936211684453,110631.290353
2023-04-09 00:00:00+00:00,27938.38,28530.0,27800.0,28323.76,32531.16101,27936.407999999996,24943.301833333335,20727.06985,61.227882044858674,785.302238879136,953.5556452896151,-168.2534064104791,28744.56929134398,27128.24670865601,88388.936717
2023-04-10 00:00:00+00:00,28323.76,29770.0,28170.0,29637.34,67754.0622,28013.001500000002,25073.984999999997,20778.2484,68.813338240048,861.1364429373716,935.0718048191663,-73.93536188179473,29109.621743116877,26916.381256883127,70730.152717
2023-04-11 00:00:00+00:00,29637.35,30550.0,29590.0,30200.42,67990.07621,28160.474,25216.9055,20832.80095,71.39665281832,955.6552473369848,939.18849332273,16.466754014254775,29559.189461421152,26761.758538578844,62923.985879500004
2023-04-12 00:00:00+00:00,30200.43,30486.0,29637.4,29888.07,62049.48451,28240.107,25350.664166666666,20887.6388,68.03024644283438,993.9009744610521,950.1309895503944,43.76998491065774,29828.916405273812,26651.297594726188,59593.97969600001
2023-04-13 00:00:00+00:00,29888.07,30595.0,29854.59,30373.84,51934.11731,28386.0755,25493.83583333333,20945.471100000002,70.37012027587285,1051.2899518435988,970.3627820090353,80.92716983456353,30182.23983497089,26589.91116502911,57878.5822895
2023-04-14 00:00:00+00:00,30373.84,31000.0,29966.0,30466.93,75984.19452,28536.2745,25638.7185,21001.66665,70.81100926651126,1091.6982964955241,994.6298849063331,97.06841158919099,30493.70299476074,26578.84600523926,59135.58796450001
2023-04-15 00:00:00+00:00,30466.93,30595.6,30202.0,30295.09,25429.81247,28652.626500000002,25773.639333333336,21057.74645,68.77656514835525,1097.208215564744,1015.1455510380154,82.06266452672867,30733.848673775115,26571.40432622489,57923.49341150001
2023-04-16 00:00:00+00:00,30295.1,30549.99,30120.0,30304.65,26431.99322,28811.6135,25873.316,21112.2056,68.83021852385592,1089.7839274786384,1030.07322632614,59.71070115249836,30887.530420296447,26735.696579703552,54843.119623499995
2023-04-17 00:00:00+00:00,30304.66,30316.06,29240.65,29430.27,56441.81127,28920.0735,25971.8585,21161.399400000006,58.86669339405743,1001.7968763857789,1024.4179563380678,-22.621079952288937,30884.274843420015,26955.872156579982,53735.0880165
2023-04-18 00:00:00+00:00,29430.27,30485.0,29096.78,30380.01,62004.89434,29021.644,26068.6925,21216.186400000002,64.82305657043722,997.2073990180288,1018.9758448740602,-21.76844585603135,31065.607594631256,26977.680405368745,52361.02472949999
2023-04-19 00:00:00+00:00,30380.01,30413.53,28520.0,28797.1,86575.48656,29060.0725,26138.111666666668,21263.61715,51.450527378017824,855.9754449661705,986.3757648924823,-130.4003199263118,31056.24611367114,27063.898886328858,51746.5274295
2023-04-20 00:00:00+00:00,28797.1,29088.3,28010.0,28243.65,76879.09372,29048.987,26204.30983333333,21309.5514,47.74207907208813,691.4190656381761,927.3844250416211,-235.96535940344495,31060.6505133257,27037.3234866743,51680.576046
2023-04-21 00:00:00+00:00,28243.65,28374.02,27125.0,27262.84,77684.7679,28989.492500000004,26244.653833333334,21347.7202,41.96882832583423,476.3724543055505,837.182030894407,-360.80957658885654,31134.15831262372,26844.826687376288,54052.892064499996
2023-04-22 00:00:00+00:00,27262.84,27882.72,27140.35,27816.85,36023.69686,28971.741500000004,26300.732,21385.115349999996,45.94506173889179,346.6544260044284,739.0765099164113,-392.4220839119829,31148.814726121018,26794.66827387899,53985.7940615
2023-04-23 00:00:00+00:00,27816.85,27816.85,27311.25,27590.6,34812.09581,28961.271500000003,26357.538500000002,21422.27705,44.60102530666775,223.02458131261665,635.8661241956524,-412.8415428830358,31162.66289825997,26759.880101740036,51767.398149500004
2023-04-24 00:00:00+00:00,27590.59,28000.0,26942.82,27510.93,53111.56874,28928.544499999996,26417.050666666666,21460.02835,44.11167856771723,117.26655961603683,532.1462112797294,-414.8796516636926,31194.792048274678,26662.296951725315,51936.84874100001
2023-04-25 00:00:00+00:00,27510.93,28399.99,27192.0,28300.79,52325.14637,28935.083499999997,26502.309,21503.88185,49.97204284343821,96.08011458747933,444.93299194127945,-348.8528773538001,31193.279049746074,26676.88795025392,51516.2236935
2023-04-26 00:00:00+00:00,28300.8,30036.0,27235.0,28415.29,129228.40403,28954.157,26589.946,21548.8685,50.77780081150645,87.52002102279948,373.4503977575835,-285.93037673478403,31187.892397160096,26720.421602839902,55971.6964135
2023-04-27 00:00:00+00:00,28415.29,29890.0,28378.86,29472.77,95430.82431,29032.479000000003,26688.577999999998,21599.037249999998,57.574123920825656,164.17339477100904,331.59499716026863,-167.4216023892596,31223.195797342352,26841.762202657654,59505.132935500005
2023-04-28 00:00:00+00:00,29472.77,29599.54,28891.0,29311.7,54298.16578,29101.145,26785.571500000002,21649.936399999995,56.29903309769419,209.50964605782792,307.1779269397805,-97.66828088195257,31235.755586721116,26966.534413278885,61246.042857
2023-04-29 00:00:00+00:00,29311.69,29448.88,29031.0,29230.45,20466.83058,29146.479500000005,26887.05283333333,21700.78865,55.62974325847909,236.16044525909092,292.9744306036426,-56.81398534455167,31251.430795954577,27041.528204045433,60642.82633550001
2023-04-30 00:00:00+00:00,29230.45,29969.39,29079.59,29233.21,39752.5372,29126.272999999997,26980.456833333334,21751.177050000002,55.64903124092118,254.56958485826908,285.2934614545679,-30.723876596298794,31219.715709415723,27032.830290584272,59242.750085499996
2023-05-01 00:00:00+00:00,29233.2,29337.34,27666.95,28068.26,64433.65958,29019.665,27057.172499999997,21794.6427,46.467289242603364,173.16113770824086,262.8669967053025,-89.70585899706163,31100.568952868063,26938.76104713194,59064.929253999995
2023-05-02 00:00:00+00:00,28068.26,28879.88,27872.0,28669.86,50824.5224,28958.7545,27162.43116666667,21842.10735,50.9665878590812,155.39712768804384,241.3730229018508,-85.97589521380695,31005.45139104688,26912.057608953117,58503.68114850001
2023-05-03 00:00:00+00:00,28669.85,29266.66,28113.69,29026.16,64615.79213,28891.3705,27273.757666666665,21891.891200000002,53.46136579455892,168.1313406045483,226.7246864423903,-58.59334583784198,30833.333696309608,26949.407303690394,59137.7648895
2023-05-04 00:00:00+00:00,29026.16,29379.83,28663.64,28838.16,42575.47501,28809.932,27380.556333333334,21939.7671,51.95916276613285,161.19511037554548,213.61877122902135,-52.423660853475866,30612.36947812402,27007.494521875982,57467.328914
2023-05-05 00:00:00+00:00,28838.16,29677.0,28800.0,29505.61,58415.83048,28770.457999999995,27498.8165,21989.54585,56.61961011590743,207.16763529156378,212.32854404152985,-5.160908749966069,30472.86887719331,27068.04712280668,59116.629814500004
2023-05-06 00:00:00+00:00,29505.6,29820.0,28300.0,28848.2,49249.28459,28697.635500000004,27609.653833333334,22037.14965,51.33698656910613,188.38214757286914,207.53926474779774,-19.1571171749286,30249.23147637438,27146.039523625626,60257.494383
2023-05-07 00:00:00+00:00,28848.19,29138.29,28395.23,28430.1,30003.41028,28647.627,27721.731499999998,22083.680300000004,48.253512732814954,138.16466121123813,193.66434404048582,-55.49968282924769,30165.65567569957,27129.59832430043,58935.5743335
2023-05-08 00:00:00+00:00,28430.09,28631.01,27262.0,27668.79,68244.36179,28512.066000000003,27843.507666666665,22126.81465,43.169014718738566,36.5146686349035,162.23440895936938,-125.71974032446587,29861.991229091705,27162.1407709083,59247.547706
2023-05-09 00:00:00+00:00,27668.8,27818.0,27353.0,27628.27,40113.31069,28453.624500000005,27968.134000000002,22169.13415,42.90985424053792,-46.774125191397616,120.43270212921598,-167.2068273206136,29849.54952883978,27057.69947116023,56924.4389125
2023-05-10 00:00:00+00:00,27628.28,28331.42,26777.0,27598.75,71155.11355,28421.379500000003,28087.184333333335,22211.106150000003,42.70869290235242,-113.85071152036107,73.57601939930058,-187.42673091966165,29864.221123346568,26978.537876653438,56638.239904
2023-05-11 00:00:00+00:00,27598.74,27630.14,26702.05,26968.62,47635.31365,28406.6685,28170.04283333333,22248.097250000003,38.55385769156918,-215.3729291681775,15.786229685804962,-231.15915885398246,29901.52152766973,26911.81547233027,55135.767191499996
2023-05-12 00:00:00+00:00,26968.61,27091.12,25811.46,26795.01,67207.93494,28355.576499999996,28214.734999999997,22285.4237,37.472233560985316,-306.3079665940422,-48.63260957016448,-257.6753570238777,29990.83044236289,26720.3225576371,56694.9790955
2023-05-13 00:00:00+00:00,26795.01,27045.45,26692.03,26775.28,22814.90421,28314.8105,28249.816166666667,22318.89975,37.344010389553944,-375.63658034257605,-114.0334037246468,-261.60317661792925,30061.188919891123,26568.432080108876,56095.11951550001
2023-05-14 00:00:00+00:00,26775.27,27200.0,26560.53,26917.62,21594.8036,28285.145,28293.68216666667,22349.629900000004,38.96660133494242,-414.3183537313962,-174.0903937259967,-240.2279600053995,30103.798596730958,26466.491403269043,54519.28125850001
2023-05-15 00:00:00+00:00,26917.61,27663.59,26726.0,27162.14,40430.08333,28228.2125,28329.738166666666,22383.96505,41.75697574771531,-420.3971408168727,-223.3517431441719,-197.0453976727008,30111.484854036316,26344.940145963687,53924.5281065
2023-05-16 00:00:00+00:00,27162.15,27296.89,26852.11,27033.84,33270.45451,28159.139999999996,28323.716666666667,22416.175049999998,40.70539210615929,-430.6036305184025,-264.80212061901807,-165.80150989938443,30110.020891803113,26208.25910819688,49126.6306305
2023-05-17 00:00:00+00:00,27033.85,27500.0,26544.71,27405.61,42958.97785,28055.782,28332.018666666663,22449.15475,45.02562771189025,-404.0361380564282,-292.6489241065001,-111.38721394992808,29935.048209494173,26176.515790505826,46503.0383075
2023-05-18 00:00:00+00:00,27405.62,27485.33,26361.2,26821.28,49198.65143,27931.261,28312.8255,22480.12375,40.08236091727073,-425.22997002432385,-319.1651332900649,-106.06483673425896,29791.08695998622,26071.435040013777,46248.06259
2023-05-19 00:00:00+00:00,26821.28,27183.6,26630.0,26880.26,28754.13544,27813.751500000002,28298.879666666668,22512.071350000002,40.78898437809996,-432.28394128094806,-341.78889488824154,-90.49504639270651,29626.776839021426,26000.72616097858,46662.427833
2023-05-20 00:00:00+00:00,26880.26,27150.0,26825.11,27102.43,14434.54718,27707.2125,28282.162333333334,22545.1654,43.49235683100691,-415.16128125373143,-356.4633721613395,-58.69790909239191,29421.820856003735,25992.60414399627,45396.528332
2023-05-21 00:00:00+00:00,27102.42,27277.55,26666.03,26747.78,21347.87279,27641.1885,28273.775833333333,22578.1451,40.32716322842569,-425.3060771725359,-370.2319131635788,-55.0741640089571,29396.317049461228,25886.059950538773,43242.238992499995
2023-05-22 00:00:00+00:00,26747.78,27099.89,26538.21,26849.27,26458.83828,27550.158999999996,28249.673499999997,22611.352349999997,41.63616174286015,-420.3114178249016,-380.24781409584335,-40.06360372905823,29270.950886544946,25829.367113455046,42023.9547865
2023-05-23 00:00:00+00:00,26849.28,27495.83,26798.11,27219.61,38700.83858,27459.8315,28245.759166666667,22641.707800000004,46.26804068134288,-382.06555744912475,-380.6113627664996,-1.4541946826251433,29045.588488209098,25874.074511790903,40728.207108999995
2023-05-24 00:00:00+00:00,27219.61,27219.61,26080.5,26329.01,54393.0657,27334.374,28226.86016666667,22666.856,38.37975991077515,-418.79184282480855,-388.2474587781614,-30.544384046647167,28859.975668398103,25808.772331601896,41319.0866435
2023-05-25 00:00:00+00:00,26329.0,26631.98,25871.89,26473.79,37435.44895,27182.783000000003,28201.955833333333,22694.697050000002,40.16568061311853,-431.2440397108876,-396.84677496470664,-34.39726474618095,28383.120009413266,25982.44599058674,40270.067567
2023-05-26 00:00:00+00:00,26473.8,26932.16,26327.24,26705.92,35061.18713,27075.669,28194.97266666667,22725.271,43.01728519787625,-417.5680795537046,-400.99103588250625,-16.57704367119834,28016.7705925814,26134.567407418603,39560.662694
2023-05-27 00:00:00+00:00,26705.93,26895.0,26551.0,26854.27,15095.6867,26996.877500000002,28188.192666666666,22766.806200000003,44.826985362645246,-390.260497327381,-398.84492817148123,8.584430844100211,27706.628612967284,26287.12638703272,38815.276515000005
2023-05-28 00:00:00+00:00,26854.28,28261.32,26764.36,28065.0,43916.00855,27016.688000000002,28183.466,22827.517150000003,56.866795763052465,-267.83580473037,-372.64310348325904,104.80729875288904,27816.72591921839,26216.650080781616,37598.858853
2023-05-29 00:00:00+00:00,28065.01,28447.14,27524.6,27736.4,42385.41945,27022.0945,28178.597166666663,22878.1934,53.45719123989979,-195.07986831128437,-337.13045644886415,142.05058813757978,27839.85627170511,26204.33272829489,37712.464291
2023-05-30 00:00:00+00:00,27736.39,28038.59,27554.0,27694.4,32686.75371,27026.877,28165.747833333335,22931.313850000002,53.01962049329183,-139.2046489708482,-297.54529495326096,158.34064598241275,27859.064148403097,26194.689851596904,35789.046298999994
2023-05-31 00:00:00+00:00,27694.39,27835.51,26839.01,27210.35,46588.80573,27038.9635,28145.0415,22983.3052,48.12991343151137,-132.45506516884052,-264.5272489963769,132.07218382753638,27874.43032086979,26203.496679130214,35736.720902999994
2023-06-01 00:00:00+00:00,27210.36,27350.0,26605.05,26817.93,39217.8088,27040.1095,28122.47583333333,23035.745600000002,44.54337920125329,-156.96162982346505,-243.01412516179454,86.05249533832949,27874.29656241602,26205.922437583977,34337.214596
2023-06-02 00:00:00+00:00,26817.93,27300.0,26505.0,27242.59,36380.90269,27063.475,28113.185666666664,23088.86125,48.974579649793874,-140.49718184833182,-222.510736499102,82.01355465077017,27892.846452669583,26234.103547330415,35015.514520000004
2023-06-03 00:00:00+00:00,27242.59,27333.29,26914.93,27069.22,16595.34117,27071.055,28094.914833333332,23139.704500000003,47.312465485241155,-139.8266635561522,-205.97392191051205,66.14725835435985,27897.72243355672,26244.38756644328,34765.5413985
2023-06-04 00:00:00+00:00,27069.22,27455.02,26951.0,27115.21,19258.41049,27068.7085,28077.33483333333,23191.96675,47.81838541732558,-134.03914451178207,-191.58696643076607,57.547821918984,27894.594484149296,26242.822515850705,33706.9577565
2023-06-05 00:00:00+00:00,27115.2,27129.33,25388.0,25728.2,65805.60305,27003.4265,28038.90783333334,23237.14495,36.45052829170741,-238.6219242404186,-200.99395799269658,-37.627966247722014,28015.449299137596,25991.403700862407,35333.7151835
2023-06-06 00:00:00+00:00,25728.2,27355.33,25351.02,27230.08,68392.60438,26994.65,28027.637,23289.7931,50.24389790463122,-198.03257019031298,-200.40168043221985,2.369110241906867,27995.552635845914,25993.74736415409,36605.396510000006
2023-06-07 00:00:00+00:00,27230.07,27391.77,26125.01,26339.34,59619.44364,26970.552999999996,28000.98633333333,23337.9864,44.12660408982022,-235.0311951346448,-207.32758337270485,-27.703611761939953,28009.47466819607,25931.63133180392,37126.436120499995
2023-06-08 00:00:00+00:00,26339.34,26810.0,26210.0,26498.61,31075.51083,26951.470500000003,27970.567166666664,23389.0783,45.4065288259447,-248.63500447695696,-215.58906759355528,-33.04593688340168,28010.157016067118,25892.783983932888,37242.50489
2023-06-09 00:00:00+00:00,26498.62,26783.33,26269.91,26477.81,27934.7097,26920.239499999996,27917.908333333333,23442.560899999997,45.260709609125875,-258.1190715744742,-224.09506838973908,-34.024003184735136,27995.985165844086,25844.493834155906,37917.513016
2023-06-10 00:00:00+00:00,26477.8,26533.87,25358.0,25841.21,64944.60108,26874.911,27845.25483333333,23490.632250000002,40.92849270921978,-313.39098657595605,-241.9542520269825,-71.43673454897356,28047.908238905264,25701.913761094736,40097.3494305
2023-06-11 00:00:00+00:00,25841.22,26206.88,25634.7,25925.55,30014.29595,26828.725,27779.212833333335,23537.24445,41.72433627216971,-346.3958090235428,-262.84256342629453,-83.55324559724829,28072.7168430534,25584.733156946597,40275.122314
2023-06-12 00:00:00+00:00,25925.54,26106.48,25602.11,25905.19,29900.50893,26763.003999999997,27704.73533333333,23583.77565,41.57870672722197,-369.93091710614317,-284.2602341622643,-85.67068294387889,28055.390888210895,25470.6171117891,39835.105831500005
2023-06-13 00:00:00+00:00,25905.2,26433.21,25712.57,25934.25,41065.60853,26743.265999999996,27629.190666666665,23630.8362,41.89045927985131,-381.83619076508694,-303.77542548282884,-78.0607652822581,28073.078766647788,25413.453233352204,39168.732973
2023-06-14 00:00:00+00:00,25934.24,26098.0,24820.56,25128.6,45077.31608,26676.0065,27543.0825,23674.186349999996,36.133600512823485,-451.0806508595306,-333.23647055816923,-117.84418030136135,28178.408719239076,25173.604280760923,39550.8263295
2023-06-15 00:00:00+00:00,25128.6,25759.01,24800.0,25598.49,48664.86063,26620.635000000002,27464.6465,23720.0349,41.208414198619785,-462.7073856815623,-359.1306535828479,-103.57673209871439,28194.47673740041,25046.793262599593,40231.0100045
2023-06-16 00:00:00+00:00,25598.49,26518.0,25175.56,26345.0,51596.91662,26595.171500000004,27413.225333333332,23770.69535,48.244459516173016,-406.9929769446244,-368.7031182552032,-38.28985868942118,28169.5482411438,25020.79475885621,42056.0715005
2023-06-17 00:00:00+00:00,26345.01,26839.99,26181.0,26516.99,27842.2195,26517.771,27348.841666666667,23821.06765,49.73695991582684,-344.9839903052016,-363.95929266520295,18.975302360001365,27940.389036916305,25095.152963083696,41252.382048
2023-06-18 00:00:00+00:00,26516.99,26700.0,26255.85,26339.97,21538.31022,26447.9495,27307.889499999997,23866.9493,48.19640880822292,-306.5912629916347,-352.4856867304893,45.894423738854584,27757.015282419907,25138.88371758009,40210.026586500004
2023-06-19 00:00:00+00:00,26339.98,27068.09,26256.61,26844.35,35872.65974,26405.447000000004,27284.567833333334,23916.2842,52.69261312366419,-232.78213175745623,-328.5449757358827,95.76284397842647,27600.07090490383,25210.823095096177,40369.321888
2023-06-20 00:00:00+00:00,26844.35,28402.74,26652.0,28307.99,69666.95525,26460.328999999998,27301.987,23972.36045,62.78630531542256,-55.54407017218182,-273.9447946231425,218.4007244509607,27877.87559322353,25042.782406776467,41523.229364
2023-06-21 00:00:00+00:00,28308.0,30800.0,28257.99,29993.89,108926.40412,26619.127,27338.271,24037.9039,70.57436349504961,218.4383891344769,-175.46815787161864,393.90654700609554,28712.02119174681,24526.23280825319,45008.65913
2023-06-22 00:00:00+00:00,29993.89,30500.0,29525.61,29884.92,59054.5646,26751.2435,27376.50966666667,24101.8,69.5610303991086,421.91492119372197,-55.99154205855052,477.9064632522725,29274.282655632436,24228.204344367565,46142.3422255
2023-06-23 00:00:00+00:00,29884.92,31431.94,29800.0,30688.5,73931.89635,26932.2075,27429.46916666667,24170.410750000003,72.67666047579277,640.6289571809466,83.33255778934891,557.2963993915977,29984.241353370293,23880.173646629708,49009.1699845
2023-06-24 00:00:00+00:00,30688.51,30800.0,30250.0,30527.43,30513.30135,27102.8185,27466.579833333333,24237.6031,71.10561038405469,791.8366040976507,225.0333670510093,566.8032370466415,30534.568078674733,23671.06892132527,49571.914527500005
2023-06-25 00:00:00+00:00,30527.44,31046.01,30277.49,30462.66,30223.44801,27339.541500000003,27500.702666666664,24305.733200000002,70.44613865224059,896.1135171623318,359.2493970732738,536.864120089058,31004.58526955229,23674.497730447714,47792.8067755
2023-06-26 00:00:00+00:00,30462.67,30666.0,29930.0,30267.99,45180.41489,27491.436999999998,27513.95633333333,24370.952650000003,68.39302062765378,952.0706027011838,477.81363819885587,474.25696450232795,31371.25949857992,23611.614501420077,46632.19730099999
2023-06-27 00:00:00+00:00,30267.99,30994.97,30226.17,30692.44,42699.64157,27709.091999999997,27536.968666666668,24438.77205,70.41745825593972,1018.92107595583,586.0351257502507,432.8859502055793,31789.207974590277,23628.976025409716,45786.2071975
2023-06-28 00:00:00+00:00,30692.44,30709.74,29858.8,30077.41,40463.51937,27888.032,27551.08466666667,24503.52165,64.01887410782086,1010.6229444492928,670.9526894900591,339.6702549592337,32053.12515226763,23722.93884773237,46255.6076245
2023-06-29 00:00:00+00:00,30077.4,30843.98,30049.98,30447.31,36330.62903,28086.507,27571.31966666667,24570.33295,66.0188046245706,1022.1121810814984,741.184587808347,280.9275932731514,32341.229931398302,23831.7840686017,46675.403590999995
2023-06-30 00:00:00+00:00,30447.31,31282.0,29500.0,30472.0,89419.07618,28318.046499999997,27611.382,24636.643799999998,66.15403321600864,1021.4352903394174,797.2347283145612,224.20056202485625,32562.81607085934,24073.276929140655,47899.127346
2023-07-01 00:00:00+00:00,30471.99,30661.6,30320.57,30585.9,17501.75075,28551.064000000002,27643.316,24700.6998,66.81021123497831,1018.3507145119838,841.4579255540457,176.89278895793814,32756.382547679626,24345.745452320378,47273.500086
2023-07-02 00:00:00+00:00,30585.9,30791.0,30155.0,30617.03,23286.41019,28786.656,27669.8305,24764.7692,66.9985276381104,1006.812192544483,874.5287789521332,132.2834135923498,32899.587191189334,24673.724808810664,46942.795149
2023-07-03 00:00:00+00:00,30617.02,31380.0,30570.27,31156.2,43761.64311,29047.7535,27708.4645,24833.768500000002,70.15687072175587,1029.3091090366797,905.4848449690426,123.82426406763716,33065.1181985621,25030.3888014379,47077.596878
2023-07-04 00:00:00+00:00,31156.2,31350.69,30620.0,30766.51,33206.11943,29329.648999999998,27729.4795,24904.44045,65.29311659400253,1004.1184982082086,925.2115756168758,78.90692259133277,32982.07706630298,25677.22093369701,46484.037045499994
2023-07-05 00:00:00+00:00,30766.52,30878.07,30200.0,30504.81,33215.67122,29574.965000000004,27757.08966666667,24973.0819,62.17572468813776,952.0629655282573,930.5818535991522,21.481111929105168,32829.408454512864,26320.521545487143,45711.577574999996
2023-07-06 00:00:00+00:00,30504.8,31500.0,29850.45,29895.43,71319.6261,29752.4865,27781.511833333334,25038.868000000002,55.527560239559094,851.817485901196,914.828980059561,-63.01149415836494,32650.649961534305,26854.323038465693,46697.713049
2023-07-07 00:00:00+00:00,29895.42,30449.0,29701.02,30344.7,34070.53895,29943.872000000003,27826.11033333333,25108.3971,59.00762913170558,799.4094607130282,891.7450761902545,-92.33561547722627,32439.727295674293,27448.016704325713,47009.129021500004
2023-07-08 00:00:00+00:00,30344.7,30386.81,30044.47,30284.63,13094.59042,30141.105000000003,27870.382999999998,25175.342449999996,58.350162297203546,744.4470539620343,862.2854717446105,-117.83841778257624,32011.744331774375,28270.46566822563,46586.94303149999
2023-07-09 00:00:00+00:00,30284.63,30445.52,30061.12,30160.71,15388.50196,30306.923,27913.082333333332,25242.022649999995,56.9406889804348,683.0162560350509,826.4316286026987,-143.41537256764775,31409.496008142847,29204.34999185715,45562.7351425
2023-07-10 00:00:00+00:00,30160.71,31045.78,29950.0,30411.57,41262.87652,30412.101999999995,27970.464833333335,25309.97335,59.09479964532902,647.1146763938523,790.5682381609295,-143.4535617670772,31024.03363126701,29800.17036873298,44142.531206
2023-07-11 00:00:00+00:00,30411.57,30813.63,30300.0,30622.1,28476.83311,30443.5125,28034.249666666667,25379.19135,60.86426352318685,628.4065478841512,758.1359001055739,-129.7293522214227,31030.32884257755,29856.69615742245,40120.052655499996
2023-07-12 00:00:00+00:00,30622.1,30983.25,30210.0,30380.0,38108.99669,30468.266500000005,28094.32833333333,25446.910750000003,57.769501360730956,587.275033548809,723.963726794221,-136.68869324541197,30997.703964836106,29938.829035163904,39072.77426
2023-07-13 00:00:00+00:00,30380.0,31804.2,30251.0,31454.23,70772.51836,30506.553000000004,28169.938499999997,25520.02135,66.02451419909531,634.0504564080293,705.9810727169827,-71.9306163089534,31184.17003830782,29828.935961692187,38914.805360499995
2023-07-14 00:00:00+00:00,31454.23,31630.0,29900.0,30312.01,60749.48424,30495.782,28222.43633333333,25586.98445,53.948852854002915,572.3549562959306,679.2558494327723,-106.90089313684166,31178.557965295397,29813.006034704602,40426.614505
2023-07-15 00:00:00+00:00,30312.0,30390.9,30200.0,30289.52,14118.55329,30487.125,28276.697666666663,25654.90025,53.74043674640326,515.7013883300897,646.5449572122358,-130.8435688821461,31175.726941139485,29798.523058860515,39621.369769
2023-07-16 00:00:00+00:00,30289.52,30441.46,30064.29,30231.99,15760.1281,30485.325,28323.804,25723.323650000002,53.174533279025084,460.848463133716,609.4056583965319,-148.55719526281587,31176.392592454653,29794.25740754535,38150.35542950001
2023-07-17 00:00:00+00:00,30232.0,30336.96,29659.2,30138.0,30882.76839,30457.603000000003,28379.082666666665,25790.846300000005,52.20727129995326,405.1229124740603,568.5491092120376,-163.4261967379773,31157.637275364494,29757.568724635512,37559.5117705
2023-07-18 00:00:00+00:00,30138.01,30239.78,29512.0,29859.13,30003.8601,30446.689000000002,28428.7305,25857.10455,49.33952814066162,334.60046779799086,521.7593809292282,-187.15891313123734,31176.275299211473,29717.10270078853,37036.528806999995
2023-07-19 00:00:00+00:00,29859.14,30189.09,29761.96,29909.21,25657.36137,30419.784000000003,28475.510166666667,25923.938600000005,49.87204874950443,279.52971521362997,473.31344778610855,-193.78373257247858,31186.058957085974,29653.509042914033,36502.865424
2023-07-20 00:00:00+00:00,29909.21,30417.46,29570.96,29800.0,37540.68193,30386.184,28526.380500000003,25989.854850000003,48.6705691949255,224.48568153398446,423.5478945356837,-199.06221300169926,31197.936800461524,29574.431199538478,33908.9457115
2023-07-21 00:00:00+00:00,29800.0,30061.7,29726.34,29901.72,23881.40865,30351.975,28577.254666666668,26055.9991,49.881681168528736,186.9161886905713,376.2215533666612,-189.30536467608994,31184.57656357116,29519.373436428836,34227.9286065
2023-07-22 00:00:00+00:00,29901.72,29999.0,29625.1,29794.0,14660.40467,30310.8235,28620.161166666665,26121.5932,48.57460234084695,146.7582534008252,330.32889337349405,-183.57063997266886,31167.95124390529,29453.69575609471,33796.628330499996
2023-07-23 00:00:00+00:00,29793.99,30350.0,29730.0,30083.75,18292.78637,30257.201,28682.740166666666,26187.760150000002,52.20267575156536,136.73698497266741,291.61051169332876,-154.87352672066135,31025.671343524853,29488.73065647515,32523.1854935
2023-07-24 00:00:00+00:00,30083.75,30099.58,28861.9,29176.5,39628.99691,30177.7005,28727.78533333333,26249.483399999997,42.170495495022244,54.95408822727404,244.27922700011783,-189.3251387728438,31041.974270086914,29313.426729913084,32844.3293675
2023-07-25 00:00:00+00:00,29176.5,29376.0,29047.65,29228.91,21565.7478,30113.9055,28769.835166666664,26310.8747,42.853718381691316,-5.566233590085176,194.31013488207725,-199.87636847216243,31056.948711703626,29170.862288296375,32261.833196500003
2023-07-26 00:00:00+00:00,29228.91,29690.0,29096.94,29351.96,33931.63366,30086.732,28811.463333333333,26372.91665,44.51128037556289,-43.10305286476432,146.82749733270893,-189.93055019747325,31083.197143848647,29090.266856151353,30392.4335745
2023-07-27 00:00:00+00:00,29351.95,29567.49,29083.85,29222.78,22476.47626,30030.636,28830.759666666665,26433.3914,43.09797184020184,-82.32599613849379,100.99679863846839,-183.32279477696218,31087.200646340836,28974.07135365916,29812.730439999996
2023-07-28 00:00:00+00:00,29222.78,29542.22,29123.12,29314.14,23993.61627,29982.1115,28857.055333333334,26494.0708,44.44154871386267,-104.83005715194304,59.83142748038611,-164.66148463232915,31076.04068266786,28888.18231733214,30357.6817325
2023-07-29 00:00:00+00:00,29314.14,29406.92,29256.18,29352.9,10851.36844,29941.721,28884.696999999996,26553.632,45.0345247220262,-118.17483364792861,24.230175254723168,-142.4050089026518,31065.534785392134,28817.90721460787,30130.825056499998
2023-07-30 00:00:00+00:00,29352.9,29449.0,29033.24,29281.09,15706.97441,29885.197000000004,28919.209333333336,26610.321150000003,44.09552100570505,-133.01185416589578,-7.218230629400622,-125.79362353649516,31022.436034242775,28747.957965757232,28853.029950999997
2023-07-31 00:00:00+00:00,29281.09,29530.0,29101.8,29232.25,22605.48964,29815.7045,28959.448,26662.249300000003,43.43222223841455,-147.01656421084044,-35.17789734568859,-111.83866686515185,30934.032958665197,28697.376041334803,28559.4627775
2023-08-01 00:00:00+00:00,29232.26,29739.25,28585.7,29705.99,44719.65162,29782.003999999997,29000.504666666668,26711.1292,51.1137945664358,-118.5222878732784,-51.846775451206554,-66.67551242207185,30870.5062823575,28693.501717642495,28889.995524000005
2023-08-02 00:00:00+00:00,29705.99,30047.5,28927.5,29186.01,48181.65141,29668.593,29035.7845,26752.28465,44.044108946771644,-136.32691709173378,-68.742803779312,-67.58411331242178,30471.81327464797,28865.37272535203,27760.452176500003
2023-08-03 00:00:00+00:00,29186.0,29433.33,28968.0,29193.64,26476.91994,29612.6745,29070.425,26793.895350000003,44.16614332355489,-148.11416884873324,-84.61707679319625,-63.497092055536996,30384.02025794555,28841.32874205445,26046.8239615
2023-08-04 00:00:00+00:00,29193.65,29333.08,28807.54,29113.99,23551.95217,29553.897999999997,29126.85483333333,26833.53705,43.10919866748292,-162.01513055181204,-100.0966875449194,-61.91844300689263,30288.24727005181,28819.548729948187,26518.493905500003
2023-08-05 00:00:00+00:00,29114.0,29152.23,28978.64,29072.13,11645.52018,29495.905,29157.555666666667,26873.223650000004,42.533111695812764,-174.39913039836028,-114.95717611560758,-59.441954282752704,30188.923345573665,28802.886654426333,26312.763509500004
2023-08-06 00:00:00+00:00,29072.13,29205.09,28991.88,29088.42,13178.1972,29443.425999999996,29203.373666666666,26915.2784,42.853160980155245,-180.81475272374155,-128.12869143723438,-52.68606128650717,30091.507671379222,28795.34432862077,25427.534949999997
2023-08-07 00:00:00+00:00,29088.43,29276.78,28701.03,29211.06,30966.87746,29411.0225,29248.581166666667,26955.97575,45.322080323256614,-173.99742260574567,-137.30243767093665,-36.694984934809014,30037.15885415675,28784.886145843248,25475.685818
2023-08-08 00:00:00+00:00,29211.06,30244.0,29146.45,29770.42,45700.53392,29404.083000000002,29303.458,26991.491800000003,54.893889223556215,-122.05202239814025,-134.25235461637737,12.200332218237122,30010.753637929443,28797.41236207056,26477.8444455
2023-08-09 00:00:00+00:00,29770.41,30160.0,29376.67,29581.99,38003.88725,29393.182500000003,29365.804333333333,27025.484,51.615890458319804,-94.99460602581894,-126.4008048982657,31.406198872446765,29978.463718968047,28807.90128103196,26501.0047115
2023-08-10 00:00:00+00:00,29581.99,29738.0,29320.2,29455.75,23463.45373,29370.884000000002,29424.641,27059.22335,49.48392320634174,-82.78364327228337,-117.67737257306925,34.89372930078588,29909.0531866855,28832.714813314502,26480.1069655
2023-08-11 00:00:00+00:00,29455.76,29564.52,29252.45,29426.03,20637.0443,29352.4855,29483.321666666667,27091.77125,48.971093224931415,-74.64407253065292,-109.07071256458599,34.42664003393307,29855.55094371557,28849.420056284427,26778.938947
2023-08-12 00:00:00+00:00,29426.02,29481.35,29381.56,29430.17,8971.48068,29319.8065,29541.587000000003,27125.75765,49.05030451657335,-67.08601485523832,-100.67377302271646,33.58775816747814,29698.04001915551,28941.57298084449,26312.873662500002
2023-08-13 00:00:00+00:00,29430.18,29474.65,29272.32,29303.84,11101.70947,29326.173499999997,29611.174333333332,27156.972149999998,46.66965084253985,-70.47755354424226,-94.63452912702162,24.156975582779367,29698.78868419511,28953.558315804883,24886.5092905
2023-08-14 00:00:00+00:00,29303.85,29695.32,29102.45,29430.93,31443.11532,29336.2745,29675.048333333332,27189.07855,49.33382259565878,-62.19334535421149,-88.1462923724596,25.95294701824811,29708.7482599627,28963.8007400373,25380.377666499997
2023-08-15 00:00:00+00:00,29430.92,29499.26,29059.6,29200.0,27503.87691,29328.6765,29722.631666666664,27219.707750000005,44.94062663764257,-73.4158791614027,-85.20020973024822,11.784330568845519,29705.731833250647,28951.621166749355,25058.989829
2023-08-16 00:00:00+00:00,29200.01,29259.85,28723.08,28730.51,32996.69854,29304.063000000002,29759.523666666664,27248.2473,37.60818158942829,-118.82400816519657,-91.92496941723789,-26.899038747958684,29761.299531136538,28846.826468863466,25585.000943
2023-08-17 00:00:00+00:00,28730.51,28783.48,25166.0,26623.41,100271.54033,29169.5265,29764.24766666667,27262.652850000002,21.0266794514867,-321.1338071491955,-137.7667369636294,-183.3670701855661,30424.048224870818,27915.004775129182,29398.897146000003
2023-08-18 00:00:00+00:00,26623.41,26832.6,25619.0,26054.0,69790.65711,29004.5815,29751.075166666666,27278.7921,18.635524193870694,-521.4020108301156,-214.49379173692665,-306.90821909318896,30848.374669640496,27160.788330359504,32345.8615795
2023-08-19 00:00:00+00:00,26054.0,26281.0,25801.09,26100.01,26160.75343,28845.527499999997,29714.2755,27293.6665,19.432797443607868,-668.6950819666745,-305.33404978287626,-363.3610321837982,31074.9660576546,26616.088942345392,32868.5505305
2023-08-20 00:00:00+00:00,26100.01,26299.0,25971.05,26189.99,19056.91209,28693.414500000003,29650.87716666667,27305.95315,21.061859736428005,-769.2972877635038,-398.1266973790018,-371.170590384502,31195.075517736244,26191.75348226376,32691.121653
2023-08-21 00:00:00+00:00,26190.0,26258.42,25812.0,26126.92,30267.24233,28514.461,29588.24383333333,27319.143050000002,20.745224623293183,-844.3809841825168,-487.37755473970486,-357.003429442812,31205.65541922694,25823.26658077306,31968.501188500006
2023-08-22 00:00:00+00:00,26126.92,26139.42,25300.0,26056.0,34247.06688,28357.960499999997,29511.035499999998,27332.26355,20.374308413608077,-899.2421026397751,-569.750464319719,-329.49163832005615,31232.53320944767,25483.387790552326,31271.771962
2023-08-23 00:00:00+00:00,26055.99,26819.27,25812.82,26432.72,44023.69978,28219.914499999995,29442.79033333333,27347.79295,27.762760275903887,-901.9249492642411,-636.1853613086234,-265.7395879556177,31184.468365366825,25255.360634633165,32149.110953999996
2023-08-24 00:00:00+00:00,26432.71,26577.87,25864.0,26180.05,30205.22116,28073.2175,29371.413500000002,27364.028649999997,26.018910671760608,-913.9045590211426,-691.7292008511273,-222.17535817001533,31135.05270411493,25011.38229588507,32481.774403500003
2023-08-25 00:00:00+00:00,26180.05,26314.05,25777.15,26060.01,27753.33772,27922.6115,29301.2805,27380.516099999997,25.20877977059328,-922.451266847529,-737.8736140504077,-184.57765279712135,31068.265931003763,24776.957068996235,33287.165280500005
2023-08-26 00:00:00+00:00,26060.0,26125.77,25985.92,26017.37,10022.22322,27769.059,29223.362666666664,27394.40065,24.91205653145842,-922.0366217901719,-774.7062155983606,-147.33040619181133,30971.40118365226,24566.716816347744,33129.3665815
2023-08-27 00:00:00+00:00,26017.38,26182.23,25966.11,26101.77,12099.64216,27613.5945,29157.102,27410.094500000003,26.749938697258855,-904.4714540467685,-800.6592632880422,-103.81219075872627,30822.70898272912,24404.48001727088,32186.004816499997
2023-08-28 00:00:00+00:00,26101.78,26253.99,25864.5,26120.0,22692.62655,27431.0735,29084.980166666664,27431.71275,27.164624078025724,-878.9479584751934,-816.3170023254725,-62.63095614972099,30542.495322912142,24319.651677087855,31035.609448000003
2023-08-29 00:00:00+00:00,26120.0,28142.85,25922.0,27716.34,74251.99488,27337.791000000005,29039.052499999998,27462.1685,52.51523525100884,-721.5910550105691,-797.3718128624918,75.78075785192266,30293.65403777408,24381.92796222593,32848.0148295
2023-08-30 00:00:00+00:00,27716.34,27768.57,27017.24,27299.99,35448.25848,27230.003000000004,28984.287333333334,27489.355700000004,47.83851282344056,-623.295577310244,-762.5565657520423,139.2609884417983,30021.73884070683,24438.26715929318,33447.255067000006
2023-08-31 00:00:00+00:00,27299.99,27587.51,25655.01,25940.78,51032.80401,27055.740499999996,28906.349833333334,27510.1419,36.43201850580968,-647.607375951753,-739.5667277919845,91.95935184023142,29709.083975779595,24402.397024220398,34967.0430525
2023-09-01 00:00:00+00:00,25940.77,26156.0,25333.75,25805.05,41032.15056,26874.484500000002,28817.164,27530.2973,35.5211912629063,-670.1024047910905,-725.6738631918058,55.5714584007153,29343.10332549378,24405.865674506225,36570.0765465
2023-09-02 00:00:00+00:00,25805.04,25987.5,25752.47,25869.51,16250.77698,26702.768,28735.547333333336,27548.64565,36.33524113424659,-674.9481122317011,-715.528712999785,40.580600768083855,28938.338128657873,24467.197871342127,36827.529922
2023-09-03 00:00:00+00:00,25869.52,26135.0,25800.0,25971.21,17474.47667,26529.782,28659.987333333334,27556.88145,37.67223946401991,-662.9400697736928,-705.0109843545665,42.070914580873705,28399.685478040374,24659.878521959625,36129.0979895
2023-09-04 00:00:00+00:00,25971.21,26108.02,25631.21,25826.02,21777.59609,26361.083000000002,28592.163833333336,27568.42295,36.49394716077166,-657.5592949729944,-695.5206464782522,37.96135150525777,27794.869931105037,24927.296068894968,35842.7839485
2023-09-05 00:00:00+00:00,25826.03,25915.49,25562.62,25792.1,21323.39337,26214.1625,28516.287166666665,27574.5336,36.209008058274,-648.5559039471118,-686.1276979720242,37.57179402491238,27168.790123588737,25259.53487641126,35259.118689999996
2023-09-06 00:00:00+00:00,25792.11,26040.0,25372.51,25759.95,27262.52386,26170.9895,28440.875833333335,27580.173600000002,35.92271541524664,-636.6756870015124,-676.2372957779219,39.56160877640946,27125.779196102085,25216.199803897915,31608.6678665
2023-09-07 00:00:00+00:00,25759.95,26443.14,25615.38,26255.0,27687.49567,26181.0395,28375.78066666667,27590.0898,43.35024465209649,-580.6210932463946,-657.1140552716165,76.49296202522191,27134.92292997596,25227.156070024037,29503.509794499998
2023-09-08 00:00:00+00:00,26255.0,26445.5,25647.26,25910.5,28999.76471,26171.564,28300.762833333334,27595.431300000004,39.88543450204835,-557.5683933727669,-637.2049228918466,79.63652951907977,27132.2198310965,25210.908168903497,29645.460358500004
2023-09-09 00:00:00+00:00,25910.5,25945.09,25796.64,25901.61,10980.62277,26157.145,28222.088,27602.67855,39.7970378419551,-533.8622793022878,-616.5363941739349,82.67411487164713,27124.89244871982,25189.39755128018,29241.645892500004
2023-09-10 00:00:00+00:00,25901.6,26033.66,25570.57,25841.61,18738.26914,26142.879500000003,28146.44816666667,27610.975550000003,39.16612937508351,-513.9915371752504,-596.027422774198,82.03588559894763,27120.351168982143,25165.407831017863,28665.197233000003
2023-09-11 00:00:00+00:00,25841.6,25900.69,24901.0,25162.52,41682.32,26098.205500000004,28041.586333333336,27617.08715,32.82359877396692,-546.7382601563404,-586.1695902506266,39.43133009428618,27165.060288105095,25031.350711894913,29036.959889
2023-09-12 00:00:00+00:00,25162.53,26567.0,25131.48,25840.1,56434.38537,26068.5745,27967.054500000002,27630.3612,42.780298924151545,-512.1119233448699,-571.3580568694753,59.2461335246054,27129.522592011468,25007.62640798853,29657.4941685
2023-09-13 00:00:00+00:00,25840.1,26405.22,25764.17,26222.0,31610.82753,26070.672,27899.2625,27645.685849999998,47.50316447817377,-448.68203640317734,-546.8228527762157,98.14081637303832,27132.65871145536,25008.68528854464,29727.774487
2023-09-14 00:00:00+00:00,26222.0,26860.49,26126.77,26522.73,38333.1725,26093.807999999997,27837.4415,27660.52525,50.93734280359596,-369.8832128858594,-511.43492479814444,141.55171191228504,27173.865048839438,25013.750951160557,30256.766226
2023-09-15 00:00:00+00:00,26522.73,26888.0,26224.0,26600.0,26227.29369,26122.9395,27778.474833333334,27676.0648,51.80964839055254,-297.7670609804336,-468.70135203460234,170.93429105416874,27224.395884149068,25021.483115850933,31067.019749499996
2023-09-16 00:00:00+00:00,26599.99,26777.0,26445.0,26559.67,13960.93351,26145.834499999997,27723.483833333335,27693.1553,51.29700940777227,-241.0896535219872,-423.1790123320793,182.0893588100921,27263.495682319008,25028.173317680987,31160.084317
2023-09-17 00:00:00+00:00,26559.67,26623.25,26399.0,26527.51,12998.10277,26166.21,27667.122166666668,27707.648,50.86480334508481,-196.50228695457918,-377.8436672565793,181.34138030200012,27296.03637057369,25036.38362942631,30675.358128
2023-09-18 00:00:00+00:00,26527.5,27409.0,26377.35,26762.51,43000.43256,26118.5185,27616.497333333336,27724.13395,53.92005683080556,-140.58338395214014,-330.3916105956915,189.80822664355134,27044.771081953077,25192.26591804692,29112.780011999996
2023-09-19 00:00:00+00:00,26762.5,27483.57,26667.79,27210.26,36190.52187,26114.032,27571.639666666666,27748.41355,59.13402984201704,-59.45223904764498,-276.2037362860822,216.7514972384372,27017.95027636559,25210.113723634408,29149.893181500003
2023-09-20 00:00:00+00:00,27210.25,27388.63,26800.0,27125.0,34207.21867,26173.243,27527.156333333332,27772.305699999997,57.79303603861386,-2.011800856966147,-221.365349200259,219.35354834329286,27173.968980759822,25172.517019240175,28308.6139145
2023-09-21 00:00:00+00:00,27125.01,27159.6,26377.7,26568.08,34476.82662,26211.394500000002,27468.561833333333,27792.994899999998,49.84210731307772,-1.4123487035067228,-177.37474910090856,175.96240039740184,27211.24267598608,25211.546324013925,27980.8477175
2023-09-22 00:00:00+00:00,26568.08,26743.38,26468.77,26580.14,18198.2292,26246.926,27425.28916666667,27813.845599999997,50.00251666032689,0.035453966051136376,-141.89270848751661,141.92816245356775,27246.157740658626,25247.694259341373,28078.2203285
2023-09-23 00:00:00+00:00,26580.14,26632.81,26509.0,26575.96,9440.7026,26277.163500000002,27381.073333333337,27835.735599999996,49.942898606957556,0.8359209696536709,-113.34698259608255,114.18290356573623,27277.791132046335,25276.53586795367,27676.531624999996
2023-09-24 00:00:00+00:00,26575.97,26738.54,26122.08,26248.38,15706.65771,26298.2815,27329.346999999998,27858.450300000004,45.376797245992094,-24.678196574186586,-95.61322539170337,70.93502881751678,27277.5319198491,25319.0310801509,27372.984706
2023-09-25 00:00:00+00:00,26248.39,26446.15,25990.46,26304.81,26266.2039,26323.916999999998,27280.71416666667,27888.16325,46.28780497042599,-39.88511833560915,-84.46760398048453,44.582485644875376,27275.26722542049,25372.566774579504,27620.125232500002
2023-09-26 00:00:00+00:00,26304.8,26397.46,26088.34,26221.67,18495.35066,26347.003000000004,27229.173,27918.51815,45.09449550775248,-57.97709272606153,-79.16950172959993,21.1924090035384,27264.28950497411,25429.7164950259,27181.766572499997
2023-09-27 00:00:00+00:00,26221.68,26850.0,26112.06,26372.99,34771.57978,26352.902500000004,27179.507833333333,27948.10445,47.73547194798539,-59.419897815718286,-75.2195809468236,15.799683131105311,27269.26349340741,25436.5415065926,27535.970778
2023-09-28 00:00:00+00:00,26373.0,27308.48,26342.4,27021.39,44517.83491,26408.447000000004,27141.846166666666,27973.22585,57.22903155312735,-8.148934306867886,-61.80545161883246,53.65651731196457,27345.25424668823,25471.639753311778,28311.874288000003
2023-09-29 00:00:00+00:00,27021.39,27244.89,26665.16,26906.96,28478.76219,26458.714499999995,27103.091333333334,27987.193249999997,55.319266097902236,22.985170257692516,-44.84732724352747,67.83249750121999,27389.212659343983,25528.216340656007,29186.781259
2023-09-30 00:00:00+00:00,26906.96,27094.99,26886.31,26962.56,12804.62307,26514.762,27057.3675,27998.654,56.086072090506754,51.551375597362494,-25.567586675349474,77.11896227271197,27424.63561776651,25604.888382233486,28890.098955500005
2023-10-01 00:00:00+00:00,26962.57,28065.51,26954.09,27992.57,24602.81468,26656.264499999997,27037.47683333333,28017.18855,67.28667155771257,155.51086552904235,10.64810376552889,144.86276176351345,27561.167689265258,25751.361310734737,28036.123689499997
2023-10-02 00:00:00+00:00,27992.58,28580.0,27281.44,27494.51,57071.14241,26738.984999999997,27009.158,28029.667200000004,59.397489497562944,195.45712270595322,47.60990755361376,147.84721515233946,27632.732874349018,25845.237125650976,28067.9615415
2023-10-03 00:00:00+00:00,27494.51,27676.52,27160.5,27426.46,28928.96555,26799.208000000002,26981.032500000005,28029.82385,58.390154994837935,219.09812621828314,81.90755128654763,137.1905749317355,27707.694489204634,25890.72151079537,27933.8684425
2023-10-04 00:00:00+00:00,27426.45,27839.72,27202.0,27778.57,29816.142,26862.0,26959.473166666667,28034.179249999997,61.9828480298198,263.2119822325767,118.16843747575345,145.04354475682325,27855.034908008434,25868.965091991566,27508.016917499997
2023-10-05 00:00:00+00:00,27778.57,28120.39,27352.0,27410.39,30681.49619,26902.519500000002,26931.506,28031.366850000002,56.49040893199624,265.4040690559377,147.61556379179032,117.7885052641474,27915.420545227174,25889.61845477283,27730.7270425
2023-10-06 00:00:00+00:00,27410.39,28295.0,27175.94,27931.09,37983.24277,26971.0905,26910.173166666664,28032.437250000003,61.664215051601246,305.63429013913264,179.2193090612588,126.41498107787385,28064.362148778222,25877.818851221775,28931.8425055
2023-10-07 00:00:00+00:00,27931.1,28029.67,27842.08,27956.67,13348.83825,27042.548499999997,26879.944000000003,28031.69325,61.90387946176087,335.71125206882425,210.5176976627719,125.19355440605236,28195.691410976004,25889.40558902399,28949.3792795
2023-10-08 00:00:00+00:00,27956.67,28095.14,27687.5,27917.05,19693.56921,27100.2755,26852.195,28035.02365,61.26501264886502,352.2894843263457,238.87205499548668,113.41742933085902,28305.960039762445,25894.590960237554,27784.036112
2023-10-09 00:00:00+00:00,27917.06,27987.93,27260.0,27590.12,31534.74639,27119.2685,26821.101166666667,28031.4972,56.118386478216905,335.1835468149875,258.13435335938686,77.04919345560063,28343.11590961207,25895.42109038793,27551.247337999997
2023-10-10 00:00:00+00:00,27590.12,27735.0,27298.0,27390.12,22776.84383,27132.5245,26787.169333333335,28031.17545,53.17544815864111,302.00728754751617,266.9089401970127,35.098347350503445,28362.06308534906,25902.98591465094,26979.728596
2023-10-11 00:00:00+00:00,27390.12,27477.39,26538.66,26875.52,37349.44706,27147.896499999995,26744.59183333333,28028.238299999997,46.42880202362361,231.52210108385407,259.83157237438104,-28.30947129052697,28356.32965214957,25939.463347850422,27123.359618
2023-10-12 00:00:00+00:00,26875.52,26947.04,26555.0,26759.63,23428.64112,27156.871000000003,26702.188333333335,28022.196199999995,45.04280262313099,164.41544956863072,240.748347813231,-76.33289824460027,28350.884904005794,25962.85709599421,27384.880213999997
2023-10-13 00:00:00+00:00,26759.63,27130.0,26685.0,26862.0,24115.76499,27171.173,26659.372833333335,28020.881649999996,46.56037832085007,118.13160066560886,216.22499838370658,-98.09339771809772,28343.670026643198,25998.6759733568,28118.6333335
2023-10-14 00:00:00+00:00,26862.0,26989.58,26789.0,26852.48,10417.25576,27201.377999999997,26620.2475,28018.8387,46.431970395756174,79.76366661719658,188.93273203040457,-109.16906541320799,28306.413551856644,26096.34244814335,27854.163236
2023-10-15 00:00:00+00:00,26852.48,27293.33,26808.25,27154.15,15274.6917,27243.845,26593.974833333334,28012.86645,51.03981899457385,72.85917507935301,165.71802064019425,-92.85884556084125,28270.280116109687,26217.409883890316,27304.587626
2023-10-16 00:00:00+00:00,27154.14,30000.0,27112.66,28500.78,78399.22445,27357.8005,26625.264333333333,28015.2277,65.36286382929352,174.04284495620595,167.3829855033966,6.659859452809343,28410.717589035048,26304.883410964954,30299.781315499997
2023-10-17 00:00:00+00:00,28500.77,28613.65,28069.32,28395.91,38428.44532,27458.946500000002,26664.296166666667,28014.88045,63.797611276592654,242.9687077377166,182.5001299502606,60.46857778745601,28502.630487485672,26415.26251251433,30482.6245925
2023-10-18 00:00:00+00:00,28395.91,28982.36,28142.87,28320.0,32162.47591,27523.877,26701.296,28014.2168,62.6284949369034,288.14607934445667,203.6293198290998,84.51675951535685,28611.26095897997,26436.493041020032,29864.856642500003
2023-10-19 00:00:00+00:00,28320.0,28916.89,28100.66,28713.71,35895.50179,27614.214500000002,26743.358,28016.926,66.09853084651826,351.6648054825637,233.23641695979262,118.42838852277106,28779.025049068776,26449.403950931228,30235.693622500003
2023-10-20 00:00:00+00:00,28713.71,30207.55,28578.29,29669.04,59422.0992,27749.538500000002,26802.393333333333,28026.271200000003,72.71809906004962,473.63127404680563,281.31538837719523,192.3158856696104,29178.896441501653,26320.180558498352,32566.567429
2023-10-21 00:00:00+00:00,29669.05,30379.99,29464.77,29909.8,27517.51897,27845.4,26866.623333333333,28034.992849999995,74.09111466626052,582.9974670923293,341.6518041202221,241.34566297210722,29556.493072828824,26134.30692717118,32712.3026435
2023-10-22 00:00:00+00:00,29909.8,30248.0,29640.0,29992.46,22852.54563,27970.297499999997,26925.952333333335,28044.105099999997,74.56441662138425,668.6333452095641,407.0481123380905,261.58523287147364,29910.088863048535,26030.50613695146,31001.3728045
2023-10-23 00:00:00+00:00,29992.46,34741.91,29883.6,33069.99,93513.64246,28252.474,27040.784666666666,28069.285949999998,85.31818809250439,973.6081973503096,520.3601293405344,453.24806800977524,31182.74994215605,25322.198057843947,34230.60665
2023-10-24 00:00:00+00:00,33069.99,35280.0,32832.34,33922.73,115265.02418,28559.681999999993,27171.83,28099.36795,86.96293121974867,1269.4782017642792,670.1837438252834,599.2944579389958,32379.950799048875,24739.413200951112,38503.050759
2023-10-25 00:00:00+00:00,33922.73,35132.85,33679.05,34496.05,54887.02529,28913.965000000004,27313.141333333337,28132.1563,87.94105304494398,1532.5531260001371,842.6576202602541,689.895505739883,33483.02469611497,24344.905303885036,39713.327214000004
2023-10-26 00:00:00+00:00,34496.05,34824.13,33751.0,34151.66,39744.66255,29224.9935,27447.30616666667,28161.2958,83.87043805303034,1693.7282589370552,1012.8717479956144,680.8565109414408,34302.67335647904,24147.31364352096,39801.398203000004
2023-10-27 00:00:00+00:00,34151.66,34245.0,33390.95,33892.02,32330.40106,29521.761000000006,27576.839833333335,28182.569199999998,80.83262664443994,1779.991303159004,1166.2956590282924,613.6956441307116,34949.932634987046,24093.589365012966,40750.4763435
2023-10-28 00:00:00+00:00,33892.01,34493.33,33860.0,34081.0,16880.13144,29829.9585,27682.9175,28201.9721,81.36178438872695,1842.3668357755305,1301.5098943777402,540.8569413977903,35550.746651642454,24109.170348357547,40609.804455
2023-10-29 00:00:00+00:00,34081.01,34750.11,33930.0,34525.89,20685.52176,30176.746999999996,27803.349166666667,28225.161200000002,82.58096521284399,1905.7307221756528,1422.3540599373227,483.37666223833,36147.789392276696,24205.704607723295,40067.3432235
2023-10-30 00:00:00+00:00,34525.88,34856.0,34062.84,34474.73,33657.95976,30530.9775,27945.581666666665,28245.66565,81.91737132898545,1929.5759240882726,1523.7984327675128,405.77749132075974,36637.76911492156,24424.18588507844,40611.39902
2023-10-31 00:00:00+00:00,34474.74,34720.49,34025.0,34639.77,32737.89822,30919.190000000002,28092.826999999997,28266.529850000003,82.40847070067106,1939.434177164112,1606.9255816468328,332.5085955172792,37034.25576433983,24804.124235660172,40380.821577999995
2023-11-01 00:00:00+00:00,34639.78,35582.0,34097.39,35421.43,53473.28165,31352.28,28252.02566666667,28292.161550000004,84.54881207060433,1987.4107096062726,1683.0226072387209,304.3881023675517,37454.52603196239,25250.033968037602,41883.053604500004
2023-11-02 00:00:00+00:00,35421.43,35984.99,34300.0,34941.59,48015.57732,31756.259499999996,28401.532,28315.34625,78.2544497910109,1964.072771096784,1739.2326400103336,224.84013108645036,37683.20772387201,25829.311276127988,43078.044221000004
2023-11-03 00:00:00+00:00,34941.58,34946.5,34120.0,34716.78,39071.20644,32149.4745,28549.711333333333,28341.7788,75.42147249959092,1905.4719045027741,1772.4804929088218,132.9914115939523,37757.84046102816,26541.10853897184,44510.741755
2023-11-04 00:00:00+00:00,34716.78,35255.0,34585.18,35062.07,18377.55545,32544.870499999997,28704.210833333334,28365.189099999996,76.81010067503807,1865.3892665216772,1791.062247631393,74.32701889028431,37792.194189541086,27297.54681045891,44665.8849425
2023-11-05 00:00:00+00:00,35062.06,35380.0,34448.0,35011.88,24528.73376,32870.4255,28858.409666666663,28396.263000000003,76.13674842481852,1808.7237323026275,1794.5945445656398,14.12918773698766,37876.097807582555,27864.75319241744,41972.36040799999
2023-11-06 00:00:00+00:00,35011.89,35276.33,34725.9,35046.09,22346.47086,33202.9345,29004.92783333333,28430.2752,76.28932520902704,1746.4444250677261,1784.9645206660573,-38.52009559833118,37845.880948316924,28559.98805168308,41168.261685
2023-11-07 00:00:00+00:00,35046.09,35888.0,34523.06,35399.12,38688.73692,33556.8905,29163.0715,28470.9566,77.8623432672028,1705.9095327889008,1769.153523090626,-63.24399030172526,37710.4249715096,29403.3560284904,41494.5747355
2023-11-08 00:00:00+00:00,35399.13,36106.0,35100.0,35624.72,33401.34137,33902.441,29325.123333333333,28509.99595,78.82893838350063,1672.7074430229914,1749.8643070770993,-77.15686405410793,37499.40253870393,30305.47946129607,41369.86671449999
2023-11-09 00:00:00+00:00,35624.72,37972.24,35534.05,36701.09,82537.88885,34254.0435,29506.114666666665,28555.5484,82.70828211234911,1713.496490152007,1742.5907436920809,-29.09425354007385,37482.94199307317,31025.145006926836,42525.656197000004
2023-11-10 00:00:00+00:00,36701.1,37526.0,36324.71,37301.63,43414.04898,34623.634999999995,29708.433166666666,28604.5019,84.4232554115317,1773.833020066173,1748.8391989668994,24.993821099273646,37445.418185969276,31801.851814030713,43320.4826975
2023-11-11 00:00:00+00:00,37301.63,37408.26,36666.93,37130.0,22984.97235,34980.512,29896.59816666667,28648.64795,81.9225718149766,1787.1993267503058,1756.5112245235807,30.68810222672505,37082.85172103054,32878.17227896946,43327.1040335
2023-11-12 00:00:00+00:00,37129.99,37222.22,36731.1,37064.13,17687.18874,35180.219,30077.300333333333,28691.89215,80.9317518791254,1772.0499735626581,1759.6189743313964,12.430999231261694,37277.49692405171,33082.941075948285,39535.7813475
2023-11-13 00:00:00+00:00,37064.13,37417.99,36333.0,36462.93,32798.18252,35307.22900000001,30242.970333333335,28726.842950000006,72.33285470385073,1692.0275461528145,1746.1006886956802,-54.07314254286575,37392.142023412394,33222.31597658762,35412.439264500004
2023-11-14 00:00:00+00:00,36462.93,36744.0,34800.0,35551.19,45503.68416,35359.986,30392.156833333334,28758.0404,61.63728263471672,1537.3181509325368,1704.3441811430516,-167.02603021051482,37413.28340439483,33306.68859560516,34943.272207999995
2023-11-15 00:00:00+00:00,35551.2,37980.0,35360.0,37858.2,53569.13385,35545.313,30580.465666666667,28801.17915,72.6553230625962,1582.622776888922,1679.999900292226,-97.37712340330381,37789.16017320108,33301.46582679892,35634.495773
2023-11-16 00:00:00+00:00,37858.2,37929.54,35500.0,36163.51,47490.39566,35658.8875,30741.065666666665,28835.83065,59.203835465658614,1464.8933211352196,1636.9785844608248,-172.08526332560518,37783.27245237408,33534.50254762591,36392.495503
2023-11-17 00:00:00+00:00,36163.51,36800.0,35861.1,36613.92,38283.61112,35785.5335,30905.255833333333,28878.55895,61.25688691208756,1391.8913450189575,1587.9611365724513,-196.06979155349381,37818.59183937184,33752.47516062816,37462.669487
2023-11-18 00:00:00+00:00,36613.91,36845.49,36178.58,36568.1,17102.24186,35887.644,31061.219833333336,28918.050150000003,60.92101062707681,1315.178898260987,1533.4046889101585,-218.22579064917159,37861.66570971201,33913.62229028799,37283.505492000004
2023-11-19 00:00:00+00:00,36568.11,37500.0,36384.02,37359.86,21246.34648,36031.900499999996,31231.800833333335,28959.71865,64.53923636343023,1303.2491021029055,1487.373571548708,-184.12446944580256,37993.466393641414,34070.33460635858,36662.924828
2023-11-20 00:00:00+00:00,37359.85,37750.0,36677.0,37448.78,36022.70291,36172.351,31413.145833333332,29002.77175,64.93193081885528,1286.1438874251762,1447.1276347240018,-160.98374729882562,38117.27758498829,34227.424415011716,36827.165062500004
2023-11-21 00:00:00+00:00,37448.79,37649.44,35735.0,35741.65,47646.54804,36188.362,31565.837666666663,29033.951950000002,52.83488612719099,1121.9041450146979,1382.0829367821411,-260.1787917674433,38113.469325097016,34263.254674902986,36535.828382
2023-11-22 00:00:00+00:00,35741.65,37861.1,35632.01,37408.34,45051.30697,36311.6995,31746.37733333333,29076.752650000002,60.560385294798095,1113.3963793652947,1328.345625298772,-214.9492459334772,38217.472528882805,34405.9264711172,36387.61486450001
2023-11-23 00:00:00+00:00,37408.35,37653.44,36870.0,37294.28,23827.92882,36440.5745,31930.47566666667,29121.073549999994,59.83803770711576,1084.9436697611745,1279.6652341912525,-194.72156443007793,38243.315474354626,34637.83352564538,35625.4509835
2023-11-24 00:00:00+00:00,37294.27,38414.0,37251.51,37713.57,44680.80646,36573.14949999999,32120.621666666666,29171.297450000002,61.648962980729095,1083.7352657150768,1240.4792404960174,-156.74397478094056,38340.52582535263,34805.77317464735,36940.613534
2023-11-25 00:00:00+00:00,37713.57,37888.0,37591.1,37780.67,11396.14464,36711.589,32313.271666666667,29222.059449999997,61.94469173167975,1075.7909575226658,1207.5415839013472,-131.75062637868132,38400.098921805,35023.079078195,36283.984078
2023-11-26 00:00:00+00:00,37780.67,37814.63,37150.0,37447.43,21264.53723,36831.656,32497.845666666668,29271.30285,59.49117907555725,1030.7238105625438,1172.1780292335866,-141.45421867104278,38363.62089180851,35299.691108191495,36229.8873965
2023-11-27 00:00:00+00:00,37447.42,37569.23,36707.0,37242.7,30001.07376,36923.835,32668.20083333333,29322.673249999996,57.97199125972437,967.3369141059011,1131.2098062080495,-163.8728921021484,38315.3407000594,35532.3292999406,35795.5042385
2023-11-28 00:00:00+00:00,37242.7,38377.0,36868.41,37818.87,37544.46667,37033.542499999996,32850.066,29377.79255,60.99108502623442,952.6133124477783,1095.4905074559954,-142.8771950082171,38341.526729519894,35725.5582704801,36002.6605035
2023-11-29 00:00:00+00:00,37818.88,38450.0,37570.0,37854.64,32994.19107,37091.22,33031.600666666665,29433.18935,61.177539934930664,933.0751822318925,1063.007442411175,-129.93226017928237,38436.675780246136,35745.764219753866,33525.47561450001
2023-11-30 00:00:00+00:00,37854.65,38145.85,37500.0,37723.96,24740.29147,37112.3365,33193.7905,29487.22105,60.04830176577714,896.7095795586865,1029.7478698406774,-133.03829028199084,38483.3525969911,35741.3204030089,32591.787739
2023-12-01 00:00:00+00:00,37723.97,38999.0,37615.86,38682.52,43415.66324,37189.9625,33380.257333333335,29544.822949999998,65.13236446221853,934.4654227114879,1010.6913804148396,-76.2259577033517,38722.48160252129,35657.44339747871,33613.322283500005
2023-12-02 00:00:00+00:00,38682.51,39717.14,38641.61,39450.35,26696.92161,37309.273499999996,33580.6555,29606.905500000004,68.58136615516666,1014.6484289114233,1011.4827901141564,3.1656387972668654,39128.71789517359,35489.8291048264,34063.808927
2023-12-03 00:00:00+00:00,39450.35,40250.0,39274.86,39972.26,26710.65335,37484.74,33783.88366666667,29669.73875,70.70272146237293,1107.5407736103807,1030.6943868134013,76.84638679697946,39597.14713227293,35372.33286772707,33759.4324685
2023-12-04 00:00:00+00:00,39972.26,42420.0,39972.26,41991.1,79272.33059,37806.735499999995,34026.8955,29745.587849999996,77.13411516289334,1328.745194401752,1090.3045483310716,238.4406460706805,40519.90199946448,35093.56900053551,35447.86479000001
2023-12-05 00:00:00+00:00,41991.1,44488.0,41414.0,44073.32,67490.74644,38117.4915,34295.93266666667,29831.55315,81.61655203574318,1653.0141258548028,1202.846463835818,450.16766201898486,41968.26828239705,34266.71471760294,36143.9454195
2023-12-06 00:00:00+00:00,44073.82,44297.21,43335.28,43762.69,51431.10492,38497.4505,34559.36633333333,29914.85445,79.12460286366742,1863.4536120262273,1334.9678934739,528.4857185523274,42954.024401724964,34040.876598275034,36340.9808825
2023-12-07 00:00:00+00:00,43762.69,44047.33,42821.1,43273.14,47103.26845,38830.4115,34815.301166666664,29997.48125,75.22635630280053,1968.0394930776092,1461.582213394642,506.4572796829673,43654.2588693358,34006.56413066421,36781.963749
2023-12-08 00:00:00+00:00,43273.15,44700.0,43081.1,44170.99,42900.37556,39210.556,35091.649,30084.089850000004,77.42325718071565,2099.17555950729,1589.1008826171717,510.0746768901183,44442.401674086024,33978.71032591397,38071.870434
2023-12-09 00:00:00+00:00,44171.0,44358.02,43584.51,43713.6,24925.97008,39528.243,35363.707,30166.5598,73.83131970549445,2141.5083117298927,1699.582368439716,441.92594329017675,45036.32569308664,34020.16030691336,38255.851614
2023-12-10 00:00:00+00:00,43713.59,44049.0,43563.0,43789.51,18956.61758,39845.2795,35645.60683333334,30253.8623,74.0465234781264,2156.3258433945666,1790.9310634306862,365.3947799638804,45564.00072068696,34126.55827931303,37402.5473475
2023-12-11 00:00:00+00:00,43789.5,43804.5,40222.0,41253.4,76663.89804,40120.867,35887.16966666667,30327.76035,57.13976683734592,1941.0507375091038,1820.9549982463698,120.09573926273401,45545.67890209949,34696.055097900506,38853.4148475
2023-12-12 00:00:00+00:00,41253.41,42104.12,40680.0,41492.39,42722.69773,40325.0695,36131.00950000001,30401.6927,58.11040664596045,1769.3323982825023,1810.6304782535963,-41.29807997109401,45632.27630319649,35017.8626968035,38736.98438550001
2023-12-13 00:00:00+00:00,41492.38,43475.2,40555.0,42869.03,45865.99773,40603.807,36397.952000000005,30481.766499999998,63.270357960384466,1724.449341643056,1793.3942509314884,-68.94490928843243,45829.97918265147,35377.63481734853,39838.887831
2023-12-14 00:00:00+00:00,42869.03,43420.0,41400.0,43022.26,42047.05709,40869.241500000004,36662.4205,30556.552799999998,63.80479748738304,1681.8561851119375,1771.0866377675784,-89.23045265564087,46019.98346470439,35718.49953529562,39707.2003625
2023-12-15 00:00:00+00:00,43022.26,43080.81,41666.0,41940.3,33421.7932,41077.223,36886.4125,30627.5723,57.44838876611742,1543.008826745834,1725.4710755632295,-182.46224881739545,46044.98869994597,36109.457300054026,40808.4827905
2023-12-16 00:00:00+00:00,41940.29,42724.43,41605.0,42278.03,24118.85747,41318.753,37117.78116666667,30700.490449999998,58.82722208114019,1443.5825621940894,1669.0933728894017,-225.51081069531233,46019.67388123588,36617.83211876411,40951.198802499996
2023-12-17 00:00:00+00:00,42278.02,42424.07,41252.0,41374.65,27722.11452,41525.3505,37335.35866666667,30771.311950000003,53.804915426105325,1277.1689069219938,1590.7084796959202,-313.53957277392647,45838.78420260567,37211.91679739433,40837.250840500004
2023-12-18 00:00:00+00:00,41374.64,42757.81,40542.93,42657.8,46734.0925,41767.297000000006,37567.76016666667,30850.5113,59.14079955281095,1234.5927507182496,1519.4853339003862,-284.8925831821366,45752.32481746368,37782.26918253633,41296.732132
2023-12-19 00:00:00+00:00,42657.8,43497.0,41811.1,42275.99,40927.86444,41988.3645,37777.876000000004,30925.6783,57.029898971329445,1156.7081525447356,1446.9298976292562,-290.22174508452053,45548.55271152116,38428.17628847885,41693.4158005
2023-12-20 00:00:00+00:00,42275.99,44283.0,42206.0,43668.93,48710.2947,42285.613,38007.194833333335,31008.67685,62.31463296127823,1193.6233174795125,1396.2685815993077,-202.64526411979523,45326.88647512173,39244.33952487826,42891.915962
2023-12-21 00:00:00+00:00,43668.92,44242.35,43286.72,43861.8,34624.29384,42544.577000000005,38238.35050000001,31092.4098,62.9932958772666,1224.3285513460214,1361.8805755486505,-137.55202420262913,45167.840653497085,39921.313346502924,42452.347492
2023-12-22 00:00:00+00:00,43861.79,44398.26,43412.54,43969.04,32783.19638,42770.5115,38420.00133333333,31183.613999999998,63.388098890067745,1242.9876542175407,1338.1019912824286,-95.11433706488788,45043.900473485555,40497.122526514446,42756.6612305
2023-12-23 00:00:00+00:00,43969.04,43988.68,43291.1,43702.16,16557.1293,42957.0065,38582.991833333326,31265.9744,61.626088122746964,1222.1519353366311,1314.911980093269,-92.76004475663785,44864.02705015818,41049.98594984182,42248.985028
2023-12-24 00:00:00+00:00,43702.15,43946.0,42500.0,42991.5,25144.33496,43007.0265,38724.58266666667,31349.2352,57.076338844925814,1135.2091705685452,1278.9714181883242,-143.76224761977892,44861.8478563806,41152.2051436194,39542.5852465
2023-12-25 00:00:00+00:00,42991.5,43802.32,42720.43,43576.13,27021.23992,42982.167,38881.65716666667,31434.622799999997,59.71150393794025,1100.7919141768143,1243.3355173860223,-142.54360320920796,44791.937614812436,41172.39638518757,37519.1099205
2023-12-26 00:00:00+00:00,43576.12,43592.68,41637.6,42508.93,41010.04282,42919.47900000001,39025.272333333334,31514.7784,53.281160756530966,976.1494265288566,1189.8982992145893,-213.74887268573275,44703.43470510891,41135.5232948911,36998.0568155
2023-12-27 00:00:00+00:00,42508.93,43677.0,42098.69,43428.85,36191.21136,42927.264500000005,39181.069833333335,31602.7166,57.527128523164784,940.7547774995037,1140.0695948715722,-199.31481737206855,44718.669547523765,41135.859452476245,36452.45396100001
2023-12-28 00:00:00+00:00,43428.86,43787.57,42241.79,42563.76,35150.52485,42846.903000000006,39315.03433333333,31685.90765,52.67855059252736,833.2930464651145,1078.7142851902809,-245.4212387251664,44549.946347069796,41143.859652930216,36064.9614255
2023-12-29 00:00:00+00:00,42563.76,43111.0,41300.0,42066.95,42597.18912,42764.5705,39441.57133333333,31766.71645,50.06866530836776,699.9715985439834,1002.9657478610213,-302.9941493170379,44451.18683996998,41077.95416003002,36948.5223775
2023-12-30 00:00:00+00:00,42066.94,42612.32,41520.3,42140.28,22906.57818,42682.109000000004,39566.57983333334,31847.746600000002,50.458813897743624,593.390274975638,921.0506532839447,-327.6603783083067,44320.80439947813,41043.413600521875,37146.0204075
2023-12-31 00:00:00+00:00,42140.29,42899.0,41965.84,42283.58,23585.91603,42733.618,39680.949,31933.5215,51.26028712773354,514.5554456844839,839.7516117640525,-325.1961660795687,44249.61044568657,41217.62555431343,34492.121307
2024-01-01 00:00:00+00:00,42283.58,44184.1,42180.77,44179.55,27174.29903,42867.976,39834.915,32026.4268,60.39068848302478,598.171856402987,791.4356606918395,-193.2638042888525,44396.38670620781,41339.56529379219,33714.701371999996
2024-01-02 00:00:00+00:00,44179.55,45879.63,44148.34,44946.91,65146.40661,42971.87,40005.417166666666,32119.436349999996,63.38067745931876,718.0804191436619,776.7646123822041,-58.68419323854221,44748.73705383228,41195.002946167726,34678.721816000005
2024-01-03 00:00:00+00:00,44946.91,45500.0,40750.0,42845.23,81194.55173,42963.0185,40135.1365,32201.077549999998,51.83873714260719,636.1872370271667,748.6491373111967,-112.46190028402998,44740.55692104343,41185.48007895656,36636.096548
2024-01-04 00:00:00+00:00,42845.23,44729.58,42613.77,44151.1,48038.06334,43073.5585,40287.45683333333,32290.133199999997,57.069939119620614,668.9478808159256,732.7088860121426,-63.761005196216956,44857.90246234737,41289.21453765263,37366.910055
2024-01-05 00:00:00+00:00,44151.1,44357.46,42450.0,44145.11,48075.25327,43166.9125,40439.10716666667,32376.637000000002,57.039334313576376,686.5138794445447,723.469884698623,-36.95600525407826,44970.26906575993,41363.55593424007,38564.729845
2024-01-06 00:00:00+00:00,44145.12,44214.42,43397.05,43968.32,17835.06144,43296.596000000005,40581.92716666667,32454.938650000004,56.08339120784012,678.3499880060626,714.4459053601109,-36.09591735404831,44930.86448620732,41662.32751379269,38070.377191
2024-01-07 00:00:00+00:00,43968.32,44480.59,43572.09,43929.02,23023.8508,43360.15699999999,40720.33216666667,32524.614299999997,55.85927542955001,661.0882498362407,703.7743742553369,-42.68612441909613,44988.97664604995,41731.33735395003,36884.865106
2024-01-08 00:00:00+00:00,43929.01,47248.99,43175.0,46951.04,72814.57589,43593.909499999994,40891.164666666664,32609.9449,66.83451457443931,881.1031472834075,739.240128860951,141.86301842245643,45779.84111866814,41407.97788133185,38479.2006785
2024-01-09 00:00:00+00:00,46951.04,47972.0,44748.67,46110.0,69927.66617,43715.963,41037.97083333333,32687.052399999997,62.19935772391358,976.3469199581596,786.6614870803927,189.68543287776686,46162.1284645175,41269.79753548251,39540.069252
2024-01-10 00:00:00+00:00,46110.0,47695.93,44300.36,46653.99,89911.41203,43855.572499999995,41196.704,32767.6852,63.94129575703846,1083.236862424601,845.9765621492344,237.2603002753666,46617.439454483676,41093.70554551631,42304.4251615
2024-01-11 00:00:00+00:00,46654.0,48969.48,45606.06,46339.16,87470.3296,43974.078499999996,41351.287833333336,32847.0677,62.15609476650688,1129.5233203407697,902.6859137875415,226.83740655322822,46941.029929572935,41007.12707042706,45038.7818225
2024-01-12 00:00:00+00:00,46339.16,46515.53,41500.0,42782.73,86327.93707,43928.107,41456.61783333333,32909.64139999999,46.397347831682765,869.2117609264678,895.9910832153269,-26.77932228885902,46938.65870786983,40917.55529213018,48527.322211
2024-01-13 00:00:00+00:00,42782.74,43257.0,42436.12,42847.99,36118.47464,43920.9315,41578.23116666667,32970.41915,46.66456924457664,660.5643367594093,848.9057339241434,-188.34139716473408,46941.047333342314,40900.81566665768,49076.029194999996
2024-01-14 00:00:00+00:00,42847.99,43079.0,41720.0,41732.35,28228.40894,43828.7425,41642.80033333333,33028.693849999996,42.74174444823931,400.5694108534881,759.2384693100124,-358.66905845652434,46994.38691804019,40663.09808195981,49136.387646
2024-01-15 00:00:00+00:00,41732.35,43400.43,41718.05,42511.1,40269.89303,43828.851,41748.593499999995,33089.012800000004,46.14501315765982,254.42729613113625,658.2762346742372,-403.848938543101,46994.3146120022,40663.387387997805,49099.3801565
2024-01-16 00:00:00+00:00,42511.1,43578.01,42050.0,43137.95,45045.74589,43814.306,41857.327333333335,33152.34255,48.78386601755944,187.03416013919923,564.0278197672296,-376.9936596280304,46989.64571870255,40638.96628129744,49542.106883
2024-01-17 00:00:00+00:00,43137.94,43198.0,42200.69,42776.1,33266.21388,43824.922999999995,41960.794,33213.29355,47.341804818539444,103.23629963111307,471.8695157400063,-368.63321610889324,46984.84906345116,40664.99693654883,49447.891334500004
2024-01-18 00:00:00+00:00,42776.09,42930.0,40683.28,41327.5,43907.51641,43787.9505,42026.92133333334,33266.8459,41.99046261295038,-79.15161158896808,361.66529027421143,-440.8169018631795,47045.09578044007,40530.80521955993,49513.407699
2024-01-19 00:00:00+00:00,41327.51,42196.86,40280.0,41659.03,48342.74559,43763.888,42097.09216666666,33319.360049999996,43.562788261678165,-194.6992729541089,250.39237762854737,-445.09165058265626,47076.01363862213,40451.76236137787,50785.2160695
2024-01-20 00:00:00+00:00,41659.03,41872.56,41456.3,41696.04,15923.99493,43734.511000000006,42196.332,33374.0077,43.746094275244374,-280.05690766521,144.30252056979592,-424.3594282350059,47108.47912799856,40360.54287200145,50402.120014500004
2024-01-21 00:00:00+00:00,41696.05,41881.39,41500.98,41580.33,11730.16301,43604.55,42265.86516666667,33429.3853,43.27287394450502,-352.9714430352833,44.84772784878007,-397.8191708840634,47098.05664755546,40111.04335244455,49629.9132135
2024-01-22 00:00:00+00:00,41580.32,41689.65,39431.58,39568.02,55426.19911,43335.6055,42303.760833333334,33477.74825,35.98285852850826,-566.601903019975,-77.44219832497095,-489.15970469500405,47184.448564409526,39486.76243559047,49143.9028385
2024-01-23 00:00:00+00:00,39568.02,40176.74,38555.0,39897.6,57956.63351,43188.224,42340.16133333333,33525.51275,37.83018200917551,-701.2279112356773,-202.19934090711223,-499.0285703285651,47316.49124494556,39059.956755054445,47982.0069275
2024-01-24 00:00:00+00:00,39897.59,40555.0,39484.19,40084.88,39293.82861,42984.913,42378.56483333334,33574.514,38.908977936457276,-783.7732121313384,-318.51411515195747,-465.2590969793809,47299.76777774149,38670.058222258514,47544.795191
2024-01-25 00:00:00+00:00,40084.89,40300.24,39550.0,39961.09,31022.11853,42775.712,42420.45916666666,33623.5159,38.43423686003877,-849.3885537204551,-424.689002865657,-424.6995508547981,47248.11641045962,38303.30758954038,46692.138454
2024-01-26 00:00:00+00:00,39961.09,42246.82,39822.52,41823.51,47384.96726,42668.4715,42496.806000000004,33680.575600000004,48.596226264788065,-742.5478264330523,-488.2607675791361,-254.28705885391616,47124.17279976929,38212.77020023071,48169.633745
2024-01-27 00:00:00+00:00,41823.51,42200.0,41394.34,42120.63,16224.41667,42578.051999999996,42568.502,33738.06825,50.0137456549744,-626.6767400804456,-515.943962079398,-110.73277800104756,47001.03751732862,38155.06648267137,47829.6620385
2024-01-28 00:00:00+00:00,42120.63,42842.68,41620.81,42031.06,27294.99838,42332.053,42638.109000000004,33796.32355,49.56996538315867,-535.8981198317633,-519.9347936298711,-15.963326201892187,46276.15924786895,38387.94675213105,45553.683163
2024-01-29 00:00:00+00:00,42031.05,43333.0,41804.88,43302.7,31542.74207,42191.688,42731.087999999996,33855.5659,55.59423324043779,-357.2268006075028,-487.3931950253975,130.1663944178947,45770.93640914109,38612.439590858914,43634.436958
2024-01-30 00:00:00+00:00,43302.71,43882.36,42683.99,42941.1,37619.24546,42006.0435,42802.06433333333,33918.711350000005,53.63227329021108,-242.01677214851952,-438.31791045002194,196.30113830150242,44973.038527654426,39039.048472345574,41019.8286295
2024-01-31 00:00:00+00:00,42941.1,43745.11,42276.84,42580.0,39871.13688,41818.0855,42854.22516666666,33980.16375,51.67120493337429,-177.80017694961862,-386.2143637499413,208.41418680032268,44047.98508234316,39588.18591765684,38639.8689935
2024-02-01 00:00:00+00:00,42580.0,43285.13,41884.28,43082.94,35231.04664,41833.096000000005,42906.069833333335,34044.4185,54.18399999039119,-85.34124707071169,-326.0397404140954,240.6984933433837,44092.61242300985,39573.57957699016,36085.024472000005
2024-02-02 00:00:00+00:00,43082.95,43488.0,42546.79,43200.0,29672.14418,41850.696500000005,42926.218166666666,34109.7285,54.77341598098114,-2.5912450622199685,-261.3500413437203,258.75879628150034,44146.74935179723,39554.64364820278,35762.707948999996
2024-02-03 00:00:00+00:00,43199.99,43380.01,42880.0,43011.09,12033.40998,41914.6335,42908.51433333333,34175.4883,53.57556547974565,47.201163862519024,-199.63980030247245,246.84096416499148,44264.52889650729,39564.73810349272,34952.958001
2024-02-04 00:00:00+00:00,43011.1,43119.04,42222.0,42582.88,17066.89404,41918.222499999996,42888.85083333334,34238.85665,50.86038337821554,51.515203175498755,-149.4087996068782,200.92400278237696,44271.96697862764,39564.47802137235,33792.8080515
2024-02-05 00:00:00+00:00,42582.88,43569.76,42258.1,42708.7,29467.75905,41896.759999999995,42879.4435,34303.400149999994,51.63597339259679,64.34500374064373,-106.65803893737382,171.00304267801755,44213.15686059948,39580.363139400506,33013.9087095
2024-02-06 00:00:00+00:00,42708.7,43399.98,42574.0,43098.95,24675.85433,41912.902500000004,42861.576166666666,34369.3863,54.058049517500294,104.79461952540441,-64.36750724481819,169.16212677022259,44257.90921356612,39567.89578643389,32584.390732
2024-02-07 00:00:00+00:00,43098.96,44396.5,42788.0,44349.6,34392.59915,42064.0075,42872.17616666667,34442.164300000004,60.82844061960607,235.0586248322652,-4.482280829401503,239.5409056616667,44618.745319516915,39509.269680483085,32108.644869
2024-02-08 00:00:00+00:00,44349.6,45614.3,44331.1,45288.65,45439.62231,42245.4885,42897.16183333333,34518.188799999996,64.99924098649015,409.3485591914068,78.28388717476017,331.0646720166467,45150.96718835514,39340.00981164486,31963.488705000003
2024-02-09 00:00:00+00:00,45288.66,48200.0,45242.12,47132.77,73503.481,42517.325,42995.151333333335,34607.97015,71.43219636073442,688.34484896918,200.29607953364413,488.04876943553586,46103.820704552665,38930.82929544733,34842.463008499995
2024-02-10 00:00:00+00:00,47132.78,48170.0,46800.0,47751.09,24802.35936,42825.863,43099.462999999996,34700.58105,73.21011823388145,948.4119723110925,349.91925808913385,598.4927142219587,47043.09383765147,38608.63216234853,35496.072825999996
2024-02-11 00:00:00+00:00,47751.08,48592.66,47557.16,48299.99,29958.80837,43262.4615,43189.97900000001,34795.3212,74.71454552998037,1185.1470464700105,516.9648157653091,668.1822307047014,47833.35506878118,38691.567931218815,34222.703289000005
2024-02-12 00:00:00+00:00,48300.0,50334.82,47710.01,49917.27,59009.96705,43763.44499999999,43304.895833333336,34898.79365,78.53868262442982,1486.1310840991355,710.7980694320745,775.333014667061,48909.50823314568,38617.381766854305,34275.369966
2024-02-13 00:00:00+00:00,49917.28,50368.61,48300.95,49699.59,55551.56706,44244.1805,43434.217333333334,35000.7209,76.85388966809194,1687.6440356991661,906.1672626854929,781.4767730136732,49712.15413893176,38776.20686106825,35088.25688849999
2024-02-14 00:00:00+00:00,49699.6,52043.71,49225.01,51795.17,57046.37401,44835.8845,43592.836333333325,35112.93225,81.06501598109281,1993.4609176000595,1123.6259936684064,869.8349239316531,50855.25297693943,38816.51602306057,36389.4696625
2024-02-15 00:00:00+00:00,51795.17,52816.62,51314.0,51880.0,53816.03055,45338.708999999995,43767.9255,35225.926799999994,81.21401524413095,2217.1106009400755,1342.3229151227401,874.7876858173354,51921.299641972866,38756.118358027124,36711.02282699999
2024-02-16 00:00:00+00:00,51880.01,52572.08,51566.0,52124.11,37772.25318,45838.882999999994,43925.69733333333,35340.386099999996,81.66122401244473,2386.5416565376436,1551.166663405721,835.3749931319226,52872.15608546998,38805.60991453001,37788.414652499996
2024-02-17 00:00:00+00:00,52124.1,52162.82,50625.0,51642.64,25674.00622,46319.46199999999,44081.80816666666,35450.06935,77.73081359405468,2453.681866404244,1731.6697040054257,722.0121623988182,53556.85942289838,39082.064577101606,37707.365044499995
2024-02-18 00:00:00+00:00,51642.64,52377.0,51163.28,52137.67,21992.10363,46761.2105,44222.95383333333,35564.82765,78.85755485947472,2517.811981070059,1888.8981594183526,628.9138216517065,54281.15017936518,39241.270820634825,37229.8331225
2024-02-19 00:00:00+00:00,52137.68,52488.77,51677.0,51774.73,29534.99432,47202.892,44354.835999999996,35677.7331,75.82827749663593,2510.4108802404808,2013.2007035827785,497.2101766577023,54810.624204833155,39595.159795166845,36825.6205655
2024-02-20 00:00:00+00:00,51774.74,52985.0,50760.37,52258.82,49614.47318,47686.833,44492.998999999996,35793.45725,77.09229551434235,2514.620492066417,2113.4846612795063,401.13583078691045,55288.08613576881,40085.579864231186,37312.7873805
2024-02-21 00:00:00+00:00,52258.82,52366.8,50625.0,51849.39,43079.40049,48125.15549999999,44628.786166666665,35907.34355,73.5873053917941,2456.6008945845606,2182.107907940517,274.4929866440434,55624.27230016852,40626.038699831464,37705.205073000005
2024-02-22 00:00:00+00:00,51849.38,52065.78,50940.78,51288.42,35309.44574,48529.576499999996,44767.06816666667,36018.34355,68.96110250443095,2338.3987496106274,2213.3660762745394,125.03267333608801,55791.28046815799,41267.872531842004,37987.07015100001
2024-02-23 00:00:00+00:00,51288.42,51548.54,50521.0,50744.15,30545.79544,48916.2295,44886.53516666666,36126.009000000005,64.71044966523144,2175.724262812124,2205.8377135820565,-30.11345076993257,55773.66858895801,42058.79041104199,38912.689424
2024-02-24 00:00:00+00:00,50744.15,51698.0,50585.0,51568.22,16560.4211,49365.496499999994,45037.52333333333,36234.998,67.93329974394919,2089.215941100345,2182.5133590857145,-93.29741798536952,55658.46519960442,43072.52780039557,38887.365777
2024-02-25 00:00:00+00:00,51568.21,51958.55,51279.8,51728.85,18721.63159,49816.504,45175.85666666667,36345.7323,68.53648191894564,2010.4438264703058,2148.099452562633,-137.6556260923271,55388.06787549184,44244.94012450816,38350.059404
2024-02-26 00:00:00+00:00,51728.85,54910.0,50901.44,54476.47,51256.72199,50385.38,45374.40183333334,36470.835900000005,76.63318813683424,2145.0001033103617,2147.479582712179,-2.479479401817116,55391.95514482997,45378.80485517003,39679.102786999996
2024-02-27 00:00:00+00:00,54476.48,57588.15,54450.13,57037.34,67194.98562,51019.767,45623.90833333333,36608.89245,81.42978815805898,2430.263168033358,2204.036299776415,226.2268682569429,56021.725970682666,46017.80802931733,41319.2221105
2024-02-28 00:00:00+00:00,57037.35,64000.0,56691.85,62432.1,118763.46984,51876.93949999999,45962.10533333333,36773.9021,87.33011431558134,3056.4157894769305,2374.512197716518,681.9035917604124,58323.624171395604,45430.25482860438,44985.414486999995
2024-02-29 00:00:00+00:00,62432.11,63676.35,60364.7,61130.98,78425.07603,52576.85,46276.22866666667,36933.037800000006,80.67255732598294,3408.3672075369686,2581.2831996806085,827.0840078563601,59803.624431691336,45350.07556830866,45231.4942385
2024-03-01 00:00:00+00:00,61130.99,63114.23,60777.0,62387.9,47737.93473,53308.690500000004,46579.701166666666,37097.822649999995,82.09277260361289,3745.5379515152163,2814.13415004753,931.4038014676862,61350.932421365345,45266.44857863466,46378.273007
2024-03-02 00:00:00+00:00,62387.9,62433.19,61561.12,61987.28,25534.73659,53993.05499999999,46863.70733333333,37261.75905,80.07312210153755,3935.060580540725,3038.319436146169,896.7411443945557,62528.29975621447,45457.81024378552,46157.069418
2024-03-03 00:00:00+00:00,61987.28,63231.88,61320.0,63113.97,28994.90903,54652.89,47201.51966666667,37433.676349999994,81.45495546770675,4128.581380141441,3256.3718249452236,872.209555196217,63841.18078522149,45464.59921477851,44656.316517
2024-03-04 00:00:00+00:00,63113.97,68499.0,62300.0,68245.71,84835.16005,55580.195999999996,47603.0965,37641.78784999999,86.16188938870505,4642.520452419594,3533.601550440098,1108.9189019794962,66211.80062092724,44948.59137907275,46120.49616650001
2024-03-05 00:00:00+00:00,68245.71,69000.0,59005.0,63724.01,132696.7813,56176.638,47929.4115,37830.1379,69.43825070349776,4631.567640644134,3753.1947684809056,878.3728721632287,67222.32048264674,45130.95551735326,49903.016531
2024-03-06 00:00:00+00:00,63724.01,67641.1,62779.14,66074.04,78738.85491,56886.340000000004,48297.84016666667,38030.00805,72.43300585795495,4757.671760869693,3954.0901669586633,803.5815939110294,68543.60758042143,45229.072419578566,51149.157749
2024-03-07 00:00:00+00:00,66074.04,67980.0,65551.0,66823.17,53059.8869,57621.29299999999,48679.40933333334,38233.17395,73.3301698374484,4862.012461777245,4135.67462592238,726.3378358548653,69825.53877628245,45417.047223717535,51913.539435
2024-03-08 00:00:00+00:00,66823.18,69990.0,66082.66,68124.19,74261.932842,58445.370500000005,49032.29516666666,38443.160299999996,74.8603850097774,4992.138395972317,4306.967379932368,685.1710160399489,71139.48373423274,45751.25726576727,54342.935766099996
2024-03-09 00:00:00+00:00,68124.2,68541.1,67861.1,68313.27,19872.89743,59254.15050000001,49402.34966666667,38654.44665,75.08413066079265,5052.281753008654,4456.030254547626,596.251498461028,72294.15362265309,46214.14737734693,54236.9754561
2024-03-10 00:00:00+00:00,68313.28,69887.61,68094.75,68955.88,38404.66835,60113.208,49774.04783333334,38867.06245,75.87015690652048,5093.089092532755,4583.442022144653,509.6470703881023,73331.60908109322,46894.806918906776,54680.459157599995
2024-03-11 00:00:00+00:00,68955.88,72800.0,67024.96,72078.1,75292.825726,61104.172000000006,50203.03016666667,39096.5527,79.28888923839905,5316.08573640453,4729.970764996628,586.114971407902,74782.31275402378,47426.031245976235,55964.37678489999
2024-03-12 00:00:00+00:00,72078.1,73000.0,68620.82,71452.01,68783.546691,62084.303,50680.8515,39323.5127,76.93496589258991,5380.271531615697,4860.030918320442,520.2406132952556,75778.61786638106,48389.98813361894,57249.58409495
2024-03-13 00:00:00+00:00,71452.0,73650.25,71333.31,73072.41,52659.711647,63173.5025,51184.59183333333,39558.7879,78.69766184560218,5498.508590181533,4987.72645269266,510.78213748887265,76724.38138644627,49622.623613553726,58117.0973903
2024-03-14 00:00:00+00:00,73072.4,73777.0,68555.0,71388.94,71757.628746,64205.742000000006,51678.86833333333,39785.22375,72.49866854028164,5394.189492588608,5069.01906067185,325.1704319167584,76932.29561844376,51479.18838155625,60177.68905559999
2024-03-15 00:00:00+00:00,71388.94,72419.71,65600.0,69499.85,103334.03546,65102.3235,52128.68083333333,40002.123,66.19734392322016,5100.289122764079,5075.273073090296,25.016049673783527,76609.44550776502,53595.20149223497,64516.3697736
2024-03-16 00:00:00+00:00,69499.84,70043.0,64780.0,65300.63,55926.95336,65780.9125,52498.05883333333,40190.04445,54.79610223169923,4476.921834465495,4955.602825365336,-478.68099089984116,75517.94650325036,56043.87849674964,66376.6358621
2024-03-17 00:00:00+00:00,65300.64,68904.4,64533.0,68393.48,49742.21589,66476.763,52925.015166666664,40395.5119,60.229236405115856,4184.232684551032,4801.3287972024755,-617.096112651443,74764.1037826819,58189.42221731812,66300.9105571
2024-03-18 00:00:00+00:00,68393.47,68956.0,66565.2,67609.99,55691.08088,67005.3955,53363.056666666664,40603.857950000005,58.317053622593875,3844.733633369622,4610.009764435905,-765.2761310662827,74076.35776409086,59934.43323590913,65725.71532009999
2024-03-19 00:00:00+00:00,67610.0,68124.11,61555.0,61937.4,101005.32487,66980.6605,53701.0295,40784.5197,46.745440109867324,3082.415417961158,4304.490895140956,-1222.0754771797983,74118.58522577549,59842.73577422451,64837.808071600004
2024-03-20 00:00:00+00:00,61937.41,68100.0,60775.0,67840.51,90420.58592,67316.137,54136.77066666666,40994.3747,56.43347020026802,2920.933677479188,4027.779451608603,-1106.8457741294146,73934.58903236693,60697.684967633075,65437.5835661
2024-03-21 00:00:00+00:00,67840.51,68240.47,64529.01,65501.27,53357.48002,67471.8055,54535.452999999994,41192.025,52.36789164102675,2574.5236109764664,3737.128283482176,-1162.6046725057095,73757.36204155436,61186.24895844564,65718.5608306
2024-03-22 00:00:00+00:00,65501.28,66649.62,62260.0,63796.64,51482.37821,67562.2735,54939.26333333333,41381.8781,49.56564478852227,2137.7985319674845,3417.262333179238,-1279.4638012117534,73575.66251946554,61548.884480534456,67015.9429116
2024-03-23 00:00:00+00:00,63796.64,65999.0,63000.0,63990.01,26410.11409,67606.0755,55340.80350000001,41572.86765,49.893197833263656,1786.698159160238,3091.1494983754383,-1304.4513392152003,73500.81090845361,61711.3400915464,66886.7031646
2024-03-24 00:00:00+00:00,63990.02,67628.69,63772.29,67209.99,31395.78015,67554.2895,55792.888666666666,41780.117849999995,55.12022329552931,1748.1227883379252,2822.544156367936,-1074.4213680300109,73443.8335114186,61664.74548858139,64214.73416959999
2024-03-25 00:00:00+00:00,67210.0,71150.0,66385.06,69880.01,53431.14486,67862.0895,56291.537333333334,41998.2429,58.94470936547665,1910.9713406755545,2640.22959322946,-729.2582525539055,73559.04941399243,62165.12958600758,60251.4523476
2024-03-26 00:00:00+00:00,69880.0,71561.1,69280.0,69988.0,38934.38417,68057.7875,56760.9455,42218.6304,59.09653190035997,2025.3963735249708,2517.262949288562,-491.8665757635913,73764.50602475068,62351.068975249334,58261.228810600005
2024-03-27 00:00:00+00:00,69987.99,71769.54,68359.18,69469.99,49119.35685,68190.1285,57216.76816666666,42436.4723,57.98876032343809,2050.6414405890537,2423.9386475486604,-373.2972069596067,73898.94509063842,62481.3119093616,58064.20230809999
2024-03-28 00:00:00+00:00,69469.99,71552.06,68903.62,70780.6,35439.03239,68322.949,57695.92716666667,42661.167250000006,60.03021638517546,2151.60129152998,2369.4711763449245,-217.86988481494473,74141.99193384859,62503.906066151394,56123.05728550001
2024-03-29 00:00:00+00:00,70780.6,70916.16,69009.0,69850.54,25445.08353,68399.8125,58138.39116666667,42884.60734999999,57.88074902180283,2131.988396494751,2321.97462037489,-189.98622388013882,74256.80121362173,62542.82378637827,56401.6665905
2024-03-30 00:00:00+00:00,69850.53,70321.1,69540.0,69582.18,13644.61142,68431.1275,58582.409166666665,43103.317749999995,57.24383448130549,2070.9183688005432,2271.763370060021,-200.8450012594776,74306.34244438223,62555.912555617775,55163.663744
2024-03-31 00:00:00+00:00,69582.17,71366.0,69562.99,71280.01,19396.34433,68391.223,59060.742666666665,43328.607800000005,60.225844458842886,2134.910701874309,2244.3928364228786,-109.48213454856977,74176.9749634721,62605.471036527895,52368.839674200004
2024-04-01 00:00:00+00:00,71280.0,71288.23,68062.86,69649.8,41445.32039,68301.1125,59503.52366666667,43544.243149999995,56.174635549038804,2030.6724363124522,2201.6487564007934,-170.97632008834125,73947.84305626815,62654.38194373186,51001.92835915
2024-04-02 00:00:00+00:00,69649.81,69674.23,64550.0,65463.99,71799.82793,67920.6915,59874.59016666667,43738.5631,47.36462401734724,1591.9519440766599,2079.7093939359665,-487.7574498593067,73246.42922123904,62594.95377876096,51958.934173300004
2024-04-03 00:00:00+00:00,65463.99,66903.63,64493.07,65963.28,39887.21778,67649.40849999999,60257.12666666667,43935.58114999999,48.40408823740738,1269.9125619081606,1917.7500275304055,-647.837465622245,72790.38572574109,62508.4312742589,50365.413625
2024-04-04 00:00:00+00:00,65963.27,69309.91,65064.52,68487.79,41510.48453,67598.80549999999,60688.875166666665,44145.38255,53.41364662523906,1204.515979731601,1775.1032179706447,-570.5872382390437,72685.56813846431,62512.04286153566,47274.236078500006
2024-04-05 00:00:00+00:00,68487.8,68756.67,65952.56,67820.62,37915.23073,67724.80500000001,61107.40716666667,44350.67309999999,51.97735565532796,1086.3311249809485,1637.3487993727056,-551.017674391757,72701.26647908306,62748.343520916955,46373.649947
2024-04-06 00:00:00+00:00,67820.63,69692.0,67447.83,68896.0,20134.28919,67749.93100000001,61537.358,44559.1018,54.118933355496594,1067.1416105753742,1523.3073616132394,-456.1657510378652,72744.68403531352,62755.1779646865,44893.253612
2024-04-07 00:00:00+00:00,68896.0,70326.29,68824.0,69360.39,21534.74433,67837.451,61954.2045,44770.27875,55.051139664033265,1076.9912889120315,1434.044147072998,-357.0528581609665,72880.43799419436,62794.46400580564,43185.4367845
2024-04-08 00:00:00+00:00,69360.38,72797.99,69043.24,71620.0,45723.87624,68321.58099999999,62393.060333333335,44995.53835,59.376219972203145,1252.688657535764,1397.7730491655511,-145.0843916297872,72837.50896919673,63805.65303080326,40421.364353
2024-04-09 00:00:00+00:00,71620.0,71758.19,68210.0,69146.0,39293.90242,68386.85549999999,62759.9475,45208.36765,53.32607225289922,1178.711511499816,1353.9607416324043,-175.2492301325883,72910.81503316078,63862.89596683921,37865.030178
2024-04-10 00:00:00+00:00,69146.0,71172.08,67518.0,70631.08,42006.02377,68643.34599999999,63141.280666666666,45428.64325,56.21049122401819,1225.7875194602675,1328.3260971979769,-102.53857773770937,73064.3242104228,64222.36778957718,37297.4573655
2024-04-11 00:00:00+00:00,70631.08,71305.89,69567.21,70006.23,31917.25595,68953.8255,63503.05133333334,45647.4325,54.679340754996275,1198.8557590935525,1302.432029577092,-103.57627048353947,72805.16773443675,65102.48326556327,36319.201252499995
2024-04-12 00:00:00+00:00,70006.22,71227.46,65086.86,67116.52,56072.86229,69110.151,63789.7055,45851.49105,48.147475965305226,933.5750265088864,1228.660628963451,-295.08560245456465,72347.79393822112,65872.50806177888,37802.3386625
2024-04-13 00:00:00+00:00,67116.52,67929.0,60660.57,63924.51,71395.22019,68945.87700000001,64026.7875,46040.005249999995,42.156795286323664,460.46168871167174,1075.0208409130953,-614.5591522014236,72822.78816200787,65068.965837992146,39802.3106645
2024-04-14 00:00:00+00:00,63924.52,65840.0,62134.0,65661.84,61599.17818,68734.9685,64257.89866666667,46236.4495,46.08855001515315,223.13184640658437,904.6430420117932,-681.5111956052089,72838.0124295416,64631.9245704584,40210.7123305
2024-04-15 00:00:00+00:00,65661.85,66867.07,62274.4,63419.99,52389.53069,68406.568,64450.23183333334,46418.4425,42.11080842977482,-144.19018783706997,694.8763960420207,-839.0665838790907,73069.1170493121,63744.01895068789,40883.4696565
2024-04-16 00:00:00+00:00,63419.99,64365.0,61600.0,63793.39,53435.29331,68122.738,64644.71983333333,46602.87465,42.99332261664366,-400.5480187933572,475.79151307494516,-876.3395318683024,73167.26322479185,63078.21277520814,41099.2664795
2024-04-17 00:00:00+00:00,63793.4,64499.0,59678.16,61277.37,50610.54509,67647.5765,64805.29866666666,46774.4487,38.71096734950774,-797.5416696133034,221.12487653729548,-1018.6665461505988,73348.72440793121,61946.42859206878,41857.842114499996
2024-04-18 00:00:00+00:00,61277.38,64117.09,60803.35,63470.08,43601.60918,67328.5535,64994.17216666667,46951.83625,43.950639763250315,-924.5707502316363,-8.014248816490891,-916.5565014151455,73212.06185259273,61445.04514740726,42765.668397
2024-04-19 00:00:00+00:00,63470.09,65450.0,59600.01,63818.01,69774.30271,67040.345,65194.893500000006,47133.45375,44.75766800971982,-985.8034401721379,-203.57208708762033,-782.2313530845177,73018.00596645816,61062.68403354184,45572.152961499996
2024-04-20 00:00:00+00:00,63818.01,65419.0,63090.07,64940.59,23137.42975,66723.374,65406.25633333333,47321.024399999995,47.38974500464964,-932.9930013486301,-349.4562699398223,-583.5367314088078,72434.53767477887,61012.21032522113,45759.2072325
2024-04-21 00:00:00+00:00,64940.58,65695.56,64237.5,64941.15,19316.42152,66487.94149999999,65624.45233333333,47506.83729999999,47.391091612947065,-880.940230175227,-455.7530619869033,-425.18716818832377,72084.20340616812,60891.67959383185,44652.76228899999
2024-04-22 00:00:00+00:00,64941.15,67232.35,64500.0,66819.32,31397.99371,66555.708,65883.30066666666,47703.88195,51.8431467639038,-680.2934125302709,-500.6611320955768,-179.63228043469405,72133.52523755105,60977.890762448944,42632.670578000005
2024-04-23 00:00:00+00:00,66819.32,67183.01,65765.81,66414.0,22599.90004,66578.24399999999,66144.46483333333,47896.296500000004,50.84318857277974,-547.6720777653536,-510.0633212295322,-37.608756535821385,72149.94353378263,61006.544466217354,41768.304691
2024-04-24 00:00:00+00:00,66414.0,67070.43,63606.06,64289.59,33595.69637,66368.334,66356.48766666667,48077.9611,45.85127672634913,-606.9938003539282,-529.4494170544115,-77.54438329951677,71952.76782120997,60783.90017879004,41372.565282999996
2024-04-25 00:00:00+00:00,64289.58,65297.94,62794.0,64498.34,31341.46338,66202.22,66569.3125,48260.867549999995,46.408085704207195,-629.9012035175765,-549.5397743470445,-80.361429170532,71801.60159499223,60602.83840500777,41043.8769155
2024-04-26 00:00:00+00:00,64498.33,64820.01,63297.48,63770.01,27085.19346,65945.9205,66724.20483333334,48441.767,44.681714301207094,-698.7706367253559,-579.3859468227068,-119.38468990264903,71497.69098072745,60394.150019272536,41391.422129
2024-04-27 00:00:00+00:00,63770.0,63923.41,62391.24,63461.98,20933.06052,65651.0,66831.28216666667,48622.126299999996,43.937285273937235,-769.3371654582297,-617.3761905498114,-151.96097490841828,71071.01058611677,60230.98941388323,41361.3379385
2024-04-28 00:00:00+00:00,63461.98,64370.0,62781.0,63118.62,16949.20005,65225.931000000004,66842.72416666667,48803.341799999995,43.075760455843245,-843.2474980499828,-662.5504520498457,-180.6970460001371,70001.97304624016,60449.88895375985,39922.604129
2024-04-29 00:00:00+00:00,63118.62,64228.35,61765.53,63866.0,28150.22947,64961.931000000004,66888.30783333333,48988.873649999994,45.57721045562321,-831.9247387067808,-696.4253093812328,-135.49942932554802,69414.82757408006,60509.03442591995,39365.4204815
2024-04-30 00:00:00+00:00,63866.0,64734.0,59191.6,60672.0,54947.65535,64463.977,66859.7095,49157.92364999999,37.91015987901537,-1068.3650299483488,-770.813253494656,-297.5517764536928,68475.12480020657,60452.829199793436,40012.502060499995
2024-05-01 00:00:00+00:00,60672.01,60841.63,56552.82,58364.97,81166.46823,63881.914000000004,66799.33766666667,49315.4861,33.52350899458976,-1425.47175351427,-901.7449534985788,-523.7268000156912,67885.70981712581,59878.118182874205,42474.9626745
2024-05-02 00:00:00+00:00,58364.97,59625.0,56911.84,59060.61,47583.81961,63479.1185,66731.78166666666,49475.0184,35.93087560447627,-1633.5188816241644,-1048.099739123696,-585.4191425004683,67714.42998122415,59243.80701877584,42050.5105405
2024-05-03 00:00:00+00:00,59060.6,63333.0,58811.32,62882.01,43628.40143,63426.9935,66642.38666666667,49646.92455,47.23512425202867,-1473.0621428883314,-1133.0922198766232,-339.96992301170826,67664.75567772884,59189.23132227115,40662.1696025
2024-05-04 00:00:00+00:00,62882.01,64540.0,62541.03,63892.04,24368.69282,63338.50349999999,66645.18716666667,49824.405199999994,49.75833426949884,-1249.9889470937196,-1156.4715653200426,-93.51738177367702,67458.17001906548,59218.8369809345,38800.6453345
2024-05-05 00:00:00+00:00,63892.03,64646.0,62822.17,64012.0,18526.75029,63368.10399999999,66610.81983333334,50002.86519999999,50.06376388975853,-1051.4021532706684,-1135.4576829101677,84.05552963949935,67498.18135606417,59238.02664393581,37107.5063145
2024-05-06 00:00:00+00:00,64012.0,65500.0,62700.0,63165.19,34674.91949,63336.694,66549.8535,50175.122599999995,47.852279113928184,-951.3842133435392,-1098.642988996842,147.2587756533028,67462.90943264456,59210.47856735544,36169.487623500005
2024-05-07 00:00:00+00:00,63165.18,64422.41,62261.0,62312.08,25598.79472,63388.429500000006,66452.985,50338.337799999994,45.6638296330702,-930.2349531346117,-1064.961381824396,134.72642868978437,67435.24939359017,59341.60960640984,34918.900105
2024-05-08 00:00:00+00:00,62312.07,63020.22,60888.0,61193.03,26121.19004,63274.577000000005,66334.31433333333,50494.753950000006,42.892762433521256,-992.33299766454,-1050.435704992425,58.1027073278849,67432.40385019737,59116.75014980264,34044.879148
2024-05-09 00:00:00+00:00,61193.03,63429.03,60630.0,63074.01,30660.8061,63237.377,66236.28316666668,50660.1617,48.5450149114543,-879.6269869952303,-1016.2739613929859,136.64697439775568,67388.39739207496,59086.35660792504,32089.2043175
2024-05-10 00:00:00+00:00,63074.0,63469.13,60187.12,60799.99,36529.34025,63030.346999999994,66048.31466666666,50798.8117,43.00349453736479,-962.7036226589262,-1005.559893646174,42.856270987247854,67233.62057956892,58827.073420431065,32758.7998425
2024-05-11 00:00:00+00:00,60799.99,61515.0,60487.09,60825.99,13374.56936,62824.589,65871.21433333334,50933.32800000001,43.083493854448314,-1014.7470993452007,-1007.3973347859794,-7.349764559221285,67036.44936119126,58612.72863880874,32461.707234499998
2024-05-12 00:00:00+00:00,60825.99,61888.0,60610.0,61483.99,12753.13236,62557.822499999995,65678.074,51068.2677,45.18054951237641,-991.4678050185466,-1004.2114288324929,12.743623813946215,66381.82252920675,58733.82247079324,31529.464167
2024-05-13 00:00:00+00:00,61484.0,63450.0,60749.21,62940.08,32733.41839,62384.1265,65537.25966666666,51212.2098,49.605438729955665,-845.7749356171043,-972.5241301894152,126.7491945723109,65783.75856813169,58984.49443186832,32036.1400845
2024-05-14 00:00:00+00:00,62940.09,63118.36,61142.77,61577.49,29088.72041,62248.521499999995,65405.22033333333,51350.637149999995,45.87384361858385,-830.6862779878647,-944.1565597491051,113.47028176124036,65548.20596873778,58948.837031262214,31810.791286499996
2024-05-15 00:00:00+00:00,61577.49,66444.16,61319.47,66206.5,43559.74719,62333.929500000006,65420.318166666664,51511.26465,57.555285278927336,-440.13241485397884,-843.3517307700799,403.2193159161011,65936.6398119842,58731.219188015806,32421.705477
2024-05-16 00:00:00+00:00,66206.51,66752.01,64602.77,65235.21,31106.3671,62407.1895,65367.68033333334,51664.81125,54.878949925257906,-206.60899029206485,-716.0031826744769,509.39419238241203,66179.33394966219,58635.04505033781,32622.764159000002
2024-05-17 00:00:00+00:00,65235.21,67451.2,65106.38,67024.0,26292.23409,62585.2905,65357.91383333333,51827.5576,58.6888832843691,121.40097470992623,-548.5223511975963,669.9233259075226,66844.71124971671,58325.869750283295,32890.7228375
2024-05-18 00:00:00+00:00,67024.0,67400.01,66600.0,66915.2,14441.25774,62775.11949999999,65440.877166666665,51988.93474999999,58.36606892459523,368.32614985723194,-365.15265098663065,733.4788008438626,67432.50719168695,58117.73180831304,32765.325721999998
2024-05-19 00:00:00+00:00,66915.2,67700.0,65857.25,66274.01,18025.30409,62895.52,65414.76883333334,52143.197649999995,56.39728644372355,506.4395360853814,-190.83421357222824,697.2737496576096,67778.52295742468,58012.517042575324,32259.079452999995
2024-05-20 00:00:00+00:00,66274.0,71515.56,66060.31,71446.62,50816.7011,63434.251000000004,65513.858,52325.7228,66.27923148730005,1021.5064963942132,51.633928421060034,969.8725679731531,69460.71327273465,57407.78872726536,32052.531740500002
2024-05-21 00:00:00+00:00,71446.62,71979.0,69162.94,70148.34,49607.4336,64023.419499999996,65619.71966666667,52502.880600000004,62.45337940527024,1309.8413912641627,303.2754209896806,1006.5659702744821,70252.86937039118,57793.96962960881,30474.580008999998
2024-05-22 00:00:00+00:00,70148.34,70666.0,68842.19,69166.62,27673.18026,64528.72000000001,65705.9965,52673.40335,59.649486785173444,1442.5039853501512,531.1211338617748,911.3828514883764,70705.23503329327,58352.20496670675,29479.0480415
2024-05-23 00:00:00+00:00,69166.62,70096.12,66312.16,67969.65,40513.17374,64783.102,65718.6575,52838.1922,56.328884262256565,1434.5183370089653,711.800574491213,722.7177625177524,71085.17834331428,58481.02565668571,29323.286656999997
2024-05-24 00:00:00+00:00,67969.66,69250.0,66600.12,68549.99,28095.83664,65015.9995,65696.4905,53005.7117,57.56240062210085,1458.2089163768687,861.0822428683441,597.1266735085246,71510.48115739781,58521.51784260219,29509.643848
2024-05-25 00:00:00+00:00,68549.99,69610.0,68500.0,69290.57,12130.39418,65279.928,65684.86666666665,53175.16895000001,59.14815689752163,1519.2297530169599,992.7117448980673,526.5180081188926,72014.35051262286,58545.505487377144,29189.826042499997
2024-05-26 00:00:00+00:00,69290.56,69562.23,68128.01,68507.67,11872.11797,65547.052,65668.82800000001,53339.5837,56.73462621042526,1487.271379979793,1091.6236719144126,395.64770806538036,72348.24792240963,58745.85607759036,28049.6859665
2024-05-27 00:00:00+00:00,68507.67,70687.56,68250.0,69436.43,23136.92737,65903.26950000001,65646.42516666667,53503.2604,58.87832751303103,1519.3729238397937,1177.173522299489,342.19940154030473,72735.62969417861,59070.9093058214,27926.592598999996
2024-05-28 00:00:00+00:00,69436.43,69591.81,67277.91,68398.39,32622.97042,66263.5375,65622.22266666667,53658.7442,55.56459654449313,1444.402305224823,1230.6192788845558,213.78302634026727,72818.67500642444,59708.39999357558,28251.681617999995
2024-05-29 00:00:00+00:00,68398.4,68935.68,67124.65,67652.42,23159.83149,66492.458,65590.06,53811.3563,53.2454088182878,1309.6966375894408,1246.4347506255328,63.261886963907955,72904.2745235728,60080.64147642719,27876.6328875
2024-05-30 00:00:00+00:00,67652.41,69500.0,67128.0,68352.17,28478.2184,66870.06700000001,65541.26266666666,53967.796500000004,55.13702088776016,1245.0532041133993,1246.1584413231062,-1.1052372097069565,72765.14157652755,60974.99242347248,27474.076795
2024-05-31 00:00:00+00:00,68352.17,69044.1,66670.0,67540.01,26690.32184,67205.768,65506.099500000004,54123.1819,52.48296800554991,1115.4303066137945,1220.012814381244,-104.58250776744944,72410.06574181696,62001.47025818303,28139.864419
2024-06-01 00:00:00+00:00,67540.01,67900.0,67428.44,67766.85,8837.66133,67519.911,65544.4805,54284.2602,53.16113302080711,1019.2579475287639,1179.861841010748,-160.6038934819842,72014.92886354326,63024.89313645672,27944.090867500003
2024-06-02 00:00:00+00:00,67766.84,68460.0,67257.47,67765.63,15426.32529,67761.1885,65574.51966666667,54433.79735,53.156738927434226,932.1964360230631,1130.3287600132112,-198.13232399014805,71734.78025472621,63787.5967452738,27078.7362125
2024-06-03 00:00:00+00:00,67765.62,70288.0,67612.48,68809.9,29633.374,68122.809,65579.88816666667,54597.029299999995,56.47316127871016,936.6661186209094,1091.596231734751,-154.93011311384157,70922.57463722983,65323.04336277016,27105.968891999997
2024-06-04 00:00:00+00:00,68809.89,71063.45,68567.32,70537.84,29619.78489,68339.376,65625.17516666667,54766.6489,61.3493454947675,1067.3351164554479,1086.7440086788904,-19.408892223442535,71182.45698213065,65496.29501786936,26408.970777000002
2024-06-05 00:00:00+00:00,70537.83,71758.0,70383.66,71108.0,28703.18082,68633.01550000001,65662.04183333334,54939.348399999995,62.82906446250676,1203.0305977622047,1110.0013264955533,93.02927126665145,71343.01537208042,65923.0156279196,26288.811463
2024-06-06 00:00:00+00:00,71108.0,71700.0,70117.64,70799.06,21842.00449,68821.76849999999,65686.01966666666,55106.54439999999,61.456130402032855,1270.9901845665154,1142.1990981097456,128.7910864567698,71582.59303371955,66060.94396628044,26066.299983
2024-06-07 00:00:00+00:00,70799.06,71997.02,68420.0,69355.6,35598.45045,68943.7885,65648.27966666667,55266.078499999996,55.368261793040084,1194.6028501873661,1152.6798485252698,41.92300166209634,71569.16297032376,66318.41402967623,27124.159618499998
2024-06-08 00:00:00+00:00,69355.6,69582.2,69168.02,69310.46,9773.82967,69095.611,65651.02066666666,55433.922549999996,55.1841608611121,1117.5406041616807,1145.651999652552,-28.111395490871246,71419.77471483868,66771.44728516132,26711.585897499997
2024-06-09 00:00:00+00:00,69310.46,69857.14,69130.24,69648.14,9890.56709,69005.687,65634.63833333334,55595.12155,56.35332301733291,1071.3661310172029,1130.7948259254822,-59.42869490827934,71085.35059438752,66926.02340561249,24665.279197
2024-06-10 00:00:00+00:00,69648.15,70195.94,69172.29,69540.0,17122.66941,68975.27,65626.86783333334,55756.350150000006,55.85082022212014,1014.353696148828,1107.5065999701515,-93.15290382132343,71004.37492359977,66946.16507640024,23041.040987499997
2024-06-11 00:00:00+00:00,69540.0,69590.01,66051.0,67314.24,41436.01588,68882.651,65630.16316666667,55904.3535,46.63369600906985,780.5727435180597,1042.119828679733,-261.5470851616733,71033.79833154491,66731.50366845509,23729.1827685
2024-06-12 00:00:00+00:00,67314.23,69999.0,66905.0,68263.99,37175.32356,68897.368,65702.48783333333,56056.770099999994,50.395551935956526,664.2791453769314,966.5516920191727,-302.2725466422413,71027.25123695005,66767.48476304996,23562.290259499998
2024-06-13 00:00:00+00:00,68263.98,68449.3,66251.78,66773.01,29079.55571,68808.519,65721.00733333333,56203.398,45.029229676404945,446.6572192506719,862.5727974654726,-415.9155782148007,71128.70673190724,66488.33126809276,23611.476212999998
2024-06-14 00:00:00+00:00,66773.01,67370.24,65078.0,66043.99,28408.18797,68646.19,65764.74066666666,56347.404449999995,42.63845674845976,212.9101578212576,732.6402695366297,-519.7301117153721,71246.17418829363,66046.20581170637,24425.3659025
2024-06-15 00:00:00+00:00,66043.99,66478.48,65857.1,66228.25,11451.80242,68532.21900000001,65805.32166666667,56489.451349999996,43.455621368507465,42.04747256664268,594.5217101426324,-552.4742375759897,71338.17862812243,65726.25937187759,24404.350124999997
2024-06-16 00:00:00+00:00,66228.25,66998.7,66034.5,66676.87,9392.52223,68394.24100000001,65895.31333333334,56633.5625,45.49165059030788,-56.511126679193694,464.3151427782672,-520.826269457461,71279.06373226155,65509.41826773846,23717.129867999996
2024-06-17 00:00:00+00:00,66676.86,67298.81,65130.0,66504.33,27386.16851,68299.538,65945.88416666667,56777.46435,44.82316365634771,-146.8492756418418,342.0822590942454,-488.9315347360872,71299.6508042927,65299.4251957073,23455.2897725
2024-06-18 00:00:00+00:00,66504.33,66588.23,64060.0,65175.32,42350.10244,68175.683,65968.506,56909.92835,39.9530978895904,-321.97142339727725,209.2715225959409,-531.2429459932182,71463.19146014137,64888.174539858635,24414.80332
2024-06-19 00:00:00+00:00,65175.32,65727.54,64666.0,64974.37,20060.79576,68006.79299999999,65969.069,57037.548449999995,39.25853613318827,-471.5363947339065,73.10993912997142,-544.6463338638779,71575.69591261349,64437.89008738649,23993.932188
2024-06-20 00:00:00+00:00,64974.37,66482.94,64559.15,64869.99,24265.29031,67873.292,65967.883,57162.0371,38.880437147784434,-591.6699033909827,-59.8460293742194,-531.8238740167633,71692.99189266188,64053.59210733812,23872.6806115
2024-06-21 00:00:00+00:00,64869.99,65066.66,63379.35,64143.56,25993.56442,67692.1275,65923.287,57272.7994,36.26288734644931,-736.9977531548939,-195.2763741303543,-541.7213790245396,71844.08356241832,63540.17143758168,24730.475765999996
2024-06-22 00:00:00+00:00,64143.56,64546.81,63943.82,64262.01,7308.95542,67516.94649999999,65887.4205,57373.74285,37.007581719711084,-833.0107664667448,-322.8232525976324,-510.1875138691124,71929.20740598325,63104.68559401673,24324.6072725
2024-06-23 00:00:00+00:00,64262.01,64521.0,63178.32,63210.01,8224.45447,67236.952,65869.4275,57470.979450000006,33.28765606357574,-982.6618650276796,-454.79097508364185,-527.8708899440378,71983.5353264277,62490.36867357232,23254.161296
2024-06-24 00:00:00+00:00,63210.01,63369.8,58402.0,60293.3,52161.35414,66724.725,65799.3435,57556.08024999999,25.60337876209904,-1321.3834737004727,-628.1094748070082,-693.2739988934645,72104.70971915279,61344.740280847225,24381.2397585
2024-06-25 00:00:00+00:00,60293.3,62420.0,60257.06,61806.01,31189.24361,66259.6255,65766.61016666667,57644.25535,34.100105361100276,-1451.033127518749,-792.6942053493564,-658.3389221693927,71651.7583714931,60867.492628506894,24505.542898
2024-06-26 00:00:00+00:00,61806.01,62487.81,60712.0,60864.99,22485.66463,65762.922,65723.32699999999,57730.012299999995,31.67649182947153,-1611.1416240713152,-956.3836890937482,-654.757934977567,71220.70220405748,60305.14179594254,24537.725905
2024-06-27 00:00:00+00:00,60864.98,62389.22,60606.63,61706.47,18344.28631,65380.465500000006,65699.79116666668,57819.5971,36.053280196684746,-1651.0955558538553,-1095.3260624457698,-555.7694934080855,70849.63055342056,59911.30044657945,23675.017698
2024-06-28 00:00:00+00:00,61706.46,62225.31,60063.0,60427.84,24821.19255,64936.3345,65642.4885,57915.4693,32.63252607832116,-1765.5815644486793,-1229.3771628463517,-536.2044016023276,70498.66184703351,59374.00715296649,24427.385842
2024-06-29 00:00:00+00:00,60427.84,61224.0,60383.77,60986.68,11509.55904,64503.2615,65647.73316666667,58012.940749999994,35.51244501386661,-1790.578163040649,-1341.6173628852112,-448.96080015543794,69876.25029043581,59130.27270956418,24508.3354395
2024-06-30 00:00:00+00:00,60986.68,63058.76,60712.21,62772.01,17326.30136,64164.862,65721.18383333333,58112.455649999996,43.78098672250404,-1647.337456375768,-1402.7613815833226,-244.5760747924453,69057.37168967073,59272.35231032927,24518.517037
2024-07-01 00:00:00+00:00,62772.01,63861.76,62497.2,62899.99,24547.10538,63944.1495,65785.1735,58211.8443,44.332006094810644,-1506.129524300719,-1423.435010126802,-82.69451417391701,68642.87899964106,59245.42000035894,23674.071512000002
2024-07-02 00:00:00+00:00,62900.0,63288.83,61806.28,62135.47,18573.11875,63637.7235,65772.73116666666,58312.82015,41.70248298873626,-1439.3200102897754,-1426.6120101593967,-12.70800013037865,67953.33831767652,59322.10868232347,22743.9612715
2024-07-03 00:00:00+00:00,62135.46,62285.94,59400.0,60208.58,32160.11127,63309.502,65711.34016666666,58402.4729,35.91960631815054,-1524.285889508661,-1446.1467860292496,-78.13910347941146,67619.88650530836,58999.11749469165,22897.989049500004
2024-07-04 00:00:00+00:00,60208.57,60498.19,56771.0,57050.01,54568.77276,62859.803,65595.307,58480.8497,28.855870303791647,-1825.4495169364673,-1522.0073322106932,-303.44218472577404,67770.1248750284,57949.48112497159,24206.018289
2024-07-05 00:00:00+00:00,57050.02,57546.0,53485.93,56628.79,81348.24756,62379.829999999994,65486.367,58550.70465000001,28.0632875827354,-2074.202677833615,-1632.4464013352776,-441.75627649833723,67735.72228386256,57023.93771613742,27700.840546000003
2024-07-06 00:00:00+00:00,56628.79,58475.0,56018.0,58230.13,21651.31558,61957.493,65418.3345,58630.47535,35.33503403595783,-2117.7148958831312,-1729.5001002448485,-388.2147956382828,67222.77546685236,56692.21053314765,28313.780213500002
2024-07-07 00:00:00+00:00,58230.13,58449.46,55724.37,55857.81,19118.93918,61425.167,65329.41416666667,58691.41975000001,30.42783575601051,-2316.9170622081656,-1846.983492637512,-469.9335695706536,66892.90846918296,55957.42553081705,27900.418747
2024-07-08 00:00:00+00:00,55857.81,58236.73,54260.16,56714.62,48090.2049,61002.132,65223.424333333336,58755.68385,33.993268590333855,-2378.234006625702,-1953.23359543515,-425.0004111905521,66552.40077115722,55451.86322884277,28187.42387
2024-07-09 00:00:00+00:00,56714.61,58296.0,56289.45,58050.0,27732.20788,60655.9135,65177.59116666667,58826.08864999999,39.22124445472065,-2292.6459259656403,-2021.1160615412482,-271.52986442439214,66033.02203121549,55278.80496878452,28570.994476
2024-07-10 00:00:00+00:00,58050.0,59470.0,57157.79,57725.85,24951.73799,60298.70650000001,65125.92216666666,58896.2071,38.42564880912597,-2225.3208379731004,-2061.9570168276186,-163.36382114548178,65453.14876529995,55144.264234700066,28605.316860000003
2024-07-11 00:00:00+00:00,57725.85,59650.0,57050.0,57339.89,29761.05735,59958.523,65056.853833333334,58967.94905,37.451508971982896,-2178.0023121900886,-2085.1660759001124,-92.83623628997611,64948.484436771185,54968.56156322882,28793.6915065
2024-07-12 00:00:00+00:00,57339.89,58526.68,56542.47,57889.1,23652.4569,59639.8775,64972.67083333333,59039.5139,39.7905901130695,-2072.297230027434,-2082.592306725577,10.29507669814302,64292.41203082669,54987.34296917332,29610.8665805
2024-07-13 00:00:00+00:00,57889.09,59850.0,57756.63,59204.02,15357.74519,59439.578,64933.113000000005,59122.98935,45.08552767827076,-1860.9700319794574,-2038.2678517763534,177.29781979689596,63795.54208849795,55083.613911502056,29967.531116499995
2024-07-14 00:00:00+00:00,59204.01,61420.69,59194.01,60797.91,21178.33907,59464.8085,64842.96983333334,59209.834650000004,50.74049634067799,-1547.0447339990787,-1940.0232282208985,392.9784942218198,63846.03227213841,55083.58472786159,28418.380362999997
2024-07-15 00:00:00+00:00,60797.91,64900.0,60632.3,64724.14,38690.9782,59610.71499999999,64834.452,59320.63655,61.30980117817805,-970.2581930287124,-1746.0702211824614,775.812028153749,64463.120134285426,54758.30986571455,28793.4670925
2024-07-16 00:00:00+00:00,64724.06,65388.97,62373.24,65043.99,42530.52915,59819.66499999999,64801.45183333334,59435.52175,62.02464882568295,-481.7877328037357,-1493.2137235067164,1011.4259907029807,65201.174961640834,54438.15503835915,29795.7103185
2024-07-17 00:00:00+00:00,65044.0,66128.63,63854.0,64087.99,29567.52954,59938.741,64754.331666666665,59545.2603,58.54300937469533,-169.8546060428198,-1228.5419000139373,1058.6872939711175,65581.04958174698,54296.43241825303,30356.87248
2024-07-18 00:00:00+00:00,64087.99,65133.3,63238.48,63987.92,22568.7225,60116.74500000001,64716.23016666666,59653.782,58.174892470667594,68.49031784157705,-969.1354564428344,1037.6257742844114,66027.77122088919,54205.71877911083,30244.248977499996
2024-07-19 00:00:00+00:00,63987.92,67386.0,63300.67,66660.0,35634.72739,60400.411,64636.453166666666,59766.18425,64.57953900748083,467.6046562941192,-681.7874338954437,1149.3920901895629,66960.12480503565,53840.69719496435,31450.507395
2024-07-20 00:00:00+00:00,66660.01,67598.0,66222.46,67139.96,14386.92434,60618.8085,64586.313500000004,59877.1495,65.59854145733354,813.2596547251014,-382.7780161713346,1196.037670896436,67746.11255646274,53491.504443537255,31303.538544
2024-07-21 00:00:00+00:00,67139.97,68366.66,65777.0,68165.34,21819.11191,60882.076,64569.6255,60003.75005000001,67.73418210553679,1156.600754296669,-74.9022620777339,1231.503016374403,68684.03048179206,53080.12151820795,31167.1388705
2024-07-22 00:00:00+00:00,68165.35,68474.55,66559.97,67532.01,21451.04303,61151.903000000006,64562.33149999999,60120.6546,65.04812045678509,1361.8975046242922,212.45769126267135,1149.439813361621,69465.10890586226,52838.69709413775,31311.0350845
2024-07-23 00:00:00+00:00,67532.0,67750.98,65441.08,65936.01,31406.15316,61438.2745,64518.76516666667,60229.6091,58.72779700004218,1379.9060981331204,445.94737263676114,933.9587254963592,69992.85936369958,52883.68963630042,31273.337179000002
2024-07-24 00:00:00+00:00,65936.0,67102.01,65111.0,65376.0,23082.56277,61854.574,64453.52233333334,60336.6475,56.647927175019824,1333.6168070288331,623.4812595151756,710.1355475136576,70324.37119082545,53384.77680917455,29699.0266795
2024-07-25 00:00:00+00:00,65376.01,66175.49,63456.7,65799.95,35126.42934,62313.132000000005,64408.39366666666,60446.00215,57.864516405895216,1315.971729302917,761.9793534727239,553.9923758301932,70592.49171978526,54033.772280214755,27387.9357685
2024-07-26 00:00:00+00:00,65799.95,68200.0,65722.63,67907.99,24244.36023,62797.025,64382.91966666667,60550.78689999999,63.36916731625227,1455.3131444258834,900.6461116633559,554.6670327625275,71195.68523657574,54398.364763424266,27517.588001000004
2024-07-27 00:00:00+00:00,67908.0,69399.99,66650.0,67896.5,31710.21921,63398.9595,64374.554833333335,60659.719399999994,63.320610214617446,1546.982422434754,1029.9133738176356,517.0690486171184,71440.0154811605,55357.90351883949,28147.152002500003
2024-07-28 00:00:00+00:00,67896.49,68318.43,67066.66,68249.88,10868.69394,63975.722499999996,64384.5125,60767.69885000001,64.22847023135436,1629.3635100777683,1149.8034010696622,479.5601090081061,71663.25566016867,56288.189339831326,26286.076454500006
2024-07-29 00:00:00+00:00,68249.88,70079.99,66428.0,66784.69,36467.29633,64412.45700000001,64358.387833333334,60869.9265,57.836490584094975,1558.4575985721167,1231.534240570153,326.9233580019636,71685.03840198801,57139.87559801201,26722.830877
2024-07-30 00:00:00+00:00,66784.68,67000.0,65302.67,66188.0,23132.25441,64835.5645,64335.85433333333,60986.95285,55.41771318047142,1437.5451311694342,1272.7364186900095,164.80871247942468,71458.458759823,58212.670240176994,26631.856698
2024-07-31 00:00:00+00:00,66188.0,66849.24,64530.0,64628.0,22625.43905,65199.97000000001,64283.54016666666,61095.8529,49.57978038983053,1201.986415897598,1258.5864181315274,-56.600002233929445,70865.93437205684,59534.00562794318,26275.075783
2024-08-01 00:00:00+00:00,64628.01,65659.78,62302.0,65354.02,35542.26854,65573.21599999999,64243.346666666665,61213.96125,52.10837237424294,1061.6501413581645,1219.1991627768548,-157.54902141869024,70140.58769589612,61005.84430410385,26869.566365
2024-08-02 00:00:00+00:00,65354.02,65596.14,61230.01,61498.33,38820.42937,65687.93149999999,64121.487166666666,61308.8974,40.49385110860124,632.0250813473976,1101.7643464909634,-469.7392651435657,69689.91266812511,61685.950331874876,28042.700574
2024-08-03 00:00:00+00:00,61498.34,62198.22,59850.0,60697.99,28034.71567,65682.93549999999,63957.489666666675,61396.6976,38.571985996121654,224.3768995002465,926.28685709282,-701.9099575925735,69709.49663955272,61656.37436044728,28385.519404
2024-08-04 00:00:00+00:00,60697.99,61117.63,57122.77,58161.0,31616.52003,65354.7785,63741.70633333334,61473.6221,33.19397165418715,-299.9435495196012,681.0407757703358,-980.984325289937,70542.69634004221,60166.86065995779,28031.7964955
2024-08-05 00:00:00+00:00,58161.0,58305.59,49000.0,54018.81,162065.59186,64803.51950000001,63462.0355,61537.07865,26.658443519416466,-1037.748875110432,337.2828455941822,-1375.0317207046141,71971.53624404829,57635.50275595173,34008.549631
2024-08-06 00:00:00+00:00,54018.82,57040.99,53950.0,56022.01,55884.77676,64400.220499999996,63239.809,61608.89355000001,33.47956137072167,-1444.1758524239267,-19.008894009439587,-1425.166958414487,72527.36323505742,56273.07776494257,35324.411991999994
2024-08-07 00:00:00+00:00,56022.0,57736.05,54558.62,55134.16,44269.37684,63957.532499999994,63003.537333333334,61676.08415,32.05650666691585,-1816.9693434538858,-378.6009838983289,-1438.368359555557,73035.22689186475,54879.83810813524,36409.444708999996
2024-08-08 00:00:00+00:00,55133.76,62745.14,54730.0,61685.99,48349.52949,63708.831999999995,62870.834833333334,61776.61245,49.212219683289725,-1565.684707155946,-616.0177285498523,-949.6669786060936,72749.2104580869,54668.453541913084,37045.18481399999
2024-08-09 00:00:00+00:00,61686.0,61744.37,59535.0,60837.99,30972.48017,63393.733499999995,62725.80133333334,61882.96230000001,47.53908971895704,-1418.6134427384022,-776.5368713875623,-642.0765713508399,72372.88230676053,54414.58469323947,37874.4626055
2024-08-10 00:00:00+00:00,60837.99,61470.58,60242.0,60923.51,9995.20621,63031.64199999999,62619.28916666667,61988.091850000004,47.73208576704375,-1280.3980254000053,-877.3091021900509,-403.0889232099544,71793.34431098284,54269.93968901715,37283.267320499996
2024-08-11 00:00:00+00:00,60923.51,61858.0,58286.73,58712.59,19189.84512,62590.670999999995,62460.09916666666,62081.2304,43.29738536976261,-1333.8878491331707,-968.6248515786749,-365.26299755449577,71289.50915825852,53891.83284174148,37170.207425
2024-08-12 00:00:00+00:00,58712.59,60711.09,57642.21,59346.64,37009.91743,62261.20249999999,62336.32633333334,62178.158149999996,44.87901928954811,-1310.0153423812808,-1036.9029497391962,-273.1123926420846,70927.34790348899,53595.057096510995,37450.395638500006
2024-08-13 00:00:00+00:00,59346.64,61578.1,58392.88,60587.15,27858.95851,62021.759999999995,62245.37899999999,62271.97635,47.93872149996602,-1177.4247990015283,-1065.0073195916625,-112.41747940986579,70594.55668326146,53448.96331673853,37689.21542549999
2024-08-14 00:00:00+00:00,60587.16,61800.0,58433.18,58683.39,28422.76326,61665.93199999999,62119.63133333333,62354.79014999999,43.91038211745665,-1211.992267305126,-1094.4043091343553,-117.58795817077066,70172.42291143714,53159.441088562846,37354.0321215
2024-08-15 00:00:00+00:00,58683.39,59849.38,56078.54,57541.06,37686.17622,61147.5855,61967.36783333333,62432.34015,41.64883060191252,-1316.389203813007,-1138.8012880700858,-177.58791574292127,69326.57757960969,52968.593420390316,38026.122921
2024-08-16 00:00:00+00:00,57541.05,59817.76,57098.62,58874.6,27610.84344,60696.4905,61840.20566666667,62510.199649999995,45.197294688943366,-1276.800829808497,-1166.401196417768,-110.39963339072892,68312.63702387926,53080.343976120734,37821.1541325
2024-08-17 00:00:00+00:00,58874.59,59700.0,58785.05,59491.99,7721.72931,60258.596000000005,61745.483499999995,62592.9541,46.81001460209207,-1181.9833763313509,-1169.5176324004847,-12.46574393086621,67049.62737997723,53467.56462002278,37663.805901
2024-08-18 00:00:00+00:00,59491.99,60284.99,58408.92,58427.35,13634.85717,59840.72899999999,61636.3665,62672.19085,44.384435071703294,-1179.154848663151,-1171.445075653018,-7.709773010132949,65970.35930599851,53711.09869400147,36522.183942999996
2024-08-19 00:00:00+00:00,58427.35,59617.63,57787.3,59438.5,22809.31251,59503.25399999999,61545.84166666667,62753.96865,47.183689003831674,-1082.8395651776664,-1153.7239735579478,70.88440838028146,64896.916761974986,54109.591238025,36506.036848
2024-08-20 00:00:00+00:00,59438.5,61400.0,58548.23,59013.8,31477.44548,59222.543999999994,61460.34566666667,62833.037650000006,46.133390668328765,-1028.9180232425642,-1128.7627834948712,99.84476025230697,64077.61498858871,54367.473011411275,36948.6371695
2024-08-21 00:00:00+00:00,59013.8,61820.93,58783.47,61156.03,27983.6422,59012.64450000001,61408.579333333335,62923.762350000005,51.94418197588458,-804.0560969601574,-1063.8214461879284,259.7653492277709,63089.917747963525,54935.37125203649,36570.7058525
2024-08-22 00:00:00+00:00,61156.03,61400.0,59724.87,60375.84,21241.20588,58956.52,61361.343166666666,63012.72715,49.83567543122336,-680.956569565562,-987.248470863455,306.2919012978931,62924.83087666024,54988.20912333975,35691.744678
2024-08-23 00:00:00+00:00,60375.83,64955.0,60342.14,64037.24,38118.07089,59123.482500000006,61423.74216666667,63119.36985,58.37500405921465,-284.67338919013855,-846.7334545287918,562.0600653386532,63617.05400824319,54629.91099175682,36195.912439
2024-08-24 00:00:00+00:00,64037.24,64494.5,63531.0,64157.01,15857.15616,59423.28300000001,61462.9255,63224.660149999996,58.62312987392476,38.60332921443478,-669.6660977801464,708.2694269945812,64394.66800285221,54451.89799714781,35407.9442455
2024-08-25 00:00:00+00:00,64157.02,65000.0,63773.27,64220.0,12305.47977,59933.342500000006,61518.842333333334,63324.012149999995,58.762355710531445,296.4677287711238,-476.4393324698924,772.9070612410162,64669.80311806647,55196.88188193354,27919.938640999997
2024-08-26 00:00:00+00:00,64219.99,64481.0,62800.0,62834.0,19470.05276,60273.941999999995,61537.6345,63411.7389,54.42303950170759,384.55558906458464,-304.240348162997,688.7959372275816,64811.90250117707,55735.98149882292,26099.202440999998
2024-08-27 00:00:00+00:00,62834.0,63212.0,58034.01,59415.0,35135.94178,60487.98400000001,61520.753833333336,63473.15005,45.49757367327195,176.4471538065918,-208.10284776907926,384.5500015756711,64396.16952138397,56579.79847861605,25642.530688
2024-08-28 00:00:00+00:00,59415.0,60234.98,57860.0,59034.9,36868.54275,60355.429500000006,61488.22416666666,63529.5691,44.62143058273196,-18.93292685202323,-170.26886358566807,151.33593673364484,64271.91749751491,56438.941502485104,25068.481351000002
2024-08-29 00:00:00+00:00,59034.9,61166.99,58713.09,59359.01,27020.90743,60281.480500000005,61431.340833333335,63584.864199999996,45.583696459059745,-145.93779999650724,-165.40265086783592,19.46485087132868,64214.545698167756,56348.415301832254,24870.902714000003
2024-08-30 00:00:00+00:00,59359.0,59944.07,57701.1,59123.99,28519.32195,60191.5045,61368.407499999994,63630.897800000006,44.97344810980094,-262.5279678447914,-184.82771426322702,-77.7002535815644,64143.989238297974,56239.01976170203,25797.108501000002
2024-08-31 00:00:00+00:00,59123.99,59462.38,58744.0,58973.99,8798.409,60204.5745,61315.71616666667,63677.2698,44.563389055778266,-362.8475811977769,-220.431687650137,-142.41589354763988,64139.09899461919,56270.050005380814,25277.536695
2024-09-01 00:00:00+00:00,58974.0,59076.59,57201.0,57301.86,20705.15741,60102.3355,61267.270833333336,63704.803250000004,40.166753995888385,-570.6998414464324,-290.4853184093961,-280.2145230370363,64222.603903723044,55982.06709627696,24462.298694
2024-09-02 00:00:00+00:00,57301.77,59425.69,57128.0,59132.13,22895.01461,60029.5845,61301.972833333326,63741.063899999994,46.40028975255551,-581.03890755069,-348.5960362376549,-232.44287131303514,64164.39907979417,55894.76992020582,24214.101499
2024-09-03 00:00:00+00:00,59132.12,59809.65,57415.0,57487.73,22828.18447,59969.8015,61316.2885,63767.882000000005,42.15135180989288,-713.6949974323652,-421.615828476597,-292.0791689557682,64213.87413302485,55725.72886697515,23934.3725595
2024-09-04 00:00:00+00:00,57487.74,58519.0,55606.0,57970.9,35560.82146,59991.29349999999,61311.968,63799.5233,43.78036606731333,-770.951079277751,-491.4828786368278,-279.46820064092316,64190.06347187396,55792.523528126025,23828.104821499997
2024-09-05 00:00:00+00:00,57970.9,58327.07,55643.65,56180.0,27806.91413,59856.56349999999,61317.33783333333,63819.73495,39.35647959429487,-949.8878832389237,-583.163879557247,-366.72400368167666,64352.43397624267,55360.69302375731,23837.908356
2024-09-06 00:00:00+00:00,56180.0,57008.0,52550.0,53962.97,54447.76826,59580.1125,61271.47699999999,63830.67615,34.68408281244494,-1256.1126967898308,-717.7536430037638,-538.359053786067,64759.63533698168,54400.58966301833,26174.210303499996
2024-09-07 00:00:00+00:00,53962.97,54850.0,53745.54,54160.86,16694.04774,59366.788,61206.658,63840.186349999996,35.421055472095915,-1465.9316510329663,-867.3892446096042,-598.5424064233621,65045.98818181115,53687.58781818885,26327.169832000003
2024-09-08 00:00:00+00:00,54160.86,55318.0,53629.01,54869.95,16274.14779,59138.360499999995,61159.05966666667,63855.28915,38.1155426992429,-1557.048362750138,-1005.3210682377111,-551.727294512427,65145.6793771297,53131.04162287029,26000.411595999998
2024-09-09 00:00:00+00:00,54869.95,58088.0,54591.96,57042.0,32384.51737,59039.7705,61154.09483333333,63884.05704999999,45.602680514389064,-1437.4230130955038,-1091.7414572092698,-345.68155588623404,65116.351985068635,52963.18901493136,26045.765190500002
2024-09-10 00:00:00+00:00,57042.01,58044.36,56386.4,57635.99,23626.78126,58863.76849999999,61149.87633333333,63918.51625,47.47422730333845,-1279.934741849327,-1129.3801141372815,-150.55462771204566,64888.662259464225,52838.87474053576,25827.9221435
2024-09-11 00:00:00+00:00,57635.99,57981.71,55545.19,57338.0,33026.56757,58711.87649999999,61118.776,63947.36515,46.60788440540637,-1165.731626293491,-1136.6504165685233,-29.08120972496772,64729.79823038758,52693.9547696124,26417.190228
2024-09-12 00:00:00+00:00,57338.0,58588.0,57324.0,58132.32,31074.40631,58416.63049999999,61074.3495,63979.3825,49.26562575752616,-999.6070015555306,-1109.2417335659247,109.63473201039415,63917.71939374815,52915.541606251834,26065.006998999997
2024-09-13 00:00:00+00:00,58132.31,60625.0,57632.62,60498.0,29825.23333,58233.68000000001,61003.91383333333,64009.49015,56.25043440932373,-669.3456345778613,-1021.2625137683121,351.9168791904508,63173.733027389535,53293.62697261048,26763.410857500003
2024-09-14 00:00:00+00:00,60497.99,60610.45,59400.0,59993.03,12137.90901,58022.33150000001,60919.73116666666,64024.268599999996,54.52483174797441,-443.2484879762269,-905.6597086098951,462.4112206336682,62226.77060832724,53817.89239167277,26755.032319500002
2024-09-15 00:00:00+00:00,59993.02,60395.8,58691.05,59132.0,13757.92361,57837.231499999994,60837.13133333333,64007.768099999994,51.61715341273036,-329.7417379267936,-790.476114473275,460.73437654648137,61464.36566636765,54210.09733363234,26469.425862000004
2024-09-16 00:00:00+00:00,59132.0,59210.7,57493.3,58213.99,26477.5642,57777.181,60740.89916666667,63993.18315,48.638977963587614,-310.28577435043553,-694.438046448707,384.1522720982715,61336.98390411936,54217.37809588063,26036.506983000003
2024-09-17 00:00:00+00:00,58213.99,61320.0,57610.01,60313.99,33116.25878,57841.1355,60635.13233333334,63982.813599999994,55.030842288925875,-123.9851103022811,-580.3474592194219,456.3623489171408,61532.550481792154,54149.72051820784,25848.8927845
2024-09-18 00:00:00+00:00,60313.99,61786.24,59174.8,61759.99,36087.02469,57961.184499999996,60545.466166666665,63981.677149999996,58.83016912577664,138.7403115052657,-436.5299050744844,575.2702165797501,61983.57098529446,53938.798014705535,26302.198647499998
2024-09-19 00:00:00+00:00,61759.98,63850.0,61555.0,62947.99,34332.52608,58152.3845,60458.51033333333,63980.84725,61.69365747803184,437.76746179317706,-261.6704317009521,699.4378934941292,62706.12864848698,53598.64035151302,26592.858854
2024-09-20 00:00:00+00:00,62948.0,64133.32,62350.0,63201.05,25466.37794,58363.7375,60386.32766666667,63955.62395000001,62.29525234623745,687.2463121692417,-71.88708292691334,759.133395096155,63415.539451194774,53311.93554880523,27426.257300999998
2024-09-21 00:00:00+00:00,63201.05,63559.9,62758.0,63348.96,8375.34608,58666.092500000006,60343.210166666664,63953.748700000004,62.66432861164258,886.6741714420132,119.82516794687197,766.8490034951412,64134.181807966284,53198.00319203373,26809.7667345
2024-09-22 00:00:00+00:00,63348.97,64000.0,62357.93,63578.76,14242.19892,58888.424,60313.256166666666,63941.2723,63.26595380922862,1051.1481447019687,306.08976329789135,745.0583814040774,64760.87644332859,53015.97155667141,26377.125949999998
2024-09-23 00:00:00+00:00,63578.76,64745.88,62538.75,63339.99,24078.05287,59181.037,60272.25683333333,63923.8564,62.14541839567603,1148.9834440400882,474.66849944633077,674.3149445937574,65322.21827579896,53039.855724201036,26439.61937
2024-09-24 00:00:00+00:00,63339.99,64688.0,62700.0,64262.7,23185.04759,59495.627,60211.502,63904.548950000004,64.74412458507618,1286.1476991449963,636.964339386064,649.1833597589323,65991.01101075592,53000.242989244085,25820.830676499998
2024-09-25 00:00:00+00:00,64262.7,64817.99,62947.08,63152.01,17813.11168,59844.2275,60132.42716666667,63878.74265000001,59.453259159687924,1290.3535662597205,767.6421847607953,522.7113814989252,66338.7694438706,53349.685556129414,25321.140554
2024-09-26 00:00:00+00:00,63152.01,65839.0,62670.0,65173.99,28373.30593,60404.77849999999,60081.162333333334,63859.8332,65.05229992209141,1440.2414272042006,902.1620332494764,538.0793939547242,66704.4325437797,54105.124456220285,24017.417437499997
2024-09-27 00:00:00+00:00,65173.99,66498.0,64819.9,65769.95,22048.80487,60985.23299999999,60064.25,63828.29245,66.51977581235701,1588.8028974347253,1039.490206086526,549.3126913481992,67009.98534038567,54960.48065961432,24285.155294
2024-09-28 00:00:00+00:00,65769.95,66260.0,65422.23,65858.0,9127.23316,61534.6355,60058.75,63800.322400000005,66.74197667497756,1694.1151274166477,1170.4151903525506,523.6999370640972,67223.19443422905,55846.076565770934,23927.8095625
2024-09-29 00:00:00+00:00,65858.0,66076.12,65432.0,65602.01,8337.74111,61962.636,60074.9835,63762.9704,65.38334160926614,1736.8976993122706,1283.7116921444947,453.18600716777587,67521.31546131759,56403.95653868241,22725.470749499997
2024-09-30 00:00:00+00:00,65602.01,65618.8,62856.3,63327.59,30011.08752,62247.216,60041.20966666667,63722.66365,54.72433778477558,1569.1878886970153,1340.806931454999,228.3809572420164,67462.92506115686,57031.50693884314,23044.686062499997
2024-10-01 00:00:00+00:00,63327.6,64130.63,60164.0,60805.78,43671.48108,62420.605,60029.667166666666,63679.19329999999,45.80747233274856,1218.738801876556,1316.3933055393104,-97.65450366275445,67182.83485909308,57658.37514090692,23576.931738
2024-10-02 00:00:00+00:00,60804.92,62390.31,60000.0,60649.28,31534.70118,62546.453,60028.85533333333,63655.936550000006,45.3140135405107,917.7973372522465,1236.6741118818977,-318.8767746296512,66969.7010325324,58123.20496746762,23599.946481500003
2024-10-03 00:00:00+00:00,60649.27,61477.19,59828.11,60752.71,26221.43472,62559.188500000004,60072.0505,63617.73269999999,45.73010653005481,679.8085847716284,1125.3010064598438,-445.4924216882155,66960.18216471127,58158.19483528875,23419.756551
2024-10-04 00:00:00+00:00,60752.72,62484.85,60459.9,62086.0,21294.65994,62663.837,60206.50366666667,63590.11274999999,50.91484976078257,591.9623703236139,1018.6332792325979,-426.6709089089841,66912.68244135246,58414.99155864754,23877.5940975
2024-10-05 00:00:00+00:00,62086.0,62370.56,61689.26,62058.0,7807.46141,62810.137,60307.1035,63590.715749999996,50.80507727638815,514.1573604817313,917.7380954824247,-403.5807350006934,66752.94133190661,58867.332668093404,23580.0709875
2024-10-06 00:00:00+00:00,62058.01,62975.0,61798.97,62819.91,8906.86177,63040.433,60435.19933333333,63565.61274999999,53.72850831004536,508.1188215972725,835.8142407053942,-327.69541910812177,66373.3996458609,59707.46635413909,22701.535866
2024-10-07 00:00:00+00:00,62819.91,64478.19,62128.0,62224.0,25966.1852,63135.9335,60444.16616666667,63549.2264,51.167401923800405,450.0602646752959,758.6634454993746,-308.60318082407866,66253.43242745263,60018.434572547376,22344.032186999997
2024-10-08 00:00:00+00:00,62224.01,63200.0,61860.31,62160.49,19702.22371,63155.95849999999,60466.20783333333,63541.04564999999,50.888986838374656,394.3775746119136,685.8062713218825,-291.4286967099689,66242.841954468,60069.075045532,21524.792138
2024-10-09 00:00:00+00:00,62160.5,62543.75,60301.0,60636.02,20011.15684,63040.36,60461.416333333334,63524.27569999999,44.61375686545439,224.6470616037186,593.5744293782498,-368.92736777453115,66317.06035828992,59763.65964171007,20808.723676
2024-10-10 00:00:00+00:00,60636.01,61321.68,58946.0,60326.39,23967.92481,62896.627,60488.313,63489.85769999999,43.442034205277885,64.40740541092964,487.74102458478575,-423.3336191738561,66378.30632380646,59414.94767619354,20733.8010195
2024-10-11 00:00:00+00:00,60326.4,63417.56,60087.64,62540.0,23641.35209,62856.179000000004,60541.53566666667,63453.157649999994,52.95493311631425,114.7138012096184,413.1355799097523,-298.4217787001339,66334.69337913564,59377.66462086436,21497.101319999998
2024-10-12 00:00:00+00:00,62539.99,63480.0,62487.23,63206.22,10911.30116,62837.552,60585.18683333333,63419.24875,55.38703322504503,205.96611927173217,371.7016877821483,-165.73556851041616,66304.35968220008,59370.74431779993,21330.556432
2024-10-13 00:00:00+00:00,63206.23,63285.72,62050.0,62870.02,11909.21995,62814.0535,60654.964,63386.2489,53.873448082709984,248.29353519764118,347.0200572652469,-98.72652206760574,66273.28301432663,59354.82398567337,20722.114786
2024-10-14 00:00:00+00:00,62870.02,66500.0,62457.81,66083.99,37669.95222,62905.118,60797.34616666667,63362.765849999996,64.0012457770761,535.0115558211037,384.61835697641834,150.39319884468534,66599.96298545763,59210.27301454237,21446.3600175
2024-10-15 00:00:00+00:00,66084.0,67950.0,64800.01,67074.14,43683.95423,63101.2245,60934.00516666667,63348.883850000006,66.44556442403842,832.5375086648855,474.2021873141118,358.3353213507737,67219.72012152933,58982.72887847066,22739.902145
2024-10-16 00:00:00+00:00,67074.14,68424.0,66750.49,67620.01,29938.25544,63223.5255,61069.47216666667,63339.073000000004,67.7458215771729,1099.6994659223783,599.3016430357651,500.3978228866132,67709.81451895054,58737.23648104946,22818.1496205
2024-10-17 00:00:00+00:00,67620.0,67939.4,66666.0,67421.78,25328.22861,63306.117000000006,61219.37933333333,63319.78185,66.73448786800233,1280.6689826805596,735.575110964724,545.0938717158356,68031.33830281548,58580.89569718453,22982.1208075
2024-10-18 00:00:00+00:00,67421.78,69000.0,67192.36,68428.0,28725.635,63434.617000000006,61369.20433333333,63313.67285,69.24432467727092,1488.1279603950243,886.085680850784,602.0422795442403,68553.79496961398,58315.43903038603,23962.0408995
2024-10-19 00:00:00+00:00,68427.99,68693.26,68010.0,68378.0,8193.66737,63573.41650000001,61525.274333333335,63328.2429,68.96587465217988,1629.7197183149692,1034.8124883436212,594.907229971348,69057.64939926933,58089.183600730685,23954.8372125
2024-10-20 00:00:00+00:00,68377.99,69400.0,68100.0,69031.99,12442.47378,63858.6365,61656.54033333333,63343.58645,70.6295169487574,1774.2512697529164,1182.7002446254803,591.5510251274361,69833.46097417394,57883.81202582607,23076.4065255
2024-10-21 00:00:00+00:00,69032.0,69519.52,66840.67,67377.5,31374.42184,64187.222499999996,61773.23466666667,63338.035,61.62871368934572,1735.2867443011273,1293.21754456061,442.06919974051743,70177.14286374538,58197.30213625461,22461.5535635
2024-10-22 00:00:00+00:00,67377.5,67836.01,66571.42,67426.0,24598.96268,64526.0585,61829.714,63336.0619,61.7824654068061,1688.8525805505778,1372.3445517586035,316.5080287919743,70443.3581490517,58608.758850948296,22114.766638499997
2024-10-23 00:00:00+00:00,67426.01,67472.83,65260.0,66668.65,25530.2407,64821.85549999999,61871.57466666667,63324.92515,57.882165835968834,1572.8109698565531,1412.4378353781935,160.3731344783596,70543.30283109684,59100.40816890315,22080.206937500003
2024-10-24 00:00:00+00:00,66668.65,68850.0,66510.0,68198.28,22589.83877,65127.46949999999,61937.87933333334,63319.1146,62.967198470524686,1585.9931726477662,1447.148902832108,138.8442698156582,70884.58920624155,59370.349793758425,22144.965879
2024-10-25 00:00:00+00:00,68198.27,68771.49,65596.29,66698.33,34479.71125,65359.486,62002.28483333333,63294.50625,55.84684678957812,1458.592981983922,1449.4377186624708,9.15526332145123,70975.3824223632,59743.5895776368,23478.578371
2024-10-26 00:00:00+00:00,66698.32,67454.55,66439.9,67092.76,11842.9077,65573.1285,62130.247500000005,63284.24005,57.216899171184416,1373.620376968276,1434.274250323632,-60.65387335535593,71110.87882439588,60035.37817560413,23625.380667499998
2024-10-27 00:00:00+00:00,67092.76,68332.05,66913.73,68021.7,8653.19592,65863.0135,62280.027500000004,63271.19315000001,60.33829759649843,1365.4960809934128,1420.5186164575882,-55.02253546417546,71274.69655970208,60451.33044029792,22759.7312035
2024-10-28 00:00:00+00:00,68021.69,70270.0,67618.0,69962.21,29046.75459,66253.0995,62456.747500000005,63270.97305,65.93019839117528,1498.3682014576334,1436.0885334575974,62.279668000036054,71665.7320872531,60840.46691274689,23226.9577475
2024-10-29 00:00:00+00:00,69962.21,73620.12,69760.0,72736.42,50128.60594,66858.1195,62683.621333333336,63299.07255,72.00666227913402,1806.6993704656925,1510.2107008592166,296.4886696064759,72328.83857908584,61387.40042091416,24732.8302025
2024-10-30 00:00:00+00:00,72736.41,72961.0,71436.0,72344.74,26885.99056,67459.037,62906.46716666666,63341.1737,70.1055385049586,1996.435079854171,1607.4555766582075,388.9795031959634,72555.33592422123,62362.73807577876,24878.733490000002
2024-10-31 00:00:00+00:00,72344.75,72700.0,69685.76,70292.01,29352.10297,67846.6375,63122.96966666667,63364.32455,61.01372772282428,1958.5864751886838,1677.681756364303,280.9047188243808,72551.6442308017,63141.630769198295,25164.271034
2024-11-01 00:00:00+00:00,70292.01,71632.95,68820.14,69496.01,38301.86755,68161.12700000001,63295.701,63394.70465,57.87910150719854,1843.1143607050326,1710.7682772324492,132.34608347258336,72401.27614458658,63920.97785541345,26533.799353500002
2024-11-02 00:00:00+00:00,69496.0,69914.37,69000.14,69374.74,10521.67243,68486.363,63493.81783333333,63422.611399999994,57.39530849695174,1721.966642967629,1713.0079503794855,8.958692588143549,71986.5286519682,64986.1973480318,26464.421977500002
2024-11-03 00:00:00+00:00,69374.74,69391.0,67478.73,68775.99,24995.70243,68620.963,63673.90266666666,63460.1045,54.95297024033631,1559.6632556466793,1682.3390114329243,-122.67575578624496,71943.79138931203,65298.13461068798,25830.709488
2024-11-04 00:00:00+00:00,68775.99,69500.0,66835.0,67850.01,29800.39187,68659.7565,63868.40283333333,63482.00415,51.31613114011284,1340.8611914419744,1614.0434474347344,-273.18225599276,71927.09642557018,65392.41657442983,25136.53137
2024-11-05 00:00:00+00:00,67850.01,70577.91,67476.63,69372.01,33355.06888,68747.35650000001,64125.220166666666,63509.77415,56.42124533292788,1275.5677087580407,1546.3482996993957,-270.78059094135506,71992.36213975241,65502.350860247614,25307.372042
2024-11-06 00:00:00+00:00,69372.01,76400.0,69298.0,75571.99,104126.994787,69154.867,64482.07233333333,63562.931150000004,70.15203302528889,1704.4607612562977,1577.9707920107762,126.48996924552148,73494.16374509333,64815.57025490666,29247.310350850003
2024-11-07 00:00:00+00:00,75571.99,76849.99,74416.0,75857.89,44869.422345,69526.3615,64831.871333333336,63617.51485000001,70.61186713303364,2043.8708649371983,1671.1508065960606,372.7200583411377,74737.68570104761,64315.0372989524,30054.4997181
2024-11-08 00:00:00+00:00,75857.89,77199.99,75555.0,76509.78,36521.099583,69932.9505,65156.33433333333,63665.96715,71.68308357987644,2338.501107251999,1804.6208667272483,533.8802405247509,75931.82718076551,63934.0738192345,31470.871328749996
2024-11-09 00:00:00+00:00,76509.78,76900.0,75714.66,76677.46,16942.07915,70315.224,65473.69216666666,63717.28445000001,71.96614436020215,2556.0633642536122,1954.9093662325213,601.153998021091,76973.85186393932,63656.59613606069,31695.851597249995
2024-11-10 00:00:00+00:00,76677.46,81500.0,76492.0,80370.01,61830.100435,70964.8495,65857.559,63797.686550000006,77.3383744259081,2991.9515899471444,2162.3178109754463,829.6337789716981,78784.24664495635,63145.45235504364,33218.635527
2024-11-11 00:00:00+00:00,80370.01,89530.54,80216.01,88647.99,82323.665776,72025.949,66366.1535,63918.4348,84.50648164594546,3959.7148255765787,2521.797213895673,1437.9176116809058,82827.48794344542,61224.41005655457,36104.8706818
2024-11-12 00:00:00+00:00,88648.0,89940.0,85072.0,87952.01,97299.887911,73090.117,66823.72033333333,64039.344800000006,82.15361569177827,4617.289157473409,2940.8956026112205,1676.393554862189,85625.31475264576,60554.91924735423,39693.35304235
2024-11-13 00:00:00+00:00,87952.0,93265.64,86127.99,90375.2,86763.854127,74198.963,67330.08983333333,64173.910899999995,83.84058855179845,5273.166948475511,3407.349871784079,1865.8170766914322,88592.77520898533,59805.15079101468,42902.0538102
2024-11-14 00:00:00+00:00,90375.21,91790.0,86668.21,87325.59,56729.51086,75230.326,67799.983,64294.94575,74.31919784519717,5483.664511813622,3822.6127997899875,1661.0517120236345,90268.1702456273,60192.48175437269,44014.543790699994
2024-11-15 00:00:00+00:00,87325.59,91850.0,87073.38,91032.07,47927.95068,76427.2915,68346.951,64430.7761,77.64251012545564,5881.765970134758,4234.443433858942,1647.3225362758167,92461.65711047618,60392.92588952383,45818.795939699994
2024-11-16 00:00:00+00:00,91032.08,91779.66,90056.17,90586.92,22717.87689,77555.5525,68851.49983333334,64580.3507,76.36435763593542,6091.129608760908,4605.780668839335,1485.3489399215732,94228.20109440648,60882.90390559353,46522.0299882
2024-11-17 00:00:00+00:00,90587.98,91449.99,88722.0,89855.99,23867.55609,78550.2415,69319.7665,64737.8058,74.20429551028681,6127.438560861032,4910.112247243675,1217.3263136173573,95660.1207748371,61440.362225162906,46263.0700632
2024-11-18 00:00:00+00:00,89855.98,92594.0,89376.9,90464.08,46545.03448,79436.6245,69778.36799999999,64894.823150000004,74.84186960166016,6134.56598987554,5155.002995770048,979.5629941054922,97078.4235857732,61794.82541422681,46083.8914902
2024-11-19 00:00:00+00:00,90464.07,93905.51,90357.0,92310.79,43660.04682,80434.927,70263.53033333334,65041.96704999999,76.72342843760876,6217.55647141255,5367.513690898549,850.0427805140016,98610.08878108938,62259.76521891061,46922.5943032
2024-11-20 00:00:00+00:00,92310.8,94831.97,91500.0,94286.56,42203.198712,81634.65449999999,70779.15699999999,65193.93965,78.57006982417163,6369.333441603507,5567.87764103954,801.4558005639665,100138.08433804102,63131.224661958964,47565.1490903
2024-11-21 00:00:00+00:00,94286.56,98988.0,94040.0,98317.12,69228.360477,83075.70999999999,71358.12966666666,65365.46525,81.75076407968113,6737.188179598088,5801.73974875125,935.4484308468382,102056.27756072502,64095.14243927496,49111.473736650005
2024-11-22 00:00:00+00:00,98317.12,99588.01,97122.11,98892.0,46189.309243,84551.573,71950.66316666665,65544.0993,82.15753739620462,6994.475758601271,6040.2869507212545,954.1888078800166,103631.3253210552,65471.8206789448,50894.8555773
2024-11-23 00:00:00+00:00,98892.0,98908.85,97136.0,97672.4,24757.84367,85996.39349999999,72507.4915,65720.9009,78.17638978359687,7019.055192195199,6236.040599016044,783.0145931791549,104444.81727979044,67547.96972020954,50882.9626393
2024-11-24 00:00:00+00:00,97672.4,98564.0,95734.77,97900.04,31200.97838,87498.89499999999,73086.62533333333,65904.43595,78.38690988776742,6976.482666467418,6384.12901250632,592.3536539610986,104639.35619864649,70358.43380135349,50952.9919648
2024-11-25 00:00:00+00:00,97900.05,98871.8,92600.19,93010.01,50847.45096,88680.795,73550.559,66054.11594999999,64.0856202615538,6473.536184299301,6402.010446864916,71.52573743438461,103799.17935185142,73562.41064814858,51827.6110688
2024-11-26 00:00:00+00:00,93010.01,94973.37,90791.1,91965.16,57858.73138,89500.45349999999,73987.14583333333,66209.9418,61.50360196412582,5922.367445457625,6306.081846583458,-383.7144011258333,103416.89852625784,75584.00847374214,49514.19789845
2024-11-27 00:00:00+00:00,91965.16,97208.21,91792.14,95863.11,41153.42734,90500.7145,74487.231,66385.1274,66.86685603812859,5733.996297414051,6191.664736749577,-457.6684393355263,103171.07857028088,77830.35042971912,49328.398148199994
2024-11-28 00:00:00+00:00,95863.11,96564.0,94640.0,95643.98,28814.54357,91457.4245,74987.9305,66555.92735,66.30758574825106,5503.586921625916,6054.049173724845,-550.4622520989287,102548.78762366988,80366.06137633011,48943.07034755
2024-11-29 00:00:00+00:00,95643.99,98619.99,95364.99,97460.0,27701.78231,92496.5515,75556.804,66728.52695,68.64793397380036,5405.215508440058,5924.282440667888,-519.06693222783,101563.85036211851,83429.2526378815,49481.05550555
2024-11-30 00:00:00+00:00,97460.0,97463.95,96092.01,96407.99,14503.83306,93298.4505,76150.17416666666,66902.67945,65.79667779021634,5182.624965249532,5775.950945584217,-593.3259803346855,100598.65660036344,85998.24439963658,47114.7421368
2024-12-01 00:00:00+00:00,96407.99,97836.0,95693.88,97185.18,16938.60452,93725.31,76759.10583333332,67057.57285,66.89076010679484,5011.167474541857,5622.994251375745,-611.8267768338883,100884.9293785455,86565.6906214545,43845.489074
2024-12-02 00:00:00+00:00,97185.17,98130.0,94395.0,95840.62,37958.66981,94119.7405,77343.90433333332,67210.59989999999,63.12853248901442,4712.469013451322,5440.889203790861,-728.4201903395387,100817.99076925265,87421.49023074735,40878.428168950006
2024-12-03 00:00:00+00:00,95840.61,96305.52,93578.17,95849.69,35827.32283,94393.465,77906.6325,67354.72835,63.143591752406174,4425.466184808291,5237.804599994347,-812.3384151860564,100902.00436034992,87884.92563965007,38331.6016041
2024-12-04 00:00:00+00:00,95849.69,99000.0,94587.83,98587.32,43850.53728,94956.5515,78515.45449999999,67513.08895,67.46316426223828,4368.560194449121,5063.955718885301,-695.3955244361805,100840.38796342886,89072.71503657114,37687.6529251
2024-12-05 00:00:00+00:00,98587.32,104088.0,90500.0,96945.63,109921.729662,95252.22949999999,79084.21650000001,67666.44705,62.71627501106611,4143.230541666897,4879.810683441621,-736.5801417747243,100907.38690335341,89597.07209664656,40787.3418742
2024-12-06 00:00:00+00:00,96945.63,101898.99,95981.72,99740.84,45049.5331,95709.9255,79709.49716666667,67807.91815,66.97685562792813,4142.453628043571,4732.339272362012,-589.8856443184404,101261.44466514957,90158.40633485043,41903.924684699996
2024-12-07 00:00:00+00:00,99740.84,100439.18,98844.0,99831.99,14931.9459,96208.7255,80337.35549999999,67956.3364,67.10885001525898,4101.908711352444,4606.253160160099,-504.34444880765477,101343.77469760492,91073.67630239508,41457.1441752
2024-12-08 00:00:00+00:00,99831.99,101351.0,98657.7,101109.59,14612.99688,96741.001,81011.91500000001,68116.05125,68.98037853090713,4125.314161678747,4510.065360463828,-384.7511987850812,101582.38154851712,91899.62045148289,39860.5422952
2024-12-09 00:00:00+00:00,101109.6,101215.93,94150.05,97276.47,53949.11595,96989.285,81627.74966666667,68262.58535000001,58.26792108691337,3790.8636835961806,4366.225025090299,-575.3613414941183,101385.2351073174,92593.3348926826,40374.9957517
2024-12-10 00:00:00+00:00,97276.48,98270.0,94256.54,96593.0,51708.68933,97104.607,82195.29966666667,68402.80040000001,56.58065630528344,3431.107284145779,4179.201476901395,-748.094192755616,101328.5440930931,92880.6699069069,40850.2702826
2024-12-11 00:00:00+00:00,96593.0,101888.0,95658.24,101125.0,37753.78291,97245.001,82827.27933333332,68561.97255,64.02050224970651,3471.672985041936,4037.6957785295035,-566.0227934875675,101794.88859040482,92695.11340959519,39276.54140425
2024-12-12 00:00:00+00:00,101125.0,102540.0,99311.64,100004.29,29232.08745,97300.61549999999,83446.18383333334,68719.45564999999,61.22661443831747,3374.490636911665,3905.054750205936,-530.564113294271,101955.64710148056,92645.58389851941,38428.680314599995
2024-12-13 00:00:00+00:00,100004.29,101895.26,99205.0,101424.25,21904.03923,97488.208,84035.18816666667,68879.39474999999,63.40568387025698,3373.1680492094747,3798.677410006644,-425.5093607971694,102478.37663258024,92498.03936741975,38285.9900926
2024-12-14 00:00:00+00:00,101424.24,102650.0,100609.41,101420.0,14191.70326,97664.20599999999,84607.61916666667,69044.50279999999,63.3942001032154,3333.352140904797,3705.6123561862746,-372.2602152814775,102940.16641916348,92388.2455808365,37435.5263366
2024-12-15 00:00:00+00:00,101420.0,105250.0,101237.14,104463.99,22228.921775,98236.905,85221.68549999999,69228.56065,67.88118557780555,3506.995835071735,3665.889051963367,-158.8932168916317,103843.94755149038,92629.86244850962,36004.599877349996
2024-12-16 00:00:00+00:00,104463.99,107793.07,103333.0,106058.66,41302.40274,98941.58,85865.6335,69417.0931,69.95866296832104,3730.285842352707,3678.7684100412353,51.517432311471566,104757.2202862216,93125.9397137784,35176.783445349996
2024-12-17 00:00:00+00:00,106058.65,108353.0,105321.49,106133.74,29064.936466,99455.1115,86494.0625,69610.06175,70.05686313355747,3868.707063528942,3716.7561407387766,151.95092279016535,105875.1466336807,93035.07636631929,34572.35890165
2024-12-18 00:00:00+00:00,106133.74,106524.98,100000.0,100204.01,50307.99755,99683.113,87024.496,69772.24755,54.81638229072311,3460.042013868966,3665.4133153648145,-205.37130149584846,105865.03321238446,93501.19278761554,35647.03160065001
2024-12-19 00:00:00+00:00,100204.01,102800.11,95700.0,97461.86,55147.398,99683.20599999999,87498.32716666667,69920.72869999999,49.45809117759156,2881.685157139713,3508.6676837197947,-626.9825265800819,105864.99248721705,93501.41951278293,37019.31238515
2024-12-20 00:00:00+00:00,97461.86,98233.0,92232.54,97805.44,62884.1357,99753.0785,88005.45950000001,70065.70640000001,50.116049112465944,2423.124939962785,3291.559134968393,-868.4341950056082,105815.64796923782,93690.50903076219,39438.32751715
2024-12-21 00:00:00+00:00,97805.44,99540.61,96398.39,97291.99,23483.54143,99758.41900000001,88503.226,70199.47715,49.087622159355206,1995.2811807505059,3032.3035441248157,-1037.0223633743099,105812.11252257608,93704.72547742394,39765.574362650004
2024-12-22 00:00:00+00:00,97292.0,97448.08,94250.35,95186.27,19353.83036,99725.7015,88978.51966666666,70319.86850000001,45.00840010704523,1469.3600454046973,2719.714844380792,-1250.3547989760946,105870.13011630066,93581.27288369933,38835.33239015
2024-12-23 00:00:00+00:00,95186.28,96538.92,92520.0,94881.47,32810.76703,99677.2905,89423.2395,70440.28055,44.43281675866141,1016.2541981063696,2379.0227151259073,-1362.7685170195377,105956.88055482226,93397.70044517775,38684.50460015
2024-12-24 00:00:00+00:00,94881.47,99487.99,93569.02,98663.58,23674.22488,99681.1035,89955.99366666666,70586.82045,52.54281079027017,951.3822756007721,2093.4946272208804,-1142.1123516201083,105958.13367024249,93404.0733297575,37675.68898015
2024-12-25 00:00:00+00:00,98663.58,99569.15,97632.02,99429.6,14474.1651,99805.302,90494.94100000002,70737.41615,54.006958585392354,950.8217405824107,1864.9600498931866,-914.1383093107759,105957.9838897768,93652.62011022319,32903.310752050005
2024-12-26 00:00:00+00:00,99429.61,99963.7,95199.14,95791.6,21192.36727,99607.84,90957.77266666667,70868.13345,46.646436109920884,649.3361733676429,1621.835274588078,-972.499101220435,106004.7657577436,93210.91424225639,31710.452460549997
2024-12-27 00:00:00+00:00,95791.6,97544.58,93500.01,94299.03,26501.26429,99331.19200000001,91363.38633333334,70991.9286,43.99708496979538,286.664276850468,1354.801075040556,-1068.136798190088,106131.27779101675,92531.10620898327,32288.91838005
2024-12-28 00:00:00+00:00,94299.03,95733.99,94135.66,95300.0,8385.8929,99040.7125,91739.44600000001,71131.85740000001,46.20378749241316,79.10225790567347,1099.6613116135795,-1020.5590537079061,106006.42964214686,92074.99535785313,31977.563181049998
2024-12-29 00:00:00+00:00,95300.0,95340.0,93009.52,93738.2,13576.00578,98863.799,92096.00366666666,71259.22845000001,43.334612009297985,-209.00704192751436,837.9276409053608,-1046.9346828328753,106171.11308940657,91556.48491059343,29958.907672549998
2024-12-30 00:00:00+00:00,93738.19,95024.5,91530.45,92792.05,27619.4225,98673.7515,92471.00433333335,71389.32365,41.647336421068175,-507.82820798567263,568.7764711271541,-1076.6046791128267,106393.4852101959,90954.0177898041,28754.44433105
2024-12-31 00:00:00+00:00,92792.05,96250.0,92033.73,93576.0,19612.03389,98296.3015,92872.3375,71526.9837,43.60659816293684,-673.6228171994735,320.29661346182854,-993.919430661302,106234.8218139965,90357.7811860035,27847.35688005
2025-01-01 00:00:00+00:00,93576.0,95151.15,92888.0,94591.79,10373.32613,98025.6765,93292.62166666667,71668.80140000001,46.13051393557842,-714.8105843362282,113.2751739022172,-828.0857582384454,106081.0094764036,89970.3435235964,26904.418814050005
2025-01-02 00:00:00+00:00,94591.78,97839.5,94392.0,96984.79,21970.48948,97803.7035,93762.76833333334,71820.341,51.62345411464539,-548.0396260036359,-18.98778607895342,-529.0518399246826,105715.58885584379,89891.81814415622,26907.74132655
2025-01-03 00:00:00+00:00,96984.79,98976.91,96100.01,98174.18,15253.82936,97641.4125,94268.17116666668,71978.69025,54.127163404072355,-316.25303897949925,-78.4408366590626,-237.81220232043665,105381.21268485746,89901.61231514256,26960.847631549997
2025-01-04 00:00:00+00:00,98174.17,98778.43,97514.79,98220.5,8990.05651,97329.23799999998,94748.97933333334,72143.91614999999,54.226518909665195,-127.35479514031613,-88.22362835531331,-39.13116678500282,104419.53072636528,90238.94527363469,26298.9043683
2025-01-05 00:00:00+00:00,98220.51,98836.85,97276.79,98363.61,8095.63723,96944.4855,95128.83966666668,72310.86235000001,54.55402387744817,33.50992348174623,-63.87691798790141,97.38684146964763,102831.21093920503,91057.76006079496,24638.5660928
2025-01-06 00:00:00+00:00,98363.61,102480.0,97920.0,102235.6,25263.43375,96749.5785,95568.46816666666,72497.6904,62.39392949942777,468.0383506245853,42.50613573459594,425.53221488998935,101567.49094412514,91931.66605587487,24448.490956999998
2025-01-07 00:00:00+00:00,102235.6,102724.38,96181.81,96954.61,32059.87537,96587.1085,95909.21533333334,72661.74565,49.78033152876916,381.8715245897911,110.37921350563497,271.4923110841561,101139.96282462054,92034.25417537946,23536.084848000002
2025-01-08 00:00:00+00:00,96954.6,97268.65,92500.9,95060.61,33704.67894,96467.046,96215.60116666666,72815.73865,46.174941034904926,158.92177171818912,120.08772514814581,38.83404657004331,101047.85640672292,91886.23559327709,22463.948895
2025-01-09 00:00:00+00:00,95060.61,95382.32,91203.67,92552.49,34544.83685,96204.3985,96418.6425,72962.45104999999,41.852140294505325,-217.64298362814588,52.54158339288747,-270.18456702103333,101043.23918562874,91365.55781437125,21046.9839525
2025-01-10 00:00:00+00:00,92552.49,95836.0,92206.02,94726.11,31482.86424,96076.10449999999,96519.9445,73134.61510000001,46.52447472320942,-336.7979003966029,-25.32631336501062,-311.4715870315923,100928.83961566663,91223.36938433335,21446.950093
2025-01-11 00:00:00+00:00,94726.1,95050.94,93831.73,94599.99,7047.9043,96046.7905,96630.74416666666,73298.585,46.29204504682564,-436.37559415654687,-107.53616952331788,-328.839424633229,100927.67388074003,91165.90711925998,20831.65379
2025-01-12 00:00:00+00:00,94599.99,95450.1,93711.19,94545.06,8606.86622,96029.97,96700.24183333333,73466.98535,46.183824353454966,-513.8012448897643,-188.78918459660719,-325.01206029315716,100929.08577581967,91130.85422418034,19621.458749499998
2025-01-13 00:00:00+00:00,94545.07,95940.0,89256.69,94536.1,42619.56423,95823.59599999999,96820.41699999999,73631.1335,46.16486608716173,-569.3218402518105,-264.8957157276479,-304.4261245241626,100607.9584091765,91039.23359082348,20568.725717
2025-01-14 00:00:00+00:00,94536.11,97371.0,94346.22,96560.86,27846.61753,95680.159,96912.5635,73811.79860000001,51.05445268207225,-444.81356778329064,-300.8792861387764,-143.93428164451421,100187.47368193661,91172.84431806339,21237.3483385
2025-01-15 00:00:00+00:00,96560.85,100681.94,96500.0,100497.35,30509.99179,95915.44649999999,97077.73733333334,74009.35195,58.87493025712381,-28.17325667224941,-246.33808024547102,218.1648235732216,100888.67752401005,90942.21547598993,21703.229564499998
2025-01-16 00:00:00+00:00,100497.35,100866.66,97335.13,99987.3,27832.85317,96199.86,97246.5925,74195.4284,57.590937665068644,257.8876509694237,-145.4929340024921,403.3805849719158,101415.49997866467,90984.22002133534,21769.8090085
2025-01-17 00:00:00+00:00,99987.3,105865.22,99950.77,104077.48,39171.85292,96638.734,97473.4825,74401.31585,64.31240049345153,805.3527193385962,44.676196665725584,760.6765226728706,102858.21055389912,90419.25744610088,23309.107009499996
2025-01-18 00:00:00+00:00,104077.47,104988.88,102277.55,104556.23,24307.82998,97179.6355,97677.57316666668,74613.41965,65.01140927335399,1263.2914171282464,288.3992407582298,974.8921763700166,104134.22534834215,90225.04565165786,23845.6982195
2025-01-19 00:00:00+00:00,104556.23,106422.43,99651.6,101331.57,43397.28298,97606.6115,97794.98999999999,74819.0346,56.92381885545725,1350.4409790189675,500.8075884103773,849.6333906085902,104479.35597763449,90733.8670223655,24634.5912435
2025-01-20 00:00:00+00:00,101331.57,109588.0,99550.0,102260.01,89529.231732,98040.812,97860.70483333334,75045.0846,58.5236874130634,1477.39449925792,696.1249705798859,781.269528678034,104937.3440317699,91144.27996823011,28130.451135600004
2025-01-21 00:00:00+00:00,102260.0,107240.81,100119.04,106143.82,45941.02002,98618.4135,97981.56850000001,75292.65974999999,64.46863249850298,1869.8427045817953,930.8685173802678,938.9741872015275,106166.94032795358,91069.88667204641,29908.835830099997
2025-01-22 00:00:00+00:00,106143.82,106394.46,103339.12,103706.66,22248.69254,98954.50700000001,98082.1395,75520.0424,58.77545818575377,1961.5902990140894,1137.0128737070322,824.5774253070572,106775.80658832725,91133.20741167277,29922.7459831
2025-01-23 00:00:00+00:00,103706.66,106850.0,101262.28,103910.34,53953.12031,99241.31499999999,98182.31116666667,75760.30505,59.10052511090694,2027.3659892500727,1315.0834968156405,712.2824924344322,107342.79424976071,91139.83575023926,31857.710530599998
2025-01-24 00:00:00+00:00,103910.35,107120.0,102750.0,104870.5,23609.24017,99573.81499999999,98379.986,76001.08445000001,60.67475547200399,2132.3897238879435,1478.5447422301013,653.8449816578423,108018.98362675359,91128.64637324639,32588.669713599997
2025-01-25 00:00:00+00:00,104870.51,105286.52,104106.09,104746.85,9068.32377,99892.977,98593.01416666668,76234.5687,60.35258803297774,2180.508721408929,1618.9375380658669,561.5711833430621,108609.20064325097,91176.75335674903,32637.3040406
2025-01-26 00:00:00+00:00,104746.86,105500.0,102520.44,102620.0,9812.51238,99912.197,98705.629,76459.03945,54.94810957675934,2023.69644059024,1699.8893185707416,323.80712201949837,108650.66547851768,91173.72852148232,31864.7579721
2025-01-27 00:00:00+00:00,102620.01,103260.0,97777.77,102082.83,50758.1341,100168.60800000001,98812.94316666666,76682.75415,53.64158064762822,1834.9245802269725,1726.896370901988,108.02820932498457,108845.62997173588,91491.58602826414,32799.6709086
2025-01-28 00:00:00+00:00,102082.83,103800.0,100272.68,101335.52,22022.05765,100482.3535,98877.53516666667,76899.98625,51.79639718280176,1606.5011046691216,1702.8173176554146,-96.31621298629307,108846.02334956088,92118.68365043911,32215.539844099996
2025-01-29 00:00:00+00:00,101335.52,104782.68,101328.01,103733.24,23155.35802,101041.391,98999.62266666668,77122.63235,56.917054683368,1600.500249406774,1682.3539040056867,-81.85365459891273,108672.77273781646,93410.00926218355,31646.0659026
2025-01-30 00:00:00+00:00,103733.25,106457.44,103278.54,104722.94,19374.07472,101541.23250000001,99125.25200000001,77342.2575,58.85974252647251,1656.5098328974273,1677.185089784035,-20.675256886607713,108750.4506901977,94332.01430980233,31040.6264266
2025-01-31 00:00:00+00:00,104722.94,106012.0,101560.0,102429.56,21983.18193,101932.71100000001,99235.06766666667,77530.7846,52.90637398503216,1498.5666879639466,1641.4614094200174,-142.89472145607078,108404.29974703252,95461.1222529675,31787.390308100003
2025-02-01 00:00:00+00:00,102429.56,102783.71,100279.51,100635.65,12290.95747,102237.2405,99314.83366666666,77708.7429,48.75252382102037,1214.6404440649058,1556.097216348995,-341.4567722840893,107798.85034187319,96675.63065812681,31971.594870599998
2025-02-02 00:00:00+00:00,100635.66,101456.6,96150.0,97700.59,34619.49939,102395.465,99300.05483333333,77876.80589999999,42.827782014095284,744.2132108782971,1393.7204152548557,-649.5072043765585,107200.26370705334,97590.66629294665,31571.5916286
2025-02-03 00:00:00+00:00,97700.59,102500.01,91231.0,101328.52,75164.7385,102633.84800000001,99373.10299999999,78063.5089,50.788709662488124,656.5713249243709,1246.2905971887587,-589.7192722643879,106668.44042327467,98599.25557672535,33937.4976771
2025-02-04 00:00:00+00:00,101328.51,101732.31,96150.0,97763.13,40267.98697,102497.137,99340.14116666667,78219.02455,44.26529709463347,296.0051598616119,1056.2335097233295,-760.2283498617176,106973.18776581639,98021.08623418362,34425.3974361
2025-02-05 00:00:00+00:00,97763.14,99149.0,96155.0,96612.43,26233.30444,102328.39349999999,99286.48183333334,78366.3869,42.3736367472997,-81.65670917459647,828.6554659437444,-910.3121751183409,107386.77584269144,97270.01115730855,34345.419999599995
2025-02-06 00:00:00+00:00,96612.44,99120.0,95676.64,96554.35,23515.20405,101952.237,99210.56116666667,78508.33194999999,42.2754354907362,-381.24823951150756,586.6747248526941,-967.9229643642017,107526.93986436557,96377.53413563441,33562.5875561
2025-02-07 00:00:00+00:00,96554.35,100137.99,95620.34,96506.8,31794.22065,101549.76550000001,99197.73333333334,78653.2059,42.18923067879199,-615.4194015759131,346.2558995669727,-961.6753011428857,107466.1647181141,95633.36628188592,33936.907089600005
2025-02-08 00:00:00+00:00,96506.8,96880.0,95688.0,96444.74,10147.24294,101305.424,99195.26233333333,78805.74955000001,42.068658249056206,-796.8241649987176,117.63988665383462,-914.4640516525523,107627.4255698747,94983.4224301253,32274.405087599996
2025-02-09 00:00:00+00:00,96444.75,97323.09,94713.0,96462.75,14120.91613,101015.561,99117.55816666667,78961.1833,42.1203544815995,-928.4330917260086,-91.57470902213403,-836.8583827038746,107659.33048894213,94371.79151105788,28503.989307499996
2025-02-10 00:00:00+00:00,96462.75,98345.0,95256.0,97430.82,20572.87537,100579.91100000001,99074.66699999999,79119.33765,44.96334287468878,-943.7401073473739,-262.007788687182,-681.7323186601918,106958.8431101105,94200.97888988952,27235.582075000002
2025-02-11 00:00:00+00:00,97430.82,98478.42,94876.88,95778.2,18647.76379,100183.488,98980.56616666666,79258.6887,41.239325462354614,-1076.8108448587445,-424.96839992149455,-651.84244493725,106719.39986670895,93647.57613329105,27055.535637500005
2025-02-12 00:00:00+00:00,95778.21,98119.99,94088.23,97869.99,29151.16625,99881.47050000001,98921.39933333333,79408.55615,47.20026374777609,-1001.9307577823638,-540.3608714936685,-461.56988628869533,106256.88068926486,93506.06031073516,25815.437934499998
2025-02-13 00:00:00+00:00,97870.0,98083.91,95217.36,96608.14,19921.77616,99468.35250000001,98790.46849999999,79550.34745,44.281969277826605,-1032.506407420151,-638.789978678965,-393.71642874118595,105561.63114090906,93375.07385909096,25631.064734000003
2025-02-14 00:00:00+00:00,96608.13,98826.0,96252.82,97500.48,18173.02646,99106.034,98647.83216666667,79703.9264,46.78753267332779,-973.5114160261728,-705.7342661484066,-267.7771498777662,104745.62113717056,93466.44686282944,26086.2998685
2025-02-15 00:00:00+00:00,97500.47,97972.26,97223.58,97569.66,7349.37683,98853.517,98505.0975,79860.83469999999,46.986568124124915,-910.6774892528192,-746.7229107692892,-163.95457848352999,104289.72720016039,93417.30679983963,25963.143090999998
2025-02-16 00:00:00+00:00,97569.67,97704.47,96046.18,96118.12,8191.4249,98555.2815,98436.99933333336,80018.2853,43.324831868310646,-966.8629028719588,-790.7509091898232,-176.11199368213556,103903.86921505291,93206.69378494709,23834.807631
2025-02-17 00:00:00+00:00,96118.12,97046.59,95205.0,95780.0,16492.0451,98277.5055,98408.96833333334,80170.4152,42.4940856761667,-1026.8369687801314,-837.9681211078849,-188.8688476722465,103596.64497724471,92958.36602275529,23558.3070035
2025-02-18 00:00:00+00:00,95780.01,96753.91,93388.09,95671.74,23368.19471,97874.43049999999,98373.40666666666,80341.28225,42.214972824986596,-1070.7594766138209,-884.5263922090721,-186.23308440474875,102675.30145610611,93073.55954389386,23568.948838
2025-02-19 00:00:00+00:00,95671.74,96899.99,95029.99,96644.37,16438.50954,97470.50200000001,98362.613,80521.01415,45.66778590975292,-1015.380592704445,-910.6972323081468,-104.68336039629821,101119.87486354088,93821.12913645913,23422.170579
2025-02-20 00:00:00+00:00,96644.37,98711.36,96415.09,98305.0,17057.39177,97264.274,98414.59183333332,80721.73415,51.046198013872896,-827.9493806078826,-894.1476619680941,66.19828136021147,100157.13218493418,94371.41581506583,23175.881071
2025-02-21 00:00:00+00:00,98305.01,99475.0,94871.95,96181.98,32249.2814,97041.5905,98436.267,80932.55,44.92358303804732,-841.0239650837029,-883.5229225912159,42.498957507512955,99517.73943479045,94565.44156520956,24173.7972675
2025-02-22 00:00:00+00:00,96181.99,96980.0,95770.49,96551.01,11268.17708,96984.1115,98401.05750000001,81135.195,46.13303419205119,-812.2449761108146,-869.2673332951357,57.022357184321095,99449.75056172333,94518.47243827667,23006.231152
2025-02-23 00:00:00+00:00,96551.01,96650.0,95227.94,96258.0,10884.84913,96730.5855,98348.1975,81340.8142,45.28275615896672,-803.8149992675462,-856.1768664896179,52.36186722207162,98197.87715168485,95263.29384831515,19792.2366835
2025-02-24 00:00:00+00:00,96258.0,96500.0,91349.26,91552.88,31550.10299,96420.073,98277.55216666666,81490.14864999999,34.33817598231752,-1163.3872396408551,-917.6189411198654,-245.76829852098967,99049.85815482335,93790.28784517666,19356.3424845
2025-02-25 00:00:00+00:00,91552.88,92540.69,86050.99,88680.4,78333.11111,96023.47150000001,98183.90833333334,81629.36069999999,29.629848349451834,-1660.9891118462692,-1066.2929752651462,-594.696136581123,100296.60926370675,91750.33373629328,21961.332818000003
2025-02-26 00:00:00+00:00,88680.39,89414.15,82256.01,84250.09,56893.54409,95408.2585,97999.74316666667,81745.99359999999,24.133527825085324,-2385.3345204192156,-1330.10128429596,-1055.2332361232554,102072.4834510875,88744.0335489125,23630.24982
2025-02-27 00:00:00+00:00,84250.09,87078.46,82716.49,84708.58,42505.45439,94818.3475,97849.2495,81875.97355,25.670216621112218,-2889.0836066752963,-1641.8977487718275,-1247.1858579034688,102922.36993100558,86714.32506899443,24165.811507
2025-02-28 00:00:00+00:00,84708.57,85120.0,78258.52,84349.94,83648.03969,94213.6075,97708.54766666665,82000.99005000001,25.239559778130726,-3279.4442456887336,-1969.407048155209,-1310.0371975335247,103465.67852741014,84961.53647258985,27840.8513445
2025-03-01 00:00:00+00:00,84349.95,86558.0,83824.78,86064.53,25785.05464,93693.69649999999,97583.3565,82128.37695,31.18357824111969,-3411.133358925028,-2257.752310309173,-1153.381048615855,103531.85450481463,83855.53849518535,28424.058269999998
2025-03-02 00:00:00+00:00,86064.54,95000.0,85050.6,94270.0,54889.09045,93535.6555,97577.99333333333,82306.31,51.185933847006154,-2820.867868054047,-2370.375421858148,-450.492446195899,103229.08893872265,83842.22206127734,30139.869024000003
2025-03-03 00:00:00+00:00,94269.99,94416.46,85117.11,86220.61,59171.10218,93057.776,97398.59033333333,82449.70775,39.16090836562311,-2968.379088960777,-2489.976155278674,-478.40293368210314,103194.1142703708,82921.4377296292,32166.0359435
2025-03-04 00:00:00+00:00,86221.16,88967.52,81500.0,87281.98,55609.10706,92528.3755,97217.05366666666,82591.74465,41.124969671389486,-2965.4551840989734,-2585.071961042734,-380.38322305623933,102709.96560882618,82346.7853911738,33488.932984
2025-03-05 00:00:00+00:00,87281.98,91000.0,86334.53,90606.01,38264.01163,92228.269,97090.1455,82747.31474999999,46.90594389594441,-2664.205228049439,-2600.898614444075,-63.306613605363964,102263.94155577844,82192.59644422156,34406.04475750001
2025-03-06 00:00:00+00:00,90606.0,92810.64,87836.0,89931.89,34342.44902,91849.8395,96949.61683333333,82904.83745,45.92116274828051,-2451.597823987264,-2571.038456352713,119.44063236544935,101629.27290063973,82070.40609936028,35214.5158855
2025-03-07 00:00:00+00:00,89931.88,91283.02,84667.03,86801.75,57980.35713,91311.44399999999,96692.386,83041.6537,41.55821542110962,-2506.7844125540723,-2558.1876475929853,51.40323503891295,100956.71283966565,81666.17516033433,37746.0649005
2025-03-08 00:00:00+00:00,86801.74,86897.25,85218.47,86222.45,12989.23054,90816.6605,96513.51666666666,83177.69695,40.78588798077475,-2567.666390347964,-2560.083396143981,-7.582994203982707,100440.10651972436,81193.21448027564,37985.9551825
2025-03-09 00:00:00+00:00,86222.46,86500.0,80000.0,80734.37,26115.39345,90064.379,96274.746,83275.58865,34.28528141389596,-3023.9003457095823,-2652.846786057102,-371.05355965248054,100347.88871314787,79780.86928685213,38467.1226
2025-03-10 00:00:00+00:00,80734.48,84123.46,77459.91,78595.86,47633.38405,89210.58499999999,96042.1355,83366.68875,32.13591635836514,-3517.4815888480807,-2825.773746615298,-691.7078422327827,100294.42916060018,78126.7408393998,39680.382067
2025-03-11 00:00:00+00:00,78595.86,83617.4,76606.0,82932.99,48770.06853,88525.01599999999,95845.5835,83461.1675,40.309020099604645,-3518.123399411299,-2964.2436771744983,-553.8797222368007,99378.63244213519,77671.39955786479,41296.9600165
2025-03-12 00:00:00+00:00,82932.99,84539.85,80607.65,83680.12,31933.986,87793.772,95663.58566666668,83558.78305,41.61350144357122,-3418.9335541327746,-3055.181652566154,-363.75190156662075,97854.94016105149,77732.6038389485,42040.789727999996
2025-03-13 00:00:00+00:00,83680.12,84336.33,79939.9,81115.78,27546.27412,87040.462,95439.76433333333,83643.26195,38.50328202012443,-3506.8212416879687,-3145.509570390517,-361.31167129745154,96725.70384936633,77355.22015063367,41805.639364
2025-03-14 00:00:00+00:00,81115.78,85309.71,80818.84,83983.2,26858.52755,86412.07149999999,95263.88266666667,83749.00795,43.58114978895691,-3306.9752847390628,-3177.8027132602265,-129.1725714788363,95130.08025968958,77694.0627403104,42585.15688750001
2025-03-15 00:00:00+00:00,83983.19,84676.28,83618.0,84338.44,11324.7332,85816.09349999999,95060.17566666666,83873.62514999999,44.19591694876242,-3084.3762553946,-3159.1174216871013,74.74116629250148,93303.04518558104,78329.14181441894,42607.151091
2025-03-16 00:00:00+00:00,84338.44,85117.04,81981.12,82574.53,17596.12531,85367.176,94761.46200000001,83991.3233,41.76252312108556,-3015.5364887526957,-3130.40123510022,114.86474634752449,92492.32447358218,78242.02752641783,41909.452207
2025-03-17 00:00:00+00:00,82574.52,84756.83,82456.0,84010.03,17214.74358,85133.6575,94495.17416666666,84114.5784,44.44340295364591,-2812.7242899449047,-3066.8658460691577,254.14155612425293,92113.80761367589,78153.50738632411,38853.5338305
2025-03-18 00:00:00+00:00,84010.02,84021.74,81134.66,82715.03,17610.89883,85056.9045,94139.13333333333,84232.5336,42.540869031107,-2725.076848828321,-2998.5080466209906,273.43119779266954,92107.63105892665,78006.17794107336,36889.4015675
2025-03-19 00:00:00+00:00,82715.03,87000.0,82547.16,86845.94,28151.05374,85163.77249999999,93843.96183333333,84371.89335000001,49.90734539461,-2295.82091235432,-2857.9706197676564,562.1497074133363,92254.81794786235,78072.72705213763,36171.681534999996
2025-03-20 00:00:00+00:00,86845.93,87453.67,83655.23,84223.39,22090.30463,85157.445,93558.8255,84506.50100000002,45.885384455686854,-2142.552347739591,-2714.886965362043,572.3346176224522,92251.60912104165,78063.28087895837,33093.794782
2025-03-21 00:00:00+00:00,84223.38,84850.33,83175.25,84088.79,11956.97443,85058.658,93255.97183333334,84631.2843,45.68190360820756,-2008.7909099617973,-2573.667754281994,564.8768443201966,92154.57042569682,77962.74557430318,32402.390771500002
2025-03-22 00:00:00+00:00,84088.79,84539.17,83625.1,83840.59,5420.22114,84537.1875,92884.25133333333,84763.0486,45.283129459738994,-1900.8992887972854,-2439.1140611850524,538.214772387767,90246.05961855459,78828.31538144541,29928.947306
2025-03-23 00:00:00+00:00,83840.59,86129.64,83809.75,86082.5,8461.97813,84530.28199999999,92590.51533333333,84903.6066,49.56574868077745,-1615.8643230553134,-2274.4641135591046,658.5997905037912,90231.32102846832,78829.24297153167,27393.4911035
2025-03-24 00:00:00+00:00,86082.5,88765.43,85519.09,87498.16,30115.62111,84541.09099999999,92316.979,85060.1974,52.11444564193825,-1261.201779262541,-2071.811646699792,810.6098674372511,90263.73638951444,78818.44561048553,26118.816806
2025-03-25 00:00:00+00:00,87498.16,88539.63,86310.0,87392.87,22643.25248,84380.434,92025.68516666668,85227.34690000002,51.90435376593089,-977.3587973250542,-1852.9210768248447,875.5622794997905,89568.43050782371,79192.43749217628,25337.7788485
2025-03-26 00:00:00+00:00,87392.88,88275.0,85860.0,86909.17,18408.78485,84229.298,91728.3905,85391.08844999998,50.889386589066554,-782.4224576609122,-1638.821352992058,856.3988953311459,88913.21813283309,79545.3778671669,24541.09564
2025-03-27 00:00:00+00:00,86909.17,87756.39,85800.0,87232.01,17098.03897,84250.811,91471.92399999998,85552.89875,51.57008981347136,-595.024442737049,-1430.0619709410564,835.0375282040075,88985.47155664091,79516.15044335909,22496.979732
2025-03-28 00:00:00+00:00,87232.01,87515.67,83585.0,84424.38,27182.73169,84160.9075,91177.6165,85689.81065,45.64478334093176,-665.3922151728912,-1277.1280197874235,611.7358046145323,88809.91096307145,79511.90403692855,23206.654789499997
2025-03-29 00:00:00+00:00,84424.38,84624.73,81644.81,82648.54,11696.39864,84256.616,90866.16683333334,85814.8734,42.331735923273726,-854.603293689026,-1192.623074567744,338.01978087871794,88693.48561437805,79819.74638562194,22485.705049
2025-03-30 00:00:00+00:00,82648.53,83534.64,81565.0,82389.99,9864.49508,84446.32250000001,90510.446,85940.13335,41.85539994094978,-1013.7315940228873,-1156.8447784587727,143.1131844358854,88165.17777775553,80727.4672222445,20597.2606005
2025-03-31 00:00:00+00:00,82390.0,83943.08,81278.52,82550.01,20569.13885,84427.17349999999,90140.89716666666,86062.2218,42.2882386048836,-1114.0871387970255,-1148.2932505264232,34.20611172939766,88180.7828308316,80673.56416916838,19187.2141165
2025-04-01 00:00:00+00:00,82550.0,85579.46,82432.74,85158.34,20190.39697,84501.0845,89853.04349999999,86185.5235,48.95809507305728,-971.9452193032921,-1113.023644281797,141.07842497850493,88251.15580180135,80751.01319819865,18600.034665
2025-04-02 00:00:00+00:00,85158.35,88500.0,82320.0,82516.29,39931.457,84571.11,89551.05416666667,86298.13979999999,43.47691513501001,-1060.2659921295271,-1102.4721138513432,42.20612172181609,88112.18963986903,81030.03036013097,19219.293809000003
2025-04-03 00:00:00+00:00,82516.28,83998.02,81211.24,83213.09,27337.84135,84532.6045,89309.59583333334,86418.54525000001,45.21885223344542,-1061.7951903024514,-1094.336729141565,32.54153883911363,88114.92642191517,80950.28257808484,19243.259499
2025-04-04 00:00:00+00:00,83213.09,84720.0,81659.0,83889.87,32915.53976,84510.176,89018.95166666666,86546.92465,46.92958873840427,-996.9049018020305,-1074.8503636736582,77.94546187162769,88102.68205548148,80917.66994451854,20322.799827000003
2025-04-05 00:00:00+00:00,83889.87,84266.0,82379.95,83537.99,9360.40468,84558.349,88781.866,86663.04465,46.1230928312715,-962.7743919876957,-1052.4351693364656,89.6607773487699,88070.68458237407,81046.01341762593,19911.013795500003
2025-04-06 00:00:00+00:00,83537.99,83817.63,77153.83,78430.0,27942.71436,84279.3475,88478.8255,86746.3947,36.3558876608934,-1332.537161882603,-1108.4555678456932,-224.0815940369098,88692.54763631948,79866.14736368053,20447.4123345
2025-04-07 00:00:00+00:00,78430.0,81243.58,74508.0,79163.24,78387.53089,84101.758,88188.97366666667,86827.47094999999,38.37333113816177,-1548.5596492716577,-1196.4763841308861,-352.0832651407716,89010.49273140679,79193.02326859321,23486.243937500003
2025-04-08 00:00:00+00:00,79163.24,80867.99,76239.9,76322.42,35317.32063,83575.58200000001,87852.56733333334,86893.07780000001,33.89094676814614,-1926.7787530748174,-1342.5368579196725,-584.2418951551449,89370.90294928657,77780.26105071345,23844.557282
2025-04-09 00:00:00+00:00,76322.42,83588.0,74620.0,82615.22,75488.28772,83495.1735,87622.07533333333,86989.4091,48.29791365401246,-1699.156925535135,-1413.860871442765,-285.29605409237,89296.93278412984,77693.41421587017,26514.4564365
2025-04-10 00:00:00+00:00,82615.22,82753.21,78464.36,79607.3,33284.80718,83271.099,87341.15116666666,87069.5518,43.426313663000286,-1741.4051583683176,-1479.3697288278756,-262.035429540442,89305.35199646707,77236.84600353293,27580.848074
2025-04-11 00:00:00+00:00,79607.3,84300.0,78969.58,83423.84,34435.43797,83250.2615,87107.70150000001,87169.97105000001,50.27914521954402,-1450.207219324584,-1473.5372269272173,23.33000760263326,89279.38037281606,77221.14262718393,29031.6089155
2025-04-12 00:00:00+00:00,83423.83,85905.0,82792.95,85276.9,18470.74437,83209.9815,86932.67983333333,87275.04205,53.240752304396615,-1057.711657745327,-1390.3721130908393,332.6604553455122,89173.27943039949,77246.6835696005,29532.0472275
2025-04-13 00:00:00+00:00,85276.91,86100.0,83034.23,83760.0,24680.04181,83023.0735,86697.51333333334,87378.082,50.58456308041498,-859.1534638271405,-1284.1283832380996,424.97491941095905,88662.5763952335,77383.5706047665,29260.2682625
2025-04-14 00:00:00+00:00,83760.0,85799.99,83678.0,84591.58,28659.09348,82883.00899999999,86497.23733333334,87475.16995000001,51.998409455727796,-627.4601385200076,-1152.794734294481,525.3345957744734,88212.03694949811,77553.98105050187,29561.060312499998
2025-04-15 00:00:00+00:00,84591.58,86496.42,83600.0,83643.99,20910.99528,82719.75,86266.29583333334,87564.54015,50.23463146020669,-514.3747111310076,-1025.1107296617863,510.73601853077867,87736.29749993423,77703.20250006577,29686.170834
2025-04-16 00:00:00+00:00,83643.99,85500.0,83111.64,84030.38,20867.24519,82559.6685,86040.64116666667,87655.40205,50.96501338063105,-389.09006333469006,-897.906596396367,508.816533061677,87178.61823022953,77940.71876977046,29874.631145000003
2025-04-17 00:00:00+00:00,84030.38,85470.01,83736.26,84947.91,13728.84772,82585.845,85854.47099999999,87752.13154999999,52.73882062018878,-213.30522459588246,-760.9863220362702,547.6810974403877,87252.4567762887,77919.2332237113,29201.936946499998
2025-04-18 00:00:00+00:00,84947.92,85132.08,84303.96,84474.69,6529.96315,82677.1525,85666.04916666665,87857.86705,51.70005194914886,-110.9009751612466,-630.9692526612655,520.0682775000189,87416.00026993008,77938.30473006991,28943.615171999998
2025-04-19 00:00:00+00:00,84474.7,85677.99,84364.45,85077.01,9666.58153,82811.50349999999,85489.47033333335,87979.22320000001,52.96979025375517,18.64242226089118,-501.0469176768342,519.6893399377254,87661.23010729934,77961.77689270064,28933.7194945
2025-04-20 00:00:00+00:00,85077.0,85320.76,83949.52,85179.24,8091.67725,82942.965,85298.38483333333,88101.873,53.19469488490388,128.0791875088762,-375.22169663969214,503.30088414856834,87898.59605146016,77987.33394853983,28309.846414500003
2025-04-21 00:00:00+00:00,85179.24,88465.99,85144.76,87516.23,31773.37262,83060.85949999999,85118.572,88235.6906,58.12465146299545,398.78720372870157,-220.4199165660134,619.207120294715,88324.32375271371,77797.39524728627,28888.995197000004
2025-04-22 00:00:00+00:00,87516.22,93888.0,87076.03,93442.99,43872.74705,83607.1945,85072.92216666667,88392.47555,67.479728139661,1079.1257668214093,39.489220111471155,1039.636546709938,90536.01429607168,76678.37470392832,29086.059699499998
2025-04-23 00:00:00+00:00,93442.99,94696.05,91935.41,93691.08,27404.16808,84131.094,85025.25666666667,88550.64095,67.80396908262462,1619.647481303473,355.5208723498715,1264.1266089536014,92329.66379637737,75932.52420362263,29089.376036
2025-04-24 00:00:00+00:00,93691.07,94005.0,91660.01,93980.47,19497.06071,84635.624,84987.29783333333,88706.44375,68.20223145290572,2047.7608760537842,693.9688730906541,1353.79200296313,93887.04272021318,75384.20527978681,28418.452083500004
2025-04-25 00:00:00+00:00,93980.47,95758.04,92855.96,94638.68,27500.66648,85190.65849999999,85038.72783333334,88868.51715,69.13734816286839,2412.3478277692193,1037.6446640263673,1374.703163742852,95394.95960003548,74986.3573999645,29325.4651735
2025-04-26 00:00:00+00:00,94638.68,95199.0,93870.69,94628.0,9415.06875,86000.5585,85137.85449999999,89030.85469999998,69.10183819869967,2669.649766261151,1364.0456844733242,1305.6040817878268,96497.00509620507,75504.11190379492,28399.082893000003
2025-04-27 00:00:00+00:00,94628.0,95369.0,93602.58,93749.3,11162.841,86729.8615,85296.17466666666,89196.42109999999,66.0940057027376,2770.720518455564,1645.3806512697722,1125.339867185792,97251.58539850754,76208.13760149246,25037.8483985
2025-04-28 00:00:00+00:00,93749.29,95630.0,92800.01,95011.18,22157.53351,87664.29950000001,85467.88466666666,89369.84504999999,68.23250508841295,2918.994634636867,1900.1034479431914,1018.8911866936755,97627.58489175467,77701.01410824535,24379.8590425
2025-04-29 00:00:00+00:00,95011.18,95461.53,93742.54,94256.82,16955.3402,88246.3795,85632.99933333333,89528.42915,65.57004323964537,2941.7220517631213,2108.4271687071778,833.2948830559435,98321.36892138756,78171.39007861243,21453.2116665
2025-04-30 00:00:00+00:00,94256.82,95228.45,92910.0,94172.0,17661.2751,88974.6145,85768.12383333333,89683.25805,65.26168563478214,2919.2382668704377,2270.58938833983,648.6488785306078,98539.13036441838,79410.09863558161,20672.0350625
2025-05-01 00:00:00+00:00,94172.0,97424.02,94130.43,96489.91,21380.45343,89627.918,85805.12233333333,89851.3575,69.48493288087991,3053.2595947537193,2427.123429622608,626.1361651311113,99369.91243896143,79885.92356103858,20019.2858355
2025-05-02 00:00:00+00:00,96489.9,97895.68,96350.0,96887.14,14905.74811,90208.43000000001,85982.89783333334,90005.37325,70.15457941355726,3155.154941730594,2572.7297320442053,582.4252096863888,100223.99130239195,80192.86869760806,19841.036022499997
2025-05-03 00:00:00+00:00,96887.13,96935.67,95753.01,95856.42,9723.34838,90813.251,86125.80516666667,90149.28465,66.1011408385837,3116.80861880102,2681.545509395569,435.26310940545136,100657.62719907155,80968.87480092846,19093.201351
2025-05-04 00:00:00+00:00,95856.42,96304.48,94151.38,94277.62,11036.38342,91297.553,86186.99866666667,90282.57269999999,60.34925107893658,2925.301857317143,2730.2967789798836,195.00507833725942,100817.6413161457,81777.4646838543,18212.065848000002
2025-05-05 00:00:00+00:00,94277.61,95199.0,93514.1,94733.68,17251.18189,91852.0375,86267.0285,90419.1322,61.394290529176814,2778.3050287207734,2739.898428928062,38.406599792711404,100799.00669282081,82905.0683071792,18029.0751785
2025-05-06 00:00:00+00:00,94733.68,96920.65,93377.0,96834.02,16122.64513,92492.21949999999,86434.233,90561.16229999998,65.85733315654431,2799.0234675273387,2751.7234366479174,47.30003087942123,100926.51202998661,84057.92697001337,17791.8451755
2025-05-07 00:00:00+00:00,96834.02,97732.0,95784.61,97030.5,16644.83854,93096.349,86614.36716666665,90704.42480000001,66.25039565658848,2799.0317775036965,2761.1851048190733,37.84667268462317,100996.55643292761,85196.1415670724,17937.6447165
2025-05-08 00:00:00+00:00,97030.5,104145.76,96876.29,103261.6,34962.02847,94035.69450000001,86989.82100000001,90875.57285,75.77518998404773,3264.2082964025176,2861.7897431357624,402.4185532667552,102078.30989587386,85993.07910412617,19359.2479825
2025-05-09 00:00:00+00:00,103261.61,104361.3,102315.14,102971.99,27617.39907,94930.44350000001,87396.08983333333,91053.5453,74.71969654980282,3568.361087033758,3003.1040119153618,565.2570751183962,102766.33714224008,87094.54985775994,20256.7888595
2025-05-10 00:00:00+00:00,102971.99,104984.57,102818.76,104809.53,15324.78611,95911.95800000001,87760.69883333333,91240.46295,76.91671658538485,3912.576736821371,3184.998556896564,727.578179924807,103531.0014040548,88292.91459594523,20618.4443025
2025-05-11 00:00:00+00:00,104809.53,104972.0,103345.06,104118.0,17987.12197,96742.04650000001,88101.33016666667,91427.7097,74.29975106522649,4082.5088073179795,3364.5006069808474,718.0082003371322,104135.54432259365,89348.54867740638,19929.13177
2025-05-12 00:00:00+00:00,104118.0,105819.45,100718.37,102791.32,31272.77792,97209.463,88462.58916666667,91600.6749,69.41995752860282,4063.2901297034405,3504.2585115253664,559.031618178074,104886.17352810575,89532.75247189426,19299.1333135
2025-05-13 00:00:00+00:00,102791.32,104976.25,101429.7,104103.72,21253.42409,97730.095,88797.93116666666,91787.70184999998,71.41966352609532,4106.620338071487,3624.7308768345906,481.8894612368963,105784.78344488135,89675.40655511865,18991.596114
2025-05-14 00:00:00+00:00,104103.72,104356.95,102602.05,103507.82,16452.9081,98206.4625,89117.42083333334,91969.77715,69.20673062725919,4046.233232512881,3709.031347970249,337.2018845426319,106442.65006894714,89970.27493105285,18839.3884835
2025-05-15 00:00:00+00:00,103507.83,104192.7,101383.07,103763.71,17998.98604,98662.71399999999,89470.57383333333,92148.4872,69.6417334030739,3973.223355137772,3761.8697494037538,211.3536057340184,107067.05273113525,90258.37526886474,18364.304461500004
2025-05-16 00:00:00+00:00,103763.71,104550.33,103100.49,103463.9,15683.88024,99104.50899999999,89794.805,92315.99565,68.4221529748259,3846.826518389309,3778.8611032008653,67.96541518844379,107542.91360090174,90666.10439909824,18677.745036
2025-05-17 00:00:00+00:00,103463.9,103709.86,102612.5,103126.65,11250.89622,99573.3765,90134.99866666667,92467.94679999999,67.00076972489589,3677.056044943776,3758.500091549448,-81.4440466056717,107809.10331894769,91337.64968105231,18682.147797
2025-05-18 00:00:00+00:00,103126.65,106660.0,103105.09,106454.26,21599.98726,100145.5305,90461.80399999999,92638.4944,72.9678309972622,3767.5915880283865,3760.3183908452356,7.273197183150842,108620.45466512747,91670.60633487251,18654.2704845
2025-05-19 00:00:00+00:00,106454.27,107108.62,102000.0,105573.74,30260.03524,100711.3765,90817.64316666666,92814.90305,69.39215194021514,3725.347565225413,3753.3242257212714,-27.976660495858596,109048.12180175974,92374.63119824025,19319.5052365
2025-05-20 00:00:00+00:00,105573.73,107320.0,104184.72,106849.99,23705.48275,101345.276,91196.9965,93001.67295,71.56700963463375,3751.60540986438,3752.980462549893,-1.3750526855133103,109523.16289459186,93167.38910540813,19621.715619
2025-05-21 00:00:00+00:00,106850.0,110797.38,106100.01,109643.99,45531.040345,102002.98,91627.05316666668,93203.0192,75.6467321397529,3952.3076481443277,3792.8458996687805,159.4617484755472,110617.29081783336,93388.66918216663,20829.24496475
2025-05-22 00:00:00+00:00,109643.99,111980.0,109177.37,111696.21,31630.77313,102743.43350000001,92053.94833333333,93417.6203,78.12905276860515,4228.222306077107,3879.921180950446,348.30112512666074,111993.87365758447,93492.99334241556,21665.49621575
2025-05-23 00:00:00+00:00,111696.22,111800.0,106800.0,107318.3,31737.72309,103316.5275,92384.284,93614.96174999999,63.305019676374265,4046.9749035335262,3913.331925467062,133.64297806646437,112202.27934699834,94430.77565300165,22766.21495125
2025-05-24 00:00:00+00:00,107318.3,109506.03,106875.41,107761.91,16782.53129,103990.742,92723.768,93806.91125,64.04937356391534,3894.2402730104222,3909.513594975734,-15.27332196531188,112037.49541202541,95943.98858797459,23053.52234475
2025-05-25 00:00:00+00:00,107761.9,109299.99,106600.64,109004.19,17710.04695,104704.2675,93092.01833333333,93974.07225,66.1218757952974,3829.296841426665,3893.4702442659204,-64.17340283925523,111817.77990335693,97590.75509664307,23076.46559775
2025-05-26 00:00:00+00:00,109004.2,110422.22,108670.58,109434.79,14649.11593,105334.30600000001,93462.06466666666,94141.95675000001,66.83555090015511,3769.1263825912174,3868.6014719309796,-99.47508933976223,111745.3647385496,98923.24726145042,23002.789137750002
2025-05-27 00:00:00+00:00,109434.78,110718.0,107516.57,108938.17,21276.65635,105929.68950000001,93870.62783333333,94304.09870000002,65.1314060409095,3639.414867747604,3822.764151094305,-183.34928334670076,111267.35532223123,100592.02367776878,23234.38002825
2025-05-28 00:00:00+00:00,108938.17,109284.7,106769.43,107781.78,15633.78829,106155.69849999998,94289.51516666666,94459.6203,61.21725454859693,3404.0665883943584,3739.024638554316,-334.95805015995757,111404.38059034677,100907.0164096532,22267.96801925
2025-05-29 00:00:00+00:00,107781.78,108891.91,105322.86,105589.75,19834.70116,106286.5865,94676.17783333334,94585.719,54.52778223485508,3006.02133718149,3592.423978279751,-586.402641098261,111338.02160199695,101235.15139800306,21878.833123750002
2025-05-30 00:00:00+00:00,105589.75,106313.12,103621.0,103985.48,23706.49799,106245.384,95033.43566666667,94662.40645,50.20392509008332,2531.9299142975506,3380.3251654833107,-848.3952511857601,111357.41735764664,101133.35064235337,22297.918717750003
2025-05-31 00:00:00+00:00,103985.47,104900.0,103068.55,104591.88,11289.35922,106269.07800000001,95357.32800000001,94745.6058,51.76103023754071,2180.0106523309514,3140.2622628528393,-960.2516105218879,111345.72078692721,101192.43521307281,21963.03058025
2025-06-01 00:00:00+00:00,104591.88,105866.91,103752.49,105642.93,9709.70006,106411.65849999999,95742.77200000001,94821.94444999998,54.42134602402728,1963.2914510484989,2904.8681004919713,-941.5766494434724,111243.88752110473,101579.42947889525,20884.876687250002
2025-06-02 00:00:00+00:00,105642.93,105935.63,103659.88,105857.99,13453.98813,106499.372,96120.187,94914.60644999999,54.96857838707745,1788.2792967554415,2681.5503397446655,-893.271042989224,111223.31700578697,101775.42699421303,20494.904889250003
2025-06-03 00:00:00+00:00,105858.0,106794.67,104872.5,105376.89,13259.52634,106592.8255,96478.304,94986.33055,53.42331847462957,1592.403913229471,2463.7210544416266,-871.3171412121555,111147.25616533839,102038.39483466162,20335.23580125
2025-06-04 00:00:00+00:00,105376.9,106000.0,104179.0,104696.86,14034.89482,106639.48300000001,96830.95183333334,95056.88025,51.23103087870758,1366.5458331082336,2244.2860101749484,-877.7401770667148,111095.0737721782,102183.89222782181,20137.03124025
2025-06-05 00:00:00+00:00,104696.86,105909.71,100372.26,101508.68,22321.50154,106541.722,97215.5965,95115.14370000002,42.43829485100514,919.6905756558699,1979.366923271133,-1059.676347615263,111344.0363049596,101739.40769504038,20468.91230525
2025-06-06 00:00:00+00:00,101508.69,105333.0,101095.8,104288.44,15839.07385,106599.8115,97634.34983333334,95184.26550000001,50.427141013476145,780.8567349093792,1739.6648855987821,-958.808150689403,111261.53196832996,101938.09103167003,20698.32118675
2025-06-07 00:00:00+00:00,104288.43,105900.0,103871.09,105552.15,8344.93206,106554.706,98121.512,95250.47230000001,53.581195306887004,763.993905436655,1544.5306895663568,-780.5367841297018,111238.59130775591,101870.8206922441,20035.56842675
2025-06-08 00:00:00+00:00,105552.15,106488.14,104964.14,105734.0,8048.06305,106562.719,98506.825,95307.7095,54.0344147772273,756.5823563576123,1386.941022924608,-630.3586665669957,111240.40833904248,101885.02966095752,18924.96981725
2025-06-09 00:00:00+00:00,105734.01,110530.17,105318.37,110263.02,19975.37451,106733.3705,99017.75366666667,95367.439,63.57351633001814,1103.442910710408,1330.2414004817679,-226.79848977135998,111681.72683189592,101785.01416810408,18738.46440525
2025-06-10 00:00:00+00:00,110263.02,110400.0,108331.03,110274.39,17071.82839,106764.89050000001,99465.26283333333,95424.35095000001,63.59394260797477,1363.53191585053,1336.8995035555204,26.632412295009544,111794.3714862385,101735.40951376152,17315.503807499997
2025-06-11 00:00:00+00:00,110274.39,110392.01,108064.0,108645.12,13115.91638,106612.33599999998,99854.73316666667,95479.21455,58.529151959138986,1421.796271264,1353.8788570972165,67.9174141667836,111199.93424759878,102024.73775240118,16389.76097
2025-06-12 00:00:00+00:00,108645.13,108813.55,105671.72,105671.73,17778.67218,106530.00749999999,100219.92866666666,95518.073,50.60768336959781,1214.0486719866312,1325.9128200750995,-111.86414808846826,111123.06929463227,101936.94570536772,15691.808424500001
2025-06-13 00:00:00+00:00,105671.74,106179.53,102664.31,106066.59,26180.81734,106445.2415,100577.84550000001,95583.35590000002,51.545554248633465,1068.9469497951213,1274.519646019104,-205.57269622398258,111006.7006911193,101883.7823088807,16161.722727
2025-06-14 00:00:00+00:00,106066.59,106252.0,104300.0,105414.64,8798.93969,106265.764,100940.68966666666,95650.6033,49.862067249151494,891.0741252884327,1197.8305418729697,-306.75641658453696,110690.78893387911,101840.73906612088,15716.167363999999
2025-06-15 00:00:00+00:00,105414.63,106128.57,104494.53,105594.01,7164.20047,106073.725,101300.0835,95699.25779999999,50.34259971423583,755.869101811244,1109.4382538606246,-353.5691520493806,110258.82180711644,101888.62819288357,15341.921591
2025-06-16 00:00:00+00:00,105594.02,108952.38,104980.37,106794.53,14922.6654,105966.54299999999,101664.19383333334,95755.01055000002,53.55133452755331,737.0933244224434,1034.9692679729885,-297.8759435505451,109958.03223316101,101975.05376683897,15024.2220435
2025-06-17 00:00:00+00:00,106794.53,107771.34,103371.02,104551.17,17866.33025,105805.0125,101998.80183333335,95790.4664,47.38904549877529,535.0255407198565,934.9805225223622,-399.9549818025057,109750.80227662412,101859.22272337587,15135.849141499999
2025-06-18 00:00:00+00:00,104551.17,105550.27,103500.0,104886.78,13968.64167,105769.86399999999,102328.96466666667,95832.86035,48.3466601411456,397.3854761013645,827.4615132381626,-430.07603713679816,109735.17330560686,101804.55469439311,14842.546166999999
2025-06-19 00:00:00+00:00,104886.79,105226.17,103929.27,104658.59,7678.60737,105803.51950000001,102653.6205,95870.2274,47.71077674815346,266.81601833929017,715.3324142583881,-448.51639591909793,109718.78805364169,101888.25094635833,14041.151635999999
2025-06-20 00:00:00+00:00,104658.59,106524.65,102345.0,103297.99,16419.06283,105738.825,102916.64983333334,95907.51425,43.99513209985972,52.93947999759985,582.8538274062305,-529.9143474086306,109772.9925589019,101704.6574410981,14297.636816499999
2025-06-21 00:00:00+00:00,103297.98,103982.64,100837.9,102120.01,11154.21332,105562.679,103061.26683333333,95938.86585,41.016809767465624,-209.20082189401728,424.4428975461809,-633.6437194401982,109894.85206564186,101230.50593435815,14369.862479500001
2025-06-22 00:00:00+00:00,102120.02,103399.62,98200.0,100963.87,28746.41072,105317.973,103182.48,95950.7486,38.27793152123647,-504.42503765644506,238.66931050565574,-743.0943481621008,110086.68000413444,100549.26599586556,15134.483608999999
2025-06-23 00:00:00+00:00,100963.87,106074.2,99613.33,105333.93,27666.50609,105315.825,103371.70433333333,95992.69009999999,51.46928108277808,-381.36885299561254,114.66167780540209,-496.0305308010146,110084.46261657949,100547.1873834205,15854.8325965
2025-06-24 00:00:00+00:00,105333.94,106290.0,104622.02,106083.0,14651.69335,105385.13200000001,103562.443,96024.4009,53.311243446986694,-220.85635671722412,47.55807090087686,-268.41442761810094,110156.06260514833,100614.2013948517,15885.672523000001
2025-06-25 00:00:00+00:00,106083.0,108135.3,105808.03,107340.58,16701.15551,105676.727,103774.31933333333,96061.94385,56.30937177618526,7.737950699942303,39.59404686068994,-31.85609616074764,110169.05909118833,101184.39490881166,15604.655221500001
2025-06-26 00:00:00+00:00,107340.59,108272.45,106562.5,106947.06,10573.27279,105809.65800000001,103994.28199999999,96091.1312,55.11665686522453,155.35596419543435,62.74643032763883,92.60953386779552,110287.11777556254,101332.19822443748,15341.365168499999
2025-06-27 00:00:00+00:00,106947.06,107735.34,106356.76,107047.59,12232.44042,105884.43000000001,104194.88883333333,96139.98680000001,55.37669155547073,277.2601518150477,105.64917462512062,171.6109771899271,110392.03642549418,101376.82357450583,15535.740586499998
2025-06-28 00:00:00+00:00,107047.58,107577.75,106811.51,107296.79,3282.17352,105962.56949999998,104412.22166666668,96193.50575000001,56.056332338982926,389.4886731487495,162.4170743298464,227.0715988189031,110511.03285351349,101414.10614648648,15297.446109999999
2025-06-29 00:00:00+00:00,107296.79,108528.5,107172.52,108356.93,6831.7364,105867.26499999998,104648.63716666667,96229.66540000001,58.92262304437497,557.5479571207543,241.443250888028,316.1047062327263,110121.67502109296,101612.85497890701,14640.2642045
2025-06-30 00:00:00+00:00,108356.93,108789.99,106733.33,107146.5,9754.12491,105710.8705,104826.247,96265.37645,54.547782995445274,586.3059949094022,310.41579969230287,275.89019521709935,109511.51596530923,101910.22503469078,14274.3790305
2025-07-01 00:00:00+00:00,107146.51,107540.0,105250.85,105681.14,10505.62437,105562.67149999998,104972.81366666665,96286.6609,49.73363288194094,485.26085648273875,345.38481105039006,139.8760454323487,109117.28356511309,102008.05943488688,14143.864430000001
2025-07-02 00:00:00+00:00,105681.13,109730.0,105100.19,108849.6,17691.89592,105721.56499999999,105189.36666666667,96323.80889999999,58.302789916607225,653.3190431116236,406.97165746263676,246.34738564898686,109554.6681029202,101888.46189707977,14139.525617000001
2025-07-03 00:00:00+00:00,108849.59,110529.18,108530.4,109584.78,13047.08225,105897.47450000001,105444.486,96349.41285000001,60.00644153045743,836.1901688965154,492.81535974941255,343.37480914710284,110084.35643838512,101710.5925616149,13482.838862499999
2025-07-04 00:00:00+00:00,109584.77,109767.59,107245.0,107984.24,11793.86615,106025.95449999999,105665.32866666667,96359.04074999999,54.760772464272456,842.2576301935624,562.7038138382425,279.5538163553199,110302.4301685728,101749.47883142719,13632.585185499998
2025-07-05 00:00:00+00:00,107984.25,108420.56,107756.31,108198.12,3736.9757,106156.15999999999,105854.73033333334,96369.36265000001,55.322825172264615,854.4746140565549,621.057973881905,233.41664017464984,110529.57692920262,101782.74307079735,13461.223947
2025-07-06 00:00:00+00:00,108198.12,109700.0,107800.01,109203.84,6447.607,106276.6255,106057.61933333334,96414.3618,57.96730750037542,934.5370986892958,683.7537988433833,250.78329984591255,110842.24652182989,101711.0044781701,13037.471027
2025-07-07 00:00:00+00:00,109203.85,109700.0,107513.2,108262.94,9405.37601,106462.21399999999,106140.975,96468.36720000001,54.70494215656575,911.5565712797397,729.3143533306546,182.2422179490851,111033.9502863284,101890.47771367159,12614.423315
2025-07-08 00:00:00+00:00,108262.94,109216.56,107429.57,108922.98,9216.0208,106664.024,106240.15816666668,96523.9549,56.55220492993081,935.8165390211943,770.6147904687626,165.2017485524317,111295.7125658485,102032.33543415151,12376.7922715
2025-07-09 00:00:00+00:00,108922.99,111999.79,108324.53,111233.99,17282.2865,106992.794,106347.2325,96593.6649,62.34301888944087,1128.5131343853427,842.1944592520788,286.3186751332639,111931.69517961184,102053.89282038815,12856.976228
2025-07-10 00:00:00+00:00,111234.0,116868.0,110500.0,116010.0,24883.450665,107628.39450000001,106545.43250000001,96697.78355000001,70.95787989052717,1647.6179525836633,1003.2791579183956,644.3387946652676,113654.04619663612,101602.7428033639,13280.19561975
2025-07-11 00:00:00+00:00,116010.01,118869.98,115222.22,117527.66,25873.521148,108398.777,106791.03816666667,96811.01449999999,73.0664602293122,2156.6146283506096,1233.9462520048385,922.6683763457711,115288.27285324484,101509.28114675517,14016.16101115
2025-07-12 00:00:00+00:00,117527.66,118200.0,116900.05,117420.0,8446.60437,109221.5835,107012.97616666667,96904.7966,72.66342568154724,2522.2361306939274,1491.6042277426563,1030.631902951271,116291.0980115859,102152.06898841409,13001.17069365
2025-07-13 00:00:00+00:00,117420.0,119488.0,117224.79,119086.64,9550.792947,109909.219,107272.62316666666,97003.0818,74.96557717391981,2912.8996310404764,1775.8633084022204,1137.036322638256,117942.13647178495,101876.30152821504,12095.3850365
2025-07-14 00:00:00+00:00,119086.65,123218.0,118905.18,119841.18,27269.348877,110597.128,107540.58099999999,97123.3297,75.95294037979924,3245.9708107303304,2069.8848088678424,1176.086001862488,119509.7969287382,101684.4590712618,12726.267812850001
2025-07-15 00:00:00+00:00,119841.17,119940.83,115736.92,117758.09,32018.46083,111118.00349999999,107778.81750000002,97240.625,67.9814384499192,3303.7604721884127,2316.6599415319565,987.1005306564562,120417.74955379748,101818.25744620251,13492.13307885
2025-07-16 00:00:00+00:00,117758.08,120063.84,117017.29,118630.43,17039.90851,111702.17199999999,108037.21383333333,97357.27715,69.42846101054963,3380.9759565537242,2529.52314453631,851.4528120174141,121342.10051462572,102062.24348537426,13815.46486485
2025-07-17 00:00:00+00:00,118630.44,120998.71,117453.57,119177.56,15728.57651,112308.67050000001,108249.26883333334,97484.47395000001,70.33402984073228,3446.5884761384514,2712.9362108567384,733.652265281713,122223.31212117062,102394.0288788294,13990.27166935
2025-07-18 00:00:00+00:00,119177.56,120820.71,116812.76,117924.84,19924.66266,112840.073,108455.1205,97610.13790000002,65.54659921599536,3358.7848550024064,2842.1059396858723,516.6789153165341,122762.52465014742,102917.62134985259,14822.396126349999
2025-07-19 00:00:00+00:00,117924.84,118499.9,117277.34,117840.0,6635.80306,113314.22649999999,108638.28733333334,97731.45790000001,65.22280595694995,3244.9482304085977,2922.6743978304175,322.2738325781802,123240.75158950838,103387.7014104916,14812.599459349998
2025-07-20 00:00:00+00:00,117840.01,118856.8,116467.02,117265.12,12962.92889,113820.1575,108765.30616666665,97844.82455,62.95347130357087,3072.9211515341594,2952.723748571166,120.19740296299324,123465.14466948359,104175.17033051641,14973.03965835
2025-07-21 00:00:00+00:00,117265.11,119676.73,116515.0,117380.36,17107.33128,114405.11850000001,108860.04199999999,97946.80239999999,63.22966097508163,2912.3159911449766,2944.6421970859283,-32.326205940951695,123401.97057217272,105408.2664278273,15303.12500385
2025-07-22 00:00:00+00:00,117380.36,120247.8,116128.0,119954.42,20959.12973,114960.35949999999,109070.644,98055.7036,68.82106952725437,2958.6350707130478,2947.4407718113525,11.19429890169522,123887.64179659204,106033.07720340794,15466.48669435
2025-07-23 00:00:00+00:00,119954.43,120090.0,117301.0,118755.99,14558.75083,115418.92,109253.87866666666,98158.38104999998,63.9456364850256,2865.6070553237805,2931.074028513838,-65.46697319005762,124134.26563059585,106703.57436940414,15542.07012335
2025-07-24 00:00:00+00:00,118756.0,119450.0,117103.1,118340.99,15806.89043,115936.75749999999,109409.49200000001,98258.26795,62.2997562340714,2726.9599543170916,2890.251213674489,-163.2912593573974,124032.27675645419,107841.2382435458,15742.721337350002
2025-07-25 00:00:00+00:00,118340.98,118451.57,114723.16,117614.31,38406.34873,116407.567,109545.81733333334,98335.1615,59.41592414337258,2529.288066584588,2818.0585842565088,-288.77051767192097,123703.88936796245,109111.24463203755,17476.18998885
2025-07-26 00:00:00+00:00,117614.31,118297.35,117138.38,117919.99,6991.67206,116843.3745,109695.51433333334,98439.9884,60.24948043330188,2369.9778631863737,2728.4424400424823,-358.4645768561086,123366.82109800965,110319.92790199036,17503.39324185
2025-07-27 00:00:00+00:00,117919.99,119766.65,117825.5,119415.55,9328.30919,117401.005,109889.4105,98561.76309999998,64.1311472736441,2337.457813650035,2650.245514763993,-312.78770111395806,122683.99605978461,112118.0139402154,17499.539900850003
2025-07-28 00:00:00+00:00,119415.56,119800.0,117427.5,118062.32,13961.74754,117857.972,110097.28666666667,98689.31225,58.55901203406964,2177.39147496887,2555.6747068049685,-378.28323183609837,121433.83624618266,114282.10775381733,17736.82623785
2025-07-29 00:00:00+00:00,118062.32,119273.36,116950.75,117950.76,15137.93445,118193.81049999999,110330.04133333333,98805.4355,58.11075129654267,2018.2704235808342,2448.1938501601417,-429.9234265793075,120081.12328015122,116306.49771984876,17629.60863535
2025-07-30 00:00:00+00:00,117950.75,118792.0,115796.23,117840.3,15586.73631,118285.32549999999,110550.84833333333,98921.63705,57.64026804402506,1861.7910764981352,2330.91329542774,-469.12221892960497,119897.66473972658,116672.9862602734,17164.7729176
2025-07-31 00:00:00+00:00,117840.29,118922.45,115500.0,115764.08,17010.0073,118197.14649999999,110719.53416666666,99027.73215,49.52399957208498,1552.351917655571,2175.2010198733064,-622.8491022177354,120127.18796382251,116267.10503617747,16721.5972252
2025-08-01 00:00:00+00:00,115764.07,116052.0,112722.58,113297.93,24487.10206,117991.04299999999,110843.53316666666,99121.54129999998,41.9652341936957,1095.493295569162,1959.2594750124777,-863.7661794433157,120860.68035818785,115121.40564181213,17523.6221097
2025-08-02 00:00:00+00:00,113297.92,114063.49,112003.0,112546.35,11507.33428,117664.02850000001,110963.02416666667,99201.46875,39.96335658521929,665.1162748967035,1700.4308349893229,-1035.3145600926193,121337.7098212682,113990.34717873183,17621.44917635
2025-08-03 00:00:00+00:00,112546.35,114799.97,111920.0,114208.8,7397.76046,117382.4095,111121.55649999999,99270.026,46.08940033913553,452.9637228040665,1450.9374125522718,-997.9736897482053,121205.81380405196,113559.00519594803,16627.869755500004
2025-08-04 00:00:00+00:00,114208.81,115720.0,114107.6,115055.03,9667.67916,117247.25649999999,111347.329,99345.36465,48.945181574859944,349.0908831553679,1230.568106672891,-881.477223517523,121196.99915470488,113297.51384529509,15510.330672000002
2025-08-05 00:00:00+00:00,115055.03,115127.81,112650.0,114129.75,12042.79078,117022.22249999999,111511.35083333333,99395.62599999999,46.071413282889495,189.91927507556102,1022.438340353425,-832.519065277864,121140.3581707932,112904.08682920678,15260.474785499999
2025-08-06 00:00:00+00:00,114129.75,115716.0,113355.13,114992.27,9761.15318,116812.95799999998,111668.68616666667,99447.80619999999,49.073128488120624,131.852866750065,844.3212456327531,-712.4683788826881,120896.9413939291,112728.97460607087,14962.103619000001
2025-08-07 00:00:00+00:00,114992.27,117621.0,114259.0,117472.01,13468.56263,116790.3165,111864.31966666666,99528.50839999999,56.55943446336092,282.6706623155478,731.9911289693121,-449.32046665376424,120854.36416251033,112726.26883748967,14639.2986175
2025-08-08 00:00:00+00:00,117472.02,117630.0,115878.71,116674.74,10045.31278,116732.0535,111971.18166666666,99600.58204999998,53.82007615446077,334.01154872936604,652.3952129213229,-318.3836641919569,120767.54722319123,112696.55977680876,14809.774103500002
2025-08-09 00:00:00+00:00,116674.74,117944.05,116299.13,116462.25,9514.13144,116691.90999999999,112074.31266666666,99652.1742,53.08215478904001,353.4787212902884,592.611914595116,-239.1331933048276,120721.36286541297,112662.457134587,14637.334231
2025-08-10 00:00:00+00:00,116462.25,119311.11,116460.63,119294.01,14322.77073,116787.5925,112251.79416666666,99730.11095,60.796413601878015,590.5979166438192,592.2091150048566,-1.6111983610373954,120966.0206773006,112609.16432269939,14498.106203500001
2025-08-11 00:00:00+00:00,119294.27,122335.16,118050.11,118686.0,26494.33429,116724.17150000001,112468.69866666666,99803.98925000001,58.56968148966964,721.1423811898276,617.9957682418508,103.14661294797679,120743.89836437225,112704.44463562778,14774.8664315
2025-08-12 00:00:00+00:00,118686.0,120324.43,118207.47,120134.08,16720.10893,116793.076,112703.15683333333,99880.30715000002,62.127475376128174,930.7190143105836,680.5404174555974,250.17859685498615,120992.96298133185,112593.18901866816,14882.934336499999
2025-08-13 00:00:00+00:00,120134.09,123667.79,118920.92,123306.43,23210.07102,117041.348,113001.35333333333,99973.10505000001,68.50775066920524,1337.375703914484,811.9074747473747,525.4682291671091,122080.9951332434,112001.7008667566,15253.093366000001
2025-08-14 00:00:00+00:00,123306.44,124474.0,117180.0,118295.09,27980.947586,117075.38700000002,113213.038,100051.4805,53.24722219193049,1240.9756093999895,897.7211016778978,343.2545077220917,122139.19241918313,112011.5815808169,14731.823308799998
2025-08-15 00:00:00+00:00,118295.09,119216.82,116803.99,117342.05,13623.33874,117046.48999999999,113388.83,100127.77659999998,50.92398173400237,1075.280314730233,933.2329442883648,142.0473704418681,122097.26579808333,111995.71420191665,15063.406642799999
2025-08-16 00:00:00+00:00,117342.04,117898.99,117143.98,117380.66,6393.68117,116944.7455,113602.65483333333,100208.0023,51.01722424361978,936.2881572000188,933.8439868706957,2.444170329323015,121881.21926681408,112008.27173318593,14916.6752418
2025-08-17 00:00:00+00:00,117380.66,118575.0,117172.21,117405.01,5898.64192,116911.88,113811.29199999999,100276.36115,51.080350758947496,818.6636673150933,910.8079229595753,-92.14425564448197,121826.85983876481,111996.9001612352,14513.5199608
2025-08-18 00:00:00+00:00,117405.01,117543.75,114640.14,116227.05,17745.93954,116825.69450000001,114004.09966666666,100333.8817,47.86656481818111,623.2099083760259,853.2883200428655,-230.07841166683966,121725.21071578332,111926.1782842167,14643.920215300002
2025-08-19 00:00:00+00:00,116227.05,116725.69,112732.58,112872.94,18065.47424,116577.32650000001,114163.68216666667,100386.0986,40.125286771792986,195.41018375568092,721.7126927854287,-526.3025090297477,121742.3513071385,111412.30169286153,14767.8571118
2025-08-20 00:00:00+00:00,112872.95,114615.38,112380.0,114271.24,15636.34194,116502.6845,114366.20266666666,100454.27655,44.17841469504323,-30.442138197657187,571.2817265888115,-601.7238647864687,121754.97243582798,111250.39656417203,14699.1738438
2025-08-21 00:00:00+00:00,114271.23,114821.76,112015.67,112500.0,10839.69235,116462.78799999999,114558.4715,100528.2736,40.44368384984378,-348.34054271155037,387.3572727287391,-735.6978154402894,121822.85964114893,111102.71635885104,14016.803358300001
2025-08-22 00:00:00+00:00,112500.0,117429.05,111684.79,116935.99,23128.09037,116682.26999999999,114751.83916666666,100606.31094999998,51.50162343289636,-239.56840331120475,261.9721375207503,-501.54054083195507,121733.48424114486,111631.05575885512,14597.8411628
2025-08-23 00:00:00+00:00,116936.0,117030.0,114560.0,115438.05,11329.36197,116743.7325,114907.75666666667,100694.68555,48.244159093677546,-271.111731093697,155.35536379786086,-426.46709489155785,121702.1254521388,111785.3395478612,14794.421238299998
2025-08-24 00:00:00+00:00,115438.06,115666.68,110680.0,113493.59,21175.98462,116665.66050000003,115010.30683333334,100779.09135,44.32496782528248,-447.849190398003,34.7144529586881,-482.56364335669105,121774.83085793915,111556.49014206091,15369.836511299998
2025-08-25 00:00:00+00:00,113493.59,113667.28,109274.1,110111.98,25182.79379,116464.77200000003,115063.0555,100846.8795,38.471654519579005,-850.9730779965612,-142.42305323236175,-708.5500247641994,122230.72154843774,110698.82245156232,16026.8366618
2025-08-26 00:00:00+00:00,110111.98,112371.0,108666.66,111763.22,18452.43877,116303.31950000001,115141.64933333333,100923.1616,42.466891510402235,-1025.3903337732627,-319.016509340542,-706.3738244327208,122396.6906826742,110209.94831732582,16461.4009413
2025-08-27 00:00:00+00:00,111763.22,112625.0,110345.42,111262.01,13392.60875,115992.81950000001,115207.73633333333,100997.24795,41.58423797153509,-1190.3392340681312,-493.2810542860599,-697.0581797820713,122439.00629281363,109546.63270718639,16457.6032473
2025-08-28 00:00:00+00:00,111262.01,113485.9,110862.42,112566.9,11104.27744,115787.42750000002,115277.9025,101077.76869999999,44.80093651610274,-1201.913794309774,-635.0076022908028,-566.9061920189712,122393.40679482232,109181.44820517772,16510.5514803
2025-08-29 00:00:00+00:00,112566.9,112638.64,107463.9,108377.4,22580.31045,115383.18500000001,115298.4175,101132.5016,37.63538455933719,-1531.4902868716454,-814.3041392069713,-717.1861476646741,122723.2080842448,108043.16191575522,17163.8604308
2025-08-30 00:00:00+00:00,108377.4,108926.15,107350.1,108816.33,10708.39159,114859.301,115350.67066666667,101197.69225,38.74086526906538,-1737.2382478603104,-998.8909609376392,-738.3472869226712,122497.62068285586,107220.98131714415,16983.1414738
2025-08-31 00:00:00+00:00,108816.33,109480.02,108076.93,108246.35,9489.51596,114337.31850000001,115340.61649999999,101249.57405000001,37.803741949007346,-1924.1076959527418,-1183.93430794066,-740.1733880120819,122279.07924901776,106395.55775098226,16132.9005573
2025-09-01 00:00:00+00:00,108246.36,109912.4,107255.0,109237.42,16053.60219,113792.4855,115334.82716666667,101312.72045,40.498885642416326,-1969.5285148746916,-1341.0531493274661,-628.4753655472255,121562.00903542787,106022.96196457212,16099.575220300001
2025-09-02 00:00:00+00:00,109237.43,111771.52,108393.39,111240.01,18510.28756,113189.1645,115389.09000000001,101381.41810000001,45.626090009149365,-1822.919087934628,-1437.4263370488984,-385.4927508857295,119678.3485239901,106699.98047600989,15864.586047299998
2025-09-03 00:00:00+00:00,111240.01,112575.27,110528.71,111705.71,11773.72084,112859.69549999999,115447.54983333334,101452.09835000001,46.77469983328038,-1650.130288047876,-1479.967127248694,-170.16316079918215,118934.34301387014,106785.04798612984,15054.22471
2025-09-04 00:00:00+00:00,111705.72,112180.0,109329.12,110730.87,12203.13536,112529.1365,115473.00033333334,101525.16209999999,44.64851615863752,-1573.714558358275,-1498.7166134706104,-74.99794488766474,118304.28538440127,106753.98761559871,14983.214541
2025-09-05 00:00:00+00:00,110730.87,113384.62,110206.96,110659.99,21587.40888,112193.103,115512.95116666665,101599.56205000001,44.4901622415242,-1501.5648606429604,-1499.2862629050803,-2.278597737880091,117568.22683652643,106817.97916347357,15742.9009265
2025-09-06 00:00:00+00:00,110660.0,111307.7,109977.0,110187.97,5000.29897,111832.251,115534.03433333334,101672.1432,43.38659519055519,-1465.5794865282078,-1492.544907629706,26.965421101498123,116704.87004406523,106959.63195593478,15697.983779000002
2025-09-07 00:00:00+00:00,110187.98,111600.0,110180.0,111137.34,5681.29944,111577.76550000001,115532.4235,101744.60805,46.27318843307345,-1344.9508374465222,-1463.0260935930692,118.07525614654696,116018.15889239786,107137.37210760216,15094.751773999998
2025-09-08 00:00:00+00:00,111137.35,112924.37,110621.78,112065.23,11582.40211,111537.38,115466.67733333333,101813.4092,49.00971356610209,-1161.0944219272933,-1402.6397592599142,241.54533733262087,115944.48771997594,107130.27228002407,14770.598167500002
2025-09-09 00:00:00+00:00,112065.23,113293.29,110766.66,111546.39,15379.28248,111401.1375,115366.9895,101890.23125,47.551261839486294,-1045.2044733361108,-1331.1527020751535,285.94822873904263,115626.48583077069,107175.7891692293,14757.745194500001
2025-09-10 00:00:00+00:00,111546.38,114313.13,110917.45,113960.0,17517.41823,111474.1375,115309.32283333334,101977.27620000001,54.356006844127826,-749.957653518708,-1214.9136923638644,464.9560388451564,115821.58597195991,107126.68902804008,15091.6314885
2025-09-11 00:00:00+00:00,113960.0,115488.09,113430.0,115482.69,13676.73119,111401.47249999999,115249.257,102073.39964999999,58.053454966602054,-388.624245929328,-1049.6558030769572,661.0315571476292,115417.25629524428,107385.6887047557,14619.0635295
2025-09-12 00:00:00+00:00,115482.69,116665.63,114740.99,116029.42,15324.10719,111431.04100000001,115185.72766666667,102195.78235,59.32744492931373,-57.485715813105344,-851.221785624187,793.7360698110816,115572.03246765936,107290.04953234066,14818.800790500001
2025-09-13 00:00:00+00:00,116029.41,116298.78,115127.27,115918.29,8269.40394,111552.27599999998,115155.06433333333,102331.9718,58.93562116849717,193.74334015617205,-642.2287604681152,835.9721006242872,116053.97319955121,107050.57880044875,14173.4717565
2025-09-14 00:00:00+00:00,115918.29,116165.19,115135.0,115268.01,6707.60197,111810.07749999998,115099.02399999999,102487.0614,56.580799779012416,336.49313226707454,-446.4843819210773,782.9775141881519,116537.2200344563,107082.93496554367,13249.7121655
2025-09-15 00:00:00+00:00,115268.01,116757.99,114384.0,115349.71,13212.51149,111989.402,115035.22650000002,102640.26705,56.81426744436955,451.01683682952716,-266.98413817095644,718.0009750004835,116961.58541956678,107017.21858043323,12987.715801499999
2025-09-16 00:00:00+00:00,115349.71,116964.27,114737.11,116788.96,10926.9094,112265.74949999999,115016.29516666666,102802.46214999999,60.811859240879436,650.4155587878195,-83.50419877920126,733.9197575670207,117643.33890135163,106888.16009864835,12864.430834
2025-09-17 00:00:00+00:00,116788.96,117286.73,114720.81,116447.59,16754.2454,112459.78399999999,114993.08833333333,102954.37744999999,59.40719982744614,771.9956907062733,87.59577911789366,684.3999115883796,118138.45372886486,106781.11427113511,13146.929232
2025-09-18 00:00:00+00:00,116447.6,117900.0,116092.76,117073.53,11657.23365,112894.5905,114989.89516666667,103068.3951,61.17793425017837,908.385643739748,251.75375204226452,656.6318916974835,118588.02722359399,107201.15377640602,12600.775392
2025-09-19 00:00:00+00:00,117073.53,117459.99,115100.0,115632.38,8992.09065,113235.393,114960.76216666667,103215.45395,55.20678359931031,889.9283631393191,379.3886742616755,510.53968887764364,118723.86208323562,107746.92391676437,12514.960345
2025-09-20 00:00:00+00:00,115632.39,116121.81,115408.47,115685.63,4674.92752,113607.35699999999,114889.61566666668,103357.4722,55.38007903575288,869.5737602399604,477.4256914573325,392.1480687826279,118685.98735360055,108528.72664639943,12274.230923
2025-09-21 00:00:00+00:00,115685.63,115819.06,115188.0,115232.29,4511.52219,113907.10049999999,114830.88733333333,103480.60359999999,53.48302394174688,807.5528746607888,543.4511280980238,264.101746562765,118612.61993779297,109201.581062207,11697.126923
2025-09-22 00:00:00+00:00,115232.29,115379.25,111800.0,112650.99,20781.71356,113977.64950000001,114736.05399999999,103594.1991,44.19897016340033,543.8424614616233,543.5293947707437,0.3130666908796229,118561.84985605422,109393.4491439458,11810.698223
2025-09-23 00:00:00+00:00,112650.99,113290.5,111458.73,111998.8,12301.3203,113992.304,114642.46216666668,103720.18435000001,42.20549412534148,279.0075512746844,490.62502607153186,-211.6174747968475,118549.15171935211,109435.4562806479,11837.078196
2025-09-24 00:00:00+00:00,111998.8,113940.0,111042.66,113307.0,12369.25967,114121.1105,114565.579,103855.6071,47.33640062192369,172.69407404815138,427.0388356668558,-254.3447616187044,118441.41542521157,109800.80557478842,11845.3844115
2025-09-25 00:00:00+00:00,113307.01,113510.23,108631.51,108994.49,21231.14957,114037.8355,114391.89466666666,103996.90770000001,35.99254371044552,-256.58587618972524,290.31389329553963,-546.8997694852649,118674.41530319626,109401.25569680374,11827.571446
2025-09-26 00:00:00+00:00,108994.49,110300.0,108620.07,109643.46,14243.01591,114010.61000000002,114251.58033333332,104152.14570000001,38.38546213020098,-538.2225793539692,124.60659876563787,-662.829178119607,118742.70485253504,109278.51514746499,12289.707293000001
2025-09-27 00:00:00+00:00,109643.46,109743.91,109064.4,109635.85,5501.78643,113935.5355,114112.9985,104285.66,38.36734856948472,-753.3515909002745,-50.985039167544585,-702.3665517327299,118890.00276542093,108981.06823457907,12280.7316425
2025-09-28 00:00:00+00:00,109635.85,112350.0,109189.99,112163.95,7542.3316,113940.47149999999,114018.39266666668,104428.07914999999,47.2694692168405,-711.6429635829845,-183.1166240506326,-528.5263395323519,118887.6669612527,108993.27603874727,12078.728117
2025-09-29 00:00:00+00:00,112163.96,114400.0,111560.65,114311.96,15541.12005,114078.75,113994.19066666668,104594.06005000001,53.42495886316377,-499.50414772376826,-246.39412878525974,-253.11001893850852,118903.63700934938,109253.86299065062,12086.819995499998
2025-09-30 00:00:00+00:00,114311.97,114792.0,112656.27,114048.93,15044.15633,114083.1965,114006.70733333334,104744.3887,52.61499863301021,-348.5886179454683,-266.83302661730147,-81.75559132816682,118907.80146844243,109258.59153155758,11963.156900500002
2025-10-01 00:00:00+00:00,114048.94,118649.1,113966.67,118594.99,20036.39516,114238.81150000003,114107.518,104915.67145,63.04355603883289,136.2712258175161,-186.21217613033798,322.4834019478541,119421.42557926921,109056.19742073084,12281.140099
2025-10-02 00:00:00+00:00,118594.99,121022.07,118279.31,120529.35,19670.83503,114463.80799999999,114212.8605,105105.44555,66.4291332014578,668.9021435712057,-15.189312190029256,684.0914557612349,120288.7469832454,108638.86901675459,12498.476491
2025-10-03 00:00:00+00:00,120529.35,123894.99,119248.3,122232.0,23936.328,114779.49350000001,114332.47666666665,105296.5554,69.11146566283112,1214.40668433471,230.7298871149186,983.6767972197914,121500.8878963287,108058.09910367132,13281.822693999999
2025-10-04 00:00:00+00:00,122232.21,122800.0,121510.0,122391.0,8208.16678,115135.643,114470.16416666665,105494.93525000001,69.35768831294358,1640.6406500686862,512.7120397056722,1127.928610363014,122632.91245836625,107638.37354163374,13356.8509345
2025-10-05 00:00:00+00:00,122390.99,125708.42,122136.0,123482.31,22043.097553,115542.273,114611.66483333334,105678.11709999999,71.06268902668548,2042.9439491472149,818.7584215939808,1224.1855275532341,123877.2512584858,107207.2947415142,13798.38023765
2025-10-06 00:00:00+00:00,123482.32,126199.63,123084.0,124658.54,19494.628793,115935.75200000001,114731.44033333335,105880.29285,72.81822469600041,2428.687742452079,1140.7442857656004,1287.9434566864786,125164.13099002477,106707.37300997524,14226.7662073
2025-10-07 00:00:00+00:00,124658.54,125126.0,120574.94,121332.95,21633.99385,116180.02000000002,114809.07716666667,106066.51365000001,61.46453051160839,2437.9420791729644,1400.1838444470732,1037.7582347258913,125703.56266976458,106656.47733023546,14470.7536298
2025-10-08 00:00:00+00:00,121332.96,124197.25,121066.14,123306.0,17012.618,116491.6435,114923.13966666667,106263.8407,64.9556826781203,2574.80411416314,1635.1078983902867,939.6962157728535,126506.91555461125,106476.37144538877,14738.522847300002
2025-10-09 00:00:00+00:00,123306.01,123762.94,119651.47,121662.4,21559.36007,116793.14450000001,114962.61283333335,106441.7402,60.07329456796012,2521.576316914259,1812.4015820950813,709.174734819178,127047.00917239767,106539.27982760235,15366.886318300001
2025-10-10 00:00:00+00:00,121662.41,122550.0,102000.0,112774.5,64171.93927,116647.58800000002,114864.08783333334,106568.1219,41.78353378502561,1742.1314465122705,1798.3475549785192,-56.21610846624867,127041.8930268409,106253.28297315913,18341.736905799997
2025-10-11 00:00:00+00:00,112774.49,113322.39,109561.59,110644.4,35448.51652,116418.19350000001,114705.92650000002,106684.37955,38.739391902946615,941.6794090575713,1627.0139257943297,-685.3345167367584,127125.1131873516,105711.27381264842,19888.586622299998
2025-10-12 00:00:00+00:00,110644.4,115770.0,109565.06,114958.8,32255.30272,116533.58399999999,114566.79933333333,106824.6277,47.1396871510029,647.9818935696239,1431.2075193493888,-783.2256257797649,127124.73458701941,105942.43341298056,20462.266080299996
2025-10-13 00:00:00+00:00,114958.81,115963.81,113616.5,115166.0,22557.24033,116691.94399999999,114514.64783333334,106964.29765,47.511931289232535,427.0213684030605,1230.370289160123,-803.3489207570626,127100.27543268418,106283.6125673158,20975.0620818
2025-10-14 00:00:00+00:00,115166.0,115409.96,109866.0,113028.14,31870.32974,116678.001,114442.74933333333,107107.31645,44.064017315268096,78.49626898876159,999.9954851258509,-921.4992161370893,127105.16304712777,106250.83895287223,21950.115585300002
2025-10-15 00:00:00+00:00,113028.13,113612.35,110164.0,110763.28,22986.48811,116766.4405,114332.45966666666,107247.89015,40.69472537632856,-376.1318433043489,724.770019439811,-1100.9018627441599,126958.78757123755,106574.09342876244,22037.882512300002
2025-10-16 00:00:00+00:00,110763.28,111982.45,107427.0,108194.28,29857.17252,116693.9815,114178.94750000001,107376.9116,37.21840541716823,-932.9700299350807,393.2220095648327,-1326.1920394999133,127106.08765008878,106281.8753499112,22818.5903428
2025-10-17 00:00:00+00:00,108194.27,109240.0,103528.23,106431.68,37920.66838,116533.773,114015.69133333334,107496.31995,35.008711636870515,-1499.2133951878495,14.73492861429628,-1513.9483238021458,127461.2068153086,105606.3391846914,24439.534440299998
2025-10-18 00:00:00+00:00,106431.68,107499.0,106322.2,107185.01,11123.18766,116284.826,113920.8925,107606.4533,36.73748074651303,-1865.6716056259029,-361.34637823374356,-1504.3252273921594,127809.65635313242,104759.99564686758,24618.5772433
2025-10-19 00:00:00+00:00,107185.0,109450.07,106103.36,108642.78,15480.66423,116001.36700000001,113827.08483333333,107737.08575000001,40.06014141443005,-2015.23217955172,-692.1235384973388,-1323.1086410543812,127976.42658282425,104026.30741717578,24615.554452300003
2025-10-20 00:00:00+00:00,108642.77,111705.56,107402.52,110532.09,19193.4416,115825.525,113794.28633333332,107873.68075,44.15397928585643,-1958.729470467355,-945.444724891342,-1013.2847455760129,128011.52378996738,103639.5262100326,24823.018715799997
2025-10-21 00:00:00+00:00,110532.09,114000.0,107473.72,108297.67,37228.01659,115310.65899999999,113650.31433333334,107995.71974999999,40.620470729346124,-2070.383593316161,-1170.432498576306,-899.9510947398549,127850.11478644556,102771.20321355441,25682.599787299998
2025-10-22 00:00:00+00:00,108297.66,109163.88,106666.69,107567.44,28610.78451,114662.5635,113519.1375,108115.867,39.50772019506451,-2192.5197454818554,-1374.849947957416,-817.6697975244394,127394.50684174633,101930.62015825367,26129.597261299998
2025-10-23 00:00:00+00:00,107567.45,111293.61,107500.0,110078.18,17573.09294,114054.87250000001,113462.21399999999,108274.10789999999,45.07857000413986,-2062.9375314181525,-1512.4674646495632,-550.4700667685893,126439.1071748204,101670.63782517963,25811.435508299997
2025-10-24 00:00:00+00:00,110078.19,112104.98,109700.01,111004.89,15005.16913,113485.56700000001,113477.09583333334,108433.31615,47.018010894638195,-1863.978161067178,-1582.7696039330863,-281.20855713409173,125319.2100477902,101651.92395220982,26151.2856258
2025-10-25 00:00:00+00:00,111004.9,111943.19,110672.86,111646.27,6407.96864,112893.76499999998,113475.14666666667,108609.93539999999,48.37675068993644,-1635.6921796119423,-1593.3541190688575,-42.338060543084794,123817.30920153685,101970.22079846312,25369.52918015
2025-10-26 00:00:00+00:00,111646.27,115466.8,111260.45,114559.4,13454.47737,112388.808,113530.10316666665,108769.6563,54.1306205736559,-1205.8088359690882,-1515.8450624489037,310.03622647981547,121937.46096604994,102840.15503395007,25067.521609
2025-10-27 00:00:00+00:00,114559.41,116400.0,113830.01,114107.65,21450.23241,112027.54299999999,113555.78233333334,108942.15805,53.14145024418315,-891.301272306242,-1390.9363044203715,499.63503211412944,120701.99238921856,103353.09361078142,25058.333537
2025-10-28 00:00:00+00:00,114107.65,116086.0,112211.0,112898.45,15523.42257,111507.16549999997,113631.13316666667,109089.5311,50.482247691292315,-731.1953318603628,-1258.9881099083698,527.792778048007,118498.15102254614,104516.17997745381,24983.873765499997
2025-10-29 00:00:00+00:00,112898.44,113643.73,109200.0,110021.29,21079.71376,110925.10999999999,113651.21583333334,109213.25305,44.74488890202738,-826.9405314328615,-1172.5785942132682,345.6380627804067,116153.3536636438,105696.86633635618,24959.89145
2025-10-30 00:00:00+00:00,110021.3,111592.0,106304.34,108322.88,25988.82838,110702.52900000001,113652.49133333334,109336.06745000002,41.72991191232456,-1028.0164509676251,-1143.6661655641396,115.64971459651451,115975.72860937833,105429.32939062169,23050.7359055
2025-10-31 00:00:00+00:00,108322.87,111190.0,108275.28,109608.01,21518.20439,110650.7095,113658.66783333334,109461.14959999999,44.76283340071486,-1071.321784495216,-1129.197289350355,57.87550485513907,115945.50049211393,105355.91850788606,22354.220299
2025-11-01 00:00:00+00:00,109608.01,110564.49,109394.81,110098.1,7378.50431,110407.67450000001,113639.63599999998,109593.42015,45.91887815665024,-1053.9461707690352,-1114.1470656340912,60.20089486505594,115321.7048525651,105493.64414743491,21110.3803785
2025-11-02 00:00:00+00:00,110098.1,111250.01,109471.34,110540.68,12107.00087,110176.40849999999,113620.21883333333,109725.97165,46.997672894815835,-993.0164885531412,-1089.9209502179012,96.90446166475999,114581.96910390993,105770.84789609005,20587.8684055
2025-11-03 00:00:00+00:00,110540.69,110750.0,105306.56,106583.04,28681.18779,109854.15349999999,113551.08833333333,109834.14730000001,39.424344421755954,-1249.6723046113038,-1121.8712210965818,-127.801083514722,114320.64608595191,105387.66091404806,20428.411308000002
2025-11-04 00:00:00+00:00,106583.05,107299.0,98944.36,101497.22,50534.87376,109390.85049999999,113398.37550000001,109919.25994999999,32.235565679430806,-1842.221080102885,-1265.9411928978425,-576.2798872050425,115126.12055878641,103655.58044121356,21805.8305905
2025-11-05 00:00:00+00:00,101497.23,104534.74,98966.8,103885.16,33778.77571,109175.39450000001,113293.32866666667,110013.30069999998,37.95610288057125,-2094.98378363502,-1431.749711045278,-663.2340725897418,115378.92630692518,102971.86269307484,22001.910750000003
2025-11-06 00:00:00+00:00,103885.16,104200.0,100300.95,101346.04,25814.62139,108921.1125,113130.14033333333,110094.13470000001,34.61040881958921,-2471.693664936436,-1639.7385018235095,-831.9551631129266,115919.63620598747,101922.58879401254,21396.6084005
2025-11-07 00:00:00+00:00,101346.04,104096.36,99260.86,103339.08,32059.50942,108728.81599999999,112984.7045,110173.24895,39.14480770130149,-2579.68033929012,-1827.7268693168317,-751.9534699732885,116108.5469758371,101349.08502416288,22443.4244885
2025-11-08 00:00:00+00:00,103339.09,103406.22,101454.0,102312.94,12390.77985,108412.324,112830.81366666665,110217.59870000002,37.69545085310706,-2716.744538977029,-2005.5304032488712,-711.214135728158,116304.78705422394,100519.86094577605,22288.9302695
2025-11-09 00:00:00+00:00,102312.95,105495.62,101400.0,104722.96,16338.97096,108121.86750000001,112676.86299999998,110272.7581,43.03054334756964,-2600.9186607946613,-2124.608054758029,-476.3106060366322,116107.92490742386,100135.81009257615,22146.2067375
2025-11-10 00:00:00+00:00,104722.95,106670.11,104265.02,106011.13,22682.25673,108007.5405,112519.00366666666,110332.91140000001,45.70666547143168,-2377.7717914404493,-2175.240802094513,-202.53098934593618,116045.5558967216,99969.5251032784,21418.9187445
2025-11-11 00:00:00+00:00,106011.13,107500.0,102476.09,103058.99,24196.50718,107782.11799999999,112302.82983333334,110375.01295,40.95820116646575,-2411.3428562889603,-2222.4612129334027,-188.88164335555757,116104.697108912,99459.53889108797,21198.204878
2025-11-12 00:00:00+00:00,103059.0,105333.33,100813.59,101654.37,20457.63906,107360.92749999999,112065.09783333333,110410.14480000001,38.88807567001142,-2522.214740642783,-2282.411918475279,-239.80282216750402,116021.82792915113,98700.02707084885,21342.432184
2025-11-13 00:00:00+00:00,101654.37,104085.01,98000.4,99692.02,36198.50771,106795.28400000001,111805.498,110439.8584,36.13989670191257,-2736.877729915519,-2373.305080763327,-363.57264915219184,115896.82902684748,97693.73897315255,22402.099113
2025-11-14 00:00:00+00:00,99692.03,99866.02,94012.45,94594.0,47288.14481,105942.67050000001,111459.5695,110437.7725,30.174052027778046,-3280.551151939275,-2554.754294998517,-725.7968569407581,116189.53226199797,95695.80873800204,24446.1079215
2025-11-15 00:00:00+00:00,94594.0,96846.68,94558.49,95596.24,15110.89391,104994.5125,111106.35749999998,110444.46960000001,32.53201853564707,-3589.1701446708175,-2761.6374649329773,-827.5326797378402,115385.0024288086,94604.0225711914,24528.928748500002
2025-11-16 00:00:00+00:00,95596.23,96635.11,93005.55,94261.44,23889.4051,104002.202,110736.58833333333,110444.91679999999,31.029153867957206,-3896.543200005559,-2988.618611947494,-907.9245880580647,114511.88679481203,93492.51720518798,24650.887383
2025-11-17 00:00:00+00:00,94261.45,96043.0,91220.0,92215.14,39218.59806,102968.0365,110322.28183333334,110423.54295,28.830302603405997,-4256.195101478574,-3242.1339098537105,-1014.0611916248631,113836.97397261485,92099.09902738515,25835.646157500003
2025-11-18 00:00:00+00:00,92215.14,93836.01,89253.78,92960.83,39835.14769,102115.0135,109944.42266666665,110403.91139999998,30.755972921772155,-4429.984766718364,-3479.7040812266414,-950.2806854917226,113308.86753822883,90921.15946177117,26773.417854
2025-11-19 00:00:00+00:00,92960.83,92980.22,88608.0,91554.96,32286.6376,101276.61750000001,109542.24483333333,110382.4041,29.154344991931453,-4627.809777755581,-3709.3252205324293,-918.484557223152,112984.99746932612,89568.2375306739,27088.308315000002
2025-11-20 00:00:00+00:00,91554.96,93160.0,86100.0,86637.23,39733.19073,100128.0785,109065.6605,110344.20215,24.373043515431036,-5122.359860160781,-3991.9321484580996,-1130.4277117026813,112808.35875105337,87447.79824894664,27999.057632
2025-11-21 00:00:00+00:00,86637.22,87498.94,80600.0,85129.43,72256.12679,98879.64499999999,108606.96783333334,110296.18089999999,23.12101703362731,-5571.733743980672,-4307.892467562614,-1263.8412764180584,112283.62903657599,85475.66096342399,31242.938756
2025-11-22 00:00:00+00:00,85129.42,85620.0,83500.0,84739.74,14193.93263,97589.598,108152.65016666666,110235.70950000001,22.79510118416367,-5891.39814020443,-4624.593602090978,-1266.8045381134525,111220.49445736881,83958.70154263118,31347.285344000004
2025-11-23 00:00:00+00:00,84739.75,88127.64,84667.57,86830.0,19734.46418,96601.946,107711.36683333333,110184.70700000001,28.608260718537124,-5907.964625676585,-4881.2678068080995,-1026.696818868485,110345.19533783646,82858.69666216354,30899.949163500005
2025-11-24 00:00:00+00:00,86830.0,89228.0,85272.0,88300.01,24663.12795,95942.0855,107366.45883333334,110109.89904999999,32.4598004790155,-5736.35107867411,-5052.284461181302,-684.0666174928083,109946.61782374099,81937.55317625901,29606.361873000005
2025-11-25 00:00:00+00:00,88300.01,88519.99,86116.0,87369.96,19567.0411,95116.3255,106995.23383333333,110031.8889,31.308932837661587,-5610.716521009206,-5163.970873146883,-446.7456478623235,109097.64117168653,81135.00982831349,28895.775142499995
2025-11-26 00:00:00+00:00,87369.97,90656.08,86306.77,90484.02,21675.82239,94573.2245,106676.03666666667,109960.26135,39.09531311658503,-5199.930055362813,-5171.162709590069,-28.767345772743283,108387.24402457384,80759.20497542615,28688.835192499995
2025-11-27 00:00:00+00:00,90484.01,91950.0,90089.91,91333.95,16833.50932,93972.96800000001,106328.86999999998,109896.34109999999,41.059093966084546,-4751.029661419205,-5087.136099955897,336.1064385366926,107243.85490668536,80702.08109331466,27927.535187499998
2025-11-28 00:00:00+00:00,91333.94,93092.0,90180.63,90890.7,18830.86012,93401.856,105938.51566666666,109836.83799999999,40.328783216043014,-4380.543259766302,-4945.817531917979,565.274272151677,106161.19815531763,80642.51384468237,28249.539201
2025-11-29 00:00:00+00:00,90890.71,91165.65,90155.47,90802.44,7429.88291,92705.83,105551.07416666667,109770.3316,40.17554750149966,-4047.396098815836,-4766.133245297551,718.7371464817152,104392.61386119167,81019.04613880833,27804.0847985
2025-11-30 00:00:00+00:00,90802.44,92000.01,90336.9,90360.0,9687.74175,91923.2735,105080.491,109704.5925,39.36800856894709,-3775.55355278551,-4568.017306795143,792.4637540096328,101914.5557187756,81931.99128122439,27154.359049499995
2025-12-01 00:00:00+00:00,90360.01,90417.0,83822.76,86286.01,34509.01227,91084.6245,104509.76866666667,109617.204,32.82526166500769,-3844.535905009223,-4423.3210264379595,578.7851214287366,99948.44440760363,82220.80459239638,27669.984304
2025-12-02 00:00:00+00:00,86286.01,92307.65,86184.39,91277.88,28210.22732,90565.8,103993.86666666667,109556.2739,44.907266075089574,-3456.557680625978,-4229.968357275563,773.4106766495852,97992.38423893056,83139.21576106944,28057.613717
2025-12-03 00:00:00+00:00,91277.88,94150.0,90990.23,93429.95,25712.52585,90252.6965,103511.18250000001,109507.7904,49.1532109298541,-2941.5200668712932,-3972.2786991947096,1030.7586323234164,96557.06887145007,83948.32412854994,27533.314624000002
2025-12-04 00:00:00+00:00,93429.95,94080.0,90889.0,92078.06,19803.94059,90126.8995,102987.77833333332,109435.90940000002,46.71748123760383,-2612.322049634764,-3700.2873692827206,1087.9653196479567,96174.94204471404,84078.85695528596,26159.104413
2025-12-05 00:00:00+00:00,92078.06,92692.36,88056.0,89330.04,19792.97218,89813.5895,102398.96999999999,109354.6909,42.145621703912255,-2543.8485939692764,-3468.999614220032,925.1510202507557,95320.89609304813,84306.28290695188,26393.208326500004
2025-12-06 00:00:00+00:00,89330.04,90289.97,88908.01,89236.79,8409.50016,89562.35699999999,101864.034,109266.6249,41.995435795476126,-2468.6503185166075,-3268.929755079347,800.2794365627396,94679.76059481021,84444.95340518976,25619.2130795
2025-12-07 00:00:00+00:00,89236.8,91760.0,87719.28,90395.31,13021.11185,89471.3655,101315.5225,109170.38149999999,44.63511123361207,-2289.1839737201663,-3072.9805988075113,783.7966250873451,94459.95371220108,84482.77728779892,24309.338768999998
2025-12-08 00:00:00+00:00,90395.32,92287.15,89612.0,90634.34,15793.63887,89355.041,100798.38816666667,109065.07214999999,45.189337335062945,-2103.4209517432464,-2879.0686693946586,775.6477176514122,94116.04049925314,84594.04150074685,23107.263328
2025-12-09 00:00:00+00:00,90634.35,94588.99,89500.0,92678.8,21240.43014,89411.233,100463.45983333333,108991.87465,49.81659378220456,-1770.8186872115475,-2657.4186729580365,886.599985746489,94299.58979192268,84522.8762080773,22554.952955
2025-12-10 00:00:00+00:00,92678.81,94476.0,91563.15,92015.37,18998.68083,89680.14,100152.976,108913.14195,48.38899461201939,-1542.9757883652055,-2434.5300960394707,891.5543076742651,94519.98251817065,84840.29748182934,21518.227460000002
2025-12-11 00:00:00+00:00,92015.38,93555.0,89260.63,92513.38,19972.58758,90049.3375,99778.88566666665,108830.68789999999,49.55756779887947,-1307.1553315669153,-2209.0551431449594,901.8998115780441,94559.60422197633,85539.07077802366,18904.0504995
2025-12-12 00:00:00+00:00,92513.38,92754.0,89480.0,90268.42,16679.19169,90325.7715,99363.92599999999,108734.85605,44.64975585117383,-1286.584485567495,-2024.5610116294665,737.9765260619715,94121.56880542912,86529.97419457088,19028.3134525
2025-12-13 00:00:00+00:00,90268.43,90634.55,89766.39,90240.01,5895.70788,90496.272,98984.12383333333,108641.36524999999,44.58957496587842,-1258.0721192081983,-1871.2632331452128,613.1911139370145,93938.53620148654,87054.00779851346,18336.3756375
2025-12-14 00:00:00+00:00,90240.0,90472.4,87577.36,88172.17,9416.94004,90489.88,98607.60533333333,108543.3172,40.32883045731516,-1386.3522638644936,-1774.2810392890692,387.92877542457563,93948.86772315425,87030.89227684576,17574.066242
2025-12-15 00:00:00+00:00,88172.16,90052.64,85146.64,86432.08,19778.6919,90442.986,98244.90199999999,108447.52885,37.11487655554104,-1609.8683627961873,-1741.3985039904928,131.53014119430554,94090.19971552421,86795.7722844758,17584.648781999997
2025-12-16 00:00:00+00:00,86432.08,88175.98,85266.0,87863.42,18456.05017,90311.956,97935.431,108366.91855,41.26157178503832,-1652.460766656688,-1723.610956523732,71.15018986704399,94128.23531825595,86495.67668174407,17423.660171
2025-12-17 00:00:00+00:00,87863.43,90365.85,85314.0,86243.22,19834.11729,90057.41949999999,97586.40116666668,108275.17525,38.19161196435064,-1796.2461455598386,-1738.1379943309535,-58.10815122888516,94229.57250485865,85885.26649514133,17573.6905695
2025-12-18 00:00:00+00:00,86243.23,89477.61,84450.01,85516.41,25405.41763,89788.70499999999,97200.96166666667,108174.54265,36.866490553930724,-1946.4076117026707,-1779.791917805297,-166.6156938973736,94382.53923116162,85194.87076883836,17902.418445
2025-12-19 00:00:00+00:00,85516.41,89399.97,85110.24,88136.94,21256.65004,89655.43000000001,96827.70916666667,108085.9374,44.36216672601305,-1832.829072507404,-1790.3993487457187,-42.42972376168518,94278.45907560535,85032.40092439466,18593.7568015
2025-12-20 00:00:00+00:00,88136.95,88573.07,87795.76,88360.9,5123.13194,89555.475,96495.42966666668,108000.85745,44.96357186005764,-1705.0903415423672,-1773.3375473050485,68.24720576268123,94199.64463869673,84911.30536130328,18365.526311
2025-12-21 00:00:00+00:00,88360.91,89081.77,87600.04,88658.86,7132.87258,89674.1175,96180.28666666665,107920.66745,45.80292545990814,-1561.8100213669968,-1731.0320421174383,169.22202075044152,94093.94904386763,85254.28595613236,16996.7193265
2025-12-22 00:00:00+00:00,88658.87,90588.23,87900.0,88620.79,14673.2197,89541.263,95822.6635,107856.228,45.70701032836388,-1434.7918785359507,-1671.7840094011408,236.99213086519012,93919.8242404826,85162.70175951741,16319.868945499999
2025-12-23 00:00:00+00:00,88620.79,88940.0,86601.9,87486.0,13910.32904,89244.0655,95430.682,107772.2158,42.828026169839575,-1409.449893371624,-1619.3171861952376,209.86729282361352,93323.15081458607,85164.98018541392,15729.759105
2025-12-24 00:00:00+00:00,87486.0,88049.89,86420.0,87669.45,9140.8432,89023.635,95031.06833333333,107682.80230000001,43.44816660343838,-1358.8987666090252,-1567.2335022779953,208.3347356689701,92939.52013770679,85107.7498622932,15196.604235499999
2025-12-25 00:00:00+00:00,87669.44,88592.74,86934.72,87225.27,7096.58235,88918.3965,94575.4995,107590.25865,42.25310188170038,-1339.240319525954,-1521.634865727587,182.39454620163315,92908.12109876919,84928.67190123082,14561.784744
2025-12-26 00:00:00+00:00,87225.27,89567.75,86655.08,87369.56,18344.61505,88825.035,94129.86466666666,107475.79135,42.8034678684245,-1297.0660909620055,-1476.721110774471,179.65501981246553,92867.62586624817,84782.44413375184,15058.540488499999
2025-12-27 00:00:00+00:00,87369.56,87984.0,87253.05,87877.01,4469.55156,88699.12,93712.84066666666,107363.80445,44.796132164779394,-1208.7618823610537,-1423.1292650917876,214.36738273073388,92694.8327183987,84703.40728160129,14630.962474
2025-12-28 00:00:00+00:00,87877.0,88088.75,87435.0,87952.71,4446.29285,88565.0385,93345.03099999999,107260.34240000001,45.10338599509396,-1119.7638627180131,-1362.4561846170327,242.6923218990196,92470.95952087897,84659.11747912102,14063.595173
2025-12-29 00:00:00+00:00,87952.71,90406.08,86806.5,87237.13,19894.98575,88292.955,92993.60183333332,107168.1694,42.684871080576116,-1094.3585326533212,-1308.8366542242907,214.4781215709695,91746.67223778213,84839.23776221788,13996.3229535
2025-12-30 00:00:00+00:00,87237.13,89400.0,86845.66,88485.49,13105.91001,88116.461,92641.55983333333,107080.26389999999,47.93041002220376,-962.3984759627056,-1239.5490185719736,277.1505426092681,91123.07063365873,85109.85136634126,13701.6844125
2025-12-31 00:00:00+00:00,88485.5,89200.0,87250.0,87648.22,11558.62047,87873.20300000001,92267.39516666667,106991.43180000002,44.95845270930277,-914.8342323907273,-1174.6060613357245,259.7718289449972,90104.85580885217,85641.55019114785,13280.986056999998
2026-01-01 00:00:00+00:00,87648.21,88919.45,87550.43,88839.04,6279.57133,87801.73400000001,91905.70116666665,106907.65695,49.732472552577775,-772.149150020763,-1094.1146790727323,321.96552905196927,89801.48356284777,85801.98443715225,12761.005039
2026-01-02 00:00:00+00:00,88839.05,90961.81,88379.88,89995.13,17396.97301,87789.49,91629.236,106823.65994999999,53.91186301058467,-559.3357191038813,-987.1588870789622,427.8231679750809,89731.53991802318,85847.44008197683,13336.0682955
2026-01-03 00:00:00+00:00,89995.14,90741.16,89314.01,90628.01,7057.46716,87912.28199999999,91448.0825,106754.04415000002,56.06537246279441,-335.7411995068542,-856.8753495645407,521.1341500576865,90213.02030424881,85611.54369575117,13218.0946515
2026-01-04 00:00:00+00:00,90628.01,91810.0,90628.0,91529.73,10426.5297,88167.1645,91242.15866666666,106687.2589,59.0045656708663,-84.80211777689692,-702.460703207012,617.6585854301151,90852.77854594788,85481.55045405212,12750.486541499999
2026-01-05 00:00:00+00:00,91529.74,94789.08,91514.81,93859.71,20673.59584,88466.97899999999,91117.3865,106633.26449999999,65.43852897382061,298.6363322140969,-502.2412961227903,800.8776283368873,92116.02415946423,84817.93384053576,12861.363824999999
2026-01-06 00:00:00+00:00,93859.71,94444.44,91262.94,93747.97,18546.41829,88842.21650000001,90957.53466666667,106585.51440000001,64.91237633479258,586.7340769966395,-284.4462214989043,871.1802984955439,93006.47756537332,84677.9554346267,12796.978875
2026-01-07 00:00:00+00:00,93747.97,93747.97,90675.52,91364.16,14276.49025,89134.604,90775.055,106531.73515000001,54.791087885005524,615.6037735983846,-104.43622247944656,720.0399960778311,93141.96603110088,85127.24196889914,12240.532506
2026-01-08 00:00:00+00:00,91364.16,91687.99,89311.0,91099.99,16132.79117,89282.7565,90548.0055,106482.41574999999,53.79014894980507,610.1336638294015,38.477754782323046,571.6559090470785,93350.26624549586,85215.24675450414,11984.339562500001
2026-01-09 00:00:00+00:00,91100.0,92082.55,89694.66,90641.28,15590.27939,89396.7755,90291.84133333334,106408.9525,52.01329622827492,562.3026243940985,143.24272870467814,419.0598956894204,93482.33391213312,85311.21708786688,12507.696935
2026-01-10 00:00:00+00:00,90641.27,90832.0,90404.0,90504.7,3104.11722,89489.0675,90082.60316666667,106331.061,51.46814029291368,507.52488552719296,216.09916006918112,291.4257254580118,93587.15385443515,85390.98114556486,12306.259167
2026-01-11 00:00:00+00:00,90504.7,91283.89,90236.0,91013.65,5477.13594,89608.7105,89905.25783333332,106249.42635,53.42704303431323,499.42409427219536,272.76414690978396,226.6599473624114,93738.01348901298,85479.40751098702,11846.454979
2026-01-12 00:00:00+00:00,91013.66,92519.95,90128.44,91296.2,16188.08268,89799.22050000001,89765.32749999998,106171.17204999998,54.52445262675557,509.92547896673204,320.1964133211736,189.72906564555842,93870.37649355164,85728.06450644838,11960.342660999999
2026-01-13 00:00:00+00:00,91296.2,96495.0,91042.66,95414.0,23021.51482,90186.448,89778.99416666666,106113.00409999998,66.80179078615704,840.8274130838981,424.32261327371856,416.5047998101796,94809.48767828486,85563.40832171515,12654.376242
2026-01-14 00:00:00+00:00,95413.99,97924.49,94559.28,96951.78,22851.89428,90672.77350000001,89801.5865,106061.27905,70.05332639334766,1213.170895220348,582.0922696630445,631.0786255573036,95947.87295723328,85397.67404276674,13442.1418385
2026-01-15 00:00:00+00:00,96951.78,97193.34,95134.48,95604.8,21725.81369,91084.5355,89823.97583333333,105997.5184,64.12848836676596,1383.6162912506697,742.3970739805695,641.2192172701002,96546.3315140553,85622.7394859447,13611.2017705
2026-01-16 00:00:00+00:00,95604.81,95871.47,94293.46,95550.94,11167.7146,91468.232,89879.57250000001,105939.54060000001,63.89578118356025,1497.09190020604,893.3360392256636,603.7558609803764,97051.63898387598,85884.82501612403,13946.109922499998
2026-01-17 00:00:00+00:00,95550.94,95639.45,95021.67,95147.77,4280.80137,91827.98500000002,89916.0215,105886.87375,62.079782554049544,1536.7747060803958,1022.0237725966101,514.7509334837857,97386.11109210613,86269.8589078939,13937.8353485
2026-01-18 00:00:00+00:00,95147.77,95531.12,93615.4,93673.14,6895.17819,92149.7855,89951.3245,105810.99145000002,55.82966877739447,1432.7178194454464,1104.1625819663775,328.55523747906886,97340.57280802462,86958.99819197538,13287.8449705
2026-01-19 00:00:00+00:00,93673.14,93673.14,91910.2,92631.0,14295.52747,92357.061,90051.22066666666,105726.22255,51.856231408174494,1251.7308248517365,1133.6762305434495,118.05459430828705,97269.62871172535,87444.49328827465,13347.325843499999
2026-01-20 00:00:00+00:00,92630.99,92870.0,87895.98,88427.66,22007.3261,92396.033,90106.19116666666,105628.43965000001,39.61092959664619,760.3579849295638,1059.0125814206724,-298.6545964911086,97168.94070770338,87623.12529229661,13869.761125
2026-01-21 00:00:00+00:00,88427.66,90574.0,87263.53,89454.73,20617.50372,92426.81749999999,90184.77433333333,105534.7227,43.143867952292325,448.64572590301395,936.9392103171408,-488.29348441412685,97114.74562142478,87738.8893785752,14586.6577445
2026-01-22 00:00:00+00:00,89454.73,90359.99,88515.37,89559.67,10825.50492,92405.0445,90230.26883333334,105436.50185,43.50752667070597,207.68522978932015,791.0884142115767,-583.4031844222566,97141.73743445854,87668.35156554147,14258.084339999998
2026-01-23 00:00:00+00:00,89559.68,91224.99,88578.36,89600.26,13918.48919,92353.657,90251.93966666666,105343.18844999999,43.65763832626643,19.769681782403495,636.8246677257421,-617.0549859433386,97187.65018888375,87519.66381111626,14601.1354415
2026-01-24 00:00:00+00:00,89600.26,89957.39,89162.08,89225.34,4226.56737,92238.4375,90282.86266666667,105244.70025000001,42.53340055583251,-157.59104308662063,477.9415255632695,-635.5325686498902,97252.00811660505,87224.86688339495,14291.137324999998
2026-01-25 00:00:00+00:00,89225.34,89319.13,86074.72,86670.36,14426.22019,91878.97,90219.30166666667,105121.8821,35.772810855611255,-498.569035014385,282.63941344773866,-781.2084484621237,97382.96993630184,86374.97006369816,13978.7685425
2026-01-26 00:00:00+00:00,86670.36,88860.0,86509.63,88347.08,17766.51453,91608.92549999998,90169.52050000001,104983.5675,42.25909249093888,-626.2798943878151,100.85555188062791,-727.135446268443,97247.94459602279,85969.90640397718,13939.7733545
2026-01-27 00:00:00+00:00,88347.08,89523.16,87304.33,89250.0,13125.40425,91503.2175,90142.1755,104842.1792,45.453686701512865,-647.1733609124349,-48.75023067798466,-598.4231302344502,97235.12499342363,85771.31000657637,13882.2190545
2026-01-28 00:00:00+00:00,89249.99,90600.0,88833.65,89299.99,14332.18502,91413.2175,90117.13466666666,104701.57915,45.63303025456489,-652.1798847033642,-169.43616148306057,-482.74372322030365,97223.61226396966,85602.82273603034,13792.188746999998
2026-01-29 00:00:00+00:00,89300.0,89348.0,83383.33,84650.16,30431.38201,91113.6615,90021.97066666666,104529.39675000001,34.32729970936312,-1019.5967351412401,-339.4682762146965,-680.1284589265435,97627.52087624557,84599.80212375443,14534.243878
2026-01-30 00:00:00+00:00,84650.16,84735.75,81118.0,84260.49,35195.84793,90801.451,89988.212,104351.4933,33.57654188602169,-1326.924390212036,-536.9594990141645,-789.9648911978716,97968.0043897577,83634.8976102423,16138.830413499998
2026-01-31 00:00:00+00:00,84260.5,84270.02,75719.9,78741.09,39491.89133,90187.823,89779.2655,104156.4083,25.177171336847437,-1992.880537173929,-828.1437066461175,-1164.7368305278114,99072.34808610652,81303.29791389349,17839.568183000003
2026-02-01 00:00:00+00:00,78741.1,79424.0,75700.0,76968.21,25395.48168,89471.4235,89504.90316666666,103948.0972,23.172021405368113,-2633.356486649209,-1189.186262646736,-1444.1702240024729,100034.93649002294,78907.91050997707,18299.938133
2026-02-02 00:00:00+00:00,76968.22,79360.0,74604.0,78738.61,42273.59016,88637.654,89282.579,103745.90245,29.233060351662274,-2963.9156324016512,-1544.1321365977192,-1419.783495803932,99808.2822011062,77467.0257988938,19262.5419
2026-02-03 00:00:00+00:00,78738.6,79186.81,72945.5,75770.21,39120.10889,87578.5755,89056.58183333333,103535.1293,25.58803679134192,-3425.9193433769105,-1920.4895779535577,-1505.4297654233528,99393.21176695943,75763.93923304058,20075.9526305
2026-02-04 00:00:00+00:00,75770.21,76971.52,71888.0,73165.83,38375.36,86456.62700000001,88788.7325,103311.75845,22.891163534678697,-3956.603056039836,-2327.7122735708135,-1628.8907824690223,99232.07012337615,73681.18387662387,20908.429946
2026-02-05 00:00:00+00:00,73165.84,73341.18,62345.0,62909.86,106298.82899,84824.573,88330.64166666666,103039.98215,15.82004229040109,-5145.4314570602,-2891.256110268691,-2254.175346791509,100537.82496784613,69111.32103215388,25664.9856655
2026-02-06 00:00:00+00:00,62909.87,71751.33,60000.0,70580.26,92539.21531,83596.1975,87996.40699999999,102805.98165000002,32.59119761566183,-5406.328563762072,-3394.270600967367,-2012.057962794705,99724.96289717942,67467.43210282057,30077.9063625
2026-02-07 00:00:00+00:00,70580.26,71690.07,67300.0,69289.38,44255.48036,82377.0095,87606.58333333333,102552.65645,31.45539727212764,-5652.100729254846,-3845.836626624863,-1806.2641026299825,98954.68868274079,65799.33031725921,31945.921470999998
2026-02-08 00:00:00+00:00,69289.37,72271.41,68888.0,70330.38,21420.53168,81261.9785,87245.16683333334,102310.5284,33.46900664735456,-5697.203129806105,-4216.109927261112,-1481.093202544993,97930.56160682916,64593.39539317084,32302.1716815
2026-02-09 00:00:00+00:00,70330.38,71453.53,68308.0,70138.0,29152.72842,80347.4955,86872.24383333333,102069.51344999998,33.27446752619967,-5682.960929328532,-4509.480127674596,-1173.4808016539364,97346.78158565429,63348.20941434572,32659.4417975
2026-02-10 00:00:00+00:00,70138.0,70527.59,67800.0,68841.29,20373.77072,79316.82350000001,86515.125,101825.64835,31.927382332052048,-5710.48067619848,-4749.680237379373,-960.8004388191075,96481.22845005966,62152.41854994037,32647.255147500004
2026-02-11 00:00:00+00:00,68841.28,69292.88,65756.0,67082.52,28718.24602,78192.96599999999,86129.16683333335,101571.461,30.144809185038397,-5807.265769316553,-4961.197343766809,-846.0684255497436,95470.61138673942,60915.320613260556,33541.89220250001
2026-02-12 00:00:00+00:00,67082.52,68410.52,65118.0,66272.17,24271.74283,77026.5615,85764.16683333335,101305.7441,29.332208687535342,-5881.558183932531,-5145.269511799954,-736.2886721325776,94215.8266516484,59837.29634835159,34059.5548845
2026-02-13 00:00:00+00:00,66272.17,69482.97,65872.46,68853.96,20244.54955,76007.99250000001,85471.19816666668,101059.7023,35.314965123238395,-5666.783429754942,-5249.572295390952,-417.2111343639899,92588.6182089345,59427.36679106552,34860.4539935
2026-02-14 00:00:00+00:00,68853.97,70560.01,68730.13,69822.95,18114.78393,75165.622,85170.52366666668,100819.06324999999,37.45516493030325,-5356.635534832269,-5270.984943279216,-85.65059155305244,91196.6085780946,59134.635421905405,35044.882180500004
2026-02-15 00:00:00+00:00,69822.94,70983.0,68000.0,68832.58,22290.05208,74189.897,84880.34633333332,100574.02464999999,36.13906086389144,-5131.601764909006,-5243.108307605175,111.50654269616825,89238.34179533184,59141.45220466815,35271.059058
2026-02-16 00:00:00+00:00,68832.59,70126.67,67294.11,68892.43,15515.76534,73172.01849999999,84603.28,100339.6664,36.284765431108845,-4892.039104542811,-5172.894466992702,280.8553624498909,86683.59409443746,59660.44290556252,35390.5771125
2026-02-17 00:00:00+00:00,68892.43,69241.5,66621.06,67503.52,16489.06921,72082.19499999999,84259.38966666667,100110.69435,34.327393628130636,-4759.394067451998,-5090.194387084562,330.8003196325635,83580.71212646148,60583.677873538494,35498.421322
2026-02-18 00:00:00+00:00,67503.52,68476.22,65870.0,66461.0,15492.43839,71172.737,83894.39133333332,99880.26759999999,32.89306608104701,-4684.395772666292,-5009.034664200908,324.63889153461605,81352.92651148913,60992.547488510856,34751.474141
2026-02-19 00:00:00+00:00,66461.0,67320.0,65631.83,67003.73,14542.26988,70309.899,83533.4725,99644.24225,34.4291067887048,-4528.958296436293,-4913.019390647985,384.06109421169276,78669.11959693763,61950.678403062375,33718.795238499995
2026-02-20 00:00:00+00:00,67003.73,68318.39,66280.2,68020.01,35351.87091,69773.845,83190.12616666667,99409.06715,37.322205608555244,-4274.493968376482,-4785.314306193684,510.820337817202,77227.62762463905,62320.06237536096,33511.7942175
2026-02-21 00:00:00+00:00,68020.0,68698.7,67534.69,67975.93,8032.84131,69324.231,82864.95833333333,99178.29805000001,37.24544503226287,-4029.9315008837293,-4634.237745131693,604.3062442479641,76035.78719347609,62612.67480652391,32643.662199000002
2026-02-22 00:00:00+00:00,67975.93,68245.0,67190.0,67643.4,8175.13484,68769.47050000001,82531.19083333334,98941.5537,36.63334634602061,-3818.924194433479,-4471.17503499205,652.2508405585713,73932.11341499335,63606.82758500667,30938.739433
2026-02-23 00:00:00+00:00,67643.39,67684.86,63888.79,64656.02,33075.90923,68213.761,82155.03666666665,98677.47375,31.607764197342092,-3848.3940917224827,-4346.618846338137,498.2247546156541,72572.62025076602,63854.901749233984,30636.52945
2026-02-24 00:00:00+00:00,64656.01,65026.75,62510.28,64058.15,23102.83622,67758.37700000001,81766.51316666667,98414.3908,30.700048548207903,-3875.320032997668,-4252.359083670043,377.0390506723752,71847.31068724378,63669.44331275624,29872.903261000007
2026-02-25 00:00:00+00:00,64058.15,69988.83,63913.27,67988.04,30749.99259,68012.286,81435.03033333334,98172.01975000002,42.407901637324834,-3538.7571660993417,-4109.638700155903,570.8815340565616,71443.09132476103,64581.480675238956,26095.461441
2026-02-26 00:00:00+00:00,67988.04,68860.0,66500.0,67485.18,20737.77792,67857.53199999999,81093.90483333333,97912.9756,41.44307847248031,-3274.8547813089244,-3942.681916386508,667.8271350775835,71084.1866187122,64630.877381287784,22505.3895715
2026-02-27 00:00:00+00:00,67485.19,68216.8,64914.46,65872.1,21228.58424,67686.668,80737.82100000001,97648.9061,38.4232096556441,-3159.452117654786,-3786.035956640164,626.583838985378,70953.60422661617,64419.73177338385,21354.0447655
2026-02-28 00:00:00+00:00,65872.09,67760.0,63030.0,66973.26,22548.71649,67518.812,80379.28383333333,97383.102,41.554110036493206,-2945.1899496333936,-3617.86675523881,672.6768056054166,70562.51325487657,64475.110745123435,21410.454006
2026-03-01 00:00:00+00:00,66973.26,68199.99,65056.0,65776.47,23201.85859,67300.7355,80014.75466666667,97095.45219999999,39.22004731233412,-2839.2277387946087,-3462.1389519499703,622.9112131553616,70183.2708185438,64418.200181456195,21112.9105145
2026-03-02 00:00:00+00:00,65776.48,70096.0,65259.21,68830.06,32010.38431,67300.174,79681.27166666668,96848.12705,47.34653610839013,-2480.2618159004487,-3265.7635247400663,785.5017088396175,70181.5128647102,64418.8351352898,21694.741194000002
2026-03-03 00:00:00+00:00,68830.06,69258.08,66158.0,68338.0,24972.2418,67362.948,79320.3195,96603.10680000001,46.272889820253404,-2210.0082658734027,-3054.6124729667335,844.6042070933308,70277.10195295056,64448.79404704944,21507.440983
2026-03-04 00:00:00+00:00,68338.01,74050.0,67400.0,72666.77,44919.0761,67682.67799999999,79020.96549999999,96379.53735000001,55.77413425304279,-1627.7708888906927,-2769.2441561515257,1141.473267260833,71353.03634795146,64012.31965204851,22539.807646499998
2026-03-05 00:00:00+00:00,72666.77,73558.15,70645.47,70890.72,26590.51253,67784.516,78676.982,96146.9659,51.731905861130336,-1294.7311104695837,-2474.341547015137,1179.6104365455535,71685.02531026308,63884.00668973692,22857.1057955
2026-03-06 00:00:00+00:00,70891.02,71419.98,67744.78,68114.02,22629.88722,67699.06950000001,78247.88716666667,95906.40074999999,46.10586779063141,-1240.550872555963,-2227.5834121233024,987.0325395673394,71490.5653004371,63907.57369956293,23082.86096
2026-03-07 00:00:00+00:00,68114.02,68551.04,66915.26,67262.91,12719.54315,67620.586,77806.46949999999,95678.3506,44.50806094176416,-1251.859451141514,-2032.438619926945,780.579168785431,71379.8252284622,63861.34677153779,22604.335513500002
2026-03-08 00:00:00+00:00,67262.91,68200.0,65618.49,65971.2,21593.63901,67474.5245,77383.25350000002,95436.8504,42.12221035646308,-1349.4956371998123,-1895.8500233815187,546.3543861817063,71251.70878634509,63697.34021365491,22908.229197
2026-03-09 00:00:00+00:00,65971.2,69516.65,65821.97,68432.16,28896.7213,67520.9565,77005.45633333334,95216.5112,47.85708692510966,-1214.2964594711375,-1759.5393105994424,545.2428511283049,71321.1857579375,63720.7272420625,23528.611801500003
2026-03-10 00:00:00+00:00,68432.16,71777.0,68391.41,69948.63,32602.57726,67695.338,76660.57883333332,94981.57440000001,51.074184011404576,-973.5610756726383,-1602.3436636140816,628.7825879414434,71603.55050072934,63787.12549927067,24384.118745
2026-03-11 00:00:00+00:00,69948.64,71321.0,68977.91,70191.86,27249.27542,67854.7445,76322.0315,94755.34345,51.590090685393996,-754.4530561647261,-1432.7655421242107,678.3124859594845,71894.96025117616,63814.52874882384,25019.469021999997
2026-03-12 00:00:00+00:00,70191.86,70800.0,69205.91,70541.34,21997.1605,67980.811,75980.82633333333,94540.5822,52.367282641560216,-546.3107268503809,-1255.4745790694449,709.163852219064,72187.69450271182,63773.92749728818,24351.7335015
2026-03-13 00:00:00+00:00,70541.34,73913.74,70386.01,70930.0,35996.61678,68128.5145,75641.38966666667,94344.6723,53.2658701794704,-346.0062725231837,-1073.5809177601927,727.574645237009,72527.3941183178,63729.63488168221,25749.922275
2026-03-14 00:00:00+00:00,70930.01,71307.92,70317.0,71211.95,13017.24737,68306.942,75238.02216666666,94141.91595000001,53.94463942432965,-162.63775391898525,-891.3922849919513,728.7545310729661,72897.93797977787,63715.94602022212,25992.0279015
2026-03-15 00:00:00+00:00,71211.95,73199.0,70858.82,72815.24,14037.30704,68714.90299999999,74835.7465,93949.68209999999,57.70636950897854,110.77823933408945,-690.9581801267433,801.7364194608327,73385.08707106145,64044.71892893852,25040.097792
2026-03-16 00:00:00+00:00,72815.25,74909.08,72270.41,74884.67,28409.53019,69256.229,74490.41100000001,93761.27095,62.01859809701916,488.8133538277034,-455.00387333585394,943.8172271635574,74146.48657713721,64365.9714228628,25305.432490500003
2026-03-17 00:00:00+00:00,74884.67,76000.0,73399.19,73909.36,24521.26636,69552.295,74129.71800000001,93588.93075,58.96709937286483,701.6216816636879,-223.67876233594555,925.3004439996334,74803.26289344704,64301.327106552955,24993.996179
2026-03-18 00:00:00+00:00,73909.37,74672.34,70500.0,71246.54,23392.88093,69740.363,73731.36416666668,93401.0818,51.514548310003185,647.9374749065464,-49.355514887447185,697.2929897939936,74950.99500263418,64529.73099736582,25126.751329500003
2026-03-19 00:00:00+00:00,71246.55,71613.79,68793.35,69930.0,22364.81819,69943.258,73335.64516666668,93209.50004999999,48.266531851734236,493.4701622061548,59.20962053127321,434.26054167488155,74842.29066509781,65044.22533490219,25183.563027000004
2026-03-20 00:00:00+00:00,69930.01,71367.0,69388.0,70510.73,18121.16745,70120.13149999999,72966.974,93015.86660000001,49.77094869526611,413.1512116607628,129.99793875717114,283.15327290359164,74829.23028680008,65411.03271319989,24962.185575
2026-03-21 00:00:00+00:00,70510.73,71100.94,68571.42,68918.12,13397.1675,70277.214,72641.815,92804.25715,45.83446364344843,218.46917107207992,147.6921852201529,70.77698585192701,74589.10442306586,65965.32357693416,24471.9510205
2026-03-22 00:00:00+00:00,68918.12,69588.79,67360.66,67859.0,14843.78682,70228.66100000001,72281.88616666666,92585.0236,43.377398858245236,-21.037375498213805,113.94627307647957,-134.98364857469338,74625.66797012265,65831.65402987736,23613.621145999998
2026-03-23 00:00:00+00:00,67859.0,71817.09,67445.18,70906.45,28335.09119,70357.08350000001,71970.99916666668,92385.9015,51.44324944629484,34.65621195238782,98.08826085166123,-63.43204889927341,74675.02985487775,66039.13714512227,23781.7636155
2026-03-24 00:00:00+00:00,70906.45,71400.0,68923.07,70556.74,20702.42244,70251.58200000001,71653.60716666667,92185.38525,50.553298639117955,49.998752411382156,88.47035916360542,-38.471606752223266,74439.8012702311,66063.36272976892,22570.9309325
2026-03-25 00:00:00+00:00,70556.74,72026.09,70408.0,71336.53,17719.50066,70273.8725,71355.46033333334,91991.12805,52.52550456506682,123.65494505121023,95.50727634112638,28.14766871008385,74480.16732394019,66067.57767605981,22127.380339000003
2026-03-26 00:00:00+00:00,71336.53,71436.82,68153.0,68820.31,20820.45768,70309.187,71057.95950000001,91779.54290000001,46.13156205566731,-20.770487439542194,72.25172358499266,-93.02221102453485,74453.76223929715,66164.61176070286,22036.908862
2026-03-27 00:00:00+00:00,68820.31,69179.05,65548.25,66407.28,28603.69557,70266.4055,70692.29616666665,91551.25314999999,40.97968063686384,-326.18003725493327,-7.434628582992531,-318.7454086719407,74551.16894999464,65981.64205000535,22831.116482999998
2026-03-28 00:00:00+00:00,66407.28,67288.94,65932.09,66377.03,11462.39847,70286.697,70311.08,91325.40635,40.9179885707159,-564.1569775689277,-118.77909838017956,-445.3778791887481,74493.03045576347,66080.36354423653,22324.554456
2026-03-29 00:00:00+00:00,66377.04,67130.5,65000.0,66010.93,10052.85584,70165.6355,69922.929,91085.661,40.13058875179111,-773.3815663896385,-249.69959198207135,-523.6819744075672,74704.70950079909,65626.56149920092,21382.361182999997
2026-03-30 00:00:00+00:00,66010.93,68169.65,65800.59,66797.37,18353.38975,70008.0725,69625.3825,90842.23440000002,42.682237055180984,-865.754545478354,-372.9105826813279,-492.84396279702605,74779.18480292751,65236.960197072476,20669.9018075
2026-03-31 00:00:00+00:00,66797.38,68589.49,65998.05,68284.48,22105.40662,69912.70349999999,69359.11566666666,90603.50970000001,47.259658966108,-809.6305314255878,-460.2545724301799,-349.3759589954079,74741.2157216561,65084.191278343875,20412.7083675
2026-04-01 00:00:00+00:00,68284.49,69310.0,67578.75,68113.92,19020.1899,69791.33249999999,69181.99616666666,90364.48785,46.798045779243175,-770.0380927070364,-522.2112764855513,-247.82681622148516,74672.28468602544,64910.38031397454,20263.8598375
2026-04-02 00:00:00+00:00,68113.92,68653.38,65712.12,66901.99,20203.47916,69589.932,69014.22583333333,90122.65775,43.543460916681,-826.921189520639,-583.1532590925688,-243.76793042807026,74597.10614097171,64582.757859028294,19474.2029565
2026-04-03 00:00:00+00:00,66901.99,67370.42,66282.0,66964.3,11429.13131,69377.5495,68817.98733333334,89880.73069999999,43.76002076194485,-857.0935167732241,-637.9413106286999,-219.15220614452426,74451.40087486416,64303.69812513582,19394.7971535
2026-04-04 00:00:00+00:00,66964.29,67562.93,66775.91,67300.42,7373.51613,69101.80850000001,68676.82416666667,89633.288,44.98593117634405,-844.1523655691417,-679.1835216167883,-164.96884395235338,73994.57720238963,64209.03979761041,19061.607608
2026-04-05 00:00:00+00:00,67300.42,69136.2,66611.66,69034.18,11733.46752,68809.284,68607.96333333333,89396.22095,50.92786540336743,-686.087675986797,-680.5643524907902,-5.52332349600681,72921.40274097145,64697.16525902855,18227.8044745
2026-04-06 00:00:00+00:00,69034.18,70351.46,68300.0,68853.66,20281.61044,68556.499,68707.02666666667,89155.1216,50.31846534691455,-568.8296123426699,-658.2174044611661,89.38779211849624,71940.60276904562,65172.39523095437,18015.8216785
2026-04-07 00:00:00+00:00,68853.66,72761.0,67732.01,71924.22,23750.49661,68590.383,68729.426,88936.5808,59.25042996310856,-225.5334130506235,-571.6806061790576,346.1471931284341,72093.04065502094,65087.72534497906,18033.702462499998
2026-04-08 00:00:00+00:00,71924.22,72857.0,70707.23,71069.93,19802.68627,68647.37950000001,68759.10183333333,88713.5023,56.22191288409805,-22.147463029206847,-461.7739775490874,439.6265145198806,72270.4075385241,65024.35146147591,17905.5958665
2026-04-09 00:00:00+00:00,71069.93,73145.0,70466.0,71787.97,18158.42159,68711.2415,68783.395,88496.2807,58.1578042664623,194.73244041239377,-330.4726939567912,525.205134369185,72504.42821677572,64918.05478322429,17907.4585735
2026-04-10 00:00:00+00:00,71787.98,73434.0,71426.15,72962.7,17372.63288,68913.4705,68830.47333333333,88297.83925,61.18213934691257,456.1440748419991,-173.14934019703315,629.2934150390322,73136.1591372608,64690.78186273919,18106.2318425
2026-04-11 00:00:00+00:00,72962.71,73790.0,72513.09,73043.16,9070.94374,69172.6785,68900.5045,88103.06105,61.38799577702462,662.173998399754,-6.084672477675696,668.2586708774297,73727.98635396588,64617.370646034105,17817.5896885
2026-04-12 00:00:00+00:00,73043.16,73137.24,70505.88,70740.98,13472.46801,69164.405,68961.47883333333,87890.23095000001,52.76560512610018,632.3976251370332,121.61178704526608,510.7858380917671,73707.6722205509,64621.1377794491,17074.4585295
2026-04-13 00:00:00+00:00,70741.56,74900.0,70566.99,74417.99,24230.21625,69357.4675,69097.24250000001,87717.34844999999,61.956621445272354,895.1844822658168,276.32632608937627,618.8581561764405,74419.53192488705,64295.40307511294,17250.84822
2026-04-14 00:00:00+00:00,74418.0,76038.0,73795.47,74131.55,26532.94456,69497.21849999999,69185.20233333333,87539.7889,60.96148133721161,1068.0201739505865,434.66509566161835,633.3550782889681,74912.14324013102,64082.29375986897,17691.520415
2026-04-15 00:00:00+00:00,74131.55,75425.0,73514.0,74809.99,14425.04167,69796.7025,69268.31966666666,87365.65959999998,62.49791692664838,1245.3821526329411,596.808507055883,648.5736455770582,75671.74415559928,63921.660844400714,17371.749614499997
2026-04-16 00:00:00+00:00,74809.99,75534.76,73309.85,75154.29,17088.68777,70234.053,69373.6815,87180.6113,63.28758440129215,1397.6141057016503,756.9696267850364,640.6444789166138,76332.75158272692,64135.35441727307,16795.9992245
2026-04-17 00:00:00+00:00,75154.28,78333.0,74529.4,77072.0,25941.36694,70768.8015,69510.00766666667,86994.4115,67.40454322871255,1653.9366432261304,936.3630300732553,717.573613152875,77282.36267038921,64255.240329610795,17519.947648
2026-04-18 00:00:00+00:00,77072.01,77420.08,75445.16,75691.76,9141.84456,71252.84300000001,69646.47833333333,86802.62565,62.01426111117371,1725.8062479165092,1094.251673641906,631.554574274603,77718.8255442043,64786.860455795715,17474.397084000004
2026-04-19 00:00:00+00:00,75691.76,76240.66,73762.9,73801.79,11369.82232,71603.064,69768.82483333333,86578.65965,55.47262977139667,1611.680197483991,1197.7373784103231,413.9428190736678,77819.77450456802,65386.353495431984,17125.2187125
2026-04-20 00:00:00+00:00,73801.8,76558.62,73724.31,75840.97,16993.41034,71980.8885,69916.11216666666,86355.21775000001,60.33439427378784,1666.5681044387602,1291.5035236160106,375.0645808227496,78263.07391483463,65698.70308516537,16869.6188985
2026-04-21 00:00:00+00:00,75840.97,76927.57,74821.57,76336.15,14912.57132,72392.0,70054.7145,86125.73849999999,61.43554380762345,1730.0807596946252,1379.2189708317337,350.86178886289144,78684.27895084997,66099.72104915003,16664.2379695
2026-04-22 00:00:00+00:00,76336.14,79472.82,76132.95,78178.23,19737.51225,72955.812,70224.75283333333,85904.67465,65.29522566548694,1907.071919684895,1484.789560602366,422.28235908252896,79199.95229891171,66711.6717010883,16640.939624
2026-04-23 00:00:00+00:00,78178.22,78662.5,76960.0,78257.48,16970.79501,73520.47099999999,70401.65416666666,85678.55050000001,65.45540991375383,2030.3291314187372,1593.8974747656403,436.431656653097,79533.44218191868,67507.4998180813,16918.022809000002
2026-04-24 00:00:00+00:00,78257.48,78581.93,77264.08,77437.13,12675.14315,74027.30649999999,70614.67266666665,85442.44344999999,62.252308854520656,2038.3194923906412,1682.7818782906404,355.53761410000084,79546.2312317099,68508.38176829008,17183.10416
2026-04-25 00:00:00+00:00,77437.13,77885.35,77140.23,77625.0,5685.1142,74456.8475,70840.78683333333,85223.9037,62.70244961438861,2036.3378151761426,1753.493065667741,282.8447495084017,79683.98108988872,69229.71391011128,16880.686494
2026-04-26 00:00:00+00:00,77625.0,78961.0,77326.51,78657.55,7963.56162,74947.042,71018.612,85000.66145,65.16143815360923,2093.9477510886936,1821.5840027519314,272.3637483367622,79806.23959239028,70087.84440760972,16264.784053
2026-04-27 00:00:00+00:00,78657.55,79485.66,76459.64,77371.32,16046.92418,75219.397,71183.381,84779.20605000001,59.866596339394015,2012.615846164481,1859.7903714344413,152.82547473003956,79979.96697147518,70458.82702852481,15879.605431500002
2026-04-28 00:00:00+00:00,77371.32,77478.0,75666.6,76342.77,13210.72383,75483.03899999999,71357.89216666667,84597.0474,55.951305651104136,1843.908902464129,1856.614077640379,-12.705175176250123,79864.10920478591,71101.96879521407,15550.0073095
2026-04-29 00:00:00+00:00,76342.78,77904.93,74937.52,75780.0,18279.93022,75682.6405,71504.67116666668,84422.7254,53.87515810345569,1645.824557371685,1814.4561735866403,-168.63161621495533,79722.6087286134,71642.67227138659,15556.082741
2026-04-30 00:00:00+00:00,75780.0,76669.14,75323.65,76346.57,10381.81607,75851.834,71680.8395,84229.66424999999,55.65901750333243,1517.0709017309127,1754.9791192154948,-237.9082174845821,79700.90956926628,72002.75843073372,15206.541900499997
2026-05-01 00:00:00+00:00,76346.58,78914.12,76320.42,78231.13,17315.46502,76111.23250000001,71837.524,84044.9899,61.05443239110932,1549.2422438729845,1713.831744146993,-164.58950027400851,79866.32402673825,72356.14097326178,15618.767964499999
2026-05-02 00:00:00+00:00,78231.13,79199.48,78040.0,78686.85,6150.87642,76508.526,72010.00483333334,83873.28345,62.250627638243486,1593.1462612905743,1689.6946475757095,-96.54838628513517,79513.21942731034,73503.83257268966,15252.688385000001
2026-05-03 00:00:00+00:00,78686.84,79447.0,78084.08,78568.57,7425.7929,76716.05500000001,72108.36816666667,83712.30990000001,61.720752966145064,1599.9530411899177,1671.7463262985511,-71.79328510863343,79687.68713599628,73744.42286400373,14412.467217500001
2026-05-04 00:00:00+00:00,78568.58,80776.99,78202.0,79861.01,26042.96135,77002.528,72257.87299999999,83570.64355000001,65.20588312559144,1690.1535320946568,1675.4277674577725,14.725764636884378,80026.5229742302,73978.53302576981,14387.968057
2026-05-05 00:00:00+00:00,79861.01,81791.48,79808.72,80905.52,16947.17995,77307.3045,72471.06466666666,83443.01275000001,67.76052742652112,1824.8851585061348,1705.3192456674449,119.56591283868988,80602.48514428709,74012.12385571291,14514.074971
2026-05-06 00:00:00+00:00,80905.53,82850.0,80731.14,81447.01,18798.77396,77621.9405,72707.46633333334,83314.32275,69.03001411256042,1952.8434964808694,1754.8240958301299,198.0194006507395,81222.29746374734,74021.58353625266,14599.579280499998
2026-05-07 00:00:00+00:00,81447.01,81708.32,79500.0,80006.0,16154.80338,77768.64050000001,72941.37966666667,83171.13885,62.02993735602279,1915.8887641649926,1787.0370294971026,128.85173466789,81503.97820034302,74033.302799657,14110.251102500002
2026-05-08 00:00:00+00:00,80006.0,80500.0,79181.48,80193.17,16001.31009,77993.711,73137.3965,83019.44425,62.560996691349075,1880.0330762917001,1805.6362388560224,74.39683743567775,81743.79139283701,74243.63060716298,14453.224379000001
2026-05-09 00:00:00+00:00,80193.18,81080.0,80129.85,80678.4,7548.42177,78337.5415,73316.226,82881.3479,63.96797215952749,1869.2239410486072,1818.3537792945394,50.870161754067794,81731.25568553703,74943.82731446298,14262.154351500003
2026-05-10 00:00:00+00:00,80678.41,82479.32,80279.77,82210.07,12034.31882,78655.9965,73516.52949999999,82754.56105,68.04966157279446,1961.6380494359619,1847.010633322824,114.62741611313777,82242.68901131944,75069.30398868055,14014.199775500001
2026-05-11 00:00:00+00:00,82210.07,82380.0,80462.97,81745.65,12951.76056,78926.47150000001,73703.268,82612.8984,65.62230745153425,1974.6396665549837,1872.5364399692562,102.1032265857275,82587.699499122,75265.24350087803,13916.159237499998
2026-05-12 00:00:00+00:00,81745.66,81788.0,79843.59,80504.47,12386.25676,79042.7835,73862.8425,82460.3963,59.51254620741436,1863.3115925991733,1870.6914704952396,-7.3798778960663185,82749.06456339963,75336.50243660038,13548.596463
2026-05-13 00:00:00+00:00,80504.47,81324.64,78754.65,79313.61,14810.05643,79095.59,73997.87016666666,82298.733,54.28977055692061,1659.8570435728325,1828.5245851107582,-168.66754153792567,82785.67052708117,75405.50947291883,13440.559534
2026-05-14 00:00:00+00:00,79313.61,82048.13,78922.0,81089.99,19727.86807,79278.233,74135.78266666667,82131.38595,59.93769208373118,1623.2451086539222,1787.468689819391,-164.2235811654689,82983.45752656076,75573.00847343923,13793.19578
2026-05-15 00:00:00+00:00,81090.0,81664.45,78659.0,79113.21,17351.27079,79352.6435,74206.25833333333,81956.41375,52.20711222291188,1418.3701726501895,1713.6489863855509,-295.2788137353614,82981.05248326449,75724.23451673552,14376.5036095
2026-05-16 00:00:00+00:00,79113.2,79227.77,77640.0,78148.05,12132.86192,79327.1685,74276.90316666667,81782.66175,48.89144749220273,1164.6990384859964,1603.8589968056401,-439.1599583196437,82981.8003491244,75672.5366508756,14584.9686245
2026-05-17 00:00:00+00:00,78148.05,78599.99,76735.16,77457.67,8442.7022,79331.486,74380.422,81619.84365,46.61108584164342,897.6078759529628,1462.6087726351047,-565.000896682142,82977.05806028347,75685.91393971654,14204.757525500001
2026-05-18 00:00:00+00:00,77457.67,77800.0,76051.0,77001.87,18745.51678,79364.441,74498.2865,81463.2386,45.114979711204626,641.7591545843025,1298.4388490249444,-656.6796944406419,82911.94561513152,75816.93638486849,14481.497173
2026-05-19 00:00:00+00:00,77001.88,77414.62,76144.71,76834.36,11024.85978,79417.15900000001,74603.68033333332,81299.37035,44.54904969672276,420.6317614369618,1122.8774315073479,-702.245670070386,82776.3688417782,76057.94915822183,14118.743651
2026-05-20 00:00:00+00:00,76834.36,77853.04,76516.74,77552.23,11296.26307,79477.44200000001,74747.58216666667,81136.641,47.58363011359371,299.8562624020269,958.2731976862838,-658.4169352842569,82652.2873937739,76302.59660622611,14164.466000999999
2026-05-21 00:00:00+00:00,77552.24,78200.0,76719.47,77615.52,11318.25841,79446.6615,74910.19083333334,80972.0152,47.85457430775357,206.86319321620977,807.9911967922691,-601.1280035760593,82680.62895564862,76212.69404435139,13864.6056705
2026-05-22 00:00:00+00:00,77615.52,77900.0,75359.18,75539.5,11272.36134,79289.29400000001,74987.40833333334,80816.7975,40.46565959770474,-33.96047287771944,639.6008628582715,-673.561335735991,82935.82754273336,75642.76045726666,14120.679916500001
2026-05-23 00:00:00+00:00,75539.5,77404.18,74289.6,76752.01,15086.88814,79198.466,75090.66283333332,80693.07144999999,45.73565504935304,-125.52852496976266,486.5749852926647,-612.1035102624273,82999.50288201516,75397.42911798484,14503.7346785
2026-05-24 00:00:00+00:00,76752.0,77543.15,76108.0,77064.96,8398.00156,79058.6635,75186.13666666666,80558.97045,47.03874756693525,-170.87467945819662,355.0850523424924,-525.959731800689,82956.39092536399,75160.936074636,13621.486689000001
2026-05-25 00:00:00+00:00,77064.96,77905.52,76914.25,77322.01,7672.32197,78879.488,75327.83166666668,80438.8503,48.14033191048545,-183.94959047382872,247.2781237792282,-431.2277142530569,82750.51899092835,75008.45700907164,13157.743789999999
2026-05-26 00:00:00+00:00,77322.01,78080.0,75677.97,75930.01,16953.47629,78603.638,75486.54383333333,80301.80495,42.93255305724513,-303.13991003906995,137.19451701556858,-440.3344270546385,82489.76181340689,74717.51418659312,13065.4789065
2026-05-27 00:00:00+00:00,75930.01,76174.15,74243.99,74449.3,16877.77483,78325.803,75621.08166666665,80162.48675,38.19877059209515,-511.18736941310635,7.518139729833592,-518.70550914294,82550.91485083522,74100.69114916478,13101.627478999999
2026-05-28 00:00:00+00:00,74449.31,74590.77,72582.82,73617.51,21274.02026,77997.02,75747.858,80006.9595,35.810104016170186,-734.7156367926218,-140.9286155746575,-593.7870212179644,82596.51668985037,73397.52331014964,13365.262987499998
2026-05-29 00:00:00+00:00,73617.52,74514.1,72512.49,73460.78,18686.74141,77636.139,75858.91483333333,79844.20775,35.36140126172022,-913.974471499736,-295.5377867596732,-618.4366847400627,82464.3855079924,72807.8924920076,13922.1789695
2026-05-30 00:00:00+00:00,73460.78,74143.76,73216.0,73884.38,7515.40909,77219.8545,75952.2465,79698.3347,37.6358525698934,-1010.2123109825188,-438.47269160424236,-571.7396193782765,81829.60106162832,72610.10793837169,13696.233483
2026-05-31 00:00:00+00:00,73884.38,74275.66,73400.0,73674.39,6986.45707,76816.29149999999,76044.92100000002,79558.43479999999,36.9418976533256,-1090.85127569428,-568.9484084222499,-521.9028672720301,81177.00356400473,72455.57943599526,13397.9683085
2026-06-01 00:00:00+00:00,73674.39,74092.0,70686.68,71408.9,23921.09184,76361.513,76120.03616666667,79417.0192,30.424166940129055,-1322.321447184193,-719.6230161746386,-602.6984310095544,80978.4340742864,71744.59192571361,13974.710062499998
2026-06-02 00:00:00+00:00,71408.9,71408.9,66193.0,66760.83,32858.19586,75733.874,76116.645,79277.85335,21.890607466281963,-1859.3897416884429,-947.5763612773995,-911.8133804110433,81769.75710214191,69697.99089785808,14877.117034
2026-06-03 00:00:00+00:00,66760.84,67516.0,64092.49,64142.75,30138.3065,74886.512,76064.01716666667,79120.5859,18.707682183458175,-2467.8298044289404,-1251.6270499077077,-1216.2027545212327,82281.98566854424,67491.03833145577,15397.6389555
2026-06-04 00:00:00+00:00,64142.75,64764.32,61383.56,63885.99,43577.17571,74125.15099999998,75978.21399999999,78968.70865,18.424739079081817,-2936.886721910196,-1588.6789843082054,-1348.2077376019904,82669.36835156026,65580.9336484397,16708.9342015
2026-06-05 00:00:00+00:00,63885.99,63978.0,59130.91,61056.47,55027.28807,73270.57200000001,75848.26083333332,78812.91530000001,15.620888051244435,-3496.6293584335654,-1970.2690591332776,-1526.3602993002878,83320.63520501781,63220.50879498223,18853.655509
2026-06-06 00:00:00+00:00,61056.47,61530.05,59500.0,60884.62,19795.58877,72441.91949999999,75664.2675,78652.53425,15.46693815878153,-3909.035363021001,-2358.0223199108223,-1551.0130431101788,83641.61208590466,61242.22691409531,19421.2998375
2026-06-07 00:00:00+00:00,60884.62,64234.68,60746.0,63332.01,26612.10443,71758.4265,75535.30216666666,78511.4195,26.566508678194964,-3992.3646787174803,-2684.890791672154,-1307.4738870453261,83420.49852008806,60096.35447991194,19814.62922
2026-06-08 00:00:00+00:00,63332.01,64200.0,62408.0,63085.99,23053.38624,71071.008,75390.26916666668,78393.6633,26.19417170711472,-4031.779673309109,-2954.268567999545,-1077.5111053095638,83071.1312416661,59070.884758333916,20416.055543000002
2026-06-09 00:00:00+00:00,63086.0,63526.01,60780.0,61730.0,21636.21959,70279.8965,75203.05750000001,78276.66615,24.18242934546595,-4124.884302424383,-3188.391714884513,-936.4925875398703,82549.74436221909,58010.048637780914,20933.053369
2026-06-10 00:00:00+00:00,61730.0,62857.99,60755.0,61510.99,15998.71652,69474.67,75010.85466666667,78160.5224,23.863645270782172,-4168.293179338914,-3384.3720077753933,-783.921171563521,81826.6770236052,57122.6629763948,21167.076274500003
2026-06-11 00:00:00+00:00,61510.99,63933.02,61510.99,63625.99,17380.94642,68878.9945,74892.2715,78044.50235000001,33.04321624617805,-3986.083117897724,-3504.71422979986,-481.3688880978643,81152.45119600426,56605.53780399575,21472.5055285
2026-06-12 00:00:00+00:00,63626.0,64394.44,62829.81,63580.01,16397.0524,68220.3945,74711.63850000002,77920.90235,32.95020580284475,-3801.5684188438245,-3564.085067608653,-237.48335123517154,80141.87495178501,56298.91404821498,21538.0137415
2026-06-13 00:00:00+00:00,63580.0,64762.77,63418.66,64458.01,9960.74163,67590.04699999999,74550.41283333332,77806.3426,36.618963033702805,-3543.643017376031,-3559.9966575621283,16.353640186097437,78891.29400763936,56288.799992360626,21616.150745
2026-06-14 00:00:00+00:00,64458.01,65800.0,63678.83,65746.45,13203.03375,67011.269,74399.35383333334,77682.65475,41.66344603684369,-3198.399776711798,-3487.6772813920625,289.2775046802644,77409.14365050191,56613.394349498085,21892.686334
2026-06-15 00:00:00+00:00,65746.45,67292.15,65354.0,66328.74,18559.80102,66531.2055,74252.26133333334,77557.62869999999,43.8389137295222,-2845.0105736077676,-3359.1439398352036,514.133366227436,76090.40705418713,56972.00394581286,21973.0025705
2026-06-16 00:00:00+00:00,66328.74,66992.0,65360.92,65675.01,14302.05801,66092.491,74062.31150000001,77431.55025,41.94760343005075,-2587.8663196247508,-3204.8884157931134,617.0220961683626,74936.46198300255,57248.52001699745,21844.2167295
2026-06-17 00:00:00+00:00,65675.02,66200.0,65477.5,65728.0,2240.16595,65698.0155,73896.24883333333,77306.17805,42.16540993809188,-2352.6815471921946,-3034.44704207293,681.7654948807353,73840.17538638975,57555.85561361024,20892.524014000002
