date,open,high,low,close,volume,MA20,MA60,MA200,RSI,MACD,SIGNAL,HIST,BB_UPPER,BB_LOWER,VOL_MA20
2021-06-19 00:00:00+00:00,0.7971,0.8055,0.7557,0.7582,317290687.13,,,,,0.0,0.0,0.0,,,
2021-06-20 00:00:00+00:00,0.7583,0.785,0.6968,0.7741,589364804.52,,,,100.0,0.0012683760683761536,0.00025367521367523075,0.0010147008547009228,,,
2021-06-21 00:00:00+00:00,0.7741,0.7803,0.6037,0.6067,1073284195.87,,,,55.252606255012076,-0.011106182579686652,-0.0020182963449971456,-0.009087886234689507,,,
2021-06-22 00:00:00+00:00,0.6068,0.65,0.509,0.5468,1611548012.73,,,,47.12639646433649,-0.025453131006748064,-0.0067052632773473295,-0.018747867729400736,,,
2021-06-23 00:00:00+00:00,0.5468,0.6655,0.5203,0.6383,1167774271.66,,,,57.42672881541888,-0.029104408195964382,-0.01118509226107074,-0.01791931593489364,,,
2021-06-24 00:00:00+00:00,0.6383,0.6928,0.6163,0.6731,633338243.16,,,,60.57268294638295,-0.0288573529089291,-0.014719544390642412,-0.01413780851828669,,,
2021-06-25 00:00:00+00:00,0.6731,0.6889,0.6019,0.6111,795450033.45,,,,53.051135826797506,-0.033280801297617346,-0.0184317957720374,-0.014849005525579946,,,
2021-06-26 00:00:00+00:00,0.611,0.6329,0.5814,0.6162,548990505.59,,,,53.56195532394923,-0.03596035999191605,-0.02193750861601313,-0.014022851375902916,,,
2021-06-27 00:00:00+00:00,0.6163,0.6523,0.5963,0.6484,472483880.77,,,,56.76078115061564,-0.03508126369836739,-0.024566259632483985,-0.010515004065883408,,,
2021-06-28 00:00:00+00:00,0.6483,0.6583,0.6238,0.6444,460033268.3,,,,56.242494472435524,-0.03431181487922397,-0.026515370681831983,-0.007796444197391984,,,
2021-06-29 00:00:00+00:00,0.6444,0.734,0.6417,0.7063,718445315.27,,,,62.02175087109516,-0.028380060791527884,-0.026888308703771166,-0.0014917520877567175,,,
2021-06-30 00:00:00+00:00,0.7062,0.7145,0.6477,0.7063,634287485.15,,,,62.02175087109516,-0.0234092556140848,-0.026192498085833897,0.0027832424717490964,,,
2021-07-01 00:00:00+00:00,0.7062,0.7064,0.644,0.6591,463328799.28,,,,55.535271758257,-0.023013220154673886,-0.0255566424996019,0.0025434223449280133,,,
2021-07-02 00:00:00+00:00,0.6592,0.6676,0.6329,0.6556,387562387.59,,,,55.075298492733815,-0.022719879322888437,-0.02498928986425921,0.002269410541370774,,,
2021-07-03 00:00:00+00:00,0.6557,0.6849,0.6433,0.6732,329367273.74,,,,57.00381312211491,-0.020827149277211743,-0.024156861746849716,0.003329712469637973,,,
2021-07-04 00:00:00+00:00,0.6733,0.7091,0.6655,0.696,334071078.78,,,,59.43329853646716,-0.01728809127245412,-0.022783107651970596,0.005495016379516476,,,
2021-07-05 00:00:00+00:00,0.696,0.697,0.6444,0.6526,407839477.88,,,,53.263721045017206,-0.01778041800636243,-0.021782569722848963,0.004002151716486532,,,
2021-07-06 00:00:00+00:00,0.6526,0.68,0.6511,0.6648,356111895.89,,,,54.68767746128921,-0.016990298860491526,-0.020824115550377477,0.0038338166898859508,,,
2021-07-07 00:00:00+00:00,0.6648,0.674,0.65,0.6522,284356433.42,,,,52.895197912647696,-0.017182766209333455,-0.020095845682168673,0.002913079472835218,,,
2021-07-08 00:00:00+00:00,0.6521,0.6545,0.6108,0.6215,430925669.18,0.660245,,,48.70627685100638,-0.019586747565727203,-0.019994026058880378,0.00040727849315317505,0.7612843284815374,0.5592056715184626,600792685.968
2021-07-09 00:00:00+00:00,0.6214,0.6457,0.5917,0.6369,358836803.69,0.65418,,,50.810655997296784,-0.02001850791542925,-0.019998922430190157,-1.958548523909448e-05,0.7450192558313861,0.5633407441686139,602869991.796
2021-07-10 00:00:00+00:00,0.6369,0.6489,0.612,0.6246,279711260.06,0.6467050000000001,,,49.07875763874265,-0.021109847130546977,-0.02022110737026152,-0.0008887397602854556,0.7196919981572061,0.5737180018427941,587387314.5730001
2021-07-11 00:00:00+00:00,0.6246,0.6449,0.6169,0.6364,201320995.42,0.64819,,,50.810955755402176,-0.02078300637737085,-0.020333487171683387,-0.0004495192056874625,0.7190380035004516,0.5773419964995485,543789154.5505
2021-07-12 00:00:00+00:00,0.6363,0.6575,0.6172,0.6288,356848391.96,0.65229,,,49.639720419895035,-0.020896358990952324,-0.02044606153553718,-0.0004502974554151454,0.7068006191489329,0.5977793808510672,481054173.51199996
2021-07-13 00:00:00+00:00,0.6288,0.6426,0.6086,0.6192,315648113.8,0.651335,,,48.13051069088498,-0.021512844839302936,-0.02065941819629033,-0.0008534266430126058,0.7074385212798626,0.5952314787201374,438447865.61899996
2021-07-14 00:00:00+00:00,0.6193,0.625,0.5851,0.6197,352306488.76,0.648665,,,48.218813743952936,-0.021710799907505796,-0.020869694538533424,-0.0008411053689723717,0.7054496907185378,0.5918803092814623,424396277.89900005
2021-07-15 00:00:00+00:00,0.6196,0.6269,0.5874,0.5979,339655984.05,0.648005,,,44.64975268588354,-0.023357507725528137,-0.02136725717593237,-0.001990250549595767,0.7067923277160988,0.5892176722839013,401606575.429
2021-07-16 00:00:00+00:00,0.5979,0.6211,0.5874,0.5893,282511701.89,0.64666,,,43.288506428772145,-0.025067520885226013,-0.0221073099177911,-0.0029602109674349147,0.7093948196777514,0.5839251803222486,388282635.24399996
2021-07-17 00:00:00+00:00,0.5893,0.5977,0.56,0.5821,263418042.14,0.6433450000000001,,,42.13044287470643,-0.02669596400595553,-0.023025040735423986,-0.0036709232705315446,0.7120814088384023,0.5746085911615978,377829343.3125
2021-07-18 00:00:00+00:00,0.5822,0.6016,0.571,0.5866,241849135.65,0.640455,,,43.15402851778217,-0.027308607886801006,-0.02388175416569939,-0.0034268537211016165,0.7134965080621969,0.5674134919378031,366920136.67999995
2021-07-19 00:00:00+00:00,0.5867,0.5889,0.5533,0.557,294780945.07,0.63299,,,38.34903950684827,-0.029838643885904403,-0.025073132109740395,-0.004765511776164008,0.7080765607149507,0.5579034392850494,345736918.16999996
2021-07-20 00:00:00+00:00,0.557,0.5699,0.5157,0.5284,393704657.61,0.624095,,,34.36727839317085,-0.03376230577824013,-0.026810966843440344,-0.0069513389347997875,0.7043100229071834,0.5438799770928165,333707776.793
2021-07-21 00:00:00+00:00,0.5284,0.584,0.5193,0.5719,493423679.61,0.619735,,,43.907029733464086,-0.03298155876194209,-0.028045085227140693,-0.004936473534801394,0.7013328253386691,0.5381371746613309,335212520.8095
2021-07-22 00:00:00+00:00,0.5718,0.6033,0.5609,0.592,409238764.36,0.616555,,,47.69048674516696,-0.0303905853587233,-0.028514185253457214,-0.0018764001052660843,0.697266473162122,0.535843526837878,336296339.648
2021-07-23 00:00:00+00:00,0.592,0.6101,0.5753,0.6091,359561806.43,0.61335,,,50.73490572449426,-0.026650186420489663,-0.028141385486863704,0.0014911990663740403,0.6897871506533304,0.5369128493466695,337806066.28249997
2021-07-24 00:00:00+00:00,0.6092,0.6205,0.5996,0.6085,319684922.3,0.608975,,,50.62357465689389,-0.02346383185155443,-0.02720587475980185,0.0037420429082474227,0.6753419759745006,0.5426080240254995,337086758.4585
2021-07-25 00:00:00+00:00,0.6085,0.6118,0.5906,0.6069,259034501.15,0.6066900000000001,,,50.30655404403918,-0.02082764144168725,-0.025930228096178932,0.005102586654491682,0.6699665643820834,0.5434134356179168,329646509.62200004
2021-07-26 00:00:00+00:00,0.6069,0.6793,0.6048,0.6234,803413949.18,0.6046199999999999,,,53.537891065319016,-0.017208658739464422,-0.024185914224836035,0.006977255485371613,0.6626482207206109,0.546591779279389,352011612.2865
2021-07-27 00:00:00+00:00,0.6234,0.6528,0.6121,0.6451,427078091.95,0.604265,,,57.4560448510628,-0.012446109229295899,-0.02183795322572801,0.00939184399643211,0.6612011493253622,0.5473288506746379,359147695.21299994
2021-07-28 00:00:00+00:00,0.645,0.7549,0.6308,0.7327,1172622702.04,0.6098250000000001,,,68.86912644843497,-0.0015848968298270982,-0.017787341946547828,0.01620244511672073,0.6895606350698981,0.5300893649301021,396232546.856
2021-07-29 00:00:00+00:00,0.7327,0.7665,0.697,0.7488,513356476.87,0.6154200000000001,,,70.4387458855428,0.008226992051008186,-0.012584475147036625,0.02081146719804481,0.7151634428922521,0.5156765571077481,403958530.515
2021-07-30 00:00:00+00:00,0.7488,0.7697,0.7115,0.7521,604445794.9,0.621795,,,70.76412665337777,0.016083862347377575,-0.006850807648153786,0.022934669995531363,0.7380086906736893,0.5055813093263106,420195257.257
2021-07-31 00:00:00+00:00,0.7522,0.7591,0.7367,0.746,377281828.25,0.627275,,,69.2468334172307,0.021569628393281026,-0.001166720439866824,0.02273634883314785,0.7554476004261439,0.4991023995738561,428993298.8985
2021-08-01 00:00:00+00:00,0.7461,0.7778,0.7042,0.7242,469477766.36,0.632045,,,63.96808390008692,0.02388275417405117,0.0038431744829167747,0.020039579691134395,0.7670102914641388,0.49707970853586114,434624767.61850005
2021-08-02 00:00:00+00:00,0.7242,0.774,0.715,0.738,410656081.94,0.637985,,,65.74809668620586,0.026523718769537186,0.008379283340240858,0.018144435429296328,0.7804166997722064,0.4955533002277936,439375166.0255
2021-08-03 00:00:00+00:00,0.738,0.745,0.7008,0.7136,398158150.61,0.64268,,,60.095200901026324,0.02634414722731626,0.011972256117655938,0.014371891109660324,0.7885404620862007,0.49681953791379946,441667749.1179999
2021-08-04 00:00:00+00:00,0.7136,0.7398,0.6952,0.731,330543019.03,0.649335,,,62.56685779404942,0.02729127325859848,0.015036059545844447,0.012255213712754034,0.7985233142206519,0.5001466857793481,441212100.867
2021-08-05 00:00:00+00:00,0.731,0.7389,0.701,0.7327,331894003.59,0.6565049999999999,,,62.809229870038344,0.027857924442553417,0.01760043252518624,0.010257491917367176,0.8072386123762711,0.5057713876237286,443681215.952
2021-08-06 00:00:00+00:00,0.7327,0.753,0.7219,0.7474,304988991.92,0.66477,,,64.92412073753304,0.029157062271092937,0.01991175847436758,0.009245303796725356,0.8164029133136997,0.5131370866863002,445759763.441
2021-08-07 00:00:00+00:00,0.7474,0.8189,0.7411,0.8162,589624594.72,0.67625,,,72.73799432490513,0.035330950173554476,0.02299559681420496,0.012335353359349516,0.836965518852412,0.515534481147588,463148536.39449996
2021-08-08 00:00:00+00:00,0.8163,0.8413,0.7717,0.7788,556138875.77,0.6873400000000001,,,64.3463070882439,0.03678193414074171,0.02575286427951231,0.011029069861229403,0.8441733944031055,0.5305066055968947,476216432.9295
2021-08-09 00:00:00+00:00,0.7788,0.8279,0.7596,0.817,474908832.08,0.70177,,,68.36128571799371,0.040546871047902666,0.028711665633190386,0.01183520541471228,0.8503424483206763,0.5531975516793237,480276641.65300006
2021-08-10 00:00:00+00:00,0.8169,0.8622,0.8,0.8511,503252613.21,0.71573,,,71.45181536981428,0.04575476325667105,0.03212028515788652,0.013634478098784528,0.8653324478409361,0.5661275521590639,480768088.333
2021-08-11 00:00:00+00:00,0.8511,1.0906,0.848,1.0105,1131344973.99,0.7366550000000001,,,80.86245197324014,0.06202926839736789,0.0381020818057828,0.02392718659158509,0.9235922030923756,0.5497177969076246,516873398.8145
2021-08-12 00:00:00+00:00,1.0106,1.045,0.9222,0.966,990869466.08,0.7545,,,73.57116003304961,0.07052320526375577,0.044586306497377395,0.025936898766378377,0.95683020535748,0.5521697946425199,548438781.7969999
2021-08-13 00:00:00+00:00,0.9661,1.0968,0.9501,1.0901,674407528.31,0.77858,,,79.20304511949644,0.08627403095378905,0.05292385138865973,0.03335017956512932,1.0170761182074042,0.5400838817925959,566174912.0975001
2021-08-14 00:00:00+00:00,1.0901,1.31,1.0691,1.2791,1408060485.32,0.81219,,,84.58917000734864,0.11270816468867217,0.06488071404866222,0.047827450640009955,1.122948941303384,0.501431058696616,623626211.306
2021-08-15 00:00:00+00:00,1.2788,1.35,1.2252,1.2839,1155282513.71,0.8452149999999999,,,84.69756304443791,0.13251715078080362,0.07840800139509049,0.05410914938571312,1.2051903451279684,0.48523965487203136,641219639.5325
2021-08-16 00:00:00+00:00,1.2838,1.3288,1.1432,1.1855,912003805.45,0.8722350000000001,,,73.31348726838068,0.1386772720691597,0.09046185552990435,0.048215416539255346,1.2488136784989294,0.4956563215010707,665465925.2075
2021-08-17 00:00:00+00:00,1.1855,1.2479,1.085,1.0978,893360572.36,0.89049,0.7201866666666666,,64.93620847898842,0.13492719875298098,0.09935492417451967,0.03557227457846131,1.273583241391701,0.507396758608299,651502818.7235
2021-08-18 00:00:00+00:00,1.098,1.1963,1.0501,1.1431,870414538.26,0.910205,0.7266016666666667,,67.03175910653513,0.13406515044255052,0.10629696942812585,0.027768181014424673,1.3025732682124027,0.5178367317875973,669355721.793
2021-08-19 00:00:00+00:00,1.143,1.2355,1.0895,1.2347,723276976.29,0.9343350000000001,0.7342783333333334,,70.82826050238796,0.13916907099201314,0.11287138974090331,0.02629768125110983,1.3438271160413227,0.5248428839586776,675297280.8625
2021-08-20 00:00:00+00:00,1.2347,1.2897,1.1992,1.2629,594584554.01,0.9601799999999999,0.745215,,71.90105401009522,0.14383146947387704,0.11906340568749806,0.024768063786378983,1.3838649234985827,0.5364950765014171,686162417.1505
2021-08-21 00:00:00+00:00,1.2629,1.2835,1.2,1.2158,394160040.58,0.98476,0.7563650000000001,,67.44009275720323,0.14208797575483723,0.1236683197009659,0.01841965605387133,1.4078713489378416,0.5616486510621583,682396530.8615
2021-08-22 00:00:00+00:00,1.2158,1.2557,1.1776,1.226,360176161.72,1.00916,0.76616,,67.90450242828048,0.13991642967006457,0.12691794169478562,0.012998487975278944,1.4288063053572615,0.5895136946427385,679872534.8505
2021-08-23 00:00:00+00:00,1.2258,1.3046,1.2024,1.2457,661403795.74,1.035765,0.7757033333333333,,68.82923528921138,0.13819209664444387,0.12917277268471727,0.0090193239597266,1.4444100894113374,0.6271199105886626,693034817.107
2021-08-24 00:00:00+00:00,1.2456,1.2658,1.1212,1.1353,637760055.93,1.05598,0.78444,,58.633760456143676,0.12645944716118618,0.12863010758001106,-0.0021706604188248824,1.4416758988633402,0.6702841011366597,708395668.9519999
2021-08-25 00:00:00+00:00,1.1353,1.1779,1.1073,1.1735,530858362.99,1.07802,0.7937283333333334,,60.797605136607594,0.11887336056135567,0.12667875817628,-0.007805397614924325,1.4367378255955507,0.7193021744044492,718343886.922
2021-08-26 00:00:00+00:00,1.1735,1.1866,1.0636,1.0712,569965192.92,1.09421,0.8007749999999999,,52.82793046839397,0.10341447948671512,0.12202590243836703,-0.018611422951651913,1.4194443764118423,0.7689756235881575,731592696.972
2021-08-27 00:00:00+00:00,1.0713,1.1926,1.0501,1.1918,565739468.35,1.11299,0.8098983333333333,,59.558312910656504,0.09974482075887159,0.11756968610246794,-0.017824865343596355,1.414342775995178,0.8116372240048217,730398440.6535
2021-08-28 00:00:00+00:00,1.1918,1.198,1.1329,1.1459,314618250.83,1.131345,0.8172250000000001,,56.26779133855146,0.0920715004363859,0.11247004896925154,-0.020398548532865643,1.39085587433863,0.8718341256613702,718322409.4065
2021-08-29 00:00:00+00:00,1.1458,1.1683,1.112,1.1408,313294895.0,1.147535,0.8244666666666667,,55.89825024241724,0.08460355430980737,0.10689675003736272,-0.02229319572755535,1.363295870178075,0.9317741298219249,710241712.5525
2021-08-30 00:00:00+00:00,1.1408,1.1488,1.0946,1.1002,364996870.0,1.15999,0.8318183333333333,,52.9186878611144,0.07454970985952714,0.10042734200179561,-0.025877632142268472,1.3297121953664288,0.9902678046335713,703328925.392
2021-08-31 00:00:00+00:00,1.1005,1.2441,1.0907,1.1856,709823003.3,1.168745,0.8406516666666667,,57.99107463294762,0.07263573247130739,0.09486902009569798,-0.022233287624390585,1.3241822732004787,1.0133077267995212,682252826.8575001
2021-09-01 00:00:00+00:00,1.1856,1.2384,1.158,1.2362,469917987.0,1.182255,0.850035,,60.69321937027885,0.07434488713898357,0.0907641935043551,-0.016419306365371533,1.3092179627096043,1.0552920372903958,656205252.9035
2021-09-02 00:00:00+00:00,1.2362,1.295,1.2216,1.2533,501596506.82,1.190415,0.8593233333333334,,61.59233433337272,0.076200835814354,0.08785152196635489,-0.011650686152000891,1.3135580919702783,1.0672719080297217,647564701.829
2021-09-03 00:00:00+00:00,1.2533,1.3235,1.2189,1.2907,526413570.07,1.190995,0.8699583333333334,,63.55585592096055,0.07977001684703033,0.08623522094248998,-0.006465204095459642,1.3159001075817176,1.0660898924182824,603482356.0665
2021-09-04 00:00:00+00:00,1.2906,1.2972,1.2352,1.2548,355870711.0,1.18954,0.8797916666666666,,60.36567468271004,0.07879350606810687,0.08474687796761335,-0.005953371899506482,1.3107042092368881,1.068375790763112,563511765.931
2021-09-05 00:00:00+00:00,1.2548,1.3125,1.2361,1.3076,335187953.0,1.195645,0.890715,,63.28465742189484,0.08134246763939945,0.08406599590197057,-0.0027235282625711205,1.3272354628003127,1.0640545371996875,534670973.3085
2021-09-06 00:00:00+00:00,1.3075,1.4151,1.3065,1.3894,710855257.92,1.2102249999999999,0.9035133333333333,,67.30238262285786,0.08893789374067529,0.08504037546971152,0.003897518270963768,1.3587484510102714,1.0617015489897283,525545707.5865
2021-09-07 00:00:00+00:00,1.3894,1.3922,0.9524,1.1292,1297978123.89,1.20953,0.9117183333333333,,48.95210349844301,0.07311849374890356,0.08265599912554994,-0.009537505376646382,1.3594270993715374,1.0596329006284626,546923886.868
2021-09-08 00:00:00+00:00,1.129,1.148,1.0133,1.0998,794455994.0,1.202785,0.9196383333333333,,47.38017209303592,0.05754581861291275,0.0776339630230225,-0.020088144410109754,1.359528705136763,1.046041294863237,550482837.7535
2021-09-09 00:00:00+00:00,1.0999,1.1377,1.0619,1.0868,604426508.0,1.19398,0.9271449999999999,,46.66658180799027,0.04365217491818574,0.07083760540205515,-0.027185430483869413,1.355925109219144,1.032034890780856,550974935.453
2021-09-10 00:00:00+00:00,1.0868,1.245,1.03,1.0552,901671116.0,1.1859499999999998,0.9342516666666666,,44.89650056444757,0.029748583135499995,0.06261980094874413,-0.03287121781324413,1.3583595414993044,1.0135404585006953,576350489.224
2021-09-11 00:00:00+00:00,1.0552,1.12,1.0503,1.0787,336502704.0,1.178585,0.94191,,46.521059483034634,0.020391084352649358,0.05417405762952518,-0.03378297327687582,1.356032989844913,1.001137010155087,575166816.338
2021-09-12 00:00:00+00:00,1.0788,1.1276,1.0576,1.1181,324049191.0,1.1722050000000002,0.9502166666666666,,49.2239487457896,0.015970353575742058,0.04653331681876856,-0.0305629632430265,1.3487149824372557,0.9956950175627446,558299086.1010001
2021-09-13 00:00:00+00:00,1.1181,1.1266,1.025,1.0643,510682363.0,1.168655,0.9579900000000001,,45.818626162583335,0.008033081843683565,0.038833269823751564,-0.030800187980068,1.3507584483473618,0.9865515516526382,551945201.4545
2021-09-14 00:00:00+00:00,1.0644,1.0978,1.0566,1.0963,275908113.0,1.164795,0.9664400000000001,,48.11770251388617,0.004275583115219916,0.03192173248204523,-0.027646149366825315,1.3495770930176954,0.9800129069823046,539197688.955
2021-09-15 00:00:00+00:00,1.0962,1.13,1.0784,1.1207,289063987.0,1.1672699999999998,0.9754166666666666,,49.864619345864874,0.003229388007560452,0.026183263587148276,-0.022953875579587824,1.3482583653719216,0.986281634628078,525152628.65900004
2021-09-16 00:00:00+00:00,1.1207,1.13,1.0662,1.0902,302954441.0,1.16219,0.98381,,47.70245616598876,-6.0131099665960974e-05,0.02093458464978543,-0.02099471574945139,1.3458232638712284,0.9785567361287716,512013377.2915
2021-09-17 00:00:00+00:00,1.0903,1.1025,1.0509,1.0661,297933223.0,1.1582000000000001,0.992295,,46.00498374327655,-0.004559211527269014,0.01583582541437454,-0.020395036941643553,1.3464845718586635,0.9699154281413367,511179125.9
2021-09-18 00:00:00+00:00,1.0663,1.0952,1.0562,1.0751,195352031.0,1.1549150000000001,1.0014066666666668,,46.766807737617185,-0.007314226545735325,0.011205815022352567,-0.01852004156808789,1.3465617716920903,0.9632682283079099,505281982.7
2021-09-19 00:00:00+00:00,1.0752,1.0837,1.0383,1.0483,211015299.0,1.15232,1.0093466666666666,,44.7424034505438,-0.011527252824639511,0.006659201452954152,-0.01818645427759366,1.3482183266901484,0.9564216733098515,497582904.15
2021-09-20 00:00:00+00:00,1.0483,1.0497,0.8738,0.9216,837287959.74,1.13912,1.01484,,36.662470563114056,-0.024803814691876314,0.00036659822398805823,-0.025170412915864374,1.3584463012043928,0.919793698795607,503956151.972
2021-09-21 00:00:00+00:00,0.9216,0.9593,0.8582,0.8743,632313366.81,1.121025,1.01926,,34.18082265749388,-0.038696234221000436,-0.007445968265009641,-0.03125026595599079,1.3637910015323396,0.8782589984676603,512075920.9625
2021-09-22 00:00:00+00:00,0.874,1.0094,0.8679,1.0033,606417695.0,1.108525,1.0258399999999999,,45.09610229882698,-0.03884902747919172,-0.013726580107846057,-0.025122447371345665,1.3484892296260003,0.8685607703739997,517316980.3715
2021-09-23 00:00:00+00:00,1.0033,1.017,0.9676,1.0016,409673892.0,1.0940699999999999,1.0324183333333334,,44.990214875940026,-0.03866162587259869,-0.018713589260796585,-0.019948036611802108,1.322971918733766,0.8651680812662337,511479996.46800005
2021-09-24 00:00:00+00:00,1.0016,1.0027,0.8858,0.944,605329486.0,1.07853,1.0377616666666667,,41.43978371213453,-0.042669084717887884,-0.023504688352214843,-0.01916439636567304,1.3038464361514701,0.8532135638485299,523952935.21800005
2021-09-25 00:00:00+00:00,0.9442,0.9577,0.9163,0.94,347043937.0,1.06015,1.0426766666666667,,41.19664891932412,-0.04564166261983371,-0.027932083205738617,-0.017709579414095095,1.2669341821803577,0.8533658178196423,524545734.41800004
2021-09-26 00:00:00+00:00,0.9399,0.9567,0.8915,0.9436,384081774.0,1.03786,1.0461916666666666,,41.52915241339007,-0.04716329302597555,-0.03177832516978601,-0.015384967856189542,1.1855352843234073,0.8901847156765927,508207060.22199994
2021-09-27 00:00:00+00:00,0.9436,0.9818,0.9194,0.9218,350234819.0,1.0274899999999998,1.049075,,40.05222398671529,-0.049557011514821836,-0.035334062438793175,-0.014222949076028661,1.177167077737371,0.8778129222626285,460819894.97749996
2021-09-28 00:00:00+00:00,0.9217,0.9431,0.8903,0.8928,313521537.0,1.01714,1.05142,,38.110543730062126,-0.053181070028706534,-0.03890346395677585,-0.014277606071930682,1.1738475926686354,0.8604324073313645,436773172.12749994
2021-09-29 00:00:00+00:00,0.8928,0.9941,0.8861,0.9268,459660796.0,1.00914,1.0544333333333333,,41.68024885754405,-0.05270212931988438,-0.04166319702939756,-0.011038932290486823,1.167136929084077,0.8511430709159228,429534886.5275
2021-09-30 00:00:00+00:00,0.9266,0.964,0.9217,0.9533,332911904.0,1.004045,1.0582516666666666,,44.37333555751836,-0.049612336692517967,-0.043253024962021644,-0.006359311730496323,1.162343799426903,0.8457462005730971,401096925.9275
2021-10-01 00:00:00+00:00,0.9535,1.0695,0.9443,1.0422,644378881.0,1.0022199999999999,1.0633216666666665,,52.326693335584636,-0.03953443834694581,-0.04250930763900648,0.0029748692920606723,1.1578531404296617,0.8465868595703381,416490734.77750003
2021-10-02 00:00:00+00:00,1.0422,1.0733,1.0079,1.0359,398398944.0,0.9981099999999999,1.0686933333333333,,51.76188505363512,-0.031690678237486725,-0.04034558175870254,0.008654903521215812,1.1454033793488314,0.8508166206511685,420208222.4275
2021-10-03 00:00:00+00:00,1.0359,1.0884,1.021,1.0552,410176280.0,0.997655,1.0740966666666665,,53.4206049411857,-0.02364453367038921,-0.037005372141039876,0.013360838470650664,1.1441819323366826,0.8511280676633173,415182918.27750003
2021-10-04 00:00:00+00:00,1.0552,1.0596,1.0059,1.0425,416467677.0,0.994965,1.07926,,52.149835502126514,-0.018084226289667438,-0.033221142970765394,0.015136916681097956,1.1360225949745306,0.8539074050254694,422210896.4775
2021-10-05 00:00:00+00:00,1.0429,1.088,1.038,1.0839,429469278.0,0.993125,1.0848683333333333,,55.837825332302344,-0.010219207956741139,-0.028620755967960546,0.018401548011219408,1.128416283902544,0.8578337160974562,429231161.02750003
2021-10-06 00:00:00+00:00,1.084,1.1081,1.0171,1.0765,509214129.0,0.99244,1.0892066666666664,,55.02151575475762,-0.004531011736280233,-0.023802807121624484,0.01927179538534425,1.1258844513645987,0.8589955486354014,439544145.42749995
2021-10-07 00:00:00+00:00,1.0766,1.0942,1.0423,1.0678,410868906.0,0.992525,1.0940233333333333,,54.02159402294053,-0.0007168293785257962,-0.01918561157300475,0.018468782194478953,1.1261590506757118,0.8588909493242881,445190929.5775
2021-10-08 00:00:00+00:00,1.0677,1.0927,1.0539,1.0636,335486636.0,0.9919499999999999,1.0981333333333332,,53.51596552509435,0.0019446163932592686,-0.014959565979751946,0.016904182373011216,1.1242501965229028,0.859649803477097,452197659.8275
2021-10-09 00:00:00+00:00,1.0636,1.2089,1.0565,1.1604,678027224.72,0.997555,1.1032883333333332,,62.27905855408613,0.011729571155845608,-0.009621738552632436,0.021351309708478046,1.1472803949735941,0.8478296050264058,475548256.1135
2021-10-10 00:00:00+00:00,1.1604,1.23,1.1262,1.1352,647048690.0,1.008235,1.1053666666666666,,59.15270504347685,0.017251919517919267,-0.004247006938522096,0.021498926456441365,1.1650688008848822,0.8514011991151177,466036292.6265
2021-10-11 00:00:00+00:00,1.1352,1.182,1.1017,1.1364,429676031.0,1.02134,1.1082066666666666,,59.25758878260072,0.02147766915181859,0.0008979282795460414,0.02057974087227255,1.1749870422754665,0.8676929577245333,455904425.8360001
2021-10-12 00:00:00+00:00,1.1363,1.1364,1.0634,1.1018,455399313.0,1.026265,1.1084016666666667,,54.8818336632654,0.02178356793448244,0.005075056210533321,0.016708511723949118,1.1835547488713078,0.8689752511286921,448353506.73599994
2021-10-13 00:00:00+00:00,1.1017,1.1387,1.075,1.1275,403291632.0,1.03256,1.1058750000000002,,57.39822639276122,0.023825128884609637,0.008825070745348586,0.01500005813926105,1.195377657519076,0.8697423424809239,448034393.73599994
2021-10-14 00:00:00+00:00,1.1277,1.16,1.1174,1.1336,353714419.0,1.04204,1.1033700000000002,,57.99703539417677,0.025639740695853286,0.012188004735449526,0.01345173596040376,1.2052066313925713,0.8788733686074288,435453640.386
2021-10-15 00:00:00+00:00,1.1335,1.1656,1.0914,1.1413,573654581.0,1.0521049999999998,1.1026333333333331,,58.784563598006024,0.027383499343456075,0.015227103657050836,0.012156395686405239,1.213679162228988,0.8905308377710118,446784172.58599997
2021-10-16 00:00:00+00:00,1.1415,1.1869,1.13,1.1343,339530696.0,1.0616400000000001,1.1032416666666667,,57.72496386605885,0.027879224787094037,0.017757527883059475,0.010121696904034562,1.2189266224445026,0.9043533775554977,444556618.686
2021-10-17 00:00:00+00:00,1.1343,1.1407,1.0172,1.0944,384414867.0,1.07027,1.1024299999999998,,51.97419572727653,0.0247669957211456,0.0191594214506767,0.005607574270468901,1.2143004565013926,0.9262395434986075,446265621.08599997
2021-10-18 00:00:00+00:00,1.0943,1.1064,1.0642,1.0827,321174243.0,1.079765,1.0998966666666665,,50.388955113638275,0.021113061316529125,0.019550149423847186,0.001562911892681939,1.1985754923817744,0.9609545076182259,446648256.386
2021-10-19 00:00:00+00:00,1.0827,1.1009,1.0661,1.0911,235324664.0,1.0879800000000002,1.0970333333333333,,51.5319417215112,0.01867977297882062,0.019376074134841874,-0.0006963011560212548,1.183855056192942,0.9921049438070585,435431449.78599995
2021-10-20 00:00:00+00:00,1.0911,1.1529,1.0868,1.1455,346122480.0,1.0975899999999998,1.0958616666666667,,58.241739933450184,0.020900076725871797,0.01968087465304786,0.001219202072823937,1.1741183450755328,1.0210616549244669,436091978.58599997
2021-10-21 00:00:00+00:00,1.1451,1.164,1.0851,1.0886,442288500.0,1.09991,1.0935716666666666,,50.38483139174387,0.017862422092070007,0.01931718414085229,-0.001454762048782282,1.1722813451581486,1.0275386548418513,425987459.536
2021-10-22 00:00:00+00:00,1.0885,1.1288,1.0739,1.0885,333619107.0,1.1025399999999999,1.0909516666666668,,50.37197027405443,0.01527095567422454,0.01850793844752674,-0.0032369827733021994,1.1689969454609517,1.036083054539048,422748467.686
2021-10-23 00:00:00+00:00,1.0885,1.1018,1.0763,1.0934,189644449.0,1.10445,1.0902533333333333,,51.03156307621998,0.013457459698143381,0.01749784269765007,-0.004040382999506688,1.1674613164439527,1.0414386835560472,411721876.13600004
2021-10-24 00:00:00+00:00,1.0935,1.0961,1.0522,1.0821,234286648.0,1.10643,1.0887300000000002,,49.40094890654232,0.01098184365194732,0.01619464288850952,-0.005212799236562201,1.1637631352709756,1.0490968647290244,402612824.686
2021-10-25 00:00:00+00:00,1.0821,1.1034,1.0778,1.0951,218666074.0,1.1069900000000001,1.0891283333333335,,51.327777621902136,0.009954146252198592,0.014946543561247336,-0.004992397309048744,1.1636467524660565,1.0503332475339437,392072664.486
2021-10-26 00:00:00+00:00,1.0951,1.1606,1.0905,1.1075,439499263.0,1.10854,1.0877233333333332,,53.160009975606684,0.010024706451800647,0.013962176139357999,-0.003937469687557352,1.1634444770487802,1.05363552295122,388586921.186
2021-10-27 00:00:00+00:00,1.1076,1.1248,0.9483,0.995,914728059.0,1.1049,1.0852083333333333,,38.865262275743774,0.0009913880161409594,0.011368018514714591,-0.010376630498573632,1.1770652270834088,1.0327347729165912,413779878.836
2021-10-28 00:00:00+00:00,0.9951,1.0816,0.981,1.0579,686113717.0,1.1046150000000001,1.0838266666666667,,47.38428410289564,-0.0010796322740900255,0.008878488356953668,-0.009958120631043694,1.177472100546206,1.0317578994537941,431311232.886
2021-10-29 00:00:00+00:00,1.058,1.0903,1.0409,1.0825,357777322.0,1.10072,1.0835316666666666,,50.301154436343886,-0.0007275298544804354,0.006957284714666848,-0.007684814569147283,1.1694433177313195,1.0319966822686804,415298737.75
2021-10-30 00:00:00+00:00,1.0825,1.1169,1.0611,1.0846,372223050.0,1.09819,1.0818483333333333,,50.5531593787467,-0.0002758538293794466,0.005510657005857589,-0.005786510835237036,1.1653576082646977,1.0310223917353023,401557455.75
2021-10-31 00:00:00+00:00,1.0845,1.1544,1.0689,1.1128,659007943.0,1.0970099999999998,1.0797916666666665,,53.93133977084987,0.0023307396812197734,0.004874673540930026,-0.0025439338597102526,1.1622526823482897,1.03176731765171,413024051.35
2021-11-01 00:00:00+00:00,1.1128,1.1321,1.069,1.0915,381430430.0,1.0964949999999998,1.077095,,51.0920309349178,0.0026472361390259547,0.004429186060549212,-0.0017819499215232576,1.1617409186463017,1.0312490813536979,409325607.2
2021-11-02 00:00:00+00:00,1.0916,1.1468,1.0851,1.1349,398377412.0,1.096865,1.0744983333333333,,56.15689232239049,0.0063271437781726725,0.004808777604073905,0.0015183661740987677,1.1628893068876898,1.0308406931123102,409079896.2
2021-11-03 00:00:00+00:00,1.1348,1.2363,1.1255,1.2101,838803472.0,1.10069,1.0737533333333333,,63.25714259604424,0.015137018495132049,0.006874425782285533,0.008262592712846515,1.1819010066431879,1.019478993356812,433334348.85
2021-11-04 00:00:00+00:00,1.21,1.2574,1.1604,1.2004,553456246.0,1.103645,1.0719666666666667,,61.86540059594311,0.02109305118226379,0.009718150862281186,0.011374900319982603,1.194303049284109,1.012986950715891,432324432.1
2021-11-05 00:00:00+00:00,1.2004,1.2015,1.1311,1.1581,318649692.0,1.104835,1.0681116666666666,,56.071819037710846,0.022144722932213146,0.012203465276267578,0.009941257655945567,1.1976700208703588,1.0119999791296412,431280381.9
2021-11-06 00:00:00+00:00,1.1581,1.1828,1.1,1.151,260339849.0,1.107665,1.068475,,55.1384433984319,0.022149938999185048,0.014192760020851073,0.007957178978333975,1.2024846662090727,1.0128453337909271,425076631.0
2021-11-07 00:00:00+00:00,1.1511,1.2374,1.1451,1.2198,371235010.0,1.11452,1.0704749999999998,,61.77801198209419,0.027389923792406012,0.016832192775162062,0.01055773101724395,1.2203170056287043,1.0087229943712956,427579669.35
2021-11-08 00:00:00+00:00,1.2198,1.296,1.2192,1.2815,606055941.0,1.12404,1.0737200000000002,,66.55811908897041,0.03610512642193919,0.02068677950451749,0.015418346917421704,1.25170068149591,0.9963793185040899,446116233.2
2021-11-09 00:00:00+00:00,1.2815,1.2884,1.2245,1.2571,465127517.0,1.12962,1.077085,,63.1923949560998,0.040575383451665115,0.02466450029394702,0.015910883157718096,1.2696970873483608,0.9895429126516393,452066485.05
2021-11-10 00:00:00+00:00,1.2572,1.3493,1.1174,1.1902,932520826.0,1.1347,1.0789433333333334,,54.982741230798155,0.03827857191140294,0.027387314617438204,0.010891257293964732,1.2758234353323372,0.9935765646676629,476578101.35
2021-11-11 00:00:00+00:00,1.1902,1.2544,1.1764,1.2142,475284132.0,1.1409850000000001,1.080545,,57.13423649808805,0.03795738256320469,0.0295013282065915,0.008456054356613188,1.2844945157123753,0.997475484287625,483661352.6
2021-11-12 00:00:00+00:00,1.2142,1.2332,1.1542,1.1883,446863355.0,1.14573,1.0826116666666665,,54.127781010795275,0.03520707885663099,0.030642478336599402,0.004564600520031589,1.2889074996289587,1.0025525003710412,496522297.9
2021-11-13 00:00:00+00:00,1.1884,1.2039,1.167,1.1892,240083101.0,1.151085,1.08416,,54.2179342143625,0.032722857105251135,0.031058554090329753,0.0016643030149213825,1.2923410267740834,1.0098289732259165,496812120.55
2021-11-14 00:00:00+00:00,1.1894,1.1995,1.1675,1.1879,192023307.0,1.155725,1.08528,,54.05268696889445,0.030299915766075936,0.03090682642547899,-0.0006069106594030552,1.2954080394142418,1.016041960585758,495479982.2
2021-11-15 00:00:00+00:00,1.1879,1.2198,1.1651,1.172,266793400.0,1.1589500000000001,1.0866433333333334,,51.96650019721695,0.026787925648305455,0.030083046270044288,-0.0032951206217388326,1.2969992448367635,1.0209007551632368,486844689.05
2021-11-16 00:00:00+00:00,1.172,1.1721,1.0418,1.0877,599544174.0,1.1635849999999999,1.087003333333333,,42.58260304453359,0.017006304608475853,0.027467697937730604,-0.010461393329254751,1.284461189135829,1.0427088108641707,471085494.8
2021-11-17 00:00:00+00:00,1.0877,1.113,1.0588,1.0953,383487232.0,1.1654550000000001,1.0873400000000002,,43.57189826683644,0.009755105165778044,0.023925179383340094,-0.01417007421756205,1.280762284678813,1.0501477153211873,455954170.55
2021-11-18 00:00:00+00:00,1.0953,1.17,1.015,1.0406,698664651.0,1.16336,1.0872116666666665,,38.43847600088414,-0.0004007360519002745,0.01905999629629202,-0.019460732348192296,1.2859147289989281,1.0408052710010718,472998537.0
2021-11-19 00:00:00+00:00,1.0406,1.103,1.0174,1.0892,349087574.0,1.1635900000000001,1.0900050000000001,,44.67516725592639,-0.0044761018372390105,0.014352776669585817,-0.018828878506824825,1.2855685374563934,1.0416114625436068,471841763.2
2021-11-20 00:00:00+00:00,1.0892,1.1015,1.0594,1.0965,251779916.0,1.162775,1.0937083333333333,,45.56719198743572,-0.007035706348974768,0.010075080065873699,-0.017110786414848467,1.2863079733310128,1.039242026668987,451480361.85
2021-11-21 00:00:00+00:00,1.0965,1.0974,1.0544,1.0569,228064131.0,1.161045,1.0946016666666665,,41.64460534019899,-0.012119889868437372,0.005636086079011485,-0.017755975947448856,1.2893972570896233,1.032692742910377,443812046.9
2021-11-22 00:00:00+00:00,1.0571,1.071,1.0251,1.0354,307140428.0,1.1560700000000002,1.0951650000000002,,39.64897455026214,-0.017680205846723585,0.000972827693864471,-0.018653033540588056,1.2953392370913286,1.0168007629086717,439250197.7
2021-11-23 00:00:00+00:00,1.0354,1.0715,1.0192,1.0661,341407597.0,1.14887,1.0972,,43.79099236163575,-0.019386092087868345,-0.0030989562624820924,-0.016287135825386254,1.2910798182264522,1.0066601817735479,414380403.95
2021-11-24 00:00:00+00:00,1.0662,1.0735,1.0068,1.0326,344750680.0,1.14048,1.0987433333333334,,40.52272856075723,-0.023174053193177002,-0.007113975648621074,-0.016060077544555927,1.289190249814868,0.991769750185132,403945125.65
2021-11-25 00:00:00+00:00,1.0325,1.0647,1.0215,1.0438,312211526.0,1.134765,1.1004133333333332,,42.07914280329017,-0.02498428992020596,-0.010688038502938053,-0.014296251417267907,1.2890096274591123,0.9805203725408878,403623217.35
2021-11-26 00:00:00+00:00,1.0439,1.0467,0.9108,0.9394,659982617.0,1.124185,1.1007066666666667,,33.32503431873465,-0.034446050433744935,-0.01543964088909943,-0.019006409544645504,1.3000384648507108,0.9483315351492891,423605355.75
2021-11-27 00:00:00+00:00,0.9392,0.9656,0.9336,0.9452,224846313.0,1.110455,1.1015799999999998,,34.144720876714985,-0.041003885019181396,-0.020552489715115824,-0.020451395304065572,1.2968660240838776,0.9240439759161223,416285920.9
2021-11-28 00:00:00+00:00,0.9453,0.9692,0.8825,0.9687,336336729.0,1.094815,1.1022783333333332,,37.497514724236765,-0.04379986499330779,-0.025201964770754218,-0.018597900222553573,1.2735277558402025,0.9161022441597978,402799960.3
2021-11-29 00:00:00+00:00,0.9687,1.0019,0.9631,0.9898,303393405.0,1.0814499999999998,1.1028866666666666,,40.43004693049271,-0.04380811295032072,-0.02892319440666752,-0.014884918543653203,1.2492656786477339,0.9136343213522657,394713254.7
2021-11-30 00:00:00+00:00,0.9899,1.0304,0.97,0.9983,340017409.0,1.071855,1.102155,,41.618392379937966,-0.04263727459242106,-0.03166601044381823,-0.010971264148602833,1.2355966193275227,0.9081133806724772,365088083.85
2021-12-01 00:00:00+00:00,0.9984,1.0173,0.9799,0.9899,250291608.0,1.0606399999999998,1.1013883333333334,,40.75318142213511,-0.041904141695577435,-0.03371363669417007,-0.008190505001407368,1.2142600429631472,0.9070199570368525,353838457.65
2021-12-02 00:00:00+00:00,0.9898,0.9901,0.9545,0.9716,213172250.0,1.049805,1.099995,,38.85790491675368,-0.0423120388083571,-0.03543331711700747,-0.006878721691349628,1.1962827727165426,0.9033272272834576,342153902.4
2021-12-03 00:00:00+00:00,0.9715,0.9838,0.89,0.9211,297172193.0,1.0364,1.0979716666666666,,34.13951926880139,-0.04617791787041137,-0.03758223726768825,-0.008595680602723116,1.178399169011649,0.894400830988351,345008357.0
2021-12-04 00:00:00+00:00,0.9211,0.9245,0.6,0.8449,1357965897.04,1.01925,1.0939883333333333,,28.513374015516618,-0.05475912889771417,-0.041017615593693435,-0.013741513304020736,1.166665311280744,0.8718346887192561,403305486.502
2021-12-05 00:00:00+00:00,0.8452,0.862,0.769,0.8045,518767360.0,1.0008750000000002,1.089455,,26.06116005969551,-0.0640810562963392,-0.045630303734222596,-0.018450752562116604,1.158791786631436,0.8429582133685646,415904184.502
2021-12-06 00:00:00+00:00,0.8045,0.8303,0.7485,0.8255,508644255.0,0.9877649999999999,1.0854166666666667,,29.457291514655978,-0.06897907854544616,-0.050300058696467316,-0.018679019848978844,1.1577467198995177,0.817783280100482,411359188.552
2021-12-07 00:00:00+00:00,0.8256,0.8467,0.8042,0.8154,319504545.0,0.9737699999999998,1.08128,,28.77278047853001,-0.07283617200505477,-0.05480728135818481,-0.01802889064686996,1.1519259103706578,0.7956140896293418,408160054.202
2021-12-08 00:00:00+00:00,0.8154,0.8844,0.8026,0.8622,415004580.0,0.96485,1.0763099999999999,,36.17386480240759,-0.07129473614571602,-0.058104772315691056,-0.013189963830024964,1.146557418670779,0.7831425813292209,393977050.652
2021-12-09 00:00:00+00:00,0.8623,0.9361,0.8319,0.8583,684730305.0,0.953305,1.0716949999999998,,35.83965695549614,-0.06958569396366199,-0.06040095664528524,-0.009184737318376747,1.1312444107554525,0.7753655892445475,410759187.202
2021-12-10 00:00:00+00:00,0.8583,0.8829,0.7914,0.7992,496512579.0,0.9384399999999999,1.0660749999999999,,31.14393124608823,-0.07216823135420469,-0.06275441158706914,-0.009413819767135553,1.1157173803958007,0.7611626196041993,422995820.352
2021-12-11 00:00:00+00:00,0.7992,0.8445,0.7844,0.8392,284945414.0,0.9275550000000001,1.0616983333333334,,37.14635356826896,-0.07017827368178986,-0.06423918400601329,-0.005939089675776568,1.1010960553730653,0.754013944626935,425839884.502
2021-12-12 00:00:00+00:00,0.8391,0.8572,0.8088,0.8393,224450903.0,0.9177500000000001,1.056895,,37.161101719392626,-0.06781146042070374,-0.06495363928895138,-0.0028578211317523555,1.0879370324084567,0.7475629675915434,421705408.252
2021-12-13 00:00:00+00:00,0.8394,0.8444,0.7601,0.7818,378446930.0,0.903535,1.0510316666666666,,32.446666106984125,-0.06977123395779361,-0.06591715822271983,-0.003854075735073778,1.0692163118610452,0.7378536881389549,423557374.902
2021-12-14 00:00:00+00:00,0.782,0.8214,0.7717,0.8103,352693472.0,0.8924200000000001,1.045515,,36.73109689469584,-0.06823805101439906,-0.06638133678105568,-0.0018567142333433817,1.0516780371598142,0.733161962840186,423954514.502
2021-12-15 00:00:00+00:00,0.8102,0.84,0.777,0.8262,354116180.0,0.88154,1.0403799999999999,,39.05347145558546,-0.0649908216312336,-0.06610323375109127,0.0011124121198576725,1.0270853936062443,0.7359946063937557,426049747.202
2021-12-16 00:00:00+00:00,0.8262,0.8364,0.8028,0.8051,206133176.0,0.8748250000000001,1.0355583333333334,,37.10691576553789,-0.0633892507853776,-0.06556043715794854,0.002171186372570938,1.0214611329959178,0.7281888670040824,403357275.152
2021-12-17 00:00:00+00:00,0.8053,0.8322,0.7754,0.7966,260108143.0,0.8673950000000001,1.03079,,36.3215132697277,-0.062090136865856516,-0.06486637709953014,0.0027762402336736214,1.0140736893178297,0.7207163106821706,405120366.652
2021-12-18 00:00:00+00:00,0.7967,0.8347,0.791,0.8262,170671362.0,0.8602700000000001,1.026375,,41.004408556667656,-0.0580034791013786,-0.06349379749989983,0.005490318398521238,1.000264429889179,0.7202755701108211,396837098.302
2021-12-19 00:00:00+00:00,0.8263,0.8485,0.819,0.835,163876270.0,0.85253,1.0211999999999999,,42.36150279313661,-0.05343867909671507,-0.061482773819262884,0.008044094722547815,0.9795375604048677,0.7255224395951323,389861241.552
2021-12-20 00:00:00+00:00,0.835,0.915,0.8241,0.8798,555435824.0,0.8466049999999999,1.01772,,48.81655798792456,-0.0456794918668878,-0.05832211742878787,0.012642625561900073,0.9556437541197901,0.7375662458802098,400632162.302
2021-12-21 00:00:00+00:00,0.8799,0.961,0.8527,0.9467,471318013.0,0.844445,1.0153566666666667,,56.62797461021066,-0.03374304042623244,-0.053406302028276786,0.019663261602044346,0.9432776762766041,0.7456123237233959,411683482.552
2021-12-22 00:00:00+00:00,0.9466,0.9738,0.923,0.9537,401407051.0,0.8435500000000001,1.0130283333333334,,57.36124049543685,-0.02344817915020625,-0.04741467745266268,0.02396649830245643,0.9379869948695744,0.7491130051304259,421095222.602
2021-12-23 00:00:00+00:00,0.9538,1.0167,0.9372,0.9941,479436230.0,0.8472,1.0115616666666667,,61.415678405621556,-0.011892396906593716,-0.04031022134344889,0.02841782443685517,0.957632404664555,0.7367675953354449,430208424.45199996
2021-12-24 00:00:00+00:00,0.9941,0.9966,0.8964,0.9115,567234092.0,0.85053,1.0085016666666666,,50.783300963044105,-0.009292369258104172,-0.03410665092637995,0.024814281668275776,0.9644457601036664,0.7366142398963336,390671834.2
2021-12-25 00:00:00+00:00,0.9114,0.935,0.8981,0.9252,250074945.0,0.856565,1.0054633333333334,,52.25956060438494,-0.0060565371203064045,-0.02849662816516524,0.022440091044858834,0.9728512205938269,0.7402787794061731,377237213.45
2021-12-26 00:00:00+00:00,0.9252,0.9334,0.9052,0.92,163438501.0,0.86129,1.0042133333333334,,51.62657902364658,-0.0038671354497205046,-0.023570729622076292,0.019703594172355787,0.9798014998639214,0.7427785001360786,359976925.75
2021-12-27 00:00:00+00:00,0.92,0.956,0.9141,0.9269,236282371.0,0.8668650000000001,1.00203,,52.44959817362738,-0.0015572949904327782,-0.01916804269574759,0.017610747705314813,0.9866999243751433,0.7470300756248569,355815817.05
2021-12-28 00:00:00+00:00,0.9269,0.9269,0.8456,0.8515,321266081.0,0.8663299999999999,0.99818,,43.69994283319102,-0.005744658790245105,-0.016483365914647094,0.010738707124401989,0.9863388680056449,0.746321131994355,351128892.1
2021-12-29 00:00:00+00:00,0.8516,0.8645,0.81,0.8171,306520880.0,0.86427,0.9937216666666667,,40.389479252172315,-0.01170405027112098,-0.015527502785941873,0.0038234525148208923,0.9861591972243491,0.7423808027756509,332218420.85
2021-12-30 00:00:00+00:00,0.8172,0.86,0.802,0.8386,262671659.0,0.86624,0.9891516666666667,,43.28147452180861,-0.014524609975270164,-0.015326924223807532,0.0008023142485373679,0.9850946238057077,0.7473853761942924,320526374.85
2021-12-31 00:00:00+00:00,0.8385,0.8545,0.8025,0.8297,239829934.0,0.865765,0.9847883333333333,,42.36521126945783,-0.01727889908848934,-0.015717319196743892,-0.0015615798917454488,0.9851229536520139,0.7464070463479862,318270600.85
2022-01-01 00:00:00+00:00,0.8298,0.8557,0.8297,0.8507,136976730.0,0.8663350000000001,0.9800516666666667,,45.30733721984266,-0.01756469370325109,-0.016086794098045334,-0.0014778996052057548,0.9852901726491804,0.7473798273508198,313896892.2
2022-01-02 00:00:00+00:00,0.8508,0.8667,0.8372,0.8586,129688032.0,0.870175,0.9741933333333334,,46.41551164541022,-0.016958239983155377,-0.016261083275067343,-0.0006971567080880335,0.9827542320989815,0.7575957679010186,301458947.3
2022-01-03 00:00:00+00:00,0.8586,0.8587,0.8213,0.8324,178618617.0,0.8712799999999999,0.96806,,43.28325155246946,-0.018379870373586016,-0.01668484069477108,-0.0016950296788149355,0.9819036249631892,0.7606563750368107,292755204.55
2022-01-04 00:00:00+00:00,0.8324,0.8456,0.7794,0.8228,214415744.0,0.87111,0.9624716666666667,0.9462535,42.16057204571031,-0.02005003811111894,-0.017357880178040654,-0.0026921579330782854,0.9820202862677595,0.7601997137322406,285770182.75
2022-01-05 00:00:00+00:00,0.8227,0.8372,0.7092,0.7726,370612510.0,0.8694850000000001,0.956165,0.9463255,36.787168629804924,-0.025134642029572163,-0.018913232548346957,-0.006221409481225206,0.9850700729981876,0.7538999270018125,293994149.45
2022-01-06 00:00:00+00:00,0.7725,0.7909,0.7377,0.7791,307202277.0,0.86861,0.94882,0.9463505000000001,37.89097272909423,-0.028313352882724185,-0.020793256615222404,-0.0075200962675017816,0.9866281833447554,0.7505918166552445,296348856.15
2022-01-07 00:00:00+00:00,0.779,0.7808,0.7287,0.7634,372926762.0,0.86547,0.940185,0.9471339999999999,36.244698318150405,-0.03173355821915114,-0.02298131693600815,-0.008752241283142986,0.9909409544077683,0.7399990455922316,306461626.15
2022-01-08 00:00:00+00:00,0.7634,0.7768,0.7222,0.7452,253028571.0,0.86098,0.9316533333333333,0.948126,34.37991778867264,-0.035503422135506835,-0.02548573797590789,-0.010017684159598944,0.9965145358201968,0.7254454641798032,310919241.2
2022-01-09 00:00:00+00:00,0.7452,0.7667,0.7381,0.753,151521399.0,0.8546400000000001,0.9243666666666667,0.9486995,35.90199145246174,-0.03743019959549487,-0.027874630299825287,-0.009555569295669586,0.9977131477251974,0.7115668522748028,290723519.95
2022-01-10 00:00:00+00:00,0.753,0.7589,0.6967,0.7399,313080154.0,0.8442999999999999,0.9164616666666666,0.9490335000000001,34.45644917490236,-0.0395582423394113,-0.030211352707742493,-0.009346889631668805,0.9891458076714544,0.6994541923285454,282811627.0
2022-01-11 00:00:00+00:00,0.7399,0.7768,0.7306,0.7703,254065075.0,0.83513,0.9094949999999999,0.9498294999999999,40.448706177046404,-0.03834963488989396,-0.031839009144172786,-0.006510625745721171,0.9742180311169724,0.6960419688830277,275444528.2
2022-01-12 00:00:00+00:00,0.7702,0.816,0.757,0.7987,295701910.0,0.8253600000000001,0.9029866666666667,0.9507419999999999,45.464812320673424,-0.03470016027970346,-0.032411239371278926,-0.002288920908424537,0.9444179925918279,0.7063020074081723,266257812.2
2022-01-13 00:00:00+00:00,0.7986,0.8024,0.7604,0.768,227833834.0,0.818185,0.8959883333333334,0.95134,41.404769564879004,-0.03389444472722147,-0.03270788044246744,-0.001186564284754034,0.9328274751128292,0.703542524887171,249287799.3
2022-01-14 00:00:00+00:00,0.7677,0.8,0.7513,0.7732,221104212.0,0.810585,0.8893416666666666,0.9519839999999999,42.343951499772245,-0.03246210981029429,-0.03265872631603281,0.0001966165057385172,0.9155904527155401,0.7055795472844599,247839262.65
2022-01-15 00:00:00+00:00,0.7733,0.79,0.768,0.7791,138443019.0,0.8035400000000001,0.8841983333333333,0.952348,43.45144785351906,-0.03049931624506319,-0.03222684430183889,0.0017275280567757012,0.8964461332743724,0.7106338667256279,246589488.55
2022-01-16 00:00:00+00:00,0.7791,0.7884,0.768,0.7784,125068081.0,0.796115,0.8789166666666667,0.9527085,43.34506593692943,-0.028669784919083785,-0.03151543242528787,0.0028456475062040854,0.8702358007241916,0.7219941992758084,241028774.05
2022-01-17 00:00:00+00:00,0.7785,0.7805,0.7498,0.7617,181653025.0,0.791625,0.8742683333333333,0.9532214999999999,40.77991464336541,-0.02824186396660311,-0.03086071873355092,0.002618854766947811,0.8625942292475779,0.7206557707524222,234048121.25
2022-01-18 00:00:00+00:00,0.7616,0.7686,0.7352,0.7509,188367099.0,0.788315,0.86863,0.9536979999999999,39.165664676621226,-0.02844629212102312,-0.030377833411045364,0.0019315412900222442,0.8603893858801115,0.7162406141198885,228140432.2
2022-01-19 00:00:00+00:00,0.751,0.7533,0.7231,0.7381,190555142.0,0.7832899999999999,0.8626566666666666,0.9540225,37.282037242129675,-0.029303364981368984,-0.03016293972511009,0.0008595747437411053,0.8546504063889433,0.7119295936110566,224534606.35
2022-01-20 00:00:00+00:00,0.7381,0.7622,0.7161,0.7199,205931050.0,0.7778,0.85704,0.9541419999999999,34.72477619754336,-0.031092771182706924,-0.030348906016629457,-0.0007438651660774676,0.8509069627326638,0.7046930372673363,222839662.15
2022-01-21 00:00:00+00:00,0.7199,0.7285,0.6112,0.6368,612944841.0,0.7671049999999999,0.8503966666666667,0.954063,25.966733367572402,-0.03876945386258479,-0.03203301558582052,-0.006736438276764269,0.8554249518794871,0.6787850481205128,246638067.7
2022-01-22 00:00:00+00:00,0.6368,0.6542,0.5489,0.5966,769947907.12,0.754005,0.8425716666666667,0.9537220000000001,22.951085962824465,-0.04754896930849939,-0.0351362063303563,-0.012412762978143088,0.8600903331049808,0.6479196668950192,278651061.456
2022-01-23 00:00:00+00:00,0.5966,0.6352,0.59,0.6283,331234207.0,0.7438,0.8358333333333333,0.9536024999999999,29.867782278615422,-0.051356863526141994,-0.03838033776951344,-0.012976525756628554,0.8567987787544388,0.6308012212455613,286281840.956
2022-01-24 00:00:00+00:00,0.6284,0.6286,0.5524,0.6118,513343471.0,0.73325,0.8286333333333334,0.9535539999999999,28.43683758356181,-0.05507123234593447,-0.041718516684797646,-0.013352715661136827,0.8539152974139393,0.6125847025860606,301228227.306
2022-01-25 00:00:00+00:00,0.6118,0.6243,0.5872,0.618,319618429.0,0.72552,0.8232766666666667,0.9534595,29.79785192573749,-0.05685917108114591,-0.0447466475640673,-0.01211252351707861,0.8546243391989377,0.5964156608010625,298678523.256
2022-01-26 00:00:00+00:00,0.6178,0.6586,0.6047,0.6193,466864710.0,0.71753,0.817845,0.953433,30.098043745721412,-0.057508306317210156,-0.04729897931469587,-0.010209327002514285,0.8520474501690922,0.5830125498309078,306661644.906
2022-01-27 00:00:00+00:00,0.6193,0.6247,0.5893,0.6088,292543906.0,0.7098,0.8118466666666666,0.953295,29.018706574318387,-0.058199129578317854,-0.04947900936742027,-0.008720120210897582,0.8505109235276143,0.5690890764723857,302642502.106
2022-01-28 00:00:00+00:00,0.6089,0.614,0.5916,0.6111,221009653.0,0.703095,0.8055350000000001,0.9532065,29.61413224492415,-0.05789365914666933,-0.05116193932327009,-0.006731719823399242,0.8490999379301742,0.5570900620698258,301041556.206
2022-01-29 00:00:00+00:00,0.6112,0.6255,0.6083,0.6174,154572094.0,0.696315,0.7991866666666667,0.9531975,31.313748431882658,-0.0564920095589484,-0.05222795337040575,-0.004264056188542649,0.8449897897257431,0.5476402102742569,301194090.956
2022-01-30 00:00:00+00:00,0.6175,0.6232,0.5973,0.6013,146491081.0,0.689385,0.79271,0.9531055,29.362433172719903,-0.05603439794966347,-0.052989242286257295,-0.003045155663406178,0.8421519241033341,0.536618075896666,292864637.306
2022-01-31 00:00:00+00:00,0.6012,0.6242,0.5803,0.6174,213749309.0,0.68174,0.7868066666666667,0.953203,33.804695969103946,-0.05375297121361777,-0.05314198807172939,-0.0006109831418883854,0.8328388735894272,0.5306411264105728,290848849.006
2022-02-01 00:00:00+00:00,0.6174,0.6308,0.6107,0.6284,174300620.0,0.673225,0.7819283333333333,0.9533985,36.73223375829949,-0.05047546626413901,-0.05260868371021131,0.002133217446072297,0.8159623514536177,0.5304876485463822,284778784.506
2022-02-02 00:00:00+00:00,0.6284,0.6314,0.5955,0.6006,186608762.0,0.664855,0.7778566666666668,0.953491,32.785856040957285,-0.04955006533489914,-0.05199696003514888,0.002446894700249738,0.8039669761199354,0.5257430238800646,282717530.906
2022-02-03 00:00:00+00:00,0.6006,0.6116,0.5886,0.6102,168129675.0,0.656705,0.7746183333333333,0.953609,35.36816909238394,-0.04749455104179212,-0.05109647823647753,0.0036019271946854114,0.7883718443458464,0.5250381556541536,280068804.056
2022-02-04 00:00:00+00:00,0.6101,0.6589,0.6044,0.6555,263927174.0,0.650525,0.7717849999999999,0.9541015,45.925464386628974,-0.04172918171195861,-0.04922301893157375,0.007493837219615142,0.7696365926347779,0.5314134073652221,286343011.806
2022-02-05 00:00:00+00:00,0.6557,0.6869,0.65,0.6656,310296779.0,0.644885,0.7692883333333335,0.9547875,47.9662581728101,-0.03593091022320616,-0.046564597189900234,0.010633686966694075,0.7489781366613246,0.5407918633386755,295604446.706
2022-02-06 00:00:00+00:00,0.6656,0.688,0.6589,0.6825,157303166.0,0.640925,0.7662933333333334,0.9553404999999999,51.27960672380031,-0.029630487715229803,-0.04317777529496615,0.013547287579736347,0.7321745671222233,0.5496754328777766,294386953.756
2022-02-07 00:00:00+00:00,0.6825,0.839,0.6712,0.8314,640917209.0,0.6449499999999999,0.7658450000000001,0.9565374999999999,69.62931937703353,-0.012478527200829759,-0.03703792567613887,0.024559398475309115,0.7594005395356141,0.5304994604643857,317014459.256
2022-02-08 00:00:00+00:00,0.8314,0.9142,0.8034,0.8763,1048879447.0,0.65186,0.76713,0.9578735,72.9390853085692,0.004683590321287956,-0.028693622476653507,0.033377212797941466,0.7997691396770101,0.5039508603229899,359930674.506
2022-02-09 00:00:00+00:00,0.8763,0.9168,0.8413,0.8697,626331950.0,0.65935,0.7676383333333333,0.9591795000000001,71.70212136853607,0.0175498238178613,-0.019444933217750544,0.03699475703561184,0.8331823272581754,0.48551767274182456,380950719.506
2022-02-10 00:00:00+00:00,0.8699,0.8975,0.821,0.8253,495010890.0,0.668775,0.767405,0.9602715,63.85652879337816,0.023888327852864766,-0.010778281003627483,0.03466660885649225,0.8565741892953576,0.48097581070464246,375054021.956
2022-02-11 00:00:00+00:00,0.8253,0.8339,0.75,0.7591,482432190.0,0.6769000000000001,0.7670266666666666,0.96095,54.31396714373639,0.023301248930398977,-0.003962375016822191,0.027263623947221167,0.8655646442765408,0.48823535572345933,360678236.1
2022-02-12 00:00:00+00:00,0.759,0.8532,0.7465,0.8223,477906804.0,0.6866000000000001,0.7672266666666666,0.961836,60.39835227035593,0.027617340954901315,0.00235356817752251,0.025263772777378804,0.8840179019237968,0.48918209807620344,368011865.95
2022-02-13 00:00:00+00:00,0.8223,0.8476,0.792,0.8057,351589704.0,0.696295,0.766885,0.962201,58.2056771565927,0.029359950478885732,0.0077548446377951556,0.02160510584109058,0.8970829724983396,0.4955070275016605,359924177.6
2022-02-14 00:00:00+00:00,0.8057,0.8127,0.7791,0.8012,304006647.0,0.7054549999999999,0.76682,0.962463,57.59526234011005,0.030031682151763772,0.012210212140588879,0.017821470011174893,0.9078288567601904,0.5030811432398095,359143588.5
2022-02-15 00:00:00+00:00,0.8012,0.8599,0.7961,0.8515,279317316.0,0.7170650000000001,0.7677350000000001,0.96296,62.348428365205955,0.03422826187095007,0.016613822086661116,0.017614439784288956,0.924904604262504,0.5092253957374961,349766218.8
2022-02-16 00:00:00+00:00,0.8514,0.8532,0.8086,0.8366,252745706.0,0.7284550000000001,0.7679083333333333,0.9634129999999999,60.195949770576775,0.035937510803407235,0.02047855983001034,0.015458950973396897,0.936281451396338,0.5206285486036621,347776308.8
2022-02-17 00:00:00+00:00,0.8367,0.8448,0.7535,0.769,375190546.0,0.7363500000000001,0.7668083333333333,0.963637,51.50772907304095,0.031474529074666635,0.0226777536789416,0.008796775395725036,0.9376379777830623,0.5350620222169378,355485353.45
2022-02-18 00:00:00+00:00,0.7689,0.8055,0.756,0.784,417945743.0,0.74468,0.7652116666666667,0.963867,53.1244648842427,0.028815788072665716,0.023905360557686425,0.00491042751497929,0.9392656582587594,0.5500943417412406,368654035.9
2022-02-19 00:00:00+00:00,0.7841,0.8547,0.7696,0.8215,492929500.0,0.75569,0.7631249999999999,0.9644065,56.98551921102215,0.029395796825255727,0.025003447811200286,0.004392349014055441,0.9412900959051338,0.5700899040948662,385975956.85
2022-02-20 00:00:00+00:00,0.8215,0.8234,0.7643,0.7769,495454770.0,0.7636649999999999,0.7601783333333334,0.964636,51.54733215992681,0.02595739004366382,0.025194236257692994,0.0007631537859708257,0.9381876091370255,0.5891423908629744,400061229.9
2022-02-21 00:00:00+00:00,0.7769,0.802,0.6953,0.7018,621650777.0,0.767335,0.7553066666666667,0.9644815,43.94288032173932,0.016976787692916107,0.023550746544737617,-0.0065739588518215104,0.9331975849912965,0.6014724150087035,422428737.75
2022-02-22 00:00:00+00:00,0.7018,0.7266,0.6686,0.7209,597541290.0,0.77335,0.75213,0.964349,46.11992829441002,0.011270882287710227,0.021094773693332142,-0.009823891405621916,0.9224701059548817,0.6242298940451183,442975364.15
2022-02-23 00:00:00+00:00,0.7209,0.7441,0.6924,0.6967,438023003.0,0.777675,0.7483216666666668,0.9637514999999999,43.79896765024138,0.004741516146449576,0.01782412218395563,-0.013082606037506054,0.9118891702652712,0.6434608297347288,456470030.55
2022-02-24 00:00:00+00:00,0.6967,0.7226,0.6215,0.6963,986343826.0,0.779715,0.7445933333333333,0.963339,43.75976788453058,-0.00046002731062277924,0.014167292285039948,-0.014627319595662727,0.9075266939094199,0.6519033060905802,492590863.15
2022-02-25 00:00:00+00:00,0.6962,0.7807,0.6826,0.7699,557343038.0,0.78493,0.7419766666666666,0.9631035,52.23135905332206,0.0013411569017633962,0.011602065208384638,-0.010260908306621241,0.9017283921122003,0.6681316078877997,504943176.1
2022-02-26 00:00:00+00:00,0.7698,0.7955,0.7403,0.7508,520451349.0,0.7883450000000001,0.7402983333333334,0.962602,50.12136602803072,0.0012134105507637383,0.009524334276860457,-0.008310923726096719,0.8966492284492871,0.6800407715507131,523100585.25
2022-02-27 00:00:00+00:00,0.7508,0.7677,0.7032,0.7215,441252224.0,0.78285,0.738705,0.961157,46.98566933552588,-0.0012378255994583975,0.0073719023015966865,-0.008609727901055084,0.8929950407417205,0.6727049592582796,513117336.0
2022-02-28 00:00:00+00:00,0.7216,0.7938,0.7075,0.7809,444617964.0,0.77808,0.7377433333333333,0.9602315,53.35662553590036,0.0015942580503613968,0.0062163734513496285,-0.004622115400988232,0.8795447643273032,0.6766152356726968,482904261.85
2022-03-01 00:00:00+00:00,0.7809,0.8039,0.7574,0.7839,392126769.0,0.77379,0.7369799999999999,0.9587005,53.65952001517882,0.004034275063178994,0.005779953773715502,-0.0017456787105365086,0.8662530282869598,0.6813269717130401,471194002.8
2022-03-02 00:00:00+00:00,0.784,0.7848,0.7562,0.7687,377602100.0,0.77096,0.7356133333333333,0.9561485000000001,51.823264231592326,0.004687459046860409,0.005561454828344484,-0.0008739957814840743,0.8603574362048212,0.6815625637951788,465323563.3
2022-03-03 00:00:00+00:00,0.7688,0.7897,0.7336,0.7515,339295156.0,0.77058,0.7338283333333333,0.9534865,49.748650537901575,0.0037737147714328456,0.005203906816962156,-0.0014301920455293106,0.860240082533952,0.6809199174660481,458166711.6
2022-03-04 00:00:00+00:00,0.7514,0.755,0.6942,0.7127,382831997.0,0.7651,0.7318333333333332,0.9511224999999999,45.339294243545524,-8.034373235155101e-05,0.004147056707099415,-0.004227400439450966,0.8548431668707707,0.6753568331292293,453412971.25
2022-03-05 00:00:00+00:00,0.7127,0.7693,0.7049,0.754,358200609.0,0.7625149999999999,0.7306866666666667,0.9494035000000001,50.3806565641169,0.00019559725451079313,0.003356764816581691,-0.003161167562070898,0.8503903497859038,0.6746396502140961,453743516.5
2022-03-06 00:00:00+00:00,0.7539,0.7589,0.7211,0.7251,304732286.0,0.75871,0.7298950000000001,0.9473135,47.1065948404203,-0.0018958517985686596,0.002306241493551621,-0.004202093292120281,0.8461447505285793,0.6712752494714207,453779798.45
2022-03-07 00:00:00+00:00,0.7252,0.7544,0.7033,0.7197,496407111.0,0.75212,0.7289049999999999,0.9447385,46.4985397141449,-0.003943615566097347,0.0010562700816218276,-0.004999885647719174,0.8299241284251344,0.6743158715748656,464634288.2
2022-03-08 00:00:00+00:00,0.7196,0.7313,0.7135,0.7207,293749434.0,0.7463249999999999,0.7281933333333332,0.9420274999999999,46.635912672853564,-0.005423275320530441,-0.0002396389988086261,-0.005183636321721814,0.8148029051957251,0.6778470948042747,466684474.6
2022-03-09 00:00:00+00:00,0.7208,0.775,0.7199,0.7658,397032109.0,0.746165,0.7285366666666667,0.9397775,52.55297117390925,-0.002923028400835248,-0.0007763168792139505,-0.0021467115216212973,0.8144449026068046,0.6778850973931954,467776552.75
2022-03-10 00:00:00+00:00,0.7659,0.7797,0.7215,0.7361,397850898.0,0.74377,0.728255,0.9373279999999999,48.72169256564245,-0.0033000653908080713,-0.0012810665815327748,-0.0020189988092752962,0.8098999054890803,0.6776400945109198,466771810.5
2022-03-11 00:00:00+00:00,0.7361,0.814,0.725,0.8029,526984782.0,0.74284,0.729305,0.935114,56.41763710385652,0.0017709177696497713,-0.0006706697112962656,0.0024415874809460367,0.8049736108720125,0.6807063891279874,468474574.6
2022-03-12 00:00:00+00:00,0.8028,0.849,0.7783,0.7857,589059126.0,0.74328,0.7295616666666668,0.933366,54.16354331213284,0.004351649103117805,0.0003337940515865485,0.0040178550515312566,0.806487518540081,0.680072481459919,473154792.4
2022-03-13 00:00:00+00:00,0.7857,0.8057,0.7508,0.7602,311279578.0,0.7462,0.72892,0.9312995000000001,50.91562859847743,0.004289810129588734,0.0011249972671869856,0.003164812862401748,0.8068153775868361,0.6855846224131639,457636232.45
2022-03-14 00:00:00+00:00,0.7602,0.7779,0.745,0.7748,326606464.0,0.748895,0.7290333333333333,0.9298175000000001,52.66575867516048,0.00535714643090246,0.0019714270999300803,0.0033857193309723794,0.8095641511395598,0.6882258488604401,444089491.15
2022-03-15 00:00:00+00:00,0.7747,0.7768,0.7413,0.7657,243756136.0,0.752345,0.7289083333333334,0.9276869999999999,51.4347615310951,0.0054064025481038724,0.002658422189564839,0.0027479803585390332,0.8084231053531127,0.6962668946468874,434376147.8
2022-03-16 00:00:00+00:00,0.7658,0.7945,0.7569,0.7919,350641035.0,0.757125,0.7291216666666667,0.9259169999999999,54.71656553756961,0.007473410588098028,0.003621419869271477,0.0038519907188265512,0.8094515850213339,0.7047984149786662,402591008.25
2022-03-17 00:00:00+00:00,0.7919,0.802,0.783,0.7935,264101320.0,0.758305,0.7293733333333333,0.9241805000000001,54.91692231891942,0.009135329587089402,0.004724201812835062,0.00441112777425434,0.8127521294008682,0.7038578705991319,387928922.35
2022-03-18 00:00:00+00:00,0.7936,0.8007,0.7762,0.7965,222661984.0,0.76059,0.7299533333333332,0.922662,55.316132309191076,0.010572612796132974,0.005893884009494645,0.004678728786638329,0.8173712609933499,0.7038087390066501,373039454.1
2022-03-19 00:00:00+00:00,0.7964,0.8268,0.7915,0.8194,248947590.0,0.7654850000000001,0.7310949999999999,0.9208310000000001,58.348080500993134,0.013404984395285258,0.007396104086652768,0.00600888030863249,0.8247672494512058,0.7062027505487943,363424222.4
2022-03-20 00:00:00+00:00,0.8195,0.822,0.795,0.8057,185090508.0,0.766725,0.7322216666666667,0.9186785,55.90417165233155,0.014378438105216218,0.008792570890365458,0.00558586721485076,0.8282405224312936,0.7052094775687063,350447849.6
2022-03-21 00:00:00+00:00,0.8057,0.8549,0.7875,0.8373,316427663.0,0.7693949999999999,0.7341783333333333,0.9165984999999999,60.05965408865816,0.017498056389575578,0.010533667990207482,0.006964388399368096,0.8378991159347016,0.7008908840652983,346662894.3
2022-03-22 00:00:00+00:00,0.8372,0.8653,0.8273,0.8366,305184306.0,0.77279,0.7375083333333333,0.914328,59.92493561224335,0.01968695326319536,0.012364325044805058,0.0073226282183903035,0.8472877556708596,0.6982922443291404,343042004.6
2022-03-23 00:00:00+00:00,0.8366,0.846,0.8171,0.8376,235024475.0,0.777095,0.7415249999999999,0.912242,60.06275460962406,0.02125732029223415,0.014142924094290878,0.007114396197943271,0.855994923320591,0.6981950766794089,337828470.55
2022-03-24 00:00:00+00:00,0.8376,0.85,0.8272,0.8428,282122073.0,0.7836000000000001,0.7451000000000001,0.909918,60.81735433216278,0.02266023098117076,0.015846385471666856,0.006813845509503903,0.8616386058306736,0.7055613941693265,332792974.35
2022-03-25 00:00:00+00:00,0.8428,0.8459,0.8185,0.8239,214450998.0,0.7870950000000001,0.7486349999999999,0.9070905,56.62920513814486,0.021993448974141905,0.017075798172161864,0.0049176508019800405,0.8657763186213557,0.7084136813786445,325605493.8
2022-03-26 00:00:00+00:00,0.8239,0.8349,0.8206,0.8327,122433652.0,0.7924749999999999,0.7522133333333334,0.905608,58.0768243706925,0.02192239812562491,0.018045118162854475,0.0038772799627704337,0.8681206178505758,0.716829382149424,316490562.1
2022-03-27 00:00:00+00:00,0.8326,0.8582,0.8275,0.858,198619688.0,0.79939,0.7561916666666666,0.904399,62.003484119780154,0.023635137225782366,0.019163121975440053,0.004472015250342312,0.8723999691822664,0.7263800308177337,301601190.95
2022-03-28 00:00:00+00:00,0.8579,0.93,0.8528,0.8641,479199201.0,0.8065599999999999,0.7604466666666666,0.9032855,62.905618490863134,0.02519429022760633,0.02036935562587331,0.0048249346017330205,0.8752904415815552,0.7378295584184447,310873679.3
2022-03-29 00:00:00+00:00,0.864,0.8857,0.8389,0.8577,264756291.0,0.811155,0.7645566666666667,0.9022979999999999,61.26217532268432,0.025618193118179478,0.021419123124334544,0.004199069993844933,0.8806546539559418,0.7416553460440581,304259888.4
2022-03-30 00:00:00+00:00,0.8576,0.8718,0.8455,0.8613,201046259.0,0.8174149999999999,0.7686216666666666,0.901211,61.86569071137889,0.025945545033948414,0.022324407506257322,0.003621137527691092,0.8810522933113575,0.7537777066886423,294419656.45
2022-03-31 00:00:00+00:00,0.8613,0.8737,0.7794,0.8148,366939277.0,0.8180099999999999,0.77218,0.8996945000000001,50.84650794783034,0.022196939896343526,0.02229891398427456,-0.00010197408793103518,0.881314972948385,0.7547050270516148,286417381.2
2022-04-01 00:00:00+00:00,0.8149,0.8343,0.807,0.8277,254001232.0,0.82011,0.775685,0.8985115,53.32997821381972,0.020036101798261652,0.02184635154707198,-0.0018102497488103296,0.8817530985593343,0.7584669014406658,269664486.5
2022-04-02 00:00:00+00:00,0.8277,0.8499,0.8185,0.824,210041825.0,0.8232999999999999,0.778945,0.8971499999999999,52.51048137215353,0.017819649136821325,0.02104101106502185,-0.003221361928200526,0.8784756468017897,0.7681243531982102,264602598.85
2022-04-03 00:00:00+00:00,0.824,0.8519,0.8143,0.8432,159520162.0,0.8267200000000001,0.7829883333333333,0.8957625,56.266074428222744,0.017411663158350077,0.020315141483687498,-0.002903478325337421,0.8777721145497023,0.775667885450298,256248283.75
2022-04-04 00:00:00+00:00,0.8432,0.844,0.8041,0.826,216740017.0,0.829735,0.786585,0.8944415000000001,52.277587277277355,0.015521512740364507,0.019356415735022902,-0.003834902994658395,0.8724593853085795,0.7870106146914205,254897477.8
2022-04-05 00:00:00+00:00,0.8261,0.8366,0.8145,0.8164,174779509.0,0.8309599999999999,0.7892666666666667,0.893193,50.14118211359251,0.013097930358861642,0.01810471865979065,-0.005006788300929009,0.870566029843901,0.7913539701560989,246104401.5
2022-04-06 00:00:00+00:00,0.8164,0.8184,0.7555,0.7595,348686323.0,0.82926,0.7908316666666667,0.891615,39.76770546692044,0.006510816751030379,0.0157859382780386,-0.009275121527008219,0.8771946805558977,0.7813253194441023,250333651.65
2022-04-07 00:00:00+00:00,0.7594,0.7911,0.7523,0.7871,196211648.0,0.82879,0.7925749999999999,0.890309,45.64223212354068,0.0034774848161081007,0.0133242475856525,-0.009846762769544399,0.8781630655316838,0.7794169344683163,249011134.85
2022-04-08 00:00:00+00:00,0.787,0.7944,0.7463,0.7549,210639194.0,0.8255649999999999,0.7912999999999999,0.8894755,40.65981235475822,-0.0015073477234019972,0.010357928523841601,-0.011865276247243598,0.8844751782376855,0.7666548217623143,247095715.05
2022-04-09 00:00:00+00:00,0.755,0.7668,0.7531,0.7622,102131244.0,0.8233900000000001,0.7893983333333332,0.8889150000000001,42.20027400179641,-0.004813329368620334,0.007323676945349215,-0.012137006313969549,0.8880087867419054,0.7587712132580947,242947751.85
2022-04-10 00:00:00+00:00,0.7623,0.7731,0.7524,0.7543,123028708.0,0.8192400000000001,0.787475,0.88767,40.96101633804931,-0.007978832602126174,0.004263175035854138,-0.012242007637980312,0.890110907994718,0.7483690920052821,233277804.1
2022-04-11 00:00:00+00:00,0.7543,0.7558,0.6802,0.6948,354459252.0,0.8121499999999999,0.7853,0.8861359999999999,33.08140426602917,-0.015114439607270325,0.00038765210722924593,-0.01550209171449957,0.9007976282818421,0.7235023717181578,235741551.4
2022-04-12 00:00:00+00:00,0.6949,0.734,0.6924,0.7152,263088987.0,0.80603,0.7845683333333333,0.884992,37.519307537389764,-0.0189054201428418,-0.0034709623427849634,-0.015434457800056837,0.9032868989840596,0.7087731010159405,237144777.0
2022-04-13 00:00:00+00:00,0.7151,0.7252,0.7017,0.7232,217937566.0,0.8000499999999999,0.7829166666666667,0.883908,39.22156417086219,-0.021021938566519238,-0.006981157587531818,-0.01404078097898742,0.9021167330720223,0.6979832669279775,233935551.65
2022-04-14 00:00:00+00:00,0.7232,0.7413,0.7083,0.7262,239629937.0,0.795165,0.7815916666666667,0.882821,39.883007134277186,-0.022201297005964404,-0.010025185471218336,-0.012176111534746068,0.9014625310155198,0.6888674689844803,235194498.6
2022-04-15 00:00:00+00:00,0.7262,0.7975,0.7261,0.7858,439676502.0,0.7928200000000001,0.781335,0.8821410000000001,51.23688060022797,-0.018117873595205225,-0.011643723096015714,-0.006474150499189511,0.8977625290337304,0.6878774709662697,251056641.1
2022-04-16 00:00:00+00:00,0.7859,0.7999,0.7658,0.7808,206493032.0,0.78896,0.7801566666666666,0.881581,50.37729316633106,-0.015110999144095305,-0.012337178305631634,-0.0027738208384636715,0.8896205463922946,0.6882994536077054,251450308.3
2022-04-17 00:00:00+00:00,0.7808,0.7861,0.7477,0.7519,188468510.0,0.7833499999999999,0.778745,0.8807065000000001,45.613893292053824,-0.014888393814660339,-0.012847421407437375,-0.002040972407222964,0.879016828106691,0.6876831718933087,236913773.75
2022-04-18 00:00:00+00:00,0.7519,0.7699,0.7266,0.7699,257757252.0,0.77896,0.77876,0.8797895,48.85746714481389,-0.013108422188297886,-0.012899621563609479,-0.0002088006246884072,0.8684342957502048,0.6894857042497952,236563821.8
2022-04-19 00:00:00+00:00,0.7698,0.786,0.7588,0.7749,199132020.0,0.77464,0.7786083333333333,0.878453,49.75390526413603,-0.011165613396267093,-0.012552819930141002,0.0013872065338739088,0.8557468529780009,0.6935331470219991,236468109.85
2022-04-20 00:00:00+00:00,0.7749,0.7753,0.742,0.7517,220246970.0,0.771485,0.777445,0.8770320000000001,45.74704842556735,-0.011366938548991956,-0.012315643653911194,0.0009487051049192376,0.8509909060698952,0.6919790939301047,229133494.5
2022-04-21 00:00:00+00:00,0.7517,0.7686,0.718,0.7328,241310449.0,0.76674,0.7767099999999999,0.87542,42.72814518132666,-0.012902826477206752,-0.012433080218570305,-0.0004697462586364474,0.8435411041586964,0.6899388958413035,228498955.35
2022-04-22 00:00:00+00:00,0.7328,0.7387,0.7142,0.7179,220757625.0,0.761435,0.7769783333333333,0.873797,40.46123458243167,-0.01514772070612469,-0.012976008316081183,-0.002171712390043507,0.8363160062699138,0.6865539937300862,229034745.35
2022-04-23 00:00:00+00:00,0.7178,0.7267,0.7023,0.7057,163036743.0,0.75456,0.776725,0.8719060000000001,38.652972022093785,-0.01770713674637525,-0.013922234002139999,-0.003784902744235253,0.8231331550972738,0.6859868449027262,229210574.4
2022-04-24 00:00:00+00:00,0.7057,0.7119,0.6944,0.6981,144945400.0,0.748165,0.7767483333333334,0.8700140000000001,37.52781261213054,-0.020116854307866472,-0.015161158063285295,-0.004955696244581177,0.8126282073356164,0.6837017926643836,225620843.55
2022-04-25 00:00:00+00:00,0.698,0.6998,0.6451,0.6931,399434752.0,0.742,0.776695,0.8681405,36.769479975221714,-0.022174418160227027,-0.01656381008267364,-0.005610608077553387,0.8026523206480558,0.6813476793519442,236853605.7
2022-04-26 00:00:00+00:00,0.6931,0.7065,0.6276,0.642,355964613.0,0.736125,0.7745633333333333,0.8660325,30.079652851853112,-0.027610122965806227,-0.018773072659300158,-0.00883705030650607,0.81014791199348,0.66210208800652,237217520.2
2022-04-27 00:00:00+00:00,0.642,0.663,0.6361,0.6522,277994630.0,0.72938,0.7729199999999999,0.8634915000000001,32.711334065783646,-0.03074054555746175,-0.021166567238932475,-0.009573978318529276,0.8080336864997083,0.6507263135002918,241306669.3
2022-04-28 00:00:00+00:00,0.6522,0.6577,0.6333,0.6428,242145728.0,0.723775,0.7716083333333333,0.8610295000000001,31.53342121026668,-0.03359269379243435,-0.02365179254963285,-0.009940901242801496,0.8099707278523378,0.6375792721476621,242881996.0
2022-04-29 00:00:00+00:00,0.6428,0.6464,0.5992,0.6116,322263629.0,0.716245,0.7687866666666666,0.8584054999999999,27.937472841839437,-0.037933349033026253,-0.026508103846311533,-0.01142524518671472,0.8133235759062946,0.6191664240937055,253888615.25
2022-04-30 00:00:00+00:00,0.6115,0.6288,0.5663,0.5845,354754733.0,0.707755,0.7654633333333334,0.855819,25.244631471585507,-0.043063681782401386,-0.029819219433529505,-0.013244462348871881,0.8187398723925656,0.5967701276074344,265474916.5
2022-05-01 00:00:00+00:00,0.5845,0.6125,0.576,0.607,279653905.0,0.703365,0.7627683333333334,0.8532165,31.176082541193352,-0.044797547249491254,-0.03281488499672186,-0.011982662252769394,0.822685162168822,0.584044837831178,261734649.15
2022-05-02 00:00:00+00:00,0.607,0.6312,0.5984,0.6143,332748235.0,0.69832,0.7604816666666667,0.8506199999999999,33.03263323792147,-0.0450631393134564,-0.03526453586006877,-0.009798603453387629,0.8235956736162051,0.573044326383795,265217611.55
2022-05-03 00:00:00+00:00,0.6143,0.628,0.5961,0.6047,284044788.0,0.692395,0.7586816666666667,0.847937,31.817115543426908,-0.0455234961805121,-0.03731632792415744,-0.00820716825635466,0.8234778360236146,0.5613121639763854,268522972.65
2022-05-04 00:00:00+00:00,0.6047,0.65,0.6039,0.6459,345607731.0,0.68838,0.75688,0.845495,41.7275371389441,-0.04207877866973797,-0.03826881807327355,-0.0038099605964644206,0.8199931847498334,0.5567668152501666,273821862.35
2022-05-05 00:00:00+00:00,0.646,0.6572,0.5801,0.5981,446938464.0,0.678995,0.7547633333333333,0.8430135,35.31423217364902,-0.04271350109098626,-0.03915775467681609,-0.003555746414170169,0.8082299871358125,0.5497600128641875,274184960.45
2022-05-06 00:00:00+00:00,0.5981,0.6164,0.5875,0.6022,363872112.0,0.670065,0.7528050000000001,0.8406110000000001,36.21972737757267,-0.04239696166500162,-0.0398055960744532,-0.002591365590548421,0.794521197515405,0.5456088024845951,282053914.45
2022-05-07 00:00:00+00:00,0.6022,0.6044,0.5692,0.5808,243420987.0,0.66151,0.7504733333333334,0.8380595,33.57766814826243,-0.04337292693905903,-0.04051906224737437,-0.0028538646916846586,0.7858114384470001,0.537208561553,284801538.3
2022-05-08 00:00:00+00:00,0.5808,0.5833,0.5572,0.5662,335981906.0,0.6513249999999999,0.7471466666666665,0.835163,31.86962778549777,-0.04480796609179283,-0.04137684301625806,-0.003431123075534767,0.7717535327486521,0.5308964672513478,288712771.0
2022-05-09 00:00:00+00:00,0.5663,0.5789,0.47,0.4873,841979616.33,0.6369450000000001,0.7430000000000001,0.8321565000000001,24.589925216727053,-0.05171566951810225,-0.0434446083166269,-0.008271061201475347,0.7634462960407639,0.5104437039592363,320855150.8165
2022-05-10 00:00:00+00:00,0.4872,0.5371,0.4722,0.513,900790302.0,0.62501,0.7381683333333334,0.829279,30.184049404202085,-0.05448819306272534,-0.045653325265846596,-0.008834867796878747,0.750992267006086,0.4990277329939139,354882317.4165
2022-05-11 00:00:00+00:00,0.513,0.5253,0.3646,0.4172,1598443681.35,0.6092299999999999,0.7320266666666666,0.825898,23.257919116574726,-0.06368161529212824,-0.049258983271102924,-0.014422632021025311,0.7547935957236303,0.46366640427636957,422738979.03400004
2022-05-12 00:00:00+00:00,0.4172,0.4296,0.3361,0.3856,1567507931.5,0.592615,0.7257833333333333,0.8224155000000001,21.505011269594476,-0.07267952028334579,-0.0539430906735515,-0.01873642960979429,0.7591225646929959,0.4261074353070041,490076494.359
2022-05-13 00:00:00+00:00,0.3856,0.4659,0.3813,0.4228,698396767.0,0.57847,0.7199166666666666,0.819054,28.351039186625258,-0.07593338293705354,-0.05834114912625191,-0.017592233810801633,0.7520621323101713,0.40487786768982886,516844495.559
2022-05-14 00:00:00+00:00,0.4229,0.441,0.3955,0.4262,442845171.0,0.564875,0.7142583333333333,0.8156475000000001,28.960877886332312,-0.07734614276047636,-0.0621421478530968,-0.015203994907379552,0.7414249801755632,0.38832501982443685,531739484.109
2022-05-15 00:00:00+00:00,0.4262,0.45,0.4149,0.4481,267739238.0,0.552625,0.7085283333333333,0.8129130000000001,32.9212838684721,-0.0758245597986511,-0.06487863024220766,-0.01094592955644344,0.7258548920509724,0.37939510794902764,525154708.40900004
2022-05-16 00:00:00+00:00,0.4481,0.4481,0.4087,0.4231,433909248.0,0.54168,0.7023550000000001,0.809739,30.809691658700658,-0.07576264084225087,-0.06705543236221631,-0.008707208480034562,0.7185618543547964,0.36479814564520374,529051940.15900004
2022-05-17 00:00:00+00:00,0.4231,0.4403,0.417,0.438,376428299.0,0.53097,0.69638,0.8065165000000001,33.54551788528032,-0.07366213293233892,-0.06837677247624083,-0.005285360456098093,0.7057136648350699,0.35622633516493024,533973623.609
2022-05-18 00:00:00+00:00,0.438,0.4428,0.4037,0.4056,370954228.0,0.5191100000000001,0.6894833333333333,0.8031215,30.702614939123464,-0.07376159673018745,-0.06945373732703015,-0.004307859403157296,0.6940815622608173,0.34413843773918285,540414048.609
2022-05-19 00:00:00+00:00,0.4056,0.4242,0.3908,0.4205,285465302.0,0.509555,0.6830633333333334,0.7996599999999999,33.493966395681014,-0.07181033222160516,-0.06992505630594516,-0.001885275915659998,0.6841509962312735,0.33495900376872645,538574132.2590001
2022-05-20 00:00:00+00:00,0.4205,0.4407,0.4016,0.4101,358049438.0,0.500835,0.6759433333333333,0.796253,32.50963459261813,-0.07029284199725594,-0.06999861344420732,-0.0002942285530486144,0.6770011633231272,0.3246688366768728,538738867.5090001
2022-05-21 00:00:00+00:00,0.4101,0.4183,0.403,0.4145,144232225.0,0.49121,0.6689083333333332,0.792651,33.4013866990627,-0.06795186997536118,-0.0695892647504381,0.0016373947750769197,0.6641276092825441,0.31829239071745585,531967783.509
2022-05-22 00:00:00+00:00,0.4144,0.4255,0.4101,0.4218,143783091.0,0.48158500000000004,0.6619783333333333,0.7887095,34.937378126101294,-0.06476105861945658,-0.0686236235242418,0.003862564904785218,0.647305418476392,0.31586458152360813,522519526.309
2022-05-23 00:00:00+00:00,0.4217,0.4287,0.4002,0.4052,301434382.0,0.47161,0.654685,0.7847335,33.069611506535296,-0.06284733395463726,-0.0674683656103209,0.00462103165568363,0.6303573703718909,0.31286262962810907,523389006.009
2022-05-24 00:00:00+00:00,0.4052,0.4138,0.3908,0.4086,309724750.0,0.459745,0.6477633333333334,0.7809860000000001,33.84965696425158,-0.06036054301832999,-0.06604680109192272,0.005686258073592729,0.5988717979218603,0.32061820207813974,521594856.959
2022-05-25 00:00:00+00:00,0.4087,0.4138,0.3948,0.406,414339536.0,0.45013999999999993,0.6406516666666667,0.777261,33.52786031388216,-0.057931740512467245,-0.06442378897603163,0.006492048463564382,0.5755853091988297,0.3246946908011702,519964910.559
2022-05-26 00:00:00+00:00,0.4061,0.4109,0.3753,0.392,626704757.0,0.43963,0.632885,0.7731220000000001,31.776128561152817,-0.056485450908016765,-0.06283612136242867,0.0063506704544119,0.5461489579370257,0.3331110420629743,533106542.809
2022-05-27 00:00:00+00:00,0.3921,0.4032,0.3764,0.3819,549974246.0,0.429685,0.6248483333333333,0.7686240000000001,30.536589227993744,-0.05551430719047845,-0.061371758528038625,0.005857451337560174,0.5170430740400663,0.3423269259599337,548434205.7590001
2022-05-28 00:00:00+00:00,0.382,0.389,0.3805,0.3863,232996058.0,0.4206899999999999,0.6169916666666667,0.7642700000000001,31.784993480999873,-0.053769800777131005,-0.059851366977857104,0.006081566200726099,0.4835944958646802,0.3577855041353196,543284913.359
2022-05-29 00:00:00+00:00,0.3863,0.3908,0.3794,0.3891,190159222.0,0.41578,0.6091216666666667,0.7602645,32.61494506929721,-0.051566899162375834,-0.058194473414760854,0.00662757425238502,0.4721071728385999,0.3594528271614001,510693893.64250004
2022-05-30 00:00:00+00:00,0.3891,0.4197,0.3866,0.4187,371239281.0,0.41106499999999996,0.6025200000000001,0.7562869999999999,40.81311112226065,-0.046892068562070455,-0.05593399244422277,0.009041923882152317,0.4456364492029107,0.37649355079708924,484216342.59250003
2022-05-31 00:00:00+00:00,0.4188,0.4342,0.4065,0.4217,422313633.0,0.41129000000000004,0.5957533333333334,0.7524539999999998,41.58875754714742,-0.04245575320784756,-0.053238344596947734,0.010782591389100177,0.44607614091832326,0.37650385908167683,425409840.175
2022-06-01 00:00:00+00:00,0.4217,0.4266,0.3887,0.398,436983828.0,0.41191000000000005,0.5886533333333333,0.748498,37.4170003351385,-0.0403867796031675,-0.05066803159819169,0.010281251995024193,0.4452546787357361,0.378565321264264,368883635.0
2022-06-02 00:00:00+00:00,0.3981,0.4072,0.3907,0.4055,350695114.0,0.411045,0.5813583333333334,0.7445860000000001,39.48570575688401,-0.03770725008835357,-0.04807587529622408,0.010368625207870505,0.44411120480172217,0.3779787951982778,351498552.35
2022-06-03 00:00:00+00:00,0.4054,0.4105,0.3839,0.3904,283788604.0,0.40925500000000004,0.5740983333333334,0.7406780000000001,36.84499323060656,-0.036382749755227484,-0.04573725018802476,0.009354500432797279,0.4427193974992739,0.37579060250072616,343545724.0
2022-06-04 00:00:00+00:00,0.3903,0.3944,0.3846,0.3925,134031506.0,0.40647500000000003,0.5670333333333333,0.737202,37.47130077858374,-0.03476289622066747,-0.04354237939455331,0.008779483173885841,0.43551482610122466,0.3774351738987754,336860337.4
2022-06-05 00:00:00+00:00,0.3925,0.3995,0.3895,0.3953,134209649.0,0.40508500000000003,0.5609633333333333,0.733702,38.34919468305059,-0.03287426001871113,-0.04140875551938488,0.008534495500673749,0.4334624752222489,0.37670752477775116,321875357.45
2022-06-06 00:00:00+00:00,0.3954,0.4099,0.394,0.4026,253767142.0,0.403315,0.554555,0.730512,40.68727812302958,-0.030437587666537758,-0.03921452194881546,0.008776934282277701,0.4273421741990048,0.3792878258009952,315742299.6
2022-06-07 00:00:00+00:00,0.4027,0.4175,0.3846,0.4076,418785041.0,0.403415,0.5487666666666667,0.7271040000000001,42.30133503541728,-0.02778278639156967,-0.03692817483736631,0.00914538844579664,0.4274959696646402,0.37933403033535984,318133840.25
2022-06-08 00:00:00+00:00,0.4076,0.4104,0.3947,0.4006,307076296.0,0.40242000000000006,0.5427400000000001,0.7236245000000001,40.63418287494209,-0.025944605490764716,-0.034731460968045996,0.00878685547728128,0.4252046088399452,0.3796353911600549,319214389.95
2022-06-09 00:00:00+00:00,0.4007,0.4041,0.3965,0.4002,253775318.0,0.40192500000000003,0.5368383333333333,0.7203409999999999,40.535870699496265,-0.024240679081407424,-0.03263330459071828,0.008392625509310858,0.4244493756847843,0.37940062431521576,314000683.95
2022-06-10 00:00:00+00:00,0.4002,0.4118,0.3762,0.3815,399808206.0,0.400275,0.5316166666666667,0.7170715000000001,36.134353864336774,-0.02412118483953024,-0.030930880640480676,0.0068096958009504355,0.42369011264096923,0.37685988735903075,326779483.0
2022-06-11 00:00:00+00:00,0.3815,0.3887,0.3557,0.3599,335176735.0,0.39718,0.525695,0.7135405,31.834464877159107,-0.025475755620515073,-0.02983985563648756,0.0043641000159724865,0.42444379283939104,0.3699162071606089,336349165.2
2022-06-12 00:00:00+00:00,0.3598,0.3654,0.3394,0.3433,427316144.0,0.394085,0.5193633333333333,0.710094,28.980301258324232,-0.027570923547263704,-0.02938606921864279,0.001815145671379085,0.4297605532541429,0.3584094467458571,342643253.3
2022-06-13 00:00:00+00:00,0.3433,0.3507,0.3012,0.3118,1028751993.07,0.389245,0.5124566666666667,0.706434,24.492779792045795,-0.031411058834063754,-0.029791067141726985,-0.001619991692336769,0.439155619110457,0.33933438088954304,378594615.4535
2022-06-14 00:00:00+00:00,0.3117,0.3267,0.2936,0.3214,778418633.0,0.385015,0.5047166666666667,0.703344,28.144592235776102,-0.03329593908629663,-0.030492041530640918,-0.0028038975556557155,0.44232068121913437,0.3277093187808656,396798570.3035
2022-06-15 00:00:00+00:00,0.3215,0.3469,0.298,0.3436,865192872.0,0.382595,0.49743,0.700336,35.86882899228928,-0.03262231604646432,-0.0309180964338056,-0.0017042196126587153,0.44254329355360345,0.3226467064463966,408722976.0535
2022-06-16 00:00:00+00:00,0.3436,0.3475,0.3073,0.3132,589816543.0,0.37916000000000005,0.4901183333333333,0.6970585000000001,30.960736928600852,-0.03414785564720585,-0.03156404827648565,-0.002583807370720198,0.4463138353334265,0.3120061646665736,410715090.90349996
2022-06-17 00:00:00+00:00,0.3132,0.3397,0.3105,0.321,430655102.0,0.375895,0.4826366666666667,0.6937145000000001,33.47597848467173,-0.03433170740679303,-0.03211758010254713,-0.0022141273042459025,0.4475421764969765,0.3042478235030235,420598043.1035
2022-06-18 00:00:00+00:00,0.321,0.3263,0.2872,0.3075,555977925.71,0.371815,0.4748466666666667,0.6902604999999999,31.347311605601817,-0.03516142935624972,-0.03272634995328765,-0.002435079402962066,0.44906416245493436,0.29456583754506566,438888978.2889999
2022-06-19 00:00:00+00:00,0.3074,0.333,0.2981,0.3264,393395495.0,0.36719999999999997,0.46775833333333333,0.686943,37.35331075214393,-0.033903104053331135,-0.032961700773296354,-0.0009414032800347805,0.44371865132102606,0.2906813486789739,439996788.98899996
2022-06-20 00:00:00+00:00,0.3262,0.3289,0.3135,0.3227,356161086.0,0.36225,0.4609233333333334,0.6836985,36.676847329995276,-0.03282603318576438,-0.03293456725578996,0.00010853407002557602,0.43680933207847755,0.2876906679215225,436689161.63899994
2022-06-21 00:00:00+00:00,0.3226,0.3374,0.3187,0.3294,379691157.0,0.35882000000000003,0.4544483333333334,0.6807400000000001,38.83689100507651,-0.031073615461194803,-0.03256237689687093,0.0014887614356761253,0.43279463349005953,0.2848453665099405,433824528.0889999
2022-06-22 00:00:00+00:00,0.3294,0.3297,0.319,0.3223,315095128.0,0.35466,0.44805833333333334,0.6781269999999999,37.38167652343694,-0.02991290510193151,-0.032032482537883045,0.0021195774359515362,0.4270061236002909,0.28231387639970906,432044528.7889999
2022-06-23 00:00:00+00:00,0.3223,0.3371,0.3213,0.3358,293426615.0,0.35192999999999997,0.44202,0.6757835,41.84377225457455,-0.027585705759466728,-0.031143127182199783,0.003557421422733055,0.42278069089281006,0.28107930910718987,432526429.3389999
2022-06-24 00:00:00+00:00,0.3357,0.3871,0.3348,0.3672,610286919.0,0.350665,0.4365883333333333,0.673492,50.65198333311693,-0.022943191109279615,-0.02950313996761575,0.006559948858336134,0.4194463135959797,0.2818836864040203,456339199.98899996
2022-06-25 00:00:00+00:00,0.3672,0.3741,0.3542,0.3676,216676025.0,0.34928,0.432015,0.6712530000000001,50.75430668720283,-0.01901252360717537,-0.027405016695527674,0.008392493088352306,0.4154774198892108,0.2830825801107892,460462518.7889999
2022-06-26 00:00:00+00:00,0.3677,0.3751,0.3576,0.3592,194186812.0,0.34711,0.4271316666666667,0.668738,48.48088708297284,-0.01638635934077265,-0.02520128522457667,0.00881492588380402,0.40887034002487715,0.2853496599751228,457483502.2889999
2022-06-27 00:00:00+00:00,0.3591,0.3671,0.348,0.3537,274516503.0,0.344415,0.4223133333333333,0.666215,46.9965227386971,-0.014580830535576517,-0.023077194286776643,0.008496363751200126,0.39975183312214757,0.2890781668778525,450270075.38899994
2022-06-28 00:00:00+00:00,0.3537,0.3557,0.3353,0.3375,316153206.0,0.34126,0.417745,0.6639065000000001,42.83627963550876,-0.014292386821698366,-0.02132023279376099,0.007027845972062623,0.3902555263262714,0.2922644736737286,450723920.88899994
2022-06-29 00:00:00+00:00,0.3375,0.3417,0.3201,0.3296,329827694.0,0.33773000000000003,0.41349666666666673,0.6613585000000001,40.933331983856796,-0.01453372138408221,-0.019962930511825232,0.005429209127743022,0.37875589913686597,0.2967041008631341,454526539.68899995
2022-06-30 00:00:00+00:00,0.3296,0.3333,0.3056,0.3321,463148646.0,0.33526,0.40891500000000003,0.6588225,41.81423769504667,-0.014357744515475945,-0.018841893312555376,0.0044841487970794305,0.37106359758443636,0.29945640241556365,457693561.68899995
2022-07-01 00:00:00+00:00,0.332,0.3363,0.31,0.3139,373042743.0,0.33296000000000003,0.40390833333333326,0.6564829999999999,37.436964585800425,-0.015508101732203572,-0.018175134996485015,0.002667033264281443,0.36803936145354166,0.2978806385464584,459586862.0889999
2022-07-02 00:00:00+00:00,0.3142,0.3181,0.3089,0.3156,179482724.0,0.331575,0.39909,0.6540095000000001,38.088908355048865,-0.016097035714173036,-0.017759515140022622,0.0016624794258495862,0.36709653572113965,0.29605346427886037,447195191.0889999
2022-07-03 00:00:00+00:00,0.3157,0.3258,0.3085,0.3215,194701668.0,0.33206,0.39368333333333333,0.651486,40.4098004067796,-0.01590435395401607,-0.01738848290282131,0.0014841289488052405,0.3667432755083514,0.29737672449164865,405492674.8355
2022-07-04 00:00:00+00:00,0.3216,0.33,0.3146,0.3287,276890244.0,0.332425,0.38919333333333334,0.6491039999999999,43.20775513559546,-0.014997787287750475,-0.016910343779807144,0.001912556492056669,0.36680417247387165,0.2980458275261284,380416255.3855
2022-07-05 00:00:00+00:00,0.3287,0.331,0.3128,0.3252,332749123.0,0.331505,0.3845766666666667,0.6467469999999998,42.171177575880854,-0.01439580158298115,-0.016407435340441947,0.0020116337574607977,0.36562253068421274,0.29738746931578725,353794067.9355
2022-07-06 00:00:00+00:00,0.3252,0.334,0.32,0.3324,295359140.0,0.332465,0.38043666666666665,0.6442779999999999,45.08957249219362,-0.013185746668042397,-0.015763097605962038,0.0025773509379196403,0.36553258382446796,0.29939741617553206,339071197.7855
2022-07-07 00:00:00+00:00,0.3324,0.3456,0.3269,0.3422,261063763.0,0.333525,0.37670333333333333,0.641814,48.87172562839432,-0.011305666644451706,-0.01487161141365997,0.0035659447692082645,0.36641322737680204,0.300636772623198,330591630.8355
2022-07-08 00:00:00+00:00,0.3423,0.359,0.3359,0.3402,383269941.0,0.33516,0.3742516666666667,0.639116,48.142930584071685,-0.00986337412859628,-0.013869963956647233,0.004006589828050952,0.3658909876181723,0.30442901238182773,321956231.6
2022-07-09 00:00:00+00:00,0.3403,0.3477,0.3392,0.3448,131799232.0,0.33608000000000005,0.3714483333333333,0.6361065,49.99013902119104,-0.008254018178811107,-0.012746774801080009,0.004492756622268902,0.3668085925481184,0.3053514074518817,308876418.45
2022-07-10 00:00:00+00:00,0.3448,0.3449,0.3197,0.3255,240237163.0,0.33622,0.36991999999999997,0.6329655,43.059667733960836,-0.00843866501953422,-0.011885152844770852,0.0034464878252366323,0.36672820217561625,0.3057117978243838,303080222.3
2022-07-11 00:00:00+00:00,0.3256,0.3292,0.3108,0.3152,246538517.0,0.33551,0.36874666666666667,0.629571,39.881922280850404,-0.009308816646658835,-0.01136988560514845,0.002061068958489615,0.3672558595723641,0.30376414042763583,296422590.3
2022-07-12 00:00:00+00:00,0.3152,0.3182,0.3078,0.3116,234067778.0,0.334975,0.36689333333333335,0.6265715000000001,38.80403033572454,-0.010171655481053754,-0.011130239580329512,0.0009585840992757579,0.36793090235433185,0.3020190976456682,292371222.8
2022-07-13 00:00:00+00:00,0.3117,0.326,0.302,0.3237,354463864.0,0.33437,0.365185,0.623564,44.25727395960518,-0.009766510345824042,-0.010857493733428418,0.001090983387604376,0.3676854078466443,0.3010545921533557,295423085.25
2022-07-14 00:00:00+00:00,0.3236,0.334,0.3122,0.3338,323459383.0,0.3327,0.36328,0.620633,48.39132183862593,-0.008532091674680331,-0.010392413321678801,0.0018603216469984703,0.36241975773771073,0.30298024226228926,281081708.45
2022-07-15 00:00:00+00:00,0.3338,0.349,0.3273,0.3342,392883643.0,0.33103000000000005,0.36179833333333333,0.6176695,48.554049653859074,-0.0074358138933035,-0.009801093436003742,0.002365279542700242,0.3561090031697473,0.3059509968302528,289892089.35
2022-07-16 00:00:00+00:00,0.3341,0.3565,0.3313,0.3505,271487176.0,0.330595,0.36034,0.6151645,54.807474895672584,-0.005191883279480669,-0.008879251404699128,0.0036873681252184588,0.35394678579869615,0.3072432142013039,293757107.55
2022-07-17 00:00:00+00:00,0.3504,0.3614,0.3413,0.3433,203255685.0,0.330075,0.35930166666666674,0.6127955,51.81160212768568,-0.003949010197089764,-0.007893203163177256,0.003944192966087492,0.3517484745711936,0.3084015254288064,290194066.65
2022-07-18 00:00:00+00:00,0.3434,0.3701,0.3429,0.3653,404237689.0,0.331465,0.35838166666666665,0.610429,59.157870896516954,-0.0011752605149077944,-0.006549614633523364,0.005374354118615569,0.3579063520832086,0.30502364791679143,294598290.8
2022-07-19 00:00:00+00:00,0.3652,0.3767,0.3515,0.3729,372635897.0,0.33363,0.3577616666666667,0.6081449999999999,61.3499201881621,0.0016175662789943979,-0.004916178451019812,0.00653374473001421,0.3656155029660037,0.30164449703399626,296738700.95
2022-07-20 00:00:00+00:00,0.3728,0.3817,0.3572,0.3635,329852165.0,0.3352,0.3569116666666667,0.6057089999999999,57.25668159035433,0.0030373870858522722,-0.0033254653436453952,0.006362852429497667,0.36971359152548827,0.3006864084745117,290073876.9
2022-07-21 00:00:00+00:00,0.3635,0.3685,0.3485,0.3669,276798269.0,0.33785,0.3559966666666667,0.6032505,58.339397095394915,0.004386393278281053,-0.0017830936192601058,0.0061694868975411595,0.373533861898459,0.30216613810154097,285261653.2
2022-07-22 00:00:00+00:00,0.3668,0.3716,0.3541,0.3578,231304449.0,0.33996,0.35520666666666667,0.6008775,54.36976094147364,0.004667393648095319,-0.0004929961657890209,0.00516038981388434,0.37511846413011135,0.3048015358698886,287852739.45
2022-07-23 00:00:00+00:00,0.3578,0.3628,0.3498,0.3592,140472336.0,0.341845,0.35438333333333333,0.5985595,54.87844039361114,0.004946041873470086,0.0005948114420628005,0.004351230431407286,0.3768847759694373,0.3068052240305627,285141272.85
2022-07-24 00:00:00+00:00,0.3592,0.3667,0.3558,0.3586,154710249.0,0.34334,0.35359333333333337,0.5964895,54.59752708089506,0.0050601276127412165,0.0014878746761984838,0.003572252936542733,0.37855978989131506,0.3081202101086849,279032273.1
2022-07-25 00:00:00+00:00,0.3585,0.3602,0.335,0.3362,250777496.0,0.34389000000000003,0.35266333333333333,0.594275,45.27897211319683,0.003304951167865444,0.001851289974531876,0.001453661193333568,0.37829359864880985,0.3094864013511902,274933691.75
2022-07-26 00:00:00+00:00,0.3362,0.3385,0.3252,0.3372,248516564.0,0.34412999999999994,0.3519183333333333,0.592144,45.72433845206441,0.001971921746177996,0.0018754163288611002,9.650541731689565e-05,0.3782756351528037,0.30998436484719616,272591562.95
2022-07-27 00:00:00+00:00,0.3373,0.3597,0.3304,0.3594,270820690.0,0.34499,0.35147,0.590215,54.56511193470479,0.0026759936038738275,0.0020355317838636456,0.0006404618200101819,0.3797586007769712,0.3102213992230288,273079409.3
2022-07-28 00:00:00+00:00,0.3594,0.3792,0.3489,0.3739,338381188.0,0.346675,0.3512166666666667,0.5883195000000001,59.23563508856496,0.004353816357295093,0.002499188698549935,0.0018546276587451576,0.3835540929930283,0.30979590700697174,270834971.65
2022-07-29 00:00:00+00:00,0.3738,0.3799,0.3596,0.3679,276456259.0,0.34783,0.35037,0.5864595,56.64100786206777,0.005140101234108907,0.00302737120566173,0.002112730028447177,0.38583168943597695,0.309828310564023,278067823.0
2022-07-30 00:00:00+00:00,0.3679,0.4099,0.3629,0.3879,388154871.0,0.35095,0.34980666666666665,0.5845475,62.53232140119811,0.007293001337206839,0.0038804972319707517,0.0034125041052360874,0.39128095585265105,0.3106190441473489,285463708.4
2022-07-31 00:00:00+00:00,0.388,0.3989,0.3782,0.3792,231814092.0,0.35415,0.3494933333333333,0.58245,58.79024890191577,0.00820261821185958,0.004744921427948518,0.0034576967839110625,0.39274567333249333,0.3155543266675067,284727487.15
2022-08-01 00:00:00+00:00,0.3791,0.386,0.371,0.3791,215729685.0,0.357525,0.3490533333333333,0.5805055,58.74673211816257,0.0088138266667942,0.005558702475717655,0.003255124191076545,0.39225918345072447,0.3227908165492755,283810582.5
2022-08-02 00:00:00+00:00,0.3791,0.3946,0.3667,0.3714,261343324.0,0.35991,0.34873666666666664,0.5784965,55.34938664446484,0.008578006206508892,0.0061625632218759024,0.00241544298463299,0.39142805197007924,0.3283919480299208,279154555.5
2022-08-03 00:00:00+00:00,0.3714,0.3775,0.3631,0.3695,212254602.0,0.361695,0.3483533333333334,0.5764485,54.51167778739046,0.008143924578575767,0.006558835493215876,0.0015850890853598915,0.39106658320534726,0.3323234167946527,273594316.45
2022-08-04 00:00:00+00:00,0.3695,0.375,0.3643,0.371,170860294.0,0.363535,0.3479483333333333,0.5744115,55.08957395075549,0.007830681997390898,0.006813204794050881,0.0010174772033400168,0.39027951532536465,0.33679048467463535,262493149.0
2022-08-05 00:00:00+00:00,0.371,0.3785,0.3673,0.3764,178170072.0,0.36483,0.34751166666666666,0.572485,57.19773520007115,0.007926794710167606,0.007035922777274226,0.0008908719328933803,0.3914322630614142,0.33822773693858577,257827293.8
2022-08-06 00:00:00+00:00,0.3764,0.378,0.3703,0.3715,88658479.0,0.36624,0.34691000000000005,0.570588,54.68906178457827,0.007520879659378199,0.007132914153695021,0.00038796550568317816,0.3910576872409317,0.3414223127590683,252097433.5
2022-08-07 00:00:00+00:00,0.3715,0.3772,0.3682,0.3722,94432362.0,0.366585,0.34643666666666667,0.5687585,54.99275449844421,0.007172987472470471,0.0071409288174501115,3.205865502035974e-05,0.3915323265098429,0.3416376734901571,236607167.15
2022-08-08 00:00:00+00:00,0.3723,0.3847,0.371,0.3787,221476216.0,0.366875,0.3460783333333333,0.5670525,57.81984364289677,0.007337197440306642,0.0071801825420214176,0.00015701489828522444,0.39224055735616137,0.34150944264383865,229049183.1
2022-08-09 00:00:00+00:00,0.3787,0.3801,0.3606,0.3672,168358813.0,0.36706000000000005,0.34584,0.5657045,51.639555406493365,0.00646485827048815,0.007037117687714764,-0.0005722594172266147,0.3923783253788381,0.341741674621162,220974515.5
2022-08-10 00:00:00+00:00,0.3672,0.3815,0.3583,0.3814,218617309.0,0.367785,0.34619833333333333,0.5646285,57.65792848374862,0.006840491590197451,0.006997792468211302,-0.0001573008780138517,0.39386252097091906,0.3417074790290809,218065467.5
2022-08-11 00:00:00+00:00,0.3814,0.386,0.377,0.3802,212303676.0,0.368905,0.34681333333333336,0.563388,57.012223137157385,0.006961110383813585,0.006990456051331759,-2.934566751817448e-05,0.3950948052682478,0.34271519473175216,217115428.85
2022-08-12 00:00:00+00:00,0.3801,0.3806,0.3699,0.3796,169377982.0,0.369925,0.3479433333333333,0.5622269999999999,56.670490070904435,0.006928420146517844,0.006978048870368976,-4.962872385113216e-05,0.39611246837685454,0.34373753162314546,218560711.15
2022-08-13 00:00:00+00:00,0.3797,0.3876,0.3763,0.378,122728952.0,0.37089500000000003,0.3488866666666667,0.5610269999999999,55.711493088424426,0.006696216454659176,0.006921682387227017,-0.00022546593256784087,0.39676795692395384,0.3450220430760462,216961646.3
2022-08-14 00:00:00+00:00,0.3779,0.3922,0.3738,0.3757,184744299.0,0.37287,0.34942166666666663,0.559809,54.28927291575824,0.006254504542750949,0.006788246818331804,-0.0005337422755808544,0.39330713287104624,0.3524328671289537,213659986.45
2022-08-15 00:00:00+00:00,0.3756,0.3852,0.3658,0.3751,231352894.0,0.374765,0.35045333333333334,0.5586405000000001,53.90269184188853,0.00578929430358921,0.006588456315383285,-0.0007991620117940752,0.38700579654225276,0.3625242034577473,212801802.95
2022-08-16 00:00:00+00:00,0.375,0.3784,0.3666,0.377,196904975.0,0.37564499999999995,0.3513866666666667,0.55747,54.99556291455959,0.005510405434689447,0.0063728461392445175,-0.0008624407045550704,0.38567106104055016,0.36561893895944975,209106017.2
2022-08-17 00:00:00+00:00,0.377,0.3923,0.368,0.3795,333525617.0,0.37592499999999995,0.35258666666666666,0.5562805,56.4583116170576,0.005428536315925325,0.006183984174580679,-0.0007554478586553537,0.38605275888283497,0.36579724111716494,208863238.65
2022-08-18 00:00:00+00:00,0.3796,0.3815,0.3691,0.3704,206448429.0,0.37605,0.35332,0.555126,50.07792780661892,0.004576604256313288,0.005862508190927201,-0.0012859039346139129,0.38583437529885506,0.36626562470114493,205362847.15
2022-08-19 00:00:00+00:00,0.3703,0.3707,0.3309,0.3344,437831008.0,0.37337499999999996,0.35351499999999997,0.553711,33.80297762876495,0.0009851862123857469,0.0048870437952189105,-0.0039018575828331636,0.393021157384812,0.3537288426151879,207846654.0
2022-08-20 00:00:00+00:00,0.3345,0.3428,0.3321,0.3368,206218319.0,0.371255,0.35363833333333333,0.552253,35.312321881185156,-0.001648377055220085,0.0035799596251311116,-0.0052283366803511965,0.39632996560294304,0.34618003439705697,206566865.35
2022-08-21 00:00:00+00:00,0.3368,0.3485,0.3355,0.3449,185595697.0,0.36954499999999996,0.354015,0.5509745,40.26286345798971,-0.0030467713297804844,0.0022546134341487924,-0.005301384763929277,0.3968152383559211,0.34227476164407883,205060165.95
2022-08-22 00:00:00+00:00,0.3448,0.3453,0.3313,0.344,259125051.0,0.36817500000000003,0.3541516666666667,0.5496435000000001,39.897505087203506,-0.004179453210649442,0.0009678001051891456,-0.005147253315838587,0.3976025296276927,0.33874747037230735,204949252.3
2022-08-23 00:00:00+00:00,0.344,0.348,0.3326,0.3472,224844843.0,0.36706,0.3538183333333333,0.548102,41.9157099192686,-0.004763982283003676,-0.0001785563724494187,-0.004585425910554258,0.3978600909087735,0.3362599090912265,205578764.35
2022-08-24 00:00:00+00:00,0.3473,0.3525,0.3389,0.3456,190760736.0,0.36579,0.35345166666666666,0.546502,41.17128340305911,-0.005295291587178674,-0.0012019034153952699,-0.004093388171783404,0.39790223442846506,0.33367776557153495,206573786.45
2022-08-25 00:00:00+00:00,0.3456,0.3522,0.3435,0.3491,200831070.0,0.364425,0.35328333333333334,0.544835,43.53375534136807,-0.0053720120780600955,-0.002035925147928235,-0.0033360869301318607,0.3969356059615731,0.3319143940384269,207706836.35
2022-08-26 00:00:00+00:00,0.3491,0.3712,0.3325,0.3393,439211758.0,0.362815,0.3530433333333333,0.5423745,38.83151972204364,-0.006152667595667405,-0.002859273637476069,-0.0032933939581913357,0.39691504545434875,0.32871495454565125,225234500.3
2022-08-27 00:00:00+00:00,0.3393,0.3447,0.3283,0.3346,175871454.0,0.360935,0.352995,0.539666,36.77968342987244,-0.0070691051938421845,-0.003701239948749292,-0.0033678652450928924,0.39685542733582974,0.3250145726641703,229306454.9
2022-08-28 00:00:00+00:00,0.3346,0.3373,0.3213,0.3224,148984590.0,0.35812,0.352875,0.5369295000000001,32.04619379511965,-0.008679771628949617,-0.0046969462847893575,-0.00398282534416026,0.3967522455985745,0.31948775440142546,225681873.6
2022-08-29 00:00:00+00:00,0.3223,0.3342,0.3186,0.3337,268856257.0,0.356445,0.35290166666666667,0.5344715,39.77722621481776,-0.008941350498290701,-0.005545827127489626,-0.003395523370801075,0.39624457160559096,0.31664542839440907,230706745.8
2022-08-30 00:00:00+00:00,0.3337,0.3359,0.32,0.3267,213879108.0,0.35371,0.353115,0.5323095,36.971201140797056,-0.009602800034118786,-0.006357221708815459,-0.0032455783253033266,0.3937910129611082,0.31362898703889186,230469835.75
2022-08-31 00:00:00+00:00,0.3268,0.3339,0.323,0.3277,195043842.0,0.351085,0.35331666666666667,0.5298364999999999,37.64789897690517,-0.009931824029036807,-0.007072142172859728,-0.0028596818561770782,0.39075722075947456,0.3114127792405254,229606844.05
2022-09-01 00:00:00+00:00,0.3276,0.3334,0.3215,0.3331,183564987.0,0.34876,0.35351,0.5274734999999999,41.31212762067836,-0.009645653950650257,-0.007586844528417834,-0.0020588094222324226,0.38689572603200906,0.31062427396799097,230316194.3
2022-09-02 00:00:00+00:00,0.3332,0.3355,0.3253,0.3314,179601436.0,0.34643,0.353555,0.5251245,40.50511343115322,-0.00944713717754797,-0.007958903058243863,-0.001488234119304108,0.3827878932281344,0.31007210677186564,233159818.5
2022-09-03 00:00:00+00:00,0.3315,0.335,0.3265,0.3297,103317904.0,0.34413,0.35363,0.5225155,39.67055533976583,-0.009319556945886098,-0.00823103383577231,-0.0010885231101137888,0.3785591794846811,0.3097008205153189,229088498.75
2022-09-04 00:00:00+00:00,0.3296,0.3328,0.3275,0.3317,95913393.0,0.34196,0.35361833333333337,0.519991,41.20535002388446,-0.00895385098722351,-0.00837559726606255,-0.0005782537211609599,0.3736712850573476,0.3102487149426524,222316523.7
2022-09-05 00:00:00+00:00,0.3318,0.3338,0.3225,0.3329,178320876.0,0.33975500000000003,0.3534633333333333,0.5178105,42.15620367987959,-0.00846956454112352,-0.008394390721074745,-7.517382004877497e-05,0.3672688855850701,0.31224111441492997,221387318.75
2022-09-06 00:00:00+00:00,0.3329,0.3431,0.3154,0.3212,337153895.0,0.33684,0.35314666666666666,0.5154965,36.036772456586746,-0.008926951917642034,-0.008500902960388202,-0.0004260489572538318,0.3586562691583205,0.31502373084167945,221568732.65
2022-09-07 00:00:00+00:00,0.3212,0.3386,0.312,0.3369,267709589.0,0.335165,0.353015,0.5130735,47.12787675151432,-0.00793115055260507,-0.008386952478831576,0.0004558019262265057,0.350639918416207,0.319690081583793,224631790.65
2022-09-08 00:00:00+00:00,0.3369,0.3434,0.3282,0.3396,234589959.0,0.33542500000000003,0.35325,0.510887,48.772976870010446,-0.0068451962004809075,-0.008078601223161442,0.0012334050226805345,0.35101408271798784,0.3198359172820122,214469738.2
2022-09-09 00:00:00+00:00,0.3396,0.3597,0.3394,0.3568,334849027.0,0.33642500000000003,0.35394333333333333,0.509162,57.784306505686374,-0.004544289557643133,-0.007371738890057781,0.002827449332414648,0.35459143883616934,0.3182585611638307,220901273.6
2022-09-10 00:00:00+00:00,0.3568,0.3622,0.3514,0.3573,186010258.0,0.337045,0.354705,0.507344,58.015515552215675,-0.0026499121074694543,-0.006427373533540116,0.0037774614260706616,0.35707672234203264,0.31701327765796733,220922001.65
2022-09-11 00:00:00+00:00,0.3574,0.3604,0.3485,0.3552,146159090.0,0.337605,0.35523,0.5056365,56.61308397414655,-0.0013030361894419418,-0.005402506064720481,0.0040994698752785394,0.3589652879191339,0.3162447120808661,215273703.6
2022-09-12 00:00:00+00:00,0.3551,0.3602,0.3478,0.3598,243143764.0,0.33823499999999995,0.35566333333333333,0.503954,58.953723388867644,0.00013400945789515673,-0.0042952029601973545,0.004429212418092511,0.36136042107699456,0.31510957892300534,216188649.65
2022-09-13 00:00:00+00:00,0.3598,0.3603,0.3308,0.3326,364278378.0,0.33758499999999997,0.35563666666666666,0.5017675,43.87954619864961,-0.0009114278207768001,-0.003618447932313244,0.002707020111536444,0.3605762396357459,0.314593760364254,224864531.75
2022-09-14 00:00:00+00:00,0.3326,0.3442,0.3312,0.3415,308604961.0,0.337205,0.3554866666666667,0.499721,48.51810128294579,-0.0010101444599554532,-0.003096787237841686,0.002086642777886233,0.35966754437921694,0.314742455620783,230253226.3
2022-09-15 00:00:00+00:00,0.3415,0.3429,0.3241,0.3261,406236125.0,0.336545,0.35519999999999996,0.497744,42.04268897129089,-0.0023044649668907957,-0.0029383227836515084,0.0006338578167607127,0.3594929824818715,0.31359701751812846,228604444.65
2022-09-16 00:00:00+00:00,0.3261,0.3581,0.3216,0.3552,370003740.0,0.337575,0.3550316666666667,0.4956155,54.421537581057365,-0.0009709045097388014,-0.0025448391288689673,0.001573934619130166,0.3618898411466803,0.3132601588533197,238311058.95
2022-09-17 00:00:00+00:00,0.3552,0.381,0.3464,0.3762,443007880.0,0.340265,0.35508666666666666,0.493577,60.91008828202969,0.001760185928311786,-0.0016838341174328167,0.0034440200457446024,0.3688060073401121,0.31172399265988787,253012223.45
2022-09-18 00:00:00+00:00,0.3762,0.3981,0.3556,0.3576,680858418.0,0.34146,0.35498833333333335,0.4915215,53.62797008746859,0.002396109366347876,-0.0008678454206766781,0.0032639547870245544,0.3707918529927509,0.31212814700724906,273612331.5
2022-09-19 00:00:00+00:00,0.3578,0.3932,0.3401,0.3848,737172977.0,0.344365,0.35528666666666664,0.48968799999999996,60.97557293136223,0.00503683446034936,0.00031309055552852945,0.00472374390482083,0.3784046988821639,0.31032530111783607,299777024.95
2022-09-20 00:00:00+00:00,0.3847,0.4242,0.3704,0.414,1113792429.0,0.34868,0.35622333333333334,0.4881945,67.01745637139177,0.009377723528751103,0.002126017150173044,0.007251706378578059,0.3933844337844519,0.30397556621554805,345714454.3
2022-09-21 00:00:00+00:00,0.4139,0.434,0.38,0.3936,925735817.0,0.351705,0.3567966666666667,0.48639250000000006,60.02542958982952,0.011044485921045955,0.003909710904347627,0.007134775016698328,0.39983916562057026,0.3035708343794297,382822995.8
2022-09-22 00:00:00+00:00,0.3936,0.5,0.3933,0.4862,1322834928.0,0.35944499999999996,0.3589233333333333,0.485198,73.5269901074141,0.019611385391692382,0.007050045801816578,0.012561339589875804,0.43436222031675087,0.28452777968324905,439984670.4
2022-09-23 00:00:00+00:00,0.4861,0.559,0.4564,0.5069,1820625745.0,0.368305,0.3617683333333333,0.484134,75.51765101790672,0.027751134146282053,0.011190263470709675,0.016560870675572378,0.46562012677887604,0.27098987322112394,525850062.45
2022-09-24 00:00:00+00:00,0.5069,0.5195,0.4717,0.4878,711158721.0,0.37611,0.3642783333333333,0.48296949999999994,70.26722577525004,0.032288531214450245,0.01540991701945779,0.016878614194992453,0.48480400903448556,0.26741599096551444,556612328.85
2022-09-25 00:00:00+00:00,0.4879,0.5215,0.4757,0.4917,738162563.0,0.38404999999999995,0.3664833333333333,0.481599,70.71494726489308,0.03578662257880483,0.019485258131327197,0.01630136444747763,0.5017827566991826,0.2663172433008173,584604413.2
2022-09-26 00:00:00+00:00,0.4916,0.502,0.4576,0.4683,626520230.0,0.391405,0.3680566666666667,0.48026,64.44455553259108,0.036252801025763004,0.02283876671021436,0.013414034315548645,0.5108797082021506,0.2719302917978494,599072729.95
2022-09-27 00:00:00+00:00,0.4682,0.4882,0.435,0.4457,628394011.0,0.396845,0.3693533333333333,0.478474,59.00286526375154,0.034402054213257094,0.025151424210822906,0.009250630002434188,0.5158040765767333,0.2778859234232666,617106951.05
2022-09-28 00:00:00+00:00,0.4458,0.4558,0.4168,0.4489,595920283.0,0.40231000000000006,0.37037000000000003,0.47679000000000005,59.52402532232425,0.032815263357723834,0.026684192040203093,0.006131071317520741,0.520286029768717,0.2843339702312831,635173467.25
2022-09-29 00:00:00+00:00,0.4491,0.5109,0.4266,0.4877,788666701.0,0.40885499999999997,0.37217833333333333,0.47542750000000006,65.28619757697336,0.03429324472894174,0.028206002577950823,0.006087242150990917,0.5304734768034416,0.2872365231965583,657864350.95
2022-09-30 00:00:00+00:00,0.4876,0.4992,0.4667,0.4799,683028303.0,0.414985,0.37385833333333335,0.473953,63.33421963491446,0.03443817891175982,0.029452437844712624,0.004985741067047196,0.5379428834397753,0.29202711656022473,682715253.2
2022-10-01 00:00:00+00:00,0.4799,0.4865,0.4667,0.4754,332745201.0,0.420995,0.3755916666666667,0.47250149999999996,62.179168959387034,0.033800299095884945,0.03032201009494709,0.0034782890009378564,0.5434258208744409,0.29856417912555905,692044558.75
2022-10-02 00:00:00+00:00,0.4753,0.4785,0.443,0.4485,331325448.0,0.4254300000000001,0.37690833333333335,0.47078449999999994,55.64603869566338,0.030769478167824826,0.030411503709522635,0.0003579744583021918,0.5450668187473636,0.30579318125263655,696453642.95
2022-10-03 00:00:00+00:00,0.4485,0.4694,0.4372,0.4621,393625435.0,0.431905,0.3784266666666667,0.46912750000000003,58.04608808093273,0.029129154327688533,0.030155033833155816,-0.001025879505467283,0.5445581042625528,0.3192518957374471,697920995.8
2022-10-04 00:00:00+00:00,0.4622,0.4858,0.4515,0.4795,528294804.0,0.438805,0.38014499999999996,0.46754249999999997,60.956980692248564,0.02890007833524344,0.02990404273357334,-0.0010039643983298999,0.545194500891722,0.33241549910827806,708905487.95
2022-10-05 00:00:00+00:00,0.4795,0.502,0.4716,0.4887,582675616.0,0.44693499999999997,0.3820983333333333,0.46588899999999994,62.44084042628363,0.029125160354436075,0.02974826625774589,-0.0006231059033098146,0.5418652749389773,0.35200472506102265,717727462.5
2022-10-06 00:00:00+00:00,0.4888,0.5063,0.4883,0.4934,412623504.0,0.45384499999999994,0.38411833333333334,0.46432750000000006,63.21009976730951,0.029344524781388215,0.029667517962474355,-0.0003229931810861397,0.5408478844348847,0.36684211556511515,719858450.7
2022-10-07 00:00:00+00:00,0.4934,0.5339,0.48,0.5177,523500800.0,0.46092000000000005,0.386435,0.46272949999999996,66.97608466330074,0.03112044249730367,0.02995810286944022,0.001162339627863447,0.5444605434504112,0.37737945654958893,723883096.7
2022-10-08 00:00:00+00:00,0.5177,0.5292,0.5111,0.517,340783746.0,0.46889000000000003,0.38893166666666673,0.4611315,66.7640683849198,0.0321013416479804,0.030386750625148257,0.0017145910228321404,0.5411321455937609,0.3966478544062392,706879363.1
2022-10-09 00:00:00+00:00,0.5171,0.549,0.506,0.5325,366379188.0,0.47627500000000006,0.39145,0.459606,69.0968323135126,0.033740492359787155,0.03105749897207604,0.002682993387711115,0.5425757956210954,0.4099742043789048,688339673.65
2022-10-10 00:00:00+00:00,0.5325,0.538,0.4927,0.4939,519737735.0,0.4802700000000001,0.393345,0.4578615,58.1507534972421,0.031561017933313396,0.031158202764323514,0.00040281516898988193,0.5404235402116144,0.42011645978838574,658636938.95
2022-10-11 00:00:00+00:00,0.4939,0.5025,0.4768,0.4861,445279743.0,0.48489499999999996,0.39512,0.4561725,56.21286780374124,0.02887156055720641,0.030700874322900095,-0.0018293137656936846,0.5300319682188599,0.43975803178114004,634614135.25
2022-10-12 00:00:00+00:00,0.486,0.496,0.482,0.4881,245221984.0,0.48499,0.396955,0.4544495,56.61213275580967,0.026594959358749892,0.029879691330070058,-0.0032847319713201657,0.5301455489390879,0.43983445106091196,580733488.05
2022-10-13 00:00:00+00:00,0.4881,0.4898,0.4401,0.4791,601751609.0,0.4835999999999999,0.39867833333333336,0.452555,54.216377865629184,0.023790272273249757,0.028661807518706,-0.004871535245456242,0.5276706705189557,0.4395293294810442,519789781.25
2022-10-14 00:00:00+00:00,0.4791,0.5125,0.4782,0.4883,457259209.0,0.48362499999999997,0.40056500000000006,0.45067599999999997,56.25434776071593,0.02205565678149618,0.027340577371264035,-0.005284920589767855,0.5277057384238326,0.4395442615761674,507094805.65
2022-10-15 00:00:00+00:00,0.4882,0.49,0.4774,0.4818,155163123.0,0.48312999999999995,0.4023116666666667,0.4487965,54.4115038262349,0.019926762515518226,0.025857814400114875,-0.005931051884596649,0.5270589927040257,0.4392010072959742,477944833.65
2022-10-16 00:00:00+00:00,0.4818,0.4876,0.468,0.4766,220894101.0,0.483545,0.40392999999999996,0.446873,52.91798589721264,0.017616924985016824,0.02420963651709527,-0.006592711532078445,0.5270606282269985,0.4400293717730015,457663527.2
2022-10-17 00:00:00+00:00,0.4765,0.4825,0.4627,0.4804,266511552.0,0.48528000000000004,0.4057633333333333,0.445201,53.91352458819663,0.015909594441347485,0.022549628101945714,-0.006640033660598229,0.5252437135410409,0.44531628645895915,439569404.25
2022-10-18 00:00:00+00:00,0.4804,0.4843,0.4571,0.4658,289689721.0,0.48612500000000003,0.40795333333333333,0.44339149999999994,49.576123190833584,0.013225964021762071,0.02068489528590899,-0.007458931264146918,0.5236141384268883,0.4486358615731118,424257876.15
2022-10-19 00:00:00+00:00,0.4657,0.4667,0.4471,0.4504,330327507.0,0.48426,0.40984666666666664,0.44152349999999996,45.424879551334655,0.009744191311012673,0.018496754490929728,-0.008752563179917055,0.5248343958672259,0.4436856041327741,401340916.45
2022-10-20 00:00:00+00:00,0.4504,0.4646,0.4224,0.4465,396744045.0,0.4825900000000001,0.41153999999999996,0.43954,44.41068401985652,0.0065941506822373985,0.016116233729191264,-0.009522083046953865,0.5263677066552183,0.43881229334478183,387026703.55
2022-10-21 00:00:00+00:00,0.4465,0.4617,0.4336,0.4614,362000551.0,0.48189000000000004,0.4134966666666667,0.43771699999999997,49.08758279095492,0.005239627104909328,0.013940912404334878,-0.00870128529942555,0.5265441330672798,0.43723586693272026,388489471.05
2022-10-22 00:00:00+00:00,0.4613,0.4708,0.4561,0.4653,168922503.0,0.48272999999999994,0.41546500000000003,0.4359615,50.26701819579694,0.00442979094483853,0.012038688112435608,-0.0076088971675970785,0.5254293723606136,0.4400306276393862,380369323.8
2022-10-23 00:00:00+00:00,0.4653,0.4726,0.4518,0.4688,201619037.0,0.48306499999999997,0.4175183333333334,0.434508,51.35611581857437,0.0040240242559529404,0.010435755341139075,-0.0064117310851861346,0.5252132751721864,0.4409167248278135,370769003.9
2022-10-24 00:00:00+00:00,0.4688,0.473,0.4478,0.4529,269189993.0,0.481735,0.41924833333333333,0.43283699999999997,46.3864497349716,0.0023918819868152252,0.008826980670274305,-0.0064350986834590795,0.5258807257273037,0.4375892742726963,357813763.35
2022-10-25 00:00:00+00:00,0.453,0.4728,0.4434,0.4605,350361399.0,0.480325,0.4212683333333333,0.431365,48.93034437413026,0.0016921479356467595,0.0074000141233487955,-0.005707866187702036,0.5252847097409481,0.43536529025905185,346198052.5
2022-10-26 00:00:00+00:00,0.4606,0.4715,0.4562,0.4689,308800077.0,0.4791,0.4235066666666667,0.42989849999999996,51.66043859678934,0.001794724984609919,0.006278956295601021,-0.004484231310991102,0.5239027677715372,0.4342972322284629,341006881.15
2022-10-27 00:00:00+00:00,0.4689,0.4824,0.4584,0.4615,386147200.0,0.47629,0.42582499999999995,0.4284345,49.166853249179056,0.001264325521722287,0.005276030140825274,-0.004011704619102987,0.5179992747478334,0.4345807252521667,334139201.15
2022-10-28 00:00:00+00:00,0.4615,0.4755,0.4564,0.4744,258511622.0,0.47416,0.42816999999999994,0.4273325,53.39046145989257,0.001863421947987276,0.004593508502257674,-0.0027300865542703983,0.5114530234761171,0.436866976523883,330025594.95
2022-10-29 00:00:00+00:00,0.4743,0.4837,0.4657,0.4701,284375501.0,0.47104,0.43056,0.426107,51.84414016984158,0.0019685439691580764,0.004068515595637755,-0.002099971626479679,0.4970095514014042,0.44507044859859585,325925410.6
2022-10-30 00:00:00+00:00,0.4702,0.4735,0.4537,0.4582,182831402.0,0.469255,0.432735,0.424782,47.724662824771265,0.0010791832282615599,0.0034706491221625163,-0.0023914658939009565,0.49354758940479887,0.4449624105952011,309080093.95
2022-10-31 00:00:00+00:00,0.4582,0.4674,0.4476,0.4641,291632134.0,0.46815500000000004,0.43491833333333335,0.4234715,49.85223244540521,0.0008407475112827134,0.002944668799986556,-0.0021039212887038424,0.4912602786174531,0.445049721382547,301397713.5
2022-11-01 00:00:00+00:00,0.464,0.467,0.4543,0.4636,272552886.0,0.46692999999999996,0.4371216666666667,0.4218605,49.6677461683888,0.0006044716930082572,0.002476629378590896,-0.001872157685582639,0.48820064644034383,0.4456593535596561,302764258.6
2022-11-02 00:00:00+00:00,0.4635,0.4659,0.4451,0.4497,305327596.0,0.46546000000000004,0.4391216666666667,0.420205,44.71380789079735,-0.0006963651639646518,0.0018420304700797869,-0.0025383956340444386,0.4872211948199104,0.4436988051800897,287943057.95
2022-11-03 00:00:00+00:00,0.4498,0.4598,0.4487,0.4548,221405589.0,0.463785,0.4411733333333333,0.41871949999999997,46.81007014849917,-0.0013007659474737476,0.00121347118656908,-0.002514237134042828,0.48329707574785596,0.44427292425214404,276150376.95
2022-11-04 00:00:00+00:00,0.4548,0.5078,0.4532,0.5064,561979429.0,0.465015,0.44406500000000004,0.41740199999999994,62.36036298993916,0.002356763534933304,0.0014421296562419248,0.000914633878691379,0.49095664798138483,0.4390733520186152,296491192.25
2022-11-05 00:00:00+00:00,0.5063,0.51,0.489,0.493,199360700.0,0.46583500000000005,0.4469283333333333,0.41599250000000004,57.64705258685038,0.004126545738700305,0.0019790128727336007,0.002147532865966704,0.49412049274787523,0.4375495072521249,295414522.2
2022-11-06 00:00:00+00:00,0.493,0.4947,0.468,0.4709,163125807.0,0.46536,0.4491616666666667,0.4145885,50.82428131289743,0.0037031381121507834,0.002323837920617037,0.0013793001915337463,0.49296198543565467,0.4377580145643453,290245234.95
2022-11-07 00:00:00+00:00,0.4708,0.48,0.4585,0.4648,325333918.0,0.46531,0.4512483333333333,0.41324849999999996,49.097008332832594,0.002842597799473545,0.002427589896388339,0.00041500790308520623,0.49291223903943465,0.43770776096056535,292027444.8
2022-11-08 00:00:00+00:00,0.4647,0.4669,0.3355,0.4059,978082649.0,0.46308499999999997,0.45206666666666667,0.4116885,36.27693600817986,-0.0025625844717064306,0.0014295550227693852,-0.003992139494475816,0.5005487037676477,0.4256212962323523,324415201.9
2022-11-09 00:00:00+00:00,0.4059,0.411,0.316,0.3331,908074197.0,0.45741499999999996,0.45166333333333336,0.4098255,26.920357972297992,-0.012575618052013127,-0.0013714795921871172,-0.01120413845982601,0.5252319676407753,0.3895980323592246,349981709.5
2022-11-10 00:00:00+00:00,0.3332,0.403,0.3301,0.3942,815070852.0,0.454055,0.45231333333333335,0.40830600000000006,40.73602188272867,-0.015403201420606527,-0.004177823957870999,-0.011225377462735529,0.5271989259268323,0.3809110740731677,372635224.55
2022-11-11 00:00:00+00:00,0.3942,0.3991,0.3661,0.3843,477945830.0,0.450005,0.45272166666666663,0.406762,39.4351413404409,-0.01823275304647759,-0.006988809775592318,-0.011243943270885272,0.5289498282029284,0.3710601717970716,388086390.9
2022-11-12 00:00:00+00:00,0.3843,0.3846,0.3592,0.3636,254821436.0,0.44474500000000006,0.45323833333333335,0.40537,36.78966165717367,-0.02189313961322581,-0.009969675743119017,-0.011923463870106793,0.531601950786853,0.3578880492131471,390746510.85
2022-11-13 00:00:00+00:00,0.3635,0.3694,0.3325,0.3408,334510449.0,0.43914,0.45322666666666667,0.40381300000000003,34.07794903367815,-0.026330272796709797,-0.013241795153837173,-0.013088477642872624,0.5369463269936547,0.34133367300634526,394012533.65
2022-11-14 00:00:00+00:00,0.3409,0.3796,0.321,0.3776,693547037.0,0.43499499999999997,0.454085,0.40248700000000004,41.56466049508811,-0.02657098656956236,-0.01590763343698221,-0.010663353132580149,0.5358093734791307,0.3341806265208693,411171815.55
2022-11-15 00:00:00+00:00,0.3775,0.3977,0.3668,0.3888,541305225.0,0.43099,0.454645,0.401373,43.66175771992662,-0.025563329422144176,-0.017838772634014604,-0.0077245567881295725,0.5324605060595915,0.3295194939404085,422797072.95
2022-11-16 00:00:00+00:00,0.3887,0.3915,0.3614,0.3752,363276410.0,0.4266749999999999,0.4546283333333333,0.40032650000000003,41.70457116857872,-0.025567434740581263,-0.019384505055327936,-0.0061829296852533265,0.52991316881362,0.3234368311863798,421653533.45
2022-11-17 00:00:00+00:00,0.3751,0.3873,0.3691,0.3819,413772413.0,0.4220499999999999,0.45503333333333335,0.39920100000000003,43.05875780097158,-0.024744811446016757,-0.020456566333465702,-0.004288245112551055,0.5246072133006228,0.3194927866993771,429416573.0
2022-11-18 00:00:00+00:00,0.3819,0.3878,0.3733,0.3829,292591109.0,0.41769,0.4550016666666667,0.398044,43.27057551629142,-0.023738541782799383,-0.021112961423332438,-0.0026255803594669447,0.5191135061511354,0.3162664938488647,429827353.4
2022-11-19 00:00:00+00:00,0.3829,0.3886,0.3752,0.3841,145313373.0,0.413985,0.4545033333333333,0.396941,43.54198615525054,-0.022583902681614254,-0.021407149674988805,-0.0011767530066254493,0.5146292502082922,0.3133407497917078,427951451.95
2022-11-20 00:00:00+00:00,0.3842,0.3969,0.3585,0.3608,308373842.0,0.40881999999999996,0.4539566666666667,0.39551549999999996,39.58214990278249,-0.023280593953544815,-0.02178183853070001,-0.0014987554228448052,0.5092489918299952,0.30839100817000475,428788537.35
2022-11-21 00:00:00+00:00,0.3608,0.369,0.3457,0.3645,591706474.0,0.403865,0.4519283333333333,0.3943475,40.5074068981898,-0.023265972084504205,-0.02207866524146085,-0.0011873068430433564,0.5027611935566236,0.3049688064433763,444746216.75
2022-11-22 00:00:00+00:00,0.3645,0.3784,0.3513,0.3757,464705247.0,0.400165,0.44974166666666665,0.393215,43.336216152014366,-0.022095929627740096,-0.022082118118716697,-1.381150902339881e-05,0.4974490228402851,0.3028809771597149,452715099.3
2022-11-23 00:00:00+00:00,0.3758,0.3824,0.3682,0.3815,354058802.0,0.39649999999999996,0.44797,0.3922185,44.79999194399568,-0.02046474616870564,-0.02175864372871449,0.0012938975600088505,0.490750368699486,0.3022496313005139,459347759.95
2022-11-24 00:00:00+00:00,0.3816,0.405,0.3742,0.4018,454087891.0,0.39127,0.44647166666666666,0.3913965,49.69787126620961,-0.017334163730217678,-0.020873747729015128,0.00353958399879745,0.47104303053030505,0.31149696946969496,453953183.05
2022-11-25 00:00:00+00:00,0.4018,0.4194,0.3888,0.4078,428503257.0,0.38700999999999997,0.4454633333333334,0.39099900000000004,51.07952588298925,-0.014205255395445426,-0.019540049262301188,0.005334793866855762,0.45240109725328753,0.3216189027467124,465410310.9
2022-11-26 00:00:00+00:00,0.4077,0.4146,0.3927,0.396,184581391.0,0.38326499999999997,0.444635,0.39041400000000004,48.27138844678617,-0.012533258775376588,-0.018138691164916267,0.005605432389539679,0.43644914331348067,0.33008085668651926,466483090.1
2022-11-27 00:00:00+00:00,0.396,0.4096,0.3942,0.3962,199432182.0,0.37983500000000003,0.44375666666666663,0.390309,48.323244494394324,-0.0110645063377115,-0.016723854199475315,0.005659347861763815,0.4183754346107929,0.34129456538920716,460188003.3
2022-11-28 00:00:00+00:00,0.3961,0.3991,0.373,0.3888,434930297.0,0.37898,0.4421083333333333,0.390325,46.46714608728876,-0.010377996520877508,-0.015454682663755754,0.005076686142878246,0.4158939323289837,0.34206606767101627,433030385.7
2022-11-29 00:00:00+00:00,0.3888,0.4039,0.3829,0.3981,355638077.0,0.38223,0.44074499999999994,0.39020150000000003,49.112547229741004,-0.008979984595769652,-0.014159743050158536,0.005179758454388884,0.41341506693898283,0.3510449330610172,405408579.7
2022-11-30 00:00:00+00:00,0.3981,0.4117,0.3926,0.4078,329757224.0,0.38291,0.43961833333333333,0.3901095,51.78859812497819,-0.007008550926858703,-0.01272950462549857,0.005720953698639867,0.41566313114785897,0.350156868852141,381142898.3
2022-12-01 00:00:00+00:00,0.4078,0.4093,0.3944,0.3969,251203503.0,0.38354,0.4387583333333333,0.38985349999999996,48.6900159347866,-0.006253626531821821,-0.01143432900676322,0.005180702474941399,0.41685572601623533,0.35022427398376466,369805781.95
2022-12-02 00:00:00+00:00,0.3968,0.3975,0.3838,0.3961,257877078.0,0.385165,0.4376583333333333,0.3897185,48.460840544194426,-0.005654712814549878,-0.010278405768320552,0.004623692953770674,0.4175903774070385,0.35273962259296143,369958564.05
2022-12-03 00:00:00+00:00,0.3961,0.3973,0.3853,0.3873,152919238.0,0.38749,0.4361216666666667,0.389465,45.90147637005461,-0.005823031550994395,-0.009387330924855322,0.0035642993738609265,0.41272972266069735,0.36225027733930265,360879003.5
2022-12-04 00:00:00+00:00,0.3873,0.3932,0.386,0.3895,134434499.0,0.388085,0.43446833333333335,0.38938449999999997,46.659913440363965,-0.005713047295490936,-0.008652474198982445,0.0029394269034915092,0.41292193016435264,0.3632480698356474,332923376.6
2022-12-05 00:00:00+00:00,0.3895,0.3954,0.38,0.3893,338205071.0,0.38811,0.4327333333333333,0.38922850000000003,46.5959584575781,-0.005577725758609431,-0.008037524510907843,0.002459798752298412,0.412950764883331,0.36326923511666903,322768368.9
2022-12-06 00:00:00+00:00,0.3893,0.3925,0.3808,0.3914,302191639.0,0.38892,0.43062833333333334,0.389135,47.41103623660522,-0.0052406194176496945,-0.007478143492256214,0.002237524074606519,0.41307099169783595,0.364769008302164,319714130.35
2022-12-07 00:00:00+00:00,0.3914,0.3925,0.3733,0.3835,307733325.0,0.389,0.42840333333333336,0.38898000000000005,44.650198980632354,-0.00554698203464532,-0.007091911200734035,0.0015449291660887144,0.4130679039384185,0.3649320960615815,314412175.95
2022-12-08 00:00:00+00:00,0.3834,0.3962,0.3826,0.3941,276255107.0,0.38956,0.4260966666666667,0.3888415,48.94609519814785,-0.004878212209959376,-0.0066491714025791035,0.0017709591926197274,0.41355519951967373,0.3655648004803263,313595375.85
2022-12-09 00:00:00+00:00,0.3942,0.3952,0.3843,0.3889,259535105.0,0.3898,0.42434666666666665,0.38876000000000005,47.01818952658629,-0.004713469900476497,-0.006262031102158583,0.0015485612016820863,0.4136676349894361,0.36593236501056386,319306462.45
2022-12-10 00:00:00+00:00,0.3889,0.3893,0.3854,0.3865,99433210.0,0.391085,0.42268666666666665,0.3886495,46.115359671441695,-0.004722136525235232,-0.005954052186773914,0.0012319156615386816,0.4110107898209575,0.3711592101790425,308859430.85
2022-12-11 00:00:00+00:00,0.3865,0.3886,0.3778,0.3809,96374128.0,0.391905,0.42089999999999994,0.38852400000000004,43.99269194857309,-0.0051218367409267,-0.005787609097604471,0.0006657723566777718,0.40845014732448715,0.37535985267551286,284092813.55
2022-12-12 00:00:00+00:00,0.3808,0.3898,0.3707,0.3874,348028456.0,0.39249,0.4193716666666667,0.388501,47.039854341654454,-0.004858105152184378,-0.0056017083085204535,0.0007436031563360758,0.4074536760185789,0.3775263239814211,278258974.0
2022-12-13 00:00:00+00:00,0.3875,0.397,0.3786,0.3952,440118070.0,0.393175,0.41781999999999997,0.38856750000000007,50.51887041685292,-0.003973892595167616,-0.005276145165849886,0.00130225257068227,0.40729404741790337,0.3790559525820966,282561937.4
2022-12-14 00:00:00+00:00,0.3953,0.3956,0.3768,0.3853,329607186.0,0.39235,0.41621166666666665,0.38856250000000003,46.356478434751814,-0.004025590533742351,-0.00502603423942838,0.0010004437056860289,0.4062837719225266,0.3784162280774733,276337902.15
2022-12-15 00:00:00+00:00,0.3852,0.3867,0.3735,0.378,226540166.0,0.39086,0.41456833333333337,0.38850700000000005,43.50973620379016,-0.0046025551234092354,-0.004941338416224552,0.00033878329281531675,0.4042283806045822,0.37749161939541775,266239747.6
2022-12-16 00:00:00+00:00,0.3779,0.3799,0.344,0.3511,376428572.0,0.38861500000000004,0.41241333333333335,0.388169,34.98416756267234,-0.007148011082568073,-0.005382672949493256,-0.0017653381330748168,0.4102815894867868,0.3669484105132133,275832106.65
2022-12-17 00:00:00+00:00,0.351,0.3598,0.3467,0.3545,208492422.0,0.38653,0.4105583333333333,0.387833,36.673191584472534,-0.008789630297492301,-0.006064064419093065,-0.0027255658783992363,0.4124782639108844,0.3605817360891156,276285118.65
2022-12-18 00:00:00+00:00,0.3545,0.3556,0.3473,0.3499,115421793.0,0.384585,0.4088833333333334,0.3875925,35.33569128234413,-0.0103425840379886,-0.006919768342872173,-0.003422815695116427,0.4150070495691674,0.3541629504308326,260309693.45
2022-12-19 00:00:00+00:00,0.3499,0.353,0.332,0.3389,365699862.0,0.381625,0.40709,0.3872595,32.30185473935225,-0.012318914358457389,-0.007999597545989216,-0.004319316812468173,0.41728096023091843,0.34596903976908155,260812782.7
2022-12-20 00:00:00+00:00,0.3389,0.3532,0.3359,0.3482,312424782.0,0.378645,0.40520333333333336,0.3870485,37.21027891908859,-0.01298505447439774,-0.008996688931670922,-0.003988365542726817,0.41500769929459025,0.34228230070540977,259946160.6
2022-12-21 00:00:00+00:00,0.3482,0.3505,0.3371,0.3449,287425951.0,0.376045,0.4031966666666667,0.3868105,36.20710823671666,-0.013622229158118615,-0.00992179697696046,-0.0037004321811581545,0.4142065238163881,0.3378834761836119,261757283.0
2022-12-22 00:00:00+00:00,0.3448,0.3503,0.3414,0.3492,255155313.0,0.37370000000000003,0.4012033333333333,0.38658000000000003,38.53250270950895,-0.01362318107091276,-0.010662073795750921,-0.0029611072751618388,0.4124039532863082,0.3349960467136919,261621194.75
2022-12-23 00:00:00+00:00,0.3492,0.355,0.3471,0.3543,221882542.0,0.37205,0.39955999999999997,0.38633850000000003,41.267092878531116,-0.013061839337963288,-0.011142026904193395,-0.0019198124337698932,0.4111061902902562,0.3329938097097438,265069359.95
2022-12-24 00:00:00+00:00,0.3542,0.3544,0.3509,0.3517,62857912.0,0.37016,0.39774666666666664,0.386059,40.28317629689744,-0.012680596221402163,-0.011449740767635148,-0.0012308554537670147,0.4093138197368874,0.33100618026311257,261490530.6
2022-12-25 00:00:00+00:00,0.3518,0.3519,0.3439,0.3457,100344595.0,0.36798000000000003,0.3956933333333333,0.38578450000000003,38.02976419396679,-0.0127160257315449,-0.011702997760417099,-0.0010130279711278011,0.4074819290666753,0.32847807093332476,249597506.8
2022-12-26 00:00:00+00:00,0.3457,0.37,0.3455,0.3658,337834881.0,0.3667,0.39409833333333333,0.3856125,48.435986898380406,-0.010995453117194576,-0.011561488831772595,0.0005660357145780195,0.4047144709286954,0.32868552907130466,251379668.9
2022-12-27 00:00:00+00:00,0.3657,0.3731,0.3586,0.3675,385194770.0,0.3659,0.3923166666666667,0.3855425,49.212774002385366,-0.009386509295499113,-0.011126492924517898,0.0017399836290187855,0.403131975504781,0.328668024495219,255252741.15
2022-12-28 00:00:00+00:00,0.3675,0.3687,0.3546,0.3558,337095747.0,0.363985,0.39041166666666666,0.3855220000000001,44.269839374380474,-0.008952305340660882,-0.010691655407746496,0.0017393500670856137,0.39909774839696527,0.32887225160303474,258294773.15
2022-12-29 00:00:00+00:00,0.3559,0.3577,0.3361,0.3421,347820025.0,0.361645,0.3884766666666667,0.3855159999999999,39.293122321687235,-0.009602973976150397,-0.010473919121427276,0.0008709451452768788,0.3960345609159023,0.3272554390840977,262709019.15
2022-12-30 00:00:00+00:00,0.3421,0.3461,0.3337,0.3451,270037618.0,0.35957500000000003,0.3864933333333333,0.3856825,40.8609373089761,-0.00976400525493959,-0.010331936348129738,0.000567931093190149,0.39269139322131147,0.3264586067786886,271239239.55
2022-12-31 00:00:00+00:00,0.345,0.3453,0.3384,0.3389,138156698.0,0.357475,0.384415,0.38577000000000006,38.63993785088884,-0.010273485541683947,-0.01032024618684058,4.6760645156632835e-05,0.3902407671967023,0.32470923280329766,273328368.05
2023-01-01 00:00:00+00:00,0.3389,0.34,0.3354,0.3387,102026821.0,0.35504,0.382565,0.38574549999999996,38.56711289226971,-0.010571528666151075,-0.01037050268270268,-0.00020102598344839614,0.38572024771719515,0.3243597522828049,261028286.3
2023-01-02 00:00:00+00:00,0.3386,0.3555,0.3,0.3482,647520487.0,0.35269000000000006,0.38078833333333334,0.3859205,43.969056610187614,-0.009926730217615087,-0.010281748189685162,0.0003550179720700746,0.3773066528997836,0.3280733471002165,271398407.15
2023-01-03 00:00:00+00:00,0.3482,0.352,0.3395,0.3436,346410334.0,0.35060499999999994,0.378075,0.3860335,42.041334060938624,-0.009675372684230854,-0.010160473088594302,0.0004851004043634477,0.3704149444721178,0.3307950555278821,272238564.55
2023-01-04 00:00:00+00:00,0.3436,0.3605,0.339,0.3472,372672796.0,0.349065,0.37564499999999995,0.38623199999999996,44.10665172308401,-0.00908099999928047,-0.009944578470731536,0.000863578471451066,0.36440022415839984,0.3337297758416002,279545196.05
2023-01-05 00:00:00+00:00,0.3471,0.3487,0.3333,0.338,265529668.0,0.34841,0.37343,0.38629,40.167412589361504,-0.009245739348686555,-0.00980481064632254,0.0005590712976359848,0.36444469987210115,0.33237530012789884,274000250.85
2023-01-06 00:00:00+00:00,0.338,0.3462,0.3311,0.3443,278304929.0,0.3479,0.37142166666666665,0.38639799999999996,43.86468799348834,-0.008766879985985465,-0.009597224514255126,0.0008303445282696609,0.36377551573928707,0.3320244842607129,277490876.2
2023-01-07 00:00:00+00:00,0.3442,0.3457,0.3413,0.3442,103851424.0,0.347615,0.37039333333333335,0.386472,43.81840252198556,-0.008299775015367938,-0.009337734614477688,0.0010379595991097494,0.3635412393548618,0.3316887606451382,276912357.75
2023-01-08 00:00:00+00:00,0.3442,0.3469,0.3354,0.3452,185516324.0,0.34793,0.37059499999999995,0.3865865,44.44965211914996,-0.0077594531721164595,-0.009022078326005442,0.001262625153888983,0.3633968807452684,0.33246311925473165,267903180.85
2023-01-09 00:00:00+00:00,0.3452,0.3576,0.3437,0.349,527746615.0,0.34797,0.3698416666666667,0.3866525,46.891611489187184,-0.006944563372735746,-0.008606575335351504,0.0016620119626157576,0.36344360332916525,0.33249639667083475,278669272.5
2023-01-10 00:00:00+00:00,0.3489,0.3541,0.3432,0.3507,338577860.0,0.34826,0.3692816666666667,0.38657,47.9930569207556,-0.006091364089770901,-0.008103533086235383,0.002012168996464482,0.3637099708733822,0.33281002912661783,281226867.95
2023-01-11 00:00:00+00:00,0.3506,0.3785,0.3477,0.3728,626037461.0,0.34944000000000003,0.369435,0.38659600000000005,59.695602292654165,-0.0035905228955419033,-0.007200931048096688,0.0036104081525547846,0.36823887230629476,0.3306411276937053,299770975.35
2023-01-12 00:00:00+00:00,0.3728,0.382,0.3607,0.3748,505754231.0,0.35046499999999997,0.37000166666666673,0.386674,60.56051571974558,-0.0014307125821653721,-0.006046887354910426,0.0046161747727450535,0.37221579538748845,0.3287142046125115,313964559.8
2023-01-13 00:00:00+00:00,0.3748,0.3868,0.368,0.3858,405120914.0,0.35217,0.37013833333333335,0.3868345,65.00819917072724,0.00115524378965004,-0.0046064611259983325,0.0057617049156483725,0.37883226546991855,0.3255077345300814,331077709.9
2023-01-14 00:00:00+00:00,0.3857,0.4089,0.3766,0.3953,582781070.0,0.35465,0.37024666666666667,0.3871235,68.3299496073112,0.003925947570535049,-0.002899979386691656,0.006825926957226705,0.38705280852007196,0.3222471914799281,355199533.65
2023-01-15 00:00:00+00:00,0.3953,0.3969,0.3795,0.3845,294014260.0,0.355585,0.3704016666666667,0.38739799999999996,61.21541731282392,0.005190448281250815,-0.001281893853103162,0.006472342134353977,0.3902229141980065,0.3209470858019935,353008502.6
2023-01-16 00:00:00+00:00,0.3846,0.4064,0.3777,0.3855,542041099.0,0.35648500000000005,0.37046166666666663,0.387665,61.613955140297286,0.00620177563829305,0.00021484004517608054,0.005986935593116969,0.3931883118395122,0.3197816881604879,360850819.05
2023-01-17 00:00:00+00:00,0.3855,0.3987,0.379,0.3868,378212343.0,0.358035,0.37052666666666667,0.38802949999999997,62.15834321650222,0.007027154329556473,0.0015773029020521591,0.0054498514275043135,0.39703793706874513,0.31903206293125486,362906648.85
2023-01-18 00:00:00+00:00,0.3868,0.3964,0.3655,0.3782,615064764.0,0.35984000000000005,0.3704283333333333,0.38834250000000003,56.45442835788102,0.006907697129497237,0.002643381747541175,0.004264315381956062,0.3990667459775664,0.3206132540224337,376268885.8
2023-01-19 00:00:00+00:00,0.3782,0.3965,0.3762,0.3928,416112670.0,0.362225,0.3709616666666667,0.388699,62.710469638134335,0.00790005747555339,0.0036947168931436183,0.004205340582409772,0.40333221956041976,0.3211177804395803,383572638.4
2023-01-20 00:00:00+00:00,0.3929,0.4141,0.3859,0.4129,366316527.0,0.365925,0.37176833333333337,0.38911999999999997,69.25847345990066,0.010190937433568303,0.004993961001228555,0.005196976432339748,0.41108940523231324,0.32076059476768676,394980629.85
2023-01-21 00:00:00+00:00,0.4129,0.4166,0.3967,0.4034,346602583.0,0.36916000000000004,0.37223,0.38951099999999994,63.5761197983996,0.011111815606559272,0.006217531922294699,0.004894283684264573,0.4153183968524542,0.3230016031475459,407209417.95
2023-01-22 00:00:00+00:00,0.4034,0.4122,0.3962,0.4004,250067543.0,0.37177,0.372545,0.389851,61.85036169379602,0.011467354738030122,0.007267496485441784,0.004199858252588338,0.4187877881230996,0.3247522118769004,387336770.75
2023-01-23 00:00:00+00:00,0.4004,0.433,0.3995,0.4234,723894773.0,0.37576,0.37290500000000004,0.390257,68.8350049624375,0.013449986767096689,0.008503994541772766,0.0049459922253239225,0.42597367941098063,0.32554632058901933,406210992.7
2023-01-24 00:00:00+00:00,0.4233,0.4312,0.4025,0.4078,411297898.0,0.37879,0.37290500000000004,0.390595,60.71541300896627,0.013605610302495297,0.009524317693917273,0.004081292608578023,0.4290579579850702,0.32852204201492985,408142247.8
2023-01-25 00:00:00+00:00,0.4079,0.4245,0.3965,0.417,375065459.0,0.38273999999999997,0.37325500000000006,0.39095599999999997,63.45333178083543,0.014306391017665232,0.010480732358666867,0.0038256586589983654,0.43197102273961846,0.3335089772603815,413619037.35
2023-01-26 00:00:00+00:00,0.417,0.4178,0.4053,0.4092,290069659.0,0.38598499999999997,0.3734716666666667,0.3913745,59.65710621437429,0.01407017772023239,0.011198621430979973,0.002871556289252418,0.4331662791262475,0.33880372087375243,414207273.85
2023-01-27 00:00:00+00:00,0.4091,0.4135,0.3988,0.4128,274281738.0,0.38941499999999996,0.3738716666666667,0.3918625,60.82212007199975,0.014011945903494638,0.011761286325482907,0.002250659578011731,0.4338405005598015,0.3449894994401984,422728789.55
2023-01-28 00:00:00+00:00,0.4127,0.4168,0.4055,0.4078,148949278.0,0.392545,0.37403333333333333,0.3923435,58.303787962573416,0.013407781991195855,0.012090585458625498,0.0013171965325703573,0.4326828362644147,0.3524071637355852,420900437.25
2023-01-29 00:00:00+00:00,0.4078,0.4173,0.4066,0.4134,166884667.0,0.395765,0.37412666666666666,0.39279200000000003,60.28707698727889,0.013228362607016486,0.012318140888303696,0.0009102217187127899,0.4315046852250969,0.36002531477490307,402857339.85
2023-01-30 00:00:00+00:00,0.4135,0.4222,0.386,0.3934,433795926.0,0.3979,0.3740683333333334,0.39309000000000005,50.963631700847365,0.011341599697964111,0.012122832650235778,-0.0007812329522716675,0.42712396277011444,0.3686760372298855,407618243.15
2023-01-31 00:00:00+00:00,0.3933,0.4113,0.388,0.4057,346580963.0,0.399545,0.37422833333333333,0.39344749999999995,55.519599891323814,0.010715314231350803,0.011841328966458784,-0.0011260147351079813,0.4265520712960339,0.37253792870396607,393645418.25
2023-02-01 00:00:00+00:00,0.4058,0.4157,0.3962,0.4131,379103907.0,0.40146,0.37465833333333337,0.3937605,58.04514923030098,0.010692836281937512,0.01161163042955453,-0.0009187941476170181,0.42653982456057227,0.3763801754394277,387312902.05
2023-02-02 00:00:00+00:00,0.4132,0.4192,0.408,0.4098,322532370.0,0.40266,0.3749966666666667,0.394093,56.50438486005307,0.010290121805537567,0.011347328704751138,-0.0010572068992135714,0.42691080617194205,0.378409193828058,383183474.85
2023-02-03 00:00:00+00:00,0.4097,0.4137,0.4054,0.4117,274689680.0,0.40347999999999995,0.37537000000000004,0.394325,57.2086730301122,0.010008905371827803,0.011079644038166473,-0.00107073866633867,0.42778889549093313,0.37917110450906677,367778905.35
2023-02-04 00:00:00+00:00,0.4116,0.4204,0.4075,0.4106,178134111.0,0.40478500000000006,0.37568999999999997,0.3945135000000001,56.636894145145426,0.009586768218672492,0.010781068874267677,-0.0011943006555951846,0.4276367198475111,0.381933280152489,361984897.9
2023-02-05 00:00:00+00:00,0.4106,0.412,0.3942,0.3984,237111362.0,0.40542999999999996,0.3759383333333333,0.39468800000000004,50.596832169821035,0.00817356368877964,0.01025956783717007,-0.002086004148390431,0.42674451148840004,0.3841154885115999,346738411.05
2023-02-06 00:00:00+00:00,0.3985,0.4037,0.3909,0.392,315995053.0,0.40569000000000005,0.37590333333333337,0.3948135,47.72166950241782,0.0064626648270256215,0.009500187235141181,-0.0030375224081155595,0.42620086541297425,0.38517913458702585,343627546.55
2023-02-07 00:00:00+00:00,0.3921,0.4048,0.3901,0.4036,356160688.0,0.40696000000000004,0.3761483333333333,0.3950425000000001,52.941321183842334,0.005973924524203755,0.008794934692953697,-0.0028210101687499416,0.42320738748196646,0.39071261251803363,330682342.75
2023-02-08 00:00:00+00:00,0.4037,0.406,0.3936,0.3975,263188839.0,0.40719500000000003,0.3763316666666666,0.39523400000000003,50.108076555749605,0.005036319733967842,0.008043211701156527,-0.0030068919671886844,0.42273700437489203,0.391652995625108,323036151.2
2023-02-09 00:00:00+00:00,0.3975,0.4092,0.3726,0.3819,526681339.0,0.405645,0.3763483333333334,0.3953505,43.67134608599652,0.0029998906848204276,0.0070345474978893065,-0.004034656813068879,0.42444398667452954,0.3868460133254704,331054391.8
2023-02-10 00:00:00+00:00,0.3818,0.3878,0.3771,0.3817,279931749.0,0.40456000000000003,0.37625333333333333,0.395578,43.594029141533014,0.0013542566356614105,0.005898489325443727,-0.004544232689782317,0.42606250217972613,0.38305749782027393,327720850.1
2023-02-11 00:00:00+00:00,0.3818,0.3841,0.3798,0.3833,123179600.0,0.403705,0.376055,0.3958085,44.441458701969765,0.00017714441326432961,0.004754220343007849,-0.004577075929743519,0.4270795566800552,0.38033044331994476,321376452.95
2023-02-12 00:00:00+00:00,0.3834,0.385,0.3716,0.3747,135976322.0,0.40126999999999996,0.3758783333333333,0.39588500000000004,40.88584432814198,-0.0014331531332093528,0.0035167456477644085,-0.004949898780973761,0.42603554865108134,0.3765044513489186,291980530.4
2023-02-13 00:00:00+00:00,0.3747,0.3783,0.3612,0.3703,382768169.0,0.399395,0.37575,0.395867,39.15959528378806,-0.0030294471866208483,0.002207507080887357,-0.005236954267508205,0.4273694508433866,0.3714205491566134,290554043.95
2023-02-14 00:00:00+00:00,0.3703,0.3839,0.3644,0.3819,372274074.0,0.39764000000000005,0.37626333333333334,0.395937,45.67203765155933,-0.003320225180756642,0.0011019606285585576,-0.004422185809315199,0.4253794592591318,0.3699005407408683,290414474.7
2023-02-15 00:00:00+00:00,0.3819,0.4024,0.3765,0.4011,370966882.0,0.397235,0.37704000000000004,0.396003,54.37694384725695,-0.0019785814419086,0.00048585221446512605,-0.002464433656373726,0.42452032755876357,0.36994967244123644,294459335.85
2023-02-16 00:00:00+00:00,0.401,0.4048,0.384,0.3841,450636395.0,0.39580000000000004,0.37761,0.3960275,47.17017571975265,-0.0022610134819345817,-6.352092481481551e-05,-0.0021974925571197662,0.42267571394380077,0.3689242860561993,303277068.7
2023-02-17 00:00:00+00:00,0.3841,0.4,0.3809,0.395,358052399.0,0.39516,0.378545,0.39610699999999993,51.5995035967335,-0.0015870099408503147,-0.00036821872802191534,-0.0012187912128283993,0.421465771229694,0.36885422877030605,313732224.75
2023-02-18 00:00:00+00:00,0.3949,0.3976,0.3911,0.3943,145625421.0,0.394205,0.37931333333333334,0.3962215,51.30202930890765,-0.001096699360902842,-0.0005139148545981007,-0.0005827845063047412,0.41914400358853543,0.3692659964114646,312669262.45
2023-02-19 00:00:00+00:00,0.3942,0.3981,0.3845,0.3863,237992952.0,0.39385000000000003,0.38000333333333336,0.3963055,47.903085185133364,-0.001338231534893819,-0.0006787781906572444,-0.0006594533442365745,0.4190257422927106,0.36867425770728945,302879113.75
2023-02-20 00:00:00+00:00,0.3862,0.409,0.3774,0.3984,557018367.0,0.393485,0.38082333333333335,0.3964425,52.97759804015167,-0.0005469734770816581,-0.0006524172479421273,0.0001054437708604692,0.41816983542560027,0.3688001645743997,313400983.95
2023-02-21 00:00:00+00:00,0.3985,0.4025,0.3872,0.3919,448284088.0,0.39242499999999997,0.38145,0.39652,50.151550976594166,-0.000439327152846114,-0.0006097992289229247,0.00017047207607681072,0.41541194194513387,0.36943805805486607,316859993.0
2023-02-22 00:00:00+00:00,0.392,0.3977,0.3828,0.3953,389277544.0,0.39170000000000005,0.3821766666666667,0.39663899999999996,51.60577368189864,-7.875721616196207e-05,-0.0005035908263707322,0.0004248336102087701,0.4133234132363267,0.3700765867636734,320197251.7
2023-02-23 00:00:00+00:00,0.3953,0.3979,0.3853,0.3882,348351954.0,0.39052499999999996,0.382885,0.396719,48.42857017757519,-0.0003617436507693528,-0.0004752213912504563,0.00011347774048110353,0.4101336588013798,0.3709163411986201,323880365.4
2023-02-24 00:00:00+00:00,0.3883,0.3908,0.3723,0.3783,356652233.0,0.38891,0.38309333333333334,0.396717,44.33022784365433,-0.0013690778243133916,-0.0006539926778630434,-0.0007150851464503482,0.40689209109055197,0.370927908909448,332806271.5
2023-02-25 00:00:00+00:00,0.3783,0.3795,0.3692,0.3778,179723963.0,0.38788,0.38326499999999997,0.39677,44.127117687884606,-0.00218258376855085,-0.0009597108960006048,-0.001222872872550245,0.405929554010803,0.369830445989197,329936901.55
2023-02-26 00:00:00+00:00,0.3779,0.3807,0.3745,0.3779,130843027.0,0.387175,0.3836333333333333,0.39675250000000006,44.18220087533398,-0.0027870960180981785,-0.0013251879204201197,-0.0014619080976780588,0.4056228589540598,0.3687271410459402,320679300.25
2023-02-27 00:00:00+00:00,0.3779,0.3801,0.3708,0.3785,421412885.0,0.38592,0.38424,0.396744,44.535521391239016,-0.00318109170058567,-0.00169636867645323,-0.0014847230241324398,0.4030990104484766,0.36874098955152335,323941910.1
2023-02-28 00:00:00+00:00,0.3785,0.3827,0.3719,0.3762,371401256.0,0.384855,0.3847583333333333,0.39672700000000005,43.401395894261405,-0.0036370018028127893,-0.002084495301725142,-0.0015525065010876474,0.4016674328991629,0.3680425671008371,329352530.95
2023-03-01 00:00:00+00:00,0.3762,0.3848,0.3726,0.3835,317577485.0,0.384935,0.38550166666666663,0.39675450000000007,47.933430764144696,-0.003370412831021352,-0.0023416788075843837,-0.0010287340234369684,0.40170560225480456,0.3681643977451955,318897338.25
2023-03-02 00:00:00+00:00,0.3836,0.3846,0.3737,0.3772,281873061.0,0.38471,0.3861433333333333,0.396762,44.61330672379381,-0.003625701667013592,-0.0025984833794702256,-0.0010272182875433666,0.40176648263824793,0.36765351736175206,318994403.85
2023-03-03 00:00:00+00:00,0.3772,0.3806,0.3539,0.3774,490515388.0,0.384415,0.38663000000000003,0.39677349999999995,44.74415504326355,-0.0037684413343350154,-0.0028324749704431835,-0.0009359663638918319,0.4017604633835147,0.36706953661648534,337361193.25
2023-03-04 00:00:00+00:00,0.3773,0.38,0.368,0.3735,164275250.0,0.384355,0.3871283333333333,0.39675599999999994,42.62925544877229,-0.0041484403177425855,-0.0030956680399030637,-0.0010527722778395218,0.40184219245587605,0.36686780754412396,338776139.65
2023-03-05 00:00:00+00:00,0.3735,0.3774,0.3653,0.3668,163637644.0,0.38418,0.38745500000000005,0.39669250000000006,39.20120112283451,-0.004933357580324038,-0.0034632059479872586,-0.0014701516323367796,0.40228542460117533,0.3660745753988247,327819613.4
2023-03-06 00:00:00+00:00,0.3668,0.3743,0.3589,0.3695,428373378.0,0.38356,0.38798,0.396688,41.25146898799923,-0.005276716032998174,-0.0038259079649894424,-0.001450808068008732,0.40275191496408935,0.36436808503591067,330624578.6
2023-03-07 00:00:00+00:00,0.3696,0.3844,0.3669,0.3801,562644274.0,0.38251,0.3885766666666666,0.3969165,48.582326996793114,-0.00464001150409038,-0.00398872867280963,-0.0006512828312807504,0.39996805258294355,0.3650519474170565,340208448.2
2023-03-08 00:00:00+00:00,0.3802,0.4018,0.3723,0.3889,682406723.0,0.38275000000000003,0.3893216666666666,0.397177,53.74289745835582,-0.0033862969984892466,-0.003868242337945553,0.0004819453394563065,0.4004195783760911,0.36508042162390897,351796964.6
2023-03-09 00:00:00+00:00,0.3889,0.3976,0.3639,0.3706,655014119.0,0.38153,0.38974500000000006,0.3973054999999999,43.87999080007516,-0.0038252808246024284,-0.0038596500352769286,3.436921067450022e-05,0.3990163489610841,0.36404365103891584,366645050.6
2023-03-10 00:00:00+00:00,0.3706,0.3752,0.3571,0.37,541098785.0,0.380315,0.39009499999999997,0.3974355,43.59748321728228,-0.004173484325692811,-0.003922416893360105,-0.0002510674323327059,0.3974567939547992,0.3631732060452008,386418718.8
2023-03-11 00:00:00+00:00,0.3699,0.3741,0.3582,0.3638,342981412.0,0.37919,0.39031333333333335,0.3975185,40.68274877622416,-0.004893319156168863,-0.004116597345921857,-0.000776721810247006,0.3975247647922949,0.3608552352077051,391668141.8
2023-03-12 00:00:00+00:00,0.3637,0.3715,0.3473,0.3714,389760071.0,0.37784,0.39029,0.3976475,45.49329191372398,-0.0047952601868134215,-0.00425232991410017,-0.0005429302727132518,0.39418642468519516,0.36149357531480486,383305227.0
2023-03-13 00:00:00+00:00,0.3713,0.38,0.3553,0.3724,556402600.0,0.37686499999999995,0.39025,0.397764,46.112550188346944,-0.004584014439462936,-0.004318666819172723,-0.0002653476202902124,0.39202366418879786,0.36170633581120204,388711152.6
2023-03-14 00:00:00+00:00,0.3724,0.387,0.3647,0.3724,544803822.0,0.37572,0.39002666666666663,0.39792950000000005,46.112550188346944,-0.004366269031259973,-0.004328187261590174,-3.8081769669798954e-05,0.3883911641134005,0.3630488358865995,396487466.5
2023-03-15 00:00:00+00:00,0.3724,0.3757,0.356,0.3589,385093409.0,0.374255,0.38942000000000004,0.39805099999999993,39.14879630871636,-0.005222835802254744,-0.0045071169697230885,-0.0007157188325316553,0.38757438061580607,0.36093561938419394,398324539.25
2023-03-16 00:00:00+00:00,0.3589,0.367,0.3562,0.3647,259083315.0,0.373575,0.38909000000000005,0.39826249999999996,43.12291224275136,-0.00537173756525916,-0.004680041088830304,-0.0006916964764288568,0.3873787494902183,0.3597712505097817,393446093.35
2023-03-17 00:00:00+00:00,0.3648,0.3825,0.362,0.3798,405873760.0,0.37367500000000003,0.38899500000000004,0.398493,51.92566118807628,-0.004222623703621475,-0.004588557611788538,0.00036593390816706296,0.3876279029233598,0.35972209707664027,404753583.2
2023-03-18 00:00:00+00:00,0.3797,0.3898,0.3691,0.3739,360335327.0,0.373475,0.38877999999999996,0.398729,48.75081566630141,-0.003744855023379734,-0.004419817094106777,0.0006749620707270435,0.38729395437392783,0.3596560456260722,416228198.2
2023-03-19 00:00:00+00:00,0.3739,0.4,0.3736,0.3857,476291604.0,0.37383500000000003,0.388905,0.39901900000000007,54.71449711316449,-0.0023865478804737106,-0.004013163251380164,0.0016266153709064536,0.38850759690677505,0.359162403093225,418972134.15
2023-03-20 00:00:00+00:00,0.3858,0.3913,0.3707,0.3734,443129416.0,0.373695,0.38858166666666666,0.39922050000000003,48.39302743295584,-0.0022763465818382844,-0.003665799917471788,0.0013894533356335038,0.38832804137863014,0.35906195862136986,422558542.15
2023-03-21 00:00:00+00:00,0.3734,0.4929,0.3728,0.4696,1698380685.0,0.378,0.3895266666666667,0.39991150000000003,73.84510601184762,0.005510008812612155,-0.0018306381714549998,0.007340646984067155,0.42227550112634255,0.33372449887365746,491598702.15
2023-03-22 00:00:00+00:00,0.4696,0.475,0.4069,0.4213,1409641087.0,0.380205,0.38982500000000003,0.4003695,58.29868644277855,0.007694646129487948,7.441868873358961e-05,0.007620227440754358,0.4283269482148093,0.3320830517851907,547987103.45
2023-03-23 00:00:00+00:00,0.4213,0.4557,0.4116,0.4438,837629903.0,0.383525,0.39054833333333333,0.40093,62.2822729284788,0.011113440082829606,0.002282222967552793,0.008831217115276813,0.4390130482625658,0.3280369517374342,565342829.2
2023-03-24 00:00:00+00:00,0.4437,0.444,0.4141,0.4259,507977567.0,0.386145,0.39058999999999994,0.401395,57.570546529893875,0.012237413236213135,0.0042732610212848614,0.007964152214928273,0.44437294775697384,0.3279170522430262,582527945.05
2023-03-25 00:00:00+00:00,0.426,0.465,0.4223,0.4429,635312958.0,0.38995,0.391175,0.4020035,60.61771909694222,0.01433468663859383,0.006285546144746655,0.008049140493847175,0.4524156865806254,0.3274843134193746,606111710.75
2023-03-26 00:00:00+00:00,0.4429,0.4632,0.4403,0.4479,364479792.0,0.39387,0.39169,0.40255850000000004,61.4936458268028,0.016213351707255685,0.008271107257248462,0.007942244450007224,0.46041694884056655,0.32732305115943344,602917031.45
2023-03-27 00:00:00+00:00,0.4479,0.4888,0.4425,0.479,1003256531.0,0.39881500000000003,0.39285333333333333,0.4032555,66.48662893858057,0.019981384433902405,0.010613162692579252,0.009368221741323153,0.4745922069951714,0.32303779300482865,624947644.3
2023-03-28 00:00:00+00:00,0.4789,0.534,0.4666,0.5144,1126346466.0,0.40509000000000006,0.39454666666666666,0.4040435,71.08293978140134,0.02552977036578913,0.013596484227221229,0.0119332861385679,0.49584791756088914,0.314332082439111,647144631.45
2023-03-29 00:00:00+00:00,0.5145,0.585,0.5145,0.5425,1291815558.0,0.41368499999999997,0.3967916666666667,0.4049695,74.11743421077725,0.031827454268369415,0.017242678235450865,0.01458477603291855,0.5208292630288214,0.30654073697117856,678984703.4
2023-03-30 00:00:00+00:00,0.5425,0.558,0.5214,0.5319,827691286.0,0.42178000000000004,0.39876666666666666,0.405853,71.08698821862104,0.03555324702089391,0.020904791992539473,0.014648455028354435,0.5385321237493751,0.30502787625062505,693314328.45
2023-03-31 00:00:00+00:00,0.5319,0.564,0.5257,0.5374,532875635.0,0.43046000000000006,0.40116666666666667,0.40674099999999996,71.73280655356906,0.038505896647277604,0.0244250129234871,0.014080883723790506,0.5542782119075764,0.30664178809242365,702809039.6
2023-04-01 00:00:00+00:00,0.5375,0.5375,0.4972,0.5095,516087832.0,0.43736499999999995,0.4028966666666667,0.4076255,63.93164752882748,0.03815477146399093,0.027170964631587868,0.010983806832403065,0.5626330370245721,0.31209696297542777,709125427.65
2023-04-02 00:00:00+00:00,0.5095,0.529,0.5015,0.518,391347744.0,0.44464500000000007,0.40464500000000003,0.408508,65.17427480562243,0.03812292385356414,0.029361356475983123,0.008761567377581016,0.5708844466875933,0.31840555331240683,700872684.85
2023-04-03 00:00:00+00:00,0.5179,0.525,0.481,0.4959,522070023.0,0.45081999999999994,0.40608,0.40935699999999997,59.44032623695771,0.03590055978438578,0.030669197137663657,0.00523136264672212,0.5743733180452462,0.32726668195475367,699735994.9
2023-04-04 00:00:00+00:00,0.4958,0.5078,0.4871,0.5026,360227447.0,0.458005,0.407595,0.410094,60.57283190060708,0.03428474110016472,0.03139230593016387,0.0028924351700008455,0.5759257441461844,0.34008425585381563,698492696.8
2023-04-05 00:00:00+00:00,0.5026,0.5271,0.4986,0.5055,411989031.0,0.46504500000000004,0.40917666666666663,0.4107405,61.0793948159273,0.03285941602164205,0.03168572794845951,0.0011736880731825425,0.5764767993213337,0.3536132006786664,706137982.6
2023-04-06 00:00:00+00:00,0.5056,0.5097,0.4913,0.5028,315900045.0,0.471195,0.4109166666666667,0.4114665,60.30256825453009,0.031152857444205262,0.03157915384760866,-0.0004262964034034006,0.5765396814034294,0.3658503185965705,701639296.85
2023-04-07 00:00:00+00:00,0.5028,0.5156,0.4971,0.5126,318185786.0,0.47813,0.4129266666666666,0.41210550000000007,62.182611632411906,0.030242558189014557,0.031311834715889844,-0.0010692765268752874,0.5748498862695265,0.38141011373047345,699531819.8
2023-04-08 00:00:00+00:00,0.5127,0.513,0.5022,0.5048,136614694.0,0.484085,0.4146133333333334,0.41255949999999997,59.756859430969605,0.02856249400686789,0.030761966574085454,-0.0021994725672175655,0.5715291827681535,0.3966408172318465,682547974.3
2023-04-09 00:00:00+00:00,0.5049,0.5093,0.4983,0.5054,116122379.0,0.49068500000000004,0.4164116666666667,0.4131185,59.8864906083704,0.02696856914613338,0.03000328708849504,-0.00303471794236166,0.5621893851801435,0.4191806148198566,666197622.45
2023-04-10 00:00:00+00:00,0.5053,0.5199,0.5,0.5176,264898196.0,0.49308500000000005,0.41867333333333334,0.4132755,62.529509354656106,0.02638565286896377,0.02927976024458879,-0.002894107375625017,0.5648192672646091,0.4213507327353911,594523498.0
2023-04-11 00:00:00+00:00,0.5176,0.5283,0.511,0.5167,358821527.0,0.49785500000000005,0.42092333333333337,0.41332450000000004,62.203901724345016,0.025556466009426793,0.02853510139755639,-0.002978635388129598,0.5621644853034171,0.433545514696583,541982520.0
2023-04-12 00:00:00+00:00,0.5166,0.5179,0.4984,0.5049,339100343.0,0.50091,0.42295000000000005,0.41341,57.94361050723036,0.023674265865807398,0.027562934291206594,-0.0038886684253991964,0.5602725774372243,0.4415474225627756,517056042.0
2023-04-13 00:00:00+00:00,0.5049,0.5156,0.5014,0.5125,273342378.0,0.5052399999999999,0.42524666666666666,0.413514,59.85088795376568,0.022536083236295856,0.026557564080224447,-0.004021480843928591,0.5537218068969227,0.4567581931030771,505324282.55
2023-04-14 00:00:00+00:00,0.5124,0.5465,0.5111,0.5227,462335443.0,0.50923,0.4277866666666667,0.413786,62.32065768477733,0.022201198461193727,0.025686290956418306,-0.0034850924952245788,0.5488597918237097,0.4696002081762902,496675406.8
2023-04-15 00:00:00+00:00,0.5227,0.5261,0.516,0.5192,152508925.0,0.5127949999999999,0.43007499999999993,0.41415349999999995,60.935486782869454,0.021406616959775304,0.024830356157089707,-0.003423739197314403,0.5408536867117941,0.48473631328820566,486076863.45
2023-04-16 00:00:00+00:00,0.5192,0.5244,0.5152,0.5209,157240759.0,0.5148900000000001,0.43207166666666663,0.4145135,61.38443810099523,0.020675744080205005,0.023999433741712768,-0.003323689661507763,0.5384367959601863,0.49134320403981374,443776074.85
2023-04-17 00:00:00+00:00,0.5208,0.521,0.5066,0.5109,299749754.0,0.514715,0.434185,0.4146295,57.21871233814299,0.01906978106538265,0.023013503206446746,-0.003943722141064095,0.5383256988458759,0.4911043011541242,402446239.25
2023-04-18 00:00:00+00:00,0.511,0.5391,0.5092,0.5324,358112470.0,0.5142100000000001,0.436475,0.414892,63.02806469974765,0.019309328206870813,0.022272668206531558,-0.0029633399996607454,0.5357644798125736,0.4926555201874266,355761084.85
2023-04-19 00:00:00+00:00,0.5325,0.5375,0.471,0.4911,620153279.0,0.51217,0.4380883333333333,0.4149705,49.205620266029825,0.01598237137234587,0.021014608839694422,-0.005032237467348551,0.534355049019342,0.4899849509806579,345384184.5
2023-04-20 00:00:00+00:00,0.4911,0.4993,0.465,0.4752,454997513.0,0.50906,0.43956999999999996,0.41510400000000003,45.10449996308304,0.011925269905155689,0.019196741052786674,-0.007271471147630985,0.5335453752266648,0.48457462477333507,341490278.4
2023-04-21 00:00:00+00:00,0.4752,0.4792,0.4403,0.4491,425209825.0,0.50604,0.440415,0.415039,39.31229103030095,0.006528677360717161,0.01666312831437277,-0.010134450953655609,0.5418457760702172,0.47023422392978287,336946378.05
2023-04-22 00:00:00+00:00,0.4491,0.4761,0.4455,0.4719,242021955.0,0.503735,0.44174833333333335,0.41500099999999995,45.853711458010295,0.00404498032606343,0.014139498716710903,-0.010094518390647473,0.5420142515599575,0.46545574844004256,329480088.6
2023-04-23 00:00:00+00:00,0.472,0.472,0.4526,0.4647,222191297.0,0.502175,0.44290499999999994,0.41488100000000006,44.23230022427015,0.0014786082296701641,0.011607320619302756,-0.010128712389632592,0.5439845144672896,0.4603654855327105,314486152.3
2023-04-24 00:00:00+00:00,0.4648,0.4857,0.4469,0.4611,408426760.0,0.5001,0.44412,0.4147195,43.405840784291144,-0.0008361118826569203,0.009118634118910821,-0.009954746001567741,0.5455775549033858,0.45462244509661426,316896117.95
2023-04-25 00:00:00+00:00,0.461,0.4723,0.4506,0.4695,377056298.0,0.49829999999999997,0.44564,0.4144785,45.94382435085001,-0.001970025225561056,0.006900902250016446,-0.008870927475577502,0.545593635935403,0.45100636406459693,315149481.3
2023-04-26 00:00:00+00:00,0.4696,0.4831,0.4329,0.4618,551155391.0,0.49624999999999997,0.44704000000000005,0.4142025,43.99609998927243,-0.0034502134546106067,0.004830679109091036,-0.008280892563701642,0.5460724648124761,0.44642753518752387,326912248.6
2023-04-27 00:00:00+00:00,0.4618,0.4699,0.4557,0.4667,345756985.0,0.49395500000000003,0.44852000000000003,0.4138735,45.577242214238375,-0.004179703224326203,0.003028602642407588,-0.007208305866733791,0.5447721811495915,0.44313781885040865,328290808.55
2023-04-28 00:00:00+00:00,0.4666,0.483,0.4637,0.4796,384917512.0,0.49269500000000005,0.450205,0.413802,49.61062938672841,-0.003674549018555462,0.0016879723102149783,-0.00536252132877044,0.54362363536352,0.4417663646364801,340705949.45
2023-04-29 00:00:00+00:00,0.4795,0.4869,0.4709,0.478,175533507.0,0.49132499999999996,0.4519016666666667,0.4137615,49.12433305845048,-0.003364533056557817,0.0006774712368604193,-0.004042004293418236,0.542286980926867,0.44036301907313297,343676505.85
2023-04-30 00:00:00+00:00,0.4779,0.4819,0.4687,0.4705,143199211.0,0.48896999999999996,0.45335166666666665,0.4136735,46.80814586347081,-0.003681591399077533,-0.00019434129032717116,-0.003487250108750362,0.5392054496345989,0.438734550365401,337591556.6
2023-05-01 00:00:00+00:00,0.4705,0.4724,0.4544,0.4649,338231418.0,0.4863799999999999,0.45481333333333335,0.4136025,45.098331691131406,-0.004334767121575045,-0.001022426456576746,-0.003312340664998299,0.5359667966296502,0.43679320337034966,336562051.15
2023-05-02 00:00:00+00:00,0.4648,0.4662,0.4574,0.4645,330734355.0,0.48436,0.45626500000000003,0.41348350000000006,44.97196692313136,-0.004829024258898362,-0.0017837460170410692,-0.003045278241857293,0.5340558509333553,0.43466414906664474,336143751.75
2023-05-03 00:00:00+00:00,0.4644,0.4655,0.4497,0.4632,341232638.0,0.481895,0.45776,0.4133905,44.53521270988,-0.005264934845018943,-0.0024799837826366437,-0.002784951062382299,0.5306448707689594,0.43314512923104065,339538264.75
2023-05-04 00:00:00+00:00,0.4633,0.465,0.4547,0.4608,218212542.0,0.4788,0.45932666666666666,0.41331149999999994,43.69159499143479,-0.0057379139669651025,-0.0031315698195023356,-0.002606344147462767,0.5245626922283884,0.43303730777161165,327332119.7
2023-05-05 00:00:00+00:00,0.4608,0.4706,0.4545,0.4671,292855620.0,0.47619500000000003,0.4609533333333333,0.41324500000000003,46.55362640279012,-0.0055405282195785666,-0.0036133614995175816,-0.001927166720060985,0.5182429000663549,0.4341470999336452,334349454.45
2023-05-06 00:00:00+00:00,0.4671,0.4695,0.4512,0.4582,168649976.0,0.47306,0.462255,0.41320700000000005,43.212130094166355,-0.006032712853739242,-0.004097231770361914,-0.0019354810833773278,0.5103932238092309,0.43572677619076905,334919915.3
2023-05-07 00:00:00+00:00,0.4582,0.4601,0.4457,0.449,119401215.0,0.469965,0.4632566666666667,0.4132,40.01477853930969,-0.007083481865076069,-0.004694481789304745,-0.0023890000757713237,0.5043867532962818,0.4355432467037182,325902488.35
2023-05-08 00:00:00+00:00,0.4491,0.4512,0.41,0.4283,483055933.0,0.46475999999999995,0.4642183333333333,0.41310900000000006,33.931294825814305,-0.009477292550709449,-0.005651043941585686,-0.0038262486091237627,0.4901382899343124,0.4393817100656875,332149661.5
2023-05-09 00:00:00+00:00,0.4283,0.4308,0.4202,0.4289,331497882.0,0.46165,0.46520000000000006,0.41294650000000005,34.24335415651575,-0.011196918671354306,-0.00676021888753941,-0.0044366997838148955,0.488553494196665,0.434746505803335,317716891.65
2023-05-10 00:00:00+00:00,0.4289,0.434,0.4119,0.4303,334930240.0,0.459405,0.4663083333333333,0.4127715,35.01464529132849,-0.012304922969052112,-0.00786915970384195,-0.004435763265210162,0.4887900625316666,0.4300199374683334,311713528.0
2023-05-11 00:00:00+00:00,0.4303,0.4305,0.4114,0.4207,288769811.0,0.457985,0.46713,0.41253100000000004,32.22351872439391,-0.013798602427715023,-0.009055048248616566,-0.004743554179098457,0.49165684432118234,0.4243131556788176,304891527.3
2023-05-12 00:00:00+00:00,0.4207,0.4446,0.4157,0.4305,408757650.0,0.45591499999999996,0.46809833333333334,0.41241900000000004,37.68443897962926,-0.014029848699570913,-0.010050008338807436,-0.0039798403607634765,0.49097228312333846,0.42085771687666146,313228312.05
2023-05-13 00:00:00+00:00,0.4305,0.4306,0.4227,0.424,102125283.0,0.45388,0.4689583333333333,0.41223650000000006,35.63365841248823,-0.01456965875644306,-0.010953938422334561,-0.003615720334108499,0.49130627953710987,0.41645372046289014,307225011.35
2023-05-14 00:00:00+00:00,0.424,0.4317,0.421,0.4253,97517794.0,0.45209,0.47006499999999996,0.4120185,36.37936811975848,-0.014722847162750907,-0.01170772017041783,-0.0030151269923330767,0.4913436316789907,0.4128363683210093,291679563.05
2023-05-15 00:00:00+00:00,0.4253,0.4304,0.4214,0.4273,263543031.0,0.44998000000000005,0.47110833333333335,0.41184750000000003,37.577550974945844,-0.014515540675809735,-0.012269284271496213,-0.002246256404313522,0.48979615752417405,0.41016384247582605,286003899.7
2023-05-16 00:00:00+00:00,0.4273,0.443,0.4174,0.4425,357854908.0,0.449015,0.4721533333333333,0.411688,45.91445178672098,-0.01297516618403749,-0.01241046065400447,-0.0005647055300330196,0.48857317361797464,0.40945682638202535,276338875.55
2023-05-17 00:00:00+00:00,0.4426,0.4616,0.4375,0.4484,511331200.0,0.4481,0.473395,0.4115795,48.774311578372654,-0.011149799659896376,-0.012158328455182853,0.0010085287952864772,0.48681723130583865,0.40938276869416135,284617586.3
2023-05-18 00:00:00+00:00,0.4485,0.473,0.443,0.4596,420292099.0,0.4471,0.4746266666666667,0.4115865,53.77148210784098,-0.008699158654829786,-0.01146649449511224,0.002767335840282454,0.48347339687174956,0.41072660312825043,286386315.65
2023-05-19 00:00:00+00:00,0.4597,0.4755,0.4573,0.4675,327924286.0,0.446575,0.476195,0.4116035,56.960776066344955,-0.006049805632001748,-0.010383156722490142,0.004333351090488394,0.4814202507522875,0.4117297492477125,294005854.6
2023-05-20 00:00:00+00:00,0.4674,0.4719,0.4618,0.4685,133085427.0,0.44647500000000007,0.4761766666666667,0.41162800000000005,57.361773236004055,-0.0038253859630395515,-0.009071602570600024,0.005246216607560472,0.48105550751492515,0.411894492485075,293500165.4
2023-05-21 00:00:00+00:00,0.4685,0.4706,0.455,0.4575,152105849.0,0.44610500000000003,0.47678,0.411667,51.66001531359323,-0.002916505755584442,-0.007840583207596907,0.004924077452012465,0.48004138018395287,0.4121686198160472,284193886.95
2023-05-22 00:00:00+00:00,0.4574,0.4674,0.4496,0.4618,289989578.0,0.44597,0.47708,0.411702,53.601571364857854,-0.0018281636471157992,-0.006638099295500686,0.004809935648384887,0.4796329826365666,0.41230701736343334,282156648.1
2023-05-23 00:00:00+00:00,0.4618,0.4672,0.4583,0.4651,270491006.0,0.44606500000000004,0.47773333333333334,0.41149550000000007,55.09228608284588,-0.0006913923239894038,-0.00544875790119843,0.004757365577209027,0.4799320503585681,0.41219794964143197,278619566.5
2023-05-24 00:00:00+00:00,0.4651,0.4651,0.4457,0.453,334128026.0,0.44567499999999993,0.47790166666666667,0.4112954999999999,48.889801994272496,-0.0007581225714090589,-0.004510630835240556,0.0037525082638314973,0.47903011205182466,0.4123198879481752,284415340.7
2023-05-25 00:00:00+00:00,0.453,0.4551,0.4431,0.4538,190174437.0,0.44501,0.478,0.41120999999999996,49.29624930217695,-0.000737946867006678,-0.0037560940415937807,0.0030181471745871027,0.4771377387935998,0.41288226120640026,279281281.55
2023-05-26 00:00:00+00:00,0.4538,0.4699,0.4524,0.4684,284645154.0,0.44551999999999997,0.4778233333333333,0.411228,56.149802577367694,0.00045094232438552817,-0.002914686768397919,0.0033656290927834473,0.47877318631334115,0.4122668136866588,285081040.45
2023-05-27 00:00:00+00:00,0.4684,0.4792,0.4652,0.4714,178798933.0,0.44664000000000004,0.4771066666666667,0.41155549999999996,57.42330773288942,0.0016165855105260696,-0.0020084323126131213,0.003625017823139191,0.4817439826798869,0.4115360173201132,288050926.35
2023-05-28 00:00:00+00:00,0.4714,0.4863,0.4699,0.482,166534206.0,0.449325,0.47609833333333335,0.41229999999999994,61.66020764503382,0.0033570001377241643,-0.0009353458225456641,0.004292345960269828,0.48655734480918206,0.4120926551908179,272224840.0
2023-05-29 00:00:00+00:00,0.482,0.4954,0.4761,0.4946,328535756.0,0.45260999999999996,0.47547666666666666,0.412802,65.99234604133262,0.005687444644643214,0.0003892122708921115,0.005298232373751102,0.4934708810476459,0.411749118952354,272076733.7
2023-05-30 00:00:00+00:00,0.4946,0.5293,0.4893,0.5205,662891231.0,0.45712,0.475195,0.41348300000000004,72.7967145619826,0.009514574162660772,0.0022142846492458437,0.007300289513414928,0.5062169897243195,0.4080230102756806,288474783.25
2023-05-31 00:00:00+00:00,0.5205,0.528,0.5009,0.5166,440917044.0,0.461915,0.4753133333333333,0.41424799999999995,70.50898265852673,0.01209349815355587,0.004190127350107849,0.007903370803448021,0.5144586685052537,0.40937133149474636,296082144.9
2023-06-01 00:00:00+00:00,0.5167,0.5167,0.5014,0.5065,320782418.0,0.465715,0.4751216666666666,0.41507649999999996,64.82711042742659,0.013170506999373333,0.005986203279960946,0.007184303719412387,0.5195969181172129,0.4118330818827871,291683383.3
2023-06-02 00:00:00+00:00,0.5065,0.5271,0.5033,0.5244,293048961.0,0.470735,0.4755966666666666,0.41581049999999997,69.51567534612873,0.01529214632872461,0.00784739188971368,0.00744475443901093,0.5267994013612034,0.4146705986387967,301229567.2
2023-06-03 00:00:00+00:00,0.5245,0.534,0.5144,0.5188,172139129.0,0.47541,0.47586666666666666,0.4164605,66.52785101474453,0.016333406243985882,0.00954459476056812,0.006788811483417761,0.5311323079205281,0.4196876920794718,304960633.95
2023-06-04 00:00:00+00:00,0.5188,0.547,0.5151,0.5359,250235168.0,0.48084,0.4763733333333333,0.41726399999999997,70.67293790539011,0.018327175052307576,0.011301110818916011,0.007026064233391565,0.5379007535876474,0.42377924641235254,304295240.8
2023-06-05 00:00:00+00:00,0.5359,0.5431,0.4867,0.509,616993814.0,0.48416500000000007,0.47647666666666666,0.4178995,58.41738268911282,0.017534518989855308,0.01254779245310387,0.004986726536751437,0.5396295210922286,0.4287004789077715,317252186.1
2023-06-06 00:00:00+00:00,0.5089,0.5328,0.4952,0.53,458413458.0,0.48824499999999993,0.47676666666666667,0.41863500000000003,63.70838380247773,0.018388882257280303,0.013716010413939158,0.0046728718433411455,0.5445838844404138,0.431906115559586,314606299.0
2023-06-07 00:00:00+00:00,0.53,0.5384,0.507,0.5183,467474175.0,0.49117999999999995,0.47699166666666665,0.41930599999999996,59.189589138495876,0.017915361942501817,0.014555880719651691,0.0033594812228501265,0.5473597686003631,0.4350002313996368,316965402.8
2023-06-08 00:00:00+00:00,0.5183,0.5278,0.5156,0.5236,262982251.0,0.493985,0.47729499999999997,0.42012,60.554481428783724,0.017762998596820623,0.015197304295085479,0.002565694301735144,0.5507543323898598,0.43721566761014025,313718301.05
2023-06-09 00:00:00+00:00,0.5237,0.5418,0.5205,0.538,352068623.0,0.49745999999999996,0.477635,0.42098749999999996,64.07049065416969,0.01858991621947137,0.015875826679962658,0.0027140895395087114,0.5560434584160957,0.43887654158390416,324667460.85
2023-06-10 00:00:00+00:00,0.538,0.5388,0.472,0.5067,609302319.0,0.49992000000000003,0.47746833333333333,0.42164250000000003,53.00995204293013,0.016529069157793508,0.016006475175528827,0.0005225939822646811,0.5556472859557189,0.44419271404428123,347527284.35
2023-06-11 00:00:00+00:00,0.5067,0.5293,0.5027,0.5208,221202480.0,0.5028699999999999,0.4777333333333333,0.42233899999999996,56.641192543705586,0.015850866255820273,0.015975353391587115,-0.00012448713576684173,0.5564170671464879,0.449322932853512,344087929.45
2023-06-12 00:00:00+00:00,0.5209,0.528,0.5086,0.5251,356547544.0,0.50587,0.47794333333333333,0.4229555,57.71438064220222,0.01548189399637323,0.015876661512544337,-0.0003947675161711066,0.5572977007068227,0.4544422992931774,348390756.35
2023-06-13 00:00:00+00:00,0.5251,0.5658,0.5054,0.5192,771631184.0,0.50918,0.47788499999999995,0.4235125,55.678038788430435,0.014545726055252395,0.01561047442108595,-0.0010647483658335552,0.5547593198719613,0.4636006801280387,370265914.25
2023-06-14 00:00:00+00:00,0.5193,0.5205,0.461,0.4801,544396397.0,0.5104949999999999,0.47723333333333334,0.42393299999999995,44.47796289564811,0.010527409565140533,0.014593861449896868,-0.004066451884756335,0.5508223839963687,0.47016761600363116,387977012.25
2023-06-15 00:00:00+00:00,0.4802,0.4858,0.4663,0.4801,337742736.0,0.51108,0.47655333333333333,0.4243525,44.47796289564811,0.007259185425421699,0.013126926245001835,-0.005867740819580136,0.5492284259175996,0.47293157408240033,390631891.35
2023-06-16 00:00:00+00:00,0.4801,0.4833,0.4558,0.4759,376661662.0,0.5113049999999999,0.47597,0.424788,43.39059979924952,0.004280842462104362,0.011357709488422341,-0.00707686702631798,0.5485571932238973,0.47405280677610245,400525027.8
2023-06-17 00:00:00+00:00,0.4758,0.4869,0.4694,0.4794,189579671.0,0.5111749999999999,0.47508666666666666,0.4251945,44.60593581615256,0.0021778006251794157,0.009521727715773755,-0.007343927090594339,0.548851086580092,0.4734989134199079,401677301.05
2023-06-18 00:00:00+00:00,0.4794,0.4979,0.4741,0.4868,225020544.0,0.510785,0.47501499999999997,0.4255895,47.187556520645,0.0010956134238828685,0.00783650485739558,-0.006740891433512711,0.549291637090125,0.4722783629098751,396501540.45
2023-06-19 00:00:00+00:00,0.4868,0.4991,0.4811,0.4936,322187608.0,0.50944,0.4753216666666667,0.42607300000000004,49.51589309170458,0.0007777104778655675,0.006424745981489577,-0.00564703550362401,0.548372166649065,0.47050783335093505,379466359.3
2023-06-20 00:00:00+00:00,0.4935,0.4967,0.4716,0.4929,378325906.0,0.5082549999999999,0.47605166666666665,0.42655699999999996,49.27506314016983,0.0004639379648563313,0.005232584378162928,-0.004768646413306597,0.547682882266114,0.4688271177338858,376336802.4
2023-06-21 00:00:00+00:00,0.4928,0.5034,0.4892,0.4999,408749828.0,0.507925,0.47651833333333327,0.42712000000000006,51.799707665533305,0.0007712223154632825,0.0043403119656229994,-0.003569089650159717,0.5475162553474949,0.468333744652505,380735172.9
2023-06-22 00:00:00+00:00,0.4999,0.5272,0.4821,0.4938,442729597.0,0.506395,0.47700333333333333,0.4276415,49.48819226913706,0.0005165736178994185,0.0035755642960782832,-0.0030589906781788648,0.5456852265199698,0.4671047734800303,388219204.7
2023-06-23 00:00:00+00:00,0.4937,0.5023,0.484,0.4961,345391930.0,0.50526,0.47758666666666666,0.4281755,50.38716437443088,0.0004946514347037856,0.002959381723803384,-0.0024647302890995985,0.5443622966076229,0.4661577033923771,396881844.75
2023-06-24 00:00:00+00:00,0.496,0.4961,0.478,0.4865,193097516.0,0.50279,0.47787,0.42865100000000006,46.6548502787648,-0.0002939730841498567,0.0023087107622127363,-0.002602683846362593,0.540035289634939,0.465544710365061,394024962.15
2023-06-25 00:00:00+00:00,0.4865,0.4977,0.4829,0.4903,191583170.0,0.501855,0.478345,0.4291849999999999,48.28771075694298,-0.0006053572731759549,0.0017258971551349983,-0.002331254428310953,0.539367689852775,0.46434231014722516,372754429.95
2023-06-26 00:00:00+00:00,0.4903,0.4919,0.4701,0.479,305338027.0,0.499305,0.47855000000000003,0.4296095,43.976906115903525,-0.0017438450876757772,0.0010319487065728432,-0.0027757937942486204,0.5357362215001151,0.4628737784998848,365100658.4
2023-06-27 00:00:00+00:00,0.479,0.4851,0.4759,0.4838,291583944.0,0.49758,0.47862,0.43008399999999997,46.17503405352256,-0.0022330438587207513,0.0003789501935141243,-0.0026119940522348756,0.5335139727832929,0.4616460272167071,356306146.85
2023-06-28 00:00:00+00:00,0.4839,0.4844,0.4493,0.4647,325837765.0,0.49463500000000005,0.47839833333333337,0.430475,39.52879097009346,-0.0041145181795255725,-0.0005197434810938151,-0.0035947746984317575,0.5312050574239419,0.45806494257605823,359448922.55
2023-06-29 00:00:00+00:00,0.4648,0.4773,0.4612,0.4747,211214558.0,0.49146999999999996,0.47846833333333333,0.430944,44.06800463712209,-0.004743997853323856,-0.0013645943555398233,-0.0033794034977840323,0.523103469616695,0.45983653038330496,352406219.3
2023-06-30 00:00:00+00:00,0.4747,0.4827,0.4498,0.4729,393612239.0,0.48978,0.4786016666666667,0.43137149999999996,43.43597314443174,-0.005326707023925681,-0.0021570168892169946,-0.0031696901347086862,0.5215892816641675,0.45797071833583247,341621715.3
2023-07-01 00:00:00+00:00,0.473,0.476,0.464,0.4732,232549409.0,0.48740000000000006,0.47874666666666665,0.4317615,43.58120856411158,-0.0056986107100219785,-0.0028653356533779916,-0.002833275056643987,0.5165839682015713,0.45821603179842885,342189061.75
2023-07-02 00:00:00+00:00,0.4732,0.4961,0.4697,0.4845,337155089.0,0.48536999999999997,0.4791016666666667,0.43225749999999996,48.903129278948704,-0.00502362230784642,-0.0032969929842716775,-0.0017266293235747429,0.508878389991454,0.4618616100085459,341219439.0
2023-07-03 00:00:00+00:00,0.4844,0.4914,0.4784,0.489,357020349.0,0.48386000000000007,0.4795716666666667,0.4328125,50.88984039025833,-0.004078561624571042,-0.0034533067123315507,-0.0006252549122394914,0.5016719510438997,0.46604804895610036,320488897.25
2023-07-04 00:00:00+00:00,0.489,0.4935,0.4816,0.4872,299439491.0,0.484215,0.47990666666666665,0.4334930000000001,50.05153455568109,-0.0034352398741465673,-0.0034496933446945544,1.4453470547987068e-05,0.5019960320282677,0.46643396797173226,308241051.95
2023-07-05 00:00:00+00:00,0.4872,0.4919,0.4696,0.4777,292620010.0,0.48409500000000005,0.48023166666666667,0.4341090000000001,45.7664949833005,-0.003649899586786687,-0.003489734593112981,-0.00016016499367370578,0.5020173296474059,0.46617267035259424,305984915.65
2023-07-06 00:00:00+00:00,0.4777,0.4842,0.4612,0.4622,304125111.0,0.48340999999999995,0.48045166666666667,0.4346705,39.78212790205874,-0.005012953212509941,-0.0037943783169923735,-0.0012185748955175673,0.5034544406255269,0.463365559374473,302358088.1
2023-07-07 00:00:00+00:00,0.4622,0.4708,0.4575,0.4687,230688947.0,0.48287500000000005,0.48112499999999997,0.4353195,43.13985121157934,-0.005505226529387064,-0.004136547959471311,-0.0013686785699157525,0.5038677487478479,0.46188225125215215,304413551.9
2023-07-08 00:00:00+00:00,0.4686,0.4748,0.4649,0.4704,116031881.0,0.482055,0.48181666666666667,0.4359305,44.01903591278747,-0.005692560592132523,-0.004447750486003554,-0.0012448101061289692,0.5036431889001894,0.46046681109981064,298964118.75
2023-07-09 00:00:00+00:00,0.4705,0.4717,0.4664,0.468,80147955.0,0.48077499999999995,0.482445,0.43654600000000005,43.0079959083958,-0.005965912799786255,-0.004751382948760094,-0.0012145298510261608,0.5025085570027146,0.45904144299728533,286862136.1
2023-07-10 00:00:00+00:00,0.4681,0.48,0.4622,0.478,334545737.0,0.48003,0.48339999999999994,0.43718999999999997,48.332939470211976,-0.005314369226867843,-0.004863980204381644,-0.00045038902248619936,0.5010600832140588,0.4589999167859412,284673127.65
2023-07-11 00:00:00+00:00,0.478,0.4784,0.4709,0.4753,225681776.0,0.4788,0.48414666666666667,0.437795,47.05458448206537,-0.004958722618719602,-0.004882928687249236,-7.579393147036633e-05,0.4978190430881847,0.4597809569118153,275519725.05
2023-07-12 00:00:00+00:00,0.4753,0.4772,0.4648,0.471,220670755.0,0.47766000000000003,0.48493,0.43839150000000005,45.01269310898965,-0.004966592397307457,-0.00489966142926088,-6.69309680465767e-05,0.49565148687547017,0.4596685131245299,264416782.95
2023-07-13 00:00:00+00:00,0.471,0.938,0.4695,0.8153,2499971165.0,0.49362000000000006,0.49143000000000003,0.44073949999999995,88.40377703597508,0.022549368230833755,0.0005901445027580469,0.021959223728075707,0.6420684907299175,0.3451715092700826,372145744.7
2023-07-14 00:00:00+00:00,0.8151,0.8253,0.6686,0.7179,1525175518.0,0.50519,0.4962733333333333,0.4425,71.27005360548712,0.03608068361492334,0.007688252325191105,0.02839243128973223,0.6828178683089748,0.3275621316910252,438749644.8
2023-07-15 00:00:00+00:00,0.7178,0.7362,0.6919,0.7145,703355719.0,0.5164,0.5008066666666667,0.444235,70.75454028826412,0.04599974058405443,0.01535054997696377,0.030649190607090655,0.7158161377621948,0.3169838622378052,464338272.25
2023-07-16 00:00:00+00:00,0.7144,0.79,0.702,0.7468,946644269.0,0.52979,0.50578,0.44619,72.76963107514953,0.05582350612301401,0.023445141206173817,0.032378364916840194,0.7520212030296168,0.30755879697038313,496403584.35
2023-07-17 00:00:00+00:00,0.7468,0.7662,0.7122,0.7374,608872143.0,0.54247,0.5104099999999999,0.4481665,71.23141359394532,0.062134165663532026,0.03118294609764546,0.030951219565886565,0.7810930173306652,0.30384698266933485,512267994.3
2023-07-18 00:00:00+00:00,0.7373,0.785,0.7304,0.7779,598030609.0,0.55813,0.5155833333333334,0.4503305,73.80100491020995,0.06960110216207427,0.038866577310531225,0.030734524851543044,0.8147149262914544,0.3015450737085456,525877636.5
2023-07-19 00:00:00+00:00,0.778,0.8547,0.7685,0.8199,913495953.0,0.5753900000000001,0.52144,0.4527355,76.17737510355956,0.07800851848244705,0.04669496554491439,0.031313552937532664,0.8528008642428975,0.2979791357571026,560991706.25
2023-07-20 00:00:00+00:00,0.8198,0.8489,0.771,0.7942,643507521.0,0.5914550000000001,0.5270516666666667,0.455013,71.88090760041166,0.08165639715530382,0.053687251866992275,0.027969145288311542,0.88024415128514,0.30266584871486013,573486470.35
2023-07-21 00:00:00+00:00,0.7942,0.7987,0.7601,0.7713,411233974.0,0.6063599999999999,0.53221,0.45712850000000005,68.19032177277865,0.08175708389722514,0.059301218273038844,0.02245586562418629,0.899928618213854,0.31279138178614585,582420698.6
2023-07-22 00:00:00+00:00,0.7713,0.7799,0.7215,0.7331,324984749.0,0.61879,0.5366766666666667,0.45907600000000004,62.43193153574337,0.0778569714141466,0.0630123689012604,0.014844602512886204,0.9117185708154664,0.32586142918453354,581812181.6
2023-07-23 00:00:00+00:00,0.733,0.7525,0.7149,0.7384,293811431.0,0.6312599999999999,0.5414333333333333,0.461032,62.90004265108999,0.07433686082012059,0.06527726728503244,0.009059593535088145,0.9222537552594416,0.3402662447405583,578651735.7
2023-07-24 00:00:00+00:00,0.7384,0.743,0.6808,0.7021,513611905.0,0.6420049999999999,0.5455716666666667,0.4628525,57.60571185039456,0.06783606920576835,0.06578902766917963,0.0020470415365887173,0.9267303938446515,0.3572796061553484,589360356.4
2023-07-25 00:00:00+00:00,0.702,0.7163,0.6743,0.7089,393523223.0,0.653565,0.5495800000000001,0.4646755,58.31356290343313,0.06251224592722138,0.06513367132078798,-0.0026214253935666065,0.9292999761999592,0.37783002380004077,594405517.05
2023-07-26 00:00:00+00:00,0.709,0.7313,0.6927,0.7161,369415295.0,0.6662600000000001,0.5536583333333334,0.46653500000000003,59.09240030593722,0.05820312802035732,0.06374756266070185,-0.005544434640344528,0.928639758365603,0.4038802416343971,597670026.25
2023-07-27 00:00:00+00:00,0.7161,0.7328,0.7061,0.7139,312450860.0,0.67852,0.5575233333333334,0.46837850000000003,58.73132590861662,0.0539882564064853,0.061795701409858544,-0.007807445003373242,0.9252786480753863,0.4317613519246138,601758121.9
2023-07-28 00:00:00+00:00,0.7138,0.7189,0.7021,0.712,200990844.0,0.6906000000000001,0.5611466666666668,0.47019349999999993,58.39943959219283,0.04991918882973112,0.05942039889383306,-0.009501210064101942,0.918344418153316,0.4628555818466842,606006070.05
2023-07-29 00:00:00+00:00,0.7119,0.7158,0.7041,0.7121,105603908.0,0.702805,0.56434,0.4720005,58.41275979154914,0.04617027048521172,0.056770373212108795,-0.010600102726897077,0.9064074800929315,0.49920251990706854,607278867.7
2023-07-30 00:00:00+00:00,0.7122,0.7358,0.6825,0.7046,267572438.0,0.714135,0.5674733333333334,0.47365949999999996,56.940188296823635,0.04210863622115568,0.05383802581391818,-0.011729389592762499,0.8897302194679361,0.5385397805320639,603930202.75
2023-07-31 00:00:00+00:00,0.7047,0.7205,0.685,0.6976,378390957.0,0.72525,0.5706583333333334,0.47527349999999996,55.5330346191466,0.037888169077280875,0.05064805446659072,-0.012759885389309847,0.8630388166724453,0.5874611833275546,611565661.8
2023-08-01 00:00:00+00:00,0.6976,0.7082,0.6732,0.7069,366664318.0,0.737045,0.5737,0.476879,57.05161930875571,0.03489164161040148,0.04749677189535288,-0.012605130284951402,0.8116640451559979,0.662425954844002,618865339.95
2023-08-02 00:00:00+00:00,0.7069,0.7081,0.6762,0.685,257325957.0,0.73053,0.57647,0.47832749999999996,52.50442723222332,0.030399300813155117,0.04407727767891333,-0.013677976865758217,0.7991972294474795,0.6618627705525205,506733079.55
2023-08-03 00:00:00+00:00,0.6849,0.6875,0.6543,0.663,353547025.0,0.7277850000000001,0.5785883333333334,0.47972000000000004,48.33655614204421,0.02477824405390905,0.040217470953912475,-0.015439226900003426,0.8023853022781596,0.6531846977218406,448151654.9
2023-08-04 00:00:00+00:00,0.6629,0.6677,0.625,0.6356,350885648.0,0.7238399999999999,0.5806983333333334,0.48097049999999997,43.68533887001351,0.017906154068130342,0.03575520757675605,-0.017849053508625708,0.808499728324586,0.6391802716754138,430528151.35
2023-08-05 00:00:00+00:00,0.6356,0.6358,0.6106,0.6288,290912373.0,0.7179399999999999,0.582345,0.48218049999999996,42.59001697578021,0.011775529104137039,0.03095927188223225,-0.01918374277809521,0.8113697468689317,0.6245102531310681,397741556.55
2023-08-06 00:00:00+00:00,0.6288,0.6388,0.6214,0.624,201522971.0,0.71227,0.5841066666666668,0.4834095,41.79343381250324,0.006455232860505422,0.026058464077886888,-0.019603231217381466,0.8137082984872707,0.6108317015127293,377374097.95
2023-08-07 00:00:00+00:00,0.624,0.6299,0.5967,0.6236,446625792.0,0.7045549999999999,0.5857733333333334,0.4845635,41.7234002142272,0.002181436853551766,0.021283058633019863,-0.019101621779468097,0.8082982306224966,0.6008117693775032,369803857.1
2023-08-08 00:00:00+00:00,0.6235,0.6482,0.6141,0.6418,377837388.0,0.6956499999999999,0.5875033333333334,0.485708,46.145386385840425,0.0002600133511971858,0.017078449576655327,-0.01681843622545814,0.788236208476168,0.6030637915238317,343020928.85
2023-08-09 00:00:00+00:00,0.6418,0.6662,0.6314,0.6433,440268396.0,0.688105,0.58978,0.4869075,46.50566256064036,-0.0011286804281540608,0.01343702357569345,-0.014565704003847511,0.7714727509591832,0.6047372490408167,332858972.6
2023-08-10 00:00:00+00:00,0.6434,0.6445,0.6241,0.6331,294658012.0,0.681195,0.5916516666666667,0.488071,44.333757838878846,-0.0030175011335927815,0.010146118633836205,-0.013163619767428986,0.758525575453648,0.603864424546352,327030174.5
2023-08-11 00:00:00+00:00,0.6331,0.6413,0.6257,0.6318,225898829.0,0.67613,0.59343,0.48911299999999996,44.05138535879853,-0.004566662642029318,0.007203562378663101,-0.011770225020692419,0.752461830843969,0.599798169156031,322075878.5
2023-08-12 00:00:00+00:00,0.6317,0.6335,0.6224,0.6276,87289374.0,0.67059,0.5952366666666666,0.490212,43.09635111099444,-0.0060633941641146105,0.004550171070107559,-0.01061356523422217,0.7440699537288384,0.5971100462711616,311749775.65
2023-08-13 00:00:00+00:00,0.6276,0.6385,0.6235,0.6256,137308778.0,0.666765,0.5976616666666668,0.491255,42.62247649726643,-0.007326492716584809,0.0021748383127690855,-0.009501331029353894,0.7412433532309369,0.5922866467690632,292934619.3
2023-08-14 00:00:00+00:00,0.6256,0.6369,0.6241,0.6343,260175236.0,0.663035,0.6002316666666666,0.4923805,45.43324458432702,-0.007538589956080366,0.00023215265899919528,-0.007770742615079561,0.7361588476831751,0.589911152316825,286267219.95
2023-08-15 00:00:00+00:00,0.6342,0.6348,0.58,0.6104,388356202.0,0.65775,0.6024733333333333,0.4933685,39.68225142963406,-0.009525405856470548,-0.0017193590440947534,-0.007806046812375795,0.7300430287094968,0.5854569712905031,287214265.3
2023-08-16 00:00:00+00:00,0.6104,0.617,0.572,0.5889,581618879.0,0.6515000000000001,0.6042983333333333,0.49427400000000005,35.347599177262225,-0.012688576082058645,-0.003913202451687532,-0.008775373630371112,0.7248998092640035,0.5781001907359966,300672666.25
2023-08-17 00:00:00+00:00,0.589,0.5948,0.4226,0.5064,847602528.0,0.64122,0.604625,0.494739,24.35420000243589,-0.021603440776384764,-0.007451250116626979,-0.014152190659757785,0.7331089024855124,0.5493310975144876,333003250.45
2023-08-18 00:00:00+00:00,0.5064,0.523,0.4829,0.5062,724839898.0,0.630925,0.6048349999999999,0.495303,24.33444149250741,-0.028357782736026294,-0.011632556640506843,-0.01672522609551945,0.7341766706886234,0.5276733293113766,363965049.95
2023-08-19 00:00:00+00:00,0.5062,0.5249,0.5006,0.5199,298930279.0,0.6216900000000001,0.605285,0.49587400000000004,28.60721525861392,-0.03223360298661693,-0.01575276590972886,-0.016480837076888067,0.7298541141968623,0.5135258858031378,365532942.0
2023-08-20 00:00:00+00:00,0.52,0.5582,0.516,0.5384,452910011.0,0.6137300000000001,0.6059266666666667,0.4965005,34.02505941937926,-0.03342709631130625,-0.019287631990044338,-0.01413946432126191,0.7218087139079283,0.5056512860920719,369258894.7
2023-08-21 00:00:00+00:00,0.5385,0.5398,0.503,0.5245,528716245.0,0.60461,0.6064383333333333,0.497074,32.056638715381624,-0.035090065767272915,-0.022448118745490055,-0.01264194702178286,0.7104616868074937,0.4987583131925063,377361491.05
2023-08-22 00:00:00+00:00,0.5245,0.5256,0.5032,0.521,422200069.0,0.59641,0.6068533333333334,0.4976205,31.561513795943128,-0.036272277554514454,-0.025212950507294933,-0.01105932704721952,0.7014872839389736,0.4913327160610264,385605196.65
2023-08-23 00:00:00+00:00,0.5211,0.5368,0.5157,0.5301,286855957.0,0.589765,0.6075800000000001,0.49821799999999994,34.39857125389389,-0.03605922664646144,-0.027382205735128236,-0.008677020911333204,0.6939627403785305,0.48556725962146957,382270643.25
2023-08-24 00:00:00+00:00,0.5302,0.5319,0.5111,0.5187,252154333.0,0.5839200000000001,0.6080533333333332,0.4988195,32.576679007099685,-0.036390776770961586,-0.029183919942294904,-0.0072068568286666815,0.6902703192284424,0.4775696807715578,377334077.5
2023-08-25 00:00:00+00:00,0.5187,0.5319,0.5078,0.5258,326124248.0,0.5787700000000001,0.6088333333333333,0.4994885,34.889651581633686,-0.03566944679134243,-0.03048102531210441,-0.005188421479238019,0.6859009684451306,0.47163903155486964,379094671.25
2023-08-26 00:00:00+00:00,0.5258,0.5283,0.5178,0.5231,110436094.0,0.573725,0.6094883333333333,0.5000859999999999,34.40627226487014,-0.03491319741367693,-0.03136745973241892,-0.0035457376812580155,0.6813628906333244,0.46608710936667563,374540327.4
2023-08-27 00:00:00+00:00,0.5231,0.5303,0.5163,0.5236,132391247.0,0.568725,0.6104700000000001,0.5007165,34.58700897070358,-0.033882937104523836,-0.0318705552068399,-0.0020123818976839347,0.6759206878796507,0.4615293121203494,358828600.15
2023-08-28 00:00:00+00:00,0.5235,0.525,0.5102,0.5232,266211960.0,0.562795,0.6112783333333333,0.501423,34.50509801646682,-0.03272153159616131,-0.032040750484704186,-0.0006807811114571266,0.6662201898716722,0.45936981012832795,353247328.75
2023-08-29 00:00:00+00:00,0.5232,0.5496,0.5131,0.5398,458921685.0,0.55762,0.6123933333333333,0.5022135,40.77377394618011,-0.030114487034382686,-0.031655497794639886,0.0015410107602571999,0.6545694218651735,0.4606705781348265,354179993.2
2023-08-30 00:00:00+00:00,0.5398,0.5404,0.5216,0.5284,279526116.0,0.552385,0.6133133333333334,0.502939,38.07834531667627,-0.028638147425759652,-0.03105202772086384,0.002413880295104188,0.6436038856541854,0.4611661143458146,353423398.4
2023-08-31 00:00:00+00:00,0.5284,0.5288,0.495,0.511,359350681.0,0.546345,0.6137549999999999,0.5036204999999999,34.34622979884979,-0.028543144627827033,-0.030550251102256478,0.002007106474429445,0.6315280611095381,0.46116193889046186,360095991.0
2023-09-01 00:00:00+00:00,0.511,0.512,0.4864,0.498,390869888.0,0.539865,0.613905,0.504259,31.835674173258795,-0.02918047127186474,-0.030276295136178133,0.0010958238643133944,0.6188280616173871,0.46090193838261295,375275016.7
2023-09-02 00:00:00+00:00,0.4981,0.5029,0.4943,0.4988,173634913.0,0.533525,0.6140983333333333,0.5048435000000001,32.16428397135853,-0.029283442616659272,-0.030077724632274365,0.0007942820156150929,0.6038211698813757,0.46322883011862437,377091323.45
2023-09-03 00:00:00+00:00,0.4989,0.5107,0.4971,0.5047,148603214.0,0.527045,0.6145483333333334,0.5053615,34.66584083319182,-0.028559748455268652,-0.029774129396873225,0.001214380941604573,0.5809768634945168,0.4731131365054832,371512722.35
2023-09-04 00:00:00+00:00,0.5047,0.513,0.4966,0.5087,293271541.0,0.52196,0.6153233333333332,0.5059845,36.37879798188908,-0.027348196067224384,-0.02928894273094346,0.0019407466637190764,0.5604686172173341,0.4834513827826658,366758489.3
2023-09-05 00:00:00+00:00,0.5087,0.5088,0.499,0.5056,260333041.0,0.517795,0.6159383333333334,0.5065375,35.599793322814776,-0.02633460720403058,-0.028698075625560884,0.0023634684215303042,0.5416877164632058,0.4939022835367943,350694197.4
2023-09-06 00:00:00+00:00,0.5056,0.5058,0.4909,0.5033,255134232.0,0.51764,0.6164866666666667,0.5070825,35.000937586817514,-0.02542385117498669,-0.028043230735446047,0.0026193795604593575,0.5418643183596802,0.49341568164031974,321070782.6
2023-09-07 00:00:00+00:00,0.5033,0.5069,0.4965,0.505,209969723.0,0.51758,0.6171033333333333,0.507676,35.859775057922874,-0.024284952848243058,-0.02729157515800545,0.0030066223097623933,0.5419230154251922,0.4932369845748079,295327273.85
2023-09-08 00:00:00+00:00,0.5051,0.5076,0.4941,0.505,223628172.0,0.516835,0.6175533333333333,0.508209,35.859775057922874,-0.02311590198998814,-0.026456440524401992,0.0033405385344138505,0.5417536095115907,0.4919163904884094,291562168.5
2023-09-09 00:00:00+00:00,0.5049,0.5049,0.5015,0.5038,69132813.0,0.5151049999999999,0.6180283333333333,0.5087685,35.47603192158796,-0.022032276366113268,-0.025571607692744247,0.003539331326630979,0.538555754785105,0.49165424521489487,272373308.6
2023-09-10 00:00:00+00:00,0.5038,0.5039,0.4923,0.4969,144849888.0,0.513725,0.61846,0.5092765,33.2713020571897,-0.021482629209332527,-0.024753811996061904,0.003271182786729377,0.5380344940299283,0.4894155059700717,253179990.75
2023-09-11 00:00:00+00:00,0.4969,0.4982,0.459,0.4744,484437445.0,0.511395,0.6127783333333333,0.5097075,27.310912225686565,-0.022602049480124453,-0.024323459492874414,0.0017214100127499604,0.5408558536874122,0.4819341463125879,256291859.55
2023-09-12 00:00:00+00:00,0.4744,0.4867,0.47,0.4804,356403388.0,0.50891,0.6088199999999999,0.510218,30.867554635428093,-0.02274288246174072,-0.024007344086647675,0.001264461624906954,0.5399809446266297,0.47783905537337024,259769231.1
2023-09-13 00:00:00+00:00,0.4804,0.4897,0.4723,0.4832,274586793.0,0.507135,0.6049650000000001,0.510745,32.52673714389621,-0.022370681721277652,-0.023680011613573672,0.0013093298922960198,0.5397820994116028,0.4744879005883972,260890854.1
2023-09-14 00:00:00+00:00,0.4833,0.4941,0.4799,0.4892,232539752.0,0.5053050000000001,0.6006716666666667,0.5113015,36.067615804865895,-0.021345502432068453,-0.02321310977727263,0.001867607345204178,0.537663830324829,0.4729461696751712,256211629.3
2023-09-15 00:00:00+00:00,0.4892,0.5086,0.4874,0.5005,305608308.0,0.5041749999999999,0.5967233333333334,0.5119115,42.217763640002424,-0.019397621194858217,-0.02245001206078975,0.0030523908659315334,0.5355321602666928,0.4728178397333071,265970240.0
2023-09-16 00:00:00+00:00,0.5004,0.5035,0.4968,0.4998,132881408.0,0.502985,0.5920883333333333,0.5125295,41.94855688112832,-0.01770628836006538,-0.021501267320644876,0.0037949789605794954,0.5330843205901903,0.47288567940980974,265994748.05
2023-09-17 00:00:00+00:00,0.4997,0.5004,0.4894,0.4925,142846615.0,0.50145,0.5866316666666668,0.5130745,39.14519779595978,-0.01676172516061164,-0.02055335888863823,0.0037916337280265895,0.5303775301398347,0.4725224698601652,259826480.8
2023-09-18 00:00:00+00:00,0.4925,0.5077,0.4864,0.503,298374742.0,0.49961,0.5817783333333334,0.5137035,44.85378378606811,-0.014993059119323193,-0.01944129893477522,0.0044482398154520285,0.5226229441834598,0.47659705581654016,251799133.65
2023-09-19 00:00:00+00:00,0.503,0.5166,0.5005,0.514,295258283.0,0.49889,0.57749,0.5143865000000001,50.13152233725874,-0.012558998156839973,-0.018064838779188172,0.005505840622348199,0.5189689342344417,0.4788110657655583,252585742.0
2023-09-20 00:00:00+00:00,0.5139,0.5254,0.5065,0.5212,288497937.0,0.49939999999999996,0.5739583333333333,0.515125,53.28311801888505,-0.009934488876753744,-0.01643876879870129,0.006504279921947544,0.5211333844578113,0.4776666155421886,249043104.8
2023-09-21 00:00:00+00:00,0.5213,0.5214,0.5001,0.5071,277323578.0,0.49985500000000005,0.5701033333333334,0.5158265,47.01659219752992,-0.008889822188632102,-0.014928979476687452,0.00603915728805535,0.5218317581774711,0.477878241822529,243365789.3
2023-09-22 00:00:00+00:00,0.5072,0.517,0.5036,0.5122,233893377.0,0.500525,0.5669383333333333,0.51654,49.337508572608286,-0.007563205014877172,-0.013455824584325397,0.005892619569448225,0.5231400281890393,0.4779099718109607,246378712.5
2023-09-23 00:00:00+00:00,0.5122,0.5138,0.5055,0.5076,101716334.0,0.5006700000000001,0.5635833333333334,0.5171775,47.32391147308806,-0.006804593781708723,-0.012125578423802064,0.005320984642093341,0.52342698574045,0.4779130142595501,244034368.5
2023-09-24 00:00:00+00:00,0.5076,0.5118,0.4984,0.5021,112889323.0,0.5003399999999999,0.5600166666666666,0.5177435,44.96113742149376,-0.006571441461913352,-0.011014751031424323,0.004443309569510971,0.5228112616466241,0.47786873835337573,235015257.6
2023-09-25 00:00:00+00:00,0.502,0.5072,0.4912,0.5056,303674393.0,0.50034,0.5565450000000001,0.5184185,46.78205260628675,-0.006034681764502059,-0.01001873717803987,0.003984055413537812,0.5228112616466242,0.47786873835337584,237182325.2
2023-09-26 00:00:00+00:00,0.5056,0.5075,0.496,0.5019,271054261.0,0.50027,0.5530433333333333,0.519078,45.08396258061631,-0.005840528933031663,-0.00918309552903823,0.003342566596006567,0.5227126469025166,0.4778273530974833,237978326.65
2023-09-27 00:00:00+00:00,0.5019,0.5071,0.4968,0.4993,237514582.0,0.49998499999999996,0.5494966666666666,0.5197555,43.87867346446493,-0.0058292635644092705,-0.008512329136112438,0.0026830655717031675,0.5223246754674511,0.47764532453254877,239355569.6
2023-09-28 00:00:00+00:00,0.4993,0.5102,0.4952,0.5098,247906960.0,0.500225,0.54625,0.5204475,49.72426200532881,-0.004916400229284523,-0.007793143354746856,0.0028767431254623325,0.522875993355503,0.477574006644497,240569509.0
2023-09-29 00:00:00+00:00,0.5097,0.5494,0.5061,0.5215,604996777.0,0.50111,0.543315,0.5211929999999999,55.31012982013911,-0.003211833226217653,-0.006876881329041015,0.0036650481028233624,0.525562067397074,0.4766579326029261,267362707.2
2023-09-30 00:00:00+00:00,0.5215,0.5218,0.5134,0.5149,144866051.0,0.5020100000000001,0.540115,0.5219055,51.81298535419321,-0.0023662398964505726,-0.005974753042522927,0.0036085131460723546,0.5270928945696276,0.47692710543037253,267363515.35
2023-10-01 00:00:00+00:00,0.5148,0.526,0.5137,0.5241,167673504.0,0.504495,0.5374333333333333,0.5227315,55.990200645903045,-0.0009428691691806268,-0.004968376267854467,0.00402550709867384,0.5279381631822813,0.4810518368177188,251525318.3
2023-10-02 00:00:00+00:00,0.524,0.5266,0.5075,0.5123,319018957.0,0.50609,0.5349216666666667,0.5234695,50.00290212020019,-0.0007582582669699578,-0.004126352667677566,0.003368094400707608,0.5269580521369647,0.4852219478630354,249656096.75
2023-10-03 00:00:00+00:00,0.5122,0.5479,0.5055,0.539,398167814.0,0.50888,0.5333116666666667,0.5242654999999999,60.33786487653622,0.0015249355540437604,-0.002996095023333301,0.004521030577377062,0.5315992077324693,0.48616079226753073,255835147.8
2023-10-04 00:00:00+00:00,0.5391,0.5426,0.5194,0.5326,422012491.0,0.51105,0.5317083333333333,0.5250589999999999,57.28132162603322,0.002785843128296217,-0.0018397073930073973,0.004625550521303614,0.5341236646415585,0.48797633535844154,265308784.75
2023-10-05 00:00:00+00:00,0.5326,0.5326,0.5155,0.5227,234313709.0,0.5121600000000001,0.53002,0.525744,52.82364200146605,0.0029522425881430836,-0.0008813173967773013,0.003833559984920385,0.5352327024856456,0.48908729751435454,261744054.8
2023-10-06 00:00:00+00:00,0.5227,0.5298,0.5169,0.5255,219784262.0,0.513445,0.528385,0.5265045,53.91597178814756,0.0032723305685000703,-5.058780372182699e-05,0.003322918372221897,0.5364837043904627,0.4904062956095374,266089197.5
2023-10-07 00:00:00+00:00,0.5255,0.5258,0.5197,0.5216,63137112.0,0.5149,0.5263816666666667,0.5267645,52.10625552156707,0.003174709122130248,0.000594471581448588,0.00258023754068166,0.5360630810609215,0.4937369189390786,262103722.35
2023-10-08 00:00:00+00:00,0.5216,0.5234,0.5153,0.5174,82864720.0,0.51562,0.5242833333333333,0.5272450000000001,50.153864413952235,0.002727003326574051,0.0010209779304736807,0.0017060253961003705,0.5360829030196386,0.49515709698036137,251328221.25
2023-10-09 00:00:00+00:00,0.5174,0.5201,0.4875,0.5027,322604658.0,0.515055,0.52211,0.5275394999999999,43.947167069111124,0.0011725101439977736,0.0010512843731784994,0.00012122577081927427,0.5362756008395411,0.49383439916045896,252695540.0
2023-10-10 00:00:00+00:00,0.5027,0.5027,0.4917,0.4965,228001743.0,0.51382,0.5198550000000001,0.5278925,41.60835283309824,-0.0005533464536787713,0.0007303582078070453,-0.0012837046614858167,0.5363037363441027,0.49133626365589744,249670730.3
2023-10-11 00:00:00+00:00,0.4964,0.4977,0.4788,0.4888,241504648.0,0.5129049999999999,0.5175416666666667,0.5281220000000001,38.84353031999642,-0.0025134523754631877,8.159609115299875e-05,-0.0025950484666161866,0.5377714010261058,0.4880385989738942,247879783.8
2023-10-12 00:00:00+00:00,0.4889,0.4889,0.4729,0.483,259545095.0,0.5114449999999999,0.515165,0.5282975,36.85685472763185,-0.004483182628992721,-0.0008313596528761452,-0.003651822976116576,0.539526558005052,0.48336344199494785,249162369.7
2023-10-13 00:00:00+00:00,0.4831,0.4907,0.4786,0.4851,257150898.0,0.51032,0.5126783333333333,0.528328,38.09147862251284,-0.005807806814761007,-0.0018266490852531176,-0.00398115772950789,0.5406410553904559,0.47999894460954406,256934097.9
2023-10-14 00:00:00+00:00,0.4852,0.4883,0.4835,0.4865,93826664.0,0.50954,0.5106133333333334,0.5281885000000001,38.948512795313924,-0.006667751042188974,-0.002794869476640289,-0.003872881565548685,0.5414288319006998,0.4776511680993002,255980964.95
2023-10-15 00:00:00+00:00,0.4866,0.4902,0.485,0.4874,101648635.0,0.5086299999999999,0.5089216666666666,0.527913,39.52807579650745,-0.007193715880861151,-0.0036746387574844615,-0.0035190771233766897,0.5419243899176884,0.47533561008231134,245879677.05
2023-10-16 00:00:00+00:00,0.4874,0.5109,0.485,0.4978,405705160.0,0.508425,0.5087783333333333,0.5277425,45.91717046693261,-0.006694187297132892,-0.004278548465414147,-0.0024156388317187446,0.5419324245502558,0.4749175754497443,252612222.0
2023-10-17 00:00:00+00:00,0.4977,0.498,0.4845,0.4912,268586946.0,0.50802,0.5085283333333334,0.5275115,42.82490199347826,-0.0067530274403984625,-0.00477344426041101,-0.001979583179987452,0.5421488499658439,0.4738911500341562,254165840.2
2023-10-18 00:00:00+00:00,0.4911,0.4924,0.4855,0.4878,202731261.0,0.50692,0.5079933333333333,0.527403,41.28253371727099,-0.006993394761300009,-0.0052174343605888105,-0.0017759604007111986,0.5421488858749617,0.4716911141250384,251907055.25
2023-10-19 00:00:00+00:00,0.4878,0.5245,0.4769,0.5197,445455672.0,0.50683,0.5076816666666667,0.5274114999999999,56.94900928581801,-0.004557290585239404,-0.00508540560551893,0.0005281150202795255,0.541918351343303,0.47174164865669704,243930000.0
2023-10-20 00:00:00+00:00,0.5197,0.5309,0.5084,0.5149,412008957.0,0.50683,0.5075216666666666,0.5275065,54.588840272016895,-0.002979633004733251,-0.004664251085361794,0.0016846180806285435,0.541918351343303,0.47174164865669704,257287145.3
2023-10-21 00:00:00+00:00,0.515,0.5325,0.5109,0.5208,179110644.0,0.506665,0.5075183333333333,0.5275975,56.9505163751232,-0.0012389652934566842,-0.003979193926980772,0.002740228633524088,0.5414567389618724,0.47187326103812766,257859002.3
2023-10-22 00:00:00+00:00,0.5208,0.5242,0.5118,0.5226,165306102.0,0.50718,0.5073933333333334,0.527683,57.67374034342341,0.0002825147116000126,-0.0031268521992646155,0.003409366910864628,0.542589580624332,0.4717704193756679,250173359.55
2023-10-23 00:00:00+00:00,0.5226,0.5536,0.5199,0.5475,522483834.0,0.5076050000000001,0.5078733333333333,0.5279065,66.14642319709944,0.003457662696056407,-0.0018099492202004112,0.005267611916256819,0.5446961566278417,0.4705138433721585,256389160.55
2023-10-24 00:00:00+00:00,0.5475,0.5866,0.5346,0.5588,798801237.0,0.508915,0.5084233333333333,0.5281375,69.1632060892396,0.006807335188766639,-8.649233840700107e-05,0.00689382752717364,0.5509640796568852,0.46686592034311475,275228597.85
2023-10-25 00:00:00+00:00,0.5587,0.5639,0.5404,0.5552,369106629.0,0.51054,0.5089583333333333,0.5283895000000001,67.11136231372284,0.009066966512812913,0.0017441994318369816,0.007322767080975932,0.5568867107785557,0.4641932892214443,281968243.85
2023-10-26 00:00:00+00:00,0.5552,0.5695,0.5426,0.5533,397423009.0,0.51193,0.5094533333333333,0.528629,65.99850608010087,0.010582438729512256,0.0035118472913720365,0.00707059143814022,0.5615406077365627,0.46231939226343727,290850181.2
2023-10-27 00:00:00+00:00,0.5534,0.5588,0.5325,0.543,312543838.0,0.5130000000000001,0.5097833333333334,0.528756,60.173252910447516,0.010827524497814989,0.004974982732660628,0.005852541765154361,0.564293274412842,0.4617067255871582,303320517.5
2023-10-28 00:00:00+00:00,0.543,0.5506,0.5405,0.5446,110912293.0,0.51436,0.5098633333333333,0.5288955,60.75275803910426,0.011023787997222367,0.006184743785572976,0.004839044211649391,0.5674584142888572,0.4612615857111429,304722896.15
2023-10-29 00:00:00+00:00,0.5446,0.5614,0.5405,0.5561,160069611.0,0.51703,0.510325,0.5291515,64.72562741865937,0.011969307399923634,0.007341656508443108,0.004627650891480526,0.572816919613751,0.46124308038624895,296596143.8
2023-10-30 00:00:00+00:00,0.556,0.5843,0.5494,0.578,436757242.0,0.521105,0.5114416666666667,0.5294789999999999,70.78967373179427,0.014320705138223144,0.008737466234399116,0.0055832389038240286,0.5819731353418285,0.46023686465817165,307033918.75
2023-10-31 00:00:00+00:00,0.578,0.6213,0.5627,0.5996,621793128.0,0.526645,0.513135,0.5298635,75.29988167177324,0.017722846327623443,0.01053454225304398,0.007188304074579462,0.5945105575383506,0.45877944246164953,326048342.75
2023-11-01 00:00:00+00:00,0.5995,0.6164,0.5802,0.6085,468312081.0,0.5329200000000001,0.5149633333333333,0.53031,76.8836797055308,0.020896343312736154,0.012606902464982417,0.008289440847753737,0.6064543620356578,0.4593856379643423,336486692.05
2023-11-02 00:00:00+00:00,0.6084,0.6262,0.5865,0.6054,438254076.0,0.5389349999999999,0.5166416666666667,0.5307325,75.07788178994348,0.02289727293568511,0.014664976559122956,0.008232296376562153,0.6154588596778234,0.46241114032217645,345541850.95
2023-11-03 00:00:00+00:00,0.6053,0.615,0.5914,0.6121,329096876.0,0.545215,0.518365,0.5312385,76.36970172563545,0.024738488190865104,0.016679678885471387,0.008058809305393717,0.624074908064816,0.466355091935184,357305361.55
2023-11-04 00:00:00+00:00,0.612,0.6181,0.6083,0.6149,142897570.0,0.55159,0.5201866666666667,0.531651,76.90839198107668,0.026122477485483575,0.018568238605473825,0.00755423888000975,0.6313333859325729,0.4718466140674272,359367808.3
2023-11-05 00:00:00+00:00,0.6149,0.663,0.6137,0.6607,418017252.0,0.5597350000000001,0.52281,0.532499,83.52447893823283,0.030562668784851588,0.02096712464134938,0.009595544143502208,0.6485942656957692,0.470875734304231,359983412.9
2023-11-06 00:00:00+00:00,0.6606,0.7324,0.6584,0.7148,703629362.0,0.5709150000000001,0.5263066666666667,0.533697,87.92534557931207,0.03800882813581108,0.024375465340241723,0.013633362795569356,0.6770546302047041,0.464775369795296,381735533.7
2023-11-07 00:00:00+00:00,0.7147,0.7155,0.65,0.685,618276758.0,0.580775,0.5293066666666667,0.5348765,75.89887792696854,0.04103235665139682,0.027706843602472747,0.01332551304892407,0.6907668156045775,0.47078318439542255,402512808.55
2023-11-08 00:00:00+00:00,0.6851,0.699,0.6725,0.6869,344396095.0,0.589135,0.5323583333333334,0.5359515,76.12312332545076,0.043085179771569226,0.030782510836292045,0.012302668935277181,0.7045694536955558,0.4737005463044442,397459829.7
2023-11-09 00:00:00+00:00,0.6869,0.7069,0.63,0.6665,777778139.0,0.596715,0.535185,0.5369605,68.72898673917703,0.0425751673469571,0.03314104213842506,0.00943412520853204,0.7115635485323669,0.4818664514676331,415748288.8
2023-11-10 00:00:00+00:00,0.6667,0.6711,0.6359,0.6595,464857348.0,0.6036499999999999,0.53827,0.5379525,66.34750094668475,0.04113199331232409,0.034739232373204865,0.006392760939119224,0.7160492259759446,0.49125077402405526,430035624.0
2023-11-11 00:00:00+00:00,0.6594,0.69,0.6401,0.6626,380232188.0,0.61065,0.5413066666666667,0.538918,66.89458669950955,0.03977985418761354,0.0357473567360866,0.004032497451526937,0.7193642400975673,0.5019357599024328,440781928.3
2023-11-12 00:00:00+00:00,0.6626,0.6709,0.6458,0.6613,216031217.0,0.6163399999999999,0.5442750000000001,0.5399155,66.40703740557822,0.03816345055215542,0.036230575499300366,0.0019328750528550542,0.7231331720663428,0.509546827933657,425459297.45
2023-11-13 00:00:00+00:00,0.6612,0.75,0.6397,0.6702,749884441.0,0.62191,0.5472916666666666,0.540933,68.12010978128909,0.037172097840019624,0.036418879967444216,0.0007532178725754082,0.727733870653041,0.516086129346959,423013457.65
2023-11-14 00:00:00+00:00,0.6701,0.6724,0.5967,0.6296,597417769.0,0.62563,0.5494433333333333,0.5416829999999999,54.47328332950205,0.03273303690783336,0.03568171135552205,-0.00294867444768869,0.7269469304706354,0.5243130695293646,434429014.65
2023-11-15 00:00:00+00:00,0.6296,0.6504,0.6251,0.6481,339283800.0,0.63037,0.5519149999999999,0.5425335,58.54829713152083,0.03035789758024776,0.03461694860046719,-0.00425905102021943,0.7264423914555663,0.5342976085444336,431522054.2
2023-11-16 00:00:00+00:00,0.6482,0.653,0.6033,0.6119,440591531.0,0.633815,0.5539050000000001,0.5432405,49.2574339881445,0.025263325200170716,0.032746223920407894,-0.007482898720237177,0.7217010461051219,0.5459289538948782,437924438.85
2023-11-17 00:00:00+00:00,0.6118,0.6244,0.5859,0.6133,368525340.0,0.6372500000000001,0.5557433333333334,0.5439824999999999,49.590597546997614,0.02109563088301436,0.03041610531292919,-0.009320474429914828,0.7157934274779986,0.5587065725220016,450805091.2
2023-11-18 00:00:00+00:00,0.6132,0.6144,0.589,0.6106,192040293.0,0.639975,0.5573533333333334,0.544713,48.92344899872724,0.01737455264725929,0.02780779477979521,-0.010433242132535922,0.7104331258620439,0.569516874137956,452403625.3
2023-11-19 00:00:00+00:00,0.6106,0.6286,0.6012,0.6258,240044861.0,0.6423650000000001,0.5590966666666667,0.545526,52.77519700107002,0.015473712973693043,0.02534097841857478,-0.009867265444881736,0.7072765174679474,0.5774534825320528,442568006.25
2023-11-20 00:00:00+00:00,0.6258,0.6282,0.6061,0.6122,298231745.0,0.642995,0.5608483333333333,0.5462830000000001,49.20014249912232,0.012723212226896985,0.02281742518023922,-0.010094212953342237,0.7064625814884389,0.5795274185115611,426389937.1
2023-11-21 00:00:00+00:00,0.6121,0.6178,0.5725,0.5788,468850910.0,0.64151,0.5619583333333332,0.5468415,41.72468009985625,0.007758880163431181,0.019805716176877614,-0.012046836013446433,0.7093740670752323,0.5736459329247677,426416878.55
2023-11-22 00:00:00+00:00,0.5787,0.6162,0.5774,0.6109,346216216.0,0.641785,0.56368,0.547605,49.6436578927365,0.006341709684494323,0.017112914878400956,-0.010771205193906633,0.709103920817194,0.5744660791828061,421814985.55
2023-11-23 00:00:00+00:00,0.6109,0.6238,0.6059,0.6209,305693192.0,0.642225,0.5656599999999999,0.5484645,51.83927751388405,0.005956841535076585,0.014881700209736084,-0.0089248586746595,0.7088737771830185,0.5755762228169816,420644801.35
2023-11-24 00:00:00+00:00,0.6208,0.6258,0.6155,0.6212,303149239.0,0.64254,0.5675866666666667,0.549429,51.90702458320761,0.005611354050090167,0.013027630977806902,-0.0074162769277167345,0.7087271709622918,0.5763528290377082,428657384.8
2023-11-25 00:00:00+00:00,0.6212,0.6238,0.6157,0.6228,121921267.0,0.6406449999999999,0.5696016666666668,0.5503985,52.29247438160916,0.0054043612450428435,0.01150297703125409,-0.006098615786211247,0.7068141310203755,0.5744758689796243,413852585.55
2023-11-26 00:00:00+00:00,0.6228,0.6375,0.6064,0.6157,266307412.0,0.63569,0.5715416666666667,0.5513255,50.36350569266419,0.004614217466216042,0.01012522511824648,-0.005511007652030438,0.6931774212327496,0.5782025787672503,391986488.05
2023-11-27 00:00:00+00:00,0.6157,0.6168,0.5937,0.6039,309411406.0,0.631635,0.57311,0.5522415,47.24430180771687,0.0030012647339021647,0.008700433041377617,-0.005699168307475452,0.6859935972960264,0.5772764027039735,376543220.45
2023-11-28 00:00:00+00:00,0.6039,0.6139,0.5957,0.6107,286127938.0,0.627825,0.5745966666666666,0.5531425,49.19697243527578,0.002245803023583237,0.007409507037818741,-0.005163704014235504,0.6765446418294669,0.579105358170533,373629812.6
2023-11-29 00:00:00+00:00,0.6106,0.617,0.604,0.6091,235341461.0,0.624955,0.5761666666666667,0.554068,48.73984267604708,0.0015006885437197637,0.006227743338998946,-0.004727054795279182,0.6709074743620138,0.5790025256379863,346507978.7
2023-11-30 00:00:00+00:00,0.609,0.6099,0.5982,0.6063,232714430.0,0.622295,0.5775366666666667,0.554973,47.9010229447323,0.0006764457057216733,0.005117483812343492,-0.004441038106621819,0.6660472330857697,0.5785427669142303,334900832.8
2023-12-01 00:00:00+00:00,0.6063,0.6143,0.6031,0.6125,248446111.0,0.61979,0.5792066666666665,0.555899,49.9548544560816,0.0005175495140625763,0.0041974969526873095,-0.003679947438624733,0.6595825570928975,0.5799974429071024,328311528.95
2023-12-02 00:00:00+00:00,0.6126,0.6229,0.611,0.6208,144130252.0,0.6177650000000001,0.58057,0.5567905000000001,52.64615354588707,0.0010492684577591005,0.0035678512537016677,-0.002518582795942567,0.6527311707939475,0.5827988292060527,324716480.7
2023-12-03 00:00:00+00:00,0.6207,0.6342,0.6168,0.6229,240660124.0,0.6154,0.582075,0.557663,53.33000790708327,0.001621421265979972,0.003178565256157329,-0.0015571439901773568,0.6410056243819884,0.5897943756180115,299255264.85
2023-12-04 00:00:00+00:00,0.6229,0.6439,0.582,0.6245,492198799.0,0.6151449999999999,0.5837716666666667,0.5584875,53.87653992571452,0.002178846728079109,0.002978621550541685,-0.000799774822462576,0.6402770890494897,0.5900129109505102,293994316.35
2023-12-05 00:00:00+00:00,0.6246,0.6307,0.6076,0.621,369372743.0,0.6137900000000001,0.5853633333333333,0.559255,52.430129451885705,0.002311543637380953,0.002845205967909539,-0.0005336623305285861,0.6341352107384386,0.5934447892615615,295498763.5
2023-12-06 00:00:00+00:00,0.621,0.6437,0.6104,0.64,498860756.0,0.615195,0.5873366666666667,0.5601125,58.883392594458826,0.0039048355903965604,0.0030571318924069433,0.0008477036979896171,0.6384911348723663,0.5918988651276338,298412224.75
2023-12-07 00:00:00+00:00,0.64,0.6544,0.6204,0.6432,454683854.0,0.61669,0.5894333333333334,0.561041,59.87078355189531,0.005363912355973999,0.0035184879851203545,0.0018454243708536443,0.6429560922101383,0.5904239077898616,302720150.45
2023-12-08 00:00:00+00:00,0.6431,0.6756,0.6373,0.6721,497144485.0,0.6197649999999999,0.5922566666666668,0.5620925,67.46886062469773,0.008751349567113542,0.004565060301518992,0.00418628926559455,0.6552434596620471,0.5842865403379527,317975360.05
2023-12-09 00:00:00+00:00,0.672,0.7,0.651,0.6584,522942153.0,0.6213949999999999,0.5949550000000001,0.563059,61.52208605823178,0.010212716617811202,0.005694591564777434,0.004518125053033768,0.660629447874177,0.5821605521258228,332120224.65
2023-12-10 00:00:00+00:00,0.6584,0.6715,0.6468,0.6617,251001949.0,0.6238699999999999,0.5978366666666666,0.5641025000000001,62.38218753313517,0.011504525941089194,0.006856578440039786,0.004647947501049408,0.6665645945055287,0.5811754054944711,329758734.85
2023-12-11 00:00:00+00:00,0.6617,0.6628,0.6,0.6187,601855237.0,0.625865,0.6000983333333334,0.5649270000000001,47.486839933708914,0.008955322123816,0.00727632717679503,0.0016789949470209708,0.6633615745101008,0.5883684254898992,336408951.2
2023-12-12 00:00:00+00:00,0.6187,0.6263,0.6067,0.6192,372907112.0,0.62628,0.6023333333333334,0.565681,47.64338803689647,0.006895913752746674,0.007200244491985359,-0.00030433073923868525,0.6632853833920356,0.5892746166079643,337743496.0
2023-12-13 00:00:00+00:00,0.6191,0.6348,0.5925,0.6275,383566539.0,0.6266100000000001,0.6046833333333334,0.5664615,50.29246545657767,0.005865939516122576,0.006933383496812803,-0.0010674439806902273,0.6635352163161106,0.5896847836838897,341637163.35
2023-12-14 00:00:00+00:00,0.6276,0.6379,0.6053,0.6316,340698850.0,0.62713,0.6070866666666667,0.5672095,51.59533456226372,0.0053191968576150606,0.006610546168973256,-0.001291349311358195,0.6640287316854054,0.5902312683145945,343514643.9
2023-12-15 00:00:00+00:00,0.6316,0.6441,0.6116,0.6156,356613976.0,0.6267699999999999,0.60905,0.5678145,46.4758449463524,0.0035538663205210153,0.005999210199282809,-0.0024453438787617934,0.6639699516127581,0.5895700483872418,355249279.35
2023-12-16 00:00:00+00:00,0.6156,0.6258,0.61,0.6203,160755138.0,0.627,0.6112016666666666,0.5683135,48.10478865671957,0.002505201468717577,0.0053004084531697625,-0.0027952069844521853,0.663979561922656,0.5900204380773441,349971665.65
2023-12-17 00:00:00+00:00,0.6202,0.6237,0.6084,0.6103,176476817.0,0.6273199999999999,0.6132433333333334,0.568782,44.968935689956425,0.0008573278501399217,0.0044117923325637945,-0.003554464482423873,0.6635985666749878,0.5910414333250119,343324936.2
2023-12-18 00:00:00+00:00,0.6103,0.6145,0.5778,0.6125,477105096.0,0.62741,0.61479,0.5693119999999999,45.805937604944255,-0.00026801276669607965,0.00347583131271182,-0.0037438440794078996,0.6635317884384418,0.5912882115615582,352873794.1
2023-12-19 00:00:00+00:00,0.6125,0.6167,0.5972,0.6047,309456484.0,0.62719,0.6162866666666668,0.5697135,43.291845170171484,-0.0017688578338274086,0.0024268934834039742,-0.004195751317231383,0.6638054011311026,0.5905745988688974,356579545.25
2023-12-20 00:00:00+00:00,0.6047,0.6264,0.601,0.6171,380133323.0,0.62773,0.6178916666666667,0.570205,48.162786288642664,-0.0019354018854680355,0.0015544344096295724,-0.003489836295097608,0.6634035812610894,0.5920564187389106,363950489.9
2023-12-21 00:00:00+00:00,0.6171,0.6249,0.6103,0.6241,294263304.0,0.62831,0.6195833333333333,0.570646,50.73533684942148,-0.0014854246964630669,0.0009464625884110445,-0.0024318872848741115,0.663345747458725,0.5932742525412751,366241349.55
2023-12-22 00:00:00+00:00,0.624,0.6317,0.6154,0.6244,386616422.0,0.62849,0.620865,0.571223,50.847919656071916,-0.0010920189250608336,0.000538766285716669,-0.0016307852107775027,0.6634063514702145,0.5935736485297854,378365658.05
2023-12-23 00:00:00+00:00,0.6243,0.6249,0.6106,0.6195,170948891.0,0.62832,0.6218766666666667,0.5716705000000001,48.8829603475638,-0.0011622335608559853,0.0001985663164021381,-0.0013607998772581233,0.6633763888612555,0.5932636111387445,374880096.4
2023-12-24 00:00:00+00:00,0.6195,0.6295,0.6035,0.6121,305003397.0,0.6277,0.6228250000000001,0.5721395,45.99237039888699,-0.0017943135910560848,-0.00020000966508950651,-0.0015943039259665782,0.6634367038210235,0.5919632961789766,365520326.3
2023-12-25 00:00:00+00:00,0.6122,0.6488,0.6082,0.6462,501529244.0,0.62896,0.6243733333333333,0.5727525,58.24533842003116,0.00045114295042303354,-6.977914198699852e-05,0.000520922092410032,0.6654323676225106,0.5924876323774894,372128151.35
2023-12-26 00:00:00+00:00,0.6461,0.6469,0.6,0.6219,427204990.0,0.628055,0.6256883333333333,0.573172,49.608092421137705,0.00026680100485343416,-2.463112618911985e-06,0.00026926411747234616,0.6642841305442396,0.5918258694557604,368545363.05
2023-12-27 00:00:00+00:00,0.6219,0.6421,0.6127,0.634,363959180.0,0.627595,0.6271783333333333,0.5738084999999999,53.320091756710234,0.0010845752525712182,0.00021494456041911406,0.0008696306921521042,0.6632726947124048,0.5919173052875952,364009129.35
2023-12-28 00:00:00+00:00,0.6341,0.6584,0.6249,0.6346,468193003.0,0.62572,0.6284866666666666,0.5743775,53.50299551495383,0.001760784987933417,0.0005241126459219747,0.0012366723420114422,0.6552582870185721,0.596181712981428,362561555.25
2023-12-29 00:00:00+00:00,0.6346,0.6363,0.6121,0.623,347060742.0,0.62395,0.6292366666666668,0.574867,49.46743856132994,0.0013451568889956134,0.0006883214945367025,0.0006568353944589109,0.6494031334022266,0.5984968665977735,353767484.7
2023-12-30 00:00:00+00:00,0.6229,0.6297,0.6158,0.6207,168141907.0,0.6219,0.6295883333333333,0.5753745,48.68335843945874,0.0008207171318336259,0.0007148006219960872,0.00010591650983753878,0.6405588316888151,0.6032411683111849,349624482.6
2023-12-31 00:00:00+00:00,0.6207,0.6285,0.6055,0.6156,160978768.0,0.621745,0.6297066666666667,0.576052,46.90788611838879,-6.359226419561104e-06,0.0005705686523129575,-0.0005769278787325186,0.6405584499757894,0.6029315500242106,327580659.15
2024-01-01 00:00:00+00:00,0.6155,0.6309,0.6083,0.6294,165869400.0,0.622255,0.6301066666666666,0.5767985,52.0081692599098,0.00044657364647515685,0.0005457696511453974,-9.91960046702405e-05,0.6413162145466004,0.6031937854533996,317228773.55
2024-01-02 00:00:00+00:00,0.6295,0.6405,0.6213,0.6246,371069494.0,0.6221099999999999,0.630315,0.577542,50.201704207814174,0.0004134404426578975,0.0005193038094478974,-0.00010586336678999994,0.641053167633517,0.6031668323664828,316603921.3
2024-01-03 00:00:00+00:00,0.6245,0.6394,0.5,0.5823,1063513320.0,0.619645,0.6297716666666667,0.5780565,37.7558208224677,-0.0029915891665169836,-0.00018287478574507884,-0.002808714380771905,0.6448143047180791,0.5944756952819209,352744644.8
2024-01-04 00:00:00+00:00,0.5823,0.5938,0.5692,0.5868,384638363.0,0.618205,0.62854,0.5785564999999999,39.47491436631954,-0.005266280864115291,-0.0011995560014191214,-0.0040667248626961704,0.6471478039414207,0.5892621960585793,354145864.15
2024-01-05 00:00:00+00:00,0.5868,0.5885,0.553,0.5757,383229345.0,0.6159749999999999,0.6262216666666666,0.578967,36.776745030356494,-0.007873902212785167,-0.0025344252436923305,-0.0053394769690928365,0.6503006682380912,0.5816493317619087,365269574.5
2024-01-06 00:00:00+00:00,0.5758,0.5758,0.5568,0.5679,166749051.0,0.6138549999999999,0.6242699999999999,0.579342,34.96800888750737,-0.010449401534816771,-0.004117420501917219,-0.006331981032899552,0.654055421639474,0.5736545783605258,364783186.2
2024-01-07 00:00:00+00:00,0.568,0.573,0.5454,0.5515,226717559.0,0.610805,0.6220133333333334,0.5796,31.46411186337933,-0.013656423493276448,-0.006025221100189065,-0.007631202393087383,0.6593449412854147,0.5622650587145854,352263809.35
2024-01-08 00:00:00+00:00,0.5515,0.5821,0.5442,0.5776,520587965.0,0.60945,0.6205316666666667,0.580019,41.50911280614197,-0.01393136749499535,-0.007606450379150323,-0.006324917115845027,0.660064642150187,0.5588353578498131,362820383.4
2024-01-09 00:00:00+00:00,0.5776,0.5793,0.5531,0.5669,454568370.0,0.60694,0.6189883333333334,0.580373,38.98637155898853,-0.014841578692980306,-0.00905347604191632,-0.0057881026510639855,0.6606711604191784,0.5532088395808217,366542135.75
2024-01-10 00:00:00+00:00,0.567,0.615,0.5489,0.6008,565711997.0,0.6057750000000001,0.6179583333333334,0.5809445,49.46535351953778,-0.012681298820256592,-0.009779040597584375,-0.002902258222672217,0.6589751456764122,0.5525748543235879,380114570.4
2024-01-11 00:00:00+00:00,0.6008,0.624,0.5856,0.6019,513518254.0,0.60465,0.6169683333333332,0.5815025,49.76683487101434,-0.010756506340826255,-0.009974533746232752,-0.0007819725945935035,0.6571744514487441,0.552125548551256,386459662.0
2024-01-12 00:00:00+00:00,0.6019,0.6035,0.5515,0.5699,462016509.0,0.60217,0.6152966666666667,0.5819570000000001,41.93004006716718,-0.011678603328841408,-0.010315347662754484,-0.0013632556660869242,0.6563144770959279,0.548025522904072,401013042.9
2024-01-13 00:00:00+00:00,0.5699,0.5775,0.563,0.5747,144723019.0,0.6003000000000001,0.6143816666666667,0.5824115000000001,43.37055156387331,-0.01188504850943628,-0.010629287832090844,-0.0012557606773454365,0.6555162657193645,0.5450837342806356,392999024.0
2024-01-14 00:00:00+00:00,0.5746,0.5932,0.5717,0.5763,188471401.0,0.596805,0.613185,0.5829694999999999,43.87037974078157,-0.011783715833156627,-0.010860173432304002,-0.0009235424008526248,0.6487069643172727,0.5449030356827274,377346131.85
2024-01-15 00:00:00+00:00,0.5763,0.5895,0.5687,0.5757,267118552.0,0.594495,0.6125816666666667,0.5834745,43.71456071917835,-0.01161790002315799,-0.0110117187504748,-0.0006061812726831893,0.6458331135219385,0.5431568864780615,369341809.95
2024-01-16 00:00:00+00:00,0.5757,0.5797,0.5659,0.5757,250036650.0,0.59158,0.611955,0.5839885,43.71456071917835,-0.011355589630445029,-0.011080492926468847,-0.0002750967039761819,0.6401612144762915,0.5429987855237085,363645683.45
2024-01-17 00:00:00+00:00,0.5758,0.5763,0.5611,0.5685,229435711.0,0.588275,0.6112533333333333,0.584465,41.65548694186821,-0.011595026335522451,-0.011183399608279567,-0.000411626727242884,0.6335832277295352,0.5429667722704647,351707818.85
2024-01-18 00:00:00+00:00,0.5685,0.569,0.543,0.552,286860737.0,0.5847249999999999,0.6100233333333333,0.5848025,37.3174443273958,-0.012966721459608421,-0.011540063978545338,-0.001426657481063083,0.6297187273405017,0.5397312726594982,348697818.6
2024-01-19 00:00:00+00:00,0.552,0.5537,0.5216,0.5443,412467369.0,0.580905,0.6088916666666666,0.585079,35.461478801286376,-0.014507887480363912,-0.012133628678909053,-0.0023742588014548597,0.6260055753842609,0.5358044246157391,360914091.7
2024-01-20 00:00:00+00:00,0.5443,0.5551,0.539,0.5534,190027866.0,0.577795,0.6084683333333334,0.58541,39.30347715269348,-0.014824095758957379,-0.012671722094918719,-0.00215237366403866,0.6214519570628942,0.5341380429371057,362366546.6
2024-01-21 00:00:00+00:00,0.5534,0.5552,0.5451,0.5464,115018674.0,0.5736450000000001,0.6073933333333333,0.5857535,37.456316935922764,-0.015461306281969955,-0.013229638932328968,-0.0022316673496409877,0.6123948890319882,0.5348951109680119,359824010.3
2024-01-22 00:00:00+00:00,0.5464,0.5497,0.5169,0.5275,340622198.0,0.56879,0.6058366666666667,0.5860799999999999,32.953141530511616,-0.017292040380831875,-0.01404211922202955,-0.003249921158802325,0.6050372012711518,0.5325427987288482,358301645.5
2024-01-23 00:00:00+00:00,0.5275,0.5318,0.4962,0.5183,468522571.0,0.56559,0.6041216666666667,0.5863280000000001,30.999439446342308,-0.019263219057936487,-0.01508633918921094,-0.004176879868725548,0.6073780796399091,0.523801920360091,328552108.05
2024-01-24 00:00:00+00:00,0.5183,0.5194,0.511,0.5181,256315507.0,0.562155,0.6023766666666666,0.5865665,30.956471971901536,-0.020604020368398035,-0.01618987542504836,-0.0044141449433496745,0.6075436979323198,0.5167663020676801,322135965.25
2024-01-25 00:00:00+00:00,0.5182,0.5182,0.5037,0.5138,251423038.0,0.55906,0.6006783333333333,0.5867955,29.99388097883356,-0.021762722017695246,-0.017304444743577736,-0.00445827727411751,0.6085854035823168,0.5095345964176832,315545649.9
2024-01-26 00:00:00+00:00,0.5139,0.5368,0.5084,0.5323,345499020.0,0.55728,0.5994849999999999,0.587067,38.80966818455192,-0.02094674499628779,-0.018032904794119748,-0.0029138402021680436,0.6079523040722579,0.5066076959277421,324483148.35
2024-01-27 00:00:00+00:00,0.5322,0.5349,0.5262,0.5303,109437595.0,0.5562199999999999,0.598145,0.587342,38.24889537888851,-0.02022828157499945,-0.01847198015029569,-0.00175630142470376,0.6082016352185207,0.5042383647814792,318619150.15
2024-01-28 00:00:00+00:00,0.5304,0.5355,0.5211,0.5241,133344725.0,0.5535450000000001,0.5967283333333333,0.5876075000000001,36.488735159333125,-0.019929448050343357,-0.018763473730305225,-0.0011659743200381316,0.6063501692544524,0.5007398307455477,299256988.15
2024-01-29 00:00:00+00:00,0.5242,0.54,0.5193,0.5352,315810144.0,0.55196,0.5955433333333333,0.586207,41.6645839091337,-0.018582732917916678,-0.018727325567827517,0.00014459264991083937,0.6049691841098441,0.4989508158901559,292319076.85
2024-01-30 00:00:00+00:00,0.5351,0.5393,0.5071,0.5107,551143127.0,0.547455,0.5938466666666666,0.585171,34.90335319288904,-0.019270261142734335,-0.018835912682808882,-0.00043434845992545296,0.5983686710520009,0.4965413289479992,291590633.35
2024-01-31 00:00:00+00:00,0.5106,0.5144,0.4853,0.5033,485421774.0,0.542525,0.5918883333333333,0.584115,33.15335917465721,-0.020179632132061642,-0.019104656572659435,-0.0010749755594022074,0.5904004999972986,0.49464950000270147,290185809.35
2024-02-01 00:00:00+00:00,0.5033,0.5107,0.49,0.5058,339711167.0,0.53932,0.5899366666666667,0.5829099999999999,34.35090225656194,-0.02046270476322054,-0.019376266210771657,-0.0010864385524488838,0.5880112969635369,0.49062870303646317,284070542.25
2024-02-02 00:00:00+00:00,0.5057,0.5142,0.4987,0.5105,362229325.0,0.53611,0.5880366666666668,0.5817755,36.64868888750392,-0.020076363323094704,-0.019516285633236267,-0.0005600776898584368,0.5834956054091465,0.48872439459085354,294945857.55
2024-02-03 00:00:00+00:00,0.5106,0.527,0.506,0.5186,268503943.0,0.5332250000000001,0.58633,0.580479,40.51302309838929,-0.01889872984922858,-0.01939277447643473,0.0004940446272061506,0.5773880558271428,0.4890619441728573,298947484.65
2024-02-04 00:00:00+00:00,0.5187,0.5192,0.5003,0.5032,156461025.0,0.5296000000000001,0.58405,0.5788955,36.014988993050906,-0.018989202428401963,-0.019312060066828177,0.000322857638426214,0.5710401737447048,0.48815982625529525,293414608.3
2024-02-05 00:00:00+00:00,0.5031,0.5143,0.4969,0.5069,316744221.0,0.52616,0.5817783333333334,0.5774590000000001,37.80177191018029,-0.018548527640821155,-0.019159353581626775,0.0006108259408056198,0.5628747055005391,0.48944529449946084,296749986.85
2024-02-06 00:00:00+00:00,0.5069,0.5112,0.4981,0.505,296361361.0,0.522985,0.5789933333333332,0.5761275,37.226879289620086,-0.018143457335556112,-0.018956174332412645,0.0008127169968565329,0.5552132655442596,0.49075673445574036,300096269.35
2024-02-07 00:00:00+00:00,0.505,0.5155,0.4993,0.5138,337065844.0,0.521075,0.5765833333333333,0.5750310000000001,41.65284472558201,-0.01691733721222255,-0.018548406908374625,0.0016310696961520758,0.5506142535449241,0.49153574645507586,302606524.7
2024-02-08 00:00:00+00:00,0.5138,0.52,0.5101,0.5147,319558939.0,0.519595,0.5741333333333334,0.5739125,42.10245781559335,-0.015692116748502793,-0.01797714887640026,0.0022850321278974663,0.5472365249215978,0.49195347507840226,297961103.2
2024-02-09 00:00:00+00:00,0.5146,0.5282,0.514,0.5262,381663993.0,0.518235,0.5725916666666666,0.573033,47.653181005094424,-0.013635979727086966,-0.017108915046537602,0.003472935319450636,0.5414044863989539,0.49506551360104606,307542909.55
2024-02-10 00:00:00+00:00,0.5262,0.5282,0.5186,0.5239,136051851.0,0.51711,0.5710033333333333,0.572108,46.689086738541384,-0.012053126166409855,-0.016097757270512054,0.004044631104102199,0.536591468116939,0.49762853188306094,308594568.4
2024-02-11 00:00:00+00:00,0.5239,0.536,0.5216,0.5261,218992618.0,0.5170399999999999,0.5693133333333333,0.571158,47.77742872310948,-0.010500142594182305,-0.014978234335246105,0.004478091741063801,0.5363811892083012,0.49769881079169864,302513089.4
2024-02-12 00:00:00+00:00,0.5262,0.538,0.5143,0.5315,383946428.0,0.5176999999999999,0.5676450000000001,0.570246,50.45128125744639,-0.00873298859777405,-0.013729185187751696,0.004996196589977646,0.5380430577837086,0.49735694221629123,298284282.25
2024-02-13 00:00:00+00:00,0.5315,0.5338,0.514,0.5247,398803382.0,0.51803,0.56613,0.5693095,47.175636439190626,-0.007791395140784418,-0.012541627178358241,0.004750232037573823,0.538601154561456,0.49745884543854396,305408676.0
2024-02-14 00:00:00+00:00,0.5246,0.5418,0.5203,0.5378,402071120.0,0.51923,0.564755,0.568438,53.446457460953255,-0.005919874396524305,-0.011217276621991455,0.00529740222546715,0.541411172196061,0.49704882780393894,312941080.1
2024-02-15 00:00:00+00:00,0.5378,0.5769,0.537,0.5622,640584098.0,0.520725,0.5639533333333333,0.567726,62.39977171318348,-0.0024396815125994342,-0.00946175760011305,0.0070220760875136165,0.5493289070756306,0.4921210929243694,327695334.0
2024-02-16 00:00:00+00:00,0.5622,0.5791,0.5523,0.5643,522111567.0,0.5224249999999999,0.56315,0.5670595,63.05828165779709,0.00048228933962213283,-0.007472948212166015,0.007955237551788147,0.5566016513864555,0.48824834861354444,348329032.6
2024-02-17 00:00:00+00:00,0.5643,0.5655,0.5392,0.5496,254033578.0,0.5236999999999999,0.5622316666666667,0.566273,55.70398948249725,0.0015934369948996663,-0.0056596711707528795,0.007253108165652546,0.5598756271540841,0.4875243728459158,354363475.25
2024-02-18 00:00:00+00:00,0.5496,0.5625,0.5471,0.5571,199644484.0,0.5247949999999999,0.5612316666666666,0.5656335,58.3715691617704,0.003044126046813367,-0.00391891172723963,0.006963037774052997,0.5635318287291474,0.4860581712708524,348555192.25
2024-02-19 00:00:00+00:00,0.557,0.5679,0.5538,0.5626,361659945.0,0.5273899999999999,0.5602066666666666,0.5651315,60.26151850543618,0.00458476133196728,-0.0022181771153982487,0.006802938447365528,0.5688594538183385,0.4859205461816614,339081033.15
2024-02-20 00:00:00+00:00,0.5626,0.5751,0.543,0.5622,577494529.0,0.530335,0.55917,0.5647645,60.04799748450852,0.0057076549447577785,-0.0006330107033670433,0.006340665648124822,0.5728944302122492,0.48777556978775083,343684670.9
2024-02-21 00:00:00+00:00,0.5622,0.5629,0.5326,0.5491,443537294.0,0.5325,0.5579966666666666,0.564366,53.377546988338835,0.005477356151989521,0.0005890626677042697,0.004888293484285251,0.5742443169783781,0.4907556830216218,348875977.25
2024-02-22 00:00:00+00:00,0.549,0.5517,0.5366,0.541,363824441.0,0.534025,0.5568116666666666,0.563951,49.70115725789783,0.004588348765609984,0.0013889198872854126,0.0031994288783245717,0.5746567056003228,0.4933932943996771,348955733.05
2024-02-23 00:00:00+00:00,0.541,0.5437,0.5251,0.5342,435074448.0,0.534805,0.554945,0.563504,46.78773438370698,0.003297093989778621,0.0017705547077840544,0.0015265392819945667,0.5748165220904092,0.4947934779095907,357284258.3
2024-02-24 00:00:00+00:00,0.5342,0.5481,0.5313,0.545,201672485.0,0.536895,0.5536633333333333,0.56302,51.63673422655074,0.003109391883474477,0.002038322142922139,0.0010710697405523382,0.5743711510829395,0.49941884891706056,359544831.3
2024-02-25 00:00:00+00:00,0.5449,0.5489,0.542,0.5425,200338025.0,0.538675,0.5521383333333334,0.562516,50.489783231582976,0.002727466963908909,0.002176151107119493,0.000551315856789416,0.573576740644147,0.503773259355853,353724521.5
2024-02-26 00:00:00+00:00,0.5424,0.5528,0.5288,0.5506,442051388.0,0.540955,0.5507383333333333,0.5621035,54.050950101406684,0.0030433096398742032,0.002349582813670435,0.0006937268262037681,0.5725616116499586,0.5093483883500414,361009022.85
2024-02-27 00:00:00+00:00,0.5506,0.5976,0.5476,0.5861,852720045.0,0.54457,0.5501233333333333,0.561875,65.69657901684523,0.006087991968452333,0.003097264644626815,0.002990727323825518,0.5793096085181064,0.5098303914818936,386791732.9
2024-02-28 00:00:00+00:00,0.5862,0.6059,0.53,0.575,1038133713.0,0.547585,0.5493616666666666,0.561612,60.53073084004044,0.0075185779299487,0.003981527301691192,0.0035370506282575076,0.5818958306514326,0.5132741693485674,422720471.6
2024-02-29 00:00:00+00:00,0.5749,0.626,0.5669,0.5867,1323123117.0,0.55061,0.54888,0.5614175,63.764990122123194,0.009487058920523261,0.005082633625457606,0.004404425295065655,0.5874225467740455,0.5137974532259546,469793427.8
2024-03-01 00:00:00+00:00,0.5868,0.6034,0.5829,0.6013,545783016.0,0.55448,0.5484116666666666,0.5612525,67.3593847919199,0.012085873839970396,0.0064832816683601645,0.005602592171610231,0.5953023762168652,0.5136576237831347,490279986.05
2024-03-02 00:00:00+00:00,0.6013,0.6501,0.5993,0.6442,891150692.0,0.560385,0.5487383333333333,0.5614215,75.15739270420738,0.017406473861303895,0.00866792010694891,0.008738553754354984,0.6149362703792614,0.5058337296207387,523887889.75
2024-03-03 00:00:00+00:00,0.6442,0.6446,0.59,0.6271,626556050.0,0.565165,0.549485,0.5616125,68.1666869265859,0.020012568192989022,0.010936849724156934,0.009075718468832088,0.6252296077152867,0.5051003922847134,536018370.85
2024-03-04 00:00:00+00:00,0.6271,0.666,0.615,0.6477,1053563753.0,0.571315,0.5505,0.562319,71.5944325245636,0.023469621379431982,0.013443404055211945,0.010026217324220037,0.6383328267328273,0.5042971732671727,568756389.4
2024-03-05 00:00:00+00:00,0.6476,0.6685,0.5386,0.5912,1554937673.0,0.5739850000000001,0.5507583333333333,0.562744,54.31853255139049,0.02140355625337531,0.01503543449484462,0.0063681217585306905,0.6396912029034647,0.5082787970965355,626399717.05
2024-03-06 00:00:00+00:00,0.5913,0.624,0.5754,0.6121,832599729.0,0.57648,0.551495,0.563205,58.32464604241004,0.021208165556283798,0.016269980707132457,0.004938184849151341,0.6439720617553742,0.5089879382446257,636000498.6
2024-03-07 00:00:00+00:00,0.6121,0.6394,0.6064,0.627,789389082.0,0.579615,0.5527533333333333,0.563648,60.953633385485674,0.022001997169032284,0.017416383999512425,0.004585613169519859,0.6503019797062461,0.5089280202937538,649364374.35
2024-03-08 00:00:00+00:00,0.6271,0.6338,0.6,0.62,648298999.0,0.5831350000000001,0.55346,0.5641255,59.068417927459414,0.021814805444900442,0.01829606828859003,0.0035187371563104135,0.6545009379535591,0.511769062046441,669077645.4
2024-03-09 00:00:00+00:00,0.62,0.6323,0.6158,0.6197,399105613.0,0.586265,0.55434,0.564619,58.984219277699616,0.02139561186679262,0.018915977004230547,0.0024796348625620718,0.6582771177302212,0.5142528822697788,679050701.85
2024-03-10 00:00:00+00:00,0.6198,0.6278,0.5965,0.608,431213931.0,0.588535,0.55446,0.5650085,55.652388854624604,0.019890025879764628,0.019110786779337363,0.0007792391004272647,0.6602818403484867,0.5167881596515134,682528401.15
2024-03-11 00:00:00+00:00,0.608,0.744,0.583,0.723,2035920643.0,0.596575,0.5564783333333333,0.5660299999999999,72.246678892926,0.027657557931184074,0.020820141009706708,0.006837416921477366,0.6880435929704355,0.5051064070295644,755449706.85
2024-03-12 00:00:00+00:00,0.723,0.7332,0.6585,0.688,1164823272.0,0.60352,0.5584466666666666,0.566841,64.35408992550876,0.03063602255345066,0.0227833173184555,0.00785270523499516,0.7004452412944697,0.5065947587055302,791514005.75
2024-03-13 00:00:00+00:00,0.688,0.7026,0.6684,0.6891,629718012.0,0.610925,0.5603533333333334,0.567671,64.48540596536674,0.03270819828253768,0.024768293511271938,0.007939904771265743,0.7102134862408083,0.5116365137591918,804808684.3
2024-03-14 00:00:00+00:00,0.6891,0.7077,0.6378,0.669,866913230.0,0.617665,0.5618983333333334,0.5683980000000001,60.1266445882061,0.03235553598159391,0.026285742005336333,0.006069793976257575,0.7134443772165551,0.521885622783445,826400623.4
2024-03-15 00:00:00+00:00,0.669,0.6759,0.596,0.6342,1046569627.0,0.622125,0.5628733333333333,0.568953,53.3970790594949,0.028934441176221015,0.02681548183951327,0.002118959336707745,0.712084788238919,0.5321652117610811,868645480.5
2024-03-16 00:00:00+00:00,0.6341,0.6479,0.5915,0.6031,637944105.0,0.625155,0.56333,0.5692695,48.20460414319464,0.02344344734094339,0.026141074939799294,-0.0026976275988559034,0.7079825431241995,0.5423274568758005,890525784.5
2024-03-17 00:00:00+00:00,0.603,0.6249,0.5869,0.6191,520417354.0,0.62858,0.5641733333333333,0.569723,50.852509920234155,0.020150578127082652,0.024942975577255968,-0.004792397450173316,0.7041387347696553,0.5530212652303448,894444082.8
2024-03-18 00:00:00+00:00,0.6191,0.6686,0.5946,0.6453,868146942.0,0.63154,0.5657283333333333,0.5703945,54.91686352559467,0.01943108711192587,0.02384059788418995,-0.0044095107722640775,0.7048139899281533,0.5582660100718467,895215427.65
2024-03-19 00:00:00+00:00,0.6453,0.6489,0.5712,0.5845,1036258366.0,0.632015,0.5663983333333333,0.570827,45.511093006995864,0.01379580398481528,0.021831639104315015,-0.008035835119499735,0.7039272597335885,0.5601027402664115,895121660.3
2024-03-20 00:00:00+00:00,0.5845,0.6187,0.5681,0.6107,802805428.0,0.633215,0.5673533333333333,0.5713865,49.523117479989985,0.01131350747229487,0.019728012777910985,-0.008414505305616115,0.7028267023207384,0.5636032976792615,869105775.85
2024-03-21 00:00:00+00:00,0.6108,0.6546,0.5972,0.6404,799317843.0,0.63517,0.56892,0.5720649999999999,53.686118335854204,0.01160899017647643,0.018104208257624075,-0.006495218081147645,0.703266346451121,0.5670736535488791,881782517.2
2024-03-22 00:00:00+00:00,0.6403,0.6454,0.5985,0.6115,580029104.0,0.633535,0.57032,0.572579,49.41538698627057,0.009402784429878186,0.016363923492074897,-0.006961139062196711,0.7022530114670898,0.5648169885329101,866226437.8
2024-03-23 00:00:00+00:00,0.6115,0.6329,0.6032,0.6167,278695151.0,0.6330150000000001,0.57196,0.5731345,50.183288438558314,0.007981936230351039,0.014687526039730125,-0.006705589809379086,0.7020764588608661,0.5639535411391341,848833392.85
2024-03-24 00:00:00+00:00,0.6168,0.6358,0.6133,0.6325,304667124.0,0.632255,0.5738666666666667,0.5737805,52.540758968552616,0.008038172698181856,0.01335765537142047,-0.0053194826732386145,0.7009870732990873,0.5635229267009128,811388561.4
2024-03-25 00:00:00+00:00,0.6326,0.6629,0.6263,0.6406,598260361.0,0.634725,0.5759799999999999,0.5744585,53.749139308354586,0.008636783347357735,0.012413480966607923,-0.0037766976192501883,0.7008802681197128,0.5685697318802871,763554695.8
2024-03-26 00:00:00+00:00,0.6405,0.653,0.625,0.6317,483920076.0,0.635705,0.5776366666666667,0.575092,52.177138408695825,0.00829738390329493,0.011590261553945325,-0.0032928776506503943,0.7010665322647127,0.5703434677352872,746120713.15
2024-03-27 00:00:00+00:00,0.6317,0.6349,0.6055,0.6118,576105586.0,0.634945,0.578995,0.575632,48.74430364440105,0.00634945118896324,0.010542099480948908,-0.0041926482919856685,0.7010430627552054,0.5688469372447945,735456538.35
2024-03-28 00:00:00+00:00,0.6119,0.6378,0.6033,0.6244,500717330.0,0.635165,0.5806666666666666,0.5762695,50.94499006029215,0.005756062866464351,0.009584892158051998,-0.003828829291587647,0.7010916948966128,0.5692383051033871,728077454.9
2024-03-29 00:00:00+00:00,0.6243,0.6455,0.6087,0.6301,536802072.0,0.635685,0.5822483333333334,0.577048,51.95006359098003,0.005680262182267581,0.008803966162895116,-0.0031237039806275343,0.7012787885778149,0.570091211422185,734962277.85
2024-03-30 00:00:00+00:00,0.63,0.6372,0.6178,0.6212,275028227.0,0.6363449999999999,0.58409,0.5777519999999999,50.21988853519221,0.004846170339295464,0.008012406998175185,-0.003166236658879721,0.7010711454127393,0.5716188545872606,727152992.65
2024-03-31 00:00:00+00:00,0.6211,0.6301,0.6204,0.6292,181972969.0,0.6316550000000001,0.5861883333333334,0.578482,51.77465085637051,0.004775629204895271,0.007365051439519202,-0.0025894222346239315,0.6827420032394845,0.5805679967605156,634455608.95
2024-04-01 00:00:00+00:00,0.6292,0.6336,0.5947,0.611,546287523.0,0.627805,0.5879416666666667,0.5790909999999999,48.094468361590714,0.0032140869576599007,0.006534858543147342,-0.0033207715854874417,0.6725371573366533,0.5830728426633466,603528821.5
2024-04-02 00:00:00+00:00,0.611,0.6185,0.579,0.5854,648286441.0,0.62262,0.58919,0.5795155000000001,43.41938747273159,-8.813659168582788e-05,0.0052102595161807085,-0.005298396107866536,0.6613711341768357,0.5838688658231642,604457242.95
2024-04-03 00:00:00+00:00,0.5854,0.593,0.5663,0.5742,493903933.0,0.61788,0.5901166666666666,0.5798875,41.51790564437299,-0.003567791662065667,0.0034546492805314333,-0.007022440942597101,0.6559648841404453,0.5797951158595547,585806778.1
2024-04-04 00:00:00+00:00,0.5741,0.6176,0.5623,0.5935,701629386.0,0.615845,0.5916216666666666,0.5803925,45.91353489851005,-0.004713757410516495,0.0018209679423218479,-0.006534725352838343,0.6545684024846881,0.5771215975153119,568559766.05
2024-04-05 00:00:00+00:00,0.5934,0.5939,0.5687,0.5871,421470900.0,0.6150450000000001,0.5929583333333334,0.580813,44.713364700951914,-0.0060684171004934395,0.0002430909337587904,-0.00631150803425223,0.6554146655917678,0.5746753344082324,557736105.8
2024-04-06 00:00:00+00:00,0.587,0.5988,0.5852,0.593,165404890.0,0.6137400000000001,0.594425,0.581208,46.11183178852279,-0.006589949141352913,-0.0011235170812635502,-0.0054664320600893625,0.6551743528969762,0.5723056471030239,539985482.6
2024-04-07 00:00:00+00:00,0.593,0.6028,0.5894,0.5944,210766117.0,0.611195,0.5957683333333333,0.581574,46.45792097345346,-0.00681177681847811,-0.0022611690287064625,-0.004550607789771647,0.6507740083250094,0.5716159916749907,507116441.35
2024-04-08 00:00:00+00:00,0.5945,0.6265,0.5881,0.6147,512812491.0,0.6127049999999999,0.597435,0.582112,51.338106131091415,-0.00528857312598674,-0.0028666498481625183,-0.0024219232778242214,0.6503521765208382,0.5750578234791617,480944147.6
2024-04-09 00:00:00+00:00,0.6146,0.6431,0.6012,0.6141,648585747.0,0.6128750000000001,0.5989,0.5826215,51.18959375456258,-0.004082774527869759,-0.0031098747841039665,-0.0009728997437657926,0.6505151315086858,0.5752348684913143,473233163.55
2024-04-10 00:00:00+00:00,0.614,0.6204,0.5928,0.6172,449695736.0,0.611715,0.6004550000000001,0.5831695,51.96280046103827,-0.002844239734155596,-0.0030567477741142925,0.00021250803995869665,0.6472623360463363,0.5761676639536637,455752058.2
2024-04-11 00:00:00+00:00,0.6171,0.6214,0.6029,0.6086,316314812.0,0.6115700000000001,0.60183,0.583702,49.61470863842065,-0.0025275046139047186,-0.002950899142072378,0.00042339452816765946,0.6471433102197583,0.5759966897802418,442566343.6
2024-04-12 00:00:00+00:00,0.6085,0.6159,0.5068,0.5468,903224330.0,0.6080749999999999,0.602085,0.583908,36.759769735316894,-0.00718046137594297,-0.0037968115888464965,-0.003383649787096474,0.6533559838673053,0.5627940161326945,473792802.55
2024-04-13 00:00:00+00:00,0.5468,0.5491,0.4188,0.4788,1199425184.0,0.6003900000000001,0.60132,0.5837924999999999,28.124901684408485,-0.016168613125392417,-0.006271171896155681,-0.009897441229236737,0.6713633724715911,0.5294166275284091,518530705.55
2024-04-14 00:00:00+00:00,0.4788,0.5073,0.4637,0.5033,820741178.0,0.593525,0.600745,0.5838125000000001,34.128635615662816,-0.021071938705440885,-0.00923132525801272,-0.011840613447428164,0.6735914193029213,0.5134585806970786,529654746.4
2024-04-15 00:00:00+00:00,0.5034,0.5189,0.4811,0.4977,680790708.0,0.5868249999999999,0.59967,0.583752,33.44104575852387,-0.02512016314900667,-0.01240909283621151,-0.01271107031279516,0.6750071495541542,0.49864285044584566,539498278.0
2024-04-16 00:00:00+00:00,0.4977,0.5021,0.4754,0.4965,535103938.0,0.58106,0.59854,0.583627,33.286287512961394,-0.028101305796825904,-0.01554753542833439,-0.012553770368491514,0.6767162679597696,0.4854037320402304,537448195.6
2024-04-17 00:00:00+00:00,0.4965,0.5081,0.4715,0.4951,496078590.0,0.574595,0.5976316666666667,0.5835279999999999,33.09386630855987,-0.03022839697905666,-0.018483707738478846,-0.011744689240577814,0.6750195482936879,0.474170451706312,537216258.6
2024-04-18 00:00:00+00:00,0.4951,0.5057,0.4856,0.5025,408855589.0,0.568215,0.5967216666666667,0.5834199999999999,35.225345233670154,-0.030960124862809524,-0.020978991163344982,-0.009981133699464542,0.6699285639921799,0.4665014360078201,530818934.45
2024-04-19 00:00:00+00:00,0.5026,0.5108,0.4665,0.503,649243049.0,0.562305,0.5957283333333333,0.5833735,35.37515412749612,-0.031140707964179226,-0.023011334523511832,-0.008129373440667394,0.6647503703199481,0.45985962968005195,549529675.55
2024-04-20 00:00:00+00:00,0.503,0.53,0.4981,0.5288,323152269.0,0.557285,0.5951716666666668,0.5833225,42.734811103275064,-0.028869190930048028,-0.024182905804819074,-0.004686285125228954,0.6558942343545539,0.4586757656454462,556588640.55
2024-04-21 00:00:00+00:00,0.5288,0.5367,0.5183,0.5246,209381366.0,0.552965,0.5947633333333333,0.5832825,41.89830564153099,-0.02709556144826386,-0.02476543693350803,-0.002330124514755831,0.6493275087883837,0.45660249121161633,539743332.7
2024-04-22 00:00:00+00:00,0.5246,0.5715,0.5221,0.556,481213218.0,0.5514950000000001,0.5950133333333334,0.583449,49.808422176235034,-0.022892341068538213,-0.02439081776051407,0.0014984766919758571,0.6467238081411888,0.45626619185881134,531389671.55
2024-04-23 00:00:00+00:00,0.556,0.5576,0.5415,0.5445,395536969.0,0.55001,0.595185,0.583544,47.270173567062976,-0.020255717226091763,-0.02356379765362961,0.003308080427537847,0.6447010111889789,0.45531898881102106,526471323.35
2024-04-24 00:00:00+00:00,0.5445,0.5519,0.5212,0.5275,437750382.0,0.54671,0.5948933333333334,0.5835735000000001,43.72304041598668,-0.019315277267182518,-0.022714093576340192,0.003398816309157674,0.6396932866701933,0.45372671332980674,513277373.15
2024-04-25 00:00:00+00:00,0.5276,0.5327,0.5137,0.5254,358100461.0,0.5436249999999999,0.5946083333333333,0.5836134999999999,43.290883172360616,-0.01852586958123159,-0.021876448777318473,0.003350579196086882,0.6351256857897325,0.4521243142102674,510108851.2
2024-04-26 00:00:00+00:00,0.5254,0.5361,0.5143,0.5261,354085810.0,0.54028,0.5942000000000001,0.5837305,43.49138095101098,-0.01764042629929008,-0.021029244281712798,0.0033888179824227184,0.6291701929348303,0.45138980706516957,519542897.2
2024-04-27 00:00:00+00:00,0.5261,0.5265,0.508,0.5179,195569696.0,0.5364549999999999,0.5930633333333334,0.5838375,41.63439165398981,-0.017399803485241505,-0.020303356122418542,0.002903552637177037,0.6222298325558924,0.45068016744410744,518783076.15
2024-04-28 00:00:00+00:00,0.5178,0.5253,0.5085,0.5103,135893039.0,0.531235,0.591985,0.583945,39.932555558274046,-0.017619260784944246,-0.019766537054923684,0.002147276269979438,0.6097250573320685,0.4527449426679315,499937103.55
2024-04-29 00:00:00+00:00,0.5104,0.5175,0.4986,0.5151,347828455.0,0.5262849999999999,0.5907916666666666,0.5841055,41.55738389405389,-0.017207504985167876,-0.019254730640972523,0.0020472256558046464,0.5951430067965331,0.4574269932034667,484899238.95
2024-04-30 00:00:00+00:00,0.515,0.5198,0.4875,0.5006,395591280.0,0.5204549999999999,0.5891133333333334,0.584183,38.196145496767706,-0.0178455025211246,-0.01897288501700294,0.001127382495878338,0.5759915276191393,0.4649184723808605,482194016.15
2024-05-01 00:00:00+00:00,0.5006,0.5214,0.4782,0.5175,478521177.0,0.5159,0.5870016666666665,0.584338,43.892242932231106,-0.016793842442217488,-0.01853707650204585,0.0017432340598283608,0.5539677291152421,0.477832270884758,490304334.4
2024-05-02 00:00:00+00:00,0.5175,0.5245,0.5067,0.518,344602656.0,0.51446,0.5851833333333333,0.584491,44.05652089282841,-0.015738623378205197,-0.01797738587727772,0.0022387624990725247,0.5498263342741575,0.4790936657258425,462373250.7
2024-05-03 00:00:00+00:00,0.518,0.5367,0.5145,0.5317,363626848.0,0.5171049999999999,0.5832499999999999,0.5846605,48.505425699379025,-0.013639649771036488,-0.017109838656029476,0.0034701888849929877,0.5491660339819451,0.4850439660180548,420583333.9
2024-05-04 00:00:00+00:00,0.5317,0.541,0.5272,0.5302,158694221.0,0.51845,0.5822333333333333,0.5848555,48.0548207284489,-0.011959375295094832,-0.01607974598384255,0.004120370688747717,0.5503381482684623,0.48656185173153765,387480986.05
2024-05-05 00:00:00+00:00,0.5302,0.5334,0.524,0.5296,112344720.0,0.520045,0.5808583333333334,0.5850645,47.863283665865964,-0.010554495004313269,-0.014974695787936695,0.004420200783623426,0.5507928438267048,0.48929715617329517,359058686.65
2024-05-06 00:00:00+00:00,0.5295,0.5703,0.5247,0.5402,567274807.0,0.5222300000000001,0.5794116666666667,0.585167,51.53825698105145,-0.008487942126871095,-0.013677345055723576,0.00518940292885248,0.5521750229586058,0.4922849770413944,360667230.1
2024-05-07 00:00:00+00:00,0.5401,0.5443,0.5217,0.5245,346192205.0,0.5237,0.5778200000000001,0.585215,46.329365196918566,-0.008024540959338133,-0.012546784236446487,0.004522243277108354,0.5509375476133851,0.496462452386615,353172910.85
2024-05-08 00:00:00+00:00,0.5244,0.53,0.5153,0.5171,346832658.0,0.52443,0.57611,0.5851965,44.0685695282132,-0.008160342996634706,-0.011669495988484132,0.0035091529918494253,0.5500927434229353,0.49876725657706455,350071764.3
2024-05-09 00:00:00+00:00,0.517,0.5238,0.5087,0.5209,299812797.0,0.525325,0.5746583333333334,0.585188,45.5382835839876,-0.00787061133928424,-0.010909719058644154,0.0030391077193599146,0.5491160802611276,0.5015339197388725,332600251.7
2024-05-10 00:00:00+00:00,0.5209,0.5209,0.497,0.5022,356081362.0,0.523995,0.5709783333333334,0.5849615,39.97188564687631,-0.009045657917265748,-0.010536906830368474,0.001491248913102726,0.5497530647563325,0.4982369352436675,334246706.35
2024-05-11 00:00:00+00:00,0.5022,0.5079,0.5005,0.5059,99554446.0,0.52306,0.5679433333333334,0.5846969999999999,41.49569357627062,-0.009568037339704016,-0.010343132932235584,0.0007750955925315672,0.5499931320122896,0.49612686798771033,328755360.35
2024-05-12 00:00:00+00:00,0.5059,0.5088,0.4957,0.4993,96995150.0,0.5202249999999999,0.56478,0.5844175,39.5662702029034,-0.010394767230905488,-0.010353459791969565,-4.1307438935923174e-05,0.5444972784260446,0.4959527215739553,309544456.95
2024-05-13 00:00:00+00:00,0.4993,0.5121,0.4866,0.5053,307847853.0,0.518265,0.5620516666666667,0.5841775,42.197525203859364,-0.010445398715682619,-0.010371847576712176,-7.355113897044262e-05,0.5406362561111673,0.49589374388883267,305160001.15
2024-05-14 00:00:00+00:00,0.5052,0.5132,0.4972,0.5002,306746811.0,0.5169,0.5598183333333334,0.5839635,40.580185754183724,-0.010772868981924755,-0.010452051857754692,-0.0003208171241700624,0.5401643933940141,0.49363560660598593,298609822.6
2024-05-15 00:00:00+00:00,0.5002,0.5196,0.4967,0.5188,323956909.0,0.51657,0.5584133333333334,0.5838344999999999,48.35468741163244,-0.009422905583887364,-0.010246222602981227,0.0008233170190938624,0.5395279702933741,0.4936120297066259,296902645.0
2024-05-16 00:00:00+00:00,0.5188,0.5228,0.5123,0.5157,327561119.0,0.51605,0.55669,0.5836325,47.245174998016175,-0.008505151860822346,-0.00989800845454945,0.0013928565937271035,0.5385882785498682,0.49351172145013184,295576410.45
2024-05-17 00:00:00+00:00,0.5158,0.5292,0.5135,0.5234,286496760.0,0.5163249999999999,0.5546583333333334,0.5833595,50.29587652665002,-0.007074944221830304,-0.009333395608005621,0.0022584513861753173,0.5390800324102482,0.4935699675897517,300122763.65
2024-05-18 00:00:00+00:00,0.5235,0.5256,0.5186,0.5213,90176826.0,0.516875,0.553605,0.5829679999999999,49.45589668004003,-0.0060413063938812295,-0.008674977765180744,0.0026336713712995143,0.5395525549826573,0.49419744501734264,297836953.0
2024-05-19 00:00:00+00:00,0.5213,0.5236,0.5063,0.5096,112974578.0,0.5166000000000001,0.5519200000000001,0.5824735000000001,44.95154436185944,-0.006095962723620674,-0.008159174756868729,0.0020632120332480554,0.5394893861864282,0.49371061381357195,286094259.15
2024-05-20 00:00:00+00:00,0.5096,0.538,0.5064,0.5377,404880454.0,0.518455,0.5502083333333334,0.5821350000000001,55.44690355662109,-0.0038277195321216873,-0.00729288371191932,0.003465164179797633,0.54186444040321,0.49504555959679,286558717.85
2024-05-21 00:00:00+00:00,0.5377,0.5571,0.5319,0.537,491396281.0,0.5194300000000001,0.5489666666666667,0.5817595,55.164746964729844,-0.002062825640979926,-0.0062468720977314415,0.004184046456751515,0.5441848055938932,0.494675194406107,287202473.05
2024-05-22 00:00:00+00:00,0.537,0.5383,0.5224,0.5268,303183587.0,0.5198699999999999,0.5474683333333333,0.581319,51.0853489306138,-0.0014702412460286807,-0.00529154592739089,0.003821304681362209,0.5448195571101259,0.49492044288987397,285131519.6
2024-05-23 00:00:00+00:00,0.5268,0.5488,0.5027,0.5289,585134596.0,0.51973,0.5457416666666667,0.5806600000000001,51.87441662878289,-0.0008216894694027532,-0.004397574635793263,0.00357588516639051,0.5444427578386436,0.4950172421613565,296206907.0
2024-05-24 00:00:00+00:00,0.5288,0.5375,0.5168,0.536,322992520.0,0.5200199999999999,0.5439983333333333,0.579766,54.54427156146273,0.0002621808908529477,-0.003465623530464021,0.0037278044213169687,0.5453459234775642,0.49469407652243574,304421821.95
2024-05-25 00:00:00+00:00,0.5359,0.5426,0.5318,0.5416,132376204.0,0.52062,0.5424966666666666,0.5790489999999999,56.589855255223924,0.001555102900844152,-0.0024614782442023866,0.004016581145046539,0.5473547414423898,0.4938852585576102,305423396.15
2024-05-26 00:00:00+00:00,0.5416,0.542,0.5255,0.5283,108799266.0,0.520025,0.541105,0.578256,50.74866260320068,0.0014893853542463642,-0.0016713055245126365,0.0031606908787590007,0.5454897108758657,0.4945602891241342,282499619.1
2024-05-27 00:00:00+00:00,0.5283,0.5409,0.5236,0.534,244982717.0,0.5205,0.5395983333333334,0.5775935,52.98829552386834,0.0018756250501683613,-0.0009619194095764371,0.0028375444597447987,0.5466266913326474,0.4943733086673525,277439144.7
2024-05-28 00:00:00+00:00,0.5339,0.5355,0.5211,0.5287,282469800.0,0.52108,0.5379083333333333,0.5769395,50.680560602189985,0.001734067831302033,-0.00042272196140074307,0.002156789792702776,0.5473933882271256,0.49476661177287434,274221001.8
2024-05-29 00:00:00+00:00,0.5286,0.5334,0.52,0.5238,316791079.0,0.521225,0.536285,0.5762455,48.57427530584424,0.0012125165306938746,-9.567426298181953e-05,0.001308190793675694,0.5475647703101495,0.49488522968985055,275069915.9
2024-05-30 00:00:00+00:00,0.5238,0.5283,0.5127,0.5186,361762802.0,0.5220450000000001,0.5344416666666666,0.5755319999999999,46.3717484907958,0.0003752610498105602,-1.4872004233435924e-06,0.0003767482502339038,0.5469464437330737,0.4971435562669265,275353987.9
2024-05-31 00:00:00+00:00,0.5185,0.5259,0.5119,0.5176,304398744.0,0.52263,0.5328849999999999,0.574769,45.940338296603485,-0.00036475690301607244,-7.414114094188937e-05,-0.0002906157620741831,0.5465158200611038,0.49874417993889625,285596202.8
2024-06-01 00:00:00+00:00,0.5176,0.5219,0.5174,0.5187,88294554.0,0.5236000000000001,0.5317733333333333,0.5742145,46.529626191996655,-0.0008526369868201433,-0.0002298403101175402,-0.0006227966767026031,0.5450709105533842,0.5021290894466159,285161173.0
2024-06-02 00:00:00+00:00,0.5187,0.5209,0.508,0.5135,130902096.0,0.52401,0.5307616666666666,0.5735415,44.083250523068735,-0.0016399773717171717,-0.0005118677224374665,-0.0011281096492797053,0.5443508849362908,0.5036691150637091,276313885.15
2024-06-03 00:00:00+00:00,0.5135,0.5232,0.5118,0.5199,237659106.0,0.524995,0.529535,0.5730815,47.72608882675952,-0.0017276089852779064,-0.0007550159750055545,-0.0009725930102723519,0.5423116365091901,0.5076783634908099,272859499.9
2024-06-04 00:00:00+00:00,0.5199,0.5303,0.5182,0.5257,252531633.0,0.52534,0.5285116666666666,0.5726435,50.85105201969053,-0.0013139003180074882,-0.0008667928436059413,-0.0004471074744015469,0.5424225525022291,0.5082574474977709,269288236.1
2024-06-05 00:00:00+00:00,0.5257,0.5326,0.524,0.5258,248045273.0,0.525845,0.5273916666666667,0.5722195,50.90554606324669,-0.0009668191648125601,-0.0008867981078472651,-8.0021056965295e-05,0.5423449969694364,0.5093450030305636,265312443.8
2024-06-06 00:00:00+00:00,0.5259,0.5281,0.5164,0.5215,289657499.0,0.52575,0.5261766666666666,0.571698,48.419505029382215,-0.001026891547183384,-0.0009148167957144889,-0.00011207475146889502,0.5423269116542079,0.5091730883457922,265470480.75
2024-06-07 00:00:00+00:00,0.5214,0.528,0.4508,0.4991,549543388.0,0.52464,0.52425,0.5711325,38.00670255002706,-0.002849148923147027,-0.0013016832212009964,-0.0015474657019460304,0.5448377622520768,0.5044422377479232,288438808.85
2024-06-08 00:00:00+00:00,0.4991,0.5008,0.4897,0.4926,152121412.0,0.52379,0.522225,0.5707015,35.61333214442709,-0.004762893033396054,-0.001993925183640008,-0.002768967849756046,0.5475624967134591,0.5000175032865408,290396150.55
2024-06-09 00:00:00+00:00,0.4927,0.4992,0.4909,0.4986,90936082.0,0.5218349999999999,0.5202483333333333,0.57014,39.406469416030866,-0.00572935473762648,-0.0027410110944373024,-0.0029883436431891773,0.5470947129831563,0.4965752870168436,274698931.95
2024-06-10 00:00:00+00:00,0.4987,0.506,0.4933,0.4969,249759346.0,0.51983,0.5183866666666667,0.56952,38.71062027661084,-0.006556874822278624,-0.003504183840005567,-0.0030526909822730574,0.546293718559406,0.493366281440594,262617085.2
2024-06-11 00:00:00+00:00,0.4969,0.497,0.4707,0.4802,429410619.0,0.5175,0.5172766666666667,0.5688150000000001,32.617373257553425,-0.008462688280940212,-0.004495884728192496,-0.003966803552747715,0.548852894603074,0.486147105396926,268928436.8
2024-06-12 00:00:00+00:00,0.4803,0.4982,0.4742,0.4916,341106347.0,0.515635,0.51749,0.568159,39.60590865875003,-0.00895000437213156,-0.005386708656980309,-0.00356329571515125,0.5484566559605312,0.48281334403946874,256727024.35
2024-06-13 00:00:00+00:00,0.4917,0.4917,0.4756,0.4769,290198216.0,0.51268,0.51705,0.567465,34.61981790874688,-0.010402459949308551,-0.006389858915445958,-0.0040126010338625935,0.5481689616640371,0.477191038335963,255087309.15
2024-06-14 00:00:00+00:00,0.4768,0.4814,0.4601,0.4746,389318737.0,0.5093300000000001,0.516665,0.5668185,33.90069360639815,-0.011605352951947867,-0.007432957722746341,-0.004172395229201526,0.5458993915726187,0.47276060842738143,267934435.8
2024-06-15 00:00:00+00:00,0.4746,0.5053,0.474,0.4908,176444562.0,0.507455,0.5165700000000001,0.5662189999999999,42.89781848678915,-0.011123228062825508,-0.008171011790762175,-0.0029522162720633325,0.543786224862252,0.47112377513774795,271316700.6
2024-06-16 00:00:00+00:00,0.4908,0.4997,0.4878,0.4891,161562815.0,0.5052099999999999,0.51647,0.565619,42.247941748429945,-0.010754346989435337,-0.008687678830496808,-0.0020666681589385297,0.5402278754351478,0.47019212456485204,267145705.5
2024-06-17 00:00:00+00:00,0.4891,0.5213,0.4838,0.5047,584945066.0,0.5040100000000001,0.5165066666666667,0.565111,49.76823209937325,-0.009098336496158876,-0.008769810363629222,-0.0003285261325296548,0.5373294777868973,0.4706905222131028,282269468.8
2024-06-18 00:00:00+00:00,0.5048,0.5096,0.469,0.491,582727016.0,0.50237,0.5163066666666667,0.5645035,44.311146334239005,-0.008790085123977498,-0.008773865315698877,-1.6219808278620726e-05,0.5348500307880326,0.46988996921196735,295566265.65
2024-06-19 00:00:00+00:00,0.4909,0.4996,0.4868,0.4933,260612342.0,0.501105,0.5157149999999999,0.563866,45.39368492807458,-0.008264929944929666,-0.008672078241545035,0.00040714829661536896,0.5329220064586779,0.46928799354132206,290508742.65
2024-06-20 00:00:00+00:00,0.4933,0.5023,0.4883,0.4888,324974220.0,0.49966499999999997,0.5151183333333333,0.5631955,43.607582019569136,-0.008118270702713537,-0.008561316733778737,0.0004430460310651998,0.5309682442406783,0.4683617557593216,291537516.45
2024-06-21 00:00:00+00:00,0.4888,0.4959,0.4797,0.4889,336098409.0,0.498175,0.514,0.5625175,43.66063321442744,-0.007902873624593021,-0.008429628111941595,0.0005267544873485738,0.5285348995385619,0.4678151004614381,303927709.2
2024-06-22 00:00:00+00:00,0.489,0.4897,0.4841,0.4866,79168277.0,0.49683,0.513035,0.5618455,42.66643421544518,-0.007827529775642772,-0.008309208444681832,0.00048167866903905954,0.5267350564284968,0.46692494357150316,301341018.25
2024-06-23 00:00:00+00:00,0.4867,0.4892,0.4742,0.4797,95099780.0,0.49482,0.5122383333333332,0.561044,39.74264539407252,-0.008229724426457974,-0.00829331164103706,6.358721457908577e-05,0.5236365646806067,0.4660034353193933,294213051.95
2024-06-24 00:00:00+00:00,0.4798,0.4825,0.462,0.474,385123013.0,0.492235,0.5113816666666666,0.560198,37.459011831185386,-0.008905749016966058,-0.00841579911622286,-0.0004899499007431987,0.5186858052805884,0.46578419471941157,300842620.95
2024-06-25 00:00:00+00:00,0.4741,0.4802,0.4731,0.4757,226045665.0,0.48972999999999994,0.5105416666666667,0.5592159999999999,38.592327854333035,-0.009198295359763409,-0.00857229836493097,-0.0006259969948324388,0.5121778150382529,0.467282184961747,299742640.55
2024-06-26 00:00:00+00:00,0.4758,0.4783,0.4652,0.4698,243409484.0,0.48714500000000005,0.5097400000000001,0.5582729999999999,36.144313056013715,-0.009793329726801081,-0.008816504637304993,-0.0009768250894960882,0.5059798055469557,0.46831019445304445,297430239.8
2024-06-27 00:00:00+00:00,0.4697,0.4771,0.4657,0.4753,243549420.0,0.48595499999999997,0.5091566666666666,0.557341,39.967246091936815,-0.009709173407792926,-0.008995038391402579,-0.0007141350163903468,0.504624812532311,0.467285187467689,282130541.4
2024-06-28 00:00:00+00:00,0.4753,0.4811,0.4692,0.4716,264186218.0,0.48490500000000003,0.5084316666666667,0.5566055,38.30580326415008,-0.00982774981417922,-0.009161580675957908,-0.0006661691382213123,0.5043094814409363,0.4655005185590637,287733781.7
2024-06-29 00:00:00+00:00,0.4716,0.4768,0.4716,0.4727,57959490.0,0.48361,0.5079666666666667,0.555873,39.116127979859094,-0.009720905120445655,-0.009273445564855457,-0.00044745955559019786,0.5026391250453521,0.46458087495464784,286084952.1
2024-06-30 00:00:00+00:00,0.4727,0.4784,0.4701,0.4761,82862100.0,0.48257000000000005,0.5072766666666666,0.555116,41.6665010487321,-0.009255190273555314,-0.009269794506595428,1.4604233040114642e-05,0.5008384536836498,0.4643015463163504,277740089.8
2024-07-01 00:00:00+00:00,0.4761,0.4849,0.4754,0.477,211844474.0,0.48241000000000006,0.5065933333333333,0.554343,42.354856020238664,-0.008713046843387029,-0.00915844497395375,0.00044539813056672026,0.5008142277749341,0.464005772225066,266861782.55
2024-07-02 00:00:00+00:00,0.4771,0.4889,0.476,0.4853,226194005.0,0.48209500000000005,0.50582,0.5536915,48.40196574787916,-0.007526888351450212,-0.008832133649453042,0.0013052452980028308,0.5000699241998863,0.46412007580011383,261116165.45
2024-07-03 00:00:00+00:00,0.4853,0.4875,0.4611,0.4672,317610313.0,0.48161000000000004,0.50477,0.552926,38.83465751113029,-0.0079556600360986,-0.008656838926782155,0.0007011788906835549,0.5006134628421154,0.46260653715788475,262486770.3
2024-07-04 00:00:00+00:00,0.4672,0.4697,0.4313,0.4329,436420394.0,0.47952500000000003,0.5031583333333333,0.5520390000000001,27.672001032068366,-0.01093711181140894,-0.009112893503707512,-0.0018242183077014276,0.5079582112149097,0.4510917887850903,264841853.15
2024-07-05 00:00:00+00:00,0.433,0.4335,0.3823,0.4251,728055932.0,0.47623999999999994,0.50124,0.551102,25.852173197430616,-0.013770589848345338,-0.010044432772635076,-0.0037261570757102618,0.5127403232861255,0.4397396767138743,292422421.65
2024-07-06 00:00:00+00:00,0.4252,0.4497,0.4235,0.4488,168945863.0,0.474225,0.4999783333333333,0.5503224999999999,38.98267513581218,-0.013943023183855652,-0.010824150854879193,-0.003118872328976459,0.5120872173147809,0.4363627826852191,292791574.05
2024-07-07 00:00:00+00:00,0.4489,0.4495,0.4182,0.4195,175785229.0,0.4699649999999999,0.49835166666666664,0.5493345000000001,31.545274592090905,-0.016256547612715888,-0.011910630206446532,-0.004345917406269356,0.5120859817073594,0.4278440182926404,272333582.2
2024-07-08 00:00:00+00:00,0.4196,0.4438,0.4032,0.4316,528743623.0,0.466995,0.4968633333333334,0.5483720000000001,36.89936494561874,-0.01691863601011101,-0.012912231367179429,-0.004006404642931581,0.5110945907009546,0.42289540929904534,269634412.55
2024-07-09 00:00:00+00:00,0.4316,0.4398,0.427,0.4356,289512370.0,0.46410999999999997,0.4957533333333333,0.5474279999999999,38.60878117643664,-0.016925472948125797,-0.013714879683368703,-0.003210593264757094,0.5084971557997551,0.4197228442002448,271079413.95
2024-07-10 00:00:00+00:00,0.4357,0.4426,0.431,0.4388,294639692.0,0.46161,0.494635,0.5465245,40.00893369162521,-0.01648267598562314,-0.014268438943819592,-0.0022142370418035493,0.5057848752119545,0.41743512478804556,269562687.55
2024-07-11 00:00:00+00:00,0.4388,0.4573,0.4363,0.4491,347547669.0,0.45962,0.49379833333333334,0.5457095,44.404179449363106,-0.015126266103484332,-0.01444000437575254,-0.000686261727731792,0.5022571950295954,0.4169828049704045,270135150.55
2024-07-12 00:00:00+00:00,0.4491,0.478,0.4445,0.4745,472984849.0,0.45901500000000006,0.49328500000000003,0.544851,53.45958681094863,-0.01186496188125613,-0.01392499587685326,0.0020600339955971284,0.5004295517903039,0.4176004482096962,289825979.15
2024-07-13 00:00:00+00:00,0.4745,0.5661,0.4737,0.5257,744327354.0,0.46131500000000003,0.49371,0.54437,65.6167800677404,-0.005090265275450534,-0.012158049756572715,0.007067784481122181,0.5112930861977703,0.4113369138022298,322287357.85
2024-07-14 00:00:00+00:00,0.5257,0.54,0.5136,0.5205,350964405.0,0.46364,0.4937383333333333,0.5438025000000001,63.79413581479019,-0.00013926063813329836,-0.009754291932884832,0.009615031294751534,0.5197165334163207,0.40756346658367926,320579427.45
2024-07-15 00:00:00+00:00,0.5205,0.5404,0.5203,0.5372,437376565.0,0.46671500000000005,0.4940966666666667,0.5433155,66.96754222691536,0.005073512347093967,-0.0067887310768890725,0.01186224342398304,0.5312121402466166,0.40221785975338353,331145972.45
2024-07-16 00:00:00+00:00,0.5372,0.5945,0.5309,0.5793,824632586.0,0.47219,0.4950283333333333,0.5430969999999999,73.31694215488842,0.01245818049965558,-0.002939348761580142,0.015397529261235722,0.55326497517725,0.39111502482275,360207127.55
2024-07-17 00:00:00+00:00,0.5792,0.6378,0.5783,0.626,806805412.0,0.479725,0.49677333333333334,0.5431235,78.29976735543202,0.021827271724600972,0.0020139753356560805,0.01981329638894489,0.5849657501873284,0.3744842498126716,388369927.15
2024-07-18 00:00:00+00:00,0.626,0.6369,0.5575,0.5697,660623865.0,0.48463,0.49777499999999997,0.542894,63.02062554162543,0.024427815884035642,0.006496743445331993,0.01793107243870365,0.5968141183055411,0.3724458816944589,408191809.5
2024-07-19 00:00:00+00:00,0.5697,0.5867,0.54,0.5733,539155049.0,0.48966000000000004,0.49836833333333336,0.5426135,63.51094585435822,0.026474079075797463,0.010492210571425088,0.015981868504372373,0.6081002026340365,0.37121979736596356,432251587.45
2024-07-20 00:00:00+00:00,0.5733,0.6047,0.5707,0.5937,300097994.0,0.49554,0.49931333333333333,0.542459,66.24246006983313,0.029402928253664418,0.014274354107872953,0.015128574145791465,0.6221017382939709,0.36897826170602904,443113382.15
2024-07-21 00:00:00+00:00,0.5938,0.608,0.5721,0.5984,291988877.0,0.50161,0.5005066666666667,0.5425395000000001,66.85802186771184,0.03173746332745009,0.01776697595178838,0.013970487375661707,0.6354673255372734,0.36775267446272664,447120602.3
2024-07-22 00:00:00+00:00,0.5985,0.6229,0.5855,0.608,412923068.0,0.507745,0.501825,0.5426455,68.13610128483629,0.033970646495487866,0.02100771006052828,0.012962936434959587,0.6490878240130766,0.36640217598692343,456457055.45
2024-07-23 00:00:00+00:00,0.608,0.617,0.5797,0.5975,353756166.0,0.5142599999999999,0.50285,0.5427545,65.17558729909467,0.03449555471551191,0.023705278991525004,0.010790275723986907,0.6594854302799323,0.36903456972006754,458264348.1
2024-07-24 00:00:00+00:00,0.5976,0.6327,0.5915,0.6179,420617643.0,0.5235099999999999,0.5041216666666667,0.5430045,68.07767114798733,0.03614104628714876,0.026192432450649755,0.009948613836499004,0.6703859190609252,0.37663408093907474,457474210.55
2024-07-25 00:00:00+00:00,0.6179,0.629,0.5844,0.5996,485187006.0,0.532235,0.50531,0.543245,63.005323552091355,0.03555855625025861,0.028065657210571526,0.007492899039687084,0.675375019211929,0.3890949807880711,445330764.25
2024-07-26 00:00:00+00:00,0.5996,0.6093,0.586,0.6034,268729317.0,0.539965,0.5064666666666667,0.543374,63.611618907174474,0.035000097603119396,0.029452545289081103,0.005547552314038293,0.680928346654339,0.39900165334566107,450319936.95
2024-07-27 00:00:00+00:00,0.6033,0.6091,0.5833,0.5956,172975781.0,0.54877,0.5075816666666666,0.5435175,61.387684620889395,0.03354147504364435,0.030270331239993755,0.003271143803650598,0.6802129168878691,0.41732708311213085,450179464.55
2024-07-28 00:00:00+00:00,0.5956,0.6161,0.591,0.6012,182173334.0,0.55725,0.5088716666666666,0.5435194999999999,62.403947031907904,0.03246316420595141,0.030708897833185287,0.0017542663727661244,0.6788790179192088,0.43562098208079125,432850950.1
2024-07-29 00:00:00+00:00,0.6012,0.6124,0.5921,0.6019,235245176.0,0.5655650000000001,0.51026,0.5435195,62.53668066088176,0.0313042236441583,0.03082796299537989,0.0004762606487784121,0.67490868340234,0.4562213165976602,430137590.4
2024-07-30 00:00:00+00:00,0.6019,0.6379,0.5953,0.6277,431409390.0,0.57501,0.512095,0.5438085,67.1413158920308,0.03209759814823321,0.031081890025950555,0.0010157081222826533,0.6707047626570602,0.4793152373429398,436976075.3
2024-07-31 00:00:00+00:00,0.6278,0.6586,0.6217,0.623,473184106.0,0.583705,0.5138333333333333,0.54405,65.56045458668973,0.03197847449019231,0.031261206918798905,0.0007172675713934054,0.6620951645615765,0.5053148354384236,443257897.15
2024-08-01 00:00:00+00:00,0.623,0.6303,0.568,0.5964,423266147.0,0.5898,0.515215,0.5441505,57.332808546300356,0.02939877960722359,0.030888721456483845,-0.001489941849260254,0.6501614777817027,0.5294385222182972,440771962.05
2024-08-02 00:00:00+00:00,0.5965,0.597,0.5464,0.5607,410967898.0,0.59155,0.515895,0.5440755,48.53010395010861,0.024194759062365345,0.029549928977660147,-0.005355169915294802,0.6461289153427492,0.5369710846572509,424103989.25
2024-08-03 00:00:00+00:00,0.5606,0.5777,0.5406,0.5558,265483095.0,0.593315,0.5163966666666667,0.543976,47.45316607244143,0.019450928047876626,0.027530128791703443,-0.008079200743826818,0.6403510404369988,0.5462789595630013,419829923.75
2024-08-04 00:00:00+00:00,0.5558,0.559,0.5136,0.5228,240108087.0,0.592595,0.5163466666666667,0.5437474999999999,40.874544566732325,0.012880109696948194,0.024600124972752397,-0.011720015275804203,0.6433395553728769,0.5418504446271231,409966499.85
2024-08-05 00:00:00+00:00,0.5229,0.5257,0.4319,0.4889,1250454532.0,0.588075,0.5158033333333333,0.543432,35.43923280206144,0.004880977260215746,0.020656295430245067,-0.01577531817002932,0.655960694369219,0.520189305630781,431257597.15
2024-08-06 00:00:00+00:00,0.4889,0.5188,0.4877,0.5062,410337831.0,0.582085,0.5159216666666666,0.5432414999999999,39.83605522093367,-6.171598520376964e-05,0.0165126931471553,-0.01657440913235907,0.6563681683491693,0.5078018316508306,411434218.1
2024-08-07 00:00:00+00:00,0.5062,0.6434,0.4922,0.6002,1000802326.0,0.58361,0.517715,0.5434755,56.97989622676577,0.0035650823665067666,0.013923170991025594,-0.010358088624518827,0.6580656216815831,0.5091543783184168,428443141.15
2024-08-08 00:00:00+00:00,0.6003,0.6424,0.5785,0.6166,730482227.0,0.585775,0.5196816666666667,0.5438265,59.166113023002026,0.0076742254356075845,0.012673381879941992,-0.004999156444334407,0.66141427220691,0.5101357277930901,438009500.05
2024-08-09 00:00:00+00:00,0.6166,0.6245,0.5656,0.5805,456932445.0,0.585115,0.521075,0.5440915000000001,52.80484646469167,0.007926411880793571,0.011723987880112308,-0.0037975759993187364,0.6606964864896889,0.5095335135103112,445851222.6
2024-08-10 00:00:00+00:00,0.5805,0.6022,0.5779,0.5841,213745629.0,0.5844,0.5228066666666666,0.5444205,53.34356520964966,0.008320843860574079,0.011043359076204661,-0.002722515215630583,0.6597354100008159,0.5090645899991841,441939060.2
2024-08-11 00:00:00+00:00,0.5841,0.5935,0.5452,0.5528,251097812.0,0.5816399999999999,0.5238266666666667,0.544594,48.19278274846828,0.006038181236634799,0.01004232350829069,-0.004004142271655891,0.657358383500911,0.5059216164990888,433847797.4
2024-08-12 00:00:00+00:00,0.5528,0.5795,0.5501,0.5684,355253164.0,0.580185,0.5253516666666667,0.544867,50.74549617441002,0.005425403611193813,0.009118939528871314,-0.0036935359176775012,0.6557466112850372,0.5046233887149627,433922647.3
2024-08-13 00:00:00+00:00,0.5683,0.5834,0.5626,0.577,252380249.0,0.5781400000000001,0.5270583333333333,0.5450904999999999,52.14538692013243,0.005569519105663723,0.008409055444229797,-0.0028395363385660746,0.6516952418253865,0.5045847581746137,425510777.6
2024-08-14 00:00:00+00:00,0.577,0.5828,0.5641,0.5687,253532158.0,0.576595,0.5283566666666667,0.5452825,50.64920249324739,0.004956851540297902,0.007718614663443419,-0.0027617631231455168,0.6495781617566071,0.5036118382433928,413928035.2
2024-08-15 00:00:00+00:00,0.5687,0.5742,0.5504,0.5607,267098570.0,0.57446,0.5295500000000001,0.5454654999999999,49.18435374877259,0.0037821763646944673,0.006931327003693629,-0.0031491506389991616,0.6466759096044016,0.5022440903955984,413846497.85
2024-08-16 00:00:00+00:00,0.5608,0.5723,0.5535,0.5638,234628410.0,0.57287,0.530535,0.5456085,49.790341477299556,0.0030660385334985163,0.006158269309654607,-0.0030922307761560904,0.6445524413646124,0.5011875586353876,416929129.3
2024-08-17 00:00:00+00:00,0.5637,0.571,0.5611,0.5665,68057519.0,0.571135,0.5317933333333333,0.5458875000000001,50.34574622736435,0.002685405890441972,0.005463696625812081,-0.0027782907353701087,0.6416610880808734,0.5006089119191265,411223338.55
2024-08-18 00:00:00+00:00,0.5664,0.5845,0.5625,0.5631,119904362.0,0.5691949999999999,0.5329566666666666,0.5461864999999999,49.601668265627296,0.0020853614448513857,0.004788029589619942,-0.0027026681447685566,0.6383505485842684,0.5000394514157314,405456297.85
2024-08-19 00:00:00+00:00,0.5631,0.6091,0.5608,0.5985,387069502.0,0.5677350000000001,0.534785,0.54665,56.76620405000894,0.004415407973863195,0.004713505266468593,-0.000298097292605398,0.6330125083776269,0.5024574916223733,403239303.45
2024-08-20 00:00:00+00:00,0.5984,0.615,0.5875,0.5937,276882583.0,0.5662699999999999,0.5365316666666666,0.5470659999999999,55.61179045729529,0.005807718981221566,0.004932348009419187,0.0008753709718023785,0.6277237256803129,0.504816274319687,393424227.3
2024-08-21 00:00:00+00:00,0.5937,0.6056,0.584,0.5999,274275573.0,0.5664450000000001,0.53842,0.5474725,56.8329135665484,0.007326963001445752,0.0054112710078245,0.0019156919936212519,0.6282598032431647,0.5046301967568355,385974698.6
2024-08-22 00:00:00+00:00,0.6,0.6049,0.5923,0.5976,207559419.0,0.56829,0.540385,0.5479445,56.21508846255431,0.008250279963143314,0.005979072798888263,0.0022712071642550513,0.6314958509949129,0.505084149005087,375804274.65
2024-08-23 00:00:00+00:00,0.5977,0.616,0.5909,0.6109,297079009.0,0.571045,0.5426666666666667,0.5484645,58.991285425602904,0.009940624819594235,0.0067713832030294584,0.0031692416165647764,0.6365930121742156,0.5054969878257844,377384070.35
2024-08-24 00:00:00+00:00,0.6109,0.631,0.6043,0.6127,242435317.0,0.5755399999999999,0.5449499999999999,0.549003,59.366787641002695,0.011295275350208578,0.007676161632465283,0.0036191137177432947,0.6395496367744036,0.5115303632255963,377500431.85
2024-08-25 00:00:00+00:00,0.6126,0.614,0.595,0.6,163663049.0,0.581095,0.5471199999999999,0.549434,55.50503354519352,0.011214784736299999,0.008383886253232227,0.0028308984830677716,0.6320082782286807,0.5301817217713194,323160857.7
2024-08-26 00:00:00+00:00,0.6,0.6021,0.5782,0.5874,236874640.0,0.5851550000000001,0.5489883333333334,0.5497975,51.89805425045303,0.010018790269718747,0.008710867056529532,0.0013079232131892153,0.6227359246824906,0.5475740753175096,314487698.15
2024-08-27 00:00:00+00:00,0.5873,0.6003,0.5528,0.5666,331644513.0,0.583475,0.5505716666666667,0.5499995,46.52329274580465,0.007308324060634086,0.008430358457350443,-0.0011220343967163569,0.6212191849824715,0.5457308150175284,281029807.5
2024-08-28 00:00:00+00:00,0.5667,0.5845,0.5558,0.5693,312994647.0,0.58111,0.5521816666666667,0.5502265,47.28645253398697,0.005316838294990633,0.007807654424878481,-0.0024908161298878477,0.616081182421975,0.5461388175780251,260155428.5
2024-08-29 00:00:00+00:00,0.5692,0.577,0.5573,0.5619,209040650.0,0.5801799999999999,0.5536116666666667,0.5504055,45.375183372484614,0.0031056532843583007,0.006867254196774445,-0.0037616009124161447,0.6161418464485773,0.5442181535514226,247760838.75
2024-08-30 00:00:00+00:00,0.5618,0.5678,0.5462,0.5667,258840588.0,0.57931,0.5551066666666666,0.5505815,46.87513468170628,0.0017207572984286879,0.005837954817105294,-0.004117197518676606,0.6156898790541016,0.5429301209458984,250015586.7
2024-08-31 00:00:00+00:00,0.5667,0.5721,0.5624,0.5662,67155202.0,0.57998,0.556455,0.550789,46.73118608890797,0.0005762290211513976,0.004785609657914515,-0.0042093806367631175,0.6148442854507454,0.5451157145492547,240818456.2
2024-09-01 00:00:00+00:00,0.5662,0.5667,0.5434,0.5472,121191438.0,0.57892,0.5577883333333332,0.550836,41.51409147300039,-0.0018427173957599186,0.0034599442471796287,-0.005302661642939547,0.6163246841985207,0.5415153158014793,229115369.9
2024-09-02 00:00:00+00:00,0.5471,0.5688,0.5443,0.5677,174750033.0,0.5784549999999999,0.560035,0.5508635000000001,48.22972959648789,-0.0020815760711661024,0.0023516401835104827,-0.004433216254676586,0.6161735087190766,0.5407364912809233,225233859.1
2024-09-03 00:00:00+00:00,0.5677,0.5724,0.5565,0.5572,179781483.0,0.5778800000000001,0.5622366666666667,0.550828,45.356964295673954,-0.0030826012319981055,0.001264791900408765,-0.004347393132406871,0.6165152999210706,0.5392447000789296,221546325.35
2024-09-04 00:00:00+00:00,0.5572,0.5648,0.5326,0.5579,272577067.0,0.57774,0.564055,0.5508695,45.589644964505304,-0.0037759103895501633,0.00025665144241697945,-0.004032561831967143,0.6166426682888343,0.5388373317111658,221820250.2
2024-09-05 00:00:00+00:00,0.5579,0.5598,0.5399,0.5444,213816210.0,0.57677,0.5661366666666667,0.550806,41.88533053237539,-0.0053529940840476575,-0.0008652776628759479,-0.00448771642117171,0.6179173012479686,0.5356226987520314,220779640.2
2024-09-06 00:00:00+00:00,0.5445,0.5473,0.5026,0.5211,382035412.0,0.5745,0.5676283333333333,0.5505985,36.3895964700533,-0.008386287644305823,-0.002369479659161923,-0.0060168079851439,0.6221573603968064,0.5268426396031937,236478534.85
2024-09-07 00:00:00+00:00,0.5211,0.5329,0.5197,0.5248,82924642.0,0.572585,0.5691149999999999,0.5504115,37.7855957533577,-0.01037207276821972,-0.003969998280973483,-0.006402074487246237,0.624782520055948,0.520387479944052,234629548.85
2024-09-08 00:00:00+00:00,0.5249,0.5316,0.5208,0.5295,67909459.0,0.569135,0.5706266666666667,0.5503135,39.59894877006409,-0.011434758289597169,-0.00546295028269822,-0.005971808006898949,0.6231157104435567,0.5151542895564432,218671546.7
2024-09-09 00:00:00+00:00,0.5295,0.5431,0.5269,0.5395,168358952.0,0.5664250000000001,0.5721333333333334,0.550306,43.38029006835995,-0.011339315227547053,-0.006638223271667987,-0.004701091955879066,0.620642151345226,0.5122078486547741,213245365.15
2024-09-10 00:00:00+00:00,0.5395,0.5428,0.5337,0.5408,135693250.0,0.5634699999999999,0.5732383333333332,0.550339,43.872224528883535,-0.01103161123047014,-0.007516900863428418,-0.0035147103670417216,0.6164962614181987,0.5104437385818011,206316249.0
2024-09-11 00:00:00+00:00,0.5407,0.5413,0.5231,0.5348,187554599.0,0.56033,0.5733900000000001,0.550288,42.056037622791635,-0.011143448711615211,-0.008242210433065777,-0.002901238278549434,0.6123277730291516,0.5083322269708483,205316008.0
2024-09-12 00:00:00+00:00,0.5347,0.5884,0.5334,0.5626,380827353.0,0.557915,0.5740916666666666,0.5503885,51.97595113424026,-0.008886415983605178,-0.008371051543173658,-0.0005153644404315202,0.6044983135359776,0.5113316864640225,209503425.2
2024-09-13 00:00:00+00:00,0.5625,0.5745,0.5556,0.5728,270151559.0,0.55592,0.574685,0.5504995,55.01873706583725,-0.006203140587202949,-0.007937469351979518,0.0017343287647765687,0.5958964730809411,0.5159435269190589,210889237.3
2024-09-14 00:00:00+00:00,0.5727,0.5992,0.5704,0.5956,231500545.0,0.5557000000000001,0.5749566666666668,0.550547,60.97144361407261,-0.002211364814099226,-0.006792248444403459,0.004580883630304233,0.5947412089975607,0.5166587910024395,214281112.1
2024-09-15 00:00:00+00:00,0.5956,0.5958,0.5686,0.5706,126437096.0,0.5548599999999999,0.5740333333333333,0.550525,52.731195454263684,-0.0010530064184868237,-0.005644400039220132,0.0045913936207333085,0.591803437847488,0.5179165621525118,208759234.9
2024-09-16 00:00:00+00:00,0.5706,0.5916,0.5598,0.5866,247830927.0,0.55586,0.574315,0.5505245,56.75904930691979,0.0011428926825597374,-0.004286941494864158,0.005429834177423896,0.5950357271788439,0.5166842728211561,204568555.6
2024-09-17 00:00:00+00:00,0.5865,0.5934,0.5789,0.5839,173044465.0,0.55659,0.5744916666666666,0.5504375,55.89350580386665,0.002634917417766447,-0.0029025697123380373,0.005537487130104484,0.5972560497219881,0.515923950278012,197571046.5
2024-09-18 00:00:00+00:00,0.5838,0.5858,0.562,0.5852,204818640.0,0.557755,0.57435,0.5501425000000001,56.23952491647352,0.003877558820931104,-0.0015465440056842091,0.005424102826615313,0.6002563635074358,0.5152536364925642,197359946.0
2024-09-19 00:00:00+00:00,0.5852,0.5945,0.581,0.5868,222336927.0,0.55876,0.5741566666666668,0.549941,56.68987300079685,0.004934584890978311,-0.0002503182263517052,0.005184903117330016,0.6029758975934131,0.514544102406587,195534762.95
2024-09-20 00:00:00+00:00,0.5868,0.593,0.5763,0.5851,217408757.0,0.5597049999999999,0.5737749999999999,0.549628,56.03008983215738,0.005570892098098024,0.0009139238385382407,0.004656968259559783,0.6053028277990429,0.5141071722009569,203047440.7
2024-09-21 00:00:00+00:00,0.5851,0.6128,0.58,0.5976,144964801.0,0.562225,0.5737766666666667,0.54966,59.74040596358188,0.007003088433042537,0.0021317567574391,0.004871331675603437,0.6102842498900176,0.5141657501099823,204236108.85
2024-09-22 00:00:00+00:00,0.5977,0.6053,0.5778,0.5871,120373196.0,0.5631950000000001,0.5732633333333333,0.5495350000000001,55.50358292773454,0.0072077654654573164,0.0031469584990427434,0.0040608069664145735,0.6124259445368577,0.5139640554631425,201517267.0
2024-09-23 00:00:00+00:00,0.5871,0.596,0.5787,0.5847,161038706.0,0.56457,0.5730149999999999,0.5493235,54.55126145034582,0.007094532194950931,0.003936473238224381,0.0031580589567265496,0.6145842819601676,0.5145557180398325,200580128.15
2024-09-24 00:00:00+00:00,0.5848,0.5927,0.5814,0.5911,169233403.0,0.5662299999999999,0.57281,0.5491790000000001,56.685529604203644,0.007435508610423747,0.004636280312664255,0.0027992282977594915,0.6174381673172467,0.5150218326827531,195412944.95
2024-09-25 00:00:00+00:00,0.5912,0.5957,0.5824,0.5831,179932001.0,0.5681649999999999,0.5726016666666667,0.548996,53.31519624513911,0.006979743595646792,0.005104972969260763,0.0018747706263860294,0.6188494068722433,0.5174805931277565,193718734.5
2024-09-26 00:00:00+00:00,0.5831,0.5964,0.5739,0.5905,226481301.0,0.571635,0.5724233333333334,0.5489085,55.92563285542316,0.00713343489636975,0.005510665354682561,0.0016227695416871895,0.6182986164478397,0.5249713835521603,185941028.95
2024-09-27 00:00:00+00:00,0.5905,0.5972,0.5824,0.5888,222819497.0,0.574835,0.5722050000000001,0.5482375,55.16252896510861,0.007036943067632917,0.0058159208972726325,0.0012210221703602845,0.6167486863087831,0.5329213136912169,192935771.7
2024-09-28 00:00:00+00:00,0.5889,0.6259,0.5856,0.6138,442520365.0,0.57905,0.5719733333333333,0.5478665,63.13001773012487,0.008875452967424313,0.006427827311302969,0.002447625656121344,0.6187777484888213,0.5393222515111786,211666317.0
2024-09-29 00:00:00+00:00,0.6139,0.6649,0.6076,0.6412,442349596.0,0.584135,0.5722766666666667,0.547627,69.52232231092951,0.012400491174184958,0.007622360083879368,0.00477813109030559,0.6281185094096754,0.5401514905903245,225365849.2
2024-09-30 00:00:00+00:00,0.6412,0.6548,0.6088,0.6114,396654376.0,0.587665,0.5725266666666666,0.547339,57.787672836541056,0.01264374912906363,0.008626637892916221,0.004017111236147409,0.6283810545729934,0.5469489454270066,238413905.5
2024-10-01 00:00:00+00:00,0.6114,0.6342,0.5778,0.5967,579510147.0,0.59076,0.5731266666666667,0.5471515,53.0324256593895,0.011517597964036286,0.009204829907140234,0.002312768056896052,0.6235756304219644,0.5579443695780355,258011682.9
2024-10-02 00:00:00+00:00,0.5968,0.6069,0.5267,0.5383,634074670.0,0.589545,0.572835,0.5468275,39.22339324872142,0.005845341661361969,0.008532932257984582,-0.0026875905966226125,0.6277912272648031,0.5512987727351969,270674048.75
2024-10-03 00:00:00+00:00,0.5383,0.5445,0.5068,0.5217,562879573.0,0.58699,0.5728166666666666,0.5463405,36.32778009163775,1.0436106145705892e-05,0.006828433027616807,-0.0068179969214711015,0.6349605284522798,0.5390194715477202,285310449.45
2024-10-04 00:00:00+00:00,0.5218,0.539,0.51,0.534,341840613.0,0.58391,0.5735683333333333,0.545784,39.869944312728485,-0.003579993444022489,0.004746747733288949,-0.008326741177311438,0.6369193161622655,0.5309006838377346,290827452.85
2024-10-05 00:00:00+00:00,0.534,0.5352,0.526,0.5294,107009165.0,0.58185,0.573955,0.5455085000000001,38.99621174531348,-0.006719161969720999,0.002453565792686959,-0.009172727762407958,0.6397451638739458,0.5239548361260542,289856056.3
2024-10-06 00:00:00+00:00,0.5294,0.5372,0.5279,0.5336,90314821.0,0.5791999999999999,0.5728449999999999,0.5451229999999999,40.282999798915576,-0.008767010108433837,0.0002094506124627998,-0.008976460720896636,0.6407212158526718,0.517678784147328,281980251.0
2024-10-07 00:00:00+00:00,0.5336,0.5459,0.5286,0.5286,246483895.0,0.576435,0.5713783333333333,0.544564,39.22230907625756,-0.010670400985106965,-0.001966519707051153,-0.008703881278055811,0.6417184825969868,0.5111515174030132,285652222.5
2024-10-08 00:00:00+00:00,0.5287,0.5358,0.5209,0.531,164201090.0,0.5737249999999999,0.5705533333333332,0.5441615,40.038451079852315,-0.011848608640789848,-0.003942937493798892,-0.007905671146990957,0.6417695405597766,0.5056804594402232,283621345.0
2024-10-09 00:00:00+00:00,0.531,0.5346,0.521,0.5245,169687079.0,0.57061,0.56956,0.5437005,38.52941124356514,-0.013155197446344302,-0.005785389484307974,-0.007369807962036328,0.6416147575870175,0.4996052424129824,280988852.6
2024-10-10 00:00:00+00:00,0.5245,0.545,0.5228,0.5305,267008101.0,0.56788,0.5691883333333333,0.5431905,40.749340832769796,-0.013550328875808981,-0.007338377362608176,-0.006211951513200805,0.6406236210261158,0.4951363789738843,283468819.8
2024-10-11 00:00:00+00:00,0.5305,0.5419,0.5296,0.5388,196729073.0,0.56494,0.568695,0.5426815,43.774291453039034,-0.01304337681768819,-0.00847937725362418,-0.00456399956406401,0.6373936651936338,0.4924863348063662,286057033.4
2024-10-12 00:00:00+00:00,0.5387,0.5432,0.5353,0.5393,83887179.0,0.56255,0.5680666666666666,0.5422195,43.959901120020895,-0.012457663646024408,-0.009275034532104227,-0.0031826291139201816,0.6350755403288469,0.49002445967115305,284232732.55
2024-10-13 00:00:00+00:00,0.5393,0.5395,0.5252,0.5321,94059459.0,0.55992,0.5674566666666666,0.541821,41.81904753213439,-0.012431162857444167,-0.009906260197172216,-0.0025249026602719507,0.6328556044740237,0.4869843955259763,280883770.2
2024-10-14 00:00:00+00:00,0.5321,0.5524,0.5282,0.5483,219397937.0,0.5577799999999999,0.56725,0.5414405,47.95998752568775,-0.010976426765451741,-0.010120293510828122,-0.0008561332546236193,0.629430892527527,0.4861291074724728,283391996.9
2024-10-15 00:00:00+00:00,0.5484,0.5556,0.5315,0.5417,283568637.0,0.55571,0.5668816666666667,0.5409985,45.837297236170706,-0.010238084508016554,-0.010143851710265809,-9.423279775074532e-05,0.6267043913277047,0.48471560867229535,288573828.7
2024-10-16 00:00:00+00:00,0.5417,0.5538,0.5375,0.5482,222285502.0,0.553595,0.5665766666666666,0.5406335,48.26580433597639,-0.009024419383154125,-0.009919965244843473,0.0008955458616893477,0.6228158198448362,0.4843741801551636,288364038.75
2024-10-17 00:00:00+00:00,0.5481,0.5666,0.5419,0.5441,312103613.0,0.55136,0.56626,0.5402079999999999,46.83919948284689,-0.008297765289507986,-0.009595525253776377,0.0012977599642683916,0.6187520885563825,0.4839679114436174,292828244.55
2024-10-18 00:00:00+00:00,0.5441,0.5532,0.5397,0.5465,219767509.0,0.547995,0.5653933333333332,0.5398855,47.81161103163626,-0.007442434984919033,-0.009164907200004908,0.0017224722150858754,0.6089980646770419,0.4869919353229582,281690601.75
2024-10-19 00:00:00+00:00,0.5465,0.55,0.5406,0.544,90144479.0,0.543135,0.564565,0.5396785,46.85025554251066,-0.006886920529928564,-0.00870930986598964,0.0018223893360610754,0.5866396330865047,0.4996303669134953,264080345.9
2024-10-20 00:00:00+00:00,0.544,0.549,0.5366,0.5482,117461950.0,0.539975,0.5637033333333333,0.5395485,48.7158935914185,-0.006038162247187562,-0.008175080342229225,0.0021369180950416636,0.570402282165705,0.509547717834295,250120724.6
2024-10-21 00:00:00+00:00,0.5482,0.5608,0.5409,0.5449,283328526.0,0.537385,0.562825,0.5393055,47.3107039094038,-0.0055676175841034015,-0.007653587790604061,0.00208597020650066,0.5535186015815272,0.5212513984184728,235311643.55
2024-10-22 00:00:00+00:00,0.5449,0.5498,0.5291,0.5339,250206589.0,0.5371650000000001,0.5615416666666667,0.5390394999999999,42.87158065385479,-0.006013001479589053,-0.0073254705284010605,0.0013124690488120075,0.5533625646314951,0.5209674353685051,216118239.5
2024-10-23 00:00:00+00:00,0.5338,0.5341,0.5117,0.5258,211146628.0,0.53737,0.5600933333333333,0.5387035,39.90254503668335,-0.006939578588820328,-0.0072482921404849136,0.00030871355166458593,0.552868141823827,0.521871858176173,198531592.25
2024-10-24 00:00:00+00:00,0.5259,0.5338,0.5241,0.532,195840193.0,0.53727,0.5589600000000001,0.5383914999999999,43.148052497374046,-0.007091858904157422,-0.007217005493219415,0.00012514658906199322,0.5528792408525033,0.5216607591474968,191231571.25
2024-10-25 00:00:00+00:00,0.532,0.5322,0.486,0.5022,350905027.0,0.53591,0.5575399999999999,0.537829,33.72167330999905,-0.009507555915841515,-0.007675115577743836,-0.0018324403380976786,0.5575858759913289,0.5142341240086711,203426364.35
2024-10-26 00:00:00+00:00,0.5022,0.5154,0.4989,0.5134,121828009.0,0.5349,0.5566533333333333,0.5373255,39.10615092492774,-0.010398400515698403,-0.00821977256533475,-0.002178627950363653,0.5586915110909645,0.5111084889090356,205002023.75
2024-10-27 00:00:00+00:00,0.5135,0.518,0.5108,0.5168,65734998.0,0.53431,0.5557783333333333,0.5368235,40.68160945932855,-0.010706630324524125,-0.008717144117172625,-0.001989486207351499,0.5592544903734569,0.509365509626543,195964578.9
2024-10-28 00:00:00+00:00,0.5168,0.5217,0.5113,0.5195,159504690.0,0.5337350000000001,0.5550716666666666,0.536378,41.96567739311312,-0.010610723418908674,-0.009095859977519835,-0.0015148634413888386,0.55947565072976,0.5079943492702401,195729758.9
2024-10-29 00:00:00+00:00,0.5195,0.5305,0.5185,0.5284,220863830.0,0.53393,0.5544333333333333,0.536286,46.10702536260114,-0.009704691245917552,-0.009217626231199379,-0.00048706501471817293,0.5594459636304705,0.5084140363695295,198288596.45
2024-10-30 00:00:00+00:00,0.5285,0.5285,0.5194,0.5229,177555669.0,0.53355,0.5537116666666666,0.5365065,44.01661839613396,-0.009322988646042307,-0.009238698714167964,-8.428993187434286e-05,0.5594819494059258,0.5076180505940742,193815974.85
2024-10-31 00:00:00+00:00,0.5229,0.5238,0.5031,0.5095,195063825.0,0.532085,0.5530833333333334,0.5365375,39.337179799100035,-0.009986634886640866,-0.009388285948662546,-0.0005983489379783203,0.5599067379038678,0.5042632620961323,193732712.45
2024-11-01 00:00:00+00:00,0.5096,0.5244,0.5025,0.5131,277144347.0,0.530775,0.5521733333333334,0.5366145,41.14737456874826,-0.010105598352789125,-0.009531748429487862,-0.0005738499233012631,0.5595649201108917,0.5019850798891083,203395570.85
2024-11-02 00:00:00+00:00,0.513,0.516,0.5063,0.5103,68679320.0,0.529685,0.5513916666666667,0.5366835,40.14399892345515,-0.0103070016570046,-0.009686799074991209,-0.0006202025820133909,0.5598114186386556,0.4995585813613444,202126563.9
2024-11-03 00:00:00+00:00,0.5103,0.5111,0.4917,0.503,176012483.0,0.52742,0.5504766666666667,0.536723,37.57164263953595,-0.010929673742563706,-0.009935374008505709,-0.0009942997340579973,0.5584070037272331,0.49643299627276694,199957291.2
2024-11-04 00:00:00+00:00,0.503,0.5147,0.4957,0.5035,211259474.0,0.52551,0.5497949999999999,0.536728,37.86532398001074,-0.01125308151623472,-0.01019891551005151,-0.001054166006183209,0.5574357200387333,0.49358427996126675,196341833.05
2024-11-05 00:00:00+00:00,0.5035,0.5191,0.5019,0.514,190711816.0,0.5238,0.5496766666666667,0.536783,43.84013880427294,-0.010540616592287555,-0.010267255726498722,-0.00027336086578883326,0.5543136690680028,0.4932863309319972,194763148.75
2024-11-06 00:00:00+00:00,0.514,0.5469,0.514,0.5418,452294069.0,0.5236850000000001,0.5499600000000001,0.536848,55.9245904516159,-0.007644632773328608,-0.009742731135864699,0.002098098362536091,0.5539077248935564,0.4934622751064437,201772671.55
2024-11-07 00:00:00+00:00,0.5418,0.5785,0.5377,0.5556,348528218.0,0.52414,0.550395,0.537003,60.47163066644832,-0.004187726558778526,-0.008631730220447465,0.004444003661668939,0.5559549901774555,0.49232500982254457,208210707.0
2024-11-08 00:00:00+00:00,0.5556,0.56,0.5413,0.5537,261155203.0,0.524625,0.5506316666666666,0.5369915,59.56056341933091,-0.0015831678259115023,-0.007222017741540273,0.00563884991562877,0.5578985255119079,0.49135147448809213,216761243.2
2024-11-09 00:00:00+00:00,0.5537,0.562,0.5436,0.5593,230978970.0,0.52518,0.5509400000000001,0.5370655,61.40615626360519,0.000922206313239804,-0.005593172930584258,0.006515379243824062,0.5603255601746732,0.49003443982532674,222437094.2
2024-11-10 00:00:00+00:00,0.5592,0.6187,0.5555,0.5884,712821995.0,0.527355,0.5518333333333333,0.5373699999999999,69.2577251861969,0.005195964327523672,-0.003435345478962672,0.008631309806486343,0.57137619830254,0.48333380169746,243911767.65
2024-11-11 00:00:00+00:00,0.5885,0.633,0.5703,0.6207,661084405.0,0.5316949999999999,0.5528016666666667,0.5378465,75.27131333860112,0.011061775144099117,-0.0005359213543503138,0.011597696498449432,0.5916667758615792,0.4717232241384206,264455658.45
2024-11-12 00:00:00+00:00,0.6208,0.7398,0.5968,0.704,1776854012.0,0.540605,0.5549883333333334,0.538736,83.97655377531386,0.022176449998748127,0.004006552916269375,0.01816989708247875,0.6365732963274404,0.4446367036725596,342741027.65
2024-11-13 00:00:00+00:00,0.7042,0.748,0.64,0.6898,1208545721.0,0.548495,0.5565583333333333,0.5395955,78.87891923383528,0.02949904197890052,0.009105050728795604,0.020393991250104916,0.6642444099336636,0.4327455900663363,393376304.05
2024-11-14 00:00:00+00:00,0.6897,0.8473,0.6822,0.7736,1349353792.0,0.562065,0.5599416666666667,0.540912,84.75881611100291,0.04158484433396137,0.015601009449828757,0.02598383488413261,0.7116215214224749,0.41250847857752515,443298742.3
2024-11-15 00:00:00+00:00,0.7736,0.9279,0.7704,0.8922,1413430891.0,0.581005,0.565035,0.5427975,89.299219077122,0.06004084510406349,0.024488976580675705,0.035551868523387785,0.7865686784550981,0.37544132154490184,507878886.4
2024-11-16 00:00:00+00:00,0.8921,1.2698,0.8778,1.1209,2373030780.0,0.61121,0.5739850000000001,0.545899,93.38905216958652,0.09206032325609148,0.03800324591575886,0.05405707734033262,0.9211776170182794,0.3012423829817207,623243675.5
2024-11-17 00:00:00+00:00,1.1208,1.1603,1.0026,1.0543,1245814358.0,0.6379499999999999,0.5818033333333333,0.548583,83.39333001183965,0.11078486798196996,0.05255957032900108,0.058225297652968876,0.9996175517654167,0.2762824482345831,677559158.9
2024-11-18 00:00:00+00:00,1.0545,1.1865,1.0543,1.1137,941344489.0,0.6672149999999999,0.590585,0.5515614999999999,84.94142945777513,0.12893105125173843,0.06783386651354856,0.06109718473818987,1.0798225969974258,0.25460740300257406,713583191.85
2024-11-19 00:00:00+00:00,1.1138,1.148,1.0688,1.1003,562678894.0,0.696085,0.5991716666666667,0.5544045,83.06032478777294,0.140609900807805,0.08238907337239985,0.058220827435405145,1.1435872693797093,0.24858273062029063,732839353.1
2024-11-20 00:00:00+00:00,1.1004,1.151,1.0556,1.1041,609804658.0,0.7258150000000001,0.6076133333333333,0.557274,83.17412277834566,0.1484607384849761,0.0956034063949151,0.05285733209006099,1.1981022485045407,0.25352775149545953,753576394.75
2024-11-21 00:00:00+00:00,1.1042,1.2643,1.0774,1.247,1050788977.0,0.76251,0.6186116666666667,0.560861,86.77272088811714,0.1643192496168342,0.10934657503929893,0.05497267457753527,1.275292975146396,0.2497270248536041,792258626.25
2024-11-22 00:00:00+00:00,1.2471,1.5,1.247,1.4726,1597772473.98,0.8106249999999999,0.63341,0.565523,90.29987545830477,0.19286800620598976,0.1260508612726371,0.06681714493335267,1.3952699790257235,0.22598002097427627,868713283.949
2024-11-23 00:00:00+00:00,1.4726,1.63,1.4033,1.4685,1243933645.71,0.8589,0.6480333333333334,0.5702429999999999,89.831051387175,0.21271027411822285,0.14338274384175426,0.0693275302764686,1.4914512817155527,0.22634871828444736,922109342.0845
2024-11-24 00:00:00+00:00,1.4686,1.513,1.2775,1.4331,960628070.0,0.9053800000000001,0.6622000000000001,0.574823,85.69412413889329,0.2230082301848645,0.1593078411103763,0.06370038907448819,1.5627679055778165,0.24799209442218362,959577771.8844999
2024-11-25 00:00:00+00:00,1.4334,1.5393,1.355,1.4142,912385354.0,0.9503900000000002,0.6759283333333332,0.5792895,83.48359735663297,0.2270273327420924,0.17285173943671953,0.05417559330537289,1.6176224599418016,0.2831575400581987,995661448.7844999
2024-11-26 00:00:00+00:00,1.4142,1.4588,1.2833,1.3984,777417208.0,0.99322,0.6894216666666666,0.5837705000000001,81.58883207130154,0.2263285973354523,0.1835471110164661,0.042781486318986206,1.6600145368702321,0.32642546312976795,1011917605.7344999
2024-11-27 00:00:00+00:00,1.3984,1.5217,1.3524,1.4696,594887636.0,1.03892,0.703685,0.588589,83.41551755478463,0.22888168387058694,0.19261402558729027,0.03626765828329667,1.704762565776616,0.37307743422338435,1024235576.6344999
2024-11-28 00:00:00+00:00,1.4696,1.5465,1.4292,1.5421,440541778.0,1.08834,0.7187,0.593803,85.04284222835044,0.2340571028497309,0.20090264103977842,0.03315446180995249,1.7494960402809512,0.4271839597190491,1033204905.3844999
2024-11-29 00:00:00+00:00,1.542,1.8149,1.5233,1.8006,1055874162.77,1.1504050000000001,0.73852,0.6002795,89.13607381393868,0.256065683498921,0.21193524953160695,0.04413043396731406,1.8339291399540956,0.4668808600459047,1074449665.023
2024-11-30 00:00:00+00:00,1.8005,1.9575,1.7635,1.9513,1118556534.97,1.21855,0.7610966666666668,0.607535,90.72895480154003,0.2824123984406066,0.22603067931340687,0.05638171912719975,1.9353114121867785,0.5017885878132214,1094736392.0215
2024-12-01 00:00:00+00:00,1.9514,2.35,1.8475,2.2937,1171510986.43,1.3021999999999998,0.7903533333333334,0.6164095,93.17682431396409,0.32714999677451284,0.24625454280562808,0.08089545396888476,2.105606629298006,0.4987933707019935,1120257721.093
2024-12-02 00:00:00+00:00,2.2937,2.8723,2.2011,2.7245,2543716698.49,1.4032250000000002,0.8270666666666666,0.6274535,94.97466500166811,0.39283842855435935,0.27557131995537437,0.11726710859898498,2.3715518144071934,0.4348981855928068,1158600855.4175
2024-12-03 00:00:00+00:00,2.7244,2.9092,2.25,2.5102,1955605237.21,1.494245,0.8600033333333333,0.6373875,83.22679857056406,0.422731776204617,0.3050034112052229,0.1177283649993941,2.517866972165497,0.4706230278345027,1195953831.2280002
2024-12-04 00:00:00+00:00,2.5103,2.68,2.28,2.3574,1127878148.0,1.5734350000000001,0.89047,0.646568,76.00752214829316,0.42914586024735857,0.32983190101365,0.09931395923370856,2.606807723222353,0.5400622767776475,1184880049.028
2024-12-05 00:00:00+00:00,2.3574,2.4942,2.1743,2.2446,1095218093.0,1.6410550000000002,0.9189866666666666,0.655243,71.10413939781424,0.42028229805580475,0.347921980422081,0.07236031763372375,2.664209726275543,0.6179002737244574,1168969409.128
2024-12-06 00:00:00+00:00,2.2445,2.4637,2.2252,2.4257,671195786.0,1.7062950000000001,0.9506049999999999,0.664683,74.00377570856314,0.4229950935119282,0.3629366030400505,0.060058490471877723,2.7545515878161604,0.6580384121838396,1083877659.428
2024-12-07 00:00:00+00:00,2.4257,2.6196,2.384,2.6099,541326545.0,1.784075,0.9852533333333333,0.6750475,76.578220821212,0.4349940632452227,0.3773480950810849,0.057645968164137806,2.8578179224446507,0.7103320775553494,1048653268.7780001
2024-12-08 00:00:00+00:00,2.6099,2.6469,2.4843,2.6013,456273582.0,1.858455,1.0198666666666667,0.68542,76.19880535253121,0.438751728269938,0.38962882171885554,0.04912290655108248,2.942191655235015,0.7747183447649848,1024399723.4280001
2024-12-09 00:00:00+00:00,2.6013,2.6076,2.0012,2.2124,991793616.0,1.9140599999999999,1.0478983333333334,0.6938374999999999,61.3869354333093,0.40567238630047076,0.3928375346351786,0.012834851665292135,2.949537226017056,0.8785827739829437,1045855459.5280001
2024-12-10 00:00:00+00:00,2.2124,2.42,1.9,2.3709,1376683984.0,1.9774,1.0784333333333334,0.7030120000000001,64.42233053900648,0.3877763504406264,0.39182529779626823,-0.004048947355641819,2.960608411274017,0.9941915887259829,1084199425.828
2024-12-11 00:00:00+00:00,2.3708,2.4703,2.2303,2.3941,696138801.0,2.034755,1.1093466666666667,0.7122745,64.85779564435936,0.37118684826621107,0.38769760789025687,-0.0165107596240458,2.9736753064690724,1.095834693530928,1066466917.0280001
2024-12-12 00:00:00+00:00,2.3942,2.484,2.308,2.3384,528351934.0,2.0780450000000004,1.1394516666666668,0.7213249999999999,62.868226811670056,0.34951602065644183,0.3800612904434939,-0.030545269787052076,2.9887105005543892,1.1673794994456115,1012995890.029
2024-12-13 00:00:00+00:00,2.3385,2.4788,2.284,2.4217,468083967.0,2.1257050000000004,1.1706750000000001,0.7307635,64.6163571782885,0.33519937770683406,0.37108890789616195,-0.03588953018932789,3.0029372850305815,1.2484727149694193,974203406.0935001
2024-12-14 00:00:00+00:00,2.4218,2.5319,2.3548,2.4005,347447120.0,2.1740749999999998,1.201655,0.7401224999999999,63.79320881555931,0.3184715306356958,0.36056543244406875,-0.04209390180837297,2.998295829329115,1.3498541706708846,943544358.5935001
2024-12-15 00:00:00+00:00,2.4006,2.473,2.3677,2.4469,275970977.0,2.2257100000000003,1.2333,0.749738,64.84867459296777,0.3054377868547675,0.3495399033262085,-0.044102116471440966,2.979420803690629,1.4719991963093717,911723639.7435001
2024-12-16 00:00:00+00:00,2.447,2.5872,2.3333,2.4841,603893921.0,2.2799950000000004,1.2656333333333334,0.7595655000000001,65.71167312219295,0.29471291310213443,0.3385745052813937,-0.04386159217925928,2.937837870220521,1.6221521297794799,903047475.3935001
2024-12-17 00:00:00+00:00,2.4842,2.7281,2.4401,2.5673,745688394.0,2.33488,1.2993133333333333,0.7698139999999999,67.6260569577538,0.2895887195568845,0.32877734813649184,-0.039188628579607365,2.887933894661246,1.7818261053387543,910587513.2935002
2024-12-18 00:00:00+00:00,2.5672,2.5921,2.2478,2.3103,759860891.0,2.37329,1.3287516666666666,0.778772,57.03336791885663,0.2617724571546871,0.31537636994013096,-0.05360391278544385,2.7908880215470036,1.9556919784529962,926553468.9435002
2024-12-19 00:00:00+00:00,2.3102,2.4317,2.1595,2.239,811210695.0,2.39521,1.3569316666666669,0.7873994999999999,54.4836090271492,0.23130817798311165,0.2985627315487271,-0.06725455356561544,2.7275925440662787,2.0628274559337214,914320295.5550001
2024-12-20 00:00:00+00:00,2.2391,2.355,1.9601,2.2793,1110347016.0,2.41161,1.3858383333333333,0.7961965,55.68941594442217,0.20801897717366513,0.28045398067371474,-0.07243500350004961,2.681198804663642,2.142021195336358,913909819.6065
2024-12-21 00:00:00+00:00,2.2793,2.3858,2.1915,2.238,451599864.0,2.4088249999999998,1.41424,0.804758,54.10745149588869,0.18410727879391464,0.26118464029775473,-0.07707736150384009,2.6843148028965342,2.1333351971034653,877914263.485
2024-12-22 00:00:00+00:00,2.2379,2.2938,2.1604,2.2031,310318499.0,2.382755,1.4421950000000001,0.8131444999999999,52.74394648904512,0.16049090794033294,0.2410458938262704,-0.08055498588593746,2.631170913137568,2.134339086862432,766244353.5105
2024-12-23 00:00:00+00:00,2.2032,2.2789,2.1308,2.2617,388820902.0,2.37033,1.4710233333333336,0.8218455,54.80344672972909,0.14483374094176815,0.22180346324936995,-0.0769697223076018,2.6168565916690767,2.1238034083309234,687905136.75
2024-12-24 00:00:00+00:00,2.2616,2.3507,2.2138,2.3238,249021066.0,2.3686499999999997,1.5013833333333333,0.8309690000000001,56.944895609640646,0.13587004895210297,0.20461678038991657,-0.0687467314378136,2.615962842367661,2.1213371576323383,643962282.65
2024-12-25 00:00:00+00:00,2.3238,2.3325,2.2615,2.2973,162014998.0,2.371285,1.531115,0.8399925,55.73139153435223,0.1251848766074697,0.1887303996334272,-0.0635455230259575,2.614341275582367,2.1282287244176326,597302127.9
2024-12-26 00:00:00+00:00,2.2973,2.3164,2.1277,2.1559,266397920.0,2.357795,1.5584333333333333,0.848279,49.65136032569525,0.10410692247298536,0.17180570420133884,-0.06769878172835347,2.6167049725772875,2.098885027422712,577062234.6
2024-12-27 00:00:00+00:00,2.1559,2.2379,2.1149,2.1466,254236575.0,2.3346299999999998,1.5855516666666667,0.8565275000000001,49.27063453312316,0.08566457182661757,0.1545774777263946,-0.06891290589977703,2.581808446471313,2.0874515535286866,562707736.1
2024-12-28 00:00:00+00:00,2.1467,2.2076,2.1343,2.1843,106144470.0,2.31378,1.61315,0.865048,50.913808589788076,0.07324660967545604,0.1383113041162069,-0.06506469444075086,2.5366152270175704,2.0909447729824295,545201280.5
2024-12-29 00:00:00+00:00,2.1843,2.1976,2.0711,2.0942,129587392.0,2.30787,1.6393383333333333,0.873061,46.99591719215435,0.055495253463857086,0.12174809398573695,-0.06625284052187987,2.5468330105266754,2.0689069894733243,502090969.3
2024-12-30 00:00:00+00:00,2.0941,2.1526,1.9954,2.0587,326304793.0,2.2922599999999997,1.6651583333333333,0.88097,45.50994274140992,0.03812316237540969,0.10502310766367151,-0.06689994528826182,2.5525506329470424,2.031969367052957,449572009.75
2024-12-31 00:00:00+00:00,2.0587,2.1491,2.0126,2.0836,202867597.0,2.276735,1.6913333333333334,0.889015,46.78102425301724,0.02606442249271801,0.0892313706294808,-0.0631669481367628,2.5476974200880487,2.0057725799119512,424908449.55
2025-01-01 00:00:00+00:00,2.0836,2.3545,2.0811,2.3328,340770274.0,2.276455,1.7217083333333334,0.8982249999999999,57.472927091724515,0.03619886363884017,0.07862486923135267,-0.0424260055925125,2.5471734181025965,2.0057365818974033,415529366.55
2025-01-02 00:00:00+00:00,2.3329,2.4522,2.3297,2.4024,361196381.0,2.27549,1.753365,0.9077915,59.89629248065516,0.04927856694547339,0.07275560877417682,-0.02347704182870343,2.5442611733054203,2.0067188266945797,410184987.25
2025-01-03 00:00:00+00:00,2.4024,2.4798,2.3966,2.4547,233672728.0,2.2782,1.785885,0.9175415,61.66410478012434,0.06313669840285874,0.07083182669991321,-0.007695128297054474,2.5529841189005875,2.0034158810994125,404496267.65
2025-01-04 00:00:00+00:00,2.4546,2.509,2.3999,2.4201,179793926.0,2.27686,1.8176533333333333,0.9271870000000001,59.786459475030206,0.070514588309325,0.07076837902179557,-0.0002537907124705724,2.548584701858282,2.005135298141718,399687415.1
2025-01-05 00:00:00+00:00,2.4201,2.4285,2.3273,2.3994,155537860.0,2.272625,1.8486133333333332,0.9367175,58.636121931600485,0.07384011928095147,0.07138272707362675,0.0024573922073247156,2.533730533261883,2.0115194667381173,377269612.05
2025-01-06 00:00:00+00:00,2.3993,2.4584,2.3674,2.42,194293277.0,2.26526,1.8796866666666667,0.9463735,59.47184209666483,0.07724741426691528,0.07255566451228446,0.004691749754630825,2.499645011466118,2.030874988533882,349699856.2
2025-01-07 00:00:00+00:00,2.42,2.4683,2.2572,2.2712,342477338.0,2.263305,1.9083116666666666,0.955285,51.3943682854585,0.06716654949219292,0.07147784150826615,-0.004311292016073234,2.4968052824408833,2.0298047175591165,328830678.55
2025-01-08 00:00:00+00:00,2.2712,2.3986,2.2001,2.3731,401036029.0,2.27001,1.9385416666666666,0.9647175,55.819727179690624,0.06663178023003491,0.07050862925261991,-0.003876849022585005,2.5079919228428333,2.032028077157167,308321945.25
2025-01-09 00:00:00+00:00,2.373,2.3956,2.2351,2.2722,294585086.0,2.269655,1.9666050000000002,0.97368,50.87992006249448,0.05740446208754646,0.06788779581960523,-0.010483333732058772,2.507601611448813,2.0317083885511873,267533848.75
2025-01-10 00:00:00+00:00,2.2722,2.3699,2.2465,2.3414,248018278.0,2.274825,1.9952833333333335,0.9830169999999999,53.89350868409082,0.05504112779257664,0.06531846221419951,-0.010277334421622875,2.5142842564508046,2.035365743549195,257354769.45
2025-01-11 00:00:00+00:00,2.3414,2.6036,2.3249,2.5764,349172496.0,2.2934900000000003,2.02649,0.9935205,62.342785613401034,0.07130870203107476,0.06651651017757457,0.004792191853500188,2.5638745550322213,2.023105444967779,259297469.3
2025-01-12 00:00:00+00:00,2.5764,2.5835,2.47,2.5046,222912333.0,2.3056349999999997,2.0567366666666667,1.0036945,58.797450967950034,0.07751368239421641,0.06871594462090294,0.008797737773313469,2.590642314116624,2.020627685883375,251002040.85
2025-01-13 00:00:00+00:00,2.5045,2.5634,2.3297,2.5232,515356746.0,2.315605,2.0858966666666667,1.013934,59.440926795368355,0.08297554812153018,0.07156786532102839,0.011407682800501792,2.615992213276418,2.015217786723582,264318824.85
2025-01-14 00:00:00+00:00,2.5232,2.7,2.5126,2.6673,397227342.0,2.334105,2.1154816666666667,1.0249125,64.1165362671075,0.09780435405465049,0.07681516306775281,0.02098919098689768,2.6710535686272796,1.9971564313727206,276079442.05
2025-01-15 00:00:00+00:00,2.6673,3.2,2.6492,3.1429,1062630122.23,2.383455,2.1491816666666663,1.0382635,74.54611613051438,0.14624738600732634,0.09070160765566752,0.05554577835165882,2.8612322639002117,1.9056777360997885,315891052.16150004
2025-01-16 00:00:00+00:00,3.143,3.4,2.9228,3.2451,1110371222.2,2.4383799999999995,2.185695,1.0521085,76.15028257416658,0.19068739809552193,0.1106987657436384,0.07998863235188353,3.03291381266331,1.843846187336689,358697784.5215
2025-01-17 00:00:00+00:00,3.245,3.3544,3.1758,3.2922,529933494.0,2.4937750000000003,2.2220033333333333,1.0661845,76.87364710868596,0.2270892605794872,0.13397686471080816,0.09311239586867903,3.1823143376561527,1.805235662343848,379887235.72150004
2025-01-18 00:00:00+00:00,3.2923,3.2996,3.058,3.2697,458088944.0,2.55255,2.2581599999999997,1.0801065,75.69258267213775,0.25122645471274163,0.15742678271119487,0.09379967200154676,3.2933254734060604,1.8117745265939396,396312313.3215
2025-01-19 00:00:00+00:00,3.2697,3.2929,2.8277,2.9587,663328805.0,2.59755,2.28907,1.092564,61.603992911964625,0.2424652654471977,0.17443447925839545,0.06803078618880226,3.322023810430697,1.873076189569303,413163513.9215
2025-01-20 00:00:00+00:00,2.9586,3.3695,2.909,3.1053,838761258.0,2.648635,2.3200416666666666,1.105926,64.91872082040469,0.24453253578960954,0.18845409056463827,0.05607844522497127,3.364984555105588,1.9322854448944122,444958196.97150004
2025-01-21 00:00:00+00:00,3.1053,3.246,3.0124,3.1738,376423502.0,2.6906849999999998,2.3483949999999996,1.1196694999999999,66.37925085563054,0.24882988394062044,0.2005292492398347,0.048300634700785744,3.4264112949629935,1.9549587050370059,446740858.3715
2025-01-22 00:00:00+00:00,3.1739,3.2854,3.1237,3.1803,291761274.0,2.72958,2.376925,1.133327,66.52168239411718,0.24987960247556495,0.21039931988698077,0.03948028258858419,3.4822850009133552,1.9768749990866445,443269103.0215
2025-01-23 00:00:00+00:00,3.1802,3.1868,3.0374,3.1194,305314846.0,2.7628150000000002,2.4050299999999996,1.1468265,63.794762240284534,0.24299628107159776,0.21691871212390418,0.026077568947693586,3.5227009658527555,2.002929034147245,446851208.9215
2025-01-24 00:00:00+00:00,3.1194,3.2031,3.055,3.1009,232626964.0,2.796855,2.4331416666666668,1.1601730000000001,62.95055728777782,0.23335839357764554,0.22020664841465246,0.013151745162993084,3.553268493996488,2.040441506003512,449492860.8215
2025-01-25 00:00:00+00:00,3.1008,3.1446,3.0784,3.108,99489857.0,2.8322849999999997,2.461635,1.173535,63.15209068597239,0.22371436897608543,0.22090819252693905,0.0028061764491463803,3.577206728170131,2.0873632718298682,446690460.6715
2025-01-26 00:00:00+00:00,3.1079,3.1443,3.0115,3.0223,128937813.0,2.8624,2.4875133333333332,1.1864525000000001,58.98158297227299,0.20677259051074826,0.2180810721237009,-0.011308481612952642,3.5866279226873097,2.1381720773126904,443422687.47150004
2025-01-27 00:00:00+00:00,3.0222,3.0587,2.6559,3.0552,660056174.0,2.9016,2.512731666666667,1.1994829999999999,60.07172114033381,0.1937672359808036,0.21321830489512145,-0.01945106891431786,3.5767965669343824,2.226403433065618,459301629.2715
2025-01-28 00:00:00+00:00,3.0552,3.214,3.0062,3.0572,369470786.0,2.935805,2.533675,1.2123965,60.14107123415909,0.18152922618120781,0.20688048915233873,-0.02535126297113091,3.5684109578441987,2.3031990421558017,457723367.1215
2025-01-29 00:00:00+00:00,3.0572,3.1363,2.9673,3.0683,254756655.0,2.9756099999999996,2.5522916666666666,1.2251095,60.55060011120442,0.1707578028204848,0.19965595188596796,-0.02889814906548316,3.531747763148643,2.419472236851356,455731945.5715
2025-01-30 00:00:00+00:00,3.0683,3.1544,3.0466,3.1276,173143314.0,3.01492,2.5661899999999997,1.238145,62.752379680909684,0.16510317992737766,0.1927453974942499,-0.02764221756687224,3.4916629437338083,2.538177056266192,451988197.3715
2025-01-31 00:00:00+00:00,3.1276,3.1333,3.003,3.0361,162235322.0,3.037905,2.571383333333333,1.2506395000000001,57.42643807759914,0.15149225680682488,0.1844947693567649,-0.03300251254994002,3.4701090651127395,2.60570093488726,442641338.6715
2025-02-01 00:00:00+00:00,3.0361,3.0727,2.8281,2.8778,173601404.0,3.056565,2.5775099999999997,1.262132,49.585540882891,0.12647410043822305,0.17289063557305653,-0.046416535134833486,3.4221487101129884,2.6909812898870116,440175792.22150004
2025-02-02 00:00:00+00:00,2.8779,2.9559,2.4603,2.58,684089012.0,3.059405,2.58122,1.271902,38.84129297436101,0.08167555513019309,0.15464761948448386,-0.07297206435429077,3.40889946619364,2.70991053380636,448612405.5215
2025-02-03 00:00:00+00:00,2.5801,2.7814,1.7711,2.7001,1866758972.0,3.061045,2.5888116666666665,1.2825540000000002,44.101735581323226,0.05522683096999659,0.1347634617815864,-0.07953663081158982,3.403399164426223,2.718690835573777,522088987.0215
2025-02-04 00:00:00+00:00,2.7,2.7874,2.4209,2.5274,621552965.0,3.0302700000000002,2.590506666666667,1.2923245,38.9179401901758,0.020098892314913908,0.1118305478882519,-0.091731655573338,3.441406620115476,2.6191333798845244,500035129.16
2025-02-05 00:00:00+00:00,2.5275,2.5692,2.3384,2.381,338815093.0,2.9870650000000003,2.586691666666667,1.301261,35.14649646305979,-0.019330676629266463,0.08559830298474823,-0.10492897961401469,3.4735283111550936,2.500601688844907,461457322.7
2025-02-06 00:00:00+00:00,2.381,2.4699,2.2772,2.325,322896937.0,2.938705,2.5820866666666666,1.3098940000000001,33.797311255925976,-0.054469732905997326,0.057584695806599126,-0.11205442871259645,3.4830728295968423,2.394337170403158,451105494.85
2025-02-07 00:00:00+00:00,2.3251,2.542,2.2655,2.3968,447487945.0,2.89506,2.58516,1.3188380000000002,37.12970368612277,-0.07565195952843906,0.03093736473959149,-0.10658932426803056,3.4656188993258943,2.3245011006741056,450575444.9
2025-02-08 00:00:00+00:00,2.3969,2.4372,2.3506,2.419,154717204.0,2.868075,2.585961666666667,1.3279454999999998,38.16608710135036,-0.08961465036336147,0.0068269617190009,-0.09644161208236238,3.473996869138238,2.2621531308617624,425144864.85
2025-02-09 00:00:00+00:00,2.419,2.5079,2.3113,2.3928,204205603.0,2.83245,2.58594,1.33682,37.38287277958228,-0.10162285941792026,-0.014863002508383332,-0.08675985690953693,3.4617248795240245,2.2031751204759757,393417082.1
2025-02-10 00:00:00+00:00,2.3928,2.4733,2.3235,2.4237,207257933.0,2.794945,2.587361666666667,1.3459405000000002,38.9734818219808,-0.1074079478861032,-0.033371991583927306,-0.07403595630217588,3.4277733510557784,2.162116648944221,384958803.65
2025-02-11 00:00:00+00:00,2.4238,2.529,2.3708,2.4131,248182176.0,2.756585,2.5872183333333334,1.354989,38.61114286162214,-0.11156198645364102,-0.049009990557870045,-0.06255199589577097,3.38431678117726,2.12885321882274,382779848.75
2025-02-12 00:00:00+00:00,2.413,2.4962,2.3323,2.4734,227957636.0,2.724285,2.588433333333333,1.364378,41.919211133457914,-0.10873495699568769,-0.060954983845433575,-0.04777997315025412,3.3403903749968222,2.108179625003178,378911988.25
2025-02-13 00:00:00+00:00,2.4734,2.6061,2.4154,2.5599,212478703.0,2.697235,2.5903166666666664,1.3741714999999999,46.382689364048574,-0.09838061816685606,-0.06844011070971807,-0.029940507457137985,3.2919582441228226,2.1025117558771775,377904575.2
2025-02-14 00:00:00+00:00,2.56,2.8356,2.53,2.7384,407541122.0,2.6787549999999998,2.594555,1.384854,54.203934205433974,-0.07490778155547062,-0.06973364487886859,-0.005174136676602034,3.2434877065966465,2.114022293403353,393307138.45
2025-02-15 00:00:00+00:00,2.7384,2.8335,2.713,2.7619,184181907.0,2.6657349999999997,2.597798333333333,1.3955250000000001,55.131880931426,-0.053789088694066844,-0.06654473364190824,0.012755644947841399,3.2098148958792487,2.1216551041207508,396069343.15
2025-02-16 00:00:00+00:00,2.7619,2.8054,2.6879,2.7283,132387997.0,2.64939,2.604765,1.4060515,53.46382354964976,-0.03931046507109759,-0.06109787992774611,0.02178741485664852,3.1645604335460003,2.1342195664539996,369685934.3
2025-02-17 00:00:00+00:00,2.7283,2.7648,2.6075,2.6599,212813356.0,2.629525,2.61178,1.416369,50.13816167984609,-0.03297524183291767,-0.05547335230878042,0.022498110475862754,3.1097149577250383,2.149335042274962,361853062.8
2025-02-18 00:00:00+00:00,2.6599,2.6699,2.4693,2.5628,227170019.0,2.6042499999999995,2.6165049999999996,1.4263795,45.784228237863324,-0.03538183055704591,-0.051455047958433524,0.01607321740138761,3.0406131950565647,2.1678868049434343,360473731.0
2025-02-19 00:00:00+00:00,2.5629,2.747,2.5121,2.7378,208222691.0,2.58476,2.6248349999999996,1.4372894999999999,53.604051523974555,-0.022904008838831924,-0.04574484013451321,0.022840831295681284,2.9558145426213964,2.213705457378604,362227699.85
2025-02-20 00:00:00+00:00,2.7378,2.749,2.6671,2.6877,161213675.0,2.5673399999999997,2.6329116666666668,1.448114,51.321830040613904,-0.016863504542922847,-0.039968573016195136,0.02310506847327229,2.880142521728923,2.2545374782710765,362176617.5
2025-02-21 00:00:00+00:00,2.6878,2.716,2.5076,2.5721,257754207.0,2.552055,2.638085,1.45853,46.41170565400779,-0.021160391438800996,-0.036206936700716306,0.01504654526191531,2.8306915767446434,2.273418423255357,366384257.65
2025-02-22 00:00:00+00:00,2.5722,2.6099,2.5505,2.574,92516652.0,2.551755,2.6422549999999996,1.468869,46.50230100524583,-0.02413418725250871,-0.03379238681107479,0.009658199558566082,2.8302834795132688,2.2732265204867312,336805639.65
2025-02-23 00:00:00+00:00,2.574,2.6016,2.5201,2.5763,91398009.0,2.545565,2.646905,1.4787495,46.61994612202307,-0.02600557500111167,-0.03223502444908217,0.006229449447970499,2.8160166465100063,2.2751133534899934,248037591.5
2025-02-24 00:00:00+00:00,2.5763,2.609,2.2336,2.2783,351034781.0,2.5331099999999998,2.648945,1.4870579999999998,35.67379912072305,-0.050947481926642446,-0.035977515944594224,-0.014969965982048222,2.827632847331023,2.2385871526689765,234511682.3
2025-02-25 00:00:00+00:00,2.2784,2.3663,2.0637,2.3222,762421577.0,2.53017,2.6518716666666666,1.4957665,37.98387925341572,-0.06640626960987417,-0.042063266677650216,-0.024343002932223953,2.831796007499309,2.228543992500691,255692006.5
2025-02-26 00:00:00+00:00,2.3222,2.3314,2.1507,2.1982,364125565.0,2.52383,2.6521033333333333,1.5038369999999999,34.24316224526528,-0.08765282668807739,-0.05118117867973565,-0.03647164800834174,2.847000754246069,2.2006592457539305,257753437.9
2025-02-27 00:00:00+00:00,2.1983,2.2577,2.1453,2.1985,229741926.0,2.513915,2.6538416666666667,1.5120654999999998,34.26003046652491,-0.10327616540532425,-0.061600176024853376,-0.041675989380470874,2.8631809518189155,2.1646490481810843,246866136.95
2025-02-28 00:00:00+00:00,2.1985,2.2017,1.951,2.1453,463166339.0,2.50023,2.655285,1.5199500000000001,32.66003035063417,-0.11858361123330585,-0.07299686306654388,-0.045586748166761976,2.8831284465886133,2.117331553411387,262288593.7
2025-03-01 00:00:00+00:00,2.1454,2.2199,2.1214,2.1916,145588191.0,2.49017,2.657085,1.5280230000000001,35.483960876149325,-0.12553179686795435,-0.08350384982682597,-0.042027947041128375,2.893838998561907,2.086501001438093,259357723.1
2025-03-02 00:00:00+00:00,2.1917,2.999,2.1735,2.9396,806955619.0,2.5159650000000005,2.6671983333333333,1.5398775,62.69892369190357,-0.06987545459461142,-0.08077817078038306,0.010902716185771641,2.962955989953907,2.068974010046094,289342607.4
2025-03-03 00:00:00+00:00,2.9395,2.9676,2.2976,2.3873,770790136.0,2.514675,2.6669466666666666,1.5490105,46.9504644659179,-0.0695318764078654,-0.07852891190587953,0.00899703549801413,2.9629929491164426,2.0663570508835574,315473005.4
2025-03-04 00:00:00+00:00,2.3873,2.5388,2.2123,2.4543,569915093.0,2.51372,2.66694,1.5584630000000002,48.63593744236639,-0.06312557581816014,-0.07544824468833566,0.012322668870175524,2.9624667419380035,2.064973258061997,332570878.25
2025-03-05 00:00:00+00:00,2.4542,2.5409,2.408,2.4998,254905967.0,2.5107150000000003,2.6682683333333332,1.5681295,49.80233079930991,-0.053757385033426086,-0.07111007275735376,0.017352687723927673,2.9589891941044266,2.062440805895574,334692241.45
2025-03-06 00:00:00+00:00,2.4998,2.6461,2.4707,2.6001,293494998.0,2.5038,2.671613333333333,1.5783145000000003,52.370007858120275,-0.03780387504500604,-0.06444883321488422,0.026644958169878177,2.9419647270148217,2.0656352729851784,328989935.25
2025-03-07 00:00:00+00:00,2.6,2.6217,2.3435,2.3855,454234094.0,2.48498,2.6710383333333336,1.5872495,46.84840546269294,-0.04199296123590157,-0.05995765881908769,0.01796469758318612,2.9092999434388784,2.060660056561122,342492544.6
2025-03-08 00:00:00+00:00,2.3855,2.4106,2.3013,2.3261,119040944.0,2.46487,2.6719533333333336,1.5959115,45.420894077236596,-0.04953491809502575,-0.05787311067427531,0.00833819257924956,2.8791614582754184,2.0505785417245814,341825191.95
2025-03-09 00:00:00+00:00,2.3262,2.351,2.083,2.1387,276711052.0,2.4388099999999997,2.668046666666667,1.6036055000000002,41.159757989655525,-0.06982864591234517,-0.060264217721889286,-0.00956442819045588,2.8661166248023457,2.0115033751976537,345020076.75
2025-03-10 00:00:00+00:00,2.1388,2.2613,1.9925,2.0216,391223631.0,2.41175,2.66387,1.6107255,38.71560827589143,-0.09427383271038936,-0.0670661407195893,-0.02720769199080006,2.8715326769246237,1.9519673230753767,353222757.35
2025-03-11 00:00:00+00:00,2.0216,2.2138,1.9,2.1711,382420244.0,2.3834150000000003,2.6610316666666667,1.6185265000000002,43.341436803523656,-0.1004257729913598,-0.0737380671739434,-0.02668770581741639,2.82895892050613,1.9378710794938705,361932635.0
2025-03-12 00:00:00+00:00,2.171,2.2769,2.1333,2.2396,277560410.0,2.3610100000000003,2.655418333333333,1.626661,45.375936894394755,-0.09863682850503919,-0.07871781944016257,-0.01991900906487662,2.787765348648348,1.934254651351653,367749971.75
2025-03-13 00:00:00+00:00,2.2395,2.347,2.2137,2.2527,243896593.0,2.34504,2.6512200000000004,1.6349245000000001,45.77693436381739,-0.09506615315530009,-0.08198748618319007,-0.01307866697211002,2.7628131173735,1.9272668826264998,367057091.05
2025-03-14 00:00:00+00:00,2.2526,2.3893,2.2371,2.3564,197286469.0,2.33416,2.64844,1.6437694999999999,48.97046706899785,-0.08291287585102802,-0.08217256411675766,-0.0007403117342703602,2.738637630531,1.9296823694689995,372295581.9
2025-03-15 00:00:00+00:00,2.3564,2.4751,2.3525,2.3911,150056936.0,2.3249000000000004,2.6438366666666666,1.6528920000000002,50.03099809137783,-0.06967811014709913,-0.07967367332282596,0.009995563175726835,2.715004139942109,1.9347958600578916,375228528.25
2025-03-16 00:00:00+00:00,2.3911,2.4109,2.2677,2.2938,151974757.0,2.325675,2.629685,1.6615145,47.07656218391303,-0.06627676254262971,-0.07699429116678672,0.010717528624157008,2.71546721067124,1.93588278932876,365275527.05
2025-03-17 00:00:00+00:00,2.2938,2.3788,2.2915,2.3382,133923496.0,2.326475,2.61457,1.6703959999999998,48.56906326267009,-0.05931471798023802,-0.07345837652947698,0.014143658549238963,2.7163010733968065,1.9366489266031934,333850623.0
2025-03-18 00:00:00+00:00,2.3381,2.3399,2.2225,2.2851,164719299.0,2.33082,2.597785,1.678988,46.866794646045285,-0.05742007089596779,-0.07025071540277515,0.012830644506807362,2.716747887564468,1.9448921124355325,323880309.7
2025-03-19 00:00:00+00:00,2.2851,2.59,2.2653,2.5469,462181815.0,2.34824,2.5857383333333335,1.6888915,55.2031407285421,-0.03439697052058843,-0.06307996642633781,0.02868299590574938,2.740111031845903,1.9563689681540972,335502304.15
2025-03-20 00:00:00+00:00,2.5469,2.5638,2.389,2.4361,225573092.0,2.36278,2.5770283333333333,1.6983359999999998,51.51903376781223,-0.024805687086652206,-0.0554251105584007,0.030619423471748494,2.7449111377001,1.9806488622999,323622641.8
2025-03-21 00:00:00+00:00,2.436,2.4669,2.3564,2.3809,143033066.0,2.3722450000000004,2.564955,1.7074019999999999,49.738124281413626,-0.021411881694404222,-0.04862246478560141,0.027210583091197185,2.746238328683779,1.998251671316222,323494885.55
2025-03-22 00:00:00+00:00,2.3809,2.417,2.3594,2.3711,69083565.0,2.34382,2.551576666666667,1.7164715,49.41155573938305,-0.019290673689715376,-0.0427561065664242,0.023465432876708825,2.612634081476348,2.0750059185236522,286601282.85
2025-03-23 00:00:00+00:00,2.3712,2.4409,2.365,2.4393,82171646.0,2.34642,2.5392266666666665,1.7258785,51.78412020828627,-0.0119684660086663,-0.03659857845487262,0.024630112446206318,2.617859043617481,2.0749809563825194,252170358.35
2025-03-24 00:00:00+00:00,2.4392,2.5044,2.4134,2.4501,140591390.0,2.34621,2.528071666666667,1.7354070000000001,52.166699195901174,-0.005233762372418127,-0.03032561523838172,0.025091852865963594,2.617321172030908,2.075098827969092,230704173.2
2025-03-25 00:00:00+00:00,2.4501,2.4783,2.4071,2.4492,107306341.0,2.34368,2.5172099999999995,1.7450474999999996,52.12957828140511,3.0563979313669165e-05,-0.024254379394842644,0.024284943374156313,2.609911242343893,2.077448757656107,223324191.9
2025-03-26 00:00:00+00:00,2.4491,2.4794,2.328,2.3494,140813082.0,2.3311450000000002,2.504566666666667,1.7541704999999999,48.046741977681435,-0.0038065656765007283,-0.020164816651174262,0.016358250974673534,2.5701154372929267,2.092174562707074,215690096.1
2025-03-27 00:00:00+00:00,2.3494,2.39,2.3021,2.341,121906802.0,2.32892,2.493211666666667,1.763228,47.708051595129334,-0.007439569644144495,-0.01761976724976831,0.010180197605623817,2.5666500956967218,2.0911899043032784,199073731.5
2025-03-28 00:00:00+00:00,2.3411,2.3433,2.1535,2.2073,211389681.0,2.3229800000000003,2.47908,1.7715670000000001,42.564920947349904,-0.02086668591914531,-0.018269150983643713,-0.0025975349355015984,2.5665598809425205,2.07940011905748,203691168.35
2025-03-29 00:00:00+00:00,2.2072,2.2267,2.0607,2.1351,188344703.0,2.3228,2.4637116666666667,1.7795385,40.05378670197817,-0.03690825353153482,-0.021996971493221936,-0.014911282038312882,2.566929031456671,2.078670968543329,199272850.9
2025-03-30 00:00:00+00:00,2.1352,2.2142,2.1077,2.1369,143436566.0,2.328565,2.4481883333333334,1.7875489999999998,40.1485876093125,-0.04891223666338984,-0.027380024527255516,-0.021532212136134325,2.548186303839069,2.1089436961609316,186883497.65
2025-03-31 00:00:00+00:00,2.1371,2.1415,2.0238,2.0899,225359911.0,2.324505,2.430893333333333,1.7951855,38.43922048340931,-0.06150895009531743,-0.034205809640867904,-0.027303140454449523,2.5581729993066493,2.0908370006933503,179030481.0
2025-04-01 00:00:00+00:00,2.0899,2.1999,2.065,2.1387,206149959.0,2.31946,2.4159366666666666,1.8030149999999998,41.236767541592414,-0.06678433583149612,-0.04072151487899355,-0.02606282095250257,2.564331095885105,2.074588904114895,175459958.45
2025-04-02 00:00:00+00:00,2.1387,2.233,1.9841,2.0237,312902782.0,2.30801,2.401701666666667,1.8101554999999998,36.97276088546721,-0.07933018692586424,-0.048443249288367685,-0.03088693763749656,2.5837650717574783,2.0322549282425215,178910267.9
2025-04-03 00:00:00+00:00,2.0237,2.082,1.96,2.0648,283049149.0,2.29343,2.3931150000000003,1.8176265,39.38511580492441,-0.08497687724850733,-0.05574997488039561,-0.02922690236811172,2.587627988436311,1.9992320115636888,183198401.9
2025-04-04 00:00:00+00:00,2.0648,2.1626,2.016,2.1302,249538859.0,2.280385,2.3836166666666667,1.8253445,43.116095851287085,-0.08321543089446992,-0.06124306608321048,-0.021972364811259443,2.5792038232022403,1.9815661767977597,188172498.05
2025-04-05 00:00:00+00:00,2.1303,2.1764,2.1139,2.1442,79039409.0,2.272905,2.3772299999999995,1.8331460000000002,43.911977960285114,-0.07977024721658355,-0.0649485023098851,-0.01482174490669845,2.5774409845732054,1.9683690154267948,184525730.65
2025-04-06 00:00:00+00:00,2.1443,2.1592,1.8625,1.9218,247306320.0,2.252085,2.3695766666666667,1.839829,35.43118510464903,-0.093903277130301,-0.07073945727396827,-0.02316381985633273,2.5909220302962344,1.9132479697037659,190194871.85
2025-04-07 00:00:00+00:00,1.9218,2.0109,1.6134,1.8987,862282234.0,2.2327649999999997,2.3624716666666665,1.8463885,34.68194877335701,-0.10574877604127275,-0.07774132102742917,-0.02800745501384358,2.6043503564121853,1.8611796435878143,225073018.6
2025-04-08 00:00:00+00:00,1.8986,1.975,1.777,1.7963,331058344.0,2.195235,2.352463333333333,1.8524445,31.501841621184866,-0.1219929842929881,-0.08659165368054096,-0.03540133061244714,2.583572292955454,1.8068977070445458,218516845.05
2025-04-09 00:00:00+00:00,1.7965,2.0897,1.7218,2.0529,517714914.0,2.176075,2.3463616666666667,1.8597209999999997,45.08925970282396,-0.11286017897119294,-0.09184535873867136,-0.021014820232521575,2.552619939549013,1.799530060450987,233123936.15
2025-04-10 00:00:00+00:00,2.0529,2.0572,1.9223,1.9658,224691548.0,2.15532,2.339245,1.8666145,42.04083440619081,-0.1113668394288041,-0.09574965487669793,-0.015617184552106173,2.530173932085512,1.7804660679144884,237206860.25
2025-04-11 00:00:00+00:00,1.9657,2.0647,1.9475,2.0225,175131511.0,2.13789,2.332558333333333,1.8738035000000002,44.66361996931693,-0.1044046293664902,-0.09748064977465638,-0.006923979591833815,2.5032887952908016,1.7724912047091987,242509257.55
2025-04-12 00:00:00+00:00,2.0225,2.1862,2.0033,2.1598,161856777.0,2.1239149999999998,2.3283366666666665,1.8816469999999998,50.504503023772365,-0.08680740348443283,-0.09534600051661168,0.008538597032178852,2.462532024232345,1.7852979757676546,246493514.1
2025-04-13 00:00:00+00:00,2.1597,2.2475,2.0801,2.1196,194098687.0,2.1073899999999997,2.32244,1.8893294999999997,48.87775888888749,-0.07523798259695802,-0.09132439693268096,0.016086414335722943,2.4111885839334475,1.8035914160665516,249168878.95
2025-04-14 00:00:00+00:00,2.1196,2.1804,2.1038,2.1275,138573013.0,2.0913049999999997,2.3152333333333335,1.8970145000000003,49.22388498043014,-0.0646860091654955,-0.08599671937924387,0.021310710213748377,2.352020818277234,1.8305891817227653,250732212.55
2025-04-15 00:00:00+00:00,2.1276,2.1853,2.0837,2.0842,131282814.0,2.078045,2.3043299999999998,1.9044915,47.33229290523379,-0.059135762070583464,-0.08062452791751179,0.021488765846928326,2.31033128435611,1.84575871564389,250255699.15
2025-04-16 00:00:00+00:00,2.0843,2.13,2.0355,2.0834,152704680.0,2.0651649999999995,2.2930216666666667,1.9118395000000001,47.29612994463497,-0.05417718372476221,-0.07533505907896187,0.021157875354199662,2.2638356045190555,1.8664943954809432,251795593.05
2025-04-17 00:00:00+00:00,2.0834,2.1146,2.0524,2.0673,103280383.3,2.058165,2.282005,1.9189699999999998,46.52572308908251,-0.05095918435154312,-0.07045988413347813,0.019500699781935013,2.245873415101633,1.8704565848983665,246390128.16500002
2025-04-18 00:00:00+00:00,2.0673,2.0896,2.0434,2.0619,72730873.5,2.054505,2.2720383333333336,1.9262225000000002,46.25358302591948,-0.04828799755655355,-0.06602550681809322,0.017737509261539663,2.23889550382264,1.8701144961773597,240609436.69
2025-04-19 00:00:00+00:00,2.0619,2.0975,2.0586,2.0877,50163133.6,2.052045,2.2641199999999997,1.9336774999999997,47.823879879645894,-0.043586777160974144,-0.06153776088666941,0.017950983725695265,2.233258260828139,1.8708317391718616,235945765.07000002
2025-04-20 00:00:00+00:00,2.0877,2.0945,2.0388,2.0787,77348551.3,2.051485,2.2531350000000003,1.9413794999999998,47.30466905434573,-0.040124718136961945,-0.05725515233672792,0.017130434199765975,2.2322956443215305,1.8706743556784697,228545197.08499998
2025-04-21 00:00:00+00:00,2.0786,2.1409,2.0594,2.0855,132502689.7,2.048825,2.2430983333333336,1.9491985000000003,47.76609552911008,-0.036412566843083916,-0.05308663523799913,0.016674068394915212,2.22595291846563,1.8716970815343699,224862833.62000003
2025-04-22 00:00:00+00:00,2.0855,2.2504,2.0638,2.2139,215792646.3,2.0583350000000005,2.237128333333333,1.957598,55.6611571144195,-0.022846493130295187,-0.04703860681645834,0.024192113686163155,2.24895566283582,1.8677143371641811,220007326.83499998
2025-04-23 00:00:00+00:00,2.2138,2.301,2.1902,2.2184,220415571.4,2.0660149999999997,2.2312016666666667,1.9660430000000002,55.91266352943853,-0.011598469644431564,-0.039950579382052986,0.028352109737621423,2.2690325093433255,1.862997490656674,216875647.955
2025-04-24 00:00:00+00:00,2.2183,2.2354,2.1166,2.2049,184941421.4,2.06975,2.2250116666666666,1.9743994999999999,54.90644121220889,-0.0037306624159700874,-0.03270659598883641,0.02897593357286632,2.2799741042315733,1.8595258957684266,213645776.075
2025-04-25 00:00:00+00:00,2.2049,2.2193,2.1634,2.1812,134014526.9,2.0715999999999997,2.2233933333333336,1.9826625000000002,53.09978391845811,0.000585490397394306,-0.026048178711590268,0.026633669108984574,2.285038853070305,1.8581611469296941,216394531.97000003
2025-04-26 00:00:00+00:00,2.1812,2.2483,2.1796,2.1912,89667472.4,2.08507,2.2212099999999997,1.9909635,53.79068888498817,0.004758140146925882,-0.01988691493988704,0.02464505508681292,2.292923805353589,1.8772161946464105,208512589.59
2025-04-27 00:00:00+00:00,2.1912,2.2948,2.1581,2.252,176901254.6,2.102735,2.222106666666667,1.9996010000000002,57.855775472676314,0.012823228809414555,-0.01334488619002672,0.026168114999441276,2.3041831697607806,1.9012868302392192,174243540.62
2025-04-28 00:00:00+00:00,2.2521,2.363,2.2184,2.2949,188782972.6,2.127665,2.223713333333334,2.008423,60.49644972672336,0.022418119028635886,-0.006192285146294199,0.028610404174930083,2.2910673901293035,1.9642626098706961,167129772.05
2025-04-29 00:00:00+00:00,2.295,2.3147,2.2217,2.238,109021832.7,2.13692,2.2252583333333336,2.016919,55.52687049616693,0.02514097468154608,7.436681927385728e-05,0.025066607862272224,2.303276612131798,1.9705633878682018,146695117.98499998
2025-04-30 00:00:00+00:00,2.2379,2.2588,2.1235,2.1908,169161178.8,2.14817,2.225245,2.0251765,51.7306446920248,0.023222517148281163,0.004703996885075319,0.018518520263205843,2.2961310502800307,2.000208949719969,143918599.525
2025-05-01 00:00:00+00:00,2.1907,2.2567,2.1868,2.2123,96594610.5,2.15766,2.2131233333333333,2.0335775,53.296945841280014,0.023169907774374998,0.008397179062935255,0.014772728711439743,2.2962102565857245,2.0191097434142753,139991754.5
2025-05-02 00:00:00+00:00,2.2122,2.2411,2.192,2.2093,84810475.2,2.160135,2.2101566666666668,2.0418825,53.03832646582239,0.022625328831578084,0.011242809016663823,0.011382519814914262,2.300506268783787,2.0197637312162127,136139439.41
2025-05-03 00:00:00+00:00,2.2093,2.22,2.176,2.1872,48541368.0,2.163515,2.205705,2.05011,51.072254251104,0.020177862949539715,0.013029819803239001,0.007148043146300714,2.303072447311028,2.0239575526889717,128861573.46
2025-05-04 00:00:00+00:00,2.1872,2.2188,2.151,2.156,58758870.6,2.1649399999999996,2.1999750000000002,2.058149,48.347480160568566,0.015541496655070652,0.013532155173605332,0.0020093414814653203,2.3035763502115167,2.0263036497884825,124870866.33999999
2025-05-05 00:00:00+00:00,2.1561,2.2,2.1067,2.1306,129350396.3,2.1672599999999997,2.19215,2.0660815,46.187100979853284,0.009705694040827328,0.012766862947049732,-0.003061168906222404,2.3019097887111983,2.032610211288801,124774245.45500001
2025-05-06 00:00:00+00:00,2.1306,2.1595,2.0777,2.155,110021214.0,2.1708399999999997,2.188308333333333,2.074124,48.56480254682631,0.006969316561966643,0.011607353670033115,-0.004638037108066472,2.3000795512216383,2.041600448778361,122640072.15500002
2025-05-07 00:00:00+00:00,2.155,2.1716,2.1039,2.1265,91759518.6,2.1738,2.1849816666666664,2.0820365,46.00773876688697,0.002472504388363994,0.009780383813699292,-0.007307879425335298,2.2959348271377604,2.0516651728622395,122064028.92
2025-05-08 00:00:00+00:00,2.1264,2.3297,2.1176,2.3272,220454318.8,2.1870649999999996,2.188123333333333,2.0909315,61.41500475466445,0.014931440669577078,0.010810595184874849,0.0041208454847022295,2.3151862905803364,2.0589437094196628,129450201.18499999
2025-05-09 00:00:00+00:00,2.3272,2.4291,2.2845,2.3439,270485423.5,2.199875,2.193495,2.0999265,62.37706121820936,0.025854750397939608,0.013819426227487802,0.012035324170451805,2.336635533415059,2.063114466584941,140466315.68
2025-05-10 00:00:00+00:00,2.3438,2.477,2.3359,2.4711,173584546.1,2.219495,2.198495,2.1096125,68.76522223840952,0.044265266562349304,0.019908594294460104,0.0243566722678892,2.3896114010316825,2.049378598968318,145278115.42000002
2025-05-11 00:00:00+00:00,2.4711,2.4844,2.3283,2.367,162582479.5,2.23357,2.200618333333333,2.1188184999999997,59.8141443788207,0.04988073915198887,0.02590302326596586,0.023977715886023012,2.4035928819893737,2.063547118010626,146782104.91000003
2025-05-12 00:00:00+00:00,2.3671,2.6549,2.3515,2.5439,507950822.4,2.25007,2.2054716666666665,2.128878,67.545320909219,0.06782356537860679,0.03428713168849405,0.033536433690112735,2.46687023154963,2.03326976845037,161390013.715
2025-05-13 00:00:00+00:00,2.544,2.6053,2.4215,2.5829,230851038.9,2.268295,2.2092466666666666,2.1392815,68.9629863579645,0.0842195282014142,0.044273610991078086,0.03994591721033612,2.52834942103524,2.0082405789647604,161911787.08999997
2025-05-14 00:00:00+00:00,2.5828,2.6516,2.5194,2.5503,213599727.4,2.285565,2.2119,2.1494660000000003,66.35382998745622,0.09350503151613365,0.05411989509608921,0.039385136420044445,2.571111614583284,2.000018385416716,163344702.39
2025-05-15 00:00:00+00:00,2.5504,2.5719,2.3525,2.3856,209320078.3,2.295785,2.2134300000000002,2.15881,55.02673645403391,0.08657595255739681,0.06061110658835073,0.02596484596904608,2.580288189964497,2.011281810035503,167109979.96
2025-05-16 00:00:00+00:00,2.3856,2.4399,2.3471,2.3798,136943221.2,2.305215,2.2141233333333337,2.1681115,54.67278575696764,0.07969788838679204,0.064428462948039,0.015269425438753037,2.587722460255433,2.022707539744567,169473767.4
2025-05-17 00:00:00+00:00,2.3797,2.3892,2.2984,2.3531,105734565.8,2.31027,2.215256666666667,2.177235,52.983219183870276,0.07127093909772242,0.06579695817797569,0.0054739809197467265,2.5924055709583165,2.0281344290416836,165915432.96
2025-05-18 00:00:00+00:00,2.3531,2.4497,2.332,2.428,110034544.5,2.316925,2.213275,2.1867605,56.997882982884754,0.06983135274192431,0.06660383709076542,0.003227515651158891,2.603539981290189,2.0303100187098106,161978011.555
2025-05-19 00:00:00+00:00,2.428,2.441,2.2827,2.3803,162880946.4,2.32404,2.212345,2.1961144999999997,53.84462233021888,0.06410254459716036,0.06610357859204441,-0.0020010339948840494,2.6095274806361495,2.0385525193638507,164670967.24
2025-05-20 00:00:00+00:00,2.3803,2.409,2.3141,2.3565,136293676.8,2.332325,2.211938333333334,2.2053315000000002,52.29021500187862,0.05698507332024061,0.06427987753768365,-0.007294804217443038,2.6114104483844978,2.053239551615502,163027592.14
2025-05-21 00:00:00+00:00,2.3565,2.4288,2.3308,2.3952,175070666.7,2.34147,2.2123399999999998,2.214756,54.585998657862866,0.05384648387740931,0.062193198805628784,-0.008346714928219472,2.6161764185634846,2.0667635814365157,166951394.95
2025-05-22 00:00:00+00:00,2.3953,2.4555,2.3881,2.4311,145040194.5,2.35256,2.2122033333333335,2.2243965,56.669003795323086,0.0536376575745936,0.06048209055942175,-0.006844432984828147,2.622901616478072,2.082218383521928,169962880.91500002
2025-05-23 00:00:00+00:00,2.4311,2.4799,2.2838,2.2966,197335455.4,2.3580300000000003,2.209645,2.233362,47.81951370877258,0.042133447137064906,0.05681236187495038,-0.014678914737885476,2.6190327287213244,2.097027271278676,177402585.285
2025-05-24 00:00:00+00:00,2.2965,2.36,2.2859,2.3303,50781088.2,2.3667450000000003,2.2076633333333335,2.2424435,49.929347388792536,0.035328342695843507,0.05251555803912901,-0.017187215343285503,2.6113041664607515,2.122185833539249,177003696.16500002
2025-05-25 00:00:00+00:00,2.3304,2.345,2.266,2.3417,81478273.4,2.3773,2.207535,2.251443,50.65617685893026,0.030503507675560648,0.04811314796641534,-0.01760964029085469,2.5971547520522993,2.1574452479477007,174610090.02
2025-05-26 00:00:00+00:00,2.3416,2.3593,2.2958,2.3103,75168770.0,2.385065,2.2070233333333333,2.2602165,48.565039770028505,0.02387090465197117,0.04326469930352651,-0.019393794651555343,2.5828256459839225,2.1873043540160775,172867467.82
2025-05-27 00:00:00+00:00,2.3103,2.3543,2.2671,2.3168,94046517.5,2.39458,2.2088483333333335,2.269032,49.03406743802524,0.018920906218652167,0.038395940686551645,-0.01947503446789948,2.556777356328575,2.232382643671425,172981817.76500002
2025-05-28 00:00:00+00:00,2.3167,2.3232,2.2265,2.2742,99791200.4,2.39193,2.2111666666666667,2.2776065,46.06903085449429,0.01142878885672216,0.03300251032058575,-0.02157372146386359,2.560067290331379,2.2237927096686207,166948661.84499997
2025-05-29 00:00:00+00:00,2.2742,2.3125,2.238,2.2442,99100514.7,2.386945,2.212955,2.2858855,44.048970978017216,0.0030354913354750934,0.02700910652356362,-0.023973615188088528,2.5660377187240684,2.2078522812759314,158379416.405
2025-05-30 00:00:00+00:00,2.2441,2.2523,2.1297,2.1398,192557829.6,2.37038,2.2137866666666666,2.2934810000000003,37.83200547510743,-0.011903251637985779,0.019226634891253744,-0.031129886529239523,2.574772569336504,2.165987430663496,159328080.57999998
2025-05-31 00:00:00+00:00,2.1397,2.2065,2.0794,2.1738,109349888.0,2.3607199999999997,2.2143716666666666,2.30083,40.764182447479875,-0.020759494689694513,0.011229408975064093,-0.03198890366475861,2.582371786367665,2.1390682136323345,156666451.005
2025-06-01 00:00:00+00:00,2.1739,2.1879,2.1231,2.1792,62964847.7,2.342485,2.216963333333333,2.3082770000000004,41.238225460346044,-0.027030801984456065,0.003577366783160062,-0.03060816876761613,2.5608387796787047,2.124131220321295,134417152.26999998
2025-06-02 00:00:00+00:00,2.1792,2.2045,2.1357,2.1965,96478578.8,2.323165,2.219158333333333,2.3153914999999996,42.817060888653494,-0.0302561190731212,-0.0031893303880961912,-0.02706678868502501,2.5203648303751183,2.1259651696248816,127698529.26500002
2025-06-03 00:00:00+00:00,2.1965,2.2821,2.1838,2.2446,110034231.1,2.30788,2.221065,2.3221534999999998,47.07488237463079,-0.028601240791327864,-0.008271712468742526,-0.02032952832258534,2.4777907954191694,2.1379692045808305,122520254.45
2025-06-04 00:00:00+00:00,2.2445,2.2658,2.1951,2.2009,82924089.7,2.298645,2.22201,2.3275535,43.87825943887514,-0.030464783552984542,-0.012710326685590929,-0.017754456867393614,2.47071882688827,2.12657117311173,116200455.02000001
2025-06-05 00:00:00+00:00,2.2009,2.2265,2.0591,2.0936,152227799.7,2.2843349999999996,2.224873333333333,2.33275,37.19889454020587,-0.040137191317211496,-0.018195699611915042,-0.021941491705296454,2.473759816483938,2.094910183516061,116964683.94500001
2025-06-06 00:00:00+00:00,2.0936,2.1903,2.0812,2.1598,92539769.1,2.27467,2.229225,2.3379805,42.96726239010071,-0.04197697299781966,-0.022951954289095966,-0.019025018708723695,2.468742616306302,2.0805973836936977,116304944.10999998
2025-06-07 00:00:00+00:00,2.1598,2.1912,2.1475,2.1769,40526697.0,2.262115,2.235568333333333,2.3433635,44.38820129591248,-0.04157592476470251,-0.026676748384217276,-0.014899176380485234,2.447164844906643,2.077065155093357,112829551.73499998
2025-06-08 00:00:00+00:00,2.1768,2.2988,2.1661,2.267,115809963.6,2.25645,2.2391366666666666,2.349178,51.27637572951301,-0.03360044908616722,-0.028061488524607266,-0.00553896056155995,2.4334424009667432,2.079457599033257,110476002.595
2025-06-09 00:00:00+00:00,2.2669,2.3293,2.2223,2.3211,128620231.2,2.25468,2.245058333333333,2.3545485,54.88941599393455,-0.022653276413968193,-0.02697984610247945,0.004326569688511257,2.4283109373354077,2.0810490626645923,110092330.31500001
2025-06-10 00:00:00+00:00,2.321,2.3276,2.2601,2.3074,119887307.8,2.2502899999999997,2.2498066666666663,2.3587225,53.801401231071615,-0.014911152224479363,-0.024566107326879433,0.00965495510240007,2.4136219307421913,2.086958069257808,107333162.37
2025-06-11 00:00:00+00:00,2.3074,2.3379,2.2524,2.2704,118779485.5,2.2422549999999997,2.2516499999999997,2.362732,50.8687329712187,-0.011627024700241684,-0.021978290801551885,0.010351266101310201,2.383540193491645,2.1009698065083544,106020126.92
2025-06-12 00:00:00+00:00,2.2704,2.2733,2.1706,2.1899,98220197.3,2.23692,2.252821666666667,2.366516,45.107717475586036,-0.015343141030822238,-0.020651260847405956,0.005308119816583717,2.3776509148693754,2.0961890851306246,101064364.015
2025-06-13 00:00:00+00:00,2.19,2.1918,2.0828,2.1472,171924272.9,2.2277649999999998,2.2531499999999998,2.370181,42.36683258021283,-0.021486045380640473,-0.020818217754052862,-0.000667827626587611,2.366818605131154,2.0887113948688456,107121523.25
2025-06-14 00:00:00+00:00,2.1473,2.1801,2.1093,2.1394,67644610.7,2.21765,2.25407,2.373886,41.866387019920225,-0.02667622918314061,-0.021989820039870413,-0.004686409143270197,2.3514113172780924,2.0838886827219074,106429840.115
2025-06-15 00:00:00+00:00,2.1393,2.1759,2.1375,2.1655,46595619.5,2.21041,2.255438333333333,2.3773655000000002,44.239865219289726,-0.028356558610362903,-0.023263167753968913,-0.00509339085639399,2.3388994532635663,2.0819205467364337,105001182.59
2025-06-16 00:00:00+00:00,2.1655,2.337,2.1512,2.238,180775839.0,2.2064700000000004,2.2582833333333334,2.3808450000000003,50.308888779107505,-0.023566428576301757,-0.023323819918435483,-0.00024260865786627367,2.32620270397001,2.0867372960299906,109337648.665
2025-06-17 00:00:00+00:00,2.2379,2.2572,2.1417,2.159,145998030.0,2.20071,2.2599016666666665,2.382637,44.611037607177785,-0.025846908708290428,-0.023828437676406473,-0.0020184710318839547,2.317912472670032,2.0835075273299677,111647990.14499998
2025-06-18 00:00:00+00:00,2.1591,2.1808,2.1181,2.1705,95962168.0,2.197025,2.261281666666667,2.383733,45.577314900435404,-0.026421679082830885,-0.024347085957691358,-0.002074593125139527,2.3131557689631372,2.0808942310368628,111491072.80999999
2025-06-19 00:00:00+00:00,2.1704,2.1855,2.1441,2.1648,56149358.1,2.198275,2.2627166666666665,2.3830885,45.15681725568748,-0.027025596851113942,-0.02488278813637588,-0.0021428087147380634,2.312436532487829,2.0841134675121715,104670649.23499998
2025-06-20 00:00:00+00:00,2.1647,2.1797,2.0852,2.1194,97632569.9,2.195555,2.2632816666666664,2.3800630000000003,41.84529875956263,-0.03081242020972752,-0.02606871455104621,-0.004743705658681312,2.314415043328149,2.0766949566718513,104084783.33
2025-06-21 00:00:00+00:00,2.1195,2.145,2.0,2.0632,88671293.2,2.1897550000000003,2.26077,2.377828,38.11874336038891,-0.03791135679884361,-0.02843724300060569,-0.00947411379823792,2.3218277901574327,2.057682209842568,105370105.60499999
2025-06-22 00:00:00+00:00,2.0632,2.0898,1.9083,2.0172,206511372.5,2.18079,2.2574166666666664,2.3761270000000003,35.3442370332682,-0.046710679120244514,-0.03209193022453345,-0.014618748895711062,2.332670491176348,2.028909508823652,110871745.28999999
2025-06-23 00:00:00+00:00,2.0173,2.1706,1.9615,2.1584,175076963.6,2.17648,2.256641666666667,2.3756959999999996,47.88377752623699,-0.041808601974671955,-0.03403526457456116,-0.007773337400110797,2.325742515053072,2.027217484946928,114123881.915
2025-06-24 00:00:00+00:00,2.1584,2.2165,2.1316,2.1898,131247333.7,2.175925,2.256785,2.3745165,50.19695987768638,-0.03498664863298817,-0.03422554138624656,-0.0007611072467416102,2.324902459704374,2.026947540295626,116540044.11499998
2025-06-25 00:00:00+00:00,2.1897,2.2296,2.1696,2.1859,91578502.0,2.18054,2.256696666666667,2.3723965,49.90070652235296,-0.029554216258358412,-0.033291276360668934,0.0037370601023105215,2.32467018282084,2.0364098171791603,113507579.22999999
2025-06-26 00:00:00+00:00,2.1858,2.2127,2.0956,2.1054,120378866.1,2.1778199999999996,2.254253333333333,2.369917,44.113448701195864,-0.03138288928383792,-0.03290959894530273,0.0015267096614648076,2.3254245067061587,2.0302154932938405,114899534.08
2025-06-27 00:00:00+00:00,2.1053,2.1556,2.0671,2.1419,120577000.3,2.17607,2.251703333333333,2.3695645,47.10869203503739,-0.02954628963959749,-0.032236937084161685,0.0026906474445641954,2.3245042292059637,2.0276357707940367,118902049.245
2025-06-28 00:00:00+00:00,2.142,2.2079,2.1336,2.1854,70042779.0,2.17199,2.2508266666666668,2.368637,50.51276649815758,-0.02430056297086658,-0.030649662261502668,0.0063490992906360885,2.3145729288518377,2.0294070711481624,116613690.01500002
2025-06-29 00:00:00+00:00,2.1855,2.2198,2.1754,2.2061,46097897.5,2.1662399999999997,2.2510816666666664,2.367697,52.092852864975086,-0.018262451615355335,-0.028172220132273204,0.009909768516917869,2.2926661903245047,2.0398138096754947,112487573.33
2025-06-30 00:00:00+00:00,2.2062,2.3271,2.165,2.2362,151525906.2,2.16268,2.25148,2.367186,54.37413797709639,-0.010922478882514852,-0.024722271882321536,0.013799792999806684,2.276374935683027,2.0489850643169727,114069503.25
2025-07-01 00:00:00+00:00,2.2362,2.2537,2.1475,2.172,123558690.1,2.15776,2.2508583333333334,2.3659375,49.01314717097559,-0.010168682822511599,-0.021811554070359552,0.011642871247847953,2.260358077954548,2.0551619220454524,114308463.47999999
2025-07-02 00:00:00+00:00,2.1719,2.2917,2.157,2.2336,149340795.4,2.159945,2.2516316666666665,2.3651029999999995,53.72734165371768,-0.004548259324531401,-0.018358895121193923,0.013810635796662522,2.2669544103337067,2.0529355896662933,116864493.38499999
2025-07-03 00:00:00+00:00,2.2335,2.3135,2.2243,2.2569,148388595.0,2.16543,2.253313333333333,2.364153,55.406831986715446,0.001765727852797827,-0.014333970526395573,0.0160996983791934,2.2802265173686376,2.050633482631363,115687709.48999998
2025-07-04 00:00:00+00:00,2.2569,2.2678,2.196,2.2205,72289199.1,2.1694850000000003,2.254811666666667,2.362835,52.218195135253424,0.0037887579449753517,-0.010709424832121388,0.01449818277709674,2.2860332608191483,2.0529367391808524,115919938.91
2025-07-05 00:00:00+00:00,2.2205,2.2339,2.2014,2.2178,34058390.3,2.1721,2.2558583333333333,2.3610875,51.97923870582316,0.005115191687337095,-0.007544501528229691,0.012659693215566786,2.2905053883907667,2.053694611609233,115293077.45
2025-07-06 00:00:00+00:00,2.2177,2.29,2.2086,2.2709,92108127.5,2.173745,2.258265,2.3608905,56.22217476400297,0.010332025055998173,-0.003969196211384118,0.014301221267382291,2.2965975046548435,2.050892495345156,110859691.875
2025-07-07 00:00:00+00:00,2.2709,2.3537,2.2552,2.2708,176317450.7,2.179335,2.2573250000000002,2.3610495,56.21210179650944,0.014293566583513329,-0.0003166436524046287,0.014610210235917957,2.3089814311115764,2.0496885688884237,112375662.91
2025-07-08 00:00:00+00:00,2.2707,2.3223,2.2485,2.3108,106456008.6,2.18635,2.2567733333333337,2.361207,59.34943772771013,0.02042533197876306,0.0038317514738289093,0.016593580504934154,2.327956334603962,2.0447436653960382,112900354.93999998
2025-07-09 00:00:00+00:00,2.3109,2.4288,2.2975,2.4038,181518399.8,2.1982999999999997,2.2556516666666666,2.362036,65.53275022284257,0.03241545777870236,0.0095484927348036,0.022866965043898763,2.3681386410684264,2.028461358931573,119168807.025
2025-07-10 00:00:00+00:00,2.4038,2.5678,2.3931,2.5471,209526484.8,2.2196849999999997,2.2586533333333336,2.363756,72.47920916832594,0.05287136308886886,0.018213066805616653,0.034658296283252205,2.4435223005108195,1.9958476994891796,124763502.77000001
2025-07-11 00:00:00+00:00,2.5471,2.975,2.5119,2.7322,615361834.0,2.2531350000000003,2.261791666666667,2.3661085,78.50527256182676,0.08306135883798671,0.031182725212090666,0.051878633625896044,2.5585271104088534,1.947742889591147,151098029.81
2025-07-12 00:00:00+00:00,2.7323,2.8479,2.6629,2.7395,341517152.0,2.28925,2.2644016666666666,2.368187,78.70332749474436,0.10635025740110793,0.04621623164989412,0.06013402575121381,2.641704658076717,1.936795341923283,157848318.78500003
2025-07-13 00:00:00+00:00,2.7395,2.8949,2.7232,2.8361,260642506.5,2.3231349999999997,2.269165,2.3708810000000002,81.17518478075218,0.1310905596098082,0.06319109724187694,0.06789946236793126,2.742677790547016,1.9035922094529836,162126595.93
2025-07-14 00:00:00+00:00,2.8361,3.035,2.8207,2.9582,442537809.2,2.361555,2.2787083333333333,2.3748925,83.7435693754812,0.15872024869514556,0.08229692753253066,0.0764233211626149,2.8587648489571382,1.8643451510428621,177691119.70499998
2025-07-15 00:00:00+00:00,2.9582,2.9582,2.8038,2.919,303965280.7,2.3982099999999997,2.287695,2.3787545,79.97116828735894,0.17543159770849925,0.10092386156772437,0.07450773614077488,2.943940086764494,1.8524799132355056,188310458.64000002
2025-07-16 00:00:00+00:00,2.9189,3.1,2.8774,3.038,272284618.2,2.44484,2.29911,2.383023,82.5421693066571,0.19601819197584458,0.11994272764934841,0.07607546432649617,3.03968671101048,1.8499932889895203,195905746.245
2025-07-17 00:00:00+00:00,3.038,3.5495,2.9873,3.4814,648338845.19,2.511815,2.316666666666667,2.389959,88.47733617330904,0.24528440466990897,0.14501106305346054,0.10027334161644844,3.24149767424956,1.7821323257504398,222293838.4895
2025-07-18 00:00:00+00:00,3.4813,3.6607,3.3439,3.4135,608722890.71,2.57322,2.3338866666666664,2.3967330000000002,83.78010099553043,0.27567150117186934,0.1711431506771423,0.10452835049472703,3.3847939808544836,1.7616460191455166,249227844.075
2025-07-19 00:00:00+00:00,3.4136,3.4855,3.3547,3.4244,204901034.5,2.634135,2.3516850000000002,2.403437,83.92761457839582,0.29720701551190265,0.19635592364409438,0.10085109186780827,3.5069212493760986,1.7613487506239014,257168000.925
2025-07-20 00:00:00+00:00,3.4243,3.5579,3.3856,3.454,281874484.3,2.6950250000000002,2.3693316666666666,2.409043,84.3440178002373,0.31305384850751894,0.21969550861677933,0.0933583398907396,3.616811710416245,1.7732382895837555,263685429.83
2025-07-21 00:00:00+00:00,3.4541,3.6495,3.4076,3.5495,259730581.6,2.7639000000000005,2.3879716666666666,2.4147785,85.63695275167709,0.32952012679744636,0.24166043225291275,0.0878596945445336,3.724124011364019,1.803675988635982,270494024.405
2025-07-22 00:00:00+00:00,3.5494,3.5787,3.4218,3.5504,248664612.7,2.82974,2.4088683333333334,2.420257,85.64898101472177,0.3387376368331738,0.26107587316896497,0.07766176366420885,3.815723448948313,1.8437565510516873,275460215.27000004
2025-07-23 00:00:00+00:00,3.5504,3.5519,3.02,3.1838,444396661.3,2.876085,2.4230933333333335,2.4240755000000003,62.63824370026109,0.31285463031605776,0.27143162459838355,0.04142300571767421,3.8368214306093593,1.9153485693906402,290260618.585
2025-07-24 00:00:00+00:00,3.1839,3.2651,2.9555,3.1453,366456463.4,2.922325,2.4364866666666667,2.4278049999999998,60.791097501576864,0.28593940150274966,0.27433317997925677,0.011606221523492888,3.840474739149348,2.004175260850652,304968981.8
2025-07-25 00:00:00+00:00,3.1454,3.1618,2.9981,3.1423,234280821.9,2.96855,2.450353333333333,2.4314165,60.64103454155062,0.261354086603403,0.27173736130408604,-0.010383274700683065,3.831601937023502,2.105498062976498,314980103.38
2025-07-26 00:00:00+00:00,3.1422,3.2181,3.1088,3.1662,96831223.5,3.013315,2.4645099999999998,2.4358915000000003,61.45731025172937,0.241020246307865,0.26559393830484185,-0.024573691996976843,3.817872658033296,2.208757341966704,315216258.18
2025-07-27 00:00:00+00:00,3.1662,3.2515,3.1564,3.2389,130449208.1,3.06172,2.480588333333334,2.4402205,63.90925267149756,0.22814193557708284,0.25810353775929007,-0.029961602182207225,3.7951045256071505,2.32833547439285,312922846.05
2025-07-28 00:00:00+00:00,3.239,3.3308,3.1073,3.1235,221823612.3,3.102355,2.4952433333333337,2.444477,57.64087839355927,0.20624648488399577,0.24773212718423124,-0.041485642300235465,3.749838771147994,2.4548712288520065,318691226.235
2025-07-29 00:00:00+00:00,3.1235,3.1856,3.0533,3.128,157430969.9,3.138565,2.5117133333333332,2.44841,57.814636216926104,0.18710051656452364,0.23560580506028975,-0.0485052884957661,3.701171694858877,2.5759583051411226,317486854.74
2025-07-30 00:00:00+00:00,3.1281,3.1621,3.001,3.0966,173643335.4,3.16604,2.527093333333333,2.451011,56.085806539011976,0.16746307111120995,0.22197725827047382,-0.05451418715926387,3.6598950734780717,2.6721849265219286,315692697.27
2025-07-31 00:00:00+00:00,3.0967,3.1784,3.0108,3.0224,135512300.3,3.1805499999999998,2.5411466666666667,2.4536000000000002,52.11960763551384,0.1442501087633299,0.20643182836904506,-0.06218171960571517,3.6382985488781285,2.722801451121871,291700220.585
2025-08-01 00:00:00+00:00,3.0223,3.059,2.892,2.9613,260984696.4,3.19164,2.5538933333333333,2.4557905,49.04401024773769,0.11954536494361356,0.18905453568395877,-0.06950917074034521,3.6156103687759718,2.7676696312240283,287673597.805
2025-08-02 00:00:00+00:00,2.9614,3.0206,2.7387,2.7695,180733656.7,3.1883100000000004,2.562641666666667,2.4563015,40.88739677400119,0.08352717118236974,0.16794906278364097,-0.08442189160127123,3.6242746953596514,2.7523453046403494,283678155.315
2025-08-03 00:00:00+00:00,2.7695,2.9625,2.728,2.948,149417377.8,3.1878,2.5750933333333332,2.4553269999999996,49.33287873667835,0.0685952282505422,0.14807829587702123,-0.07948306762647903,3.6248627323394587,2.7507372676605417,269022133.745
2025-08-04 00:00:00+00:00,2.9481,3.0899,2.9312,3.0716,164651624.4,3.19543,2.5913933333333334,2.4544595,54.21118123512947,0.06597452962018702,0.1316575426256544,-0.06568301300546739,3.6185620885964966,2.7722979114035033,262056450.93
2025-08-05 00:00:00+00:00,3.0715,3.1072,2.9164,2.9623,144253297.7,3.191645,2.6047683333333334,2.45281,49.65796966704398,0.05445034089702894,0.11621610227992932,-0.06176576138290038,3.6216409742835194,2.7616490257164803,255654884.90500003
2025-08-06 00:00:00+00:00,2.9622,3.0187,2.9014,2.9908,114399575.6,3.167115,2.6183333333333336,2.4514155,50.81793523749413,0.04707440567635501,0.10238776295921447,-0.05531335728285945,3.583967258120346,2.750262741879654,228957921.4255
2025-08-07 00:00:00+00:00,2.9908,3.3338,2.9641,3.3197,212195633.1,3.162425,2.6358783333333333,2.4532205,61.76659668592419,0.0669961156239598,0.09530943349216353,-0.028313317868203736,3.5700929328816913,2.7547570671183084,209131558.54500002
2025-08-08 00:00:00+00:00,3.3196,3.3825,3.2051,3.2859,273926156.0,3.1555,2.6519583333333334,2.4541235,60.281429576570126,0.07914450813990159,0.09207644842171114,-0.01293194028180955,3.5496121109532552,2.7613878890467447,212582814.62
2025-08-09 00:00:00+00:00,3.2858,3.3475,3.2083,3.2259,130645790.7,3.144095,2.667266666666667,2.454384,57.63227880676422,0.0829742229812811,0.09025600333362514,-0.007281780352344044,3.5155446492124205,2.7726453507875797,205021379.94
2025-08-10 00:00:00+00:00,3.2259,3.2795,3.1521,3.187,123144721.1,3.12597,2.6825433333333337,2.4544175,55.91655808007639,0.0819260027233164,0.0885900032115634,-0.006664000488247002,3.4487056571561765,2.803234342843824,198192086.915
2025-08-11 00:00:00+00:00,3.1869,3.3342,3.1176,3.1295,223589776.8,3.104925,2.6982033333333333,2.454468,53.38658514841001,0.07558422328789272,0.08598884722682928,-0.010404623938936569,3.362531411993234,2.8473185880067664,196938345.12
2025-08-12 00:00:00+00:00,3.1295,3.3067,3.1041,3.2676,154532178.9,3.109115,2.7168766666666664,2.4553015,58.27010797616777,0.08077075822267066,0.08494522942599755,-0.004174471203326896,3.374330416407169,2.8438995835928313,182445121.0
2025-08-13 00:00:00+00:00,3.2675,3.335,3.2026,3.2744,193301023.7,3.1155700000000004,2.7357933333333335,2.4561335000000004,58.50065708080414,0.08445626840550036,0.08484743722189812,-0.00039116881639776613,3.390114175680397,2.841025824319604,173787349.01500002
2025-08-14 00:00:00+00:00,3.2744,3.3512,2.9915,3.0792,301672247.6,3.112415,2.7510216666666665,2.4564179999999998,49.966666828185964,0.07080980181477736,0.08203991014047397,-0.011230108325696611,3.387108183570376,2.837721816429624,177156920.3
2025-08-15 00:00:00+00:00,3.0792,3.1427,3.0024,3.0779,134927479.5,3.108,2.76502,2.4565314999999996,49.914443342842326,0.059207472698800334,0.07747342265213925,-0.01826594995333891,3.3819307722765517,2.8340692277234485,179061733.1
2025-08-16 00:00:00+00:00,3.0778,3.156,3.0715,3.1055,64524770.2,3.10133,2.780795,2.456773,51.08338354686405,0.051644309172621305,0.07230759995623566,-0.020663290783614355,3.368602146697009,2.834057853302991,175765511.20499998
2025-08-17 00:00:00+00:00,3.1056,3.1472,3.0773,3.0877,66692097.5,3.09954,2.7960816666666664,2.45687,50.26854473441296,0.043710271547579005,0.06658813427450433,-0.022877862726925324,3.3666737447797033,2.832406255220297,168008935.465
2025-08-18 00:00:00+00:00,3.0877,3.0969,2.9404,3.0616,163460914.2,3.0962199999999998,2.8110283333333332,2.45654,49.03347934524555,0.034913971168442526,0.06025330165329197,-0.025339330484849446,3.3635068167344344,2.828933183265565,168310432.68
2025-08-19 00:00:00+00:00,3.0616,3.0808,2.8488,2.8608,149185188.7,3.0844300000000002,2.823385,2.4556635,40.74022561010778,0.011606169205661043,0.05052387516376579,-0.038917705958104745,3.370735278330712,2.7981247216692884,167087525.345
2025-08-20 00:00:00+00:00,2.8608,2.9896,2.8184,2.9512,152651462.5,3.08087,2.838185,2.4560305,45.231336613583586,0.000424202776636573,0.040503940686339945,-0.04007973790970337,3.3719035382735574,2.7898364617264426,167944483.455
2025-08-21 00:00:00+00:00,2.9512,2.9588,2.8424,2.8519,91372655.6,3.0754,2.8520966666666667,2.45739,41.50989718485031,-0.01626279887318738,0.029150592774434485,-0.04541339164762186,3.3790558775983532,2.771744122401647,159463881.41500002
2025-08-22 00:00:00+00:00,2.8518,3.1056,2.7826,3.0744,255042164.6,3.090645,2.867363333333333,2.4592615,51.19866755859138,-0.011402041774066785,0.021040065864734232,-0.03244210763880102,3.3600192561939184,2.8212707438060813,163179306.81
2025-08-23 00:00:00+00:00,3.0745,3.0756,2.9697,3.0485,103250847.4,3.0956699999999997,2.8816750000000004,2.461867,50.15713363437004,-0.009529915365649622,0.014926069618657464,-0.024455984984307087,3.357866888616221,2.8334731113837783,160870980.29000002
2025-08-24 00:00:00+00:00,3.0486,3.128,2.987,3.0258,157353334.0,3.0933800000000002,2.8956733333333333,2.4650909999999997,49.21220638188822,-0.00976537284776624,0.009987781125372724,-0.019753153973138964,3.3571729536587873,2.829587046341213,160506065.77
2025-08-25 00:00:00+00:00,3.0259,3.0535,2.8223,2.8584,176144258.4,3.088185,2.9082233333333334,2.467758,42.807492489355226,-0.023192407936629245,0.0033517433129723294,-0.026544151249601574,3.3658277508508494,2.810542249149151,162100613.805
2025-08-26 00:00:00+00:00,2.8584,3.0817,2.8459,3.0123,160522587.8,3.0892600000000003,2.92273,2.4708355,49.33573785363176,-0.021170940750562917,-0.00155279349973472,-0.019618147250828197,3.3655493657020243,2.8129706342979763,164406764.415
2025-08-27 00:00:00+00:00,3.0123,3.0454,2.9621,2.9688,124270806.9,3.071715,2.9357866666666665,2.4735845,47.67912536270114,-0.022815991351217146,-0.005805433070031205,-0.01701055828118594,3.33130334546263,2.81212665453737,160010523.105
2025-08-28 00:00:00+00:00,2.9688,3.0263,2.9432,2.9665,110595938.3,3.055745,2.94846,2.476453,47.5881379578543,-0.024028313145448177,-0.0094500090851146,-0.014578304060333577,3.2994762903589208,2.812013709641079,151844012.22
2025-08-29 00:00:00+00:00,2.9665,2.9768,2.7734,2.8195,169431466.9,3.035425,2.958181666666667,2.4784319999999997,42.063176568124206,-0.036430806709071284,-0.014846168609905938,-0.021584638099165346,3.286672144262424,2.784177855737576,153783296.03000003
2025-08-30 00:00:00+00:00,2.8195,2.8349,2.7604,2.8181,68213469.6,3.0169799999999998,2.96895,2.480457,42.013148797268826,-0.045844375094143075,-0.021045809906753365,-0.02479856518738971,3.275079380859432,2.7588806191405677,151036733.455
2025-08-31 00:00:00+00:00,2.818,2.8693,2.7707,2.7757,56440031.3,2.99929,2.977985,2.4819685,40.44427279439602,-0.05607957112126005,-0.0280525621496547,-0.02802700897160535,3.2721903547084925,2.726389645291507,142679246.18
2025-09-01 00:00:00+00:00,2.7757,2.839,2.6975,2.7589,179805399.6,2.973855,2.9863516666666667,2.4829635000000003,39.80993158232509,-0.06479968685622284,-0.035401987090968326,-0.029397699765254512,3.2366215616093865,2.7110884383906133,143942907.215
2025-09-02 00:00:00+00:00,2.7589,2.8641,2.7484,2.862,134689040.5,2.953235,2.997043333333333,2.4835815,45.46308216221173,-0.06266872696930026,-0.04085533506663472,-0.02181339190266554,3.1807924149528377,2.725677585047162,141012308.055
2025-09-03 00:00:00+00:00,2.862,2.8867,2.811,2.8443,96774293.1,2.94149,3.0074850000000004,2.4839935,44.687108017681155,-0.06169696378758793,-0.045023660810825365,-0.016673302976762568,3.1660574232831142,2.7169225767168856,130767410.33
2025-09-04 00:00:00+00:00,2.8442,2.8629,2.7842,2.7946,94539630.5,2.9273249999999997,3.0162133333333334,2.484325,42.493885843469236,-0.06419718392969243,-0.048858365434598774,-0.01533881849509365,3.1514270649168954,2.703222935083104,128748017.88000003
2025-09-05 00:00:00+00:00,2.7947,2.8849,2.778,2.8147,120949495.7,2.912785,3.025278333333333,2.485099,43.69740536675387,-0.06382103522131644,-0.05185089939194231,-0.011970135829374125,3.1262415555330065,2.6993284444669934,131569254.155
2025-09-06 00:00:00+00:00,2.8146,2.8289,2.7927,2.8098,31389546.6,2.89889,3.0335949999999996,2.486334,43.45862434925581,-0.06318990976351424,-0.0541187014662567,-0.009071208297257542,3.100864126065728,2.6969158739342722,129804126.60999998
2025-09-07 00:00:00+00:00,2.8098,2.9285,2.8092,2.877,82776839.1,2.88966,3.041481666666667,2.48703,47.68104129740803,-0.05661464155852913,-0.05461788948471119,-0.0019967520738179423,3.077419691094798,2.701900308905202,125769922.85500002
2025-09-08 00:00:00+00:00,2.877,2.9964,2.8627,2.9697,121406178.2,2.895105,3.0485249999999997,2.4884399999999998,52.90570335895797,-0.0434230252548109,-0.052378916638731135,0.008955891383920236,3.085498828418923,2.704711171581077,124380972.33
2025-09-09 00:00:00+00:00,2.9698,3.0365,2.9337,2.9474,116913430.2,2.894915,3.052111666666667,2.4903165,51.57151000441757,-0.034371781424207715,-0.04877748959582646,0.014405708171618743,3.0850919941397077,2.7047380058602926,122594070.71499999
2025-09-10 00:00:00+00:00,2.9474,3.024,2.9357,2.9834,85328678.0,2.90149,3.0561766666666665,2.4923635,53.60557308063356,-0.024016854987989333,-0.04382536267425904,0.019808507686269704,3.0943376797890365,2.7086423202109633,122291871.835
2025-09-11 00:00:00+00:00,2.9834,3.049,2.9507,3.0398,115124443.9,2.8997599999999997,3.0595716666666664,2.4946810000000004,56.67569999831727,-0.011131179233253796,-0.037286525986057986,0.02615534675280419,3.0869086403905053,2.712611359609494,115295985.8
2025-09-12 00:00:00+00:00,3.0398,3.1376,3.018,3.1054,130413008.1,2.9026050000000003,3.062025,2.4988165,59.99195038578981,0.0043243351527433305,-0.028964353758297725,0.03328868891104106,3.1001526699432698,2.705057330056731,116654093.835
2025-09-13 00:00:00+00:00,3.1054,3.1858,3.089,3.1193,112791516.9,2.90728,3.065363333333333,2.502802,60.67876348546249,0.017492908131484963,-0.01967290138034119,0.03716580951182615,3.1201029367338378,2.6944570632661624,114426002.97999999
2025-09-14 00:00:00+00:00,3.1193,3.1267,3.0099,3.0279,86444642.8,2.915755,3.065195,2.5069505000000003,54.101887056734704,0.020319648691678793,-0.011674391365937193,0.03199404005761598,3.1335583193044023,2.6979516806955974,109941022.2
2025-09-15 00:00:00+00:00,3.028,3.0669,2.9532,2.9969,121536076.0,2.914985,3.05712,2.5109425,52.04157240284328,0.019829834045771655,-0.005373546283595424,0.02520338032936708,3.131522823716818,2.6984471762831825,107991696.60999998
2025-09-16 00:00:00+00:00,2.9969,3.0586,2.9642,3.0376,76953763.0,2.918425,3.050855,2.5154039999999998,54.49191653887898,0.02246681876426848,0.00019452672597735678,0.022272292038291126,3.140391149446297,2.6964588505537033,105625844.41499999
2025-09-17 00:00:00+00:00,3.0376,3.1079,2.9814,3.0841,132508658.4,2.924305,3.045183333333333,2.5198665,57.183550651778916,0.027986202019338435,0.0057528617846495725,0.022233340234688863,3.157023873106622,2.691586126893378,106721480.42
2025-09-18 00:00:00+00:00,3.0841,3.1397,3.0558,3.0735,121098940.7,2.937005,3.038841666666667,2.520536,56.365131844677464,0.03114599001668017,0.010831487431055692,0.020314502585624478,3.173157336215454,2.7008526637845462,104304854.11
2025-09-19 00:00:00+00:00,3.0735,3.0941,2.9784,2.9901,92714638.6,2.945605,3.0295183333333333,2.52355,50.269059512016945,0.02661367588335306,0.013987925121515166,0.012625750761837895,3.176274074433521,2.714935925566479,105529912.56
2025-09-20 00:00:00+00:00,2.99,3.0091,2.9652,2.975,62723730.0,2.9555700000000003,3.019928333333333,2.5261535,49.230879276373535,0.02155486935857187,0.015501313968926508,0.006053555389645363,3.1728492866336273,2.738290713366373,105844097.49499999
2025-09-21 00:00:00+00:00,2.975,3.0135,2.9523,2.9701,45668741.1,2.9661299999999997,3.016366666666667,2.528505,48.878110433076934,0.016954894225383654,0.015792030020217937,0.0011628642051657173,3.1637929464518284,2.768467053548171,99137264.57000001
2025-09-22 00:00:00+00:00,2.9701,2.9755,2.6975,2.8526,228747192.9,2.96566,3.0114883333333333,2.5297674999999997,41.24575842030592,0.003784487562909611,0.013390521528756272,-0.009606033965846661,3.164353124189083,2.766966875810917,103840172.19
2025-09-23 00:00:00+00:00,2.8525,2.8964,2.7991,2.8247,100392302.3,2.96468,3.006195,2.5319635,39.662067757442244,-0.008802976204702606,0.008951821982064498,-0.017754798186767104,3.1659345910035803,2.7634254089964196,104021072.65
2025-09-24 00:00:00+00:00,2.8247,2.9955,2.7883,2.9257,125417232.6,2.9712349999999996,3.002186666666667,2.5349615,47.51808754711806,-0.010507650367878263,0.005059927512075946,-0.01556757787995421,3.157916507118457,2.784553492881542,105564952.75500001
2025-09-25 00:00:00+00:00,2.9257,2.9446,2.7244,2.7435,196421176.9,2.9676750000000003,2.9939299999999998,2.5379854999999996,37.92515849564177,-0.026257948924578667,-0.001203647775254977,-0.02505430114932369,3.1683520926140267,2.766997907385974,109338536.81500001
2025-09-26 00:00:00+00:00,2.7435,2.809,2.6984,2.7835,162801304.7,2.96636,2.9882633333333333,2.541795,40.7529992627781,-0.035107807350203135,-0.007984479690244609,-0.027123327659958528,3.1714540311174813,2.7612659688825185,115909124.72
2025-09-27 00:00:00+00:00,2.7836,2.8287,2.7619,2.8047,44703806.2,2.962745,2.982875,2.544963,42.254474663682466,-0.03995020005004912,-0.014377623762205513,-0.02557257628784361,3.1763826322187136,2.7491073677812863,114005473.07500002
2025-09-28 00:00:00+00:00,2.8047,2.8675,2.7661,2.8674,65853510.0,2.95763,2.9790550000000002,2.5481019999999996,46.567423727451754,-0.038287115127705995,-0.01915952203530561,-0.019127593092400384,3.175218704670114,2.740041295329886,111227839.665
2025-09-29 00:00:00+00:00,2.8675,2.9289,2.8454,2.8801,116473375.3,2.954265,2.9766833333333333,2.551239,47.42399681254328,-0.035534702551765385,-0.022434558138597568,-0.013100144413167817,3.1744485622838767,2.734081437716123,111205836.92
2025-09-30 00:00:00+00:00,2.8801,2.9077,2.8132,2.8468,100392419.7,2.947435,2.974775,2.553691,45.37021482221572,-0.035629710333557885,-0.025073588577589633,-0.010556121755968251,3.172010557663824,2.7228594423361763,111959024.005
2025-10-01 00:00:00+00:00,2.8468,2.9616,2.8141,2.9485,136262408.8,2.94287,2.977758333333333,2.556478,52.18128688883743,-0.027185289532015933,-0.025495928768474896,-0.0016893607635410368,3.163425644679562,2.7223143553204383,113015922.25
2025-10-02 00:00:00+00:00,2.9485,3.0998,2.9403,3.0389,147074551.6,2.939545,2.9792733333333334,2.5602035,57.27988265121103,-0.01304809044782207,-0.023006361104344335,0.009958270656522265,3.1520578746688463,2.7270321253311534,113848999.425
2025-10-03 00:00:00+00:00,3.0388,3.0948,3.0041,3.0401,125739506.7,2.9355849999999997,2.9787483333333333,2.5637130000000004,57.34489878974347,-0.0017275146360136162,-0.01875059181067819,0.017023077174664576,3.1372254847743046,2.7339445152256947,114496398.91499999
2025-10-04 00:00:00+00:00,3.0402,3.0522,2.939,2.9685,69429980.8,2.932615,2.9788516666666665,2.56713,52.23655923433101,0.001449888232338381,-0.014710495802074878,0.016160384034413257,3.130442877459211,2.7347871225407894,113645665.81500001
2025-10-05 00:00:00+00:00,2.9685,3.0716,2.9468,2.9697,105898711.4,2.9312549999999997,2.9784999999999995,2.569244,52.31323105415485,0.004018509986945862,-0.010964694644270731,0.014983204631216593,3.1276653304310043,2.734844669568995,112863797.58500001
2025-10-06 00:00:00+00:00,2.9697,3.0506,2.9551,2.9883,117186503.0,2.9287900000000002,2.972976666666667,2.5720050000000003,53.55766149963283,0.007468928626744198,-0.007277969990067745,0.014746898616811943,3.1209922049821914,2.736587795017809,114875434.58500001
2025-10-07 00:00:00+00:00,2.9883,3.0012,2.8489,2.852,151704976.6,2.917185,2.965745,2.5743605,44.411554114111446,-0.0007858023948004167,-0.00597953647101428,0.0051937340762138635,3.09817694761098,2.73619305238902,115835250.495
2025-10-08 00:00:00+00:00,2.8521,2.9248,2.8303,2.8797,86103907.0,2.907495,2.959975,2.5769035,46.414328213990274,-0.005034542626555005,-0.005790537702122425,0.0007559950755674201,3.074158282999031,2.740831717000969,114085498.81000002
2025-10-09 00:00:00+00:00,2.8797,2.8801,2.7714,2.8021,110236912.9,2.898095,2.95356,2.5787174999999998,41.86388595253496,-0.014496267393581341,-0.007531683640414209,-0.006964583753167133,3.0662619227286227,2.7299280772713774,114961612.525
2025-10-10 00:00:00+00:00,2.8021,2.8372,1.2543,2.3704,592833224.7,2.8678649999999997,2.9409083333333332,2.578319,26.37322856571744,-0.05618170682764978,-0.017261688277861325,-0.03892001854978845,3.1491730679611103,2.586556932038889,141467087.26
2025-10-11 00:00:00+00:00,2.3704,2.5061,2.3,2.3819,377516588.0,2.8384549999999997,2.926146666666667,2.5779825,27.146586754911496,-0.08728361285915431,-0.03126607319411993,-0.05601753966503439,3.1860415847526493,2.49086841524735,158059479.605
2025-10-12 00:00:00+00:00,2.3819,2.5841,2.3121,2.5282,248265523.1,2.822235,2.91371,2.5788765000000002,36.31166166494841,-0.09898586273729437,-0.04481003110275482,-0.054175831634539554,3.1950294434940116,2.4494405565059885,159035396.11499998
2025-10-13 00:00:00+00:00,2.5283,2.646,2.5125,2.6052,215844073.7,2.81126,2.9058100000000002,2.5801974999999997,40.55066901308964,-0.1008837979667514,-0.05602478447555414,-0.04485901349119726,3.1958552646614478,2.426664735338552,164807984.685
2025-10-14 00:00:00+00:00,2.6052,2.6208,2.3888,2.5033,236417459.6,2.79014,2.8962333333333334,2.5816775,37.037389063066996,-0.10934988627510966,-0.06668980483546524,-0.04266008143964442,3.193225437097407,2.387054562902593,170357996.03500003
2025-10-15 00:00:00+00:00,2.5033,2.5475,2.3754,2.4109,147593411.2,2.77351,2.8846566666666664,2.5830564999999996,34.14826711195791,-0.12210764906627158,-0.07777337368162651,-0.04433427538464507,3.209056988969051,2.337963011030949,167916607.75
2025-10-16 00:00:00+00:00,2.411,2.4665,2.2833,2.328,196447886.3,2.7507349999999997,2.871995,2.584012,31.754929807488253,-0.13732461251728134,-0.08968362144875748,-0.04764099106852386,3.22749725637104,2.2739727436289594,169598936.82999998
2025-10-17 00:00:00+00:00,2.328,2.4,2.1901,2.2936,233638133.0,2.72518,2.859195,2.5850305000000002,30.790564697441,-0.1504259415741438,-0.10183208547383475,-0.048593856100309044,3.240836915400156,2.209523084599844,179045653.17000002
2025-10-18 00:00:00+00:00,2.2936,2.3915,2.2894,2.3596,70031265.2,2.69979,2.8508416666666667,2.586135,34.87691394379476,-0.15371130261215127,-0.11220792890149807,-0.0415033737106532,3.2345870527218734,2.164992947278127,179254540.93
2025-10-19 00:00:00+00:00,2.3596,2.4195,2.3177,2.3908,86051004.0,2.675325,2.841501666666667,2.5879705,36.77728607234688,-0.15204471878025227,-0.12017528687724892,-0.031869431903003356,3.219573442808981,2.131076557191019,177733422.36499998
2025-10-20 00:00:00+00:00,2.3907,2.5529,2.3547,2.4948,132020692.3,2.657725,2.83555,2.5901205,42.77209013142024,-0.14070999106260773,-0.12428222771432068,-0.01642776334828705,3.2014201788456464,2.114029821154354,179314835.995
2025-10-21 00:00:00+00:00,2.4948,2.5323,2.4011,2.4222,142161412.2,2.63141,2.8246800000000003,2.5915805,39.926018499585425,-0.13601742671331207,-0.12662926751411896,-0.009388159199193113,3.167151463394423,2.0956685366055767,179609786.165
2025-10-22 00:00:00+00:00,2.4221,2.4375,2.3255,2.3647,131694103.3,2.5977,2.813283333333333,2.592683,37.78173054065287,-0.1353777546252508,-0.12837896493634532,-0.0069987896889054935,3.111013436410928,2.084386563589072,178840763.75
2025-10-23 00:00:00+00:00,2.3647,2.4259,2.3617,2.3947,84337201.1,2.56543,2.8027650000000004,2.5950475,39.60424756109085,-0.1309406582072512,-0.1288913035905265,-0.0020493546167247023,3.0433667326330904,2.0874932673669098,176770648.47
2025-10-24 00:00:00+00:00,2.3948,2.516,2.3863,2.5103,112051925.0,2.54252,2.7969633333333332,2.5981055,46.150014239104244,-0.11675044696001802,-0.12646313226442482,0.009712685304406804,2.9834721815344523,2.101567818465548,178901745.68
2025-10-25 00:00:00+00:00,2.5103,2.6542,2.5021,2.5959,95829560.4,2.5238300000000002,2.7900233333333335,2.6021035,50.4339145855233,-0.09747378063286893,-0.12066526193811364,0.023191481305244704,2.9202072147840887,2.1274527852159117,178398288.13
2025-10-26 00:00:00+00:00,2.5958,2.6624,2.592,2.6461,83681116.7,2.50672,2.784645,2.6050694999999995,52.805089383969005,-0.07725560865994163,-0.11198333128247924,0.03472772262253761,2.8469954801627506,2.1664445198372495,176723018.815
2025-10-27 00:00:00+00:00,2.646,2.6975,2.6013,2.634,113960332.0,2.49582,2.779103333333333,2.6084104999999997,52.15740818810225,-0.061499996901551945,-0.10188666440629378,0.04038666750474183,2.803567536789476,2.188072463210524,174835786.58499998
2025-10-28 00:00:00+00:00,2.634,2.6887,2.5675,2.6034,123712287.2,2.482005,2.7755016666666665,2.6113150000000003,50.47143036153287,-0.05089602761048839,-0.09168853704713271,0.04079250943664432,2.7404369057314497,2.2235730942685503,176716205.595
2025-10-29 00:00:00+00:00,2.6034,2.664,2.537,2.5502,127783090.4,2.46941,2.771036666666667,2.6132669999999996,47.59113635737358,-0.04625193739543265,-0.0826012171167927,0.03634927972136005,2.6852582420590636,2.253561757940936,177593514.46999997
2025-10-30 00:00:00+00:00,2.5502,2.5944,2.3769,2.4393,151633152.9,2.472855,2.7654300000000003,2.6148654999999996,42.186468869591906,-0.05093304121673725,-0.07626758193678163,0.025334540720044374,2.684429379119941,2.261280620880059,155533510.88
2025-10-31 00:00:00+00:00,2.4393,2.5546,2.4311,2.5097,115609330.7,2.479245,2.761276666666667,2.6167765000000003,46.35157149358404,-0.048404184766571934,-0.07069490250273969,0.022290717736167753,2.6871328012293865,2.271357198770614,142438148.01500002
2025-11-01 00:00:00+00:00,2.5096,2.5233,2.476,2.5053,41551912.8,2.4781000000000004,2.7553316666666663,2.6188819999999997,46.12789284643486,-0.04622226948776342,-0.06580037589974444,0.019578106411981017,2.6851472120072835,2.2710527879927174,132102467.5
2025-11-02 00:00:00+00:00,2.5053,2.5549,2.478,2.5267,51555957.6,2.474175,2.7500383333333334,2.6210985,47.45598765119019,-0.04227891968826647,-0.061096084657448854,0.018817164969182384,2.6742960521159342,2.2740539478840653,123888061.69499998
2025-11-03 00:00:00+00:00,2.5267,2.5322,2.2631,2.3096,174525470.1,2.46449,2.741955,2.62231,37.38644000213194,-0.05602610808252617,-0.060082089342464326,0.0040559812599381545,2.676434737136802,2.2525452628631983,120793462.21999998
2025-11-04 00:00:00+00:00,2.3095,2.3655,2.0665,2.2053,346558907.5,2.45421,2.7317983333333333,2.6230269999999996,33.688116912451335,-0.07447845103435347,-0.06296136168084215,-0.011517089353511312,2.6937081661724935,2.214711833827506,130741737.035
2025-11-05 00:00:00+00:00,2.2053,2.3766,2.1015,2.3432,207833006.9,2.4549700000000003,2.724021666666667,2.6243045,41.87499594432362,-0.07708608780818516,-0.06578630690631077,-0.01129978090187439,2.6929530086371454,2.2169869913628553,131310993.06499998
2025-11-06 00:00:00+00:00,2.3432,2.416,2.1796,2.213,172724312.7,2.45094,2.712955,2.6249759999999998,37.20458707277516,-0.08863695892377255,-0.07035643730980312,-0.018280521613969425,2.7020829664553387,2.1997970335446615,128265302.05
2025-11-07 00:00:00+00:00,2.213,2.3729,2.1536,2.3154,178003937.3,2.44873,2.7020500000000003,2.6261255,42.624590698896235,-0.08850801795822116,-0.07398675343948673,-0.014521264518734436,2.703796407823506,2.1936635921764935,133663935.655
2025-11-08 00:00:00+00:00,2.3155,2.3381,2.2424,2.2863,83656256.1,2.443505,2.6910316666666665,2.6264875,41.527641195828444,-0.08971972497429093,-0.07713334774644756,-0.012586377227843365,2.7072381869522433,2.179771813047757,133544198.25999999
2025-11-09 00:00:00+00:00,2.2864,2.395,2.2392,2.3662,86012398.0,2.437075,2.6807450000000004,2.6272265000000004,45.66253412461458,-0.08327283189600587,-0.07836124457635923,-0.0049115873196466375,2.7017612132790196,2.1723887867209806,131243783.54499999
2025-11-10 00:00:00+00:00,2.3662,2.5808,2.3462,2.526,197478395.3,2.442265,2.6721816666666665,2.628832,52.84474900227471,-0.06452529080166869,-0.07559405382142113,0.011068763019752445,2.7096380074259305,2.1748919925740693,134009632.7
2025-11-11 00:00:00+00:00,2.526,2.57,2.3787,2.3915,126538891.7,2.443605,2.660283333333333,2.6298834999999996,47.19086208904307,-0.05983106013457684,-0.07244145508405228,0.01261039494947544,2.7096750920809907,2.177534907919009,133751872.12
2025-11-12 00:00:00+00:00,2.3915,2.4491,2.3166,2.3879,141159795.6,2.443265,2.6480933333333336,2.6308670000000003,47.045774321288505,-0.055758588128911324,-0.06910488169302409,0.013346293564112766,2.709601443431962,2.1769285565680376,136593001.845
2025-11-13 00:00:00+00:00,2.3878,2.5264,2.2757,2.3225,268264404.5,2.4338749999999996,2.6363366666666663,2.6312195000000003,44.376542574486294,-0.05714957344494076,-0.06671382004340742,0.009564246598466664,2.703319820881727,2.164430179118272,144403625.82
2025-11-14 00:00:00+00:00,2.3225,2.3416,2.2256,2.2443,220377818.6,2.416295,2.6237933333333334,2.6309664999999995,41.355138384543395,-0.06382627620314096,-0.06613631127535413,0.002310035072213168,2.687037685773753,2.1455523142262467,150631038.73
2025-11-15 00:00:00+00:00,2.2443,2.3034,2.2111,2.2372,84473254.2,2.3958500000000003,2.6104533333333335,2.6309625,41.08164960237423,-0.0688963279230621,-0.06668831460489573,-0.002208013318166377,2.6556240287249366,2.136075971275064,150670645.605
2025-11-16 00:00:00+00:00,2.2372,2.28,2.1558,2.2149,126254506.2,2.374895,2.595966666666667,2.6310830000000003,40.18281133294332,-0.07386236470735374,-0.06812312462538733,-0.0057392400819664124,2.6217382577567854,2.1280517422432146,151285354.315
2025-11-17 00:00:00+00:00,2.2148,2.3077,2.1146,2.1637,213925840.3,2.35291,2.580803333333334,2.63084,38.1205548596592,-0.08099572840208547,-0.07069764538072697,-0.010298083021358498,2.5926515099643397,2.1131684900356604,155796031.96999997
2025-11-18 00:00:00+00:00,2.1637,2.2413,2.1064,2.2172,188026720.7,2.3362600000000002,2.5679216666666664,2.6308795000000003,41.49912708927829,-0.0813937115999277,-0.07283685862456711,-0.008556852975360588,2.5648773081811194,2.107642691818881,158808213.485
2025-11-19 00:00:00+00:00,2.2171,2.2196,2.0244,2.1098,237660615.7,2.319785,2.553501666666667,2.6304925,37.117813259706175,-0.0893454795002322,-0.07613858279970014,-0.013206896700532059,2.5633287313912634,2.0762412686087366,163109586.625
2025-11-20 00:00:00+00:00,2.1097,2.1498,1.9743,1.9999,295232267.9,2.294295,2.5373316666666668,2.629712,33.24944432639833,-0.103324266550326,-0.08157571954982532,-0.02174854700050069,2.5588064929449725,2.0297835070550274,172090733.48499998
2025-11-21 00:00:00+00:00,1.9998,2.0308,1.8209,1.9509,349052191.6,2.266575,2.5223033333333333,2.6288135,31.66489199641505,-0.11700765507617916,-0.08866210665509608,-0.028345548421083083,2.552183367349377,1.9809666326506228,187465747.425
2025-11-22 00:00:00+00:00,1.9509,1.9671,1.889,1.9509,92507655.6,2.2377849999999997,2.50774,2.6277929999999996,31.66489199641505,-0.1263948380514064,-0.09620865293435815,-0.030186185117048236,2.5287382971113663,1.946831702888633,189513332.325
2025-11-23 00:00:00+00:00,1.9508,2.0846,1.9497,2.0491,136024600.0,2.22476,2.49313,2.6274059999999997,38.47930147983362,-0.12447545333910481,-0.10186201301530749,-0.02261344032379732,2.5248668902907334,1.9246531097092663,187588288.82
2025-11-24 00:00:00+00:00,2.0491,2.2868,2.0238,2.2276,209507520.1,2.2258750000000003,2.484531666666667,2.6269080000000002,48.52716731089904,-0.10731382197375039,-0.10295237480699608,-0.004361447166754309,2.5258500781314583,1.9258999218685422,180735719.45
2025-11-25 00:00:00+00:00,2.2276,2.2652,2.1482,2.2024,154916931.3,2.218835,2.4748466666666666,2.6262005,47.35137090001721,-0.09465540626615088,-0.10129298109882705,0.006637574832676171,2.5140366007747486,1.9236333992252512,178089915.67000002
2025-11-26 00:00:00+00:00,2.2023,2.2547,2.1447,2.2233,110237202.3,2.21935,2.4651566666666667,2.6249615,48.46660583545924,-0.08199191354633761,-0.09743276758832917,0.015440854041991553,2.514545023670749,1.924154976329251,174965560.15
2025-11-27 00:00:00+00:00,2.2232,2.2347,2.1727,2.1999,82691220.6,2.213575,2.454031666666667,2.624126,47.25956145020068,-0.07300265955165353,-0.09254674598099405,0.019544086429340524,2.505529173629996,1.9216208263700043,170199924.315
2025-11-28 00:00:00+00:00,2.2,2.2752,2.1565,2.1795,140892868.9,2.2082349999999997,2.442355,2.622304,46.179790631051155,-0.06675520802246604,-0.08738843838928846,0.020633230366822422,2.4985755123298734,1.917894487670126,173061754.95499998
2025-11-29 00:00:00+00:00,2.1795,2.2231,2.1666,2.2009,57026784.1,2.19997,2.43159,2.620394,47.53400708059703,-0.05939261542241914,-0.0817892737959146,0.022396658373495457,2.481118616215647,1.918821383784353,171612474.26000002
2025-11-30 00:00:00+00:00,2.201,2.215,2.1524,2.155,52482888.9,2.18142,2.418365,2.6184175,44.923073868005844,-0.05660890195603052,-0.07675319942793779,0.02014429747190727,2.419775789524761,1.9430642104752391,164362698.94
2025-12-01 00:00:00+00:00,2.1549,2.1609,1.9835,2.0297,173919553.1,2.16333,2.401545,2.616638,38.677494420674385,-0.06377825577061458,-0.07415821069647316,0.010379954925858581,2.3897843229880396,1.9368756770119608,166731732.01
2025-12-02 00:00:00+00:00,2.0297,2.1831,1.995,2.1532,132464308.9,2.151595,2.3867633333333336,2.615505,46.56325896633935,-0.05881660128607891,-0.0710898888143943,0.0122732875283154,2.3532504137631087,1.9499395862368911,166296957.675
2025-12-03 00:00:00+00:00,2.1531,2.219,2.1414,2.1976,111507874.4,2.14535,2.3739149999999998,2.6147275000000003,49.09758784995493,-0.050717110151060396,-0.06701533308172752,0.016298222930667128,2.3326745685967816,1.9580254314032186,158459131.17000002
2025-12-04 00:00:00+00:00,2.1976,2.2146,2.0691,2.096,101092517.6,2.1379349999999997,2.3593533333333334,2.6130675,43.9598214898313,-0.0518982255278857,-0.06399191157095917,0.012093686043073468,2.320690106905306,1.9551798930946935,152494866.12
2025-12-05 00:00:00+00:00,2.096,2.113,2.0125,2.0344,95338082.9,2.127795,2.343455,2.611338,41.148321980696444,-0.05714612816753073,-0.06262275489027348,0.005476626722742753,2.3098975587408623,1.9456924412591374,153038107.555
2025-12-06 00:00:00+00:00,2.0344,2.0504,2.0154,2.0309,43569024.8,2.118595,2.3297699999999995,2.60971,40.987919904170575,-0.06088569715109848,-0.062275343342438484,0.0013896461913400007,2.3007571637442,1.9364328362557999,148903833.48499998
2025-12-07 00:00:00+00:00,2.031,2.1109,1.9894,2.0442,83786859.8,2.11262,2.3158450000000004,2.607955,41.91452289508737,-0.062060736130804095,-0.062232421900111606,0.00017168576930751134,2.2963052808473465,1.928934719152654,142396884.46
2025-12-08 00:00:00+00:00,2.0442,2.1239,2.0319,2.0724,88049790.9,2.10538,2.3036833333333333,2.6061615000000002,43.925022683776035,-0.060024533210279785,-0.061790844162145246,0.0017663109518654616,2.283331528231617,1.9274284717683827,137398037.97
2025-12-09 00:00:00+00:00,2.0723,2.178,2.0419,2.1062,113859655.0,2.1052,2.29928,2.6052095000000004,46.32316866788315,-0.05504888097100524,-0.06044245152391725,0.005393570552912008,2.28314056311018,1.9272594368898197,131207989.93500002
2025-12-10 00:00:00+00:00,2.1061,2.1108,2.0346,2.0418,125132700.4,2.1072949999999997,2.293611666666666,2.6037670000000004,42.58612252854612,-0.05566056219697524,-0.05948607365852885,0.0038255114615536115,2.281167314932447,1.9334226850675524,122703011.55999999
2025-12-11 00:00:00+00:00,2.0418,2.057,1.9767,2.034,125057005.0,2.11145,2.285375,2.6022285,42.14267148393931,-0.05612771344584644,-0.05881440161599237,0.0026866881701459316,2.273761669327773,1.9491383306722267,111503252.22999999
2025-12-12 00:00:00+00:00,2.034,2.0478,1.9692,2.0074,77987124.7,2.114275,2.2754116666666664,2.600714,40.590382952051506,-0.0579760203964339,-0.05864672537208068,0.0006707049756467798,2.26699427023126,1.9615557297687403,110777225.68499999
2025-12-13 00:00:00+00:00,2.0075,2.0482,2.0068,2.0227,44193267.1,2.112955,2.2674016666666668,2.5992435,41.91565178394324,-0.057542915923003424,-0.05842596348226523,0.0008830475592618084,2.268337900925322,1.9575720990746777,106185659.03999999
2025-12-14 00:00:00+00:00,2.0226,2.0306,1.9527,1.9784,45148587.9,2.1004949999999996,2.2601933333333335,2.5977645000000003,39.189711859566906,-0.060081732464640325,-0.05875711727874025,-0.0013246151859000743,2.257068158299779,1.9439218417002202,97967712.43
2025-12-15 00:00:00+00:00,1.9784,2.0143,1.8695,1.8981,115746358.6,2.08528,2.2530283333333334,2.5960340000000004,34.774987962519845,-0.06779183964153956,-0.060564061751300115,-0.007227777890239449,2.257631357406801,1.912928642593199,96009183.795
2025-12-16 00:00:00+00:00,1.8981,1.9491,1.852,1.9297,101283394.8,2.0705999999999998,2.2469633333333334,2.5949835,37.7469831406057,-0.07053916760473333,-0.06255908292198675,-0.00798008468274658,2.2434412682201965,1.897758731779803,95561493.42
2025-12-17 00:00:00+00:00,1.9297,1.9874,1.8474,1.8627,111714892.8,2.05374,2.2386816666666665,2.5934279999999994,34.18982469712772,-0.07723249672000243,-0.06549376568158989,-0.01173873103841254,2.2382334947361695,1.8692465052638303,97012677.03
2025-12-18 00:00:00+00:00,1.8627,1.9341,1.8,1.8076,126981039.0,2.035145,2.2289616666666663,2.5915700000000004,31.556125804239315,-0.08599185717532709,-0.06959338398033733,-0.016398473194989757,2.239126905815109,1.831163094184891,96317085.535
2025-12-19 00:00:00+00:00,1.8076,1.9213,1.7711,1.9092,144601510.3,2.0205599999999997,2.2192016666666663,2.5901335,40.636713848435086,-0.08376979648163196,-0.07242866648059626,-0.011341130001035704,2.21660900815858,1.8245109918414193,100695821.845
2025-12-20 00:00:00+00:00,1.9092,1.9588,1.8936,1.9335,53235023.5,2.009485,2.2110566666666664,2.588578,42.5982738218941,-0.07913576264490052,-0.07377008571345711,-0.005365676931443408,2.1988144934762213,1.8201555065237789,100733428.575
2025-12-21 00:00:00+00:00,1.9335,1.9498,1.8948,1.9223,53029272.9,2.0041149999999996,2.2036833333333328,2.587185,41.91087806176348,-0.07549672459452816,-0.07411541348967132,-0.0013813111048568416,2.1969071811172904,1.811322818882709,94688914.565
2025-12-22 00:00:00+00:00,1.9224,1.9493,1.8917,1.9043,88731614.2,1.9916699999999998,2.1955099999999996,2.5862384999999994,40.77215611118658,-0.07322116230897113,-0.07393656325353129,0.0007154009445601572,2.176322788768438,1.8070172112315614,92502279.83000001
2025-12-23 00:00:00+00:00,1.9044,1.91,1.863,1.8734,77815693.8,1.97546,2.1848949999999996,2.5848065000000005,38.822127762859296,-0.07306884242930156,-0.07376301908868535,0.0006941766593837884,2.140873789026068,1.810046210973932,90817670.8
2025-12-24 00:00:00+00:00,1.8734,1.8783,1.8372,1.8628,59895979.8,1.9638000000000002,2.1726766666666664,2.583236,38.14809322432838,-0.07296239417680472,-0.07360289410630923,0.0006404999295045039,2.126435715634543,1.8011642843654572,88757843.91
2025-12-25 00:00:00+00:00,1.8627,1.8892,1.8291,1.8326,46144808.4,1.9537100000000003,2.1591183333333333,2.581064,36.21869710389818,-0.07445663108237754,-0.0737736415015229,-0.000682989580854651,2.122496728151118,1.7849232718488826,86298180.185
2025-12-26 00:00:00+00:00,1.8325,1.8833,1.8246,1.8437,76825530.8,1.94435,2.1459466666666667,2.5786770000000003,37.470495164632624,-0.07389335081087633,-0.07379758336339359,-9.576744748274191e-05,2.1157189061643296,1.7729810938356705,87961005.485
2025-12-27 00:00:00+00:00,1.8437,1.8788,1.8417,1.8735,31244471.3,1.9358149999999998,2.1337816666666667,2.5765075,40.82813504023761,-0.07023273691370724,-0.07308461407345632,0.0028518771597490777,2.1034033560989793,1.7682266439010204,85333886.06
2025-12-28 00:00:00+00:00,1.8734,1.8796,1.8539,1.8654,26597238.3,1.9254650000000002,2.122368333333333,2.5744825000000002,40.19632157906485,-0.0672105153485325,-0.07190979432847155,0.004699278979939048,2.0833191386849195,1.767610861315081,82261258.42999999
2025-12-29 00:00:00+00:00,1.8655,1.918,1.845,1.8508,70265708.5,1.912695,2.1125599999999998,2.5727869999999995,39.02408680278179,-0.06524141850574838,-0.07057611916392692,0.005334700658178537,2.049981495694067,1.775408504305933,80081561.10499999
2025-12-30 00:00:00+00:00,1.8508,1.8864,1.8439,1.8776,48337735.6,1.904485,2.102025,2.571439,42.3477077711761,-0.0608172951274335,-0.06862435435662824,0.007807059229194738,2.0289465486805325,1.7800234513194675,76241812.865
2025-12-31 00:00:00+00:00,1.8776,1.8839,1.8123,1.8423,58334893.8,1.8948999999999998,2.090975,2.5699535000000004,39.30847497588005,-0.05947398142502247,-0.0667942797703071,0.007320298345284623,2.006889981694596,1.7829100183054034,72905707.30499999
2026-01-01 00:00:00+00:00,1.8424,1.8811,1.8261,1.8799,41082589.1,1.8885250000000002,2.0801950000000002,2.5685255000000002,43.92486221351626,-0.05474433130005618,-0.06438429007625691,0.009639958776200733,1.9879882771426505,1.78906172285735,71060480.52499999
2026-01-02 00:00:00+00:00,1.8799,2.0315,1.8689,2.0069,127347907.2,1.887735,2.07515,2.5673699999999995,56.077307965106606,-0.04028384380841543,-0.05956420082268862,0.01928035701427319,1.9830890198416176,1.7923809801583823,75218212.53
2026-01-03 00:00:00+00:00,2.0068,2.0561,1.9844,2.0182,74386522.1,1.8897249999999999,2.0720316666666667,2.566666,56.97085106187071,-0.027593902396919834,-0.05317014113753486,0.02557623874061503,1.9938246805948785,1.7856253194051213,76680109.24
2026-01-04 00:00:00+00:00,2.0182,2.1204,2.0163,2.0909,113757086.3,1.8993650000000002,2.0678266666666665,2.566268,62.286583164638984,-0.011537749981680667,-0.044843662906364025,0.03330591292468336,2.0355460306171764,1.763183969382824,76580645.625
2026-01-05 00:00:00+00:00,2.0908,2.3695,2.0877,2.3478,210318025.3,1.92027,2.0700733333333337,2.567183,74.34682147520567,0.021666788235178425,-0.03154157267805554,0.053208360913233964,2.158664514198539,1.6818754858014606,82032377.15
2026-01-06 00:00:00+00:00,2.3479,2.4172,2.2046,2.3042,270372108.1,1.9423450000000002,2.0698866666666667,2.568107,70.24137779784547,0.04395676218587763,-0.016441905705268905,0.060398667891146535,2.2316550584147725,1.653034941585228,89965237.915
2026-01-07 00:00:00+00:00,2.3042,2.3205,2.1517,2.1657,115603277.7,1.9602499999999998,2.0678766666666664,2.5686194999999996,59.0806844003713,0.04987105217932175,-0.0031793141283507752,0.05305036630767253,2.258183217349056,1.6623167826509437,89396349.85
2026-01-08 00:00:00+00:00,2.1658,2.1925,2.0649,2.1232,156536080.5,1.9709500000000002,2.0638266666666665,2.5691495,56.13326266731616,0.050546110696358504,0.007565770836591081,0.04298033985976742,2.2760656534823487,1.6658343465176517,89993078.35999998
2026-01-09 00:00:00+00:00,2.1232,2.1622,2.0727,2.0958,117777092.0,1.9790649999999999,2.0566566666666666,2.5688364999999997,54.254052877022126,0.048313223657610926,0.01571526140079505,0.032597962256815875,2.288369305013624,1.6697606949863757,93220181.785
2026-01-10 00:00:00+00:00,2.0958,2.1106,2.0806,2.0907,31589981.3,1.9874850000000002,2.0516433333333333,2.568341,53.89240423724144,0.04560639508129727,0.021693488136895495,0.023912906944401773,2.2993080092535854,1.6756619907464148,92148217.205
2026-01-11 00:00:00+00:00,2.0907,2.11,2.045,2.0745,50545578.2,1.995995,2.04642,2.5677840000000005,52.690914926948466,0.041673621751350254,0.025689514859786447,0.015984106891563807,2.3075624596294713,1.6844275403705289,90238915.405
2026-01-12 00:00:00+00:00,2.0745,2.1086,2.035,2.054,110140038.3,2.005025,2.041945,2.567527,51.137264270262946,0.03648214838171837,0.027848041564172834,0.008634106817545537,2.3122954468379,1.6977545531621,91855132.63
2026-01-13 00:00:00+00:00,2.0541,2.185,2.0474,2.1655,113374006.3,2.0201599999999997,2.0406316666666666,2.567645,58.333570122071414,0.0408935906319301,0.03045715137772429,0.010436439254205808,2.3277371604003836,1.7125828395996159,94529033.95500001
2026-01-14 00:00:00+00:00,2.1656,2.1924,2.1116,2.1394,135001603.5,2.0355,2.0390016666666666,2.5674150000000004,56.24538474725402,0.04180177369825655,0.032726075841830744,0.009075697856425806,2.3346159173296606,1.7363840826703394,98971873.71000001
2026-01-15 00:00:00+00:00,2.1393,2.1434,2.0532,2.0789,89639683.7,2.04726,2.0367349999999997,2.5667790000000004,51.63151907481607,0.037210728822036465,0.03362300643787189,0.0035877223841645767,2.333505359088955,1.7610146409110448,99612581.35499999
2026-01-16 00:00:00+00:00,2.0789,2.0866,2.0263,2.0678,60894619.5,2.056975,2.035136666666667,2.565937,50.808020938462064,0.03230423236548763,0.033359251623395036,-0.001055019257907408,2.3319381820807386,1.7820118179192612,101095088.765
2026-01-17 00:00:00+00:00,2.0678,2.0834,2.0536,2.0631,31138454.9,2.0668599999999997,2.0325683333333333,2.5653924999999997,50.441167653917276,0.02771704303496625,0.032230809905709285,-0.004513766870743036,2.32740021877623,1.8063197812237692,101322149.595
2026-01-18 00:00:00+00:00,2.0632,2.0679,1.9861,1.9914,46506697.7,2.07389,2.030595,2.5641815,45.092226786842204,0.018087569422335914,0.029402161809034613,-0.0113145923866987,2.317787477641665,1.829992522358335,100134199.055
2026-01-19 00:00:00+00:00,1.9914,2.0299,1.847,1.986,159349900.7,2.07931,2.0303633333333333,2.562827,44.707702034892925,0.00990621466118835,0.02550297237946536,-0.01559675771827701,2.3099774047193637,1.8486425952806362,105684807.31
2026-01-20 00:00:00+00:00,1.9861,1.9909,1.87,1.89,127376122.0,2.081695,2.0293483333333335,2.5611744999999995,38.433050262355245,-0.004274689663484654,0.01954743997087536,-0.023822129634360013,2.303319921658118,1.860070078341882,109136868.72
2026-01-21 00:00:00+00:00,1.89,1.9907,1.8712,1.9476,147842135.5,2.08508,2.0292933333333334,2.5598235000000003,43.55211788558828,-0.010741498582661713,0.013489652260167944,-0.024231150842829657,2.2960866880455857,1.8740733119544144,114474846.04
2026-01-22 00:00:00+00:00,1.9475,1.9679,1.9016,1.9236,61627444.9,2.080915,2.027201666666667,2.558087,41.985663713566964,-0.01760020644147353,0.007271680519839649,-0.02487188696131318,2.301022176393608,1.860807823606392,111188822.925
2026-01-23 00:00:00+00:00,1.9237,1.9656,1.8873,1.9196,76076706.9,2.075985,2.022068333333333,2.5563309999999997,41.71635635740195,-0.02309235412069688,0.0011988735917323433,-0.024291227712429222,2.3056974748462014,1.846272525153799,111273332.16499999
2026-01-24 00:00:00+00:00,1.9197,1.9276,1.91,1.9143,27159999.9,2.067155,2.0172666666666665,2.5543485,41.33800329749574,-0.027554950118712895,-0.004551891150356705,-0.02300305896835619,2.307238031262033,1.8270719687379675,106943477.845
2026-01-25 00:00:00+00:00,1.9143,1.9168,1.8111,1.8356,91533110.3,2.041545,2.010805,2.5515075,36.10193915589977,-0.03701533216708763,-0.011044579353702892,-0.02597075281338474,2.2651240551459706,1.81796594485403,101004232.095
2026-01-26 00:00:00+00:00,1.8356,1.946,1.8331,1.9041,104481153.6,2.0215400000000003,2.005875,2.5482925,42.883331238870056,-0.03854109779282777,-0.01654388304152787,-0.021997214751299902,2.2174162098876837,1.825663790112317,92709684.37
2026-01-27 00:00:00+00:00,1.9042,1.9295,1.8741,1.9158,64619827.1,2.009045,2.00148,2.5442104999999997,43.9769795085782,-0.03836395008885973,-0.020907896450994244,-0.01745605363786549,2.19831400934903,1.81977599065097,90160511.84
2026-01-28 00:00:00+00:00,1.9157,1.9427,1.8944,1.9111,67425858.5,1.99844,1.9966499999999998,2.5400685000000003,43.615690926693304,-0.038162891915222374,-0.02435889554383987,-0.013803996371382504,2.18467980670083,1.8122001932991698,85705000.74
2026-01-29 00:00:00+00:00,1.9112,1.9134,1.778,1.8076,149409911.0,1.98403,1.9908600000000003,2.534926,36.50367660258435,-0.04582687321034706,-0.02865249107714131,-0.017174382133205754,2.1821281080171184,1.7859318919828817,87286641.69
2026-01-30 00:00:00+00:00,1.8077,1.8131,1.7107,1.7352,229720306.7,1.9662550000000003,1.9859516666666666,2.528811,32.51018965869591,-0.05708467196623901,-0.03433892725496085,-0.02274574471127816,2.185541647792247,1.7469683522077535,97193157.96000001
2026-01-31 00:00:00+00:00,1.7353,1.7547,1.5028,1.6472,332369467.9,1.9448900000000002,1.9775183333333333,2.522452,28.437872840076892,-0.07227429011440223,-0.04192599982684913,-0.0303482902875531,2.198418309267348,1.6913616907326527,111284352.44500001
2026-02-01 00:00:00+00:00,1.6472,1.6805,1.5526,1.5908,182387658.0,1.9217300000000002,1.9674049999999998,2.515216,26.174857508819997,-0.08785049475909523,-0.051110898813298354,-0.03673959594579688,2.2129790487537404,1.63048095124626,114896733.42999999
2026-02-02 00:00:00+00:00,1.5908,1.6571,1.5307,1.6198,218107304.7,1.894445,1.9594683333333334,2.505908,29.290665695763835,-0.09673953834386495,-0.06023662671941168,-0.03650291162445327,2.1914226185168793,1.5974673814831206,120133398.35
2026-02-03 00:00:00+00:00,1.6199,1.6339,1.5274,1.5791,190553042.4,1.8664299999999998,1.95188,2.496736,27.534274875506995,-0.10584816749610493,-0.06935893487475034,-0.03648923262135459,2.171297591586832,1.5615624084131674,122910970.29499999
2026-02-04 00:00:00+00:00,1.579,1.6122,1.4948,1.512,194386702.9,1.838085,1.9432316666666665,2.487174,24.884915453082826,-0.11713101748722066,-0.07891335139724441,-0.038217666089976246,2.1633939563783238,1.5127760436216762,128148321.255
2026-02-05 00:00:00+00:00,1.512,1.5154,1.1371,1.2146,744109671.0,1.7954250000000003,1.9294049999999998,2.475977,17.05296087929318,-0.1483602473379555,-0.09280273058538663,-0.05555751675256887,2.2025359523212957,1.388314047678705,162309073.82999998
2026-02-06 00:00:00+00:00,1.2145,1.5442,1.1172,1.4698,708122800.8,1.7657599999999998,1.9193616666666669,2.4655785,35.74195368211869,-0.15077904283539212,-0.10439799303538774,-0.046381049800004376,2.176972385027433,1.3545476149725661,196158291.125
2026-02-07 00:00:00+00:00,1.4697,1.4879,1.3858,1.4231,274310340.3,1.737345,1.9079766666666667,2.454942,34.22239893298904,-0.15468118696773847,-0.1144546318218579,-0.04022655514588057,2.1606256042094873,1.3140643957905125,207548473.255
2026-02-08 00:00:00+00:00,1.4231,1.4703,1.4099,1.4308,126012618.4,1.709585,1.8977933333333332,2.446177,34.71524170662673,-0.15536142881538595,-0.12263599122056351,-0.03272543759482244,2.1367993549787943,1.2823706450212056,205881609.14
2026-02-09 00:00:00+00:00,1.4308,1.4642,1.3728,1.437,168546281.8,1.686935,1.8878433333333333,2.4376355000000003,35.136661864715876,-0.15362929432205674,-0.12883465184086215,-0.02479464248119459,2.1214584367671625,1.2524115632328376,207940117.13
2026-02-10 00:00:00+00:00,1.437,1.4532,1.3916,1.3999,113399373.7,1.6595499999999999,1.8777183333333334,2.4289235,33.73342543133677,-0.15348099186349917,-0.13376391984538955,-0.019717072018109627,2.0939454810998206,1.2251545189001791,206217979.04
2026-02-11 00:00:00+00:00,1.3998,1.4205,1.3421,1.3697,172696263.7,1.6318549999999998,1.8668349999999998,2.419941,32.5923769326625,-0.15402484615535839,-0.13781610510738332,-0.016208741047975067,2.0660087813954213,1.1977012186045786,211771419.98
2026-02-12 00:00:00+00:00,1.3697,1.4082,1.3461,1.3635,116856264.1,1.6040499999999998,1.8565866666666666,2.410564,32.35044491454046,-0.1531902608153013,-0.14089093624896692,-0.012299324566334369,2.0321159738871355,1.1759840261128642,213810397.84
2026-02-13 00:00:00+00:00,1.3635,1.4285,1.3485,1.4071,125027739.4,1.5786900000000001,1.8484033333333334,2.4019820000000003,35.950997573348246,-0.14731256277605098,-0.14217526155438376,-0.005137301221667223,1.9899986524739548,1.1673813475260455,218703784.815
2026-02-14 00:00:00+00:00,1.407,1.5138,1.4051,1.5094,113140538.4,1.5623799999999999,1.8413983333333332,2.393889,43.543608816594,-0.13286806929485961,-0.14031382310247895,0.007445753807619332,1.957184273533025,1.1675757264669748,219784156.21999997
2026-02-15 00:00:00+00:00,1.5094,1.6714,1.445,1.4753,299306472.4,1.54094,1.8349416666666667,2.3857825,41.766279074636316,-0.12275722033615022,-0.13680250254921322,0.014045282213063004,1.9045246443401296,1.1773553556598704,229525422.16
2026-02-16 00:00:00+00:00,1.4753,1.5171,1.4485,1.4876,145403123.0,1.51953,1.8296083333333333,2.3781084999999997,42.67519062772745,-0.1124554757635301,-0.1319330971920766,0.019477621428546504,1.8401937934035233,1.1988662065964768,233564586.95499998
2026-02-17 00:00:00+00:00,1.4876,1.495,1.4268,1.4743,98838390.0,1.49769,1.82236,2.3706735,41.91340764459755,-0.10416373314095284,-0.12637922438185184,0.022215491240899,1.763511488220829,1.231868511779171,235135213.52999997
2026-02-18 00:00:00+00:00,1.4742,1.4943,1.4102,1.4219,85831853.9,1.478405,1.8138333333333334,2.3639355,38.96242846980446,-0.10066035948348095,-0.12123545140217767,0.02057509191869672,1.7044877324231889,1.252322267576811,231956310.675
2026-02-19 00:00:00+00:00,1.422,1.4381,1.382,1.4068,108259677.1,1.4619849999999999,1.8052416666666666,2.3562295,38.12931807121561,-0.0979729828631426,-0.11658295769437066,0.01860997483122806,1.6565914158755675,1.2673785841244323,225883279.195
2026-02-20 00:00:00+00:00,1.4068,1.4389,1.3775,1.4292,123709704.4,1.451085,1.7973233333333336,2.3480175,40.17298276718464,-0.09296409254392479,-0.11185918466428149,0.0188950921203567,1.626443116720994,1.2757268832790059,215450291.02000004
2026-02-21 00:00:00+00:00,1.4292,1.4642,1.4198,1.4304,53997920.3,1.443065,1.78994,2.340358,40.28677514619179,-0.08788460192295422,-0.10706426811601603,0.019179666193061815,1.606388926905807,1.2797410730941932,209030804.13500002
2026-02-22 00:00:00+00:00,1.4303,1.4338,1.38,1.3932,61166336.0,1.431735,1.7821133333333334,2.33237,37.88137185044322,-0.08587093147150471,-0.10282560078711377,0.01695466931560906,1.5746037548064054,1.2888662451935946,201183755.7
2026-02-23 00:00:00+00:00,1.3932,1.4248,1.3301,1.3518,188895700.4,1.42037,1.7741,2.3225305,35.351626089886565,-0.08661724742582222,-0.09958393011485546,0.01296668268903324,1.550098410149559,1.2906415898504409,201100888.6
2026-02-24 00:00:00+00:00,1.3519,1.3676,1.3124,1.3482,139239571.8,1.4121799999999998,1.7658416666666665,2.312842,35.1319211002111,-0.08650205625127527,-0.09696755534213942,0.010465499090864153,1.5383689313685307,1.2859910686314688,198343532.04500002
2026-02-25 00:00:00+00:00,1.3483,1.4935,1.3404,1.4339,245088505.2,1.423145,1.758515,2.303882,44.04685330862114,-0.07858956110026205,-0.09329195649376396,0.014702395393501905,1.511062585839992,1.3352274141600082,173392473.75500003
2026-02-26 00:00:00+00:00,1.4338,1.4691,1.3827,1.4027,160829141.8,1.4197899999999999,1.7508033333333333,2.2949605,41.794853882688095,-0.07398359411755662,-0.0894302840185225,0.015446689900965885,1.505421417131402,1.3341585828685978,146027790.805
2026-02-27 00:00:00+00:00,1.4027,1.4262,1.3386,1.3562,165108168.6,1.416445,1.74256,2.286094,38.62523149966036,-0.07324121435483799,-0.0861924700857856,0.012951255730947603,1.5064146054227872,1.3264753945772128,140567682.22
2026-02-28 00:00:00+00:00,1.3562,1.3931,1.27,1.3762,229989679.7,1.413715,1.7342033333333333,2.276637,40.7080071306656,-0.07022947847971839,-0.08299987176457216,0.01277039328485377,1.5050793097710033,1.3223506902289968,145766535.28500003
2026-03-01 00:00:00+00:00,1.3761,1.4333,1.3369,1.3524,177941326.9,1.4094849999999999,1.7260383333333331,2.267027,39.011420539844885,-0.06896809591682151,-0.08019351659502204,0.011225420678200523,1.5039272209603927,1.315042779039607,146236287.54000002
2026-03-02 00:00:00+00:00,1.3525,1.423,1.3341,1.39,166802077.8,1.40899,1.7178733333333334,2.258581,43.04962537763845,-0.06419444181863398,-0.07699370163974442,0.012799259821110437,1.503731287725741,1.314248712274259,148906422.745
2026-03-03 00:00:00+00:00,1.3901,1.3953,1.3366,1.3607,135602897.4,1.40854,1.7071033333333332,2.249995,40.78347604960156,-0.062060160780810225,-0.07400699346795758,0.011946832687147357,1.5041053995959395,1.3129746004040603,147051754.43
2026-03-04 00:00:00+00:00,1.3607,1.4732,1.3452,1.4309,238025779.2,1.41191,1.697315,2.241622,47.86465507221449,-0.05408076497304726,-0.07002174776897552,0.01594098279592826,1.5056201467287922,1.3181998532712078,153110230.185
2026-03-05 00:00:00+00:00,1.4309,1.4525,1.396,1.4037,118168992.2,1.41174,1.6858616666666668,2.233202,45.58983446261024,-0.04938259714675963,-0.06589391764453234,0.016511320497772708,1.5054967576227536,1.3179832423772464,152767292.825
2026-03-06 00:00:00+00:00,1.4038,1.4148,1.346,1.3633,113847978.9,1.4044349999999999,1.6694533333333332,2.2247105,42.368936766276164,-0.048361723811101154,-0.062387478877846105,0.01402575506674495,1.4889256450438826,1.3199443549561172,152802664.85000002
2026-03-07 00:00:00+00:00,1.3632,1.3749,1.3468,1.3567,47776637.3,1.3985049999999999,1.6536616666666668,2.21719,41.84877441764583,-0.047537259245430175,-0.059417434951362924,0.01188017570593275,1.4788129441894202,1.3181970558105796,140226173.095
2026-03-08 00:00:00+00:00,1.3568,1.3712,1.3218,1.34,79825643.7,1.391125,1.6399000000000001,2.209134,40.49408373754842,-0.04768176980799055,-0.05707030192268845,0.009388532114697902,1.4641215170397237,1.3181284829602762,136947299.13000003
2026-03-09 00:00:00+00:00,1.3401,1.3841,1.333,1.3631,130100801.2,1.385565,1.6272316666666666,2.20169,43.231525058872165,-0.04540887329936427,-0.05473801619802361,0.00932914289865934,1.4486387750569156,1.3224912249430842,138510419.69
2026-03-10 00:00:00+00:00,1.3631,1.4427,1.3605,1.3863,176313906.6,1.383785,1.6154066666666667,2.1932495,45.92221854004342,-0.04125992163819703,-0.0520423972860583,0.010782475647861271,1.4446265080346494,1.3229434919653507,143034522.325
2026-03-11 00:00:00+00:00,1.3864,1.4112,1.3706,1.3847,111034871.0,1.3826800000000001,1.6036399999999997,2.1849305,45.7611278654049,-0.03766675527530894,-0.04916726888390843,0.011500513608599494,1.4426052400907186,1.3227547599092817,143173282.02
2026-03-12 00:00:00+00:00,1.3847,1.3936,1.365,1.3846,89689607.3,1.3804500000000002,1.5921416666666666,2.1767245,45.750325809235264,-0.034430322879595465,-0.04621987968304584,0.011789556803450375,1.4364772969179322,1.324422703082068,141472277.16500002
2026-03-13 00:00:00+00:00,1.3846,1.4528,1.3831,1.3989,203074725.5,1.378875,1.5812233333333334,2.169427,47.653244369870364,-0.030361547380052478,-0.043048213222447174,0.012686665842394695,1.4308193500289499,1.3269306499710503,148926117.425
2026-03-14 00:00:00+00:00,1.3988,1.4084,1.3834,1.4063,58211106.5,1.3795300000000001,1.56857,2.161397,48.65690180283164,-0.026237446377504137,-0.03968605985345856,0.013448613475954427,1.4325005993918334,1.326559400608167,148778355.95
2026-03-15 00:00:00+00:00,1.4063,1.4649,1.4021,1.4487,97404399.7,1.384375,1.5570583333333334,2.1537965,54.088593966995646,-0.019324974693142538,-0.035613842821395354,0.016288868128252816,1.4436632408233734,1.3250867591766264,144203790.91500002
2026-03-16 00:00:00+00:00,1.4488,1.5522,1.4357,1.543,218579163.6,1.394115,1.5481266666666664,2.1466790000000002,63.37011497495614,-0.006166485770145558,-0.029724371411145395,0.023557885640999837,1.4830322486075158,1.3051977513924842,148170770.505
2026-03-17 00:00:00+00:00,1.5429,1.607,1.4941,1.5182,232844730.1,1.39833,1.5389666666666668,2.1401725,59.93827170004247,0.0022347974119192315,-0.023332537646532474,0.025567335058451705,1.5012768814483033,1.2953831185516969,147558581.75
2026-03-18 00:00:00+00:00,1.5182,1.5414,1.4359,1.4647,139537685.6,1.40143,1.5289933333333332,2.1334055000000003,53.239931187621195,0.004523725290609182,-0.017761285059104143,0.022285010349713325,1.508372958627163,1.2944870413728369,146494008.94
2026-03-19 00:00:00+00:00,1.4648,1.4817,1.4219,1.4475,118907352.6,1.405995,1.5199283333333333,2.1267645,51.25670152921268,0.004893412656641338,-0.013230345515955047,0.018123758172596385,1.512619471393444,1.2993705286065562,144183968.14000002
2026-03-20 00:00:00+00:00,1.4475,1.4665,1.4248,1.4452,87955683.6,1.409445,1.510915,2.120196,50.98320818855205,0.004943812585508134,-0.009595513895662412,0.014539326481170546,1.5164544664033586,1.3024355335966415,137082268.33499998
2026-03-21 00:00:00+00:00,1.4452,1.453,1.4003,1.4086,57147510.9,1.412255,1.5028916666666667,2.112929,46.711894070538605,0.00200730184504172,-0.007274950747521586,0.009282252592563305,1.516027625966252,1.3084823740337481,131042577.53500001
2026-03-22 00:00:00+00:00,1.4087,1.4263,1.3712,1.3848,77182206.4,1.411995,1.4935116666666668,2.1056315,44.12319336478485,-0.0022148339413068374,-0.006262927386278636,0.004048093444971799,1.5160151225721812,1.3079748774278186,126561583.965
2026-03-23 00:00:00+00:00,1.3849,1.4661,1.3618,1.4323,170065259.3,1.415575,1.4853233333333333,2.09882,50.070409289786134,-0.0017083610224484236,-0.005352014113512595,0.003643653091064171,1.5171877132790568,1.3139622867209433,128284702.05999999
2026-03-24 00:00:00+00:00,1.4323,1.435,1.3835,1.416,103380500.3,1.41483,1.47693,2.0918265,48.1755058248154,-0.0025923681541411003,-0.004800084921638296,0.0022077167674971953,1.5162005499636446,1.3134594500363554,121552438.11500001
2026-03-25 00:00:00+00:00,1.416,1.4379,1.4019,1.4145,97040812.7,1.41537,1.4686,2.0848500000000003,47.9954965940529,-0.0033750817968731806,-0.004515084296685273,0.001140002499812092,1.5166126214592046,1.3141273785407954,120496029.13999999
2026-03-26 00:00:00+00:00,1.4145,1.4165,1.336,1.3609,130842025.4,1.41525,1.4606883333333334,2.0772695000000003,41.96183220697829,-0.00822563998651371,-0.00525719543465096,-0.0029684445518627506,1.5167445811358014,1.3137554188641984,121345731.46499999
2026-03-27 00:00:00+00:00,1.3608,1.3726,1.3184,1.3257,119257397.0,1.4137,1.4510483333333333,2.0690495,38.535682959359036,-0.014740172585388622,-0.007153790864798493,-0.007586381720590129,1.519576154066587,1.3078238459334128,124919769.45
2026-03-28 00:00:00+00:00,1.3256,1.3582,1.3191,1.3333,53717126.3,1.4133650000000002,1.44134,2.060979,39.68083400753019,-0.019069904136240323,-0.00953701351908686,-0.009532890617153462,1.5202097710462787,1.3065202289537217,123614343.58
2026-03-29 00:00:00+00:00,1.3333,1.3433,1.2954,1.3278,61339018.6,1.4116000000000002,1.4316183333333332,2.052701,39.11290562249557,-0.022683569549172944,-0.012166324725104078,-0.010517244824068865,1.5227858983861338,1.3004141016138666,120176254.45
2026-03-30 00:00:00+00:00,1.3279,1.3669,1.3166,1.3242,100202620.0,1.4084949999999998,1.4235616666666666,2.044123,38.72224663052826,-0.025543466159884343,-0.014841753012060133,-0.01070171314782421,1.525642231721161,1.2913477682788386,116370690.12
2026-03-31 00:00:00+00:00,1.3242,1.3503,1.3038,1.3411,101318413.8,1.406315,1.4169933333333333,2.0353015,41.66772312150916,-0.026144884118021627,-0.017102379233252432,-0.009042504884769195,1.5267294555272801,1.2859005444727198,115884867.26000002
2026-04-01 00:00:00+00:00,1.341,1.3683,1.3314,1.3478,86898811.0,1.404475,1.4120033333333335,2.0264439999999997,42.84076076153437,-0.025783660192139957,-0.018838635425029938,-0.006945024767110019,1.5272617724957833,1.2816882275042165,115745327.44500001
2026-04-02 00:00:00+00:00,1.3477,1.3569,1.2802,1.32,132871559.7,1.40053,1.40749,2.0179044999999998,39.30856410034449,-0.027424482926083016,-0.020555804925240555,-0.006868678000842461,1.5287303447730585,1.2723296552269416,112235169.155
2026-04-03 00:00:00+00:00,1.32,1.3356,1.3033,1.3184,64784053.3,1.396135,1.4024666666666668,2.009512,39.108706337497544,-0.02852513341078411,-0.022149670622349266,-0.006375462788434844,1.529178124963039,1.2630918750369609,112563816.495
2026-04-04 00:00:00+00:00,1.3183,1.3226,1.3067,1.3153,29975010.9,1.389465,1.39807,2.0009005,38.69817087825138,-0.02930968711348947,-0.02358167392057731,-0.005728013192912159,1.5246565718524292,1.2542734281475707,109192347.05499999
2026-04-05 00:00:00+00:00,1.3154,1.332,1.2787,1.3263,74314266.8,1.37863,1.394975,1.9921115,41.06237793022792,-0.028712859534543833,-0.024607911043370616,-0.004104948491173217,1.4964881197878621,1.260771880212138,101979102.215
2026-04-06 00:00:00+00:00,1.3264,1.3577,1.3122,1.3212,104345790.7,1.36878,1.3967516666666668,1.9833500000000002,40.286604476538855,-0.028324885111899345,-0.025351305857076366,-0.002973579254822979,1.4701019147071828,1.2674580852928174,95554155.245
2026-04-07 00:00:00+00:00,1.3211,1.3962,1.2949,1.3787,130702995.4,1.36448,1.3952333333333333,1.9752929999999997,51.42840827098102,-0.02311123124672876,-0.024903290935006848,0.0017920596882780894,1.4559771168940823,1.2729828831059176,95112420.735
2026-04-08 00:00:00+00:00,1.3786,1.3898,1.3389,1.3428,124855733.3,1.359245,1.393895,1.967132,45.695576625960356,-0.021626901509096852,-0.02424801304982485,0.0026211115407279995,1.442777280586185,1.2757127194138151,95409839.77000001
2026-04-09 00:00:00+00:00,1.3428,1.3696,1.3218,1.3438,112265614.1,1.3541750000000001,1.392445,1.9590005,45.876561267379515,-0.020137732609139203,-0.023425956961687724,0.003288224352548521,1.427964426748884,1.2803855732511162,96625336.295
2026-04-10 00:00:00+00:00,1.3438,1.366,1.3348,1.3559,79785996.7,1.35154,1.3910933333333335,1.951517,48.12923960788445,-0.01777627284297134,-0.02229602013794445,0.0045197472949731095,1.4210042757101,1.2820757242899,97757260.58500001
2026-04-11 00:00:00+00:00,1.3559,1.3752,1.3394,1.3546,57095356.3,1.35003,1.3903383333333332,1.9441665000000001,47.898576006048714,-0.015827251398333297,-0.02100226639002222,0.005175014991688924,1.4178296489661173,1.2822303510338828,96752918.08000001
2026-04-12 00:00:00+00:00,1.3547,1.3559,1.3193,1.3247,70245771.1,1.3446500000000001,1.3895883333333334,1.9361615,42.81594980458579,-0.016505057942866497,-0.02010282470059108,0.0035977667577245832,1.401708443721578,1.2875915562784221,91761943.66999999
2026-04-13 00:00:00+00:00,1.3246,1.3839,1.3193,1.3756,105450701.2,1.34263,1.38979,1.9293220000000002,52.128594336346346,-0.012787612267582071,-0.018639782213989278,0.005852169946407207,1.391749857490921,1.293510142509079,91865453.715
2026-04-14 00:00:00+00:00,1.3757,1.3955,1.3521,1.3617,103042599.5,1.3399899999999998,1.3890333333333333,1.9222130000000002,49.746063474365634,-0.010838187738312577,-0.01707946331885394,0.0062412755805413625,1.3777332854946183,1.3022467145053813,92165543.05499999
2026-04-15 00:00:00+00:00,1.3617,1.4086,1.3503,1.3922,109493954.4,1.341555,1.38708,1.9151505,54.644548021733314,-0.0067543002838899024,-0.015014430711861133,0.00826013042797123,1.3848272763432703,1.2982827236567298,91098139.50500001
2026-04-16 00:00:00+00:00,1.3922,1.4664,1.3865,1.453,155427242.1,1.34792,1.3867083333333334,1.9080785,62.49312556372407,0.0013724411722404461,-0.011737056335040817,0.013109497507281263,1.4122951380575501,1.2835448619424499,92906631.76
2026-04-17 00:00:00+00:00,1.453,1.51,1.4225,1.4757,155866337.1,1.35504,1.3865100000000001,1.9010565,64.93299764742983,0.009534732157274073,-0.00748269863657784,0.017017430793851915,1.439681465015257,1.270398534984743,98014092.3
2026-04-18 00:00:00+00:00,1.4757,1.4823,1.4235,1.4323,82670483.0,1.360265,1.38581,1.8939840000000001,57.263255339146916,0.012358923303300129,-0.0035143742486022462,0.015873297551902376,1.4502671838619996,1.2702628161380005,99080665.52000001
2026-04-19 00:00:00+00:00,1.4324,1.447,1.3909,1.3942,90413939.9,1.3637650000000001,1.3853483333333334,1.8862125,51.51103485427993,0.011391450003995551,-0.0005332093980826868,0.011924659402078238,1.45332823520245,1.2742017647975503,98591231.515
2026-04-20 00:00:00+00:00,1.3943,1.4369,1.3933,1.4243,99575811.5,1.367925,1.38564,1.8781394999999999,55.32883324102109,0.012904780609908073,0.002154388603515465,0.010750392006392608,1.460566823707921,1.275283176292079,98504101.4
2026-04-21 00:00:00+00:00,1.4244,1.45,1.4116,1.4334,85278180.6,1.3722050000000001,1.3857099999999998,1.8701059999999998,56.44534733455309,0.014669301391065481,0.0046573711610254686,0.010011930230040014,1.468566952553535,1.2758430474464653,98423069.88000001
2026-04-22 00:00:00+00:00,1.4335,1.4626,1.4268,1.4294,83429181.4,1.377675,1.3856933333333332,1.8624105,55.785322699544274,0.015565500847629865,0.006838997098346348,0.008726503749283517,1.4739824425988457,1.2813675574011543,95950950.965
2026-04-23 00:00:00+00:00,1.4293,1.441,1.409,1.4386,92183977.4,1.383685,1.38645,1.854755,57.0298693752249,0.016824169927870836,0.008836031664251245,0.00798813826361959,1.4794467308737171,1.287923269126283,97320947.17
2026-04-24 00:00:00+00:00,1.4386,1.4503,1.4239,1.4334,66229128.5,1.38959,1.3878099999999998,1.8469805,56.069210129015524,0.017203763424608276,0.010509578016322652,0.006694185408285624,1.4822714307179736,1.2969085692820266,99133653.05
2026-04-25 00:00:00+00:00,1.4333,1.4377,1.4187,1.4238,26346558.6,1.3944649999999998,1.38907,1.8398394999999999,54.2522827083108,0.016539299487013714,0.011715522310460864,0.00482377717655285,1.4835027734443686,1.305427226555631,96735267.64
2026-04-26 00:00:00+00:00,1.4238,1.4366,1.418,1.4307,30024367.7,1.39994,1.3890166666666666,1.8325945000000001,55.37168495069659,0.01638065338790695,0.012648548525950083,0.0037321048619568687,1.4835872689328886,1.3162927310671113,93019196.49
2026-04-27 00:00:00+00:00,1.4308,1.4466,1.3836,1.4007,73155298.1,1.40104,1.3889833333333332,1.8255875000000001,49.679831549883104,0.013676521505268546,0.012854143121813776,0.00082237838345477,1.4841177563486825,1.3179622436513176,90141811.625
2026-04-28 00:00:00+00:00,1.4008,1.4009,1.3677,1.3805,53234245.4,1.4029250000000002,1.3893883333333332,1.8206380000000002,46.23364414584338,0.009790645853568813,0.012241443668164785,-0.0024507978145959716,1.4822578399840265,1.323592160015974,86560737.22999999
2026-04-29 00:00:00+00:00,1.3806,1.4067,1.3458,1.3691,74194879.8,1.40419,1.38927,1.815574,44.36330305483864,0.005725180361740412,0.010938191006879911,-0.0052130106451395,1.4804590736795145,1.3279209263204856,84657200.515
2026-04-30 00:00:00+00:00,1.3692,1.3847,1.3591,1.3679,51110389.1,1.40479,1.3895283333333335,1.8097725,44.16078648314739,0.002379015883963387,0.009226355982296607,-0.00684734009833322,1.4797068846117565,1.3298731153882435,83223420.135
2026-05-01 00:00:00+00:00,1.368,1.3999,1.3649,1.3858,60188179.0,1.40635,1.3894583333333335,1.8036755,47.97582038485602,0.0011581859838936115,0.007612721982616009,-0.006454535998722397,1.478260513834427,1.334439486165573,83378061.27000001
2026-05-02 00:00:00+00:00,1.3858,1.4003,1.3812,1.3937,33030264.1,1.4098,1.3900083333333335,1.7981274999999999,49.612051070404114,0.000818696050974177,0.006253916796287643,-0.005435220745313466,1.4716237171313036,1.3479762828686963,81517285.92
2026-05-03 00:00:00+00:00,1.3936,1.4042,1.3814,1.388,29246836.8,1.41042,1.3892933333333335,1.793013,48.42853789280745,8.868318557020416e-05,0.005020870074144155,-0.004932186888573951,1.4710974620426025,1.3497425379573975,77707092.7
2026-05-04 00:00:00+00:00,1.3879,1.4209,1.3829,1.3918,83200664.7,1.411925,1.389095,1.788332,49.29692553479195,-0.00018114094755916632,0.003980467869803491,-0.004161608817362657,1.4690853665132717,1.3547646334867285,76714995.96000001
2026-05-05 00:00:00+00:00,1.3919,1.4222,1.3904,1.4126,67575818.2,1.412945,1.3899166666666667,1.7839269999999998,53.87521230389003,0.0012687819218986096,0.003438130680222515,-0.0021693487583239056,1.4693845419890308,1.356505458010969,74619089.15
2026-05-06 00:00:00+00:00,1.4126,1.4573,1.4073,1.4249,97195264.9,1.41154,1.3910533333333333,1.7792534999999998,56.38332863809808,0.0033714989059820955,0.0034248043253744314,-5.330541939233598e-05,1.4652543332820163,1.3578256667179838,71707490.29
2026-05-07 00:00:00+00:00,1.4249,1.4258,1.3802,1.3869,82830386.5,1.4071,1.391835,1.7742339999999999,47.74542712990709,0.0019491660712214198,0.0031296766745438293,-0.0011805106033224095,1.452974829699208,1.361225170300792,68055692.75999999
2026-05-08 00:00:00+00:00,1.3869,1.427,1.3778,1.4182,66521203.4,1.4063949999999998,1.3927533333333335,1.768851,53.99699768548812,0.003309456117249754,0.003165632563085014,0.00014382355416473966,1.4511179907310692,1.3616720092689305,67248228.78
2026-05-09 00:00:00+00:00,1.4182,1.435,1.4113,1.4205,57792561.3,1.40771,1.3933233333333335,1.7638425,54.428444108851146,0.004520971610665114,0.0034367003726010347,0.0010842712380640797,1.452467966887822,1.362952033112178,65617159.85
2026-05-10 00:00:00+00:00,1.4205,1.5082,1.4119,1.4734,156095312.2,1.4101650000000001,1.3948016666666667,1.759386,63.01917013793218,0.009638586637008784,0.004677077625482585,0.004961509011526199,1.4629585327472172,1.357371467252783,68443134.885
2026-05-11 00:00:00+00:00,1.4735,1.4886,1.4399,1.4776,118423276.5,1.412375,1.3963516666666667,1.7548004999999998,63.60577650434089,0.013873315371186523,0.006516325174623373,0.00735699019656315,1.4721173091278832,1.3526326908721167,70100389.67999999
2026-05-12 00:00:00+00:00,1.4777,1.4848,1.4183,1.437,105554013.5,1.4127550000000002,1.3969866666666668,1.749434,54.59104219290612,0.013794275885187224,0.007971915316736144,0.00582236056845108,1.4730200304897594,1.352489969510241,71206631.285
2026-05-13 00:00:00+00:00,1.437,1.4693,1.4112,1.4273,125717367.1,1.41219,1.3973366666666667,1.743591,52.67037052482591,0.012801361462991823,0.00893780454598728,0.0038635569170045424,1.471682147380403,1.3526978526195972,72883300.77
2026-05-14 00:00:00+00:00,1.4272,1.5496,1.4208,1.4852,203278911.9,1.41478,1.397945,1.7377865,61.40024182772518,0.016496356015824443,0.010449514839954713,0.006046841175869729,1.481777032769606,1.3477829672303938,79735789.94
2026-05-15 00:00:00+00:00,1.4851,1.5002,1.4275,1.434,123551206.1,1.4152900000000002,1.3961283333333334,1.7317865000000001,52.226585779631044,0.01511897162256437,0.011383406196476646,0.003735565426087724,1.48270788783351,1.3478721121664903,84596022.315
2026-05-16 00:00:00+00:00,1.434,1.4396,1.394,1.4136,71543277.9,1.4144349999999999,1.394385,1.7258375000000001,49.080120924666026,0.01224017790565024,0.011554760538311365,0.0006854173673388753,1.4814821856227511,1.3473878143772486,86671967.825
2026-05-17 00:00:00+00:00,1.4136,1.4291,1.3715,1.4016,67975586.2,1.41448,1.3933333333333335,1.7200944999999999,47.27583156373761,0.008887958578658983,0.011021400146380889,-0.0021334415677219058,1.4814914497674216,1.3474685502325783,86412982.23
2026-05-18 00:00:00+00:00,1.4017,1.4027,1.3638,1.39,103297251.8,1.414955,1.3923750000000001,1.7148479999999997,45.53325956236306,0.005234932512455881,0.009864106619595888,-0.004629174107140007,1.4811256725062674,1.3487843274937326,88916132.55
2026-05-19 00:00:00+00:00,1.3901,1.3977,1.3531,1.3616,98592923.5,1.41458,1.3909816666666666,1.7091074999999998,41.500097221002115,4.769063708365273e-05,0.00790082342309344,-0.007853132786009787,1.4818615754863964,1.3472984245136035,90136034.735
2026-05-20 00:00:00+00:00,1.3616,1.3807,1.3477,1.3672,68909414.7,1.414545,1.3902916666666665,1.703417,42.58012170354869,-0.0035702075916219655,0.005606617220150359,-0.009176824811772325,1.4819243284318837,1.3471656715681162,91025986.015
2026-05-21 00:00:00+00:00,1.3672,1.3862,1.3512,1.3739,77920747.5,1.41395,1.39011,1.6976529999999999,43.914264557113796,-0.005829584180019554,0.003319376940116377,-0.00914896112013593,1.4825335694604156,1.3453664305395845,91912614.44
2026-05-22 00:00:00+00:00,1.3739,1.376,1.33,1.3345,91847302.2,1.41099,1.38848,1.6927775,38.28134717069049,-0.010676336958051369,0.0005202341604828276,-0.011196571118534197,1.4874694586796449,1.334510541320355,94853466.345
2026-05-23 00:00:00+00:00,1.3346,1.3762,1.3019,1.3583,102960290.5,1.409505,1.3875183333333332,1.6885424999999998,43.034735592905456,-0.012453407231916236,-0.002074494117996985,-0.01037891311391925,1.4888134226291978,1.3301965773708022,98539139.03
2026-05-24 00:00:00+00:00,1.3584,1.371,1.3326,1.351,52635116.0,1.407465,1.38646,1.6835814999999998,41.96709192471557,-0.014286115768626262,-0.004516818448122841,-0.009769297320503422,1.490501456450955,1.3244285435490448,97010861.595
2026-05-25 00:00:00+00:00,1.351,1.3657,1.3435,1.3503,57643566.8,1.40435,1.3862833333333333,1.6792679999999998,41.85984997020911,-0.015615034243044112,-0.0067364616071070955,-0.008878572635937016,1.4909787134842207,1.3177212865157792,96514249.025
2026-05-26 00:00:00+00:00,1.3503,1.3656,1.3273,1.3292,67352957.9,1.3995650000000002,1.3863416666666666,1.674337,38.65348061077946,-0.018161451460972255,-0.009021459577880128,-0.009139991883092127,1.491532348009666,1.3075976519903343,95022133.67499998
2026-05-27 00:00:00+00:00,1.3293,1.3437,1.3033,1.3076,77744369.1,1.3956,1.3859133333333336,1.6694434999999999,35.64357345602441,-0.021672616501104303,-0.011551690962524964,-0.010120925538579338,1.4958723291837326,1.2953276708162673,94767832.805
2026-05-28 00:00:00+00:00,1.3076,1.3385,1.2677,1.3156,115036822.2,1.39047,1.3857099999999998,1.6641905,37.58219876285341,-0.023538371259030022,-0.013949027021825976,-0.009589344237204046,1.4959551667294062,1.284984833270594,97193613.745
2026-05-29 00:00:00+00:00,1.3156,1.3339,1.2947,1.33,100195741.9,1.385945,1.3858066666666669,1.6582104999999998,41.02586254041309,-0.02358318343394017,-0.015875858304248813,-0.007707325129691356,1.4936305695993217,1.2782594304006782,99313772.775
2026-05-30 00:00:00+00:00,1.33,1.3661,1.3281,1.3408,80897913.1,1.3793149999999998,1.3858016666666666,1.6529569999999998,43.54171908397624,-0.022487999999081465,-0.017198286643215346,-0.005289713355866119,1.4807955060094304,1.2778344939905693,95553902.82000001
2026-05-31 00:00:00+00:00,1.3409,1.3484,1.321,1.333,44076500.3,1.372085,1.385555,1.6476825,42.143390364736085,-0.02199589901736476,-0.01815780911804523,-0.0038380898993195314,1.464746907491319,1.279423092508681,91836564.01
2026-06-01 00:00:00+00:00,1.333,1.3412,1.2794,1.2972,90898336.8,1.365095,1.385175,1.642556,36.37012400424645,-0.02421552475513833,-0.01936935224546385,-0.004846172509674479,1.4582054177840988,1.271984582215901,91103780.175
2026-06-02 00:00:00+00:00,1.2972,1.2972,1.1948,1.2117,162334649.5,1.3543150000000002,1.3833966666666666,1.6373929999999999,26.89424910316913,-0.032499100193506214,-0.021995301835072326,-0.010503798358433888,1.4644822778093796,1.2441477221906208,92934644.295
2026-06-03 00:00:00+00:00,1.2118,1.2491,1.1868,1.2012,124143921.8,1.3401150000000002,1.3814950000000001,1.6322130000000001,25.99841164002312,-0.039456327671503866,-0.025487507002358634,-0.013968820669145232,1.4523332387133587,1.2278967612866416,88977894.78999999
2026-06-04 00:00:00+00:00,1.2012,1.212,1.1407,1.1688,186091380.3,1.326855,1.3788699999999998,1.6269825,23.40743220526423,-0.047042117545473605,-0.029798429110981628,-0.017243688434491977,1.4533323098224646,1.2003776901775352,92104903.5
2026-06-05 00:00:00+00:00,1.1687,1.1751,1.0692,1.0978,281769579.7,1.3110650000000001,1.3751466666666667,1.621653,18.95050151990324,-0.05811312536644153,-0.035461368362073614,-0.022651757004367917,1.465944027308177,1.1561859726918233,102616218.59
2026-06-06 00:00:00+00:00,1.0978,1.1144,1.0501,1.0934,141359719.1,1.295655,1.3703916666666667,1.616034,18.712709220768062,-0.06647573120490424,-0.041664240930639744,-0.0248114902742645,1.471364800238707,1.119945199761293,106285425.235
2026-06-07 00:00:00+00:00,1.0935,1.1719,1.0886,1.1556,112387617.1,1.283935,1.3672716666666667,1.6112630000000001,31.75037236251063,-0.06730824881390007,-0.04679304250729181,-0.02051520630660826,1.464122083610135,1.1037479163898651,106739943.5
2026-06-08 00:00:00+00:00,1.1556,1.1866,1.1319,1.1683,114644792.2,1.27427,1.3643466666666666,1.607105,34.07537161004524,-0.06618035521623145,-0.050670505049079745,-0.0155098501671517,1.4574684071981123,1.0910715928018877,107542536.93499999
2026-06-09 00:00:00+00:00,1.1683,1.1769,1.1187,1.1375,106946733.3,1.2627849999999998,1.3607066666666665,1.603038,31.291315223577783,-0.06699946587086436,-0.05393629721343667,-0.013063168657427689,1.4499962312333978,1.0755737687666018,109444402.86500001
2026-06-10 00:00:00+00:00,1.1376,1.1412,1.0884,1.097,116679644.6,1.24894,1.3564133333333332,1.5987684999999998,28.046398760848703,-0.07010846178693475,-0.05717073012813629,-0.012937731658798461,1.4420952059871133,1.0557847940128866,111382347.72
2026-06-11 00:00:00+00:00,1.0971,1.15,1.0965,1.1428,94224282.2,1.2393550000000002,1.3533816666666667,1.594237,36.114595673743146,-0.06809176671505868,-0.05935493744552077,-0.008736829269537907,1.4335983574151863,1.0451116425848141,111501196.72
2026-06-12 00:00:00+00:00,1.1427,1.1577,1.1261,1.1325,72582913.9,1.2280650000000002,1.34933,1.5887615,35.15976503073688,-0.06655741283578198,-0.060795432523573015,-0.005761980312208967,1.419571242978978,1.0365587570210224,109982327.88999999
2026-06-13 00:00:00+00:00,1.1325,1.161,1.1299,1.1507,45010007.2,1.21805,1.3458133333333333,1.583503,38.26567690020469,-0.06314494284106908,-0.06126533458707223,-0.0018796082539968562,1.4036514708991361,1.032448529100864,109601072.45
2026-06-14 00:00:00+00:00,1.1507,1.1878,1.1268,1.1861,56418987.6,1.20984,1.3423783333333332,1.5783169999999997,43.895076529225186,-0.05692782312622491,-0.06039783229490277,0.0034700091686778595,1.38557968703717,1.0341003129628301,109539843.49000001
2026-06-15 00:00:00+00:00,1.186,1.2935,1.1778,1.2382,195846016.2,1.2052900000000002,1.3387983333333333,1.5735084999999998,50.979895631103375,-0.047251984909452815,-0.05776866281781278,0.010516677908359966,1.3729596859898126,1.0376203140101878,115964496.405
2026-06-16 00:00:00+00:00,1.2382,1.256,1.2053,1.2173,94329209.7,1.2007750000000001,1.3344916666666664,1.5686975,48.3426447623296,-0.04079995229050648,-0.054374920712351525,0.013574968421845045,1.361917680565771,1.0396323194342294,116793738.43500002
2026-06-17 00:00:00+00:00,1.2174,1.2283,1.2083,1.2135,12078565.8,1.1956700000000002,1.330845,1.5637605,47.85788341560968,-0.03558311816124071,-0.05061656020212937,0.015033442040888655,1.348176224135023,1.0431637758649774,111645825.61499998
