date,open,high,low,close,volume,MA20,MA60,RSI,MACD,SIGNAL,HIST
2021-06-19 00:00:00+00:00,156.33,160.88,152.31,152.49,523073.02283,,,,0.0,0.0,0.0
2021-06-20 00:00:00+00:00,152.51,156.18,143.75,154.88,611253.37603,,,100.0,0.1906552706552418,0.038131054131048364,0.15252421652419343
2021-06-21 00:00:00+00:00,154.87,155.5,123.91,124.46,1492819.3793,,,50.5285412262155,-2.0888103180980977,-0.3872572203147808,-1.7015530977833169
2021-06-22 00:00:00+00:00,124.38,133.03,104.92,119.64,2255757.11457,,,46.595143335063604,-4.235413724464962,-1.1568885211448172,-3.0785252033201447
2021-06-23 00:00:00+00:00,119.69,133.75,115.49,129.1,1020444.64312,,,54.140640895024816,-5.114314812365336,-1.948373779388921,-3.165941032976415
2021-06-24 00:00:00+00:00,129.13,137.36,123.71,134.58,660335.54019,,,57.85534116377033,-5.307478743770304,-2.6201947722651977,-2.687283971505106
2021-06-25 00:00:00+00:00,134.59,138.45,124.31,125.0,764515.33892,,,50.199929686165596,-6.162550442235499,-3.3286659062592583,-2.833884535976241
2021-06-26 00:00:00+00:00,125.03,129.44,118.67,126.89,871924.09227,,,51.56167282216759,-6.611480685281066,-3.98522886206362,-2.626251823217446
2021-06-27 00:00:00+00:00,126.81,132.67,124.66,132.6,573388.24688,,,55.51897331513884,-6.432363574444622,-4.474655804539821,-1.9577077699048013
2021-06-28 00:00:00+00:00,132.57,139.55,129.89,137.69,703645.47159,,,58.75386338101295,-5.8126864810605525,-4.742261939843967,-1.0704245412165854
2021-06-29 00:00:00+00:00,137.68,149.18,137.24,144.2,898148.69711,,,62.50926640409102,-4.7416268041236265,-4.7421349126999,0.0005081085762732584
2021-06-30 00:00:00+00:00,144.23,146.94,136.01,144.26,629619.41847,,,62.54311649668885,-3.8436555267043673,-4.562439035500794,0.7187835087964265
2021-07-01 00:00:00+00:00,144.31,144.31,133.99,137.02,539535.2997,,,55.975525468499164,-3.6738642919547715,-4.384724086791589,0.7108597948368178
2021-07-02 00:00:00+00:00,137.01,138.97,130.6,136.85,467041.14947,,,55.827284540364445,-3.5125308255047685,-4.210285434534225,0.6977546090294569
2021-07-03 00:00:00+00:00,136.87,141.37,134.57,140.17,351451.49767,,,58.15783209863801,-3.0812578153173718,-3.9844799106908546,0.9032220953734829
2021-07-04 00:00:00+00:00,140.19,148.1,136.88,144.95,443949.92264,,,61.32188454586097,-2.326941265280908,-3.6529721816088654,1.3260309163279573
2021-07-05 00:00:00+00:00,144.96,145.03,133.84,137.71,561680.84949,,,54.58860224624014,-2.2869845236252218,-3.379774650012137,1.092790126386915
2021-07-06 00:00:00+00:00,137.76,142.73,135.6,138.87,530800.52733,,,55.43296521104919,-2.137081269922021,-3.131235973994114,0.994154704072093
2021-07-07 00:00:00+00:00,138.86,142.93,136.87,137.41,520913.20131,,,54.07025878275782,-2.1117487347423776,-2.927338526143767,0.8155897914013894
2021-07-08 00:00:00+00:00,137.38,137.74,127.77,132.15,645442.57112,136.546,,49.36215648727542,-2.4874369338495512,-2.839358207684924,0.35192127383537297
2021-07-09 00:00:00+00:00,132.11,135.85,126.0,134.58,527547.82163,135.65050000000002,,51.464724969758834,-2.5595865264965028,-2.78340387144724,0.22381734495073724
2021-07-10 00:00:00+00:00,134.54,136.82,130.32,133.99,365844.86832,134.606,,50.91197929805403,-2.6340104349635,-2.7535251841504924,0.11951474918699256
2021-07-11 00:00:00+00:00,133.99,136.48,132.08,134.28,324968.57149,135.097,,51.189477275793756,-2.639168648891058,-2.7306538770986055,0.09148522820754756
2021-07-12 00:00:00+00:00,134.28,139.75,131.82,133.38,670917.62355,135.78400000000002,,50.24026055590037,-2.684928860385412,-2.7215088737559667,0.03658001337055472
2021-07-13 00:00:00+00:00,133.32,134.61,129.35,131.44,454856.67168,135.901,,48.16688877414065,-2.8449412328053825,-2.74619534556585,-0.09874588723953259
2021-07-14 00:00:00+00:00,131.45,132.42,123.59,131.07,538916.43958,135.72549999999998,,47.76203998391752,-2.9674017384585625,-2.7904366241443928,-0.17696511431416972
2021-07-15 00:00:00+00:00,131.06,133.13,121.93,125.86,494375.7243,135.7685,,42.36261298740756,-3.445142570654525,-2.9213778134464192,-0.5237647572081059
2021-07-16 00:00:00+00:00,125.88,127.87,120.38,120.65,422183.01506,135.4565,,37.76493802144856,-4.195792595074096,-3.1762607697719547,-1.019531825302141
2021-07-17 00:00:00+00:00,120.66,122.92,117.68,119.95,425298.69428,134.824,,37.181059782080965,-4.791933866684047,-3.4993953891543734,-1.292538477529674
2021-07-18 00:00:00+00:00,120.0,124.05,116.23,119.17,430985.21457,133.898,,36.50380375207109,-5.266609405789438,-3.8528381924813866,-1.4137712133080518
2021-07-19 00:00:00+00:00,119.16,120.75,111.82,113.13,493082.96266,132.3445,,31.69007704232783,-6.060311216703482,-4.294332797325806,-1.7659784193776762
2021-07-20 00:00:00+00:00,113.14,115.09,103.83,107.29,766236.24738,130.496,,27.86404917304229,-7.078962935035534,-4.8512588248677515,-2.2277041101677826
2021-07-21 00:00:00+00:00,107.31,119.24,105.05,117.74,682039.47283,129.53199999999998,,41.47921929199639,-6.962761712246859,-5.273559402343573,-1.689202309903286
2021-07-22 00:00:00+00:00,117.77,122.0,115.61,120.67,464759.47146,128.723,,44.63455876297479,-6.558640962628971,-5.530575714400653,-1.0280652482283177
2021-07-23 00:00:00+00:00,120.69,124.78,117.02,124.24,404160.06952,127.9265,,48.29279951204937,-5.8824934697644835,-5.600959265473419,-0.2815342042910647
2021-07-24 00:00:00+00:00,124.27,127.7,123.29,125.99,432891.78019,126.97850000000001,,50.03560402216695,-5.146110180827748,-5.509989448544284,0.3638792677165368
2021-07-25 00:00:00+00:00,126.0,127.99,123.51,127.68,392963.87036,126.477,,51.72771501258365,-4.375711761508924,-5.283133911137213,0.9074221496282888
2021-07-26 00:00:00+00:00,127.64,140.47,126.85,131.06,1052092.77379,126.0865,,55.0094547811834,-3.452627965615136,-4.917032722032798,1.4644047564176619
2021-07-27 00:00:00+00:00,131.06,135.12,127.27,134.74,607384.02252,125.953,,58.33096453862211,-2.3965067242098854,-4.412927522468215,2.0164207982583298
2021-07-28 00:00:00+00:00,134.73,142.0,132.39,140.42,729936.12774,126.3665,,62.8854906886108,-1.0886452761093608,-3.7480710731964444,2.6594257970870836
2021-07-29 00:00:00+00:00,140.48,143.0,136.55,141.44,542641.00192,126.7095,,63.65378126716307,0.029806231959241813,-2.9924956121653072,3.022301844124549
2021-07-30 00:00:00+00:00,141.44,145.88,135.86,145.51,605847.24082,127.2855,,66.62278536315796,1.2304185960362588,-2.1479127705249943,3.378331366561253
2021-07-31 00:00:00+00:00,145.51,146.6,141.83,144.37,388737.61543,127.79,,65.02065436858689,2.0661072733497576,-1.305108761750044,3.3712160350998017
2021-08-01 00:00:00+00:00,144.35,149.78,138.04,140.31,584699.77102,128.1365,,59.53008243023243,2.373429088642638,-0.5694011916715078,2.942830280314146
2021-08-02 00:00:00+00:00,140.31,145.93,138.76,141.35,419849.68249,128.632,,60.45135853905508,2.6701236266796116,0.07850377199871611,2.5916198546808955
2021-08-03 00:00:00+00:00,141.32,143.24,135.6,138.49,402821.08451,129.003,,56.63326580316292,2.6439997048945543,0.5916029585778838,2.0523967463166706
2021-08-04 00:00:00+00:00,138.49,144.5,135.54,142.57,486488.33119,129.8385,,60.46906856862333,2.9188712795086076,1.0570566227640286,1.861814656744579
2021-08-05 00:00:00+00:00,142.57,145.19,136.12,143.53,615027.38819,130.98250000000002,,61.33564343793586,3.1775442080009952,1.481154139811422,1.6963900681895732
2021-08-06 00:00:00+00:00,143.51,150.9,141.73,147.95,685973.67511,132.3825,,65.12620829537545,3.6965894459024184,1.9242412010296215,1.772348244872797
2021-08-07 00:00:00+00:00,147.93,156.39,147.06,155.92,878574.53896,134.22,,70.70356753078042,4.696905920658224,2.4787741449553424,2.218131775702882
2021-08-08 00:00:00+00:00,155.92,157.63,147.0,149.69,700140.23658,136.048,,62.31417173006461,4.930123604063397,2.9690440367769533,1.9610795672864434
2021-08-09 00:00:00+00:00,149.69,170.78,145.15,166.31,1165618.32076,138.999,,71.89495963497123,6.382472232325966,3.651729675886756,2.7307425564392105
2021-08-10 00:00:00+00:00,166.27,168.28,158.79,165.38,894686.73503,141.381,,70.8101456840378,7.37342945125161,4.396069630959727,2.977359820291883
2021-08-11 00:00:00+00:00,165.38,176.07,164.23,170.6,914647.0176,143.8775,,73.24994309188844,8.482203005096494,5.213296305787081,3.2689066993094134
2021-08-12 00:00:00+00:00,170.57,179.74,160.77,165.38,987267.21224,145.93449999999999,,67.20096475206029,8.837826695372712,5.938202383704207,2.8996243116685054
2021-08-13 00:00:00+00:00,165.41,184.57,164.0,183.31,1122682.76822,148.8005,,74.87569696068667,10.446046661311385,6.839771239225643,3.6062754220857425
2021-08-14 00:00:00+00:00,183.32,185.11,174.62,182.76,944596.30069,151.5545,,74.30136099476668,11.543130148456385,7.780443021071791,3.762687127384593
2021-08-15 00:00:00+00:00,182.78,186.55,175.18,184.6,948648.90733,154.23149999999998,,74.99245327428056,12.417903477148798,8.707935112287194,3.709968364861604
2021-08-16 00:00:00+00:00,184.59,189.03,176.35,177.93,898330.4154,156.39100000000002,,67.86752311945578,12.429672854589882,9.45228266074773,2.977390193842151
2021-08-17 00:00:00+00:00,177.96,184.38,168.01,168.61,781038.75082,157.8005,140.23766666666668,59.37834064443362,11.553769399826166,9.872580008563418,1.6811893912627482
2021-08-18 00:00:00+00:00,168.6,174.54,162.92,166.65,694819.54486,159.06099999999998,140.47366666666667,57.742561168721956,10.579500090255465,10.013964024901828,0.565536065353637
2021-08-19 00:00:00+00:00,166.64,175.82,162.66,175.59,682216.29479,160.565,140.81883333333332,62.779278886771216,10.408781969192887,10.092927613760041,0.3158543554328457
2021-08-20 00:00:00+00:00,175.57,184.11,174.11,183.59,708140.15383,162.526,141.80433333333335,66.61409659503802,10.79458649577694,10.233259390163422,0.5613271056135183
2021-08-21 00:00:00+00:00,183.59,184.48,176.52,179.63,644225.29965,164.492,142.80416666666667,63.14596605887971,10.65794233289239,10.318195978709216,0.33974635418317334
2021-08-22 00:00:00+00:00,179.57,189.6,178.38,185.91,935874.98336,166.72,143.751,66.15529185222208,10.930395569003991,10.440635896768171,0.4897596722358202
2021-08-23 00:00:00+00:00,185.85,191.94,183.61,187.01,877311.28336,169.14600000000002,144.62483333333333,66.6686899838904,11.107042456909028,10.573917208796342,0.533125248112686
2021-08-24 00:00:00+00:00,186.98,188.64,172.25,173.42,780692.69421,170.6885,145.43183333333334,55.47287656199711,10.034762469291536,10.46608626089538,-0.4313237916038446
2021-08-25 00:00:00+00:00,173.39,179.0,169.06,177.75,617983.0803,172.3995,146.27949999999998,57.898822383459894,9.425713903844326,10.25801178948517,-0.8322978856408447
2021-08-26 00:00:00+00:00,177.76,180.18,164.9,167.7,568905.75324,173.387,146.86450000000002,50.95911464454731,8.039414157082604,9.814292263004658,-1.7748781059220544
2021-08-27 00:00:00+00:00,167.7,176.35,165.0,176.2,456121.02531,174.401,147.50633333333332,55.786018242567195,7.53972729956746,9.359379270317218,-1.8196519707497583
2021-08-28 00:00:00+00:00,176.2,177.1,171.3,175.6,316185.26963,175.6965,148.02966666666666,55.37171786546589,7.014448681291299,8.890393152512035,-1.8759444712207358
2021-08-29 00:00:00+00:00,175.7,182.6,173.1,174.3,547343.58554,176.096,148.53033333333335,54.4285403541509,6.419265163481924,8.396167554706013,-1.9769023912240886
2021-08-30 00:00:00+00:00,174.4,176.5,166.5,167.3,468119.396,176.19199999999998,149.035,49.53567877898603,5.321394713192717,7.781212986403354,-2.4598182732106366
2021-08-31 00:00:00+00:00,167.4,175.4,165.6,171.5,553621.007,176.237,149.6125,52.30603492973089,4.735639862245961,7.172098361571876,-2.436458499325915
2021-09-01 00:00:00+00:00,171.6,182.8,168.5,180.9,692302.294,177.013,150.2913333333333,57.8793033558004,4.972605265495702,6.7321997423566415,-1.75959447686094
2021-09-02 00:00:00+00:00,180.9,187.9,179.4,183.3,683639.85445,177.0125,150.9305,59.19052354034057,5.293047045642993,6.4443692030139115,-1.1513221573709185
2021-09-03 00:00:00+00:00,183.4,217.7,179.8,212.9,2071663.63126,178.5195,152.18366666666668,71.12818618542497,7.845039357204058,6.724503233851942,1.1205361233521165
2021-09-04 00:00:00+00:00,212.9,225.2,208.4,211.9,1448417.53392,179.8845,153.4008333333333,70.37916285128497,9.675289295239622,7.314660446129478,2.360628849110144
2021-09-05 00:00:00+00:00,212.0,232.56,210.5,232.2,1007949.97992,182.598,154.98066666666668,75.92223473654782,12.618359311703472,8.375400219244277,4.242959092459195
2021-09-06 00:00:00+00:00,232.2,232.3,214.8,219.4,1001710.493,185.1375,156.43483333333333,67.36233058434398,13.759301811078814,9.452180537611184,4.307121273467629
2021-09-07 00:00:00+00:00,219.4,221.9,162.1,178.5,2026882.59263,185.73,157.16683333333333,48.53299382332569,11.233723406759452,9.808489111440839,1.4252342953186137
2021-09-08 00:00:00+00:00,178.4,189.0,169.3,179.7,1419232.641,185.9355,157.92866666666666,48.98357244644429,9.222700743469261,9.691331437846523,-0.46863069437726246
2021-09-09 00:00:00+00:00,179.7,188.6,176.5,180.5,896655.718,185.781,158.69899999999998,49.302229811094556,7.605828847803508,9.27423091983792,-1.6684020720344126
2021-09-10 00:00:00+00:00,180.5,187.4,170.7,174.1,721100.842,185.5045,159.37766666666667,46.784602007300386,5.741831449799804,8.567751025830297,-2.8259195760304934
2021-09-11 00:00:00+00:00,174.1,186.2,173.4,178.6,551963.071,185.13899999999998,160.16366666666667,48.76568698513637,4.574975010340523,7.769195822732343,-3.19422081239182
2021-09-12 00:00:00+00:00,178.6,186.2,175.1,183.0,564714.696,184.9385,161.02916666666667,50.69833267798922,3.959631930874224,7.007283044360721,-3.0476511134864968
2021-09-13 00:00:00+00:00,183.1,240.0,170.7,179.4,5437062.6741,185.2375,161.92149999999998,49.06746234914382,3.145222031795214,6.23487084184762,-3.089648810052406
2021-09-14 00:00:00+00:00,179.4,189.0,176.1,183.1,1091279.997,185.505,162.96233333333333,50.81856208809216,2.7664653070832514,5.541189734894747,-2.7747244278114955
2021-09-15 00:00:00+00:00,183.0,192.1,179.6,189.0,745508.059,186.57,164.11316666666664,53.56038350189686,2.9088471859319043,5.014721225102178,-2.105874039170274
2021-09-16 00:00:00+00:00,189.1,195.4,181.5,185.2,935286.231,187.01999999999998,165.21366666666665,51.566402374809456,2.6841167812015385,4.548600336322051,-1.8644835551205121
2021-09-17 00:00:00+00:00,185.2,190.5,177.5,180.0,566767.069,187.24,166.32816666666668,48.884441408324086,2.062642911042957,4.051408851266232,-1.9887659402232751
2021-09-18 00:00:00+00:00,180.0,185.8,177.9,181.4,372409.224,187.59499999999997,167.56333333333336,49.643801780711435,1.66390819327151,3.573908719667288,-1.9100005263957778
2021-09-19 00:00:00+00:00,181.3,181.7,172.5,175.6,364865.775,188.01,168.52766666666668,46.557961681756495,0.8698692184560457,3.0331008194250395,-2.163231600968994
2021-09-20 00:00:00+00:00,175.6,176.0,153.3,157.2,1300459.67767,187.29500000000002,169.13649999999998,38.402595344973896,-1.2299603967806831,2.1804885761838952,-3.4104489729645784
2021-09-21 00:00:00+00:00,157.2,162.3,144.7,148.5,988169.63393,185.675,169.54083333333332,35.257810300797786,-3.5551265010626594,1.0333655607345844,-4.588492061797243
2021-09-22 00:00:00+00:00,148.6,161.8,145.3,161.4,822665.566,184.57999999999998,170.13099999999997,42.74469679911789,-4.307263745146088,-0.034760300441550096,-4.272503444704538
2021-09-23 00:00:00+00:00,161.4,165.0,157.1,163.9,559513.522,182.13000000000002,170.73466666666667,44.09399307294911,-4.648029235580196,-0.9574140874692794,-3.690615148110917
2021-09-24 00:00:00+00:00,163.9,166.6,141.6,152.1,1236046.28455,179.14000000000001,171.08533333333332,39.377041985111404,-5.8033522923524,-1.9266017284459036,-3.876750563906497
2021-09-25 00:00:00+00:00,152.0,155.9,148.8,151.0,622457.078,175.07999999999998,171.3563333333333,38.95865205175011,-6.730134148315244,-2.8873082124197715,-3.8428259358954726
2021-09-26 00:00:00+00:00,150.9,153.4,141.9,150.7,837958.065,171.645,171.52766666666668,38.8374521905276,-7.4034802275076,-3.790542615437338,-3.6129376120702625
2021-09-27 00:00:00+00:00,150.7,154.9,144.8,145.0,463173.188,169.97,171.587,36.51318424223241,-8.30136128411118,-4.692706349172107,-3.608654934939074
2021-09-28 00:00:00+00:00,145.0,149.0,140.0,140.6,551914.7719,168.015,171.50516666666667,34.78272426263672,-9.26122409160277,-5.6064098976582395,-3.6548141939445307
2021-09-29 00:00:00+00:00,140.5,150.4,139.7,144.7,505249.15568,166.225,171.51066666666665,37.74354492508506,-9.580646814377076,-6.401257281002007,-3.179389533375069
2021-09-30 00:00:00+00:00,144.8,154.5,143.9,153.3,505878.24,165.185,171.72716666666668,43.53427880352793,-9.035685736044968,-6.928142972010599,-2.1075427640343687
2021-10-01 00:00:00+00:00,153.2,168.1,151.1,166.2,701432.917,164.565,172.14133333333334,50.91020229983847,-7.476691321556331,-7.037852641919747,-0.43883867963658396
2021-10-02 00:00:00+00:00,166.1,172.8,164.4,168.9,427845.773,163.85999999999999,172.6481666666667,52.31424063024363,-5.954667876340949,-6.821215688803988,0.8665478124630388
2021-10-03 00:00:00+00:00,168.9,175.0,165.7,170.5,437060.787,163.415,173.11366666666666,53.169035150288806,-4.566704574518724,-6.370313465946935,1.803608891428211
2021-10-04 00:00:00+00:00,170.5,170.9,161.3,167.5,586624.931,162.635,173.51316666666668,51.31176146504616,-3.6665429611307445,-5.829559364983697,2.1630164038529527
2021-10-05 00:00:00+00:00,167.5,175.4,166.6,173.8,622714.612,161.875,173.944,54.8764711056212,-2.41694006789362,-5.147035505565682,2.7300954376720616
2021-10-06 00:00:00+00:00,173.7,183.0,163.8,178.5,967921.404,161.54000000000002,174.3203333333333,57.38328481902657,-1.0354342105951275,-4.324715246571571,3.289281035976443
2021-10-07 00:00:00+00:00,178.5,187.0,173.4,178.6,866672.447,161.47,174.8021666666667,57.43746411113021,0.06671920136918175,-3.4464283569834206,3.5131475583526024
2021-10-08 00:00:00+00:00,178.6,183.4,174.4,175.9,697493.034,161.195,174.962,55.38992330543685,0.7140847611546803,-2.6143257333558005,3.328410494510481
2021-10-09 00:00:00+00:00,175.9,182.9,174.4,179.9,445979.888,161.41000000000003,175.204,57.79056716003635,1.532230601315348,-1.785014466421571,3.317245067736919
2021-10-10 00:00:00+00:00,179.9,184.0,174.0,174.8,559785.153,162.29000000000002,175.274,53.814199626818606,1.7489291302011907,-1.0782257470970187,2.8271548772982094
2021-10-11 00:00:00+00:00,174.8,185.4,172.0,179.1,679614.987,163.82,175.50266666666667,56.53002543707454,2.241796306619392,-0.41422133635373654,2.6560176429731284
2021-10-12 00:00:00+00:00,179.2,179.2,166.3,172.6,708173.9,164.38,175.32416666666666,51.59145971623948,2.0838797490368677,0.08539888072438429,1.9984808683124835
2021-10-13 00:00:00+00:00,172.6,179.7,167.6,177.6,657952.562,165.065,175.23816666666664,54.8583911602746,2.3352684318535637,0.5353727909502202,1.7998956409033435
2021-10-14 00:00:00+00:00,177.7,186.7,176.9,181.3,746399.181,166.525,175.18316666666666,57.162276294086915,2.8007693265748514,0.9884520980751466,1.812317228499705
2021-10-15 00:00:00+00:00,181.3,193.0,176.4,189.6,1143344.438,168.45499999999998,175.37766666666667,61.864220474252804,3.7956686677202924,1.549895412004176,2.2457732557161165
2021-10-16 00:00:00+00:00,189.7,192.6,185.0,186.0,576811.605,170.22,175.6675,58.84714897446124,4.244713237931478,2.0888589771896364,2.1558542607418416
2021-10-17 00:00:00+00:00,186.0,188.1,176.4,183.7,475002.963,172.155,175.95166666666668,56.93664498603929,4.3646802004851395,2.5440232218487373,1.8206569786364022
2021-10-18 00:00:00+00:00,183.8,187.6,178.5,185.6,591931.083,174.405,176.1185,58.14550246722351,4.56049841672538,2.947318260824066,1.6131801559013144
2021-10-19 00:00:00+00:00,185.5,191.6,183.1,188.8,598824.688,176.60999999999999,176.20533333333333,60.17329126289166,4.917216410455211,3.3412978907502953,1.5759185197049157
2021-10-20 00:00:00+00:00,188.8,209.4,185.6,207.3,1121684.82,179.31,176.66649999999998,69.402638692233,6.616443141605885,3.9963269409214135,2.620116200684471
2021-10-21 00:00:00+00:00,207.4,214.7,195.2,196.8,1129324.235,180.83999999999997,176.848,60.791828134504996,7.034738237047492,4.6040092001466295,2.4307290369008623
2021-10-22 00:00:00+00:00,196.8,201.5,187.9,191.0,731846.105,181.945,176.9145,56.61342033335091,6.819616294877278,5.047130619092759,1.7724856757845187
2021-10-23 00:00:00+00:00,191.0,198.0,188.7,196.3,413109.664,183.235,177.29583333333332,59.36213146004739,6.996149060471822,5.436934307368572,1.5592147531032499
2021-10-24 00:00:00+00:00,196.3,199.9,185.2,190.4,568204.06,184.38000000000002,177.50666666666666,55.17177052187589,6.584074742228523,5.666362394340563,0.9177123478879601
2021-10-25 00:00:00+00:00,190.4,197.4,189.6,195.5,435121.822,185.465,177.96999999999997,57.935888132406376,6.593029908935591,5.851695897259569,0.7413340116760221
2021-10-26 00:00:00+00:00,195.5,199.4,190.3,197.6,571152.655,186.42000000000002,178.32666666666668,59.05541672227385,6.692433188732451,6.019843355554146,0.6725898331783053
2021-10-27 00:00:00+00:00,197.5,205.0,171.1,179.3,1380721.926,186.455,178.38833333333335,47.25303511964159,5.2342171465364515,5.862718113750607,-0.6285009672141557
2021-10-28 00:00:00+00:00,179.2,194.5,177.6,189.8,722390.735,187.15,178.64666666666665,53.050804799460906,4.869697829755694,5.664114056951625,-0.7944162271959314
2021-10-29 00:00:00+00:00,189.8,198.7,188.1,196.7,581094.6,187.99,179.13666666666668,56.43927056619053,5.079037990913179,5.547098843743936,-0.4680608528307575
2021-10-30 00:00:00+00:00,196.7,197.3,186.6,190.2,415371.62,188.76,179.44833333333332,52.588772302844404,4.666651644345251,5.371009403864199,-0.7043577595189481
2021-10-31 00:00:00+00:00,190.2,195.2,186.7,191.9,514684.875,189.4,179.63166666666666,53.48263516171457,4.42598824866559,5.182005172824477,-0.756016924158887
2021-11-01 00:00:00+00:00,191.9,201.2,187.8,197.6,656176.592,190.65,179.86999999999998,56.44755431917357,4.641696548361978,5.073943447931977,-0.43224689956999907
2021-11-02 00:00:00+00:00,197.6,204.9,195.1,200.9,589454.742,191.815,179.67,58.11215304365295,5.021049813954733,5.063364721136528,-0.04231490718179565
2021-11-03 00:00:00+00:00,200.9,209.3,197.4,207.3,839855.941,193.11499999999998,179.59333333333333,61.20872899612408,5.771585280570633,5.205008833023349,0.5665764475472841
2021-11-04 00:00:00+00:00,207.3,207.3,196.1,202.6,592543.494,193.76500000000001,179.1,57.8278229013593,5.918909816744701,5.34778902976762,0.5711207869770814
2021-11-05 00:00:00+00:00,202.6,203.3,196.7,198.9,454701.028,194.41,178.75833333333333,55.240982184461984,5.671726364268608,5.412576496667818,0.2591498676007902
2021-11-06 00:00:00+00:00,198.9,201.1,191.0,197.6,420636.051,195.10500000000002,179.07666666666668,54.32152583186858,5.309725353191681,5.39200626797259,-0.0822809147809096
2021-11-07 00:00:00+00:00,197.6,202.1,196.9,202.0,351383.08,195.925,179.44833333333335,56.934262398337864,5.316593787781613,5.376923771934395,-0.06032998415278179
2021-11-08 00:00:00+00:00,202.1,229.7,202.0,229.0,1380080.247,197.935,180.2566666666667,68.74741375509977,7.415233230405875,5.784585663628691,1.6306475667771831
2021-11-09 00:00:00+00:00,229.0,274.6,226.5,262.0,3256268.81184,200.67,181.7216666666667,77.03790474728919,11.607440962029955,6.949156723308945,4.65828423872101
2021-11-10 00:00:00+00:00,262.0,295.7,251.6,260.4,3733558.8607,203.85,183.085,75.9854212592535,14.632020341940233,8.485729447035203,6.1462908949050306
2021-11-11 00:00:00+00:00,260.3,274.2,250.5,262.3,1666490.106,207.41500000000002,184.40666666666667,76.39778632682932,16.986525322303635,10.18588862208889,6.800636700214746
2021-11-12 00:00:00+00:00,262.2,282.7,243.7,251.2,2414623.352,210.16,185.60333333333335,68.94894718685619,17.752174234869784,11.699145744645069,6.053028490224715
2021-11-13 00:00:00+00:00,251.1,264.2,245.2,257.7,1167201.211,213.525,186.84666666666666,70.74758846738872,18.668256155143894,13.092967826744834,5.5752883283990595
2021-11-14 00:00:00+00:00,257.7,279.7,248.4,279.3,1358747.997,217.715,188.35166666666666,75.77032974794949,20.89631741854791,14.65363774510545,6.24267967344246
2021-11-15 00:00:00+00:00,279.3,281.5,259.0,263.0,1155933.609,220.98500000000004,189.64833333333334,66.49205130323111,21.103529890804055,15.943616174245172,5.159913716558883
2021-11-16 00:00:00+00:00,263.0,263.3,222.5,230.2,2396155.13,223.53000000000003,190.48499999999999,52.54783845758549,18.408855561194997,16.436664051635137,1.9721915095598597
2021-11-17 00:00:00+00:00,230.4,235.4,217.6,229.6,1422751.183,225.51999999999998,191.28833333333333,52.33164093408419,16.039992703966305,16.357329782101374,-0.3173370781350684
2021-11-18 00:00:00+00:00,229.6,232.4,199.4,204.2,1689641.574,225.89500000000004,191.765,44.06615860694396,11.975043255095244,15.48087247670015,-3.5058292216049054
2021-11-19 00:00:00+00:00,204.1,221.3,199.5,217.9,1040819.801,227.28000000000003,192.77666666666667,48.76650005626749,9.746663564326212,14.334030694225362,-4.58736712989915
2021-11-20 00:00:00+00:00,217.9,227.8,212.4,226.8,841347.754,229.025,194.08166666666665,51.61130685447327,8.599680461138774,13.187160647608046,-4.587480186469271
2021-11-21 00:00:00+00:00,226.8,230.8,219.6,221.1,698329.313,230.2,195.07666666666668,49.70763797151381,7.148344064497479,11.979397330985934,-4.831053266488455
2021-11-22 00:00:00+00:00,221.2,221.7,205.2,209.1,865031.634,230.60999999999999,195.82999999999998,45.87161124920622,4.972529576365446,10.578023780061837,-5.6054942036963915
2021-11-23 00:00:00+00:00,209.1,218.8,205.1,216.2,709895.649,231.05499999999998,196.89833333333337,48.40848338376824,3.777546378240743,9.217928299697618,-5.440381921456876
2021-11-24 00:00:00+00:00,216.2,217.7,205.9,212.2,586526.86,231.535,197.91833333333335,47.070026914459056,2.4791687001858804,7.870176379795271,-5.39100767960939
2021-11-25 00:00:00+00:00,212.2,229.8,210.7,222.9,892094.61,232.73499999999999,199.12166666666664,50.97492339588154,2.2872298504256605,6.753587073921349,-4.466357223495688
2021-11-26 00:00:00+00:00,223.0,224.9,190.0,195.7,1536691.461,232.64000000000001,199.96666666666667,42.40963161760543,-0.059015457510980696,5.391066567634883,-5.450082025145863
2021-11-27 00:00:00+00:00,195.7,201.0,190.6,195.1,524367.982,232.29500000000002,200.875,42.24102018889152,-1.9444325454099385,3.9239667450259184,-5.868399290435857
2021-11-28 00:00:00+00:00,195.0,199.9,182.0,199.5,723846.344,230.82000000000002,201.78833333333336,43.999355285140055,-3.0484552490867713,2.5294823462033804,-5.577937595290152
2021-11-29 00:00:00+00:00,199.5,209.5,194.9,205.5,810923.688,227.99500000000003,202.65833333333333,46.39578305933488,-3.4000575924337397,1.3435743584759563,-4.7436319509096965
2021-11-30 00:00:00+00:00,205.5,219.9,197.4,207.8,1032919.457,225.36499999999995,203.35166666666666,47.326304480745975,-3.4533066353131687,0.3841981597181312,-3.8375047950313
2021-12-01 00:00:00+00:00,207.8,217.8,205.1,208.8,674057.314,222.69,204.01666666666668,47.75098503342212,-3.3758999693604324,-0.3678214660975815,-3.0080785032628508
2021-12-02 00:00:00+00:00,208.7,210.1,199.9,203.5,562121.73,220.30499999999998,204.56666666666666,45.65024528313873,-3.6995739493762585,-1.0341719627533168,-2.6654019866229417
2021-12-03 00:00:00+00:00,203.5,208.1,179.3,188.0,825086.4,216.82,204.90833333333333,40.09480441188843,-5.147471524039645,-1.8568318750105826,-3.290639649029062
2021-12-04 00:00:00+00:00,188.0,189.3,129.3,162.7,2758066.76925,210.99,204.72333333333333,33.029231403913485,-8.241437184826736,-3.1337529369738135,-5.107684247852923
2021-12-05 00:00:00+00:00,162.7,165.0,148.0,156.3,1075867.598,205.65500000000003,204.35333333333335,31.51623546697445,-11.082106153422586,-4.723423580263568,-6.358682573159018
2021-12-06 00:00:00+00:00,156.3,164.5,141.3,161.3,1097434.113,202.20999999999998,204.065,34.05766644649346,-12.782549292311955,-6.335248722673246,-6.44730056963871
2021-12-07 00:00:00+00:00,161.3,165.8,158.2,161.8,672241.01,198.82,203.82999999999998,34.320153270571666,-13.929249195518025,-7.854048817242202,-6.075200378275824
2021-12-08 00:00:00+00:00,161.8,170.3,155.8,165.1,890527.252,196.865,203.58333333333334,36.127274401700724,-14.405675054776168,-9.164374064748994,-5.241300990027174
2021-12-09 00:00:00+00:00,165.2,167.1,151.1,151.3,648228.982,193.535,203.19166666666666,32.144288405243,-15.71563064188976,-10.474625380177148,-5.241005261712612
2021-12-10 00:00:00+00:00,151.4,159.8,147.5,148.3,704610.428,189.60999999999999,202.67833333333334,31.335496104604246,-16.802169855247797,-11.740134275191279,-5.062035580056518
2021-12-11 00:00:00+00:00,148.4,159.5,145.7,158.0,558649.677,186.45499999999998,202.435,36.866784053662826,-16.68818012377335,-12.729743444907694,-3.958436678865656
2021-12-12 00:00:00+00:00,158.0,162.9,153.2,159.0,382460.669,183.95,202.125,37.426410205110294,-16.328921158956945,-13.449578987717546,-2.879342171239399
2021-12-13 00:00:00+00:00,158.9,159.9,142.7,144.6,628722.159,180.37,201.51333333333335,32.90339566473368,-17.01008383713264,-14.161679957600565,-2.848403879532075
2021-12-14 00:00:00+00:00,144.6,151.9,142.9,150.4,511641.769,177.28,200.86,36.24543299045727,-16.887233128157646,-14.706790591711982,-2.180442536445664
2021-12-15 00:00:00+00:00,150.3,155.0,141.7,153.6,611833.278,173.815,200.32000000000002,38.07801038327724,-16.343264816246688,-15.034085436618923,-1.3091793796277642
2021-12-16 00:00:00+00:00,153.5,156.7,148.5,148.9,434853.361,171.475,199.73999999999998,36.42205718236818,-16.105759559721037,-15.248420261239348,-0.8573392984816888
2021-12-17 00:00:00+00:00,148.9,150.3,141.2,144.1,472455.023,168.925,199.04833333333332,34.75950437292197,-16.11904450620696,-15.422545110232871,-0.6964993959740902
2021-12-18 00:00:00+00:00,144.1,150.3,142.8,148.6,300448.219,166.38,198.37833333333336,37.633703746703326,-15.586785766203548,-15.455393241427007,-0.1313925247765404
2021-12-19 00:00:00+00:00,148.6,161.1,147.6,153.2,738406.682,163.76500000000001,197.47666666666666,40.51847723560228,-14.625195177697151,-15.289353628681038,0.6641584509838871
2021-12-20 00:00:00+00:00,153.2,157.4,145.2,152.6,550918.769,161.005,196.73999999999998,40.25691181845826,-13.753006594933453,-14.982084221931522,1.2290776269980697
2021-12-21 00:00:00+00:00,152.7,156.4,149.1,154.7,375493.205,158.3,196.13500000000002,41.676056953690846,-12.745417174307391,-14.534750812406697,1.789333638099306
2021-12-22 00:00:00+00:00,154.8,160.2,152.9,155.4,414964.85,155.895,195.45333333333335,42.16918745759288,-11.754907888354694,-13.978782227596298,2.223874339241604
2021-12-23 00:00:00+00:00,155.4,165.2,153.0,163.6,521673.021,154.675,195.0066666666667,47.74308815938875,-10.190777731117066,-13.221181328300451,3.030403597183385
2021-12-24 00:00:00+00:00,163.6,166.8,160.1,161.2,411411.856,154.6,194.435,46.33543628634255,-9.040638403012167,-12.385072743242796,3.344434340230629
2021-12-25 00:00:00+00:00,161.2,163.6,157.3,157.8,456068.094,154.675,193.77166666666668,44.34090142244276,-8.307729944776014,-11.56960418354944,3.2618742387734265
2021-12-26 00:00:00+00:00,157.8,158.4,152.6,155.7,887961.059,154.395,193.3783333333333,43.106666374262936,-7.8063602986391345,-10.816955406567379,3.0105951079282445
2021-12-27 00:00:00+00:00,155.8,161.3,154.4,155.9,464363.98,154.1,192.81333333333333,43.268627963012406,-7.308633535441999,-10.115291032342302,2.8066574969003035
2021-12-28 00:00:00+00:00,155.9,156.0,144.5,145.7,679901.014,153.13,191.9633333333333,37.41819112498135,-7.649062612305272,-9.622045348334897,1.9729827360296248
2021-12-29 00:00:00+00:00,145.6,151.0,143.9,145.5,444947.628,152.84,191.21833333333333,37.31166055370311,-7.844566161274457,-9.26654951092281,1.421983349648352
2021-12-30 00:00:00+00:00,145.5,150.0,142.7,148.0,318121.046,152.825,190.48666666666668,39.625533300697214,-7.708911492674531,-8.955021907273155,1.2461104145986237
2021-12-31 00:00:00+00:00,147.9,152.7,143.7,146.3,344892.41,152.24,189.63166666666666,38.58264382485243,-7.650391037302256,-8.694095733278976,1.0437046959767198
2022-01-01 00:00:00+00:00,146.2,151.0,146.1,150.8,225155.54,151.82999999999998,188.79666666666668,42.868954190588326,-7.158383375260655,-8.386953261675313,1.2285698864146575
2022-01-02 00:00:00+00:00,150.8,153.4,147.8,151.2,228350.087,152.16000000000003,187.86166666666665,43.24809896244955,-6.659421436336203,-8.041446896607491,1.3820254602712883
2022-01-03 00:00:00+00:00,151.1,151.2,146.0,148.5,291038.873,152.065,186.95999999999998,41.25776019968816,-6.4079906131180735,-7.714755639909608,1.3067650267915347
2022-01-04 00:00:00+00:00,148.4,151.7,145.2,146.5,331705.663,151.71,186.08666666666664,39.79673295428863,-6.297519277398834,-7.431308367407453,1.1337890900086194
2022-01-05 00:00:00+00:00,146.5,150.0,129.8,135.4,601964.057,151.035,185.05,32.8449138712936,-7.024671145112819,-7.349980922948527,0.3253097778357077
2022-01-06 00:00:00+00:00,135.3,138.1,132.4,135.9,531427.357,150.625,183.94833333333332,33.409196917148236,-7.474437752066933,-7.374872288772208,-0.09956546329472538
2022-01-07 00:00:00+00:00,135.9,136.5,125.9,131.4,733975.31191,149.76500000000001,182.32166666666666,30.89321030880096,-8.100614578004581,-7.520020746618683,-0.5805938313858983
2022-01-08 00:00:00+00:00,131.4,134.8,124.8,129.4,450291.35478,148.575,180.11166666666665,29.818407244423994,-8.658438420799001,-7.747704281454746,-0.910734139344255
2022-01-09 00:00:00+00:00,129.4,132.6,127.7,130.9,321828.343,147.49,177.95333333333332,31.736632095302696,-8.877150110500622,-7.973593447263922,-0.9035566632367003
2022-01-10 00:00:00+00:00,130.8,131.5,120.7,126.5,621002.30603,146.08,175.69,29.214216531118637,-9.298338470118694,-8.238542451834878,-1.0597960182838158
2022-01-11 00:00:00+00:00,126.6,133.5,125.7,131.6,396300.22,144.89000000000001,173.69666666666666,35.60307293507212,-9.115527772154309,-8.413939515898765,-0.701588256255544
2022-01-12 00:00:00+00:00,131.6,142.3,130.8,141.9,387745.567,143.805,171.76666666666668,46.17009123395166,-8.046766937314345,-8.340505000181881,0.29373806286753634
2022-01-13 00:00:00+00:00,142.0,142.4,134.6,136.7,462389.154,142.57999999999998,169.39,42.38840739517317,-7.532532471986002,-8.178910494542706,0.6463780225567035
2022-01-14 00:00:00+00:00,136.7,146.7,135.8,144.7,588107.752,141.925,167.41833333333335,49.27239626134192,-6.405624757304423,-7.824253347095049,1.4186285897906261
2022-01-15 00:00:00+00:00,144.7,150.7,144.0,147.7,461786.036,141.525,166.04333333333335,51.60759288746326,-5.210405040590302,-7.3014836857941,2.0910786452037975
2022-01-16 00:00:00+00:00,147.6,149.0,143.2,146.4,323952.665,141.05,164.65666666666667,50.52224606892212,-4.3183052050952995,-6.70484798965434,2.3865427845590403
2022-01-17 00:00:00+00:00,146.4,153.9,144.1,151.2,809014.895,141.325,163.77333333333334,54.34053121147742,-3.187249149307547,-6.0013282215849815,2.8140790722774343
2022-01-18 00:00:00+00:00,151.1,153.4,138.6,141.5,605404.359,141.125,162.5,46.526518433337706,-3.038561366005922,-5.40877485046917,2.370213484463248
2022-01-19 00:00:00+00:00,141.4,143.0,133.2,136.2,437642.165,140.535,160.99000000000004,42.89686923330016,-3.310232631327949,-4.9890664066409265,1.6788337753129774
2022-01-20 00:00:00+00:00,136.2,142.9,128.8,129.7,404805.365,139.70499999999998,159.46666666666667,38.88984072337646,-4.003875558502443,-4.7920282370132306,0.7881526785107873
2022-01-21 00:00:00+00:00,129.6,131.1,109.8,114.5,1024703.15234,137.89000000000001,157.89,31.483623297941534,-5.71423539536562,-4.976469668683708,-0.7377657266819115
2022-01-22 00:00:00+00:00,114.5,117.0,96.3,108.4,1345786.1907,135.75,156.0933333333333,29.08939320242557,-7.475751103502091,-5.476325955647385,-1.9994251478547058
2022-01-23 00:00:00+00:00,108.4,112.8,105.6,112.3,588082.317,133.94,154.42833333333334,32.617546553676505,-8.459551147158862,-6.0729709939496805,-2.3865801532091817
2022-01-24 00:00:00+00:00,112.3,112.3,97.5,109.5,1098206.519,132.08999999999997,152.53833333333336,31.409254316226168,-9.357291339230045,-6.729835063005754,-2.627456276224291
2022-01-25 00:00:00+00:00,109.6,109.9,105.1,107.8,589373.563,130.71,151.07333333333332,30.666474458099884,-10.089625776445558,-7.401793205693716,-2.6878325707518425
2022-01-26 00:00:00+00:00,107.9,116.5,104.6,106.9,774954.382,129.26,149.60333333333332,30.258504463233947,-10.62020545487431,-8.045475655529835,-2.5747297993444747
2022-01-27 00:00:00+00:00,107.0,110.0,102.8,106.9,563991.766,128.035,148.06,30.258504463233947,-10.914873801735865,-8.619355284771041,-2.2955185169648242
2022-01-28 00:00:00+00:00,106.8,110.0,105.2,109.4,463842.238,127.035,146.45833333333334,33.124644096957184,-10.821923089997924,-9.059868845816418,-1.7620542441815061
2022-01-29 00:00:00+00:00,109.5,112.4,107.5,110.8,345775.899,126.03,144.84166666666667,34.74202529505803,-10.51409078775312,-9.350713234203758,-1.1633775535493616
2022-01-30 00:00:00+00:00,110.9,112.2,107.0,108.6,276376.291,125.13499999999999,143.17166666666665,33.375996501557495,-10.328591510635363,-9.546288889490079,-0.7823026211452841
2022-01-31 00:00:00+00:00,108.5,111.3,104.3,109.5,447814.467,124.03,141.605,34.51043598294973,-9.993757700806512,-9.635782651753365,-0.35797504905314703
2022-02-01 00:00:00+00:00,109.4,116.9,108.2,115.0,597661.679,122.68499999999999,140.38833333333332,41.10975100784593,-9.17878810392287,-9.544383742187266,0.3655956382643968
2022-02-02 00:00:00+00:00,115.1,116.0,107.3,108.3,512026.267,121.26500000000001,139.48166666666665,36.30969642771229,-8.970150521134585,-9.42953709797673,0.4593865768421459
2022-02-03 00:00:00+00:00,108.3,111.1,105.4,111.0,380748.903,119.58000000000001,138.72666666666663,39.38141059136073,-8.489079474549627,-9.24144557329131,0.7523660987416836
2022-02-04 00:00:00+00:00,110.9,121.5,108.7,121.3,649501.138,118.25999999999999,138.06,49.40596239501905,-7.193777891332928,-8.831912036899634,1.6381341455667062
2022-02-05 00:00:00+00:00,121.3,123.8,118.8,121.7,442597.015,117.025,137.39166666666668,49.753476635570564,-6.065051261845966,-8.278539881888902,2.213488620042936
2022-02-06 00:00:00+00:00,121.8,128.0,120.5,127.6,415141.018,115.845,136.76666666666668,54.69638776134282,-4.6409486175260355,-7.551021629016329,2.9100730114902937
2022-02-07 00:00:00+00:00,127.5,139.9,125.0,137.4,694509.795,115.64000000000001,136.535,61.47549625817078,-2.690543997417521,-6.578926102696569,3.8883821052790477
2022-02-08 00:00:00+00:00,137.4,142.9,130.4,133.7,974024.21,115.51500000000001,136.29166666666666,57.949745423412644,-1.4269444346838611,-5.548529769094028,4.121585334410167
2022-02-09 00:00:00+00:00,133.6,141.0,132.0,140.1,615072.437,116.035,135.99333333333334,62.008551987705246,0.08985800830897972,-4.4208522136134265,4.510710221922406
2022-02-10 00:00:00+00:00,140.0,143.8,134.0,134.6,722895.221,117.03999999999999,135.58666666666667,56.923571784039595,0.8384655290776379,-3.3689886650752134,4.207454194152851
2022-02-11 00:00:00+00:00,134.5,134.8,124.8,125.6,536508.563,117.89999999999998,135.27,49.73613246720941,0.6974775122544656,-2.555695429609278,3.2531729418637436
2022-02-12 00:00:00+00:00,125.6,127.6,120.8,126.7,328295.304,118.62,134.875,50.55783455540851,0.6668176413844122,-1.9111928154105402,2.5780104567949524
2022-02-13 00:00:00+00:00,126.7,128.9,123.5,125.6,261891.161,119.425,134.40833333333333,49.68314834373375,0.5474480258436643,-1.4194646471596994,1.9669126730033637
2022-02-14 00:00:00+00:00,125.6,127.0,121.4,124.6,311463.001,120.26499999999999,134.00333333333333,48.85564348560134,0.3679140190713497,-1.0619889139134897,1.4299029329848394
2022-02-15 00:00:00+00:00,124.6,132.6,123.9,131.5,372015.055,121.49499999999998,133.79333333333332,54.48835779166658,0.7734880705281171,-0.6948935170251683,1.4683815875532855
2022-02-16 00:00:00+00:00,131.6,131.8,125.4,127.7,325088.116,122.53500000000001,133.445,51.147459447115864,0.7792969362503612,-0.4000554263700625,1.1793523626204236
2022-02-17 00:00:00+00:00,127.8,129.0,114.8,116.3,535445.236,122.88,132.83,42.6907848536483,-0.13443454429489066,-0.34693124995502816,0.2124967056601375
2022-02-18 00:00:00+00:00,116.3,123.6,114.1,114.9,686552.347,123.085,132.20166666666668,41.777253811864405,-0.9604699259836877,-0.4696389851607601,-0.49083094082292766
2022-02-19 00:00:00+00:00,114.9,117.2,113.0,115.5,361933.434,123.42999999999999,131.54833333333335,42.346659166006255,-1.5488398697457484,-0.6854791620777578,-0.8633607076679906
2022-02-20 00:00:00+00:00,115.5,115.8,108.4,110.6,468241.931,123.48499999999999,130.80166666666665,38.99281440760676,-2.3830460664853064,-1.0249925429592674,-1.358053523526039
2022-02-21 00:00:00+00:00,110.6,114.5,102.0,102.8,631230.777,122.875,129.78833333333333,34.33158135946735,-3.631691422147526,-1.5463323187969191,-2.0853591033506067
2022-02-22 00:00:00+00:00,102.7,107.9,100.2,107.4,537388.743,122.83,128.89166666666668,38.96541206966353,-4.201636456673199,-2.077393146372175,-2.1242433103010243
2022-02-23 00:00:00+00:00,107.4,111.5,104.9,105.4,432495.97,122.55,128.01833333333335,37.719169520706174,-4.7598368517383705,-2.613881887445414,-2.1459549642929563
2022-02-24 00:00:00+00:00,105.3,111.0,90.0,104.1,1288797.47718,121.69000000000001,127.15833333333333,36.893193217651074,-5.246633892296671,-3.140432288415666,-2.106201603881005
2022-02-25 00:00:00+00:00,104.2,110.7,101.5,109.2,604602.878,121.06500000000001,126.38000000000001,42.23717983081986,-5.16139927857688,-3.544625686447909,-1.616773592128971
2022-02-26 00:00:00+00:00,109.2,115.0,106.6,108.2,456598.44,120.09499999999998,125.75500000000001,41.495184179361814,-5.115572737587556,-3.8588150966758388,-1.256757640911717
2022-02-27 00:00:00+00:00,108.1,110.2,101.1,102.9,417924.626,118.37,125.045,37.713669495675425,-5.444163650059295,-4.17588480735253,-1.2682788427067653
2022-02-28 00:00:00+00:00,102.9,113.9,101.2,113.7,574622.74,117.37,124.47333333333333,48.094140319993976,-4.77802646011483,-4.29631313790499,-0.4817133222098402
2022-03-01 00:00:00+00:00,113.7,116.0,109.4,112.5,601477.274,115.99000000000001,123.91,47.15380399294479,-4.297400155057332,-4.296530541335459,-0.0008696137218731081
2022-03-02 00:00:00+00:00,112.5,114.7,109.1,110.3,513465.217,114.775,123.23499999999999,45.40119727574756,-4.047366438501655,-4.246697720768698,0.19933128226704344
2022-03-03 00:00:00+00:00,110.3,113.0,107.9,111.7,638112.361,114.08000000000001,122.57666666666665,46.757376914597536,-3.693666330789924,-4.136091442772944,0.44242511198302026
2022-03-04 00:00:00+00:00,111.7,112.7,99.0,101.0,635993.785,112.795,121.785,38.8207123429911,-4.228019051747509,-4.154476964567857,-0.07354208717965172
2022-03-05 00:00:00+00:00,101.0,105.4,99.4,104.9,298763.798,111.75999999999999,121.09166666666667,42.64231074144431,-4.2873778040447945,-4.181057132463245,-0.10632067158154968
2022-03-06 00:00:00+00:00,104.9,106.0,100.6,101.1,312844.282,110.58500000000001,120.52,40.01922221948593,-4.588158845827067,-4.262477475136009,-0.32568137069105774
2022-03-07 00:00:00+00:00,101.1,103.9,96.2,98.4,518690.842,108.93000000000002,119.895,38.220225733235225,-4.98691141308295,-4.407364262725398,-0.579547150357552
2022-03-08 00:00:00+00:00,98.3,102.6,97.8,100.7,489539.231,107.58,119.38333333333334,40.667069421055885,-5.059017710356542,-4.537694952251627,-0.5213227581049154
2022-03-09 00:00:00+00:00,100.8,109.3,100.4,106.9,548748.759,107.11000000000001,119.00833333333334,46.785479719530265,-4.563271730039787,-4.542810307809259,-0.020461422230527937
2022-03-10 00:00:00+00:00,106.9,107.1,99.5,102.5,544448.846,106.49000000000001,118.535,43.367621290770856,-4.4738608140646505,-4.529020409060338,0.05515959499568712
2022-03-11 00:00:00+00:00,102.6,107.0,99.6,104.6,462322.473,105.94500000000001,118.17,45.41713401973971,-4.185303990277134,-4.460277125303698,0.2749731350265634
2022-03-12 00:00:00+00:00,104.6,108.0,104.5,105.6,273690.902,105.69500000000001,117.73666666666668,46.41167208765329,-3.8317588549418815,-4.334573471231335,0.5028146162894531
2022-03-13 00:00:00+00:00,105.5,107.4,101.0,101.7,267778.849,105.64000000000001,117.06666666666666,43.11241105509396,-3.822209146574451,-4.232100606299959,0.40989145972550745
2022-03-14 00:00:00+00:00,101.7,106.4,100.8,105.6,461259.961,105.55,116.54833333333333,47.15775460084845,-3.4600581312259067,-4.077692111285149,0.6176339800592423
2022-03-15 00:00:00+00:00,105.5,108.6,102.4,106.8,455884.752,105.62,115.91666666666667,48.37423661130363,-3.0411642231183436,-3.8703865336517884,0.8292223105334449
2022-03-16 00:00:00+00:00,106.9,112.2,105.6,111.4,627565.504,105.98500000000001,115.31166666666668,52.85471099486314,-2.311362281175178,-3.5585816831564663,1.2472194019812881
2022-03-17 00:00:00+00:00,111.3,111.7,108.5,110.2,315598.565,106.035,114.70833333333333,51.59669123664627,-1.8089663177590154,-3.2086586100769763,1.3996922923179609
2022-03-18 00:00:00+00:00,110.2,113.0,107.7,111.9,362061.811,106.22,114.05333333333333,53.29274819515485,-1.2591237103217452,-2.8187516301259303,1.5596279198041851
2022-03-19 00:00:00+00:00,111.8,117.3,111.4,116.8,455077.798,106.91499999999999,113.64166666666667,57.87460213371748,-0.42310316363648326,-2.3396219368280406,1.9165187731915574
2022-03-20 00:00:00+00:00,116.8,118.5,111.3,114.9,456736.029,106.975,113.28666666666666,55.59713790118276,0.08515342608716026,-1.8546668642450006,1.9398202903321609
2022-03-21 00:00:00+00:00,114.9,116.8,113.1,116.0,414783.622,107.15,113.05833333333334,56.66047618335431,0.5701390342628088,-1.3697056845434388,1.9398447188062475
2022-03-22 00:00:00+00:00,116.1,123.7,115.6,122.7,613158.765,107.77000000000001,113.19500000000001,62.54413074031123,1.4780891371438685,-0.8001467202059773,2.278235857349846
2022-03-23 00:00:00+00:00,122.7,124.5,118.5,122.4,404116.575,108.30499999999999,113.42833333333333,62.13736255127768,2.1486701107726986,-0.21038335401024216,2.359053464782941
2022-03-24 00:00:00+00:00,122.5,127.7,120.0,126.5,494673.517,109.58,113.66499999999999,65.44500488898368,2.976633322467393,0.42701998128528484,2.5496133411821083
2022-03-25 00:00:00+00:00,126.4,127.3,121.5,123.9,388911.114,110.53,113.90499999999999,61.760391753008314,3.38399329376702,1.018414643781632,2.365578649985388
2022-03-26 00:00:00+00:00,124.0,125.6,121.9,124.8,222339.521,111.715,114.18833333333333,62.54646328891959,3.7363808120927473,1.5620078774438553,2.174372934648892
2022-03-27 00:00:00+00:00,124.8,129.8,123.2,129.7,360946.115,113.28,114.56833333333333,66.57509089985086,4.360771251668822,2.1217605522888485,2.239010699379974
2022-03-28 00:00:00+00:00,129.7,132.6,126.7,127.6,485087.181,114.625,114.91333333333334,63.4263155785312,4.632749274109685,2.623958296653016,2.008790977456669
2022-03-29 00:00:00+00:00,127.6,132.0,127.0,130.1,402240.888,115.78500000000001,115.25833333333334,65.51723539971057,4.992472804237337,3.0976611981698805,1.894811606067457
2022-03-30 00:00:00+00:00,130.0,134.1,125.8,131.1,469285.075,117.215,115.59666666666666,66.3460350872424,5.2971852816394716,3.537566014863799,1.7596192667756725
2022-03-31 00:00:00+00:00,131.1,132.9,121.1,123.8,925439.976,118.175,115.85,55.8020415125571,4.893217162434425,3.8086962443779244,1.0845209180565005
2022-04-01 00:00:00+00:00,123.9,126.4,119.1,124.8,459214.201,119.13499999999999,116.105,56.814528948874965,4.600726844966843,3.9671023644957084,0.6336244804711346
2022-04-02 00:00:00+00:00,124.8,128.3,123.5,124.8,446188.67,120.29,116.26833333333335,56.814528948874965,4.319137828774672,4.037509457351502,0.28162837142317
2022-04-03 00:00:00+00:00,124.9,129.5,123.6,128.7,304078.019,121.44500000000001,116.60833333333333,60.869068940192605,4.3604098208887905,4.10208953005896,0.25832029082983077
2022-04-04 00:00:00+00:00,128.8,128.9,121.2,124.8,459946.591,122.345,116.83833333333334,55.2797992215934,4.031943036124773,4.088060231272123,-0.05611719514735025
2022-04-05 00:00:00+00:00,124.8,127.3,122.5,122.7,266800.707,122.91,116.86166666666666,52.485107728884046,3.561127828276881,3.982673750673075,-0.42154592239619415
2022-04-06 00:00:00+00:00,122.8,123.2,111.4,111.7,609814.446,122.98499999999999,116.695,40.83858714706984,2.2741799836293524,3.6409749972643306,-1.3667950136349782
2022-04-07 00:00:00+00:00,111.6,115.0,110.1,114.1,302722.598,123.095,116.47000000000001,43.770349281114285,1.431423923194643,3.1990647824503933,-1.7676408592557502
2022-04-08 00:00:00+00:00,114.0,115.3,109.6,110.7,361955.502,122.79,116.025,40.6937544029694,0.48360736390027625,2.65597329874037,-2.172365934840094
2022-04-09 00:00:00+00:00,110.7,113.0,110.0,112.7,192659.628,122.67999999999999,115.675,43.221926953352444,-0.10495099297024524,2.103788440398247,-2.208739433368492
2022-04-10 00:00:00+00:00,112.7,114.5,110.0,110.3,201089.865,122.39500000000001,115.17833333333333,40.96515925565367,-0.7563291814816608,1.5317649160222655,-2.2880940975039263
2022-04-11 00:00:00+00:00,110.3,110.7,101.8,102.4,440456.851,121.38,114.64166666666667,34.567125448315224,-1.8882485122928188,0.8477622303592488,-2.7360107426520677
2022-04-12 00:00:00+00:00,102.5,105.8,101.7,104.8,298962.751,120.5,114.295,37.74805215018807,-2.5621084038138946,0.16578810352462015,-2.7278965073385146
2022-04-13 00:00:00+00:00,104.9,110.8,103.9,110.5,389766.945,119.7,114.025,44.632383813037265,-2.6061626390077492,-0.3886020449818537,-2.217560594025896
2022-04-14 00:00:00+00:00,110.6,112.4,105.9,107.3,323593.487,118.87,113.72,41.83526345425354,-2.8662488615783417,-0.8841314083011513,-1.9821174532771904
2022-04-15 00:00:00+00:00,107.3,112.9,107.0,111.0,303062.025,118.17999999999999,113.49333333333334,46.045667949285125,-2.7421996187310356,-1.2557450503871284,-1.4864545683439072
2022-04-16 00:00:00+00:00,111.0,114.9,110.1,114.3,256441.818,117.41000000000001,113.20666666666668,49.55314660581411,-2.3505120396486063,-1.474698448239424,-0.8758135914091822
2022-04-17 00:00:00+00:00,114.3,115.1,108.2,108.8,275657.857,116.47,112.89166666666667,44.375361161655135,-2.4555942835054196,-1.6708776152926232,-0.7847166682127964
2022-04-18 00:00:00+00:00,108.8,111.5,105.2,111.3,433957.577,115.53,112.80833333333334,47.08204700686071,-2.3105094969715054,-1.7988039916283998,-0.5117055053431057
2022-04-19 00:00:00+00:00,111.3,114.2,110.6,113.8,267982.503,114.66499999999999,112.78999999999999,49.71702098407192,-1.9710782881831648,-1.8332588509393528,-0.13781943724381196
2022-04-20 00:00:00+00:00,113.8,114.2,110.7,111.9,317572.869,114.07000000000001,112.72999999999999,47.77018875458594,-1.834246676873974,-1.8334564161262772,-0.000790260747696836
2022-04-21 00:00:00+00:00,111.9,114.5,105.4,106.8,374445.22,113.17,112.66666666666667,42.91271281629673,-2.112976933804106,-1.889360519661843,-0.22361641414226274
2022-04-22 00:00:00+00:00,106.8,108.7,104.7,105.4,307003.595,112.2,112.71000000000001,41.66038081304987,-2.4189567426946184,-1.9952797642683984,-0.42367697842622
2022-04-23 00:00:00+00:00,105.4,107.2,104.4,105.1,151820.201,111.02000000000001,112.67166666666667,41.38169192392304,-2.6550496785182958,-2.1272337471183778,-0.527815931399918
2022-04-24 00:00:00+00:00,105.2,105.9,103.5,104.6,188484.103,110.00999999999999,112.65833333333333,40.89072228806399,-2.8496518398785327,-2.271717365670409,-0.5779344742081238
2022-04-25 00:00:00+00:00,104.6,104.9,98.3,104.6,464513.108,109.10499999999999,112.66666666666667,40.89072228806399,-2.969643255874388,-2.411302543711205,-0.5583407121631829
2022-04-26 00:00:00+00:00,104.6,105.4,96.3,98.6,370089.57,108.45,112.49,35.095748078213774,-3.5084440147785614,-2.6307308379246765,-0.8777131768538848
2022-04-27 00:00:00+00:00,98.6,102.0,97.7,100.5,295862.61,107.76999999999998,112.36166666666666,38.087937160366835,-3.739032141956713,-2.852391098731084,-0.8866410432256289
2022-04-28 00:00:00+00:00,100.6,105.8,99.7,103.3,543891.391,107.4,112.36833333333334,42.308920740118346,-3.6537204792961973,-3.0126569748441065,-0.6410635044520907
2022-04-29 00:00:00+00:00,103.3,104.5,98.4,100.4,394065.385,106.785,112.14666666666668,39.31896272297887,-3.776582048672779,-3.165441989609841,-0.6111400590629379
2022-04-30 00:00:00+00:00,100.3,101.6,93.5,95.8,343937.913,106.05999999999999,111.86833333333334,35.08367656337168,-4.1967547078861,-3.3717045332650932,-0.825050174621007
2022-05-01 00:00:00+00:00,95.9,100.0,94.4,99.3,295463.925,105.905,111.685,40.34864660665942,-4.198921267578726,-3.53714788012782,-0.6617733874509057
2022-05-02 00:00:00+00:00,99.3,101.9,98.3,100.7,330388.68,105.7,111.50166666666668,42.36233847396751,-4.04108684833416,-3.637935673769088,-0.403151174565072
2022-05-03 00:00:00+00:00,100.7,101.4,97.4,99.4,307980.668,105.14500000000001,111.475,40.97898269915845,-3.975078834984913,-3.705364306012253,-0.2697145289726599
2022-05-04 00:00:00+00:00,99.3,107.1,99.0,106.3,475753.421,105.095,111.49833333333332,50.26278433959309,-3.327635760879545,-3.6298185969857117,0.3021828361061667
2022-05-05 00:00:00+00:00,106.3,106.9,94.8,96.8,586614.195,104.38499999999999,111.42666666666668,40.75713112379682,-3.5402927739208536,-3.6119134323727407,0.07162065845188703
2022-05-06 00:00:00+00:00,96.8,98.4,92.9,96.7,494007.711,103.505,111.39833333333333,40.669940449167186,-3.6745363850054105,-3.624438022899275,-0.0500983621061355
2022-05-07 00:00:00+00:00,96.7,97.4,92.6,94.3,298037.215,102.78,111.29166666666667,38.53903959185101,-3.9292909363109203,-3.685408605581604,-0.2438823307293161
2022-05-08 00:00:00+00:00,94.3,95.8,91.5,93.9,441180.21,101.91,111.075,38.179986303207755,-4.1160155456094145,-3.7715299935871665,-0.34448555202224806
2022-05-09 00:00:00+00:00,93.8,94.9,75.2,76.2,1075917.38183,100.03,110.63666666666668,26.440938977320315,-5.6273694070756335,-4.14269787628486,-1.4846715307907736
2022-05-10 00:00:00+00:00,76.2,85.0,73.3,80.2,1335840.74274,98.44500000000001,110.23,31.562064202004507,-6.4282606728161085,-4.59981043559111,-1.8284502372249989
2022-05-11 00:00:00+00:00,80.1,82.8,64.2,66.6,2156656.19047,96.43499999999999,109.57999999999998,25.15078883927191,-8.067383337737397,-5.293325016020367,-2.77405832171703
2022-05-12 00:00:00+00:00,66.7,69.9,54.4,64.5,2076325.53921,94.39,108.96,24.32898513594438,-9.427181626918028,-6.120096338199899,-3.3070852887181283
2022-05-13 00:00:00+00:00,64.4,73.2,63.2,67.9,1132719.666,92.53,108.33166666666668,28.407733391769497,-10.113893316425148,-6.91885573384495,-3.1950375825801984
2022-05-14 00:00:00+00:00,67.8,70.3,64.2,68.9,556982.007,90.745,107.7,29.609491909240944,-10.456885172119627,-7.626461621499886,-2.8304235506197406
2022-05-15 00:00:00+00:00,68.8,71.8,65.9,71.6,508046.555,89.095,107.03666666666666,32.885290981900084,-10.39105958701279,-8.179381214602468,-2.211678372410322
2022-05-16 00:00:00+00:00,71.5,71.6,64.9,67.3,577142.751,87.53,106.32166666666667,30.454518724358323,-10.56409014469817,-8.65632300062161,-1.9077671440765602
2022-05-17 00:00:00+00:00,67.2,73.9,67.1,73.2,639716.3,86.16499999999999,105.67666666666668,37.30247841306552,-10.108611634113231,-8.946780727319934,-1.1618309067932966
2022-05-18 00:00:00+00:00,73.1,74.4,65.7,66.0,701726.501,84.3,104.83,33.0283782463824,-10.210916372155069,-9.199607856286962,-1.011308515868107
2022-05-19 00:00:00+00:00,65.9,72.7,64.6,72.1,690029.823,82.88499999999999,104.11666666666666,39.36704294796057,-9.688096250995216,-9.297305535228613,-0.3907907157666024
2022-05-20 00:00:00+00:00,72.1,73.5,66.7,68.6,755303.038,81.525,103.32666666666667,37.19194533783578,-9.447275970872866,-9.327299622357465,-0.11997634851540084
2022-05-21 00:00:00+00:00,68.6,70.7,67.9,69.8,274675.04,80.05,102.445,38.44765275996413,-9.055211352875332,-9.27288196846104,0.21767061558570688
2022-05-22 00:00:00+00:00,69.8,72.6,69.4,71.7,290794.185,78.6,101.6,40.47681295209434,-8.493277975778966,-9.116961169924625,0.6236831941456593
2022-05-23 00:00:00+00:00,71.6,74.0,68.3,69.1,613835.768,77.08500000000001,100.64333333333335,38.60147293168678,-8.16363469770313,-8.926295875480326,0.7626611777771952
2022-05-24 00:00:00+00:00,69.0,70.8,67.0,70.2,492877.962,75.28,99.74833333333335,39.870770280098576,-7.724585010347965,-8.685953702453855,0.9613686921058893
2022-05-25 00:00:00+00:00,70.3,71.7,67.9,68.2,414049.811,73.85,98.805,38.31963808301581,-7.452114913299354,-8.439185944622954,0.9870710313236
2022-05-26 00:00:00+00:00,68.2,68.9,60.4,63.5,730443.128,72.19000000000001,97.70166666666667,34.884967755934724,-7.528645578992894,-8.257077871496943,0.7284322925040492
2022-05-27 00:00:00+00:00,63.4,64.1,60.9,61.6,739704.085,70.55499999999999,96.60166666666667,33.57482725394945,-7.654375923009283,-8.136537481799412,0.48216155879012845
2022-05-28 00:00:00+00:00,61.6,64.0,61.3,63.0,336506.622,69.01,95.48333333333333,35.49711245154582,-7.553972335865325,-8.020024452612594,0.4660521167472691
2022-05-29 00:00:00+00:00,63.1,64.4,61.8,63.6,315852.358,68.38,94.35833333333333,36.34729056744377,-7.341360154076,-7.884291592905275,0.5429314388292754
2022-05-30 00:00:00+00:00,63.7,69.8,63.2,69.1,612046.039,67.825,93.44666666666667,43.67589359615892,-6.652374995647605,-7.637908273453742,0.9855332778061365
2022-05-31 00:00:00+00:00,69.1,69.8,66.7,68.4,445048.542,67.915,92.50666666666666,42.99736804038876,-6.092601723424238,-7.328846963447841,1.236245240023603
2022-06-01 00:00:00+00:00,68.4,70.6,61.7,62.7,634020.203,67.825,91.47166666666665,37.84199670220882,-6.039302416429592,-7.070938054044191,1.031635637614599
2022-06-02 00:00:00+00:00,62.7,64.8,62.1,64.5,371742.76,67.655,90.40166666666666,40.27722882725051,-5.785129997371911,-6.813776442709735,1.0286464453378246
2022-06-03 00:00:00+00:00,64.4,64.9,61.4,62.6,281679.966,67.34,89.365,38.559932075329876,-5.671631606402244,-6.585347475448238,0.9137158690459941
2022-06-04 00:00:00+00:00,62.6,64.4,61.3,63.7,187841.045,66.94500000000001,88.38166666666666,40.15092046063632,-5.430325099444218,-6.354343000247434,0.9240179008032161
2022-06-05 00:00:00+00:00,63.8,63.9,61.7,63.2,194186.313,66.74,87.57333333333332,39.64834373279859,-5.219269288016207,-6.127328257801189,0.9080589697849817
2022-06-06 00:00:00+00:00,63.2,66.7,62.9,64.5,374528.282,66.30499999999999,86.74666666666666,41.691932685566165,-4.8907296148117325,-5.880008529203298,0.9892789143915657
2022-06-07 00:00:00+00:00,64.5,65.5,60.1,63.8,493587.564,66.19500000000001,85.96499999999999,40.889052443486456,-4.63343238236024,-5.630693299834688,0.9972609174744473
2022-06-08 00:00:00+00:00,63.9,64.5,61.1,61.3,460948.577,65.655,85.10833333333333,38.06936465436994,-4.578473782777323,-5.420249396423215,0.8417756136458925
2022-06-09 00:00:00+00:00,61.4,62.4,59.2,60.3,295546.594,65.24,84.275,36.9711146926809,-4.56301079127757,-5.248801675394087,0.6857908841165168
2022-06-10 00:00:00+00:00,60.2,60.4,55.6,56.7,505271.348,64.58500000000001,83.51333333333334,33.2520696863444,-4.786075276099396,-5.156256395535149,0.3701811194357525
2022-06-11 00:00:00+00:00,56.6,57.8,51.6,52.2,588679.33839,63.61,82.63666666666667,29.28629514572245,-5.265273088696553,-5.17805973416743,-0.08721335452912271
2022-06-12 00:00:00+00:00,52.2,52.6,47.3,47.9,751665.40626,62.55,81.59333333333333,26.084900934842892,-5.923729801259043,-5.327193747585753,-0.5965360536732902
2022-06-13 00:00:00+00:00,47.9,48.3,41.0,43.5,1585014.73295,61.214999999999996,80.53,23.280524061111592,-6.723104948693937,-5.60637598780739,-1.1167289608865465
2022-06-14 00:00:00+00:00,43.5,46.5,40.3,46.15,1538135.285,60.1125,79.44916666666667,28.281516133970186,-7.061383426613652,-5.897377475568643,-1.1640059510450094
2022-06-15 00:00:00+00:00,46.16,50.98,41.66,50.65,2010453.14,59.46999999999999,78.38833333333332,35.920270289834534,-6.886970457159144,-6.095296071886743,-0.7916743852724011
2022-06-16 00:00:00+00:00,50.66,51.22,44.02,44.78,1636635.976,58.629,77.32133333333334,31.24522932783944,-7.140100233715771,-6.304256904252549,-0.8358433294632217
2022-06-17 00:00:00+00:00,44.8,48.43,44.41,47.6,1207287.632,57.859,76.25966666666666,35.58277000620018,-7.032095355135162,-6.449824594429073,-0.5822707607060895
2022-06-18 00:00:00+00:00,47.6,48.4,41.46,47.18,1913775.171,57.038,75.14933333333333,35.22632468204853,-6.900842582969332,-6.540028192137125,-0.360814390832207
2022-06-19 00:00:00+00:00,47.17,56.45,44.91,54.29,2451326.02,56.2975,74.18916666666668,45.22885706066556,-6.152187646566254,-6.462460083022952,0.3102724364566978
2022-06-20 00:00:00+00:00,54.3,54.77,51.31,52.77,1979924.021,55.516000000000005,73.28866666666666,43.67606397029673,-5.616777794437731,-6.293323625305908,0.6765458308681778
2022-06-21 00:00:00+00:00,52.76,55.71,51.86,53.52,1381554.785,55.057,72.42399999999999,44.685181674977045,-5.0734592174773425,-6.049350743740195,0.9758915262628527
2022-06-22 00:00:00+00:00,53.53,53.55,50.41,52.13,927893.846,54.4385,71.54116666666667,43.14244500133289,-4.700848261539974,-5.779650247300152,1.0788019857601778
2022-06-23 00:00:00+00:00,52.15,56.77,51.9,55.74,994973.172,54.095499999999994,70.72683333333333,48.14924712121472,-4.067368472568646,-5.437193892353851,1.3698254197852053
2022-06-24 00:00:00+00:00,55.72,57.34,54.4,55.84,730614.764,53.7025,69.91416666666667,48.28509893057298,-3.5167234131458756,-5.053099796512256,1.5363763833663802
2022-06-25 00:00:00+00:00,55.85,59.76,54.59,58.88,618227.012,53.4865,69.25216666666667,52.37058621819701,-2.8027226011976154,-4.6030243574493275,1.800301756251712
2022-06-26 00:00:00+00:00,58.89,60.5,56.6,56.61,518719.077,53.092,68.52066666666666,49.242320518152546,-2.3924630180336166,-4.160912089566185,1.7684490715325687
2022-06-27 00:00:00+00:00,56.6,58.62,54.82,55.86,397024.694,52.69500000000001,67.73,48.21751579441462,-2.103599093696765,-3.7494494903923012,1.6458503966955362
2022-06-28 00:00:00+00:00,55.89,57.0,52.57,52.68,428561.798,52.263999999999996,66.93466666666667,44.03312132167336,-2.106983778689859,-3.420956348051813,1.3139725693619542
2022-06-29 00:00:00+00:00,52.71,54.45,51.36,53.68,451898.813,51.93300000000001,66.23266666666667,45.63097460623651,-2.0058523064914127,-3.1379355397397335,1.1320832332483208
2022-06-30 00:00:00+00:00,53.68,54.0,50.15,53.84,505134.988,51.79,65.47500000000001,45.89712726251992,-1.8909959985696432,-2.8885476315057153,0.9975516329360721
2022-07-01 00:00:00+00:00,53.84,56.28,50.04,51.19,606167.187,51.7395,64.64983333333333,42.21142815390958,-1.9908550621800032,-2.709009117640573,0.7181540554605697
2022-07-02 00:00:00+00:00,51.21,51.65,49.77,50.55,395349.861,51.872,63.83566666666666,41.34784134756665,-2.0974585443570177,-2.586699002983862,0.4892404586268442
2022-07-03 00:00:00+00:00,50.55,52.22,49.11,50.95,319754.383,52.2445,62.91316666666667,42.14452357256719,-2.1251682976939037,-2.4943928619258706,0.3692245642319669
2022-07-04 00:00:00+00:00,50.94,52.43,49.7,52.26,428499.128,52.55,62.170833333333334,44.789482500680755,-2.0181583517590624,-2.399145959892509,0.38098760813344645
2022-07-05 00:00:00+00:00,52.24,52.48,47.95,49.7,567147.955,52.5025,61.3875,40.858424699078846,-2.1155362191689804,-2.3424240117478035,0.22688779257882308
2022-07-06 00:00:00+00:00,49.7,51.2,48.96,50.34,369984.007,52.7805,60.654833333333336,42.223661825953755,-2.116666614214708,-2.2972725322411844,0.18060591802647652
2022-07-07 00:00:00+00:00,50.36,52.64,49.77,52.15,478416.357,53.008,59.958999999999996,46.0189096396872,-1.9490432301141922,-2.227626671815786,0.27858344170159377
2022-07-08 00:00:00+00:00,52.17,53.99,50.75,51.35,539059.048,53.216499999999996,59.54483333333334,44.623661588599234,-1.8593207128831395,-2.1539654800292567,0.2946447671461172
2022-07-09 00:00:00+00:00,51.35,54.8,51.33,54.09,369622.829,53.206500000000005,59.109666666666676,50.19354368998525,-1.5492609547917695,-2.0330245749817593,0.48376362018998975
2022-07-10 00:00:00+00:00,54.09,55.07,50.65,52.12,793607.197,53.174,58.86833333333333,46.56694221034125,-1.4458322445516103,-1.9155861088957296,0.46975386434411925
2022-07-11 00:00:00+00:00,52.12,52.25,48.26,48.71,458088.601,52.9335,58.60516666666667,41.03947013346959,-1.6203444260494706,-1.8565377723264778,0.23619334627700717
2022-07-12 00:00:00+00:00,48.7,49.37,47.28,47.33,466284.497,52.69349999999999,58.26233333333334,39.02084844489241,-1.8486905007153211,-1.8549683180042464,0.0062778172889252915
2022-07-13 00:00:00+00:00,47.32,49.73,46.41,49.56,601519.056,52.3845,57.940000000000005,43.82897611024245,-1.828634684562175,-1.8497015913158321,0.021066906753657078
2022-07-14 00:00:00+00:00,49.54,51.75,47.96,51.32,522186.191,52.158500000000004,57.602000000000004,47.356971181288905,-1.651683436185074,-1.8100979602896805,0.15841452410460644
2022-07-15 00:00:00+00:00,51.32,52.78,50.61,51.78,544118.253,51.8035,57.343333333333334,48.27145440882872,-1.4575286582692897,-1.7395840998856023,0.2820554416163126
2022-07-16 00:00:00+00:00,51.76,55.56,51.07,55.08,437141.035,51.727,57.041333333333334,54.39233001026301,-1.025555215078633,-1.5967783229242085,0.5712231078455756
2022-07-17 00:00:00+00:00,55.07,57.02,54.33,55.76,488379.926,51.722,56.87066666666667,55.559258487129355,-0.6211822300708221,-1.4016591043535314,0.7804768742827093
2022-07-18 00:00:00+00:00,55.76,59.56,55.23,58.6,704809.589,52.017999999999994,56.64566666666666,60.145698004388855,-0.07073408249978286,-1.1354740999827817,1.0647400174829988
2022-07-19 00:00:00+00:00,58.59,59.63,55.83,57.9,648764.405,52.229,56.467333333333336,58.54198661543502,0.30549434175102164,-0.8472804116360211,1.1527747533870427
2022-07-20 00:00:00+00:00,57.9,61.73,56.4,57.2,823588.205,52.397000000000006,56.257333333333335,56.90788604852245,0.540938328366309,-0.5696366636355551,1.110574992001864
2022-07-21 00:00:00+00:00,57.2,58.65,55.15,58.02,495146.27,52.7385,56.02933333333333,58.37370254055208,0.7846515563028973,-0.2987790196478647,1.083430575950762
2022-07-22 00:00:00+00:00,58.03,59.18,55.5,56.09,504430.421,53.015499999999996,55.8125,53.74020179796528,0.8126929564662859,-0.07648462442503456,0.8891775808913205
2022-07-23 00:00:00+00:00,56.09,57.24,54.5,56.32,359887.479,53.284000000000006,55.581166666666675,54.20669912125419,0.8437488345832804,0.10756206737662846,0.736186767206652
2022-07-24 00:00:00+00:00,56.32,59.78,56.32,58.39,353168.581,53.5905,55.41766666666667,58.284021492572464,1.0235931968164493,0.29076829326459264,0.7328249035518567
2022-07-25 00:00:00+00:00,58.39,59.02,53.89,54.0,480171.674,53.80550000000001,55.25933333333333,48.43465742062668,0.8026325894855546,0.393141152508785,0.4094914369767696
2022-07-26 00:00:00+00:00,54.0,54.15,51.96,53.88,420584.372,53.982499999999995,55.13066666666667,48.19490597866152,0.6107958448304558,0.4366720909731192,0.17412375385733658
2022-07-27 00:00:00+00:00,53.89,59.07,53.01,59.01,536658.831,54.3255,55.064166666666665,57.809671634644566,0.862766533834801,0.5218909795454556,0.34087555428934535
2022-07-28 00:00:00+00:00,59.0,64.29,58.02,63.41,793684.143,54.9285,55.06100000000001,63.983902753140306,1.4013445205608903,0.6977816877485425,0.7035628328123478
2022-07-29 00:00:00+00:00,63.4,64.58,59.76,60.65,598391.17,55.256499999999996,54.92016666666667,58.22764429067555,1.5871666523769363,0.8756586806742213,0.7115079717027151
2022-07-30 00:00:00+00:00,60.65,64.07,59.91,60.42,571176.572,55.6715,54.787166666666664,57.76129649387308,1.6963188450832263,1.0397907135560223,0.656528131527204
2022-07-31 00:00:00+00:00,60.43,63.02,59.61,59.74,362956.297,56.223,54.737833333333334,56.32498848940749,1.7082606616470173,1.1734847031742213,0.534775958472796
2022-08-01 00:00:00+00:00,59.74,60.75,58.25,59.44,413407.163,56.828500000000005,54.6535,55.66731857404463,1.6742178038363562,1.2736313233066483,0.4005864805297079
2022-08-02 00:00:00+00:00,59.46,59.85,56.63,58.05,499501.827,57.253,54.577666666666666,52.60258864190306,1.5175834530862744,1.3224217492625736,0.1951617038237008
2022-08-03 00:00:00+00:00,58.06,60.13,56.7,57.77,497789.611,57.5755,54.478833333333334,51.98176133220025,1.3552336517511776,1.3289841297602945,0.02624952199088315
2022-08-04 00:00:00+00:00,57.76,60.8,57.6,59.65,438458.424,57.96900000000001,54.419666666666664,55.757387290471186,1.3625637657849197,1.3357000569652195,0.026863708819700127
2022-08-05 00:00:00+00:00,59.64,62.57,59.61,62.47,487945.255,58.33850000000001,54.38583333333334,60.74358317769568,1.5777362053750679,1.3841072866471893,0.19362891872787857
2022-08-06 00:00:00+00:00,62.47,62.58,60.5,60.83,221909.184,58.592000000000006,54.336333333333336,56.738721343926045,1.5975124904627833,1.4267883274103081,0.17072416305247518
2022-08-07 00:00:00+00:00,60.82,62.0,59.86,61.1,242432.341,58.717,54.333,57.23857616814072,1.6163399219080006,1.4646986463098468,0.15164127559815377
2022-08-08 00:00:00+00:00,61.11,64.09,60.8,62.61,403958.239,58.95250000000001,54.371500000000005,60.02070678100884,1.733126770796332,1.518384271207144,0.214742499589188
2022-08-09 00:00:00+00:00,62.59,62.86,58.2,59.16,467966.92,59.0505,54.4125,51.738171990489114,1.529662031084385,1.5206398231825924,0.009022207901792534
2022-08-10 00:00:00+00:00,59.15,62.35,57.42,61.59,683606.931,59.229000000000006,54.569,56.311202670714614,1.5466664426367345,1.525845147073421,0.02082129556331358
2022-08-11 00:00:00+00:00,61.58,63.48,61.48,61.84,451609.23,59.51649999999999,54.80133333333333,56.76509544640981,1.5623061788371615,1.5331373534261692,0.029168825410992305
2022-08-12 00:00:00+00:00,61.84,63.08,60.66,62.88,361467.843,59.844500000000004,55.12433333333333,58.687914065457576,1.6397184373550218,1.55445357021194,0.08526486714308179
2022-08-13 00:00:00+00:00,62.88,65.66,62.63,63.8,502527.314,60.114999999999995,55.4185,60.36710018327172,1.755073130639893,1.5945774822975305,0.16049564834236252
2022-08-14 00:00:00+00:00,63.81,65.84,62.37,63.14,453041.878,60.57199999999999,55.626666666666665,58.529145962688446,1.7728003332916913,1.6302220524963627,0.14257828079532864
2022-08-15 00:00:00+00:00,63.13,65.32,59.64,60.67,521249.361,60.911500000000004,55.8915,52.13212853489871,1.5694492774400643,1.6180674974851033,-0.04861822004503891
2022-08-16 00:00:00+00:00,60.66,61.77,59.99,61.33,367330.078,61.027499999999996,56.120333333333335,53.59172381236207,1.4448927604344846,1.5834325500749795,-0.13853978964049496
2022-08-17 00:00:00+00:00,61.32,64.74,59.67,60.52,718429.134,60.882999999999996,56.342666666666666,51.51560177937739,1.2662243467072116,1.5199909094014261,-0.2537665626942145
2022-08-18 00:00:00+00:00,60.52,61.73,59.33,60.02,422084.3,60.85150000000001,56.43816666666667,50.22223745684051,1.071926024308837,1.4303779323829084,-0.35845190807407135
2022-08-19 00:00:00+00:00,60.03,60.19,53.26,53.99,807381.053,60.53000000000001,56.4585,37.87292158474263,0.4264566717253899,1.229593680251405,-0.803137008526015
2022-08-20 00:00:00+00:00,54.01,55.62,52.64,54.1,651478.682,60.248000000000005,56.46816666666667,38.17159388680409,-0.07533791131547929,0.9686073619380281,-1.0439452732535073
2022-08-21 00:00:00+00:00,54.11,56.0,53.8,55.67,377261.077,60.0595,56.527166666666666,42.4259373175058,-0.3423810984692679,0.706409669856569,-1.0487907683258368
2022-08-22 00:00:00+00:00,55.66,57.45,52.26,57.22,877776.632,60.01800000000001,56.551833333333335,46.350800058568126,-0.4240544661997916,0.4803168426452969,-0.9043713088450884
2022-08-23 00:00:00+00:00,57.23,57.75,53.88,57.08,562176.705,59.98350000000001,56.5725,46.045472816549676,-0.49437913361032315,0.28537764739417293,-0.7797567810044961
2022-08-24 00:00:00+00:00,57.1,57.69,55.56,56.46,437641.062,59.824,56.53216666666666,44.64295123071029,-0.5933015467255842,0.10964180857022152,-0.7029433552958058
2022-08-25 00:00:00+00:00,56.47,57.53,55.82,56.63,379154.499,59.532,56.532500000000006,45.136407616593175,-0.6504823370953545,-0.0423830205628937,-0.6080993165324609
2022-08-26 00:00:00+00:00,56.62,58.31,52.08,52.68,663761.061,59.1245,56.4795,36.90469309470143,-1.0029689126033574,-0.23450019897098645,-0.7684687136323709
2022-08-27 00:00:00+00:00,52.69,53.48,51.63,53.01,342396.436,58.720000000000006,56.48500000000001,37.92326964003173,-1.2413789770315233,-0.43587595458309386,-0.8055030224484294
2022-08-28 00:00:00+00:00,53.01,56.0,52.47,53.41,571920.844,58.260000000000005,56.4805,39.20441783972381,-1.3821118881700443,-0.625123141300484,-0.7569887468695603
2022-08-29 00:00:00+00:00,53.42,56.7,52.52,55.8,635767.414,58.092000000000006,56.51316666666666,46.33151189889733,-1.2859668825017039,-0.757291889540728,-0.5286749929609759
2022-08-30 00:00:00+00:00,55.78,56.25,51.81,53.01,505556.585,57.663,56.5435,40.38035276739064,-1.4185488081746414,-0.8895432732675108,-0.5290055349071305
2022-08-31 00:00:00+00:00,53.01,55.26,53.01,53.84,441087.366,57.263,56.598333333333336,42.73680811909463,-1.4400469116713808,-0.9996440009482848,-0.440402910723096
2022-09-01 00:00:00+00:00,53.83,57.82,53.19,57.58,746451.633,56.99799999999999,56.70883333333334,51.952337195217495,-1.14213178578796,-1.0281415579162199,-0.11399022787174018
2022-09-02 00:00:00+00:00,57.59,62.5,56.49,60.99,970963.365,56.857499999999995,56.85433333333333,58.50878142946339,-0.6236839602577859,-0.9472500383845331,0.3235660781267472
2022-09-03 00:00:00+00:00,60.99,62.23,59.53,60.15,604642.95,56.708000000000006,57.0285,56.46477027867858,-0.2773936814491549,-0.8132787669974576,0.5358850855483027
2022-09-04 00:00:00+00:00,60.15,60.99,58.61,60.9,416674.079,56.719500000000004,57.2045,57.879654152704354,0.056906607434513035,-0.6392416921110635,0.6961482995455766
2022-09-05 00:00:00+00:00,60.9,61.63,59.25,60.39,550152.845,56.6725,57.34183333333333,56.534151885824976,0.27749051915323264,-0.45589524985820434,0.7333857690114369
2022-09-06 00:00:00+00:00,60.39,62.74,54.0,54.11,893919.423,56.35200000000001,57.38783333333333,43.21287585729153,-0.053818273878000866,-0.37547985466216366,0.3216615807841628
2022-09-07 00:00:00+00:00,54.09,58.29,52.86,57.31,791215.198,56.216499999999996,57.4415,49.71490933765144,-0.05750672113747157,-0.3118852279572253,0.2543785068197537
2022-09-08 00:00:00+00:00,57.31,58.6,56.06,57.96,526585.078,56.415,57.53883333333333,50.94360139204039,-0.007889331142614253,-0.25108604859430306,0.2431967174516888
2022-09-09 00:00:00+00:00,57.97,61.94,57.7,61.13,640028.177,56.76649999999999,57.74583333333333,56.52307492873739,0.28395209214272654,-0.14407842044689714,0.42803051258962366
2022-09-10 00:00:00+00:00,61.14,64.69,60.54,63.28,643910.358,57.14699999999999,58.01166666666666,59.85781826845699,0.6808768301338901,0.020912629669260302,0.6599642004646298
2022-09-11 00:00:00+00:00,63.28,64.47,61.33,62.16,491835.138,57.39399999999999,58.22166666666667,57.38841472334069,0.8947537407522148,0.19568085188585121,0.6990728888663635
2022-09-12 00:00:00+00:00,62.16,63.23,60.08,61.38,492838.604,57.609,58.38933333333333,55.66605872943429,0.9899022748178297,0.3545251364722469,0.6353771383455827
2022-09-13 00:00:00+00:00,61.39,67.48,58.33,59.1,1440002.977,57.741,58.51133333333334,50.860900779815836,0.8712875676063518,0.45787762269906795,0.4134099449072839
2022-09-14 00:00:00+00:00,59.09,61.18,58.13,60.18,753407.479,57.91850000000001,58.596333333333334,52.93344222260965,0.8545804600463001,0.5372181901685145,0.3173622698777856
2022-09-15 00:00:00+00:00,60.16,60.83,55.83,56.34,696696.515,58.1015,58.606,45.5734100789859,0.5254272508747917,0.5348600023097699,-0.009432751434978237
2022-09-16 00:00:00+00:00,56.35,56.97,54.61,55.95,469333.524,58.2485,58.56183333333333,44.89071904033785,0.23044479638571858,0.4739769611249597,-0.2435321647392411
2022-09-17 00:00:00+00:00,55.93,58.44,55.81,57.83,314150.499,58.4695,58.56066666666666,48.86712582772584,0.146678545189026,0.408517277937773,-0.26183873274874697
2022-09-18 00:00:00+00:00,57.84,57.85,52.22,52.63,524264.696,58.311,58.484500000000004,40.22218706798853,-0.33543664928347283,0.2597264924935238,-0.5951631417769967
2022-09-19 00:00:00+00:00,52.64,53.74,50.01,52.91,1189979.555,58.306,58.39933333333333,40.82919168991948,-0.6870034067843349,0.07038051263795209,-0.757383919422287
2022-09-20 00:00:00+00:00,52.89,53.85,50.86,52.3,740261.769,58.229,58.33616666666667,39.879125016106315,-1.0032793175695147,-0.1443514534035413,-0.8589278641659734
2022-09-21 00:00:00+00:00,52.32,55.52,50.23,51.09,948476.557,57.904500000000006,58.249,37.99069556078545,-1.336164668554268,-0.38271409643368665,-0.9534505721205815
2022-09-22 00:00:00+00:00,51.09,54.09,50.62,53.57,615045.097,57.533500000000004,58.16866666666667,43.85867761310039,-1.3839105741001063,-0.5829533919669707,-0.8009571821331356
2022-09-23 00:00:00+00:00,53.58,55.34,51.4,55.22,628774.838,57.287,58.189,47.42352028718912,-1.273923342557957,-0.721147382085168,-0.552775960472789
2022-09-24 00:00:00+00:00,55.23,55.96,53.18,53.43,477670.635,56.9135,58.1815,44.148405520239145,-1.3160253880157242,-0.8401229832712793,-0.4759024047444449
2022-09-25 00:00:00+00:00,53.43,54.41,52.22,52.53,388583.254,56.520500000000006,58.0735,42.55701045089928,-1.4058087525422778,-0.953260137125479,-0.4525486154167988
2022-09-26 00:00:00+00:00,52.53,53.73,51.87,53.44,462703.227,56.487,57.907333333333334,44.7265286224545,-1.3875386392506428,-1.0401158375505117,-0.34742280170013107
2022-09-27 00:00:00+00:00,53.44,55.66,51.8,52.65,594149.312,56.254,57.774,43.20110151199596,-1.4204319847999187,-1.1161790670003933,-0.30425291779952546
2022-09-28 00:00:00+00:00,52.65,53.83,51.0,53.29,486979.887,56.02049999999999,57.655166666666666,44.84233256773136,-1.378961734335114,-1.1687356004673375,-0.21022613386777644
2022-09-29 00:00:00+00:00,53.29,54.16,52.24,53.96,415487.402,55.662,57.55883333333333,46.58250716752889,-1.27730884027482,-1.1904502484288342,-0.08685859184598588
2022-09-30 00:00:00+00:00,53.97,55.1,52.86,53.48,417555.874,55.172000000000004,57.4595,45.475586838677394,-1.2214006316489545,-1.1966403250728583,-0.02476030657609618
2022-10-01 00:00:00+00:00,53.49,53.83,52.44,52.92,227981.29,54.71,57.374,44.157248208067564,-1.2083511732480758,-1.198982494707902,-0.00936867854017387
2022-10-02 00:00:00+00:00,52.91,53.46,51.67,51.82,245935.517,54.23199999999999,57.27483333333334,41.60577161583369,-1.2721061426120812,-1.213607224288738,-0.05849891832334331
2022-10-03 00:00:00+00:00,51.82,54.34,51.5,54.17,377561.929,53.9855,57.1835,48.457705945943864,-1.1200952936224837,-1.1949048381554872,0.07480954453300348
2022-10-04 00:00:00+00:00,54.16,55.73,53.88,55.28,379502.091,53.7405,57.06366666666666,51.360852892125344,-0.8996868473357935,-1.1358612399915484,0.2361743926557549
2022-10-05 00:00:00+00:00,55.28,55.3,53.3,54.63,340455.979,53.654999999999994,56.96033333333333,49.59906419976408,-0.7686011774834185,-1.0624092274899226,0.2938080500065041
2022-10-06 00:00:00+00:00,54.62,55.05,53.34,53.53,389720.238,53.534000000000006,56.83416666666667,46.68080451551469,-0.7448890295650799,-0.9989051879049542,0.25401615833987434
2022-10-07 00:00:00+00:00,53.53,53.85,52.27,52.83,353877.822,53.284000000000006,56.671166666666664,44.87150235601193,-0.7736628278676321,-0.9538567158974899,0.1801938880298578
2022-10-08 00:00:00+00:00,52.84,53.55,52.38,52.79,244809.681,53.29200000000001,56.565000000000005,44.76473084678191,-0.7905806148241368,-0.9212014956828193,0.1306208808586825
2022-10-09 00:00:00+00:00,52.79,53.99,52.69,53.9,197759.856,53.341499999999996,56.43683333333333,48.43176306358116,-0.7062788169715475,-0.8782169599405649,0.17193814296901744
2022-10-10 00:00:00+00:00,53.89,54.46,52.5,52.63,393032.725,53.358000000000004,56.28333333333333,44.7695281894078,-0.7334921797141476,-0.8492720038952815,0.11577982418113386
2022-10-11 00:00:00+00:00,52.64,52.64,51.27,52.03,325528.77,53.404999999999994,56.1025,43.1109508425925,-0.7943175530342614,-0.8382811137230776,0.04396356068881613
2022-10-12 00:00:00+00:00,52.02,52.98,51.6,52.23,355312.415,53.338,55.909666666666666,43.85758479011853,-0.8169662922105942,-0.834018149420581,0.0170518572099867
2022-10-13 00:00:00+00:00,52.22,52.5,48.32,51.1,598879.562,53.132000000000005,55.708999999999996,40.614257983526386,-0.9155433238477642,-0.8503231843060177,-0.06522013954174644
2022-10-14 00:00:00+00:00,51.09,52.57,50.9,51.31,320840.529,53.025999999999996,55.553,41.48036811741499,-0.9655903620381707,-0.8733766198524483,-0.09221374218572242
2022-10-15 00:00:00+00:00,51.3,51.67,50.26,50.39,230281.317,52.919,55.370666666666665,38.80990417005953,-1.0671874391156848,-0.9121387837050957,-0.1550486554105891
2022-10-16 00:00:00+00:00,50.39,51.81,50.26,51.43,231209.546,52.81850000000001,55.219166666666666,43.25709607457966,-1.0516616454970418,-0.940043356063485,-0.11161828943355678
2022-10-17 00:00:00+00:00,51.43,52.16,51.05,51.82,219445.145,52.777,55.082499999999996,44.87505994120305,-0.9964017029696421,-0.9513150254447165,-0.04508667752492568
2022-10-18 00:00:00+00:00,51.85,52.2,50.75,51.86,267297.77,52.705499999999994,55.047,45.048129151058475,-0.9385609878502308,-0.9487642179258194,0.010203230075588654
2022-10-19 00:00:00+00:00,51.86,52.02,50.76,50.94,232758.435,52.554500000000004,54.99433333333333,41.797728608198184,-0.9559386499321718,-0.95019910432709,-0.0057395456050818305
2022-10-20 00:00:00+00:00,50.94,52.1,50.56,51.22,271491.392,52.4415,54.92016666666666,43.1423617938439,-0.9363235572620994,-0.9474239949140919,0.011100437651992534
2022-10-21 00:00:00+00:00,51.22,51.81,49.54,51.63,305760.951,52.376999999999995,54.827,45.14094717106469,-0.8775787005289999,-0.9334549360370735,0.055876235508073635
2022-10-22 00:00:00+00:00,51.64,52.48,51.37,52.18,187151.435,52.395,54.745333333333335,47.79209341609788,-0.7776779871280937,-0.9022995462552776,0.12462155912718398
2022-10-23 00:00:00+00:00,52.18,54.05,51.82,54.03,251178.625,52.388,54.70483333333333,55.5698886348872,-0.5429674226444448,-0.8304331215331111,0.28746569888866635
2022-10-24 00:00:00+00:00,54.04,54.2,52.11,52.54,349594.941,52.251,54.63666666666666,49.21099455905069,-0.4717501151698542,-0.7586965202604599,0.28694640509060565
2022-10-25 00:00:00+00:00,52.54,56.8,52.28,55.92,560410.004,52.3155,54.690666666666665,60.30708870963985,-0.14094738008098773,-0.6351466922245655,0.4941993121435778
2022-10-26 00:00:00+00:00,55.92,57.62,55.66,56.39,516629.568,52.4585,54.74699999999999,61.564560124501156,0.1573276674112094,-0.4766518202974106,0.63397948770862
2022-10-27 00:00:00+00:00,56.38,56.69,54.5,54.75,429463.431,52.5545,54.76933333333333,55.015204499633775,0.2583998252194917,-0.3296414911940302,0.5880413164135219
2022-10-28 00:00:00+00:00,54.75,55.56,53.5,54.92,434316.144,52.661,54.754666666666665,55.54315858202218,0.3482039394542511,-0.19407240506437395,0.542276344518625
2022-10-29 00:00:00+00:00,54.92,57.61,54.64,56.6,551803.761,52.79600000000001,54.814499999999995,60.479426101940426,0.5486122461686307,-0.045535474817773036,0.5941477209864037
2022-10-30 00:00:00+00:00,56.59,57.5,54.72,55.35,375670.757,52.932,54.839666666666666,55.53817312317773,0.5996602101622912,0.08350366217823982,0.5161565479840514
2022-10-31 00:00:00+00:00,55.36,56.42,54.0,55.01,474531.793,53.080999999999996,54.79683333333333,54.2400873346632,0.6056988120358184,0.18794269214975556,0.41775611988606287
2022-11-01 00:00:00+00:00,55.02,55.93,54.5,55.1,350582.944,53.2245,54.69866666666667,54.54296079964972,0.6107068469847619,0.27249552311675684,0.338211323868005
2022-11-02 00:00:00+00:00,55.1,62.94,54.7,60.95,2104437.286,53.717000000000006,54.712,68.93552323551603,1.074337565568861,0.4328639316071777,0.6414736339616833
2022-11-03 00:00:00+00:00,60.95,64.74,60.1,61.84,1374836.407,54.2435,54.727666666666664,70.46751286202706,1.496334993911745,0.6455581440680912,0.8507768498436538
2022-11-04 00:00:00+00:00,61.84,70.47,61.66,67.58,1439948.154,55.10300000000001,54.847500000000004,78.0023599362427,2.267799246956315,0.970006364645736,1.297792882310579
2022-11-05 00:00:00+00:00,67.59,71.92,67.11,69.23,1110640.601,55.99300000000001,55.099500000000006,79.61260814396812,2.9780028725957237,1.3716056662357334,1.6063972063599903
2022-11-06 00:00:00+00:00,69.26,71.08,67.53,68.26,805404.064,56.81500000000001,55.282000000000004,76.08649080205629,3.4231139425685413,1.781907321502295,1.6412066210662464
2022-11-07 00:00:00+00:00,68.26,73.36,66.21,67.42,1392881.038,57.592999999999996,55.43966666666667,73.06837037004225,3.6658292943413215,2.1586917160701002,1.5071375782712213
2022-11-08 00:00:00+00:00,67.42,68.88,54.04,57.82,2190119.395,57.937,55.3845,49.09819661742766,3.0484030965069877,2.336633992157478,0.7117691043495098
2022-11-09 00:00:00+00:00,57.79,59.79,47.6,50.68,2103687.619,57.910000000000004,55.1745,38.881761993408624,1.9603523364201791,2.2613776610100182,-0.3010253245898391
2022-11-10 00:00:00+00:00,50.69,61.33,49.57,60.56,2070234.582,58.356500000000004,55.14783333333333,53.347793967122136,1.8736988652818596,2.183841901864387,-0.3101430365825273
2022-11-11 00:00:00+00:00,60.56,64.42,58.51,61.49,1920110.08,58.822,55.14966666666667,54.440905229759814,1.8586433096574524,2.118802183423,-0.2601588737655476
2022-11-12 00:00:00+00:00,61.47,61.75,58.14,59.94,768579.231,59.11749999999999,55.163666666666664,52.2437537939816,1.7020198024342648,2.0354457072252528,-0.333425904790988
2022-11-13 00:00:00+00:00,59.96,60.35,56.23,57.37,585950.814,59.359,55.11683333333334,48.73191750613974,1.3548985953228225,1.8993362848447668,-0.5444376895219443
2022-11-14 00:00:00+00:00,57.37,59.31,53.24,56.7,1455419.171,59.398,55.12283333333333,47.82926629434806,1.0140498023400895,1.7222789883438314,-0.708229186003742
2022-11-15 00:00:00+00:00,56.7,59.54,56.48,58.01,785891.462,59.479000000000006,55.15716666666667,49.78765176136003,0.8399483286090046,1.5458128563968663,-0.7058645277878617
2022-11-16 00:00:00+00:00,58.0,60.19,56.72,57.49,708710.343,59.61600000000001,55.151500000000006,49.00133795209649,0.6524904978668857,1.3671483846908703,-0.7146578868239846
2022-11-17 00:00:00+00:00,57.49,63.34,57.01,62.59,1125276.943,59.9995,55.3175,56.29228404902939,0.9050236447456541,1.274723436701827,-0.36969979195617286
2022-11-18 00:00:00+00:00,62.59,64.0,61.58,62.62,820500.727,60.3005,55.47933333333334,56.33183216852338,1.0949567524740829,1.2387700998562783,-0.14381334738219542
2022-11-19 00:00:00+00:00,62.63,64.61,61.33,63.98,585835.654,60.73199999999999,55.674,58.17923675424873,1.339776631720305,1.2589714062290838,0.08080522549122127
2022-11-20 00:00:00+00:00,63.98,64.86,60.37,62.12,738121.307,61.0875,55.85783333333333,54.76673697457311,1.3679429002839214,1.2807657050400514,0.08717719524387002
2022-11-21 00:00:00+00:00,62.12,63.91,59.25,61.31,1219683.801,61.398,55.98683333333334,53.30053782980094,1.3098060121182797,1.286573766455697,0.02323224566258264
2022-11-22 00:00:00+00:00,61.34,71.32,61.07,70.66,2212093.045,61.883500000000005,56.244166666666665,64.9614695849028,1.9951995497421464,1.4282989231129872,0.5669006266291592
2022-11-23 00:00:00+00:00,70.65,83.66,69.61,79.02,3062621.766,62.74250000000001,56.67066666666667,71.75306813678355,3.1763460587096475,1.7779083502323192,1.3984377084773283
2022-11-24 00:00:00+00:00,79.01,79.52,75.11,78.66,1698054.062,63.296499999999995,57.10616666666667,71.11383230010605,4.036830120621971,2.2296927043102497,1.8071374163117215
2022-11-25 00:00:00+00:00,78.68,79.9,73.13,74.1,1546973.408,63.54,57.4505,63.408123952310575,4.3012340993780995,2.64400098332382,1.6572331160542797
2022-11-26 00:00:00+00:00,74.1,79.65,73.89,76.47,1274051.02,63.9505,57.847500000000004,65.50049878254671,4.648431130034567,3.0448870126659693,1.6035441173685974
2022-11-27 00:00:00+00:00,76.48,79.32,74.15,74.92,994997.591,64.3255,58.208,62.96467083539671,4.743831297870443,3.3846758697068644,1.3591554281635787
2022-11-28 00:00:00+00:00,74.92,75.34,70.53,73.97,1474228.831,65.133,58.541500000000006,61.39578858667469,4.688730787794611,3.645486853324414,1.0432439344701976
2022-11-29 00:00:00+00:00,73.96,77.98,73.4,75.8,1214848.559,66.389,58.9135,63.29316093651224,4.738110948985394,3.86401167245661,0.874099276528784
2022-11-30 00:00:00+00:00,75.81,80.88,75.42,79.16,1108600.292,67.31899999999999,59.350833333333334,66.54447281596421,4.99083773112649,4.089376884190586,0.9014608469359038
2022-12-01 00:00:00+00:00,79.15,80.66,76.27,77.57,968244.356,68.12299999999999,59.779999999999994,63.67043808841785,5.005129794272619,4.272527466206993,0.7326023280656262
2022-12-02 00:00:00+00:00,77.57,78.09,75.34,77.94,582041.35,69.023,60.17616666666666,64.05944213556594,4.988804432985162,4.415782859562627,0.573021573422535
2022-12-03 00:00:00+00:00,77.93,78.13,75.44,76.47,432581.631,69.978,60.529333333333334,61.25321301348603,4.80189647832421,4.493005583314944,0.3088908950092657
2022-12-04 00:00:00+00:00,76.44,77.51,75.79,77.07,390998.288,70.9965,60.90333333333333,61.98521310317724,4.648599402982157,4.524124347248387,0.12447505573376993
2022-12-05 00:00:00+00:00,77.07,85.0,76.82,80.19,1698312.839,72.10549999999999,61.34766666666666,65.6221985637635,4.7244082538910135,4.564181128576912,0.16022712531410122
2022-12-06 00:00:00+00:00,80.19,81.77,77.67,79.88,802781.092,73.225,61.7985,64.95721913280305,4.705233897721129,4.592391682405756,0.1128422153153732
2022-12-07 00:00:00+00:00,79.9,80.4,75.5,76.89,864677.814,73.94,62.20016666666666,58.771136688917316,4.398071836360444,4.553527713196694,-0.15545587683624973
2022-12-08 00:00:00+00:00,76.9,78.75,74.5,78.27,911785.771,74.7225,62.606333333333325,60.634496283641816,4.217382792999672,4.48629872915729,-0.2689159361576179
2022-12-09 00:00:00+00:00,78.26,78.85,75.84,76.31,621921.168,75.339,63.001,56.71394753730547,3.8714026844634475,4.363319520218521,-0.49191683575507383
2022-12-10 00:00:00+00:00,76.31,77.46,75.64,76.36,301184.283,76.051,63.4065,56.790701872114276,3.5602057027389122,4.2026967567226,-0.6424910539836874
2022-12-11 00:00:00+00:00,76.36,78.42,76.28,76.5,348230.246,76.8105,63.811,57.02050658853818,3.286986350074514,4.019554675392983,-0.7325683253184687
2022-12-12 00:00:00+00:00,76.51,76.71,73.49,76.23,656093.652,77.089,64.22983333333333,56.39754348475417,3.01392860824258,3.8184294619629022,-0.8045008537203224
2022-12-13 00:00:00+00:00,76.22,79.84,73.96,77.39,1018153.938,77.0075,64.6645,58.495540771576366,2.8581833277959987,3.6263802351295213,-0.7681969073335226
2022-12-14 00:00:00+00:00,77.4,79.11,74.2,75.3,911912.129,76.8395,65.07966666666667,53.50064991797257,2.536865135676365,3.4084772152388902,-0.8716120795625253
2022-12-15 00:00:00+00:00,75.29,75.47,71.7,72.42,598856.974,76.7555,65.4295,47.48367192450733,2.026466379620487,3.13207504811521,-1.1056086684947228
2022-12-16 00:00:00+00:00,72.43,73.56,65.0,66.25,1160661.942,76.24449999999999,65.67,37.701141187363724,1.1112939481850361,2.7279188281291757,-1.6166248799441396
2022-12-17 00:00:00+00:00,66.24,67.7,62.51,64.89,1344619.107,75.74300000000001,65.88716666666667,35.943363033968396,0.27312416346283896,2.2369598951959087,-1.9638357317330697
2022-12-18 00:00:00+00:00,64.89,65.96,63.03,64.37,639108.584,75.263,66.111,35.266316092157425,-0.42815557286894546,1.703936801582938,-2.1320923744518834
2022-12-19 00:00:00+00:00,64.39,65.02,61.04,63.37,866072.922,74.64150000000001,66.3135,33.94221368708605,-1.0524840777115827,1.152652625724034,-2.205136703435617
2022-12-20 00:00:00+00:00,63.36,66.35,63.08,65.55,850764.015,73.961,66.5455,39.293269708136435,-1.3557330877425642,0.6509754830307144,-2.0067085707732786
2022-12-21 00:00:00+00:00,65.56,66.84,64.61,65.4,573283.433,73.3525,66.76583333333333,39.05881766406191,-1.5898372057127972,0.2028129452820121,-1.7926501509948092
2022-12-22 00:00:00+00:00,65.4,66.7,64.24,66.21,505782.811,72.76599999999999,66.96883333333334,41.10248984478354,-1.6905189254249393,-0.1758534288593782,-1.514665496565561
2022-12-23 00:00:00+00:00,66.21,66.72,64.91,65.75,387146.613,72.22999999999999,67.18900000000001,40.276435011913065,-1.7868305984139283,-0.49804886277028826,-1.28878173564364
2022-12-24 00:00:00+00:00,65.75,66.05,65.06,65.76,218820.376,71.6645,67.353,40.30452224961114,-1.8411279992068614,-0.766664690057603,-1.0744633091492584
2022-12-25 00:00:00+00:00,65.77,69.72,65.3,69.15,563485.616,71.1125,67.56566666666667,49.05186215748096,-1.5922598317459773,-0.9317837183952778,-0.6604761133506994
2022-12-26 00:00:00+00:00,69.15,71.83,68.58,70.78,724746.003,70.6575,67.83283333333334,52.64499325489291,-1.2491037480459113,-0.9952477243254045,-0.25385602372050675
2022-12-27 00:00:00+00:00,70.77,71.14,67.77,68.67,688534.199,70.2465,68.062,47.93246422152557,-1.134333554286087,-1.0230648903175412,-0.11126866396854584
2022-12-28 00:00:00+00:00,68.68,69.48,65.69,66.32,693169.686,69.649,68.224,43.28511188756975,-1.218951396163277,-1.0622421914866884,-0.15670920467658855
2022-12-29 00:00:00+00:00,66.32,67.3,65.57,66.66,498307.656,69.16650000000001,68.4125,44.12914004767725,-1.244233734999682,-1.0986405001892872,-0.14559323481039477
2022-12-30 00:00:00+00:00,66.66,68.72,66.04,67.94,476504.755,68.74549999999999,68.628,47.308337449354305,-1.1477542712960087,-1.1084632544106316,-0.03929101688537706
2022-12-31 00:00:00+00:00,67.94,71.12,67.62,70.14,563994.497,68.4275,68.87866666666667,52.329238084259174,-0.88358655162736,-1.0634879138539772,0.17990136222661723
2023-01-01 00:00:00+00:00,70.14,71.55,68.91,70.91,497824.424,68.1615,69.04466666666667,53.98203635277713,-0.6051236766547561,-0.9718150664141331,0.366691389759377
2023-01-02 00:00:00+00:00,70.92,77.96,70.0,74.74,1056995.281,68.02900000000001,69.25966666666666,61.18988162849373,-0.07453169567446594,-0.7923583922661996,0.7178266965917337
2023-01-03 00:00:00+00:00,74.75,76.52,73.62,75.57,725798.101,68.0425,69.39283333333333,62.55853932436788,0.4082344625941374,-0.5522398212941323,0.9604742838882697
2023-01-04 00:00:00+00:00,75.57,77.99,74.32,75.46,773197.793,68.1945,69.49666666666667,62.245242985943065,0.7730428833163359,-0.28718328037203866,1.0602261636883745
2023-01-05 00:00:00+00:00,75.46,76.27,73.53,74.25,562086.168,68.59450000000001,69.5965,58.759281651812366,0.9535276245281352,-0.03904109939200387,0.9925687239201391
2023-01-06 00:00:00+00:00,74.25,76.58,72.42,75.91,797819.975,69.1455,69.73800000000001,61.91083894824295,1.2164882893005853,0.21206477834651397,1.0044235109540713
2023-01-07 00:00:00+00:00,75.91,76.87,75.47,76.4,388687.641,69.747,70.04766666666666,62.814174470331054,1.4477368068368293,0.45919918404457705,0.9885376227922522
2023-01-08 00:00:00+00:00,76.4,78.98,75.08,78.68,626879.182,70.5125,70.51433333333334,66.76401600962215,1.7942963370223453,0.7262186146401307,1.0680777223822147
2023-01-09 00:00:00+00:00,78.67,83.61,78.09,81.62,1179300.917,71.316,70.86533333333334,71.03624289784216,2.2798994294808352,1.0369547776082717,1.2429446518725635
2023-01-10 00:00:00+00:00,81.61,82.85,79.43,80.83,847925.336,72.0875,71.18766666666667,68.48865685202672,2.5713559899029406,1.3438350200672056,1.227520969835735
2023-01-11 00:00:00+00:00,80.82,85.0,79.88,84.08,968676.069,72.98100000000001,71.58999999999999,72.80897225877928,3.029661204023938,1.6810002568585523,1.3486609471653859
2023-01-12 00:00:00+00:00,84.08,87.7,81.0,86.09,1427276.097,73.998,72.06866666666666,75.08418022388035,3.5145480674631813,2.0477098189794782,1.466838248483703
2023-01-13 00:00:00+00:00,86.09,87.99,83.59,86.23,891288.557,75.0215,72.56083333333332,75.2395870253537,3.8655614440328065,2.411280143990144,1.4542813000426627
2023-01-14 00:00:00+00:00,86.24,91.23,85.92,87.84,1747194.881,75.95599999999999,73.05799999999999,77.01508532542476,4.224952990416057,2.7740147132753266,1.4509382771407302
2023-01-15 00:00:00+00:00,87.84,88.68,85.21,87.37,586627.267,76.7855,73.556,75.31718144281477,4.420887073873956,3.1033891853950526,1.3174978884789037
2023-01-16 00:00:00+00:00,87.37,89.16,83.91,85.91,750074.107,77.64750000000001,73.94466666666668,70.14389129486659,4.407548967479173,3.364221141811877,1.0433278256672955
2023-01-17 00:00:00+00:00,85.94,89.39,84.52,87.02,740669.448,78.6825,74.35133333333333,71.73353253405097,4.435417414406572,3.5784603963308164,0.856957018075756
2023-01-18 00:00:00+00:00,87.04,88.4,82.11,82.62,935842.004,79.48049999999999,74.662,58.44872316335794,4.055708449299459,3.673910006924545,0.3817984423749139
2023-01-19 00:00:00+00:00,82.62,84.57,81.67,84.21,484324.341,80.29400000000001,75.03016666666666,61.24205770404557,3.838834377499893,3.706894881039615,0.1319394964602778
2023-01-20 00:00:00+00:00,84.21,91.42,83.0,90.28,757424.447,81.301,75.51299999999999,69.6346044765902,4.109387918084295,3.787393488448551,0.32199442963574354
2023-01-21 00:00:00+00:00,90.28,92.1,87.57,87.91,720620.997,82.151,75.80050000000001,63.82350821826555,4.08546960466083,3.847008711691007,0.23846089296982242
2023-01-22 00:00:00+00:00,87.91,90.05,86.07,87.58,501770.041,82.79299999999999,75.94316666666667,63.03471525288598,3.993847340814412,3.876376437515688,0.11747090329872378
2023-01-23 00:00:00+00:00,87.58,93.2,87.51,89.9,691207.974,83.5095,76.1305,66.1976349927271,4.061620811124897,3.91342531223753,0.14819549888736638
2023-01-24 00:00:00+00:00,89.91,91.45,86.0,87.19,499687.344,84.09599999999999,76.34866666666666,59.76475768803511,3.852251070643078,3.90119046391864,-0.04893939327556218
2023-01-25 00:00:00+00:00,87.19,91.93,85.53,89.38,529309.147,84.85249999999999,76.56383333333333,62.9021647498266,3.8190155067824776,3.8847554724914075,-0.06573996570892993
2023-01-26 00:00:00+00:00,89.38,89.96,86.82,87.52,475990.334,85.433,76.77383333333334,58.71457900632188,3.6010786347346198,3.8280201049400504,-0.22694147020543065
2023-01-27 00:00:00+00:00,87.51,89.23,85.81,88.89,418850.126,86.0575,77.02250000000001,60.785380332354045,3.49858018928704,3.7621321218094486,-0.2635519325224087
2023-01-28 00:00:00+00:00,88.89,89.96,86.96,89.67,392046.681,86.607,77.25366666666666,61.95540077348924,3.4406275019502175,3.6978311978376026,-0.2572036958873851
2023-01-29 00:00:00+00:00,89.66,97.77,89.65,94.84,1268331.01,87.268,77.515,68.63526567377298,3.7684351970344636,3.711951997676975,0.0564831993574888
2023-01-30 00:00:00+00:00,94.86,96.06,88.3,91.37,987138.227,87.795,77.74499999999999,60.905682183405176,3.7055103405103296,3.710663666243646,-0.005153325733316283
2023-01-31 00:00:00+00:00,91.36,96.28,91.31,94.09,1045907.002,88.29549999999999,78.01416666666665,64.29963315906417,3.830962258156532,3.734723384626223,0.09623887353030902
2023-02-01 00:00:00+00:00,94.09,102.53,93.73,100.33,1324424.131,89.00750000000001,78.41183333333333,70.60446685967051,4.383370885849089,3.8644528848707966,0.5189180009782928
2023-02-02 00:00:00+00:00,100.32,102.34,97.92,98.64,730534.055,89.628,78.77133333333333,67.14581609119153,4.631401908846385,4.0178426896659145,0.6135592191804706
2023-02-03 00:00:00+00:00,98.64,100.76,97.48,99.86,568938.087,90.22900000000001,79.09916666666666,68.35110429119781,4.8702706373047135,4.188328279193675,0.6819423581110389
2023-02-04 00:00:00+00:00,99.86,101.36,98.23,98.51,357081.561,90.786,79.40966666666667,65.48810484083444,4.894224534104779,4.329507530175896,0.5647170039288838
2023-02-05 00:00:00+00:00,98.51,98.89,94.86,96.63,417682.275,91.32199999999999,79.73866666666666,61.617418393367146,4.707245683630703,4.405055160866857,0.30219052276384595
2023-02-06 00:00:00+00:00,96.65,97.96,94.81,95.93,371415.943,91.7675,80.033,60.19088747093779,4.4512680009671755,4.414297728886921,0.036970272080254496
2023-02-07 00:00:00+00:00,95.92,101.58,95.89,100.86,672704.474,92.6795,80.44216666666667,66.13704147217989,4.593265337900689,4.450091250689675,0.14317408721101454
2023-02-08 00:00:00+00:00,100.85,102.41,96.86,99.22,559839.764,93.42999999999999,80.82316666666667,62.777798987040526,4.521345697744309,4.464342140100602,0.057003557643707126
2023-02-09 00:00:00+00:00,99.2,99.49,89.78,92.05,930317.558,93.5185,81.08233333333334,50.66229598474309,3.8415072822628815,4.339775168533057,-0.4982678862701757
2023-02-10 00:00:00+00:00,92.06,94.17,90.99,93.34,641293.685,93.78999999999999,81.36749999999999,52.4406827347435,3.3679984691960954,4.145419828665665,-0.77742135946957
2023-02-11 00:00:00+00:00,93.32,94.83,92.63,94.28,359543.176,94.125,81.64900000000002,53.74893601786925,3.0336197869449535,3.9230598203215234,-0.88944003337657
2023-02-12 00:00:00+00:00,94.29,94.57,90.88,92.51,306598.202,94.2555,81.93583333333332,50.90917138363268,2.595874440030883,3.6576227442633957,-1.0617483042325127
2023-02-13 00:00:00+00:00,92.5,95.0,88.16,91.05,740201.598,94.4485,82.24633333333333,48.62697003939113,2.106861710226056,3.3474705374559277,-1.2406088272298716
2023-02-14 00:00:00+00:00,91.05,95.96,90.32,95.82,622092.631,94.7705,82.73916666666668,55.62598415248224,2.0802350790658437,3.094023445777911,-1.0137883667120673
2023-02-15 00:00:00+00:00,95.82,103.28,95.04,102.82,764436.261,95.5355,83.37133333333333,63.48751948766287,2.5940719340934066,2.9940331434410106,-0.39996120934760393
2023-02-16 00:00:00+00:00,102.83,105.71,98.48,98.55,687509.194,96.0185,83.941,56.8688922294655,2.6264618127150783,2.920518877295824,-0.29405706458074565
2023-02-17 00:00:00+00:00,98.56,101.7,98.19,100.12,569585.278,96.54100000000001,84.5535,58.57874712484664,2.7471494747381655,2.8858449967842925,-0.138695522046127
2023-02-18 00:00:00+00:00,100.12,101.94,98.93,99.71,434788.196,96.7845,85.12283333333333,57.932851362067744,2.777692235870333,2.8642144446015005,-0.08652220873116745
2023-02-19 00:00:00+00:00,99.71,101.5,96.72,97.43,433963.156,97.0875,85.65666666666667,54.344355320722265,2.5880867953229654,2.8089889147457936,-0.22090211942282822
2023-02-20 00:00:00+00:00,97.43,98.72,94.39,95.9,935281.523,97.17800000000001,86.1515,52.0159151763508,2.287990375574182,2.7047892069114714,-0.41679883133728923
2023-02-21 00:00:00+00:00,95.9,96.81,91.42,93.8,739676.014,96.8515,86.619,48.91785003125576,1.8592767660778406,2.5356867187447456,-0.676409952666905
2023-02-22 00:00:00+00:00,93.81,95.56,91.57,95.28,693131.993,96.68350000000001,87.111,51.12712267085975,1.6202643738390918,2.352602249763615,-0.7323378759245234
2023-02-23 00:00:00+00:00,95.26,96.28,93.31,94.59,474230.846,96.41999999999999,87.53500000000001,50.04051203897794,1.3594966662578685,2.153981133062466,-0.7944844668045974
2023-02-24 00:00:00+00:00,94.6,95.28,90.0,91.55,501375.88,96.072,87.88116666666669,45.45667241184765,0.8971915202468494,1.9026232104993426,-1.0054316902524931
2023-02-25 00:00:00+00:00,91.56,93.51,90.34,93.15,426347.651,95.898,88.28916666666667,48.148811346247214,0.65239755661716,1.6525780797229062,-1.0001805231057461
2023-02-26 00:00:00+00:00,93.14,95.54,92.77,95.27,343656.079,95.865,88.77166666666666,51.56040211002147,0.622289493299121,1.446520362438149,-0.8242308691390281
2023-02-27 00:00:00+00:00,95.26,96.09,92.4,94.07,390505.03,95.52550000000001,89.2285,49.57217383508309,0.49588244091833644,1.2563927781341866,-0.7605103372158502
2023-02-28 00:00:00+00:00,94.07,96.02,93.02,93.8,380334.634,95.25450000000001,89.65950000000001,49.113275951369424,0.3696560330311769,1.0790454291135847,-0.7093893960824078
2023-03-01 00:00:00+00:00,93.79,98.37,93.56,97.78,578624.04,95.541,90.12016666666666,55.63316926014785,0.5840409723442974,0.9800445377597273,-0.3960035654154299
2023-03-02 00:00:00+00:00,97.77,98.33,93.89,95.39,531837.148,95.64349999999999,90.52816666666666,51.3762274006936,0.5546953724062149,0.8949747046890248,-0.34027933228280993
2023-03-03 00:00:00+00:00,95.39,95.52,85.3,90.56,932908.772,95.45750000000001,90.79183333333334,44.04184810721336,0.1400833454187591,0.7439964328349717,-0.6039130874162126
2023-03-04 00:00:00+00:00,90.56,90.85,87.4,89.34,347999.151,95.299,91.02133333333333,42.39551229327061,-0.28367346598643906,0.5384624530706895,-0.8221359190571286
2023-03-05 00:00:00+00:00,89.34,91.78,89.18,89.93,358378.991,95.24300000000001,91.2625,43.495562013728744,-0.565378392688686,0.31769428391881444,-0.8830726766075003
2023-03-06 00:00:00+00:00,89.93,90.63,86.4,87.36,628899.913,94.82,91.481,39.91948607224334,-0.9846585672538168,0.05722371368428819,-1.041882280938105
2023-03-07 00:00:00+00:00,87.35,88.95,84.0,86.29,642884.79,93.9935,91.654,38.50023098720744,-1.3872893756196305,-0.23167890417649556,-1.155610471443135
2023-03-08 00:00:00+00:00,86.3,86.71,81.3,82.76,625642.83,93.204,91.76,34.18250555649371,-1.9685267397168218,-0.5790484712845608,-1.3894782684322609
2023-03-09 00:00:00+00:00,82.75,84.96,75.0,76.68,1098081.742,92.03200000000001,91.72666666666666,28.29630593936467,-2.8864930307933605,-1.040537383186321,-1.8459556476070396
2023-03-10 00:00:00+00:00,76.69,76.85,67.97,71.37,1958666.309,90.61500000000001,91.55583333333334,24.35222853947829,-3.996392626015222,-1.6317084317521013,-2.3646841942631207
2023-03-11 00:00:00+00:00,71.39,73.83,65.0,69.21,1897147.773,89.204,91.36216666666665,22.95084114370742,-4.9927368373598,-2.303914112873641,-2.688822724486159
2023-03-12 00:00:00+00:00,69.21,76.42,67.39,76.26,1393380.049,88.22200000000001,91.23183333333333,35.91379810406535,-5.15405795066556,-2.8739428804320246,-2.2801150702335358
2023-03-13 00:00:00+00:00,76.25,83.19,74.0,81.46,1843523.521,87.60499999999999,91.15466666666666,43.4686268146743,-4.80689861834766,-3.260534028015152,-1.5463645903325078
2023-03-14 00:00:00+00:00,81.45,88.24,79.17,83.94,1368971.071,87.038,91.11650000000002,46.69602608690902,-4.282293459200062,-3.4648859142521338,-0.8174075449479283
2023-03-15 00:00:00+00:00,83.92,85.44,75.0,76.43,1324587.202,86.13000000000001,90.92633333333333,39.366684807510694,-4.421565275147671,-3.6562217864312414,-0.7653434887164297
2023-03-16 00:00:00+00:00,76.43,79.87,75.58,78.86,792504.712,85.49549999999999,90.78450000000001,42.51096376658347,-4.286447008153374,-3.782266830775668,-0.5041801773777057
2023-03-17 00:00:00+00:00,78.85,85.57,78.16,85.51,935169.321,85.1135,90.77783333333332,50.13226995592055,-3.601252388620466,-3.746063942344628,0.14481155372416188
2023-03-18 00:00:00+00:00,85.51,87.92,81.88,83.02,990444.094,84.501,90.71116666666667,47.58832791449207,-3.222011562620395,-3.6412534663997818,0.41924190377938686
2023-03-19 00:00:00+00:00,83.01,86.39,82.11,83.98,612655.582,83.9965,90.73383333333332,48.66980988836161,-2.8115862822770623,-3.4753200295752382,0.6637337472981759
2023-03-20 00:00:00+00:00,83.99,84.3,77.72,78.05,943193.308,83.209,90.63116666666666,42.795492089075424,-2.931035577936541,-3.366463139247499,0.43542756131095794
2023-03-21 00:00:00+00:00,78.04,83.48,76.71,82.48,906639.731,82.444,90.50116666666668,47.85856821237329,-2.6378287802003797,-3.2207362674380753,0.5829074872376956
2023-03-22 00:00:00+00:00,82.48,88.31,79.0,87.27,1760098.981,82.03800000000001,90.49049999999998,52.73030151872714,-1.9959393656754685,-2.975776887085554,0.9798375214100856
2023-03-23 00:00:00+00:00,87.25,94.54,85.58,93.61,1868065.227,82.1905,90.591,58.285798495834,-0.9645338202137879,-2.5735282737112013,1.6089944534974134
2023-03-24 00:00:00+00:00,93.61,95.98,89.07,93.58,1325987.089,82.4025,90.65233333333335,58.25091182788032,-0.14785387638809766,-2.0883933942465807,1.940539517858483
2023-03-25 00:00:00+00:00,93.58,94.31,90.01,91.5,684739.493,82.481,90.72416666666668,55.758968090784855,0.3277541009840377,-1.605163895200457,1.9329179961844947
2023-03-26 00:00:00+00:00,91.49,94.81,90.54,93.32,588285.448,82.77900000000001,90.78983333333333,57.473281087665555,0.8418315293982914,-1.1157648102807074,1.9575963396789988
2023-03-27 00:00:00+00:00,93.32,94.1,87.66,89.23,764069.755,82.926,90.81833333333334,52.54564942786428,0.9087374174220031,-0.7108643647401653,1.6196017821621684
2023-03-28 00:00:00+00:00,89.24,89.59,85.56,89.13,881860.674,83.2445,90.82233333333333,52.42729321589336,0.9428233705183828,-0.3801268176884557,1.3229501882068386
2023-03-29 00:00:00+00:00,89.13,93.0,88.93,91.31,708985.063,83.976,90.84966666666668,54.816612863248025,1.1326875973543906,-0.07756393467988643,1.210251532034277
2023-03-30 00:00:00+00:00,91.31,93.34,86.66,89.06,751300.11,84.8605,90.75333333333334,51.9182854689794,1.089046320973992,0.15575811645088927,0.9332882045231028
2023-03-31 00:00:00+00:00,89.06,90.27,87.23,89.57,489786.451,85.8785,90.72333333333334,52.5309435767527,1.0831274141691267,0.3412319759945368,0.7418954381745899
2023-04-01 00:00:00+00:00,89.56,94.32,89.34,92.57,687331.248,86.69399999999999,90.69800000000001,56.07639831993987,1.3054630009838917,0.5340781809924078,0.7713848199914839
2023-04-02 00:00:00+00:00,92.57,94.58,90.36,92.77,641228.631,87.2595,90.57200000000002,56.31067556086935,1.480734893776301,0.7234095235491864,0.7573253702271145
2023-04-03 00:00:00+00:00,92.77,95.9,89.51,92.97,909253.989,87.711,90.47749999999999,56.56019518342985,1.6171361215335764,0.9021548431460645,0.7149812783875119
2023-04-04 00:00:00+00:00,92.97,94.12,91.57,92.58,505371.32,88.51849999999999,90.35616666666667,55.88987574390628,1.674463167536743,1.0566165080242003,0.6178466595125427
2023-04-05 00:00:00+00:00,92.57,95.05,91.11,92.64,690226.2,89.20750000000001,90.25833333333334,55.97631849882424,1.7050816432653022,1.1863095350724207,0.5187721081928816
2023-04-06 00:00:00+00:00,92.63,92.65,89.82,90.97,385392.357,89.4805,90.164,52.87065151940285,1.5764199744684078,1.2643316229516182,0.3120883515167896
2023-04-07 00:00:00+00:00,90.97,91.48,89.03,90.6,301548.406,89.8595,90.07516666666666,52.179897045155236,1.4281361031948592,1.2970925190002665,0.13104358419459272
2023-04-08 00:00:00+00:00,90.6,91.44,89.24,89.91,199093.068,90.156,89.89266666666667,50.84577378687294,1.2406414906221954,1.2858023133246523,-0.045160822702456915
2023-04-09 00:00:00+00:00,89.91,91.03,89.13,90.58,253822.749,90.7825,89.74866666666667,52.125759235641006,1.1330529310211404,1.25525243686395,-0.12219950584280959
2023-04-10 00:00:00+00:00,90.56,94.47,89.84,93.78,522079.986,91.3475,89.77749999999999,57.78055067779231,1.2911182711511202,1.2624256037213841,0.028692667429736085
2023-04-11 00:00:00+00:00,93.78,97.0,93.15,94.22,759225.859,91.695,89.79216666666667,58.506296054696875,1.4353447539179172,1.2970094337606908,0.13833532015722638
2023-04-12 00:00:00+00:00,94.22,94.66,90.87,92.06,713535.198,91.61749999999999,89.75516666666665,53.63231316605182,1.3596778130210367,1.3095431096127599,0.05013470340827686
2023-04-13 00:00:00+00:00,92.07,94.54,91.66,94.17,607464.042,91.647,89.78283333333334,57.3684747777079,1.453218781685635,1.338278244027335,0.11494053765829992
2023-04-14 00:00:00+00:00,94.18,99.27,93.66,96.33,1044641.036,91.8885,89.87083333333334,60.846529904509,1.6822526599079026,1.4070731272034487,0.27517953270445394
2023-04-15 00:00:00+00:00,96.31,97.32,94.71,96.68,343222.287,92.0565,89.88516666666666,61.396115791118,1.8704444145275403,1.499747384668267,0.37069702985927333
2023-04-16 00:00:00+00:00,96.69,102.18,95.1,100.01,902441.243,92.5955,89.83833333333334,66.25010309241333,2.262213516699319,1.6522406110744776,0.6099729056248413
2023-04-17 00:00:00+00:00,100.0,100.3,97.32,98.84,692952.157,93.08099999999999,89.84316666666665,63.241293617100034,2.4500415766151065,1.8118008041826035,0.638240772432503
2023-04-18 00:00:00+00:00,98.88,103.44,97.6,101.95,817576.045,93.613,89.87366666666667,67.47037805470646,2.817370779379729,2.012914799222029,0.8044559801577003
2023-04-19 00:00:00+00:00,101.93,101.93,87.0,90.47,1258566.956,93.6835,89.71966666666665,46.296497601656576,2.1572740490172038,2.0417866491810637,0.11548739983614009
2023-04-20 00:00:00+00:00,90.46,92.4,87.08,90.22,923591.763,93.716,89.5995,45.95825087024325,1.5955769064366763,1.9525447006321863,-0.35696779419551006
2023-04-21 00:00:00+00:00,90.22,90.89,84.2,85.32,811762.122,93.3535,89.42316666666666,39.81776048218898,0.7464343940851279,1.7113226393227747,-0.9648882452376468
2023-04-22 00:00:00+00:00,85.32,87.15,84.75,87.0,413059.798,93.065,89.30983333333332,42.64714821899643,0.206662518093637,1.4103906150769472,-1.2037280969833102
2023-04-23 00:00:00+00:00,87.0,87.09,84.11,86.75,395182.074,92.75399999999999,89.16766666666666,42.32823706194748,-0.23853382370134568,1.0806057273212886,-1.3191395510226342
2023-04-24 00:00:00+00:00,86.74,89.03,85.86,88.31,651422.316,92.5405,89.063,45.0876640623511,-0.46017159777204597,0.7724502623026217,-1.2326218600746677
2023-04-25 00:00:00+00:00,88.32,91.77,87.18,91.03,767570.935,92.46000000000001,89.05433333333332,49.61445685443983,-0.4115952487075134,0.5356411601005947,-0.9472364088081081
2023-04-26 00:00:00+00:00,91.03,93.96,84.21,88.13,985517.498,92.318,88.97066666666666,45.32436850491343,-0.6001853427600139,0.308475859528473,-0.9086612022884869
2023-04-27 00:00:00+00:00,88.14,90.64,87.26,89.73,669510.161,92.2745,88.87833333333334,47.996145448906425,-0.6134660678124249,0.12408747406029344,-0.7375535418727183
2023-04-28 00:00:00+00:00,89.73,90.36,87.66,89.63,464509.676,92.26050000000001,88.80433333333333,47.838801017574994,-0.6248573359553404,-0.025701487942833334,-0.5991558480125071
2023-04-29 00:00:00+00:00,89.62,91.64,89.23,91.08,351205.815,92.2855,88.759,50.378974830742486,-0.5109917216974367,-0.122759534693754,-0.38823218700368267
2023-04-30 00:00:00+00:00,91.08,91.43,87.76,88.22,396494.58,92.00750000000001,88.59966666666666,45.65618910847016,-0.6441056510201975,-0.2270287579590427,-0.41707689306115475
2023-05-01 00:00:00+00:00,88.24,88.86,85.13,86.75,537906.62,91.634,88.45566666666667,43.403951676244084,-0.8583219130135831,-0.3532873889699508,-0.5050345240436322
2023-05-02 00:00:00+00:00,86.76,89.18,86.0,88.2,425254.867,91.441,88.41633333333334,46.22203745903276,-0.9007042047404354,-0.4627707521240477,-0.4379334526163877
2023-05-03 00:00:00+00:00,88.2,89.86,85.4,88.88,561552.261,91.1765,88.40866666666666,47.54124069807162,-0.8694002543299604,-0.5440966525652303,-0.32530360176473005
2023-05-04 00:00:00+00:00,88.88,89.15,87.39,88.38,317092.93,90.77900000000001,88.38283333333332,46.635365182384845,-0.8748527119362279,-0.6102478644394299,-0.264604847496798
2023-05-05 00:00:00+00:00,88.39,89.69,86.16,88.61,462767.029,90.3755,88.40366666666667,47.13438047059603,-0.8508071706085474,-0.6583597256732534,-0.19244744493529398
2023-05-06 00:00:00+00:00,88.62,89.36,80.56,83.26,808799.894,89.538,88.35316666666667,38.18882630495227,-1.2490528898463111,-0.776498358507865,-0.47255453133844616
2023-05-07 00:00:00+00:00,83.27,84.69,82.93,83.42,405461.481,88.76700000000001,88.36416666666666,38.56435295859987,-1.534071013011527,-0.9280128894085974,-0.6060581236029295
2023-05-08 00:00:00+00:00,83.41,85.25,75.2,77.71,1093958.201,87.555,88.38133333333333,31.264337003028004,-2.19539209511521,-1.18148873054992,-1.01390336456529
2023-05-09 00:00:00+00:00,77.72,80.1,77.31,79.9,652411.76,87.0265,88.5235,36.24880466191698,-2.513801580009954,-1.4479513004419267,-1.0658502795680271
2023-05-10 00:00:00+00:00,79.91,82.04,77.12,80.93,862746.998,86.562,88.71883333333334,38.50739437329675,-2.6524551470356243,-1.6888520697606664,-0.963603077274958
2023-05-11 00:00:00+00:00,80.93,81.97,78.37,80.88,787875.496,86.34,88.79583333333333,38.436206340408376,-2.7348480539983626,-1.898051266608206,-0.8367967873901567
2023-05-12 00:00:00+00:00,80.89,81.48,77.07,80.45,770849.129,86.0125,88.779,37.789192448534656,-2.802536536046105,-2.078948320495786,-0.7235882155503193
2023-05-13 00:00:00+00:00,80.45,81.09,79.78,80.26,378311.771,85.688,88.71766666666666,37.488899173850314,-2.8387877794049103,-2.2309162122776107,-0.6078715671272996
2023-05-14 00:00:00+00:00,80.26,84.02,79.55,83.5,475081.378,85.44749999999999,88.8355,45.44961158076559,-2.576377354350953,-2.300008440692279,-0.2763689136586738
2023-05-15 00:00:00+00:00,83.49,88.5,82.14,86.89,1110552.095,85.2405,88.96933333333332,52.29499949640184,-2.070997364871616,-2.2542062255281468,0.18320886065653097
2023-05-16 00:00:00+00:00,86.91,90.55,86.13,89.99,1212427.879,85.3335,89.04400000000001,57.54194970277902,-1.4041498247966757,-2.084194945381853,0.6800451205851772
2023-05-17 00:00:00+00:00,89.99,95.0,89.59,93.88,1631954.238,85.541,89.225,63.03602158018565,-0.5553758281590717,-1.7784311219372968,1.223055293778225
2023-05-18 00:00:00+00:00,93.88,94.21,89.15,90.43,778910.547,85.58099999999999,89.33250000000001,56.102261148932655,-0.1592665620964624,-1.4545982099691301,1.2953316478726677
2023-05-19 00:00:00+00:00,90.44,93.31,90.26,91.8,674615.432,85.61699999999999,89.56166666666667,58.074434652757276,0.26217820831836036,-1.1112429263116321,1.3734211346299925
2023-05-20 00:00:00+00:00,91.78,92.78,90.21,92.42,331961.718,85.827,89.72733333333332,58.972754783572015,0.6388408836197925,-0.7612261643253473,1.4000670479451398
2023-05-21 00:00:00+00:00,92.41,93.49,91.14,92.18,434485.442,86.0985,89.80916666666667,58.45066416386376,0.9075214311224045,-0.427476645235797,1.3349980763582014
2023-05-22 00:00:00+00:00,92.17,92.79,89.81,90.83,462506.227,86.22999999999999,89.76283333333332,55.47555216970009,0.9999917013182085,-0.14198297592499587,1.1419746772432045
2023-05-23 00:00:00+00:00,90.83,93.11,90.38,91.7,437608.283,86.37100000000001,89.7315,56.99472020387836,1.1304457112856312,0.11250276151712955,1.0179429497685017
2023-05-24 00:00:00+00:00,91.7,91.89,84.33,85.82,1241381.96,86.243,89.63683333333333,45.65633778396471,0.7507108676842194,0.24014438275054756,0.5105664849336717
2023-05-25 00:00:00+00:00,85.83,86.79,82.54,86.57,836219.141,86.14099999999999,89.52433333333333,47.101862353661865,0.5044717638063787,0.2930098589617138,0.21146190484466493
2023-05-26 00:00:00+00:00,86.57,88.2,86.05,87.08,684744.479,86.33200000000001,89.48849999999999,48.112585479463064,0.3464841836877639,0.3037047239069238,0.04277945978084008
2023-05-27 00:00:00+00:00,87.08,88.81,86.91,88.55,335522.417,86.5885,89.47883333333334,51.01769734231924,0.3360211601339955,0.31016801115233816,0.02585314898165736
2023-05-28 00:00:00+00:00,88.56,92.35,88.14,91.45,582851.729,87.2755,89.48116666666667,56.22478043935483,0.5553333649265255,0.35920108190717565,0.19613228301934987
2023-05-29 00:00:00+00:00,91.46,92.18,90.12,90.86,484868.109,87.8235,89.51116666666665,54.945038248501675,0.6737650539813416,0.4221138763220088,0.25165117765933276
2023-05-30 00:00:00+00:00,90.86,93.3,90.51,92.25,553236.455,88.3895,89.55583333333333,57.40485252695311,0.8697583710017227,0.5116427752579517,0.35811559574377105
2023-05-31 00:00:00+00:00,92.25,92.72,87.5,90.42,730322.072,88.8665,89.52,53.28056013067109,0.8674197063196658,0.5827981614702945,0.2846215448493713
2023-06-01 00:00:00+00:00,90.42,95.98,89.17,94.19,1356811.01,89.55350000000001,89.54366666666667,59.70361807365994,1.1564430350579897,0.6975271361878336,0.45891589887015616
2023-06-02 00:00:00+00:00,94.17,95.7,92.58,95.45,714015.964,90.313,89.58500000000001,61.603596366968034,1.4702197964904826,0.8520656682483634,0.6181541282421192
2023-06-03 00:00:00+00:00,95.45,97.56,94.15,96.03,596590.884,90.9395,89.6425,62.480558975494134,1.7455694552026557,1.030766425639222,0.7148030295634338
2023-06-04 00:00:00+00:00,96.03,96.5,93.8,94.19,492464.068,91.30449999999999,89.66833333333334,57.958056098509175,1.7946260886073304,1.1835383582328438,0.6110877303744866
2023-06-05 00:00:00+00:00,94.19,94.58,83.56,87.71,1320394.36,91.1905,89.614,45.474377599539785,1.2956861166183131,1.2059679099099379,0.08971820670837527
2023-06-06 00:00:00+00:00,87.7,91.47,85.64,90.92,836859.771,91.0425,89.61933333333334,51.09398239359461,1.1460814534745793,1.1939906186228662,-0.0479091651482868
2023-06-07 00:00:00+00:00,90.93,91.31,87.34,88.85,691677.146,90.9635,89.60166666666666,47.68124606558397,0.8506808603736573,1.1253286669730245,-0.27464780659936716
2023-06-08 00:00:00+00:00,88.83,89.53,87.19,88.5,405790.611,90.7985,89.567,47.108301232537976,0.5816270525552767,1.016588344089475,-0.43496129153419827
2023-06-09 00:00:00+00:00,88.49,89.98,86.66,89.3,437545.529,90.6425,89.49233333333333,48.62779880836565,0.4280193449761356,0.8988745442668071,-0.47085519929067154
2023-06-10 00:00:00+00:00,89.3,89.34,73.56,77.13,1931078.315,89.89,89.2075,33.065521570134194,-0.6680324982266086,0.5854931357681241,-1.2535256339947327
2023-06-11 00:00:00+00:00,77.14,78.98,76.15,77.68,601244.43,89.2325,88.96783333333333,34.09207828592892,-1.4752750249726176,0.1733395036199758,-1.6486145285925935
2023-06-12 00:00:00+00:00,77.68,77.91,75.07,77.5,624473.429,88.5225,88.69,33.908787839530845,-2.105276719432055,-0.2823837409904304,-1.8228929784416248
2023-06-13 00:00:00+00:00,77.5,79.79,76.26,77.5,560306.834,88.10650000000001,88.37616666666666,33.908787839530845,-2.5748760331033367,-0.7408821994130117,-1.833993833690325
2023-06-14 00:00:00+00:00,77.5,78.14,70.75,73.15,678793.191,87.4355,87.984,29.468327830456317,-3.2604609536936238,-1.2447979502691342,-2.0156630034244896
2023-06-15 00:00:00+00:00,73.15,75.14,72.08,74.6,512970.921,86.8115,87.56049999999999,32.63507197968855,-3.644774370638217,-1.7247932343429508,-1.9199811362952661
2023-06-16 00:00:00+00:00,74.61,76.91,74.12,76.13,419230.737,86.1905,87.182,35.905163823131105,-3.7822874537641837,-2.1362920782271972,-1.6459953755369865
2023-06-17 00:00:00+00:00,76.13,77.87,75.73,76.86,301798.536,85.46099999999998,86.76383333333334,37.464952267821985,-3.7886890151447403,-2.466771465610706,-1.3219175495340343
2023-06-18 00:00:00+00:00,76.87,78.47,76.22,77.19,294006.387,84.7775,86.5425,38.197147572835114,-3.724203753945531,-2.718257923277671,-1.00594583066786
2023-06-19 00:00:00+00:00,77.2,77.83,76.05,77.48,316595.527,84.039,86.33016666666667,38.87446903944997,-3.608106141849902,-2.8962275669921174,-0.7118785748577845
2023-06-20 00:00:00+00:00,77.48,80.95,75.68,80.33,550346.966,83.5345,86.24700000000001,45.22749289503919,-3.248678028192643,-2.9667176592322226,-0.2819603689604202
2023-06-21 00:00:00+00:00,80.34,87.4,80.0,85.05,1229357.89,83.07750000000001,86.21450000000002,53.79290610296471,-2.553528616886325,-2.884079850763043,0.3305512338767178
2023-06-22 00:00:00+00:00,85.04,88.85,84.0,85.93,796900.675,82.6015,86.20083333333334,55.19957909641223,-1.9095964158128709,-2.689183163773009,0.7795867479601379
2023-06-23 00:00:00+00:00,85.94,93.12,85.02,91.26,1034513.877,82.363,86.25,62.62177464953065,-0.9581441623699902,-2.342975363492405,1.3848312011224149
2023-06-24 00:00:00+00:00,91.28,93.8,86.35,89.71,834154.053,82.139,86.22800000000001,59.532925524527606,-0.32543206451737205,-1.9394667036973987,1.6140346391800267
2023-06-25 00:00:00+00:00,89.72,90.46,86.6,88.2,566508.551,82.1635,86.22916666666667,56.603743172167675,0.05353532912235437,-1.5408662971334484,1.5944016262558027
2023-06-26 00:00:00+00:00,88.2,90.35,85.74,87.21,656513.038,81.978,86.18716666666666,54.70333910442996,0.27086265657088404,-1.178520506392582,1.4493831629634661
2023-06-27 00:00:00+00:00,87.22,89.44,86.9,88.07,470344.953,81.939,86.16116666666666,56.0827198992304,0.5066505893972817,-0.8414862872346094,1.348136876631891
2023-06-28 00:00:00+00:00,88.06,88.1,81.36,83.02,639774.735,81.66499999999999,86.02683333333333,47.0266522198229,0.2827619260629888,-0.6166366445750898,0.8993985706380786
2023-06-29 00:00:00+00:00,83.01,85.75,82.91,84.73,484623.807,81.4365,85.96866666666666,49.97249042950778,0.24053847842431253,-0.44520161997520935,0.6857400983995219
2023-06-30 00:00:00+00:00,84.73,112.0,84.28,108.7,5474715.293,83.015,86.3345,72.80338507749728,2.1168530025999814,0.06720930453982882,2.0496436980601525
2023-07-01 00:00:00+00:00,108.7,113.0,102.86,107.1,2614144.4,84.48599999999999,86.64949999999999,70.49087527952639,3.435140985898869,0.7407956408116368,2.694345345087232
2023-07-02 00:00:00+00:00,107.1,114.0,105.09,113.58,2299237.775,86.28999999999999,87.06116666666667,74.08158396374608,4.945763867561553,1.58178928616162,3.3639745813999324
2023-07-03 00:00:00+00:00,113.57,115.0,105.55,107.27,1444586.945,87.77850000000001,87.376,65.69825145574981,5.569576508550128,2.3793467306393214,3.1902297779108064
2023-07-04 00:00:00+00:00,107.27,109.59,103.5,104.27,935566.37,89.3345,87.63699999999999,62.100132337543094,5.755531409512116,3.0545836664138806,2.7009477430982356
2023-07-05 00:00:00+00:00,104.27,106.63,98.6,102.6,1410427.816,90.7345,87.95933333333333,60.12605424057659,5.702413096482218,3.584149552427548,2.1182635440546695
2023-07-06 00:00:00+00:00,102.6,105.95,95.14,95.25,1703635.889,91.6905,88.15650000000001,52.253073389527216,5.009486633607125,3.869216968663464,1.140269664943661
2023-07-07 00:00:00+00:00,95.25,98.61,94.21,98.23,866824.098,92.759,88.49849999999999,54.83527118559659,4.6472281611710144,4.024819207164974,0.6224089540060405
2023-07-08 00:00:00+00:00,98.22,98.49,96.55,97.79,431026.029,93.789,88.79666666666665,54.36774440239945,4.275347840474097,4.074924933826798,0.20042290664729911
2023-07-09 00:00:00+00:00,97.78,98.41,94.41,95.08,468670.42,94.66900000000001,89.03250000000001,51.45770917968066,3.7190843659625727,4.003756820253953,-0.2846724542913801
2023-07-10 00:00:00+00:00,95.08,97.81,91.62,96.72,1108435.576,95.4885,89.2965,53.09394202655888,3.371708887459647,3.877347233695092,-0.505638346235445
2023-07-11 00:00:00+00:00,96.73,98.35,95.51,96.77,775748.275,96.07449999999999,89.56850000000001,53.14579626259903,3.065113183362371,3.714900423628548,-0.6497872402661771
2023-07-12 00:00:00+00:00,96.76,97.85,94.12,96.21,681194.17,96.5885,89.83433333333333,52.44647884346451,2.7453004444444247,3.5209804277917236,-0.7756799833472989
2023-07-13 00:00:00+00:00,96.21,104.41,95.61,101.85,1780959.223,97.11800000000001,90.14016666666666,58.38563160133976,2.9133639630193358,3.399457134837246,-0.48609317181791045
2023-07-14 00:00:00+00:00,101.85,103.63,91.96,95.13,1470606.515,97.389,90.27749999999999,50.32129771920763,2.4757685549168116,3.21471941885316,-0.7389508639363482
2023-07-15 00:00:00+00:00,95.12,95.79,93.74,94.78,474351.647,97.71799999999999,90.35733333333333,49.93444451770134,2.07678903512236,2.987133342107,-0.9103443069846402
2023-07-16 00:00:00+00:00,94.77,95.36,91.84,92.89,493219.168,98.002,90.34083333333334,47.797571865797,1.5897619009800081,2.707659053881602,-1.1178971529015937
2023-07-17 00:00:00+00:00,92.89,93.58,89.15,92.2,825195.015,98.2085,90.37033333333332,47.00669279148579,1.135028255700604,2.393132894245402,-1.2581046385447983
2023-07-18 00:00:00+00:00,92.19,92.95,89.37,91.56,547028.221,98.63550000000001,90.36633333333334,46.24239927441063,0.7147665307016524,2.057459621536652,-1.3426930908349997
2023-07-19 00:00:00+00:00,91.55,94.23,91.39,91.99,610568.712,98.9985,90.35916666666667,46.86747708452863,0.411658153215825,1.7282993278724867,-1.3166411746566618
2023-07-20 00:00:00+00:00,92.0,95.02,91.39,92.37,763855.203,98.18199999999999,90.36233333333332,47.44901083403552,0.19980220899513768,1.422599904097017,-1.2227976951018793
2023-07-21 00:00:00+00:00,92.37,94.79,91.68,94.09,562398.104,97.53150000000001,90.41666666666667,50.110665632316085,0.16874923607014125,1.1718297704916418,-1.0030805344215006
2023-07-22 00:00:00+00:00,94.1,96.46,91.2,92.09,523224.177,96.457,90.42316666666667,47.12197766360233,-0.017047243983000726,0.9340543675967135,-0.9511016115797142
2023-07-23 00:00:00+00:00,92.09,93.62,91.52,93.16,459296.754,95.7515,90.54549999999999,48.87865164592213,-0.07706389081684506,0.7318307159140017,-0.8088946067308468
2023-07-24 00:00:00+00:00,93.15,93.43,87.27,89.14,744271.418,94.99499999999999,90.58833333333334,43.08715577838775,-0.4438910199223898,0.4966863687467235,-0.9405773886691133
2023-07-25 00:00:00+00:00,89.14,90.19,88.55,89.45,437773.574,94.3375,90.62783333333333,43.64171714370242,-0.7015032604475522,0.2570484429078683,-0.9585517033554205
2023-07-26 00:00:00+00:00,89.45,91.17,88.5,90.64,523849.498,94.107,90.66266666666667,45.824024956753476,-0.8004130983467803,0.045556134656938585,-0.845969233003719
2023-07-27 00:00:00+00:00,90.63,91.99,89.66,90.6,492615.117,93.7255,90.6485,45.7598831962814,-0.8719759274889327,-0.13795027777223567,-0.734025649716697
2023-07-28 00:00:00+00:00,90.59,92.0,90.53,91.44,400613.116,93.408,90.65816666666667,47.42420561872965,-0.8510980765035612,-0.2805798375185008,-0.5705182389850604
2023-07-29 00:00:00+00:00,91.44,94.9,90.84,94.32,483778.285,93.36999999999999,90.69266666666667,52.77465071505884,-0.5952980727229829,-0.3435234845593972,-0.25177458816358567
2023-07-30 00:00:00+00:00,94.33,96.18,90.82,94.03,1123107.136,93.2355,90.75283333333333,52.19860997426678,-0.4112348438609956,-0.3570657564197169,-0.05416908744127874
2023-07-31 00:00:00+00:00,94.03,95.06,91.07,92.28,751748.352,93.011,90.72099999999999,48.74121558531088,-0.4019404640533395,-0.3660406979464414,-0.0358997661068981
2023-08-01 00:00:00+00:00,92.28,94.12,88.1,93.94,1191154.381,92.89750000000001,90.69583333333334,51.989688368360454,-0.2576563720210885,-0.34436383276137084,0.08670746074028235
2023-08-02 00:00:00+00:00,93.95,94.68,85.7,87.54,1519927.122,92.18199999999999,90.55433333333333,41.159468826995095,-0.6522183355625515,-0.405934733321607,-0.24628360224094448
2023-08-03 00:00:00+00:00,87.53,88.38,80.5,82.55,1131674.185,91.553,90.36033333333333,35.03189044668264,-1.3519780695558552,-0.5951434005684567,-0.7568346689873985
2023-08-04 00:00:00+00:00,82.55,83.92,80.74,82.2,956964.968,90.924,90.26849999999999,34.64232686424414,-1.9127359458234707,-0.8586619096194595,-1.0540740362040113
2023-08-05 00:00:00+00:00,82.2,83.42,81.35,83.12,353881.791,90.4355,90.1385,36.636925355465564,-2.2568882882459746,-1.1383071853447626,-1.118581102901212
2023-08-06 00:00:00+00:00,83.11,83.49,81.68,82.57,376251.971,89.954,90.03383333333333,35.930953812078215,-2.54467843358276,-1.4195814349923621,-1.125096998590398
2023-08-07 00:00:00+00:00,82.57,83.44,79.29,82.49,531623.828,89.5005,89.93366666666667,35.82282535829658,-2.747537625130576,-1.685172673020005,-1.0623649521105711
2023-08-08 00:00:00+00:00,82.48,85.47,81.75,83.86,735916.528,89.094,89.843,39.19732360310964,-2.7658741697890434,-1.901312972373813,-0.8645611974152305
2023-08-09 00:00:00+00:00,83.85,84.61,83.13,84.08,381592.396,88.6795,89.95883333333333,39.74523059022377,-2.731170617372868,-2.0672845013736243,-0.6638861159992437
2023-08-10 00:00:00+00:00,84.08,84.39,82.66,83.14,337566.353,88.13199999999999,90.04983333333334,38.16283652463885,-2.7478425279599463,-2.2033961066908887,-0.5444464212690576
2023-08-11 00:00:00+00:00,83.13,83.72,82.68,83.58,186712.308,87.7065,90.15116666666667,39.37946752303486,-2.6944904063064,-2.3016149666139913,-0.3928754396924088
2023-08-12 00:00:00+00:00,83.58,84.0,83.27,83.47,178561.007,87.222,90.25066666666665,39.17197166046262,-2.6307587963920156,-2.3674437325695963,-0.2633150638224193
2023-08-13 00:00:00+00:00,83.48,83.81,81.01,81.92,331226.641,86.861,90.39683333333332,36.27174619089119,-2.674493189805048,-2.4288536240166865,-0.24563956578836166
2023-08-14 00:00:00+00:00,81.92,83.13,81.5,82.11,330529.723,86.494,90.52199999999999,36.88858379613003,-2.663122777922908,-2.4757074547979308,-0.1874153231249771
2023-08-15 00:00:00+00:00,82.11,82.25,77.0,79.26,600119.042,85.925,90.57416666666668,31.900713388544645,-2.8512157853893285,-2.5508091209162105,-0.30040666447311803
2023-08-16 00:00:00+00:00,79.27,79.61,72.75,74.56,1050727.642,85.123,90.53583333333333,25.723519319150157,-3.341018389126404,-2.708850974558249,-0.6321674145681548
2023-08-17 00:00:00+00:00,74.57,75.84,56.0,64.77,1709946.722,83.7895,90.32883333333334,17.933663938264118,-4.46766124516968,-3.0606130286805358,-1.407048216489144
2023-08-18 00:00:00+00:00,64.77,65.97,63.04,63.98,1283276.079,82.27250000000001,90.10383333333333,17.473814342140344,-5.362465064062036,-3.520983435756836,-1.8414816283051998
2023-08-19 00:00:00+00:00,63.98,65.01,63.51,64.18,511070.915,80.78,89.83466666666666,18.046743054788976,-5.986457058190666,-4.014078160243603,-1.9723788979470633
2023-08-20 00:00:00+00:00,64.17,65.89,63.98,65.25,328241.945,79.42850000000001,89.50466666666667,21.1987026950124,-6.321761816460224,-4.475614891486927,-1.8461469249732971
2023-08-21 00:00:00+00:00,65.25,67.31,64.34,67.0,795770.097,78.0815,89.18916666666668,26.1981353130453,-6.372820965344218,-4.8550561062583855,-1.5177648590858324
2023-08-22 00:00:00+00:00,67.0,67.38,62.02,64.83,726834.414,76.946,88.74866666666667,24.151945837156774,-6.513305244779346,-5.186705933962578,-1.3265993108167677
2023-08-23 00:00:00+00:00,64.83,66.86,64.06,65.64,548642.362,76.10050000000001,88.34750000000001,26.460840377063818,-6.484530190265218,-5.446270785223106,-1.038259405042112
2023-08-24 00:00:00+00:00,65.63,65.9,63.9,64.88,352946.421,75.2345,87.95883333333333,25.671218110656426,-6.448714632565938,-5.6467595546916725,-0.8019550778742657
2023-08-25 00:00:00+00:00,64.88,65.47,63.5,65.13,400427.672,74.335,87.59083333333334,26.448747698960617,-6.3272213650515,-5.782851916763638,-0.5443694482878616
2023-08-26 00:00:00+00:00,65.13,65.59,64.9,65.01,205559.917,73.45700000000001,87.2065,26.306498810768957,-6.169501894890033,-5.860181912388917,-0.3093199825011155
2023-08-27 00:00:00+00:00,65.0,65.95,64.83,65.39,232033.928,72.602,86.91266666666667,27.63379125285131,-5.945311405220622,-5.877207810955259,-0.06810359426536294
2023-08-28 00:00:00+00:00,65.39,65.76,63.97,65.52,401983.007,71.685,86.5925,28.110820925604685,-5.691540378781966,-5.840074324520601,0.14853394573863543
2023-08-29 00:00:00+00:00,65.51,70.69,64.6,68.86,953145.162,70.924,85.9285,39.20003356187229,-5.161417319563284,-5.704342923529138,0.5429256039658537
2023-08-30 00:00:00+00:00,68.85,69.03,66.5,67.65,422458.336,70.1495,85.271,36.974843468084124,-4.783783386334235,-5.520231016090158,0.736447629755923
2023-08-31 00:00:00+00:00,67.65,68.36,63.13,63.89,688058.059,69.16499999999999,84.44283333333334,31.072276651350123,-4.733343314586875,-5.362853475789502,0.629510161202627
2023-09-01 00:00:00+00:00,63.88,64.25,61.83,62.98,569049.852,68.1405,83.70466666666667,29.831076761788736,-4.712476098094356,-5.232778000250474,0.5203019021561177
2023-09-02 00:00:00+00:00,62.98,64.75,62.95,64.59,295503.141,67.274,83.04333333333334,34.79387067994476,-4.513990659553571,-5.0890205321110935,0.5750298725575229
2023-09-03 00:00:00+00:00,64.58,64.91,63.57,63.93,257480.232,66.365,82.39883333333334,33.740371899375546,-4.359690208736097,-4.943154467436095,0.5834642586999976
2023-09-04 00:00:00+00:00,63.93,65.01,63.0,63.75,389301.433,65.5895,81.87383333333334,33.44296616728826,-4.203475437198364,-4.795218661388549,0.5917432241901848
2023-09-05 00:00:00+00:00,63.75,63.79,62.58,63.15,475655.47,65.01899999999999,81.28916666666667,32.41722283069541,-4.08104534055542,-4.652383997221923,0.5713386566665033
2023-09-06 00:00:00+00:00,63.15,63.91,61.36,62.87,463879.229,64.924,80.70716666666667,31.92511770748513,-3.9609528677946457,-4.514097771336468,0.5531449035418223
2023-09-07 00:00:00+00:00,62.88,64.49,62.48,63.71,372442.946,64.9105,80.18433333333333,35.10771078158193,-3.754715712579852,-4.362221359585146,0.6075056470052935
2023-09-08 00:00:00+00:00,63.71,64.24,61.51,62.61,370397.71,64.832,79.61583333333333,32.93618218453153,-3.638094400516067,-4.2173959677713295,0.5793015672552624
2023-09-09 00:00:00+00:00,62.6,63.3,62.52,63.06,153119.403,64.7225,79.054,34.71519734334869,-3.4693672255314425,-4.067790219323352,0.5984229937919094
2023-09-10 00:00:00+00:00,63.06,63.06,60.02,61.11,486962.352,64.428,78.469,30.891079699982157,-3.4531921770331593,-3.9448706108653138,0.4916784338321545
2023-09-11 00:00:00+00:00,61.12,61.66,57.68,58.85,792927.547,64.12899999999999,77.75233333333334,27.157239408045413,-3.5814517011210114,-3.872186828916454,0.2907351277954424
2023-09-12 00:00:00+00:00,58.85,61.53,58.65,59.96,617319.813,63.845000000000006,77.16616666666667,31.534417154181313,-3.552578659296735,-3.80826519499251,0.25568653569577515
2023-09-13 00:00:00+00:00,59.96,62.85,59.63,61.98,511853.421,63.7,76.6195,38.74785304097474,-3.328332502205953,-3.712278656435199,0.38394615422924616
2023-09-14 00:00:00+00:00,61.98,63.44,61.95,62.83,638084.848,63.584999999999994,76.1185,41.53903461125434,-3.0469050856566895,-3.5792039422794977,0.5322988566228082
2023-09-15 00:00:00+00:00,62.83,66.27,62.55,65.89,540624.758,63.629,75.68,50.31644871273386,-2.5475883908029218,-3.3728808319841828,0.825292441181261
2023-09-16 00:00:00+00:00,65.89,67.05,64.41,65.38,391265.329,63.628499999999995,75.24366666666667,48.9960795602841,-2.1680372664496517,-3.1319121188772767,0.963874852427625
2023-09-17 00:00:00+00:00,65.38,65.42,62.75,63.55,497205.276,63.53000000000001,74.76966666666667,44.48515001106896,-1.9919440805153243,-2.9039185112048864,0.9119744306895621
2023-09-18 00:00:00+00:00,63.57,67.9,62.9,65.89,790412.337,63.381499999999996,74.32833333333333,50.731464131812594,-1.6446124495922447,-2.652057298882358,1.0074448492901134
2023-09-19 00:00:00+00:00,65.87,68.41,65.59,67.28,527023.356,63.363,73.8815,54.03959103186142,-1.2428613148281045,-2.3702181020715076,1.1273567872434032
2023-09-20 00:00:00+00:00,67.28,67.87,63.24,64.55,931126.906,63.395999999999994,73.42249999999999,47.3193641604972,-1.1317131458268221,-2.1225171108225704,0.9908039649957483
2023-09-21 00:00:00+00:00,64.55,65.01,62.92,64.69,449081.78,63.4815,72.94800000000001,47.67869995418557,-1.020566139961673,-1.902126916650391,0.8815607766887179
2023-09-22 00:00:00+00:00,64.69,65.88,63.89,64.37,442545.403,63.4705,72.53516666666665,46.89138382763321,-0.9473818346261709,-1.711177900245547,0.7637960656193761
2023-09-23 00:00:00+00:00,64.37,65.26,64.37,65.07,387901.571,63.527499999999996,72.12883333333333,48.87998838770671,-0.8234068736410762,-1.533623694924653,0.7102168212835767
2023-09-24 00:00:00+00:00,65.06,65.1,63.25,63.58,207773.25,63.51899999999999,71.67783333333333,45.016102856378396,-0.8357523386967358,-1.3940494236790695,0.5582970849823337
2023-09-25 00:00:00+00:00,63.58,65.06,62.56,64.33,258415.693,63.57800000000001,71.24000000000001,47.275363966045916,-0.7760714085984972,-1.2704538206629552,0.494382412064458
2023-09-26 00:00:00+00:00,64.34,65.08,63.02,63.8,371056.263,63.6245,70.77933333333333,45.84188071044334,-0.7627479287939138,-1.1689126422891472,0.4061647134952333
2023-09-27 00:00:00+00:00,63.8,65.56,63.04,63.53,351266.028,63.6155,70.26616666666668,45.09176619822787,-0.7651554824650475,-1.0881612103243272,0.3230057278592797
2023-09-28 00:00:00+00:00,63.53,65.54,63.14,65.21,446339.742,63.74550000000001,69.78583333333334,50.517370444562694,-0.6243049278487973,-0.9953899538292212,0.3710850259804239
2023-09-29 00:00:00+00:00,65.22,66.5,64.91,65.55,350400.956,63.870000000000005,69.34033333333333,51.56056197579974,-0.4797148360229926,-0.8922549302679755,0.41254009424498295
2023-09-30 00:00:00+00:00,65.55,66.6,65.34,65.97,179434.202,64.113,68.87416666666667,52.88201890528148,-0.3274608913044972,-0.7792961224752799,0.4518352311707827
2023-10-01 00:00:00+00:00,65.98,68.85,65.83,68.19,430058.027,64.58,68.55166666666668,59.215436228013246,-0.027347847535807546,-0.6289064674873854,0.6015586199515779
2023-10-02 00:00:00+00:00,68.19,68.42,65.11,65.97,558987.867,64.8805,68.27533333333334,51.72756826186296,0.031001093850306916,-0.49692495521984703,0.527926049070154
2023-10-03 00:00:00+00:00,65.98,66.93,65.26,65.5,264841.857,65.0565,67.997,50.27802551959,0.038869910106086536,-0.38976598215466035,0.4286358922607469
2023-10-04 00:00:00+00:00,65.5,65.52,63.01,64.4,389378.985,65.135,67.685,46.961164092916064,-0.043157312600698106,-0.3204442482438679,0.2772869356431698
2023-10-05 00:00:00+00:00,64.39,65.28,63.72,64.8,371850.64,65.0805,67.38883333333334,48.2968912621874,-0.07502300204220091,-0.2713599990035345,0.1963369969613336
2023-10-06 00:00:00+00:00,64.81,65.98,64.37,65.5,258989.347,65.0865,67.10566666666666,50.63963543783131,-0.0432935792166802,-0.22574671504616367,0.18245313582948347
2023-10-07 00:00:00+00:00,65.5,66.27,64.95,65.45,177304.899,65.1815,66.79883333333333,50.4637441503877,-0.021929574675709773,-0.1849832869720729,0.16305371229636312
2023-10-08 00:00:00+00:00,65.45,65.98,64.97,65.34,316323.185,65.154,66.4865,50.051854109272405,-0.013716413571799535,-0.15072991229201824,0.1370134987202187
2023-10-09 00:00:00+00:00,65.34,65.36,61.51,63.07,448896.385,64.9435,66.152,42.366823814719744,-0.1882079094183382,-0.15822551171728225,-0.029982397701055957
2023-10-10 00:00:00+00:00,63.07,63.82,62.57,63.61,234743.163,64.8965,65.81916666666666,44.54802158633584,-0.2796960282791048,-0.18251961502964675,-0.09717641324945803
2023-10-11 00:00:00+00:00,63.6,63.75,61.08,61.55,287049.191,64.73949999999999,65.45383333333334,38.553620444060456,-0.5125178190870514,-0.24851925584112772,-0.2639985632459237
2023-10-12 00:00:00+00:00,61.55,61.55,60.33,61.12,285371.231,64.577,65.10716666666666,37.421672403451204,-0.7233893894455576,-0.3434932825620137,-0.3798961068835439
2023-10-13 00:00:00+00:00,61.12,62.15,61.06,61.58,358112.195,64.4025,64.765,39.469118070068575,-0.8436632478239403,-0.44352727561439903,-0.4001359722095413
2023-10-14 00:00:00+00:00,61.58,61.97,61.39,61.62,121555.639,64.3045,64.471,39.65401243494484,-0.9250896240711057,-0.5398397453057404,-0.3852498787653653
2023-10-15 00:00:00+00:00,61.62,62.18,61.38,61.63,140207.935,64.1695,64.2555,39.70359885524024,-0.977545165300981,-0.6273808293047886,-0.35016433599619246
2023-10-16 00:00:00+00:00,61.63,66.33,61.57,63.19,679996.392,64.139,64.22916666666667,47.017603597299086,-0.8830582512753722,-0.6785163136989053,-0.20454193757646688
2023-10-17 00:00:00+00:00,63.2,63.33,61.37,62.07,285933.96,64.066,64.19733333333333,42.9860749915515,-0.8883114297308126,-0.7204753369052868,-0.1678360928255258
2023-10-18 00:00:00+00:00,62.06,62.85,60.04,60.23,320321.652,63.81699999999999,64.1315,37.323928649771744,-1.029084587441126,-0.7821971870124547,-0.2468874004286714
2023-10-19 00:00:00+00:00,60.23,61.92,59.7,61.78,277475.09,63.628499999999995,64.07366666666665,44.014007520609,-1.0040027641379226,-0.8265583024375482,-0.1774444617003743
2023-10-20 00:00:00+00:00,61.77,64.27,61.57,63.38,437547.959,63.499,64.01333333333334,49.952605328089206,-0.8452748083973702,-0.8303016036295128,-0.014973204767857462
2023-10-21 00:00:00+00:00,63.37,65.39,63.35,64.75,336999.659,63.327,64.012,54.411667308072595,-0.6019947882770253,-0.7846402405590154,0.18264545228199003
2023-10-22 00:00:00+00:00,64.75,66.32,63.12,65.26,569753.647,63.291500000000006,64.00566666666667,55.98386876700809,-0.3638466837579273,-0.7004815291987978,0.3366348454408705
2023-10-23 00:00:00+00:00,65.26,69.9,64.86,69.02,788986.444,63.46750000000001,64.07466666666667,65.44542190585348,0.12682600991097104,-0.5350200213768441,0.6618460312878152
2023-10-24 00:00:00+00:00,69.02,72.89,67.07,69.15,927287.448,63.705,64.14166666666667,65.71979039041064,0.5201812427295067,-0.323979768555574,0.8441610112850807
2023-10-25 00:00:00+00:00,69.14,70.42,67.69,68.71,555761.144,63.9005,64.20333333333333,63.87125368692526,0.7873378354764498,-0.10171624774916921,0.889054083225619
2023-10-26 00:00:00+00:00,68.7,70.63,66.13,68.76,594733.362,64.0635,64.2595,63.99518882568033,0.9916646493325914,0.11695993166718292,0.8747047176654085
2023-10-27 00:00:00+00:00,68.75,68.81,65.58,66.99,430964.8,64.1405,64.284,56.5940238548088,0.9992521570622301,0.2934183767461924,0.7058337803160377
2023-10-28 00:00:00+00:00,66.99,68.44,66.93,67.73,393365.01,64.26,64.26516666666666,58.74235079943065,1.0528406356873035,0.44530282853441466,0.6075378071528887
2023-10-29 00:00:00+00:00,67.73,69.31,67.0,68.79,254650.085,64.54599999999999,64.28416666666666,61.66893211539318,1.1673861316393044,0.5897194891553926,0.5776666424839118
2023-10-30 00:00:00+00:00,68.79,69.79,67.62,69.21,391259.073,64.826,64.37283333333333,62.795052754953616,1.2773304816684856,0.7272416876580112,0.5500887940104744
2023-10-31 00:00:00+00:00,69.21,70.53,67.6,68.89,616209.44,65.19300000000001,64.47133333333333,61.31696565709127,1.3233856791937058,0.8464704859651502,0.4769151932285556
2023-11-01 00:00:00+00:00,68.89,70.46,66.51,69.97,758567.526,65.63550000000001,64.56099999999999,64.36558169997232,1.4305413390303414,0.9632846565781885,0.4672566824521529
2023-11-02 00:00:00+00:00,69.97,70.77,67.4,69.43,658461.347,66.02799999999999,64.65266666666666,61.745341634787216,1.4551158150957377,1.0616508882816984,0.39346492681403933
2023-11-03 00:00:00+00:00,69.42,69.58,67.5,69.45,366590.453,66.4195,64.74766666666667,61.80735539067711,1.4593822471686764,1.141197160059094,0.3181850871095824
2023-11-04 00:00:00+00:00,69.45,70.81,68.69,70.41,286371.778,66.8585,64.86866666666667,64.76034096875208,1.522674953240994,1.217492718695474,0.30518223454551996
2023-11-05 00:00:00+00:00,70.41,72.32,69.9,71.6,604752.663,67.279,65.01416666666667,68.05730053768889,1.649839609528513,1.303962096862082,0.3458775126664311
2023-11-06 00:00:00+00:00,71.6,74.95,70.79,74.46,517587.681,67.8985,65.19333333333333,74.28436003833303,1.9588165954001795,1.4349329965697017,0.5238835988304777
2023-11-07 00:00:00+00:00,74.46,74.57,71.06,73.41,587908.072,68.5575,65.37333333333333,68.96853872729193,2.0948092014774176,1.566908237551245,0.5279009639261725
2023-11-08 00:00:00+00:00,73.41,74.31,72.45,73.07,454113.58,69.122,65.54016666666666,67.28937221120276,2.1503611384156756,1.6835988177241314,0.4667623206915441
2023-11-09 00:00:00+00:00,73.06,76.23,67.85,73.83,1037301.535,69.6445,65.75216666666667,69.10035998953106,2.2300059763198306,1.7928802494432714,0.43712572687655915
2023-11-10 00:00:00+00:00,73.85,75.48,70.67,73.28,659369.92,70.071,65.99266666666666,66.24214553478329,2.2231179607026235,1.878927791695142,0.34419016900748156
2023-11-11 00:00:00+00:00,73.27,75.95,70.84,75.26,701397.299,70.571,66.24766666666666,70.90748224557348,2.35033540760422,1.9732093148769576,0.3771260927272624
2023-11-12 00:00:00+00:00,75.26,76.79,72.12,74.88,759337.894,70.864,66.46266666666666,68.9383621345968,2.392909357084335,2.0571493233184333,0.3357600337659017
2023-11-13 00:00:00+00:00,74.88,76.05,70.5,71.1,687416.727,70.9615,66.6005,53.13207669877425,2.097456931667523,2.0652108449882514,0.032246086679271535
2023-11-14 00:00:00+00:00,71.1,72.56,68.09,70.61,612778.52,71.0565,66.67916666666666,51.48417397328365,1.80298614900002,2.012765905790605,-0.20977975679058503
2023-11-15 00:00:00+00:00,70.61,74.3,70.5,74.03,546364.964,71.32000000000001,66.82333333333334,60.65620883423512,1.824549083958516,1.9751225414241875,-0.15057345746567163
2023-11-16 00:00:00+00:00,74.02,74.35,69.78,70.97,516234.012,71.519,66.94699999999999,51.30947562038338,1.5765479750632352,1.8954076281519971,-0.31885965308876196
2023-11-17 00:00:00+00:00,70.96,71.66,68.0,70.29,701059.335,71.647,67.02033333333333,49.484626143148,1.3100337390334431,1.7783328503282863,-0.46829911129484314
2023-11-18 00:00:00+00:00,70.28,70.33,67.5,69.86,319967.121,71.7005,67.06333333333333,48.31445132120438,1.051995135431369,1.633065307348903,-0.581070171917534
2023-11-19 00:00:00+00:00,69.85,70.67,68.5,70.54,267656.397,71.767,67.16316666666667,50.31536210735683,0.8920846040003454,1.4848691666791916,-0.5927845626788462
2023-11-20 00:00:00+00:00,70.56,71.02,68.62,69.51,363216.736,71.798,67.2435,47.326693556486724,0.6744671266227442,1.3227887586679021,-0.6483216320451579
2023-11-21 00:00:00+00:00,69.52,71.87,65.12,66.15,766319.59,71.607,67.27316666666667,39.15594887529924,0.22824867994089004,1.1038807429224997,-0.8756320629816097
2023-11-22 00:00:00+00:00,66.15,69.15,65.96,68.7,411855.152,71.57050000000001,67.33366666666667,46.67968824090599,0.07946501168655118,0.8989975966753101,-0.8195325849887589
2023-11-23 00:00:00+00:00,68.7,70.76,68.38,69.51,487505.593,71.5735,67.43249999999999,48.84362662348087,0.026606411069209912,0.7245193595540901,-0.6979129484848802
2023-11-24 00:00:00+00:00,69.51,71.77,69.43,70.73,431373.898,71.5895,67.53916666666666,52.00316957817527,0.08221170789528287,0.5960578292223286,-0.5138461213270458
2023-11-25 00:00:00+00:00,70.72,72.5,70.48,71.87,300567.558,71.603,67.67366666666666,54.81170663909948,0.21578039677160632,0.5200023427321843,-0.30422194596057794
2023-11-26 00:00:00+00:00,71.87,71.87,68.91,70.03,373752.056,71.3815,67.782,49.75146634167015,0.17118856729554466,0.45023958764485633,-0.2790510203493117
2023-11-27 00:00:00+00:00,70.03,70.5,67.91,69.22,322130.627,71.172,67.84883333333333,47.665285770122814,0.0696856972810167,0.37412880957208844,-0.30444311229107174
2023-11-28 00:00:00+00:00,69.22,70.27,67.81,69.77,633474.873,71.00699999999999,67.91916666666665,49.2222610721288,0.03324116154563228,0.3059512799667972,-0.27271011842116494
2023-11-29 00:00:00+00:00,69.76,70.46,69.15,70.0,304678.502,70.8155,67.98633333333333,49.89358942419779,0.02265651204872654,0.2492923263831831,-0.22663581433445656
2023-11-30 00:00:00+00:00,69.99,70.15,69.11,69.42,212371.48,70.6225,68.00683333333333,48.1642844749381,-0.032162304645979134,0.19300140017735065,-0.22516370482332979
2023-12-01 00:00:00+00:00,69.44,72.23,69.2,71.57,478440.251,70.438,68.10016666666667,54.46471267311997,0.09676497349516922,0.17375411484091438,-0.07698914134574517
2023-12-02 00:00:00+00:00,71.57,72.72,71.16,72.2,286408.09,70.304,68.21183333333333,56.14672723726005,0.24693004926392348,0.1883893017255162,0.05854074753840727
2023-12-03 00:00:00+00:00,72.2,72.75,71.3,72.31,285246.303,70.36449999999999,68.34366666666666,56.449219611900695,0.370541660772048,0.22481977353482258,0.1457218872372254
2023-12-04 00:00:00+00:00,72.31,75.07,71.89,72.93,1008230.995,70.48049999999999,68.47916666666667,58.19938379844106,0.5126243574149072,0.2823806903108395,0.23024366710406768
2023-12-05 00:00:00+00:00,72.92,74.37,71.0,74.34,543100.844,70.49600000000001,68.62650000000001,61.94486973345697,0.7305794689451943,0.37202044603771045,0.35855902290748387
2023-12-06 00:00:00+00:00,74.35,74.94,72.17,72.41,640078.051,70.568,68.7425,54.71758319778509,0.7390562148000157,0.4454275997901715,0.2936286150098442
2023-12-07 00:00:00+00:00,72.4,74.51,71.82,74.02,564515.734,70.7545,68.88716666666666,59.01357298351393,0.8657082952868649,0.5294837388895102,0.3362245563973547
2023-12-08 00:00:00+00:00,74.02,78.88,73.32,78.5,857419.485,71.1865,69.14433333333334,68.08645905224614,1.3124504290553318,0.6860770769226745,0.6263733521326573
2023-12-09 00:00:00+00:00,78.49,79.53,75.52,76.32,736505.035,71.47550000000001,69.35616666666667,61.0092175587578,1.4736022383718677,0.8435821092125132,0.6300201291593545
2023-12-10 00:00:00+00:00,76.33,79.0,76.33,77.18,559666.195,71.859,69.61666666666666,62.65823318160339,1.651671579137016,1.0052000031974138,0.6464715759396022
2023-12-11 00:00:00+00:00,77.17,77.5,70.46,72.67,988665.178,72.185,69.80916666666667,50.57773216847063,1.4125900474955984,1.0866780120570507,0.32591203543854763
2023-12-12 00:00:00+00:00,72.66,73.72,71.03,72.37,476918.626,72.3685,69.989,49.88870174194938,1.1852459409674765,1.1063915978391359,0.07885434312834061
2023-12-13 00:00:00+00:00,72.38,75.55,70.15,73.12,716835.326,72.549,70.18066666666667,51.66164803301254,1.05344932256547,1.0958031427844026,-0.042353820218932636
2023-12-14 00:00:00+00:00,73.14,74.05,71.25,72.93,673631.561,72.659,70.369,51.16775453967748,0.9230280480617239,1.061248123839867,-0.1382200757781431
2023-12-15 00:00:00+00:00,72.93,72.96,70.52,70.93,388128.515,72.61200000000001,70.49799999999999,46.164690574114175,0.6507831401392963,0.9791551270997529,-0.32837198696045666
2023-12-16 00:00:00+00:00,70.92,72.52,70.43,72.19,273166.636,72.72,70.66666666666667,49.513859847886515,0.5305823360389326,0.8894405688875889,-0.35885823284865637
2023-12-17 00:00:00+00:00,72.18,73.63,70.86,71.18,405335.594,72.81800000000001,70.84916666666668,46.99029996905657,0.3497915939541656,0.7815107739009043,-0.4317191799467387
2023-12-18 00:00:00+00:00,71.18,71.55,68.0,70.85,516602.696,72.872,71.00033333333333,46.16244757701514,0.17783541033840322,0.6607757011884041,-0.4829402908500009
2023-12-19 00:00:00+00:00,70.86,71.66,69.69,70.73,342815.358,72.9085,71.12283333333333,45.8461473337936,0.0315126407210613,0.5349230890949356,-0.5034104483738743
2023-12-20 00:00:00+00:00,70.72,71.89,69.38,69.83,738447.841,72.929,71.2075,43.441971793230486,-0.15528169605288156,0.39688213206537215,-0.5521638281182537
2023-12-21 00:00:00+00:00,69.83,71.09,68.92,70.93,581051.4,72.897,71.30199999999999,47.09375609654324,-0.2121116556785836,0.27508337451658105,-0.48719503019516464
2023-12-22 00:00:00+00:00,70.93,73.78,70.31,73.58,539144.649,72.96600000000001,71.378,54.684667168473844,-0.04282331457987709,0.21150203669728945,-0.25432535127716654
2023-12-23 00:00:00+00:00,73.58,74.09,70.7,72.45,472707.301,72.973,71.433,51.304342950701425,0.0001555659342642457,0.1692327425446844,-0.16907717661042015
2023-12-24 00:00:00+00:00,72.44,72.95,70.0,71.12,507808.475,72.88250000000001,71.47316666666667,47.57661504842876,-0.0722701609100369,0.12093216185374014,-0.19320232276377705
2023-12-25 00:00:00+00:00,71.11,72.77,70.55,72.22,364732.752,72.7765,71.53083333333333,50.763063006153764,-0.04044108466656837,0.08865751254967845,-0.12909859721624684
2023-12-26 00:00:00+00:00,72.23,74.45,71.04,73.24,851162.765,72.81800000000001,71.635,53.5806234609184,0.06632461420984725,0.08419093288171221,-0.01786631867186496
2023-12-27 00:00:00+00:00,73.24,77.3,72.07,75.98,929059.454,72.91600000000001,71.7725,60.17368870921913,0.3677926163015286,0.1409112695656755,0.22688134673585308
2023-12-28 00:00:00+00:00,75.98,77.64,74.51,76.51,981067.893,72.8165,71.90116666666667,61.31816072228925,0.6420733288656351,0.24114368142566744,0.4009296474399676
2023-12-29 00:00:00+00:00,76.51,77.8,72.71,73.25,909063.669,72.663,71.96849999999999,51.51255174748416,0.5895915700042877,0.31083325914139154,0.2787583108628962
2023-12-30 00:00:00+00:00,73.25,74.01,72.38,73.22,460911.041,72.465,72.04066666666668,51.43104395539805,0.5393612282182829,0.35653885295676985,0.18282237526151307
2023-12-31 00:00:00+00:00,73.23,74.24,71.41,72.83,403057.357,72.473,72.08833333333334,50.31643139489892,0.46274929401877785,0.3777809411691715,0.08496835284960635
2024-01-01 00:00:00+00:00,72.83,74.78,72.06,74.72,308376.95,72.5905,72.1765,55.36487207205803,0.5482214333893438,0.411869039613206,0.13635239377613784
2024-01-02 00:00:00+00:00,74.72,75.9,72.48,72.97,608280.863,72.583,72.23516666666666,50.271267375794196,0.46933810744445736,0.4233628531794563,0.04597525426500104
2024-01-03 00:00:00+00:00,72.96,73.61,57.71,65.24,1513212.297,72.1985,72.14900000000002,34.967909498250705,-0.21445182721258504,0.2957999171010481,-0.5102517443136332
2024-01-04 00:00:00+00:00,65.23,67.11,64.5,66.41,728924.878,71.9725,72.0625,38.04226094541171,-0.6544074532007329,0.10575844304069187,-0.7601658962414248
2024-01-05 00:00:00+00:00,66.41,66.73,63.4,66.0,659391.057,71.663,71.9215,37.37546178643366,-1.0243509498786096,-0.12026343554316843,-0.9040875143354412
2024-01-06 00:00:00+00:00,65.99,66.08,63.22,65.64,404291.404,71.386,71.79199999999999,36.76609392847378,-1.3312371543997017,-0.3624581793144751,-0.9687789750852266
2024-01-07 00:00:00+00:00,65.65,66.38,63.68,64.27,357443.918,71.057,71.64533333333334,34.46331237431524,-1.6657920194301994,-0.6231249473376199,-1.0426670720925795
2024-01-08 00:00:00+00:00,64.27,68.37,61.0,67.73,923906.453,70.90700000000001,71.54366666666667,44.0025508993258,-1.6329128735773821,-0.8250825325855724,-0.8078303409918097
2024-01-09 00:00:00+00:00,67.72,67.82,64.16,66.99,812582.618,70.765,71.43883333333335,42.575214408455615,-1.6475755043357054,-0.9895811269355991,-0.6579943774001064
2024-01-10 00:00:00+00:00,66.99,71.2,65.0,70.1,852014.198,70.7235,71.35283333333334,49.9265962516004,-1.3921963631425314,-1.0701041741769857,-0.3220921889655457
2024-01-11 00:00:00+00:00,70.1,74.62,69.54,71.88,1211539.098,70.6385,71.30283333333334,53.5887545938339,-1.0342532027986664,-1.0629339799013218,0.028680777102655375
2024-01-12 00:00:00+00:00,71.88,77.19,70.4,72.97,1734006.087,70.6645,71.334,55.72419590764224,-0.6550754765714402,-0.9813622792353455,0.3262868026639053
2024-01-13 00:00:00+00:00,72.97,73.6,70.98,71.98,629910.67,70.70750000000001,71.35683333333333,53.32434993865064,-0.42950802181709946,-0.8709914277516962,0.4414834059345968
2024-01-14 00:00:00+00:00,71.98,72.3,69.43,69.78,482807.612,70.5855,71.28600000000002,48.3419780137831,-0.4233852806640783,-0.7814701983341727,0.3580849176700944
2024-01-15 00:00:00+00:00,69.8,71.62,68.79,69.13,386493.938,70.38,71.25533333333333,46.94629355314136,-0.4656152096107036,-0.7182992005894789,0.25268399097877536
2024-01-16 00:00:00+00:00,69.15,70.53,68.38,69.44,461916.829,70.053,71.24116666666667,47.72150279580447,-0.4686658353140558,-0.6683725275343944,0.19970669222033854
2024-01-17 00:00:00+00:00,69.44,70.0,68.35,69.46,382828.255,69.7005,71.23450000000001,47.77452266052963,-0.4641195638814679,-0.627521934803809,0.1634023709223411
2024-01-18 00:00:00+00:00,69.46,70.34,66.21,68.11,742990.258,69.4435,71.194,44.4942646107212,-0.5629608661621432,-0.6146097210754758,0.0516488549133326
2024-01-19 00:00:00+00:00,68.11,71.57,66.97,71.29,647355.327,69.347,71.22366666666667,52.727947676948936,-0.38030991078476006,-0.5677497590173327,0.18743984823257265
2024-01-20 00:00:00+00:00,71.3,72.76,70.45,71.36,614429.987,69.2735,71.3105,52.893597823342255,-0.2272892487564917,-0.49965765696516456,0.27236840820867286
2024-01-21 00:00:00+00:00,71.35,72.3,70.5,71.75,311753.373,69.125,71.36133333333333,53.863621025917,-0.0736999637057778,-0.4144661183132872,0.3407661546075094
2024-01-22 00:00:00+00:00,71.75,72.71,66.67,67.36,770518.903,68.8445,71.32549999999999,43.10385363114134,-0.30272602284034633,-0.39211809921869906,0.08939207637835273
2024-01-23 00:00:00+00:00,67.36,68.43,63.19,65.5,701502.871,68.85749999999999,71.23833333333333,39.503265527250605,-0.627088593127084,-0.43911219800037604,-0.18797639512670794
2024-01-24 00:00:00+00:00,65.5,66.35,64.86,66.13,385420.813,68.8435,71.14266666666667,41.29208409851967,-0.8238160930026908,-0.5160529770008391,-0.3077631160018517
2024-01-25 00:00:00+00:00,66.12,66.16,64.56,65.5,275087.101,68.8185,71.06716666666667,40.01778296276208,-1.0188155177713156,-0.6166054851549344,-0.4022100326163812
2024-01-26 00:00:00+00:00,65.5,67.55,65.19,67.05,321128.162,68.889,71.031,44.55165913585626,-1.0363356879715724,-0.700551525718262,-0.3357841622533104
2024-01-27 00:00:00+00:00,67.05,68.33,66.34,68.06,248869.999,69.07849999999999,71.0025,47.344616340703155,-0.9576824231658065,-0.7519777052077709,-0.2057047179580357
2024-01-28 00:00:00+00:00,68.05,68.49,67.29,68.35,301025.603,69.1095,70.975,48.15216309403738,-0.8620118319571191,-0.7739845305576405,-0.08802730139947856
2024-01-29 00:00:00+00:00,68.34,68.79,66.84,68.43,435412.27,69.1815,70.95849999999999,48.38732012909805,-0.7708509775120689,-0.7733578199485263,0.0025068424364573794
2024-01-30 00:00:00+00:00,68.43,68.74,67.17,67.47,299636.981,69.05,70.89016666666666,45.70822800288719,-0.7672252257102343,-0.7721313011008679,0.004906075390633591
2024-01-31 00:00:00+00:00,67.48,70.07,66.14,66.76,612212.176,68.794,70.79950000000001,43.777679937301905,-0.8122794061992806,-0.7801609221205504,-0.03211848407873019
2024-02-01 00:00:00+00:00,66.76,68.13,65.7,67.54,289235.143,68.5225,70.72,46.453390589019186,-0.7760992979647909,-0.7793485972893985,0.003249299324607602
2024-02-02 00:00:00+00:00,67.55,68.43,67.32,68.05,209541.969,68.326,70.63866666666668,48.18962119922621,-0.6982248621917364,-0.7631238502698662,0.06489898807812977
2024-02-03 00:00:00+00:00,68.05,69.2,67.9,68.81,215935.272,68.2775,70.5465,50.752273683944836,-0.568628368498409,-0.7242247539155747,0.1555963854171657
2024-02-04 00:00:00+00:00,68.82,68.9,66.46,66.94,288180.813,68.168,70.45533333333334,44.8712393893082,-0.6097863478725998,-0.7013370727069799,0.09155072483438009
2024-02-05 00:00:00+00:00,66.95,68.26,66.58,67.7,272431.234,68.08099999999999,70.35,47.53225415231115,-0.5744567152128042,-0.6759610012081448,0.10150428599534067
2024-02-06 00:00:00+00:00,67.71,68.8,67.55,68.29,317363.773,68.02250000000001,70.17983333333333,49.56743593571041,-0.49316476124614894,-0.6394017532157457,0.14623699196959672
2024-02-07 00:00:00+00:00,68.29,68.83,67.75,68.62,355491.453,68.048,70.0515,50.71886739901467,-0.39752958635779123,-0.5910273198441549,0.19349773348636368
2024-02-08 00:00:00+00:00,68.63,70.66,68.36,70.53,461057.053,68.01,69.94066666666666,56.85830213944497,-0.1657068187232369,-0.5059632196199713,0.34025640089673437
2024-02-09 00:00:00+00:00,70.54,71.95,70.07,70.64,774603.897,67.974,69.90683333333332,57.18908743356138,0.026584031346274628,-0.3994537694267221,0.42603780077299674
2024-02-10 00:00:00+00:00,70.64,71.3,69.93,70.8,369470.127,67.9265,69.88066666666667,57.69716545705833,0.1896998365990612,-0.2816230482215655,0.4713228848206267
2024-02-11 00:00:00+00:00,70.79,73.1,70.6,71.55,613948.449,68.136,69.8545,60.08829014082496,0.37516435824612415,-0.15026556692802756,0.5254299251741517
2024-02-12 00:00:00+00:00,71.55,73.46,70.32,72.82,487609.667,68.502,69.85266666666666,63.81782417515039,0.6175064836591133,0.00328884318940062,0.6142176404697127
2024-02-13 00:00:00+00:00,72.81,73.16,68.1,68.97,1069326.647,68.64399999999999,69.82,48.900018218822325,0.493216052188842,0.1012742849892889,0.3919417671995531
2024-02-14 00:00:00+00:00,68.97,70.76,68.41,69.81,1053386.609,68.8595,69.78033333333333,51.56053230438429,0.45722536027122374,0.17246450004567587,0.28476086022554786
2024-02-15 00:00:00+00:00,69.81,70.95,69.0,69.76,892633.761,68.995,69.75666666666666,51.38902186074767,0.4198283753184455,0.2219372751002298,0.1978911002182157
2024-02-16 00:00:00+00:00,69.76,70.99,68.61,70.59,564443.74,69.1215,69.75233333333334,54.117455787735,0.4519552004942682,0.2679408601790375,0.18401434031523067
2024-02-17 00:00:00+00:00,70.59,70.7,68.0,69.97,436214.246,69.2025,69.73966666666666,51.77950556261662,0.4225166139454757,0.29885601093232517,0.12366060301315052
2024-02-18 00:00:00+00:00,69.97,71.35,69.82,70.8,393086.495,69.321,69.75583333333333,54.60673097555747,0.46084801634803796,0.33125441201546774,0.12959360433257022
2024-02-19 00:00:00+00:00,70.8,71.74,70.42,71.3,521590.667,69.5125,69.762,56.27008246130012,0.5255139525170165,0.37010632011577754,0.15540763240123895
2024-02-20 00:00:00+00:00,71.29,71.48,67.41,69.65,782301.912,69.65700000000001,69.6965,49.78666178765631,0.4385654529056353,0.3837981466737491,0.05476730623188619
2024-02-21 00:00:00+00:00,69.65,69.69,67.32,68.9,472252.103,69.725,69.63733333333333,47.12855295970018,0.3056164523222833,0.368161807803456,-0.06254535548117268
2024-02-22 00:00:00+00:00,68.91,69.76,67.91,68.8,516782.93,69.7625,69.59866666666667,46.77000227092711,0.1899941133772387,0.3325282689182125,-0.14253415554097382
2024-02-23 00:00:00+00:00,68.79,69.1,67.48,68.8,394735.965,69.762,69.54166666666667,46.77000227092711,0.0972416357037389,0.28547094227531783,-0.18822930657157894
2024-02-24 00:00:00+00:00,68.79,70.67,68.62,70.41,368401.431,69.93549999999999,69.4945,53.39110739218167,0.15189719723358053,0.25875619326697036,-0.10685899603338983
2024-02-25 00:00:00+00:00,70.41,70.61,69.75,70.16,332747.79,70.05850000000001,69.3975,52.30317746191374,0.17304446399076312,0.24161384741172892,-0.0685693834209658
2024-02-26 00:00:00+00:00,70.16,72.99,69.1,71.93,754791.397,70.2405,69.32116666666667,58.71705429237452,0.32883739989465255,0.25905855790831367,0.06977884198633888
2024-02-27 00:00:00+00:00,71.93,76.38,71.93,73.97,1532194.552,70.50800000000001,69.33316666666666,64.62188488751686,0.6098850003903493,0.3292238464047208,0.2806611539856285
2024-02-28 00:00:00+00:00,73.97,77.94,70.27,74.48,1803955.735,70.7055,69.35416666666667,65.93374011856459,0.8638124936517642,0.4361415758541295,0.42767091779763466
2024-02-29 00:00:00+00:00,74.48,84.96,73.87,79.92,2443670.28,71.1695,69.47233333333334,76.1098782042085,1.4868746323192283,0.6462881871471493,0.840586445172079
2024-03-01 00:00:00+00:00,79.93,86.18,79.93,84.87,1292518.576,71.873,69.6415,81.51946466465772,2.352956084183276,0.9876217665543747,1.3653343176289015
2024-03-02 00:00:00+00:00,84.89,94.5,84.45,94.49,2225902.682,73.02000000000001,70.00016666666667,87.46159852182305,3.772103021294029,1.5445180175023057,2.2275850037917238
2024-03-03 00:00:00+00:00,94.48,94.68,83.51,90.7,1320154.001,73.91400000000002,70.42450000000001,76.96241788268952,4.53864716836037,2.1433438476739184,2.395303320686452
2024-03-04 00:00:00+00:00,90.7,92.69,87.49,88.95,1600382.338,74.913,70.80016666666667,72.62710682689303,4.947892330097687,2.7042535441586724,2.243638785939015
2024-03-05 00:00:00+00:00,88.94,91.86,72.0,81.93,2974147.716,75.51899999999999,71.06566666666667,58.41259873667804,4.652139766443483,3.0938307886156347,1.5583089778278483
2024-03-06 00:00:00+00:00,81.93,87.4,79.76,85.87,1429676.918,76.3245,71.40283333333333,62.811874373075405,4.681710951427291,3.411406821177966,1.2703041302493254
2024-03-07 00:00:00+00:00,85.87,89.99,83.38,88.0,1274384.448,77.19500000000001,71.79833333333335,64.96930205070342,4.821440957310017,3.6934136484043765,1.1280273089056405
2024-03-08 00:00:00+00:00,88.0,89.48,83.78,88.32,1299568.77,78.1125,72.1415,65.29504758314697,4.901497902576423,3.935030499238786,0.9664674033376373
2024-03-09 00:00:00+00:00,88.33,90.97,86.77,90.67,904845.679,79.10600000000001,72.53616666666667,67.67246191893037,5.095827442000811,4.167189887791191,0.9286375542096197
2024-03-10 00:00:00+00:00,90.66,90.82,85.35,87.43,717059.191,79.9125,72.825,61.42478059841468,4.931546284091127,4.320061167051179,0.6114851170399476
2024-03-11 00:00:00+00:00,87.43,105.7,83.22,103.86,3096267.327,81.623,73.35799999999999,74.35462271718026,6.057291288189347,4.667507191278813,1.3897840969105344
2024-03-12 00:00:00+00:00,103.87,104.27,91.77,97.52,2441251.838,83.054,73.76716666666668,65.26397705259322,6.364501290964981,5.006906011216047,1.3575952797489341
2024-03-13 00:00:00+00:00,97.52,98.95,94.03,97.24,1134069.071,84.476,74.18816666666666,64.88666932952512,6.510326777003272,5.307590164373492,1.2027366126297796
2024-03-14 00:00:00+00:00,97.24,98.24,89.55,94.08,1440061.815,85.74,74.59316666666668,60.626760933209034,6.2983059837056175,5.505733328239917,0.7925726554657002
2024-03-15 00:00:00+00:00,94.08,95.39,83.33,89.75,1627567.337,86.70700000000001,74.93683333333334,55.27205205949355,5.715004154384587,5.547587493468852,0.1674166609157357
2024-03-16 00:00:00+00:00,89.77,90.75,82.25,84.12,1149294.873,87.405,75.1815,49.18871154801576,4.743756235066016,5.386821241788285,-0.643065006722269
2024-03-17 00:00:00+00:00,84.12,86.79,80.7,85.93,853819.758,88.10499999999999,75.456,51.0538452934604,4.073134574801415,5.1240839083909115,-1.0509493335894966
2024-03-18 00:00:00+00:00,85.93,88.06,80.76,86.77,978580.698,88.74499999999999,75.767,51.93562174278826,3.5683098030864215,4.812929087330014,-1.2446192842435924
2024-03-19 00:00:00+00:00,86.76,87.79,77.13,78.45,1961637.329,88.9435,75.88633333333333,43.56421355118402,2.468423616664836,4.3440279931969785,-1.8756043765321424
2024-03-20 00:00:00+00:00,78.45,85.29,76.97,84.65,1363127.952,89.18,76.10783333333333,50.02834215202564,2.0731461359452084,3.889851621746625,-1.8167054858014167
2024-03-21 00:00:00+00:00,84.65,87.02,83.57,85.75,934690.544,89.224,76.34116666666667,51.098537197408476,1.827579492806521,3.4773971959586043,-1.6498177031520833
2024-03-22 00:00:00+00:00,85.74,86.22,80.58,83.4,725163.718,88.6695,76.6085,48.69904425544253,1.4268924704863934,3.0672962508641626,-1.6404037803777691
2024-03-23 00:00:00+00:00,83.4,87.5,82.85,85.26,803555.89,88.3975,76.93783333333334,50.67338491083936,1.2450790772670643,2.702852816144743,-1.4577737388776786
2024-03-24 00:00:00+00:00,85.26,90.8,85.25,89.65,1052477.663,88.4325,77.32983333333333,55.068624978355516,1.4386431814141218,2.4500108891986185,-1.0113677077844967
2024-03-25 00:00:00+00:00,89.66,92.06,88.54,90.58,1095171.166,88.865,77.74783333333333,55.9638126841498,1.6480892096613644,2.2896265532911677,-0.6415373436298033
2024-03-26 00:00:00+00:00,90.59,97.06,87.53,95.77,1767545.155,89.35999999999999,78.2265,60.67279030283644,2.2074205513404195,2.273185352901018,-0.0657648015605985
2024-03-27 00:00:00+00:00,95.76,99.0,92.3,93.55,1793109.088,89.6375,78.65133333333333,57.824407173320836,2.4433933056320853,2.3072269434472314,0.1361663621848539
2024-03-28 00:00:00+00:00,93.55,96.59,93.33,94.11,1112111.518,89.92699999999999,79.08066666666667,58.35551375228548,2.64509967089613,2.374801488937011,0.2702981819591188
2024-03-29 00:00:00+00:00,94.11,110.44,92.75,109.06,3289558.98,90.84649999999999,79.75783333333334,69.4249501297196,3.9655807300529062,2.6929573371601903,1.272623392892716
2024-03-30 00:00:00+00:00,109.06,109.25,101.06,102.84,1242387.906,91.617,80.34733333333334,62.03656359745896,4.458771523066872,3.046120174341527,1.412651348725345
2024-03-31 00:00:00+00:00,102.84,106.87,101.41,105.01,1034072.535,91.6745,80.98483333333334,63.49614006742132,4.967467768042866,3.430389693081795,1.5370780749610709
2024-04-01 00:00:00+00:00,105.01,112.8,97.23,99.2,2502382.047,91.7585,81.51250000000002,57.15960770181655,4.845933854356886,3.7134985253368136,1.1324353290200726
2024-04-02 00:00:00+00:00,99.21,108.99,93.1,106.75,2878977.199,92.23400000000001,82.15750000000001,62.40936787339586,5.297769860963527,4.030352792462156,1.2674170685013708
2024-04-03 00:00:00+00:00,106.77,109.86,96.5,98.33,1868400.415,92.4465,82.6495,54.40262786994892,4.919718072852348,4.208225848540195,0.7114922243121526
2024-04-04 00:00:00+00:00,98.33,104.3,96.23,98.38,1786345.493,92.878,83.1735,54.44000725780783,4.5714470927327255,4.280870097378701,0.2905769953540247
2024-04-05 00:00:00+00:00,98.41,100.25,95.0,97.82,1244726.343,93.563,83.67550000000001,53.90699135016564,4.201816585884217,4.265059395079804,-0.06324280919558767
2024-04-06 00:00:00+00:00,97.83,102.47,97.17,101.6,771438.41,94.3465,84.23066666666665,56.969562677498175,4.165874546776308,4.245222425419105,-0.07934787864279702
2024-04-07 00:00:00+00:00,101.6,105.99,100.11,101.21,938207.857,95.0685,84.77383333333333,56.55206208966359,4.059129364606008,4.208003813256486,-0.14887444865047783
2024-04-08 00:00:00+00:00,101.21,106.06,99.52,103.27,1013133.783,96.3095,85.3195,58.29079707535602,4.093569699206398,4.185116990446469,-0.09154729124007055
2024-04-09 00:00:00+00:00,103.27,103.46,96.43,97.53,914660.536,96.95349999999999,85.76766666666666,52.04134308087906,3.616010762506363,4.071295744858448,-0.4552849823520848
2024-04-10 00:00:00+00:00,97.54,98.3,93.5,96.71,891774.881,97.5015,86.1995,51.19689615864002,3.135233695148699,3.8840833349164985,-0.7488496397677995
2024-04-11 00:00:00+00:00,96.71,99.96,94.87,98.78,802195.584,98.2705,86.65333333333334,53.25878402853559,2.8879555518326043,3.68485777829972,-0.7969022264671155
2024-04-12 00:00:00+00:00,98.77,99.58,79.86,86.08,2094321.098,98.3115,86.87433333333334,41.63611526342185,1.648202527276311,3.2775267280950384,-1.6293242008187274
2024-04-13 00:00:00+00:00,86.1,86.67,70.5,77.33,2633053.68,97.69550000000001,87.01366666666668,35.833855501743145,-0.039902577743873735,2.6140408669272563,-2.65394344467113
2024-04-14 00:00:00+00:00,77.33,80.44,73.61,79.72,1630408.562,97.1525,87.17883333333333,38.3605920128389,-1.171382046603071,1.8569562842211909,-3.028338330824262
2024-04-15 00:00:00+00:00,79.72,82.83,75.61,78.1,1410368.593,96.269,87.31783333333333,37.28874314587384,-2.1737504960328806,1.0508149281703765,-3.224565424203257
2024-04-16 00:00:00+00:00,78.12,80.44,75.31,79.94,771397.839,95.5885,87.47366666666667,39.36120389700209,-2.7875291900758015,0.283146104521141,-3.0706752945969424
2024-04-17 00:00:00+00:00,79.94,80.82,76.25,80.19,653290.465,94.8925,87.644,39.65301596530173,-3.216700198911994,-0.41682315616548604,-2.799877042746508
2024-04-18 00:00:00+00:00,80.19,82.53,78.64,80.75,868441.994,93.477,87.80983333333333,40.3455296725865,-3.4716153745083034,-1.0277815998340496,-2.443833774674254
2024-04-19 00:00:00+00:00,80.76,82.2,75.77,80.87,742141.865,92.3785,87.96933333333332,40.50308936412769,-3.6222000234853766,-1.5466652845643152,-2.0755347389210614
2024-04-20 00:00:00+00:00,80.86,85.98,80.27,85.04,435008.951,91.38,88.22583333333334,45.85490047199453,-3.366251243926257,-1.9105824764367036,-1.4556687674895534
2024-04-21 00:00:00+00:00,85.03,85.69,82.73,84.16,361745.445,90.628,88.48016666666668,44.93628278011609,-3.197559165993326,-2.167977814348028,-1.0295813516452976
2024-04-22 00:00:00+00:00,84.16,86.49,83.95,85.39,589746.588,89.55999999999999,88.75666666666667,46.548112713440375,-2.930833929253936,-2.3205490373292097,-0.6102848919247261
2024-04-23 00:00:00+00:00,85.39,86.39,83.98,85.02,436631.335,88.8945,89.027,46.110854319510416,-2.717977018084838,-2.4000346334803355,-0.3179423846045024
2024-04-24 00:00:00+00:00,85.0,87.72,82.34,83.25,931482.385,88.138,89.241,43.9823677734633,-2.6614312669627935,-2.452313960176827,-0.2091173067859664
2024-04-25 00:00:00+00:00,83.25,85.07,81.83,83.78,670805.321,87.43599999999999,89.468,44.80397235208346,-2.5445201369730057,-2.470755195536063,-0.07376494143694279
2024-04-26 00:00:00+00:00,83.77,88.59,83.09,88.1,1062310.424,86.761,89.7375,51.09965189931973,-2.0793103327135043,-2.392466222971551,0.3131558902580469
2024-04-27 00:00:00+00:00,88.1,88.46,83.14,83.88,699795.45,85.8945,89.90266666666666,45.6250613925096,-2.027772049231416,-2.3195273882235243,0.29175533899210837
2024-04-28 00:00:00+00:00,83.88,85.43,83.57,83.99,384000.288,84.9305,90.06116666666667,45.78810104316613,-1.9555096100447997,-2.2467238325877794,0.2912142225429797
2024-04-29 00:00:00+00:00,83.98,85.64,81.73,83.51,519097.015,84.2295,90.12100000000001,45.151886499901934,-1.9148993273767019,-2.180358931545564,0.26545960416886194
2024-04-30 00:00:00+00:00,83.52,84.56,77.19,79.49,616460.343,83.3685,90.03133333333334,40.12359653890919,-2.181943700472914,-2.180675885331034,-0.0012678151418796801
2024-05-01 00:00:00+00:00,79.48,80.89,74.6,80.17,713810.495,82.438,89.79266666666666,41.314140471631546,-2.3120560303862163,-2.2069519143420706,-0.10510411604414571
2024-05-02 00:00:00+00:00,80.17,81.28,78.66,80.02,398879.396,82.135,89.61466666666666,41.11991376556441,-2.399613485100204,-2.2454842284936976,-0.15412925660650645
2024-05-03 00:00:00+00:00,80.03,82.62,79.33,81.85,426096.048,82.36099999999999,89.49633333333333,44.54517779926768,-2.294883701926267,-2.2553641231802115,-0.039519578746055384
2024-05-04 00:00:00+00:00,81.86,83.01,81.42,81.66,294701.796,82.458,89.49183333333332,44.25730688008228,-2.2018346273378313,-2.2446582240117356,0.04282359667390434
2024-05-05 00:00:00+00:00,81.66,81.78,80.37,81.32,336649.505,82.619,89.416,43.71290852865604,-2.1309633053402024,-2.2219192402774293,0.09095593493722687
2024-05-06 00:00:00+00:00,81.32,84.2,80.01,80.79,580780.594,82.66149999999999,89.29583333333333,42.82851317524167,-2.093432060979211,-2.1962218044177857,0.10278974343857472
2024-05-07 00:00:00+00:00,80.79,82.65,79.78,80.84,493066.083,82.694,89.17116666666668,42.945787591730486,-2.036181860286348,-2.1642138155914985,0.12803195530515055
2024-05-08 00:00:00+00:00,80.82,82.33,79.32,81.7,486202.438,82.7415,89.02166666666668,45.034261211333735,-1.899519374156199,-2.111274927304439,0.2117555531482398
2024-05-09 00:00:00+00:00,81.69,83.16,80.7,83.08,352236.765,82.852,88.94916666666667,48.304357460122915,-1.6607152112433425,-2.0211629840922196,0.3604477728488771
2024-05-10 00:00:00+00:00,83.07,83.48,79.55,80.22,420451.976,82.611,88.55516666666668,42.64222582620734,-1.6828405512832063,-1.953498497530417,0.27065794624721073
2024-05-11 00:00:00+00:00,80.22,82.29,80.13,81.39,258119.13,82.4725,88.28633333333332,45.45881023896469,-1.5876642159721825,-1.88033164121877,0.2926674252465875
2024-05-12 00:00:00+00:00,81.39,82.18,80.84,81.41,186561.698,82.2735,88.0225,45.50806990803072,-1.4934073810023136,-1.802946789175479,0.3095394081731653
2024-05-13 00:00:00+00:00,81.42,82.61,78.95,80.62,448137.788,82.05350000000001,87.79816666666666,43.824371288557295,-1.4655604888635025,-1.7354695291130837,0.2699090402495812
2024-05-14 00:00:00+00:00,80.62,81.67,78.53,78.79,482795.267,81.8305,87.61550000000001,40.12131916636894,-1.5730244851779531,-1.7029805203260577,0.1299560351481046
2024-05-15 00:00:00+00:00,78.77,82.87,78.23,82.45,464809.116,81.76400000000001,87.58766666666666,49.340991655250704,-1.347327906960743,-1.6318499976529948,0.28452209069225187
2024-05-16 00:00:00+00:00,82.45,83.24,81.37,82.43,347670.919,81.48049999999999,87.52933333333333,49.29632418051075,-1.1567413809277838,-1.5368282743079527,0.3800868933801689
2024-05-17 00:00:00+00:00,82.43,84.23,81.92,84.14,326396.421,81.49350000000001,87.4855,53.19756511606565,-0.8578289587546379,-1.40102841119729,0.543199452442652
2024-05-18 00:00:00+00:00,84.15,84.81,83.43,83.84,215539.473,81.486,87.57533333333335,52.435315800423616,-0.6377941099437123,-1.2483815509465745,0.6105874410028622
2024-05-19 00:00:00+00:00,83.84,84.38,81.77,82.4,227737.175,81.43050000000001,87.53783333333332,48.81935862403182,-0.5730056203061622,-1.113306364818492,0.5403007445123298
2024-05-20 00:00:00+00:00,82.4,89.11,82.39,88.64,599212.269,81.888,87.586,61.280024379936584,-0.017937651270401034,-0.8942326221088739,0.8762949708384729
2024-05-21 00:00:00+00:00,88.64,89.63,87.0,88.26,905649.076,82.29249999999999,87.667,60.31695271520778,0.38683568801710067,-0.638018960083679,1.0248546481007796
2024-05-22 00:00:00+00:00,88.26,88.48,84.88,85.78,537922.52,82.5805,87.67566666666667,54.31724395371535,0.5017226554016929,-0.4100706369866046,0.9117932923882975
2024-05-23 00:00:00+00:00,85.78,87.95,80.53,85.45,984635.687,82.76050000000001,87.60566666666666,53.55388517829433,0.5596913887611379,-0.21611823183705614,0.775809620598194
2024-05-24 00:00:00+00:00,85.45,86.48,84.01,85.0,591773.875,82.9275,87.51266666666668,52.47097272182462,0.5628328022050084,-0.060328025028643234,0.6231608272336516
2024-05-25 00:00:00+00:00,85.0,85.98,84.43,84.98,251017.316,83.1105,87.33283333333334,52.42023820582847,0.5572845329407556,0.06319448656523655,0.4940900463755191
2024-05-26 00:00:00+00:00,84.99,85.26,83.54,83.9,279388.435,83.266,87.172,49.629599460837674,0.4604329312899438,0.142642175510178,0.3177907557797658
2024-05-27 00:00:00+00:00,83.91,86.43,83.82,85.24,346465.824,83.486,87.02416666666666,52.97464790477729,0.4861995347681898,0.21135364736178036,0.2748458874064094
2024-05-28 00:00:00+00:00,85.24,85.54,82.06,83.44,475207.661,83.57300000000001,86.59716666666667,48.3315277662769,0.3572565655871074,0.2405342310068458,0.1167223345802616
2024-05-29 00:00:00+00:00,83.44,84.21,82.63,83.59,334222.342,83.5985,86.27633333333333,48.73477200629953,0.2641273838573568,0.245252861576948,0.018874522280408784
2024-05-30 00:00:00+00:00,83.58,85.54,81.9,84.42,441661.874,83.80850000000001,85.93316666666668,51.01298861554259,0.25436375277158163,0.24707503981587475,0.0072887129557068775
2024-05-31 00:00:00+00:00,84.43,84.7,82.02,83.21,355784.532,83.89950000000002,85.66666666666667,47.68597377934094,0.14729123550753798,0.22711827895420741,-0.07982704344666944
2024-06-01 00:00:00+00:00,83.21,83.74,82.92,83.48,172096.505,84.003,85.27883333333332,48.493211631286314,0.08326244009546713,0.19834711118245935,-0.11508467108699222
2024-06-02 00:00:00+00:00,83.48,83.53,82.2,83.11,285093.347,84.12750000000001,85.02516666666665,47.413499389168585,0.002632900213129119,0.1592042689885933,-0.15657136877546418
2024-06-03 00:00:00+00:00,83.11,84.29,82.65,82.82,379200.72,84.329,84.76583333333335,46.53887038989411,-0.08370229941220941,0.11062295530843277,-0.1943252547206422
2024-06-04 00:00:00+00:00,82.83,83.7,81.11,83.65,340359.329,84.38900000000001,84.52966666666666,49.414999635104735,-0.08417913901142526,0.07166253644446118,-0.15584167545588645
2024-06-05 00:00:00+00:00,83.66,85.47,83.49,85.44,302276.545,84.5395,84.26033333333335,55.033483451192566,0.05919859792950888,0.06916974874147072,-0.009971150811961843
2024-06-06 00:00:00+00:00,85.44,85.84,84.16,84.19,296197.824,84.542,83.97666666666667,50.79094907255516,0.07114185510053517,0.06956417001328362,0.0015776850872515485
2024-06-07 00:00:00+00:00,84.19,84.83,75.0,80.13,782793.301,84.35650000000001,83.591,40.003924463016084,-0.24418626939623778,0.006814082131379337,-0.2510003515276171
2024-06-08 00:00:00+00:00,80.13,80.46,78.84,79.97,257436.338,84.235,83.29833333333335,39.64656968680072,-0.5012190020430296,-0.09479253470350245,-0.40642646733952714
2024-06-09 00:00:00+00:00,79.96,80.71,79.49,80.49,163718.623,83.82750000000001,83.028,41.4763397475491,-0.6554045446917343,-0.20691493670114883,-0.44848960799058546
2024-06-10 00:00:00+00:00,80.5,80.52,79.07,79.66,245521.341,83.39750000000001,82.70933333333333,39.421908392952034,-0.8349470120695912,-0.3325213517748373,-0.5024256602947539
2024-06-11 00:00:00+00:00,79.67,79.85,75.55,77.32,673700.591,82.97449999999999,82.56333333333333,34.26835358528629,-1.1527657883677023,-0.4965702390934103,-0.6561955492742919
2024-06-12 00:00:00+00:00,77.31,79.28,76.33,78.5,474723.842,82.627,82.58283333333333,38.62555527983675,-1.2945011169389318,-0.6561564146625146,-0.6383447022764172
2024-06-13 00:00:00+00:00,78.5,79.79,77.27,79.15,375356.239,82.3345,82.57333333333334,40.947683132439714,-1.3389433132048651,-0.7927137943709848,-0.5462295188338804
2024-06-14 00:00:00+00:00,79.15,80.27,75.9,77.61,513907.515,81.96600000000001,82.56516666666667,37.34275239971965,-1.4813530873367995,-0.9304416529641477,-0.5509114343726518
2024-06-15 00:00:00+00:00,77.61,79.47,77.45,79.23,234242.45,81.73249999999999,82.55333333333333,43.0251278672721,-1.4468154108038505,-1.0337164045320884,-0.4130990062717621
2024-06-16 00:00:00+00:00,79.23,80.15,78.63,78.98,189493.659,81.4195,82.53316666666666,42.38628558751392,-1.4232110726563434,-1.1116153381569394,-0.31159573449940403
2024-06-17 00:00:00+00:00,78.99,79.24,75.1,76.59,452907.381,81.077,82.46383333333333,36.76597692756587,-1.5791539863851511,-1.2051230678025817,-0.3740309185825694
2024-06-18 00:00:00+00:00,76.6,76.77,70.65,72.66,731466.118,80.53049999999999,82.327,29.77463443412826,-1.9968396995757018,-1.3634663941572058,-0.633373305418496
2024-06-19 00:00:00+00:00,72.66,74.97,72.5,73.77,316900.189,79.99799999999999,82.13916666666665,33.61438959096398,-2.2127833244449135,-1.5333297802147474,-0.6794535442301661
2024-06-20 00:00:00+00:00,73.77,75.35,73.24,74.69,371950.598,79.572,81.98133333333334,36.70353608687706,-2.2833627077533407,-1.6833363657224663,-0.6000263420308745
2024-06-21 00:00:00+00:00,74.7,74.73,72.17,74.17,523545.991,79.10650000000001,81.79433333333333,35.69255645470767,-2.354120199430838,-1.8174931324641408,-0.5366270669666973
2024-06-22 00:00:00+00:00,74.17,74.88,73.56,74.61,179086.364,78.6815,81.62083333333334,37.26713255212887,-2.3476296849396334,-1.9235204429592394,-0.424109241980394
2024-06-23 00:00:00+00:00,74.6,75.06,73.23,73.37,183031.022,78.209,81.45616666666666,34.68931693967198,-2.4147082882876703,-2.0217580120249257,-0.3929502762627446
2024-06-24 00:00:00+00:00,73.37,73.45,67.5,69.68,712802.629,77.51050000000001,81.22116666666668,28.394899140450974,-2.734103680787854,-2.1642271457775113,-0.5698765350103425
2024-06-25 00:00:00+00:00,69.68,72.03,69.4,71.35,369103.552,76.806,80.94200000000001,34.212919295500654,-2.8199649862419705,-2.2953747138704035,-0.524590272371567
2024-06-26 00:00:00+00:00,71.35,71.95,70.36,71.02,286798.118,76.14750000000001,80.72766666666666,33.631407595432165,-2.8814236730081006,-2.412584505697943,-0.46883916731015773
2024-06-27 00:00:00+00:00,71.02,73.35,70.55,73.28,300895.691,75.80499999999999,80.54916666666666,41.02439417398175,-2.7164534284743524,-2.473358290253225,-0.24309513822112727
2024-06-28 00:00:00+00:00,73.28,74.76,72.54,72.9,412794.018,75.4515,80.37233333333333,40.21327147075906,-2.5865598929738525,-2.4959986107973506,-0.09056128217650183
2024-06-29 00:00:00+00:00,72.9,76.9,72.87,74.95,348415.315,75.1745,80.29666666666667,46.37327046033199,-2.2917822239296015,-2.455155333423801,0.16337310949419948
2024-06-30 00:00:00+00:00,74.94,75.98,74.11,75.31,317637.764,74.95700000000001,80.21566666666668,47.39823650542571,-2.0059959336649626,-2.3653234534720333,0.35932751980707067
2024-07-01 00:00:00+00:00,75.32,75.96,74.17,74.38,270636.833,74.81,80.12166666666666,45.005165103751004,-1.8334169776608746,-2.258942158309802,0.4255251806489273
2024-07-02 00:00:00+00:00,74.38,76.21,74.28,76.04,243844.128,74.68700000000001,80.02483333333333,49.87033589374984,-1.5448902517014176,-2.116131776988125,0.5712415252867076
2024-07-03 00:00:00+00:00,76.04,76.21,71.78,72.08,393529.358,74.3335,79.86516666666668,40.63507731623622,-1.6171283980100952,-2.0163311011925193,0.3992027031824241
2024-07-04 00:00:00+00:00,72.08,72.42,65.0,65.42,534114.975,73.724,79.60016666666667,30.429011980736632,-2.1865784739156453,-2.0503805757371447,-0.1361978981785006
2024-07-05 00:00:00+00:00,65.42,65.58,56.86,61.85,1437934.907,72.855,79.2845,26.575804890257345,-2.892596869865372,-2.2188238345627904,-0.6737730353025815
2024-07-06 00:00:00+00:00,61.85,65.67,61.4,65.39,320005.364,72.17550000000001,79.027,35.32185186432643,-3.1303879564942036,-2.4011366589490732,-0.7292512975451304
2024-07-07 00:00:00+00:00,65.4,65.57,61.63,62.05,287837.524,71.4485,78.6995,31.50833278861421,-3.5474563240069017,-2.630400591960639,-0.9170557320462627
2024-07-08 00:00:00+00:00,62.04,67.03,59.25,64.92,542865.4,71.0615,78.39683333333332,37.72966996194946,-3.6048465683657582,-2.825289787241663,-0.7795567811240951
2024-07-09 00:00:00+00:00,64.92,66.3,64.26,65.3,237630.526,70.638,78.14816666666665,38.52587467259917,-3.5784161721413312,-2.975915064221597,-0.6025011079197342
2024-07-10 00:00:00+00:00,65.31,67.3,64.5,66.96,288677.299,70.2515,77.90766666666667,42.01387742697192,-3.3845072728527583,-3.0576335059478295,-0.32687376690492886
2024-07-11 00:00:00+00:00,66.96,69.14,66.42,67.36,294587.381,69.911,77.67350000000002,42.855267247970076,-3.1621056306995854,-3.078527930898181,-0.08357769980140439
2024-07-12 00:00:00+00:00,67.36,69.42,66.78,69.25,401927.86,69.643,77.48400000000001,46.784416356634814,-2.8010547072952505,-3.0230332861775953,0.22197857888234473
2024-07-13 00:00:00+00:00,69.26,70.68,69.13,69.82,258768.927,69.46549999999999,77.33449999999999,47.94684707893327,-2.4407891153711176,-2.9065844520163,0.46579533664518236
2024-07-14 00:00:00+00:00,69.82,70.51,69.23,69.92,228944.765,69.47749999999999,77.12566666666666,48.16078927930716,-2.1227372799277333,-2.749815017598587,0.6270777376708536
2024-07-15 00:00:00+00:00,69.91,72.53,69.67,72.29,435940.946,69.5245,76.95666666666668,53.08251257363946,-1.6603008016752057,-2.5319121744139106,0.8716113727387049
2024-07-16 00:00:00+00:00,72.29,74.09,70.34,73.21,435389.184,69.634,76.7745,54.87358762860833,-1.2056818993214904,-2.2666661193954267,1.0609842200739363
2024-07-17 00:00:00+00:00,73.2,74.25,71.12,71.38,344202.11,69.539,76.56683333333334,50.7254523298509,-0.9817419399353042,-2.009681283503402,1.027939343568098
2024-07-18 00:00:00+00:00,71.37,72.95,70.5,71.63,238896.669,69.4755,76.38733333333334,51.267431335317546,-0.775159442525208,-1.7627769153077635,0.9876174727825555
2024-07-19 00:00:00+00:00,71.64,74.13,69.67,73.4,356994.208,69.398,76.13333333333334,55.038132378661935,-0.46327675147713876,-1.5028768825416385,1.0396001310644998
2024-07-20 00:00:00+00:00,73.41,73.92,72.31,73.03,199919.213,69.28399999999999,75.8795,54.09585251977741,-0.24316037813204616,-1.25093358165972,1.0077732035276739
2024-07-21 00:00:00+00:00,73.04,74.13,71.21,73.98,264424.146,69.264,75.68283333333333,56.17070520575048,0.007850004154093426,-0.9991768644969573,1.0070268686510508
2024-07-22 00:00:00+00:00,73.99,74.61,70.7,71.26,371305.96,69.025,75.44633333333334,49.29984826847425,-0.012558955640599834,-0.8018532827256858,0.789294327085086
2024-07-23 00:00:00+00:00,71.25,73.11,70.43,72.92,353283.963,69.067,75.24499999999999,53.07254502437783,0.10401589301760339,-0.620679447577028,0.7246953405946314
2024-07-24 00:00:00+00:00,72.92,73.67,70.74,71.29,261735.815,69.3605,75.01683333333332,49.20102929824058,0.06413560757297887,-0.4837164365470267,0.5478520441200055
2024-07-25 00:00:00+00:00,71.28,71.66,67.29,68.79,410661.569,69.70750000000001,74.76500000000001,43.910310174670165,-0.16727071985596353,-0.4204272932088141,0.2531565733528506
2024-07-26 00:00:00+00:00,68.8,71.7,68.76,71.31,234994.905,70.0035,74.53283333333334,49.77331496227362,-0.14564011348429062,-0.3654698572639094,0.21982974377961878
2024-07-27 00:00:00+00:00,71.31,72.37,70.27,71.32,255064.977,70.467,74.33083333333333,49.795741483430625,-0.12623562001948585,-0.3176230098150247,0.19138738979553888
2024-07-28 00:00:00+00:00,71.3,71.77,70.34,71.07,149307.521,70.7745,74.12216666666667,49.20424164637403,-0.1295371066779012,-0.28000582918760003,0.15046872250969884
2024-07-29 00:00:00+00:00,71.08,76.78,71.04,73.69,577061.851,71.19399999999999,73.94333333333333,55.20904407783647,0.07835531382252725,-0.2083336005855746,0.28668891440810185
2024-07-30 00:00:00+00:00,73.69,74.56,71.08,71.69,242566.586,71.43050000000001,73.75133333333333,50.3189600783621,0.08079689325936101,-0.15050750181658748,0.2313043950759485
2024-07-31 00:00:00+00:00,71.69,72.93,69.86,70.14,257184.993,71.56949999999999,73.529,46.85518164778974,-0.04185767434151444,-0.12877753632157288,0.08691986198005844
2024-08-01 00:00:00+00:00,70.15,71.45,65.94,69.59,408394.942,71.5865,73.30366666666667,45.654257964840575,-0.18135219113032974,-0.13929246728332426,-0.04205972384700549
2024-08-02 00:00:00+00:00,69.58,69.97,63.97,65.06,395849.521,71.3485,73.00766666666667,37.197693068167965,-0.6499435966927223,-0.24142269316520387,-0.4085209035275184
2024-08-03 00:00:00+00:00,65.05,66.38,62.57,64.65,375256.367,71.08500000000001,72.691,36.538021057911834,-1.0423734033676197,-0.401612835205687,-0.6407605681619327
2024-08-04 00:00:00+00:00,64.66,65.25,60.31,62.46,313781.198,70.59349999999999,72.308,33.15569742562721,-1.51265460912866,-0.6238211899902817,-0.8888334191383782
2024-08-05 00:00:00+00:00,62.47,62.58,49.8,56.08,2173870.07,69.737,71.8395,25.69366085878167,-2.3728161850482508,-0.9736201890018756,-1.3991959960463751
2024-08-06 00:00:00+00:00,56.09,59.32,55.98,58.25,492339.711,69.0805,71.47483333333334,31.352744618359168,-2.846585896266731,-1.348213330454847,-1.4983725658118843
2024-08-07 00:00:00+00:00,58.24,59.5,55.35,55.99,620230.427,68.2985,71.07516666666666,28.885388386583315,-3.3656181669220544,-1.7516942977482883,-1.613923869173766
2024-08-08 00:00:00+00:00,56.0,62.0,55.16,61.16,372849.94,67.6865,70.75299999999999,40.433816024856455,-3.321491106416424,-2.0656536594819155,-1.2558374469345086
2024-08-09 00:00:00+00:00,61.15,61.24,59.33,60.72,286289.922,67.071,70.43733333333333,39.84083706204563,-3.2841665877135497,-2.3093562451282423,-0.9748103425853074
2024-08-10 00:00:00+00:00,60.72,61.55,60.14,61.16,199810.959,66.43,70.16799999999999,40.77619014240301,-3.182397616220257,-2.483964519346645,-0.6984330968736119
2024-08-11 00:00:00+00:00,61.17,62.42,58.81,59.73,306212.882,65.85350000000001,69.85516666666668,38.671754189015665,-3.180471526119021,-2.6232659207011206,-0.5572056054179004
2024-08-12 00:00:00+00:00,59.73,62.06,59.17,61.5,444394.904,65.2825,69.56099999999999,42.61921191815932,-3.0015212102149746,-2.6989169786038913,-0.3026042316110833
2024-08-13 00:00:00+00:00,61.5,63.52,61.12,63.44,296388.601,64.89000000000001,69.32483333333333,46.67088563244472,-2.6723547665840073,-2.6936045361999144,0.021249769615907077
2024-08-14 00:00:00+00:00,63.43,64.69,62.57,64.06,334518.91,64.6535,69.07199999999999,47.936143175517955,-2.3345479544334182,-2.6217932198466154,0.28724526541319717
2024-08-15 00:00:00+00:00,64.05,66.89,63.59,65.33,572346.5,64.3545,68.8445,50.52550447659426,-1.9419694212164842,-2.4858284601205893,0.5438590389041051
2024-08-16 00:00:00+00:00,65.33,66.79,64.28,66.49,425227.854,64.113,68.67616666666666,52.83296279450947,-1.519727329138071,-2.292608233924086,0.7728809047860148
2024-08-17 00:00:00+00:00,66.49,67.87,65.88,67.59,218390.878,63.939,68.59166666666667,54.977348660275894,-1.0838427575195055,-2.05085513864317,0.9670123811236646
2024-08-18 00:00:00+00:00,67.59,68.16,66.09,66.33,291014.373,63.571000000000005,68.46766666666667,52.05781925609312,-0.8304990873622842,-1.806783928386993,0.9762848410247089
2024-08-19 00:00:00+00:00,66.34,67.42,65.59,66.32,325938.679,63.302499999999995,68.32816666666666,52.03420185541949,-0.623343800630991,-1.5700959028357928,0.9467521022048018
2024-08-20 00:00:00+00:00,66.32,67.3,63.15,64.41,423924.769,63.016000000000005,68.1655,47.59293690552214,-0.6063036893670812,-1.3773374601420507,0.7710337707749695
2024-08-21 00:00:00+00:00,64.41,64.77,62.06,64.27,453834.362,62.75,67.99316666666667,47.27442665968207,-0.5972118222587142,-1.2213123325653834,0.6241005103066692
2024-08-22 00:00:00+00:00,64.27,64.37,62.48,63.77,321301.243,62.685500000000005,67.83316666666666,46.08812112267555,-0.6231687717064602,-1.101683620393599,0.47851484868713867
2024-08-23 00:00:00+00:00,63.77,66.88,63.47,66.1,427315.743,62.757999999999996,67.7735,52.11805648837848,-0.4505348287187303,-0.9714538620586253,0.520919033339895
2024-08-24 00:00:00+00:00,66.1,67.99,65.43,66.57,307082.897,62.963499999999996,67.69383333333333,53.253853254248256,-0.2726531374466532,-0.831693717136231,0.5590405796895778
2024-08-25 00:00:00+00:00,66.57,66.87,64.42,64.82,273239.656,63.4005,67.5905,48.628502932686764,-0.2697811213509027,-0.7193111979791653,0.4495300766282626
2024-08-26 00:00:00+00:00,64.82,65.1,62.97,63.01,325813.775,63.6385,67.41933333333333,44.33902045337397,-0.40884400194424586,-0.6572177587721815,0.2483737568279356
2024-08-27 00:00:00+00:00,63.0,63.97,59.0,60.38,401987.146,63.85799999999999,67.21066666666667,38.96117952572421,-0.7229377801647416,-0.6703617630506936,-0.052576017114048024
2024-08-28 00:00:00+00:00,60.37,62.38,59.4,61.82,393591.324,63.891,66.99183333333333,43.0351707095228,-0.8459122470877389,-0.7054718598581027,-0.14044038722963625
2024-08-29 00:00:00+00:00,61.83,63.96,61.09,62.47,646057.531,63.9785,66.77783333333333,44.82532028922681,-0.8807678864480692,-0.740531065176096,-0.14023682127197323
2024-08-30 00:00:00+00:00,62.46,65.42,61.55,64.94,445694.647,64.16749999999999,66.6205,51.11240707215409,-0.7010021578962125,-0.7326252837201193,0.031623125823906806
2024-08-31 00:00:00+00:00,64.93,66.45,64.86,64.97,333260.006,64.42949999999999,66.43599999999999,51.18516334778414,-0.5497782719037687,-0.6960558813568491,0.14627760945308044
2024-09-01 00:00:00+00:00,64.96,65.13,62.84,63.59,275100.421,64.53399999999999,66.2945,47.67064851722171,-0.5351182099791671,-0.6638683470813128,0.12875013710214567
2024-09-02 00:00:00+00:00,63.57,65.74,62.6,65.33,338228.783,64.6285,66.29299999999999,52.133456484975035,-0.37873077445443926,-0.6068408325559381,0.22811005810149887
2024-09-03 00:00:00+00:00,65.33,66.38,64.3,64.36,320522.789,64.64349999999999,66.33483333333334,49.5942315067664,-0.3292679030381436,-0.5513262466523793,0.2220583436142357
2024-09-04 00:00:00+00:00,64.36,66.22,62.02,65.42,425540.638,64.648,66.33533333333334,52.32684001270824,-0.20220419576853033,-0.4815018364756095,0.2792976407070792
2024-09-05 00:00:00+00:00,65.41,68.55,64.43,66.08,736165.409,64.6275,66.4025,53.99903482971509,-0.04769896419524855,-0.39474126201953735,0.3470422978242888
2024-09-06 00:00:00+00:00,66.07,66.81,61.18,63.05,503464.824,64.4005,66.37133333333333,46.01855057205292,-0.1678136806071393,-0.34935574573705774,0.18154206512991844
2024-09-07 00:00:00+00:00,63.05,64.16,61.64,62.07,315700.656,64.1875,66.3175,43.76563650158678,-0.3381848837149306,-0.3471215733326323,0.00893668961770172
2024-09-08 00:00:00+00:00,62.06,62.32,59.89,60.95,393724.274,63.919,66.21733333333333,41.27843189855982,-0.5571573661074822,-0.38912873188760233,-0.1680286342198799
2024-09-09 00:00:00+00:00,60.94,61.82,59.65,61.42,595870.787,63.769499999999994,66.11833333333333,42.74880430444619,-0.6848747541232072,-0.44827793633472335,-0.23659681778848385
2024-09-10 00:00:00+00:00,61.41,61.77,60.35,61.51,377145.929,63.631499999999996,65.98933333333333,43.04291228518318,-0.7699539070799943,-0.5126131304837775,-0.2573407765962168
2024-09-11 00:00:00+00:00,61.52,62.42,60.13,62.19,489748.89,63.552499999999995,65.86216666666667,45.3281788994525,-0.7735919453557685,-0.5648088934581758,-0.20878305189759272
2024-09-12 00:00:00+00:00,62.17,63.12,61.52,62.84,383572.639,63.3895,65.74416666666666,47.49670563831909,-0.7157745457672107,-0.5950020239199827,-0.12077252184722798
2024-09-13 00:00:00+00:00,62.83,65.01,62.4,64.91,407124.406,63.30650000000001,65.62116666666667,53.78363649205476,-0.4971908333172905,-0.5754397857994442,0.07824895248215369
2024-09-14 00:00:00+00:00,64.92,66.76,64.87,65.91,414127.091,63.36099999999999,65.4995,56.4939299811127,-0.24049771577599444,-0.5084513717947543,0.26795365601875987
2024-09-15 00:00:00+00:00,65.91,66.31,62.89,63.24,295654.677,63.37249999999999,65.36383333333333,48.342310483157114,-0.24963561267923495,-0.45668821997165043,0.20705260729241548
2024-09-16 00:00:00+00:00,63.24,63.75,62.1,62.62,291156.153,63.484500000000004,65.21366666666667,46.65870659762641,-0.3034087727865611,-0.4260323305346326,0.12262355774807149
2024-09-17 00:00:00+00:00,62.63,64.03,61.93,63.77,298536.819,63.58200000000001,65.05316666666667,50.12814269376212,-0.2503431999614065,-0.3908945044199874,0.14055130445858088
2024-09-18 00:00:00+00:00,63.76,64.86,62.39,64.84,302989.047,63.7005,64.91666666666666,53.17955905585181,-0.12055856940082066,-0.33682731741615407,0.2162687480153334
2024-09-19 00:00:00+00:00,64.84,66.06,64.69,65.4,345158.431,63.7235,64.77366666666667,54.740354570454485,0.027170797213884157,-0.26402769449014646,0.2911984917040306
2024-09-20 00:00:00+00:00,65.39,66.45,64.33,65.33,358959.114,63.741499999999995,64.67483333333332,54.49580423022663,0.13701949416598325,-0.18381825675892052,0.32083775092490374
2024-09-21 00:00:00+00:00,65.33,67.15,64.82,66.84,222813.661,63.90400000000001,64.5735,58.774310598896626,0.3419776528131706,-0.07865907484450228,0.4206367276576729
2024-09-22 00:00:00+00:00,66.85,68.82,66.46,68.68,306313.854,64.07149999999999,64.53,63.3022976161471,0.6454408522910313,0.06616091058260445,0.5792799417084269
2024-09-23 00:00:00+00:00,68.69,69.35,66.63,66.96,311939.213,64.2015,64.4995,56.999888920811365,0.7386334917418793,0.20065542681445944,0.5379780649274198
2024-09-24 00:00:00+00:00,66.95,67.17,65.66,66.7,311050.764,64.2655,64.42266666666667,56.090795997898965,0.7824894515196945,0.3170222317555065,0.46546721976418803
2024-09-25 00:00:00+00:00,66.71,67.85,65.91,66.55,251370.126,64.289,64.34316666666666,55.54043689545427,0.795966463294107,0.41281107806322664,0.3831553852308804
2024-09-26 00:00:00+00:00,66.55,68.58,65.63,68.54,293448.78,64.5635,64.301,61.00670563817417,0.9562009715128852,0.5214890567531584,0.4347119147597268
2024-09-27 00:00:00+00:00,68.54,71.2,68.28,71.13,377138.733,65.0165,64.25833333333334,66.7385944512633,1.2774536378208836,0.6726819729667035,0.6047716648541801
2024-09-28 00:00:00+00:00,71.13,71.52,69.01,69.95,324204.131,65.46650000000001,64.22933333333334,62.24899978577564,1.4204583919046883,0.8222372567543006,0.5982211351503877
2024-09-29 00:00:00+00:00,69.95,70.32,68.49,69.27,217931.548,65.85900000000001,64.21483333333335,59.75434113695429,1.4620665793845546,0.9502031212803514,0.5118634581042032
2024-09-30 00:00:00+00:00,69.27,69.38,66.28,66.82,350738.257,66.1245,64.16866666666667,51.71313056067547,1.2825622638273444,1.01667494978975,0.26588731403759436
2024-10-01 00:00:00+00:00,66.83,68.59,62.0,63.41,476778.203,66.1855,64.14116666666668,43.03299472808212,0.8552860933614284,0.9843971785040857,-0.12911108514265734
2024-10-02 00:00:00+00:00,63.4,64.77,62.23,62.95,333252.431,66.191,64.11283333333333,42.00863522595812,0.47408355418316717,0.882334453639902,-0.4082508994567349
2024-10-03 00:00:00+00:00,62.95,63.97,61.92,63.44,338510.319,66.11749999999999,64.12916666666666,43.55011151951213,0.20910625363968904,0.7476888136398595,-0.5385825600001705
2024-10-04 00:00:00+00:00,63.45,65.2,63.29,64.95,232700.151,66.0695,64.277,48.12612952295432,0.11957581869948797,0.6220662146517851,-0.5024903959522972
2024-10-05 00:00:00+00:00,64.95,66.36,64.67,66.29,209580.313,66.22200000000001,64.411,51.8558851434013,0.15496279054178785,0.5286455298297857,-0.3736827392879979
2024-10-06 00:00:00+00:00,66.3,67.65,66.11,67.02,205595.558,66.442,64.59483333333333,53.80453500885461,0.2391552865373967,0.47074748117130794,-0.23159219463391123
2024-10-07 00:00:00+00:00,67.03,67.98,64.48,64.77,343005.628,66.49199999999999,64.655,47.43207561982577,0.12290547244236905,0.40117907942552017,-0.2782736069831511
2024-10-08 00:00:00+00:00,64.77,66.16,64.52,65.69,237887.624,66.53450000000001,64.73783333333333,50.037750181685034,0.10381623949108132,0.3417065114386324,-0.23789027194755108
2024-10-09 00:00:00+00:00,65.69,65.97,64.11,64.59,300940.046,66.494,64.795,47.035709427854364,-7.20910490059623e-05,0.27335079094110476,-0.2734228819901107
2024-10-10 00:00:00+00:00,64.59,65.09,63.22,64.32,218900.38,66.4435,64.8715,46.30141732609137,-0.10300372220092413,0.198079888312699,-0.3010836105136231
2024-10-11 00:00:00+00:00,64.32,65.92,64.3,65.58,213209.345,66.3805,64.9395,50.20795974559188,-0.08196151045727618,0.14207160855870396,-0.22403311901598014
2024-10-12 00:00:00+00:00,65.59,66.65,65.07,66.19,156600.646,66.256,64.98533333333333,52.02751767268207,-0.015880444157190254,0.11048119801552513,-0.1263616421727154
2024-10-13 00:00:00+00:00,66.19,66.3,64.43,64.8,169832.939,66.148,64.99766666666666,47.74586550583627,-0.07480974612541047,0.07342300918733802,-0.1482327553127485
2024-10-14 00:00:00+00:00,64.8,67.37,64.12,66.83,392472.567,66.1545,65.02266666666667,53.73417831633073,0.04181042750207098,0.06710049285028462,-0.02529006534821364
2024-10-15 00:00:00+00:00,66.84,72.0,65.27,70.87,1052315.145,66.3705,65.09566666666667,62.85702736067312,0.4549822395748606,0.14467684219519983,0.3103053973796608
2024-10-16 00:00:00+00:00,70.87,73.07,69.32,70.08,659266.466,66.4475,65.13716666666667,60.35100398406336,0.7104874229415685,0.25783895834447357,0.45264846459709496
2024-10-17 00:00:00+00:00,70.08,74.0,69.87,72.8,572727.857,66.53099999999999,65.24499999999999,65.45738265187144,1.1195528808734139,0.4301817428502617,0.6893711380231522
2024-10-18 00:00:00+00:00,72.79,74.87,71.89,73.11,465869.732,66.689,65.35816666666666,65.99491202166162,1.4520166683599314,0.6345487279521956,0.8174679404077357
2024-10-19 00:00:00+00:00,73.11,76.19,73.03,74.9,310186.925,66.97049999999999,65.533,68.99513052193487,1.8387388190304534,0.8753867461678473,0.9633520728626062
2024-10-20 00:00:00+00:00,74.9,75.88,73.6,74.3,294976.535,67.34450000000001,65.70016666666668,66.86554885933964,2.072908722615267,1.1148911414573313,0.9580175811579359
2024-10-21 00:00:00+00:00,74.31,74.62,70.32,70.77,406227.564,67.7125,65.81683333333334,55.92814156953928,1.9511568382715723,1.2821442808201795,0.6690125574513928
2024-10-22 00:00:00+00:00,70.77,71.62,69.39,70.04,700483.125,68.06700000000001,65.88250000000001,53.96235788173197,1.7752981614977728,1.3807750569556982,0.3945231045420745
2024-10-23 00:00:00+00:00,70.03,70.43,67.86,70.04,300494.357,68.397,65.94033333333333,53.96235788173197,1.6172858288516636,1.4280772113348914,0.1892086175167722
2024-10-24 00:00:00+00:00,70.05,71.33,69.29,71.18,265397.628,68.7085,66.04633333333332,56.717649279423526,1.5659965559368914,1.4556610802552914,0.11033547568159996
2024-10-25 00:00:00+00:00,71.18,72.28,66.79,68.84,410496.964,68.836,66.1435,50.09078614756697,1.3212998713918438,1.428788838482602,-0.10748896709075817
2024-10-26 00:00:00+00:00,68.83,69.72,68.07,68.47,248465.197,68.9085,66.27833333333334,49.11363354362009,1.0850127268463865,1.3600336161553588,-0.2750208893089723
2024-10-27 00:00:00+00:00,68.47,71.22,68.0,71.06,188682.053,69.223,66.43233333333333,55.637476679141585,1.094132340358101,1.3068533609959072,-0.2127210206378063
2024-10-28 00:00:00+00:00,71.1,71.57,69.6,70.8,334714.929,69.4785,66.57116666666667,54.876888079059746,1.068067851338995,1.259096259064525,-0.19102840772552998
2024-10-29 00:00:00+00:00,70.81,74.38,70.71,73.98,431834.786,69.94800000000001,66.72183333333334,61.76206725984435,1.2891504556534983,1.2651070983823196,0.024043357271178678
2024-10-30 00:00:00+00:00,73.99,74.27,71.49,71.76,290639.026,70.32,66.835,55.406064924286824,1.2705781319038323,1.266201305086622,0.004376826817210189
2024-10-31 00:00:00+00:00,71.76,72.11,68.42,69.33,367951.223,70.50750000000001,66.93066666666667,49.41186218142275,1.0477014892862542,1.2225013419265487,-0.17479985264029452
2024-11-01 00:00:00+00:00,69.33,71.09,67.7,70.27,398447.975,70.7115,67.013,51.59350679574333,0.9361291739672168,1.1652269083346825,-0.2290977343674656
2024-11-02 00:00:00+00:00,70.27,71.25,68.86,69.2,228292.224,70.9315,67.09366666666666,49.002921514019306,0.7526907027176293,1.082719667211272,-0.3300289644936427
2024-11-03 00:00:00+00:00,69.2,69.29,65.28,66.86,328302.269,70.933,67.11766666666666,43.82088196358354,0.4137267642432505,0.9489210866176678,-0.5351943223744173
2024-11-04 00:00:00+00:00,66.85,67.74,64.45,65.56,368027.479,70.66749999999999,67.109,41.213354489262954,0.039738188353155124,0.7670845069647653,-0.7273463186116101
2024-11-05 00:00:00+00:00,65.56,67.28,64.85,65.39,387237.066,70.433,67.148,40.87086139250372,-0.26728691456192166,0.5602102226594279,-0.8274971372213495
2024-11-06 00:00:00+00:00,65.4,71.64,65.35,71.01,841276.532,70.3435,67.297,54.370727948582996,-0.05646855457159461,0.4368744672132234,-0.49334302178481804
2024-11-07 00:00:00+00:00,71.0,72.39,69.88,71.45,458912.255,70.26050000000001,67.47200000000001,55.232498841177424,0.1444457565840338,0.3783887250873855,-0.23394296850335172
2024-11-08 00:00:00+00:00,71.46,73.05,70.64,72.78,419454.252,70.15450000000001,67.66133333333333,57.825382784149895,0.40630801453690424,0.3839725829772893,0.022335431559614927
2024-11-09 00:00:00+00:00,72.79,74.19,71.58,73.98,389149.592,70.1385,67.86916666666667,60.07240646282903,0.7025669572118147,0.4476914578241944,0.25487549938762033
2024-11-10 00:00:00+00:00,73.98,78.2,73.45,76.58,1116857.615,70.429,68.109,64.4872705427693,1.1340796107923126,0.584969088417818,0.5491105223744945
2024-11-11 00:00:00+00:00,76.58,80.37,74.57,80.03,1490444.189,70.9285,68.39550000000001,69.3328724514538,1.7344490161811024,0.8148650739704749,0.9195839422106274
2024-11-12 00:00:00+00:00,80.04,82.78,68.0,76.69,1818019.562,71.261,68.59183333333334,60.69810115700629,1.9186193592500302,1.035615931026386,0.8830034282236443
2024-11-13 00:00:00+00:00,76.69,77.93,71.86,75.39,1304193.717,71.4715,68.74983333333333,57.68669804080282,1.9373440512926408,1.215961555079637,0.7213824962130038
2024-11-14 00:00:00+00:00,75.4,85.0,74.17,82.38,2471579.137,72.1485,69.06883333333333,67.1297994070242,2.4875432367813772,1.4702778914199852,1.017265345361392
2024-11-15 00:00:00+00:00,82.37,87.37,78.84,83.7,1604234.042,72.91,69.42016666666667,68.55686838926151,2.9955620489246257,1.7753347229209133,1.2202273260037124
2024-11-16 00:00:00+00:00,83.71,98.49,82.84,95.42,2821944.885,74.12800000000001,69.94766666666668,77.780699744628,4.294373801470755,2.279142538630882,2.015231262839873
2024-11-17 00:00:00+00:00,95.44,97.43,84.68,87.2,1747857.17,74.94800000000001,70.32033333333334,63.67263956244325,4.607296128377584,2.7447732565802223,1.8625228717973616
2024-11-18 00:00:00+00:00,87.2,95.0,86.38,89.22,1671176.849,75.71000000000001,70.71733333333333,65.33655560121093,4.961097995573809,3.1880382043789397,1.7730597911948691
2024-11-19 00:00:00+00:00,89.21,90.18,85.07,86.68,1002251.171,76.456,71.07316666666665,61.52075020093142,4.979135378755188,3.54625763925419,1.4328777395009986
2024-11-20 00:00:00+00:00,86.67,87.83,82.33,83.38,887763.33,77.1585,71.34883333333332,56.87341304577578,4.673277084908634,3.7716615283850787,0.9016155565235549
2024-11-21 00:00:00+00:00,83.41,93.0,81.54,89.51,1455684.862,78.1205,71.696,62.535015075442416,4.86939064859115,3.991207352426293,0.8781832961648566
2024-11-22 00:00:00+00:00,89.51,92.78,87.63,92.2,1231751.446,79.2705,72.11666666666666,64.72356010819843,5.182136139811448,4.229393109903325,0.952743029908123
2024-11-23 00:00:00+00:00,92.2,106.36,92.08,99.5,3151459.163,80.9025,72.66333333333334,69.8677475613032,5.950445158405003,4.573603519603661,1.3768416388013422
2024-11-24 00:00:00+00:00,99.5,103.18,91.53,96.92,1496549.842,82.4705,73.1695,66.19381662556958,6.2787733620506145,4.914637488093052,1.3641358739575624
2024-11-25 00:00:00+00:00,96.92,99.23,90.92,92.26,1039103.845,83.814,73.56483333333334,60.05154106143591,6.092719694114251,5.150253929297292,0.9424657648169594
2024-11-26 00:00:00+00:00,92.23,95.31,87.95,92.82,851742.704,84.9045,73.92633333333333,60.52558044038526,5.9221908124648195,5.304641305930797,0.6175495065340222
2024-11-27 00:00:00+00:00,92.82,99.0,91.47,97.23,825746.05,86.1935,74.38100000000001,64.13487241536875,6.072891081115941,5.458291260967826,0.6145998201481149
2024-11-28 00:00:00+00:00,97.25,98.31,93.66,95.54,529480.313,87.3315,74.81883333333333,61.80277319018441,5.986939541385453,5.5640209170513515,0.4229186243341019
2024-11-29 00:00:00+00:00,95.54,104.8,94.72,104.77,817737.485,88.87100000000001,75.45133333333334,68.5327205372977,6.587667656509581,5.768750264942998,0.8189173915665826
2024-11-30 00:00:00+00:00,104.76,104.92,100.33,102.74,829390.09,90.179,76.10683333333333,65.78734831644059,6.821313129538339,5.979262837862066,0.8420502916762729
2024-12-01 00:00:00+00:00,102.75,122.25,99.35,119.55,1983464.76,92.155,77.05016666666666,74.79247501967282,8.267601598383806,6.436930589966414,1.8306710084173918
2024-12-02 00:00:00+00:00,119.57,139.74,114.63,132.93,4487620.242,94.96700000000001,78.20833333333333,79.4328257135825,10.37386633496206,7.224317738965544,3.1495485959965155
2024-12-03 00:00:00+00:00,132.93,135.16,121.42,130.89,2454253.328,97.74199999999999,79.30733333333335,77.10233766394175,11.743118007951153,8.128077792762667,3.615040215188486
2024-12-04 00:00:00+00:00,130.9,135.7,121.9,133.69,1760741.798,100.3075,80.43066666666667,78.05406701703726,12.905430651940321,9.0835483645982,3.821882287342122
2024-12-05 00:00:00+00:00,133.69,147.06,124.94,135.78,2689717.085,102.9115,81.57666666666665,78.7636056340321,13.835727673277248,10.03398422633401,3.801743446943238
2024-12-06 00:00:00+00:00,135.79,139.28,130.08,135.93,1164106.044,104.93699999999998,82.76266666666668,78.81654131629422,14.418886562663403,10.910964693599889,3.507921869063514
2024-12-07 00:00:00+00:00,135.94,138.67,131.76,133.79,799724.325,107.2665,83.89766666666667,75.90937198006972,14.54074738411795,11.636921231703502,2.9038261524144477
2024-12-08 00:00:00+00:00,133.79,135.9,130.08,134.91,633885.207,109.551,85.06966666666668,76.40000170948568,14.559860593130836,12.22150910398897,2.338351489141866
2024-12-09 00:00:00+00:00,134.91,135.07,100.56,110.44,2110765.154,110.739,85.83833333333334,51.64994369887584,12.456888200270498,12.268584923245276,0.18830327702522176
2024-12-10 00:00:00+00:00,110.43,114.84,101.23,109.8,2582881.681,112.05999999999999,86.57533333333332,51.18292034035203,10.616247286203048,11.938117395836832,-1.3218701096337835
2024-12-11 00:00:00+00:00,109.79,118.68,106.01,117.3,1267462.877,113.44950000000001,87.42716666666666,56.18300453819499,9.651457427190621,11.480785402107589,-1.8293279749169677
2024-12-12 00:00:00+00:00,117.3,125.01,116.46,119.24,1493639.186,114.80149999999999,88.33449999999999,57.39850604439841,8.940337652440817,10.972695852174235,-2.0323581997334177
2024-12-13 00:00:00+00:00,119.23,125.3,117.04,124.52,1060225.123,116.05249999999998,89.296,60.601863908679654,8.70250492119878,10.518657665979145,-1.8161527447803643
2024-12-14 00:00:00+00:00,124.52,125.34,115.42,118.21,716518.273,117.11699999999999,90.08500000000001,55.25462727863845,7.9136330671350805,9.997652746210333,-2.0840196790752525
2024-12-15 00:00:00+00:00,118.23,122.18,114.26,121.11,657673.179,118.5595,90.9355,57.12695171944626,7.43672625193264,9.485467447354795,-2.0487411954221546
2024-12-16 00:00:00+00:00,121.13,124.03,115.38,117.99,1018209.997,119.81799999999998,91.68866666666668,54.48542737375456,6.729443405242037,8.934262638932243,-2.2048192336902055
2024-12-17 00:00:00+00:00,118.0,131.48,114.37,125.63,1814655.994,121.23799999999999,92.564,59.43216469423598,6.708074298515868,8.489024970848968,-1.7809506723331001
2024-12-18 00:00:00+00:00,125.6,129.11,107.1,108.35,2148185.765,121.87849999999999,93.1215,46.99197186439592,5.236425291268688,7.838505034932912,-2.6020797436642242
2024-12-19 00:00:00+00:00,108.32,111.76,94.69,99.36,2305051.958,121.60799999999999,93.53916666666666,42.05944216700171,3.306598572869703,6.93212374252027,-3.625525169650567
2024-12-20 00:00:00+00:00,99.36,103.3,86.69,101.38,1911581.465,121.54,94.04933333333334,43.494640892272976,1.9180836388206899,5.9293157217803545,-4.011232082959665
2024-12-21 00:00:00+00:00,101.37,106.04,97.74,101.56,1025955.733,120.6405,94.57466666666667,43.62863747379868,0.822716284351273,4.907995834294539,-4.085279549943266
2024-12-22 00:00:00+00:00,101.57,103.93,96.62,99.78,802186.042,118.98299999999999,95.07033333333334,42.55396459684234,-0.18684749803189504,3.8890271678292523,-4.075874665861147
2024-12-23 00:00:00+00:00,99.8,107.67,97.91,106.77,954998.504,117.77699999999997,95.66350000000001,47.97360225284489,-0.41808011957959934,3.027605710347482,-3.4456858299270814
2024-12-24 00:00:00+00:00,106.76,110.83,103.96,108.35,682252.924,116.51000000000002,96.32199999999999,49.14158809775879,-0.4684409470647779,2.32839637886503,-2.796837325929808
2024-12-25 00:00:00+00:00,108.34,110.67,106.92,109.82,455229.844,115.21199999999999,97.01116666666667,50.26040998816007,-0.38529412019916265,1.7856582790521918,-2.1709523992513544
2024-12-26 00:00:00+00:00,109.82,110.35,101.08,102.23,579103.403,113.527,97.53066666666668,44.78249182362754,-0.9212298641625551,1.2442806504092425,-2.165510514571798
2024-12-27 00:00:00+00:00,102.24,106.51,99.68,100.58,505959.606,111.8665,98.027,43.66824325309938,-1.4622481266505503,0.702974894997284,-2.1652230216478343
2024-12-28 00:00:00+00:00,100.58,101.8,98.67,100.74,308821.06,110.15799999999999,98.473,43.81423250054701,-1.8566955046493945,0.1910408150679483,-2.047736319717343
2024-12-29 00:00:00+00:00,100.75,101.66,96.83,98.51,382496.606,109.56149999999998,98.91883333333334,42.173721800895045,-2.3224682879288565,-0.3116610055314127,-2.010807282397444
2024-12-30 00:00:00+00:00,98.51,103.05,97.36,99.4,632333.703,109.0415,99.42,43.08957426912848,-2.589925958157167,-0.7673139960565636,-1.8226119621006034
2024-12-31 00:00:00+00:00,99.4,104.79,97.75,103.28,534270.836,108.34049999999999,99.97016666666667,47.02842537483541,-2.4604420706362333,-1.1059396109724977,-1.3545024596637356
2025-01-01 00:00:00+00:00,103.28,108.14,102.03,105.24,550072.36,107.6405,100.57083333333334,48.950534148535695,-2.17460207818381,-1.3196721044147601,-0.8549299737690497
2025-01-02 00:00:00+00:00,105.23,108.75,104.61,105.14,660886.805,106.67150000000001,101.20883333333335,48.853134783249835,-1.9338487840608707,-1.4425074403439824,-0.4913413437168883
2025-01-03 00:00:00+00:00,105.14,114.83,104.11,112.71,640808.332,106.39649999999999,101.99466666666667,55.991741232909874,-1.1193116016675617,-1.3778682726086984,0.25855667094113666
2025-01-04 00:00:00+00:00,112.72,112.88,110.07,111.21,361726.076,105.90149999999998,102.75833333333334,54.37234709598222,-0.5880438764116462,-1.219903393369288,0.6318595169576418
2025-01-05 00:00:00+00:00,111.22,116.17,110.58,115.72,371535.918,105.78799999999998,103.5035,58.27939842895022,0.19466495535765205,-0.9369897236239001,1.131654678981552
2025-01-06 00:00:00+00:00,115.72,117.38,111.64,114.01,662970.334,105.207,104.21283333333332,56.31053806018308,0.6692697101016165,-0.6157378368787968,1.2850075469804132
2025-01-07 00:00:00+00:00,114.0,114.9,102.07,102.72,828382.941,104.92549999999999,104.71183333333333,45.40421124676211,0.1328572562958783,-0.4660188182438618,0.5988760745397401
2025-01-08 00:00:00+00:00,102.71,105.03,97.21,101.43,730219.614,105.029,105.16933333333333,44.347304881210256,-0.39182893692851906,-0.4511808419807933,0.05935190505227422
2025-01-09 00:00:00+00:00,101.43,105.85,99.88,102.23,661927.707,105.07149999999999,105.59683333333334,45.199250427532995,-0.7346249123957307,-0.5078696560637808,-0.22675525633194993
2025-01-10 00:00:00+00:00,102.23,106.27,102.06,103.96,518210.256,105.19149999999999,105.99566666666666,47.085676052789324,-0.8568197659681118,-0.577659678044647,-0.2791600879234648
2025-01-11 00:00:00+00:00,103.94,104.97,102.17,104.39,310729.856,105.422,106.45733333333334,47.56879058324788,-0.9084901524881417,-0.643825772933346,-0.2646643795547957
2025-01-12 00:00:00+00:00,104.4,105.27,101.35,102.34,293039.88,105.20049999999999,106.9065,45.43881823839773,-1.1021522484512616,-0.7354910680369291,-0.3666611804143325
2025-01-13 00:00:00+00:00,102.35,104.47,92.57,98.37,753144.321,104.70150000000001,107.17299999999999,41.55796305870459,-1.5580168279272044,-0.8999962200149841,-0.6580206079122203
2025-01-14 00:00:00+00:00,98.38,102.57,97.52,102.45,428318.978,104.333,107.4855,46.605200207942,-1.5719504234946413,-1.0343870607109156,-0.5375633627837257
2025-01-15 00:00:00+00:00,102.45,118.68,100.75,116.96,1024651.571,105.06949999999999,107.8445,59.87662972422034,-0.4074602157654965,-0.9090016917218319,0.5015414759563354
2025-01-16 00:00:00+00:00,116.96,130.49,114.04,124.41,2986879.825,106.261,108.46466666666667,64.72464205189816,1.1038350776492507,-0.5064343378476154,1.610269415496866
2025-01-17 00:00:00+00:00,124.44,141.22,124.44,137.04,2607980.341,108.076,109.26166666666667,71.09989585250719,3.282840392117791,0.2514206081454659,3.031419783972325
2025-01-18 00:00:00+00:00,137.04,139.6,123.23,125.4,1829953.181,109.42050000000002,109.907,60.28611296951987,4.024079993002061,1.0059524851167851,3.0181275078852763
2025-01-19 00:00:00+00:00,125.41,128.66,111.0,115.57,2294694.684,110.229,110.44350000000001,52.96047023738035,3.7748052644298866,1.5597230409794056,2.215082223450481
2025-01-20 00:00:00+00:00,115.56,127.97,112.88,118.58,1899680.537,110.99399999999999,110.92800000000001,54.77275422688946,3.7766007874638774,2.0030985902763003,1.773502197187577
2025-01-21 00:00:00+00:00,118.58,124.88,113.69,119.11,1104429.961,111.6875,111.37650000000001,55.10077112826353,3.777248552946773,2.357928582810395,1.4193199701363781
2025-01-22 00:00:00+00:00,119.11,120.27,114.22,115.38,642663.305,112.19949999999999,111.64116666666668,52.22977954727356,3.437160636411164,2.5737749935305487,0.8633856428806155
2025-01-23 00:00:00+00:00,115.38,117.21,111.24,116.42,654578.406,112.38500000000002,111.96616666666667,52.96564535293564,3.214503030733283,2.7019206009710954,0.5125824297621877
2025-01-24 00:00:00+00:00,116.42,122.99,112.82,118.71,987345.151,112.76000000000002,112.407,54.62317869522013,3.186101738185286,2.798756828413934,0.38734490977135216
2025-01-25 00:00:00+00:00,118.71,129.35,118.04,123.92,1390886.426,113.17,112.92533333333334,58.22980014537524,3.543153697149833,2.9476362021611138,0.5955174949887194
2025-01-26 00:00:00+00:00,123.93,125.1,116.9,117.11,568152.234,113.325,113.25666666666666,52.37048133503689,3.239269577282755,3.0059628771854423,0.2333067000973128
2025-01-27 00:00:00+00:00,117.07,117.89,106.17,115.06,1211594.768,113.94199999999998,113.58200000000001,50.7160871261294,2.800736211833808,2.9649175441151154,-0.1641813322813075
2025-01-28 00:00:00+00:00,115.05,116.95,109.1,109.92,691853.793,114.3665,113.66783333333333,46.73003914739285,2.0152102279426742,2.774976080880627,-0.759765852937953
2025-01-29 00:00:00+00:00,109.92,119.49,109.85,115.9,799397.356,115.05,113.88716666666667,51.505467243344874,1.8538413205870228,2.5907491288219067,-0.7369078082348839
2025-01-30 00:00:00+00:00,115.9,134.0,114.22,130.15,1913996.416,116.3595,114.06383333333333,60.57525610578147,2.8430384294042454,2.6412069889383747,0.20183144046587076
2025-01-31 00:00:00+00:00,130.15,135.32,125.21,128.09,1149057.199,117.54450000000001,113.98316666666666,58.86140893980888,3.421320626575522,2.797229716465804,0.6240909101097176
2025-02-01 00:00:00+00:00,128.09,131.24,117.62,118.04,1183240.981,118.32950000000001,113.76899999999999,51.24405943454721,3.0336919135151135,2.844522155875666,0.18916975763944732
2025-02-02 00:00:00+00:00,118.05,121.41,104.02,109.12,1569458.035,118.867,113.3595,45.60312202302837,1.9838552646670422,2.6723887776339414,-0.6885335129668992
2025-02-03 00:00:00+00:00,109.13,109.16,80.04,106.91,3614756.025,119.08999999999999,112.87833333333333,44.30192676367685,0.9624293401887343,2.3303968901449004,-1.367967549956166
2025-02-04 00:00:00+00:00,106.91,108.76,98.42,101.07,1303945.435,118.29549999999999,112.29733333333334,40.9747954088007,-0.31466993785197417,1.8013835245455254,-2.1160534623975
2025-02-05 00:00:00+00:00,101.08,109.45,100.47,103.38,1047918.633,117.244,111.79050000000001,42.80454911883169,-1.1273868088200345,1.2156294578724136,-2.343016266692448
2025-02-06 00:00:00+00:00,103.38,109.66,99.49,101.66,1119342.799,115.475,111.23633333333333,41.76634497729025,-1.8884910603326688,0.5948053542313971,-2.483296414564066
2025-02-07 00:00:00+00:00,101.66,108.13,100.57,103.11,851999.926,114.3605,111.11416666666666,43.02102137673417,-2.3476070287789383,0.006322877629330037,-2.3539299064082684
2025-02-08 00:00:00+00:00,103.11,105.17,101.75,104.69,490464.262,113.81649999999999,111.02900000000001,44.42610535316545,-2.5545200293704227,-0.5058457037706205,-2.0486743255998023
2025-02-09 00:00:00+00:00,104.69,109.18,102.28,107.2,748420.433,113.24750000000002,110.86066666666667,46.67574886844831,-2.4872920950262056,-0.9021349820217376,-1.5851571130044682
2025-02-10 00:00:00+00:00,107.2,122.48,107.13,120.21,1863120.565,113.30250000000001,110.87683333333334,56.5040776039356,-1.3684406695995222,-0.9953961195372946,-0.3730445500622276
2025-02-11 00:00:00+00:00,120.21,132.48,117.81,119.27,2470798.83,113.497,110.78933333333333,55.70518976966117,-0.5512386619905953,-0.9065646280279547,0.35532596603735933
2025-02-12 00:00:00+00:00,119.26,125.0,111.33,122.04,1597881.367,113.77799999999999,110.85316666666667,57.607291671611854,0.31626990422142853,-0.6619977215780781,0.9782676257995067
2025-02-13 00:00:00+00:00,122.05,129.32,118.85,126.61,1388491.895,114.173,110.94483333333334,60.61240922887111,1.356896046932036,-0.2582189678760553,1.6151150148080913
2025-02-14 00:00:00+00:00,126.62,133.87,124.39,124.91,1576650.344,114.2225,111.06016666666666,58.93866908682846,2.021125690971033,0.1976499638933623,1.8234757270776707
2025-02-15 00:00:00+00:00,124.9,135.0,124.31,133.86,1339971.945,115.06000000000002,111.19733333333333,64.4970656924624,3.232460874295356,0.8046121459737611,2.4278487283215946
2025-02-16 00:00:00+00:00,133.86,137.5,125.04,125.71,1383270.475,115.59250000000002,111.48666666666666,56.93846318234245,3.4945330449990735,1.3425963257788236,2.1519367192202496
2025-02-17 00:00:00+00:00,125.72,128.86,120.0,122.31,1349028.336,116.21200000000002,111.86916666666667,54.090536333150425,3.388811434638754,1.7518393475508098,1.636972087087944
2025-02-18 00:00:00+00:00,122.31,129.85,119.85,129.75,1511393.623,116.90450000000001,112.34200000000001,58.93128869678402,3.8608664529075867,2.1736447686221654,1.6872216842854213
2025-02-19 00:00:00+00:00,129.75,140.0,129.7,134.88,2093245.236,117.14099999999999,112.89733333333334,61.91332432326191,4.595942419324388,2.65810429876261,1.9378381205617776
2025-02-20 00:00:00+00:00,134.88,135.23,125.86,130.82,1673076.047,117.27749999999999,113.41466666666666,58.30503647637562,4.795606581966339,3.085604755403356,1.7100018265629835
2025-02-21 00:00:00+00:00,130.82,140.17,123.65,128.1,2669400.996,117.78049999999999,113.77016666666667,55.952355813936656,4.680407773985337,3.4045653591197524,1.2758424148655845
2025-02-22 00:00:00+00:00,128.1,131.2,125.58,125.9,941456.622,118.61949999999999,114.06266666666667,54.05254008414001,4.361315741818046,3.5959154356594114,0.765400306158635
2025-02-23 00:00:00+00:00,125.91,130.44,125.17,129.85,585876.345,119.7665,114.3965,56.88326744442142,4.376712973119254,3.75207494315138,0.624638029967874
2025-02-24 00:00:00+00:00,129.86,130.5,112.01,114.77,1443025.494,120.45149999999998,114.60549999999999,45.38699823836889,3.1359362970946307,3.62884721394003,-0.49291091684539934
2025-02-25 00:00:00+00:00,114.78,117.32,106.08,114.55,2046367.62,121.00999999999999,114.83833333333334,45.24333916421123,2.1105307953990433,3.325183930231833,-1.2146531348327896
2025-02-26 00:00:00+00:00,114.55,128.94,113.96,124.68,2521203.963,122.16099999999999,115.23733333333334,52.67171425088585,2.091189951672888,3.078385134520044,-0.9871951828471559
2025-02-27 00:00:00+00:00,124.68,132.0,121.73,126.86,2245609.495,123.34849999999999,115.70983333333334,54.11437833582432,2.226108778364093,2.907929863288854,-0.6818210849247608
2025-02-28 00:00:00+00:00,126.86,129.59,114.05,128.04,2554702.699,124.51599999999999,116.18716666666667,54.9154699578432,2.4005767049356734,2.8064592316182178,-0.4058825266825443
2025-03-01 00:00:00+00:00,128.03,131.0,122.93,124.31,868229.911,125.3715,116.53766666666667,51.83484464916967,2.2123612433614426,2.687639633966863,-0.4752783906054203
2025-03-02 00:00:00+00:00,124.31,130.0,117.46,127.89,1991443.325,125.75550000000001,116.91516666666666,54.474560612197024,2.325270938784925,2.6151658949304752,-0.28989495614555016
2025-03-03 00:00:00+00:00,127.89,130.4,106.7,109.89,2290258.924,125.2865,116.99433333333333,42.0083597621452,0.9513367008541991,2.28240005611522,-1.331063355261021
2025-03-04 00:00:00+00:00,109.9,110.94,93.93,103.66,2521491.908,124.36749999999999,116.84349999999999,38.70673895892574,-0.632929003517205,1.6993342441887351,-2.3322632477059404
2025-03-05 00:00:00+00:00,103.65,106.87,100.61,104.73,963325.131,123.27349999999998,116.73549999999999,39.58498613413421,-1.7815938259903277,1.0031486301529227,-2.7847424561432503
2025-03-06 00:00:00+00:00,104.73,113.0,102.11,103.39,1168337.179,122.19749999999999,116.53,38.83452579731529,-2.7681364210790917,0.24889161990651976,-3.0170280409856116
2025-03-07 00:00:00+00:00,103.39,106.68,97.29,103.71,1166607.54,120.68999999999998,116.35833333333333,39.131296592830296,-3.4839958739710823,-0.4976858788690007,-2.9863099951020815
2025-03-08 00:00:00+00:00,103.71,109.05,101.77,102.34,579080.883,119.52149999999999,116.352,38.27507507643164,-4.114438512288501,-1.2210364055529008,-2.8934021067356004
2025-03-09 00:00:00+00:00,102.34,102.77,93.61,94.62,904937.724,118.13699999999999,116.2385,33.78852472984073,-5.177327319947011,-2.012294588431723,-3.165032731515288
2025-03-10 00:00:00+00:00,94.63,99.1,86.26,87.48,1237623.854,116.02349999999998,115.99266666666666,30.256084562305617,-6.5206467297085595,-2.913965016687091,-3.6066817130214686
2025-03-11 00:00:00+00:00,87.49,93.29,83.28,90.46,1264775.139,113.80250000000001,115.76766666666666,33.386283808313394,-7.261074794567776,-3.7833869722632283,-3.4776878223045475
2025-03-12 00:00:00+00:00,90.45,93.0,87.3,91.51,689534.562,111.83700000000002,115.55299999999998,34.501741565996795,-7.674674277923955,-4.561644433395374,-3.1130298445285813
2025-03-13 00:00:00+00:00,91.5,91.77,86.28,88.08,626972.93,109.83600000000001,115.31533333333333,32.582359212998114,-8.184877015277948,-5.286290949771889,-2.898586065506059
2025-03-14 00:00:00+00:00,88.09,92.84,87.81,91.31,509120.568,108.10650000000001,115.19766666666668,36.182765768963954,-8.233669735252988,-5.875766706868109,-2.3579030283848788
2025-03-15 00:00:00+00:00,91.32,94.25,90.96,92.47,492267.19,106.2375,115.03133333333334,37.474214878374426,-8.085531043093795,-6.317719574113247,-1.7678114689805478
2025-03-16 00:00:00+00:00,92.47,92.69,88.34,90.22,492339.072,105.00999999999999,114.58566666666665,35.95436681025873,-8.056812340768573,-6.665538127444313,-1.3912742133242606
2025-03-17 00:00:00+00:00,90.22,95.0,90.21,92.3,849604.706,103.8975,114.0505,38.439970872074156,-7.776570481787061,-6.887744598312862,-0.8888258834741993
2025-03-18 00:00:00+00:00,92.3,92.33,87.1,90.03,682016.186,102.16499999999999,113.267,36.76309211047133,-7.6494685070090895,-7.040089380052108,-0.6093791269569815
2025-03-19 00:00:00+00:00,90.03,94.25,89.31,94.09,743820.121,100.5265,112.74516666666666,41.664661928996175,-7.138839113584652,-7.059839326758617,-0.07899978682603503
2025-03-20 00:00:00+00:00,94.09,94.57,90.07,93.29,609070.67,98.789,112.37383333333332,40.990450828202455,-6.721236721430657,-6.992118805693025,0.27088208426236804
2025-03-21 00:00:00+00:00,93.29,93.94,90.82,90.84,444858.363,97.1155,111.91149999999999,38.913668442917796,-6.512901665225314,-6.896275377599483,0.3833737123741692
2025-03-22 00:00:00+00:00,90.83,92.22,90.38,91.37,277045.178,95.2895,111.44916666666667,39.6262764973311,-6.233175889962141,-6.763655480072015,0.5304795901098744
2025-03-23 00:00:00+00:00,91.37,93.0,90.63,91.48,274595.283,94.369,111.05083333333333,39.78328574587069,-5.934209246779176,-6.597766233413447,0.663556986634271
2025-03-24 00:00:00+00:00,91.48,95.6,90.81,93.77,688313.607,93.8745,110.67333333333333,43.10078640752036,-5.449671742897607,-6.368147335310279,0.9184755924126717
2025-03-25 00:00:00+00:00,93.77,94.77,91.9,94.36,508199.648,93.35600000000001,110.2675,43.95745535112364,-4.960878294068493,-6.086693527061922,1.1258152329934283
2025-03-26 00:00:00+00:00,94.36,96.52,90.9,92.42,574644.204,92.80749999999999,109.74249999999999,41.732527906920275,-4.6761440729736705,-5.8045836362442715,1.128439563270601
2025-03-27 00:00:00+00:00,92.42,95.02,92.17,92.79,427380.711,92.2615,109.33716666666668,42.33204632226806,-4.370256645358381,-5.5177182380670935,1.1474615927087122
2025-03-28 00:00:00+00:00,92.79,93.43,85.71,87.35,632463.916,91.512,108.87533333333333,36.40170211391398,-4.514757872778205,-5.3171261650093165,0.8023682922311117
2025-03-29 00:00:00+00:00,87.36,88.04,84.16,85.46,470787.935,91.054,108.46766666666667,34.58872318260349,-4.727290083744975,-5.199158948756449,0.47186886501147374
2025-03-30 00:00:00+00:00,85.46,86.81,84.68,86.1,249994.782,90.985,107.971,35.75555826575952,-4.788877541525281,-5.117102667310216,0.3282251257849351
2025-03-31 00:00:00+00:00,86.11,86.27,80.8,82.97,611862.092,90.6105,107.18466666666667,32.684760564965345,-5.032242329911256,-5.100130599830424,0.06788826991916785
2025-04-01 00:00:00+00:00,82.98,85.9,82.86,84.48,426671.272,90.259,106.45783333333334,35.56004089153211,-5.045109416767389,-5.089126363217817,0.04401694645042831
2025-04-02 00:00:00+00:00,84.48,88.56,80.95,81.54,785400.088,89.93199999999999,105.8495,32.637017265684946,-5.232226257845355,-5.117746342143325,-0.11447991570202998
2025-04-03 00:00:00+00:00,81.53,84.8,80.12,83.45,547848.854,89.539,105.42166666666667,36.300361753578755,-5.166836589084838,-5.127564391531627,-0.03927219755321065
2025-04-04 00:00:00+00:00,83.45,85.12,81.61,84.41,441032.045,89.136,105.04666666666667,38.12180904711806,-4.980142841889744,-5.098080081603251,0.11793723971350634
2025-04-05 00:00:00+00:00,84.41,84.98,81.62,82.67,172009.689,88.7585,104.74,36.10656118417369,-4.915922466259502,-5.061648558534501,0.145726092274999
2025-04-06 00:00:00+00:00,82.68,83.13,68.41,70.62,906447.894,87.6745,104.19399999999999,25.896665635859648,-5.770839009953633,-5.203486648818328,-0.5673523611353053
2025-04-07 00:00:00+00:00,70.63,73.04,63.08,70.99,1852618.484,86.7225,103.68283333333333,26.583149418579097,-6.345365202193165,-5.431862359493296,-0.9135028426998684
2025-04-08 00:00:00+00:00,70.99,73.53,68.24,69.15,748218.582,85.4755,103.11683333333333,25.326625822696414,-6.869961333409975,-5.7194821542766325,-1.1504791791333426
2025-04-09 00:00:00+00:00,69.16,78.55,66.51,76.03,1126706.181,84.6125,102.63916666666665,37.2669453725339,-6.653847631845835,-5.906355249790473,-0.7474923820553618
2025-04-10 00:00:00+00:00,76.03,76.12,71.07,73.81,575481.582,83.761,102.08266666666667,35.305219544635904,-6.585794473847187,-6.042243094601816,-0.543551379245371
2025-04-11 00:00:00+00:00,73.81,77.55,73.73,76.19,453547.13,83.002,101.34899999999999,39.01176430631311,-6.267567133832898,-6.087307902448034,-0.18025923138486455
2025-04-12 00:00:00+00:00,76.19,80.11,74.92,78.62,455460.706,82.35900000000001,100.6715,42.626099147853544,-5.752972298963201,-6.020440781751067,0.2674684827878666
2025-04-13 00:00:00+00:00,78.63,80.03,76.41,77.85,364958.005,81.563,99.935,41.781147584921186,-5.345663271085655,-5.885485279617985,0.5398220085323295
2025-04-14 00:00:00+00:00,77.85,80.67,75.66,77.18,463176.504,80.704,99.11116666666666,41.01922226594524,-5.019074565243287,-5.712203136743045,0.6931285714997584
2025-04-15 00:00:00+00:00,77.19,78.72,74.65,75.27,312043.203,79.8465,98.28383333333333,38.84449514568211,-4.8583674644808355,-5.541436002290603,0.6830685378097678
2025-04-16 00:00:00+00:00,75.28,76.53,73.27,74.33,409444.494,78.92349999999999,97.29166666666667,37.78282181373149,-4.752077086795353,-5.383564219191554,0.6314871323962006
2025-04-17 00:00:00+00:00,74.34,76.6,73.67,74.95,316626.917,78.3035,96.44566666666667,38.967689238237696,-4.565187735767751,-5.219888922506793,0.6547011867390422
2025-04-18 00:00:00+00:00,74.94,77.08,74.59,76.0,231992.829,77.8305,95.67383333333332,41.01636521243746,-4.2829788398257165,-5.032506905970578,0.7495280661448618
2025-04-19 00:00:00+00:00,76.0,76.77,74.24,76.1,220023.384,77.3305,94.77966666666666,41.21873597409638,-4.005088920328944,-4.827023308842252,0.8219343885133075
2025-04-20 00:00:00+00:00,76.1,78.5,75.39,77.79,213238.873,77.0715,93.82816666666666,44.673518201293355,-3.6069120441382694,-4.583001055901455,0.976089011763186
2025-04-21 00:00:00+00:00,77.8,81.85,77.41,78.15,465451.449,76.755,92.95033333333335,45.40955389995883,-3.225127744625482,-4.311426393646261,1.0862986490207795
2025-04-22 00:00:00+00:00,78.14,84.7,77.38,83.49,526846.511,76.85249999999999,92.20683333333334,54.9775027359616,-2.4632724929316936,-3.941795613503348,1.4785231205716545
2025-04-23 00:00:00+00:00,83.5,85.22,82.22,83.28,652354.871,76.84400000000001,91.4965,54.5724251844358,-1.8550580080669619,-3.524448092416071,1.669390084349109
2025-04-24 00:00:00+00:00,83.27,84.62,80.77,84.29,418899.973,76.838,90.73716666666665,56.24233889435333,-1.2768266252462581,-3.0749237989821085,1.7980971737358504
2025-04-25 00:00:00+00:00,84.3,87.26,82.89,86.28,427995.291,77.0185,90.26233333333333,59.408452354328816,-0.6504991700420533,-2.5900388731940978,1.9395397031520445
2025-04-26 00:00:00+00:00,86.29,88.04,85.21,87.06,277717.024,77.84049999999999,89.80416666666666,60.61146021252975,-0.09015145818642623,-2.0900613901925635,1.9999099320061373
2025-04-27 00:00:00+00:00,87.06,87.59,84.56,85.39,258510.68,78.5605,89.14933333333333,56.73453932606258,0.2166753982040177,-1.6287140325132472,1.845389430717265
2025-04-28 00:00:00+00:00,85.38,88.1,83.7,85.67,406920.589,79.3865,88.46283333333332,57.22852309823502,0.47693375693494033,-1.2075844746236097,1.68451823155855
2025-04-29 00:00:00+00:00,85.67,87.5,84.48,85.57,427485.79,79.8635,87.75500000000001,56.97831141962213,0.667427527941399,-0.832582074110608,1.500009602052007
2025-04-30 00:00:00+00:00,85.56,86.62,81.43,83.51,429565.235,80.3485,87.075,51.94038197255402,0.6447382883830244,-0.5371180016118816,1.181856289994906
2025-05-01 00:00:00+00:00,83.52,91.0,83.3,88.85,475886.167,80.98150000000001,86.42433333333334,61.45461201908261,1.0455972797446123,-0.22057494534058286,1.266172225085195
2025-05-02 00:00:00+00:00,88.85,91.04,86.95,87.97,324481.946,81.449,86.059,59.3687882291294,1.2775455233499002,0.07904914839751376,1.1984963749523865
2025-05-03 00:00:00+00:00,87.96,87.99,85.53,86.55,183693.273,81.884,85.77383333333334,56.06217475038094,1.331436078614999,0.3295265344410108,1.0019095441739883
2025-05-04 00:00:00+00:00,86.55,86.9,84.79,85.05,286786.329,82.2775,85.44583333333334,52.72174298618377,1.2388268432402043,0.5113865962008495,0.7274402470393548
2025-05-05 00:00:00+00:00,85.05,89.51,82.19,83.25,623167.973,82.6765,85.11016666666666,48.95234419306209,1.008562321584833,0.6108217412776462,0.39774058030718673
2025-05-06 00:00:00+00:00,83.25,92.71,80.99,91.6,808705.083,83.53999999999999,84.90833333333333,62.38682702078586,1.4827589234607217,0.7852091777142614,0.6975497457464603
2025-05-07 00:00:00+00:00,91.6,93.7,87.21,89.53,917841.917,84.269,84.69483333333332,58.29123261207523,1.6722547349194912,0.9626182891553074,0.7096364457641837
2025-05-08 00:00:00+00:00,89.52,95.46,89.39,94.99,911424.873,85.2185,84.70100000000001,64.84661683912313,2.2372186358068973,1.2175383584856254,1.0196802773212719
2025-05-09 00:00:00+00:00,94.98,101.55,93.83,100.52,1009111.937,86.4395,84.91833333333334,69.9910625317714,3.095498402760782,1.593130367340657,1.5023680354201252
2025-05-10 00:00:00+00:00,100.52,107.05,100.4,105.27,866022.936,87.8135,85.16516666666668,73.5690396872121,4.111580859459551,2.096820465764436,2.0147603936951146
2025-05-11 00:00:00+00:00,105.26,105.96,98.08,100.12,665563.496,88.91199999999999,85.30866666666667,64.57872826408284,4.4499750251413985,2.567451377639829,1.8825236475015696
2025-05-12 00:00:00+00:00,100.13,105.07,98.32,103.84,989909.104,89.9295,85.57133333333334,67.65359347803212,4.961138829876276,3.0461888680871185,1.9149499617891577
2025-05-13 00:00:00+00:00,103.84,104.96,99.42,103.41,825560.07,90.93599999999999,85.773,66.93033236669129,5.270784103330939,3.491107915135883,1.7796761881950562
2025-05-14 00:00:00+00:00,103.4,105.97,98.57,100.95,767279.98,91.76899999999999,85.91433333333333,62.79437260018534,5.257078444603621,3.8443020210294305,1.4127764235741909
2025-05-15 00:00:00+00:00,100.95,101.9,95.58,99.26,616643.113,92.41799999999999,86.06500000000001,60.04903573135204,5.051615852214937,4.085764787266532,0.9658510649484047
2025-05-16 00:00:00+00:00,99.26,102.19,98.26,99.48,440148.167,93.039,86.18466666666667,60.29240690655411,4.850622472397987,4.238736324292823,0.6118861481051638
2025-05-17 00:00:00+00:00,99.48,101.23,95.62,96.06,426717.374,93.57249999999999,86.28516666666668,54.712621392926465,4.365050764878745,4.263999212410008,0.10105155246873743
2025-05-18 00:00:00+00:00,96.06,102.48,95.8,100.94,526149.566,94.336,86.39933333333333,60.351128289298046,4.324160671923451,4.276031504312696,0.04812916761075492
2025-05-19 00:00:00+00:00,100.95,101.27,94.29,98.25,561000.722,94.97,86.482,56.19755840652602,4.028259195426585,4.226477042535474,-0.19821784710888846
2025-05-20 00:00:00+00:00,98.26,99.69,92.29,94.46,863392.165,95.5175,86.54233333333333,50.88396093275454,3.448185284263232,4.070818690881026,-0.6226334066177941
2025-05-21 00:00:00+00:00,94.47,98.35,93.43,97.09,764205.048,95.92949999999999,86.63766666666668,54.12544778506906,3.164216433246196,3.8894982393540602,-0.7252818061078643
2025-05-22 00:00:00+00:00,97.09,101.04,96.96,100.26,867224.575,96.544,86.784,57.745248621839075,3.158551761557675,3.7433089437947835,-0.5847571822371087
2025-05-23 00:00:00+00:00,100.26,102.94,94.59,95.26,795284.665,96.9795,86.80883333333334,50.920302344906595,2.719258337738381,3.5384988225835032,-0.819240484845122
2025-05-24 00:00:00+00:00,95.25,97.81,94.79,95.63,329413.992,97.5085,86.82999999999998,51.378264761939185,2.3736095488459057,3.305520967835984,-0.9319114189900781
2025-05-25 00:00:00+00:00,95.63,96.06,93.08,95.6,339057.251,98.126,86.88300000000001,51.336437647666834,2.0733592492994433,3.059088624128676,-0.9857293748292326
2025-05-26 00:00:00+00:00,95.59,97.59,94.32,95.02,314456.476,98.297,86.92016666666665,50.480787917880704,1.7682245787225668,2.8009158150474542,-1.0326912363248875
2025-05-27 00:00:00+00:00,95.01,97.0,93.03,95.9,481476.201,98.6155,87.06266666666667,51.793634683033574,1.5792076763763276,2.5565741873132293,-0.9773665109369016
2025-05-28 00:00:00+00:00,95.89,97.49,93.5,95.37,376226.267,98.6345,87.22783333333334,50.91806625067334,1.370841639764592,2.319427677803502,-0.94858603803891
2025-05-29 00:00:00+00:00,95.38,98.95,92.82,93.21,564289.815,98.26899999999999,87.34633333333333,47.401126459545374,1.0196620767238898,2.0594745575875795,-1.0398124808636897
2025-05-30 00:00:00+00:00,93.2,93.9,84.91,85.64,881102.393,97.2875,87.39083333333335,37.59943258888637,0.12902666890883552,1.6733849798518308,-1.5443583109429952
2025-05-31 00:00:00+00:00,85.64,87.93,83.11,87.03,434395.68,96.63300000000001,87.43333333333334,40.05075151958919,-0.4593518035264452,1.2468376231761755,-1.7061894267026207
2025-06-01 00:00:00+00:00,87.03,88.72,85.74,88.39,239166.11,95.8605,87.5475,42.43356162066293,-0.8066072813201686,0.8361486422769068,-1.6427559235970755
2025-06-02 00:00:00+00:00,88.39,89.97,86.98,89.52,313354.958,95.16600000000001,87.64866666666667,44.410629867019125,-0.9793389829383727,0.4730511172338509,-1.4523901001722237
2025-06-03 00:00:00+00:00,89.52,90.58,88.67,89.5,327630.836,94.5935,87.7335,44.381576848275145,-1.1051049715801184,0.15741989947105703,-1.2625248710511754
2025-06-04 00:00:00+00:00,89.49,90.97,87.4,87.99,295444.154,94.03,87.82216666666666,42.14011337379107,-1.3115016296717528,-0.1363644063575049,-1.1751372233142479
2025-06-05 00:00:00+00:00,87.98,89.13,81.95,83.58,465674.842,93.235,88.03816666666667,36.36387141609119,-1.8100573973541145,-0.47110300455682685,-1.3389543927972878
2025-06-06 00:00:00+00:00,83.58,87.67,83.17,87.25,433907.926,92.7945,88.30916666666666,43.326052270090855,-1.8872728005542143,-0.7543369637563044,-1.1329358367979099
2025-06-07 00:00:00+00:00,87.25,89.31,86.63,88.31,207699.499,92.163,88.6285,45.19121284160584,-1.8417034121718956,-0.9718102534394227,-0.8698931587324729
2025-06-08 00:00:00+00:00,88.31,88.63,86.59,87.18,292584.04,91.6095,88.81433333333334,43.54594086379903,-1.875155276975832,-1.1524792581467047,-0.7226760188291272
2025-06-09 00:00:00+00:00,87.18,90.81,86.71,90.73,466484.988,91.423,89.09633333333333,49.73702222065962,-1.5968038288652195,-1.2413441722904077,-0.3554596565748118
2025-06-10 00:00:00+00:00,90.74,93.5,89.53,93.33,404853.223,91.235,89.382,53.73850268301829,-1.1531176079367924,-1.2236988594196847,0.0705812514828923
2025-06-11 00:00:00+00:00,93.33,94.17,90.38,91.56,470181.03,90.8,89.59766666666668,50.77498906862173,-0.9335558381730635,-1.1656702551703604,0.23211441699729685
2025-06-12 00:00:00+00:00,91.56,91.9,86.0,86.13,350586.926,90.34349999999999,89.73566666666667,42.949816489739234,-1.1840580887778458,-1.1693478218918576,-0.014710266885988199
2025-06-13 00:00:00+00:00,86.13,86.7,81.3,86.55,560297.625,89.8895,89.89183333333332,43.67291177751041,-1.333322722855371,-1.2021428020845604,-0.13117992077081064
2025-06-14 00:00:00+00:00,86.55,86.91,84.2,85.18,219955.437,89.36850000000001,90.057,41.81130410881624,-1.5443611373279964,-1.2705864691332476,-0.2737746681947488
2025-06-15 00:00:00+00:00,85.18,86.59,84.92,86.3,165888.536,88.9325,90.2565,43.916036327551325,-1.6027603379851598,-1.3370212429036301,-0.2657390950815297
2025-06-16 00:00:00+00:00,86.3,88.92,85.34,86.67,320777.131,88.471,90.45183333333334,44.628581268788714,-1.600733952881967,-1.3897637848992976,-0.21097016798266943
2025-06-17 00:00:00+00:00,86.67,87.77,82.49,84.22,377572.877,87.9135,90.58883333333334,40.92117092217976,-1.7763459422981924,-1.4670802163790766,-0.30926572591911583
2025-06-18 00:00:00+00:00,84.23,85.68,83.34,85.08,255130.458,87.507,90.7385,42.719950754226915,-1.8250864360881422,-1.5386814603208898,-0.28640497576725243
2025-06-19 00:00:00+00:00,85.08,86.05,84.21,85.11,289102.7,87.48049999999999,90.8605,42.78539335249321,-1.8400815644296813,-1.598961481142648,-0.24112008328703327
2025-06-20 00:00:00+00:00,85.11,85.98,80.96,82.91,352058.908,87.2745,90.93983333333333,39.244431090439804,-2.006358869376129,-1.6804409587893443,-0.32591791058678465
2025-06-21 00:00:00+00:00,82.92,84.12,78.6,80.23,311569.49,86.8665,90.88550000000001,35.40084834296695,-2.3275577963925684,-1.8098643263099892,-0.5176934700825793
2025-06-22 00:00:00+00:00,80.23,82.04,76.17,80.21,485528.54,86.401,90.83433333333333,35.37300572637051,-2.55427994381121,-1.9587474498102333,-0.5955324940009765
2025-06-23 00:00:00+00:00,80.21,85.42,79.47,84.91,371464.044,86.1715,90.84466666666667,46.10122863439906,-2.327873877614323,-2.032572735371051,-0.29530114224327164
2025-06-24 00:00:00+00:00,84.91,85.38,83.81,84.84,264062.339,86.014,90.82066666666668,45.978807500016806,-2.1295457758633205,-2.051967343469505,-0.07757843239381534
2025-06-25 00:00:00+00:00,84.84,85.47,83.9,84.67,305392.709,86.0685,90.78083333333332,45.66168185167106,-1.9634534365898588,-2.034264562093576,0.07081112550371715
2025-06-26 00:00:00+00:00,84.68,85.95,83.78,84.27,278766.39,85.9195,90.76216666666666,44.877355732931804,-1.8428574051181812,-1.9959831306984972,0.153125725580316
2025-06-27 00:00:00+00:00,84.27,85.65,83.17,84.83,240855.095,85.7455,90.74816666666668,46.268856893861894,-1.6826997462145243,-1.9333264538017028,0.2506267075871784
2025-06-28 00:00:00+00:00,84.83,87.37,84.53,86.31,211612.911,85.702,90.76050000000001,49.87053558642394,-1.4199813553787237,-1.8306574341171071,0.4106760787383834
2025-06-29 00:00:00+00:00,86.3,88.49,85.85,87.96,184230.651,85.5635,90.83466666666666,53.604432232014446,-1.0663418029531897,-1.6777943078843238,0.6114525049311341
2025-06-30 00:00:00+00:00,87.96,88.36,84.75,86.0,279933.722,85.197,90.78716666666668,48.94106659399679,-0.9334750105633702,-1.5289304484201331,0.5954554378567629
2025-07-01 00:00:00+00:00,85.99,86.84,82.39,83.22,297602.279,84.78,90.708,43.20042777916122,-1.0405055862059243,-1.4312454759772915,0.3907398897713672
2025-07-02 00:00:00+00:00,83.21,88.66,82.97,87.32,435180.53,84.8395,90.72083333333333,52.120357565742566,-0.7854383097298125,-1.3020840427277958,0.5166457329979832
2025-07-03 00:00:00+00:00,87.32,92.29,86.89,89.08,685108.99,84.966,90.78800000000001,55.36109188600604,-0.4362495511262523,-1.128917144407487,0.6926675932812347
2025-07-04 00:00:00+00:00,89.08,89.33,85.65,86.84,381029.019,85.049,90.84783333333334,50.661198328704266,-0.3363865687317116,-0.9704110292723319,0.6340244605406203
2025-07-05 00:00:00+00:00,86.84,87.82,85.82,87.55,164680.995,85.1115,90.78033333333333,52.05070493372941,-0.19767469855099762,-0.8158637631280651,0.6181890645770675
2025-07-06 00:00:00+00:00,87.55,88.52,86.47,87.35,204172.737,85.1455,90.744,51.609784330572836,-0.10269902022081112,-0.6732308145466144,0.5705317943258033
2025-07-07 00:00:00+00:00,87.35,88.28,85.16,86.05,293614.071,85.237,90.595,48.72079345800276,-0.1308212207288335,-0.5647488957830582,0.4339276750542247
2025-07-08 00:00:00+00:00,86.05,88.0,85.52,87.75,233151.159,85.37049999999999,90.38216666666668,52.46786271937885,-0.015750908070117475,-0.45494929824047003,0.43919839017035256
2025-07-09 00:00:00+00:00,87.76,91.41,87.12,90.61,504075.951,85.6455,90.13783333333332,58.02490732618654,0.30273154097099564,-0.3034131303981769,0.6061446713691725
2025-07-10 00:00:00+00:00,90.61,95.3,90.11,94.85,481170.134,86.24249999999999,90.05,64.627401307149,0.8870385133995455,-0.06532280163863241,0.952361315038178
2025-07-11 00:00:00+00:00,94.86,98.32,92.67,94.26,757779.391,86.94399999999999,89.89033333333332,63.13911770223573,1.2876546483404354,0.20527268835718118,1.0823819599832543
2025-07-12 00:00:00+00:00,94.24,95.45,90.75,92.77,368315.491,87.57199999999999,89.713,59.41773739923872,1.4679931626292841,0.4578167832116018,1.0101763794176823
2025-07-13 00:00:00+00:00,92.77,96.88,92.51,94.62,315620.972,88.0575,89.6075,62.38234620560444,1.740133102170347,0.7142800470033508,1.0258530551669962
2025-07-14 00:00:00+00:00,94.63,97.99,94.14,95.64,503815.871,88.5975,89.54716666666667,63.94619710572357,2.0148850992219565,0.9744010574470721,1.0404840417748844
2025-07-15 00:00:00+00:00,95.63,96.73,91.2,96.35,556039.853,89.1815,89.49499999999999,65.03580449431134,2.2638231584592887,1.2322854776495156,1.0315376808097731
2025-07-16 00:00:00+00:00,96.36,99.96,95.1,97.47,615319.406,89.84150000000001,89.51849999999999,66.74323605412252,2.5224062742895654,1.4903096369775257,1.0320966373120397
2025-07-17 00:00:00+00:00,97.47,103.59,95.32,101.6,915931.99,90.67999999999999,89.52950000000001,72.14504206618582,3.025713202369815,1.7973903500559836,1.2283228523138312
2025-07-18 00:00:00+00:00,101.6,112.39,100.04,101.73,1836839.668,91.451,89.5875,72.29757190675376,3.3959313004113767,2.1170985401270626,1.2788327602843141
2025-07-19 00:00:00+00:00,101.72,114.18,99.66,113.16,1328811.952,92.711,89.89916666666666,81.7565876071591,4.559083014826726,2.605495435066995,1.9535875797597306
2025-07-20 00:00:00+00:00,113.16,121.47,110.57,116.59,1699964.862,94.2405,90.22416666666666,83.56963025443025,5.692047087205395,3.222805765494675,2.4692413217107205
2025-07-21 00:00:00+00:00,116.59,122.0,114.56,115.43,1050258.95,95.851,90.477,80.65047348789327,6.422294755454132,3.8627035634865665,2.5595911919675656
2025-07-22 00:00:00+00:00,115.42,119.86,112.59,119.65,1066653.894,97.4675,90.8835,82.9797168361192,7.257875751883148,4.541738001165883,2.716137750717265
2025-07-23 00:00:00+00:00,119.66,122.29,108.89,112.05,1118428.874,98.61600000000001,91.15716666666667,67.2734184745316,7.223554586670772,5.078101318266861,2.1454532684039114
2025-07-24 00:00:00+00:00,112.06,115.43,106.58,112.26,736983.942,99.887,91.43483333333333,67.45671476390422,7.131097211228919,5.4887004968592725,1.6423967143696467
2025-07-25 00:00:00+00:00,112.27,116.38,108.18,113.78,776174.654,101.1985,91.7475,68.81805057589555,7.0986465927348235,5.810689716034383,1.2879568767004406
2025-07-26 00:00:00+00:00,113.79,115.47,112.01,113.91,299137.841,102.52650000000001,92.04766666666666,68.93773055564641,7.0026964318892055,6.049091059205347,0.9536053726838585
2025-07-27 00:00:00+00:00,113.92,115.6,112.41,114.78,344001.336,103.96300000000001,92.37116666666667,69.77383751921118,6.917120705507159,6.222696988465709,0.6944237170414498
2025-07-28 00:00:00+00:00,114.79,116.41,108.28,109.02,539974.448,105.02650000000001,92.63466666666666,58.53910688174349,6.311759430358734,6.240509476844315,0.07124995351441932
2025-07-29 00:00:00+00:00,109.03,110.77,106.74,108.52,459505.77,105.922,93.016,57.67102650170959,5.725658608742634,6.137539303223979,-0.41188069448134446
2025-07-30 00:00:00+00:00,108.52,111.39,105.2,110.5,541987.443,106.70450000000001,93.40716666666667,60.188703645170776,5.359161855524974,5.981863813684178,-0.6227019581592046
2025-07-31 00:00:00+00:00,110.5,111.86,105.74,106.09,490160.731,107.296,93.70216666666666,52.67392694514687,4.659152583282932,5.717321567603929,-1.0581689843209974
2025-08-01 00:00:00+00:00,106.09,108.4,103.16,106.59,919215.998,107.98700000000001,93.98666666666666,53.384562533701306,4.097502554223993,5.393357764927942,-1.295855210703949
2025-08-02 00:00:00+00:00,106.6,110.5,104.06,106.09,750430.477,108.5605,94.26316666666666,52.53502973814054,3.5708821319786637,5.028862638338087,-1.4579805063594238
2025-08-03 00:00:00+00:00,106.1,111.45,104.14,110.39,425970.144,109.298,94.63650000000001,58.63197606221972,3.4606139136157594,4.7152128933936215,-1.254598979777862
2025-08-04 00:00:00+00:00,110.39,121.47,110.12,121.22,1062658.038,110.5415,95.26383333333334,69.32076258154011,4.198715863176275,4.611913487350153,-0.4131976241738773
2025-08-05 00:00:00+00:00,121.22,129.16,119.54,120.27,1559475.757,111.6815,95.81416666666668,67.66905348319598,4.653368776784333,4.620204545236989,0.03316423154734416
2025-08-06 00:00:00+00:00,120.27,121.13,115.19,119.22,699317.943,112.5625,96.32933333333334,65.80282361314752,4.872787797112196,4.670721195612031,0.20206660150016464
2025-08-07 00:00:00+00:00,119.22,123.1,117.37,122.89,901648.011,113.62050000000002,96.9245,69.01894670162336,5.281930473470368,4.7929630511836985,0.48896742228666934
2025-08-08 00:00:00+00:00,122.9,126.42,119.32,123.78,800267.488,114.15149999999998,97.47533333333334,69.76163961148279,5.613288063512016,4.957028053649362,0.6562600098626543
2025-08-09 00:00:00+00:00,123.78,126.35,120.15,120.18,629896.316,114.33099999999999,97.92283333333333,63.16549483479183,5.521750129060166,5.069972468731523,0.4517776603286432
2025-08-10 00:00:00+00:00,120.17,126.14,118.25,123.75,716426.142,114.747,98.45933333333332,66.54381153902617,5.671892771537372,5.190356529292693,0.4815362422446796
2025-08-11 00:00:00+00:00,123.75,128.15,119.56,120.05,1078503.78,114.76699999999998,99.02466666666666,60.36443251664093,5.429732246167234,5.2382316726676015,0.19150057349963223
2025-08-12 00:00:00+00:00,120.06,131.99,118.36,130.46,1167337.439,115.6875,99.7565,69.06771145372642,6.008555398698704,5.392296417873822,0.616258980824882
2025-08-13 00:00:00+00:00,130.46,134.19,128.58,130.91,875809.398,116.62,100.51866666666666,69.38070792067046,6.429473191722522,5.599731772643562,0.8297414190789603
2025-08-14 00:00:00+00:00,130.91,133.99,119.26,121.29,1141237.763,116.99550000000002,101.10183333333333,56.27182647160166,5.918574332220118,5.663500284558873,0.2550740476612443
2025-08-15 00:00:00+00:00,121.28,123.27,116.55,119.14,687554.645,117.25699999999999,101.643,53.824159987852376,5.279339335946474,5.586668094836393,-0.30732875888991895
2025-08-16 00:00:00+00:00,119.13,121.09,117.14,121.05,330832.186,117.57050000000001,102.25683333333333,55.668957745277524,4.8707154575446765,5.44347756737805,-0.5727621098333735
2025-08-17 00:00:00+00:00,121.04,123.2,119.76,120.71,463182.445,118.15500000000002,102.85066666666667,55.24583755184955,4.467939308283505,5.248369915559141,-0.780430607275636
2025-08-18 00:00:00+00:00,120.72,120.93,115.29,117.77,525494.896,118.61750000000002,103.395,51.5940666849678,3.8669273473719272,4.972081401921699,-1.1051540545497716
2025-08-19 00:00:00+00:00,117.77,119.07,112.11,112.67,498809.023,118.726,103.891,45.923267506813545,2.945143875462634,4.566693896629886,-1.621550021167252
2025-08-20 00:00:00+00:00,112.67,117.12,112.06,116.06,459688.664,119.22449999999999,104.48816666666667,49.86763108121629,2.459813304873137,4.145317778278536,-1.6855044734053992
2025-08-21 00:00:00+00:00,116.06,117.3,113.45,114.76,256459.812,119.633,105.064,48.4094059190485,1.9478327916776976,3.7058207809583688,-1.7579879892806711
2025-08-22 00:00:00+00:00,114.76,123.66,112.51,122.96,648084.544,120.47650000000002,105.69816666666665,56.95896535739768,2.178641987417137,3.4003850222501226,-1.2217430348329854
2025-08-23 00:00:00+00:00,122.95,123.37,119.76,121.45,331041.514,121.02949999999998,106.30833333333334,55.14662434386626,2.2141917335102335,3.163146364502145,-0.9489546309919117
2025-08-24 00:00:00+00:00,121.45,124.77,117.1,118.19,474558.257,120.878,106.867,51.34799716274746,1.9567541643978785,2.9218679244812917,-0.9651137600834132
2025-08-25 00:00:00+00:00,118.18,118.66,106.7,109.13,888113.679,120.321,107.28133333333334,42.571487348985706,1.0100238277497624,2.539499105134986,-1.5294752773852234
2025-08-26 00:00:00+00:00,109.13,114.79,108.79,113.48,455845.699,120.03399999999999,107.75883333333333,47.23477170401558,0.6037818394613481,2.1523556520002582,-1.5485738125389101
2025-08-27 00:00:00+00:00,113.48,116.27,111.95,112.18,411671.884,119.49849999999999,108.19,46.03178473726766,0.17491667097941388,1.7568678557960895,-1.5819511848166756
2025-08-28 00:00:00+00:00,112.17,114.62,111.32,113.64,278994.611,118.99150000000002,108.618,47.644492448380305,-0.04661491881104496,1.3961713008746626,-1.4427862196857075
2025-08-29 00:00:00+00:00,113.64,113.87,108.63,109.91,479891.22,118.478,109.0165,44.02492333086554,-0.5171981880906174,1.0134974030816066,-1.530695591172224
2025-08-30 00:00:00+00:00,109.91,111.27,108.3,110.84,227194.068,117.83250000000001,109.47683333333335,45.14391733717886,-0.8058067530465252,0.6496365718559803,-1.4554433249025056
2025-08-31 00:00:00+00:00,110.83,111.91,108.76,108.89,214891.815,117.27450000000002,109.83633333333333,43.19410038187627,-1.1782971472080135,0.2840498280431816,-1.462346975251195
2025-09-01 00:00:00+00:00,108.87,111.35,106.38,108.73,382018.242,116.18800000000002,110.16383333333333,43.029877087187025,-1.4694699956569508,-0.06665413669684492,-1.4028158589601059
2025-09-02 00:00:00+00:00,108.73,113.0,108.58,111.76,424271.215,115.23049999999998,110.57916666666667,47.12938754038501,-1.439141372696369,-0.34115158389674977,-1.0979897887996193
2025-09-03 00:00:00+00:00,111.76,113.31,110.79,112.98,272764.627,114.81499999999998,111.003,48.7291562277473,-1.3016572222549314,-0.533252711568386,-0.7684045106865454
2025-09-04 00:00:00+00:00,112.98,113.5,109.5,111.05,223187.595,114.4105,111.398,46.34033221871229,-1.3330681331939047,-0.6932157958934898,-0.6398523373004149
2025-09-05 00:00:00+00:00,111.05,115.12,111.01,112.05,371663.277,113.9605,111.83133333333333,47.769063172102335,-1.2627140818418923,-0.8071154530831703,-0.4555986287587219
2025-09-06 00:00:00+00:00,112.05,112.53,111.23,112.13,132989.484,113.53149999999998,112.23766666666667,47.88860224047352,-1.1868217158898489,-0.883056705644506,-0.30376501024534286
2025-09-07 00:00:00+00:00,112.14,115.41,112.14,114.9,225688.946,113.38799999999999,112.6425,51.98614151428247,-0.8928681902477535,-0.8850190025651555,-0.007849187682598013
2025-09-08 00:00:00+00:00,114.9,115.55,111.9,112.75,501011.293,113.39200000000001,112.94083333333333,48.78004928394605,-0.8238975568786202,-0.8727947134278484,0.048897156549228216
2025-09-09 00:00:00+00:00,112.76,114.69,110.8,111.92,482498.375,113.18499999999999,113.23516666666667,47.5606100620781,-0.8266824161264168,-0.8635722539675622,0.03688983784114541
2025-09-10 00:00:00+00:00,111.93,118.73,111.52,117.66,541598.389,113.33,113.65,55.79142639489808,-0.36155166578063813,-0.7631681363301774,0.4016164705495393
2025-09-11 00:00:00+00:00,117.65,117.8,112.95,115.83,540309.577,112.97349999999999,114.0035,52.93856092737344,-0.13899564581421942,-0.6383336382269859,0.49933799241276644
2025-09-12 00:00:00+00:00,115.83,118.27,114.72,118.03,478578.679,112.80250000000001,114.37666666666665,55.860666311968046,0.21245417775847386,-0.468176075029894,0.6806302527883679
2025-09-13 00:00:00+00:00,118.03,120.83,117.46,119.22,607528.369,112.854,114.75783333333334,57.40142527877341,0.580314248332428,-0.2584780103574296,0.8387922586898575
2025-09-14 00:00:00+00:00,119.22,119.33,113.93,115.1,648564.327,113.1525,115.05166666666668,50.7909834073458,0.5332494688865808,-0.10013251450862756,0.6333819833952083
2025-09-15 00:00:00+00:00,115.1,116.76,111.92,113.72,429263.371,113.1645,115.25366666666666,48.76523865621444,0.38021296682630634,-0.00406341824164079,0.38427638506794715
2025-09-16 00:00:00+00:00,113.72,115.79,112.0,115.03,431559.909,113.30700000000002,115.47533333333334,50.77240609288906,0.3604810866728201,0.0688454827412514,0.2916356039315687
2025-09-17 00:00:00+00:00,115.02,117.6,113.13,117.0,496086.817,113.475,115.53933333333335,53.70932536474777,0.4980645869893152,0.15468930359086416,0.343375283398451
2025-09-18 00:00:00+00:00,117.0,119.11,114.91,118.19,539235.656,113.88899999999998,115.566,55.43876741168826,0.6951107529126404,0.2627735934552194,0.43233715945742096
2025-09-19 00:00:00+00:00,118.19,119.47,113.37,114.04,386381.824,114.049,115.54283333333333,48.617143665152945,0.510516031024494,0.3123220809690743,0.19819395005541973
2025-09-20 00:00:00+00:00,114.03,115.31,113.4,113.92,178119.592,114.30049999999999,115.44733333333333,48.4315681989816,0.35050004058763307,0.3199576728927861,0.030542367694846972
2025-09-21 00:00:00+00:00,113.92,116.27,113.7,114.0,209479.704,114.564,115.47983333333333,48.57250354551145,0.22751885103637903,0.3014699085215047,-0.07395105748512565
2025-09-22 00:00:00+00:00,113.99,114.51,102.2,105.65,767675.734,114.2585,115.36966666666666,37.15774911248029,-0.5375236063161424,0.13367120555397527,-0.6711948118701176
2025-09-23 00:00:00+00:00,105.66,107.24,104.39,106.07,329809.938,113.91300000000001,115.24116666666667,37.94766654836898,-1.0972859463351767,-0.11252022482385514,-0.9847657215113216
2025-09-24 00:00:00+00:00,106.07,107.69,104.56,105.52,430817.498,113.6365,115.10133333333333,37.28669623366347,-1.567216144967361,-0.4034594088525563,-1.1637567361148047
2025-09-25 00:00:00+00:00,105.52,105.83,100.25,102.28,485830.463,113.14799999999998,114.893,33.576481331722846,-2.175996600933118,-0.7579668472686687,-1.4180297536644493
2025-09-26 00:00:00+00:00,102.28,104.88,100.97,104.55,245710.217,112.769,114.8185,38.21514339328776,-2.4470810424910923,-1.0957896863131535,-1.3512913561779387
2025-09-27 00:00:00+00:00,104.54,104.96,103.26,104.46,150651.161,112.247,114.75083333333332,38.101533892415084,-2.6387616614611176,-1.4043840813427464,-1.2343775801183712
2025-09-28 00:00:00+00:00,104.47,107.17,102.7,106.88,180118.884,111.9535,114.69049999999999,43.00781061136727,-2.5658189935719804,-1.6366710637885933,-0.9291479297833871
2025-09-29 00:00:00+00:00,106.88,107.66,105.3,106.76,268037.084,111.6955,114.70166666666667,42.82653654819469,-2.4890027267805124,-1.8071373963869772,-0.6818653303935351
2025-09-30 00:00:00+00:00,106.76,107.61,103.84,106.88,274575.895,111.15650000000001,114.7065,43.084881904414004,-2.390881688960647,-1.9238862549017113,-0.46699543405893573
2025-10-01 00:00:00+00:00,106.87,115.34,105.39,115.1,561526.624,111.12,114.85666666666665,57.31372697160674,-1.6310332212788694,-1.865315648177143,0.2342824268982735
2025-10-02 00:00:00+00:00,115.11,122.71,115.11,119.54,1140711.459,111.1955,115.00916666666666,62.73323146947489,-0.6629350403740091,-1.624839526616516,0.961904486242507
2025-10-03 00:00:00+00:00,119.54,124.86,115.79,120.56,879533.808,111.2625,114.99816666666668,63.868146806953504,0.18446877703433984,-1.2629778658863449,1.4474466429206847
2025-10-04 00:00:00+00:00,120.57,121.0,117.42,120.51,290698.143,111.53299999999999,115.00216666666667,63.76563286832822,0.8422983345248269,-0.8419226258041106,1.6842209603289375
2025-10-05 00:00:00+00:00,120.5,124.17,118.35,118.85,507015.733,111.7895,114.996,60.30485556853958,1.2156713686324707,-0.4304038269167944,1.6460751955492652
2025-10-06 00:00:00+00:00,118.85,121.47,118.1,118.32,464570.491,111.954,114.91983333333334,59.200110775292046,1.452067092008761,-0.05390964313168334,1.5059767351404445
2025-10-07 00:00:00+00:00,118.32,119.27,115.16,116.91,422674.282,111.94949999999999,114.80533333333332,56.247922218399,1.508251010984381,0.2585224876915295,1.2497285232928514
2025-10-08 00:00:00+00:00,116.91,119.6,115.34,118.6,349258.487,111.97,114.779,58.89386525370568,1.6698965200281322,0.5407972941588501,1.129099225869282
2025-10-09 00:00:00+00:00,118.61,128.2,115.44,125.9,916537.15,112.56299999999999,114.81483333333334,67.91894889550137,2.359847884435297,0.9046074122141394,1.4552404722211574
2025-10-10 00:00:00+00:00,125.9,135.99,52.71,96.88,4389823.156,111.71100000000001,114.42866666666667,35.010706012545825,0.5585294618547465,0.8353918221422609,-0.27686236028751443
2025-10-11 00:00:00+00:00,96.87,102.77,90.05,93.34,2392845.063,110.678,113.81,32.915599782709265,-1.1415180710713742,0.440009843499534,-1.5815279145709082
2025-10-12 00:00:00+00:00,93.35,102.16,91.61,98.98,1264382.696,110.3445,113.27783333333333,39.162141220716556,-2.010540861015528,-0.05010029740347843,-1.9604405636120497
2025-10-13 00:00:00+00:00,98.97,101.34,94.81,99.45,1325856.9,110.0135,112.91383333333333,39.6663162865655,-2.6309941481681705,-0.5662790675564168,-2.064715080611754
2025-10-14 00:00:00+00:00,99.46,100.55,91.12,97.33,1285594.754,109.604,112.55033333333333,38.13130423450272,-3.2562382432516728,-1.104270902695468,-2.1519673405562045
2025-10-15 00:00:00+00:00,97.33,99.97,93.36,95.5,674590.453,109.26500000000001,112.12449999999998,36.80719871117003,-3.854976628365506,-1.6544120478294757,-2.2005645805360303
2025-10-16 00:00:00+00:00,95.5,96.96,89.59,91.79,846143.65,108.627,111.64249999999998,34.21335333781663,-4.5760967121057945,-2.23874898068474,-2.3373477314210547
2025-10-17 00:00:00+00:00,91.79,93.14,83.36,90.12,1099055.861,107.91,111.18166666666667,33.08317810675413,-5.222146957633299,-2.8354285760744515,-2.3867183815588477
2025-10-18 00:00:00+00:00,90.11,92.24,89.88,91.69,322080.334,107.1505,110.83200000000001,35.24871891594212,-5.543557868429687,-3.377054434545499,-2.166503433884188
2025-10-19 00:00:00+00:00,91.69,94.78,90.72,93.33,356712.683,106.479,110.45316666666666,37.52318177137426,-5.601374874114256,-3.8219185224592502,-1.7794563516550062
2025-10-20 00:00:00+00:00,93.33,95.79,92.24,94.01,381476.736,105.8355,110.10733333333334,38.48798814346818,-5.528594751797442,-4.163253768326889,-1.3653409834705528
2025-10-21 00:00:00+00:00,94.0,96.94,91.62,92.46,597066.665,104.7035,109.599,37.082280012447875,-5.5322160832951255,-4.4370462313205365,-1.095169851974589
2025-10-22 00:00:00+00:00,92.45,94.97,89.91,91.88,613128.16,103.32050000000001,109.10616666666667,36.544416653913494,-5.518275917564878,-4.653292168569405,-0.8649837489954733
2025-10-23 00:00:00+00:00,91.88,94.79,91.79,94.04,338092.586,101.99449999999999,108.70366666666668,40.03284203793933,-5.272160107746984,-4.777065756404921,-0.4950943513420629
2025-10-24 00:00:00+00:00,94.04,97.45,93.93,96.45,437003.74,100.7915,108.49233333333333,43.74854775781945,-4.827002021903951,-4.787053009504727,-0.03994901239922388
2025-10-25 00:00:00+00:00,96.44,97.07,95.67,96.97,178797.931,99.6975,108.21716666666667,44.54695456480206,-4.381741390295829,-4.705990685662948,0.32424929536711833
2025-10-26 00:00:00+00:00,96.96,101.02,96.34,100.02,337315.117,98.7825,108.0145,49.109511439119096,-3.7396512499727095,-4.5127227985249005,0.7730715485521911
2025-10-27 00:00:00+00:00,100.02,103.1,98.16,99.39,661778.678,97.90650000000001,107.777,48.22684396286023,-3.2442284762155964,-4.25902393406304,1.0147954578474438
2025-10-28 00:00:00+00:00,99.4,106.98,95.33,96.65,1136067.546,96.809,107.556,44.48218461718588,-3.0376809642837657,-4.014755340107185,0.9770743758234195
2025-10-29 00:00:00+00:00,96.64,100.75,95.79,98.53,636748.194,95.4405,107.35083333333333,47.49462990280999,-2.6912670336900817,-3.7500576788237647,1.058790645133683
2025-10-30 00:00:00+00:00,98.53,99.76,90.37,93.39,689290.89,95.26599999999999,107.0925,40.95200630389247,-2.799218888254103,-3.5598899207098325,0.7606710324557295
2025-10-31 00:00:00+00:00,93.38,96.3,92.98,95.38,367029.123,95.368,106.86999999999999,44.15925943687362,-2.693150182989413,-3.386541973165749,0.693391790176336
2025-11-01 00:00:00+00:00,95.38,104.0,95.03,101.38,586785.41,95.488,106.69699999999999,52.531086374006144,-2.1007242722209014,-3.1293784329767798,1.0286541607558783
2025-11-02 00:00:00+00:00,101.39,101.54,97.5,99.42,466122.873,95.4865,106.471,49.89928620623517,-1.7689863162373456,-2.857300009628893,1.0883136933915476
2025-11-03 00:00:00+00:00,99.42,99.79,85.35,87.43,1032684.313,94.9915,106.07733333333333,37.51675159089011,-2.445385509512491,-2.774917109605613,0.3295316000931221
2025-11-04 00:00:00+00:00,87.42,91.2,79.68,85.21,1131742.898,94.477,105.62999999999998,35.74792782551292,-3.124554273366101,-2.844844542357711,-0.27970973100839025
2025-11-05 00:00:00+00:00,85.2,89.97,82.01,89.39,597946.693,94.357,105.25099999999999,41.35455424642719,-3.2876118031845465,-2.9333979945230784,-0.3542138086614681
2025-11-06 00:00:00+00:00,89.39,89.39,85.3,87.0,495999.412,94.201,104.786,39.24585529763612,-3.5685530381911974,-3.0604290032567025,-0.5081240349344949
2025-11-07 00:00:00+00:00,87.01,104.85,85.95,101.87,1639946.774,94.71000000000001,104.60466666666666,54.71704597515689,-2.561785595097362,-2.9607003216248344,0.3989147265274724
2025-11-08 00:00:00+00:00,101.88,107.64,98.02,106.95,1089634.77,95.39099999999999,104.52183333333332,58.59610553201662,-1.3385713807634687,-2.6362745334525615,1.2977031526890928
2025-11-09 00:00:00+00:00,106.95,113.71,98.8,110.31,1966394.492,96.20599999999999,104.39933333333333,60.977167693109635,-0.09692410308576882,-2.128404447379203,2.0314803442934344
2025-11-10 00:00:00+00:00,110.3,112.3,103.4,104.25,1071811.879,96.79549999999999,104.20633333333333,54.8504513174181,0.3935622153578322,-1.6240111148317962,2.017573330189628
2025-11-11 00:00:00+00:00,104.24,106.99,99.02,99.68,931687.212,97.1855,103.90050000000001,50.712337635473965,0.40880292393492823,-1.2174483070784514,1.6262512310133797
2025-11-12 00:00:00+00:00,99.69,104.32,94.86,97.59,1173355.162,97.363,103.53999999999999,48.89554132184487,0.24936128052458173,-0.9240863895578448,1.1734476700824266
2025-11-13 00:00:00+00:00,97.6,102.75,93.58,96.55,982130.246,97.36800000000001,103.23083333333332,47.974508971422395,0.03863792707744551,-0.7315415262307868,0.7701794533082323
2025-11-14 00:00:00+00:00,96.54,100.2,93.22,97.7,1072144.18,97.4045,102.96383333333333,49.1159063062963,-0.03516114388060032,-0.5922654497607496,0.5571043058801493
2025-11-15 00:00:00+00:00,97.69,109.59,97.57,101.71,1089472.087,97.489,102.74183333333332,52.98894535927115,0.22730580786316068,-0.42835119823596757,0.6556570060991282
2025-11-16 00:00:00+00:00,101.72,103.38,94.15,95.79,723048.093,97.309,102.38833333333332,47.268807496479084,-0.0418987833104012,-0.3510607152508543,0.3091619319404531
2025-11-17 00:00:00+00:00,95.79,97.94,90.57,91.24,729231.572,97.0385,101.93916666666668,43.39174575872844,-0.6152995452462591,-0.4039084812499353,-0.2113910639963238
2025-11-18 00:00:00+00:00,91.25,97.55,90.43,95.66,727888.918,96.89500000000001,101.63283333333334,47.86527911124437,-0.704940603227385,-0.46411490564542524,-0.24082569758195982
2025-11-19 00:00:00+00:00,95.66,95.99,88.86,92.9,603273.923,96.8705,101.2825,45.449952598789096,-0.9873096303838054,-0.5687538505931012,-0.41855577979070413
2025-11-20 00:00:00+00:00,92.9,93.82,86.01,87.24,616052.902,96.46350000000001,100.83650000000002,40.89279469068723,-1.6487975048752048,-0.784762581449522,-0.8640349234256828
2025-11-21 00:00:00+00:00,87.23,88.67,80.01,82.64,1109079.314,95.5265,100.453,37.593650994492556,-2.5152190873983784,-1.1308538826392933,-1.384365204759085
2025-11-22 00:00:00+00:00,82.64,83.9,80.82,82.12,390908.66,94.6615,100.05383333333333,37.22801035385661,-3.206857431684071,-1.546054592448249,-1.660802839235822
2025-11-23 00:00:00+00:00,82.11,84.45,81.85,83.09,403125.549,94.4445,99.68,38.430981634708964,-3.634815024139428,-1.963806678786485,-1.671008345352943
2025-11-24 00:00:00+00:00,83.09,87.25,82.19,85.46,507041.997,94.45700000000001,99.39966666666666,41.38659493264941,-3.739627211685473,-2.3189707853662824,-1.4206564263191908
2025-11-25 00:00:00+00:00,85.46,86.76,83.08,85.3,501467.245,94.2525,99.07883333333334,41.242652680547074,-3.7918917208832568,-2.6135549724696774,-1.1783367484135794
2025-11-26 00:00:00+00:00,85.29,87.72,83.28,86.87,397790.638,94.24600000000001,98.78566666666667,43.32560737798342,-3.6643850916691747,-2.8237209963095773,-0.8406640953595974
2025-11-27 00:00:00+00:00,86.85,87.8,85.97,86.59,271246.188,93.482,98.4475,43.03261357843063,-3.5450635435194613,-2.967989505751554,-0.5770740377679071
2025-11-28 00:00:00+00:00,86.59,86.77,83.13,84.22,366205.629,92.3455,98.07183333333334,40.53395049278133,-3.6002382446156247,-3.0944392535243685,-0.5057989910912561
2025-11-29 00:00:00+00:00,84.22,85.73,83.14,83.95,188495.208,91.0275,97.68966666666667,40.247238299025064,-3.6239763922594506,-3.200346681271385,-0.42362971098806534
2025-11-30 00:00:00+00:00,83.95,84.83,82.27,82.38,173562.982,89.934,97.14433333333335,38.540130360576114,-3.7265179450600527,-3.305580934029119,-0.42093701103093384
2025-12-01 00:00:00+00:00,82.37,82.5,74.66,77.55,768955.214,88.8275,96.4445,33.791536774204985,-4.149688472809132,-3.474402441785122,-0.6752860310240099
2025-12-02 00:00:00+00:00,77.56,83.31,77.31,82.79,416570.506,88.0875,95.815,42.1230904226833,-4.015936738449469,-3.5827093011179914,-0.4332274373314773
2025-12-03 00:00:00+00:00,82.8,86.73,82.5,85.83,501837.773,87.5515,95.23700000000001,46.341763423990265,-3.622872710236649,-3.590741982941723,-0.032130727294926054
2025-12-04 00:00:00+00:00,85.83,86.77,82.16,83.54,457518.638,86.8435,94.64850000000001,43.754504562930926,-3.456308326762354,-3.5638552517058493,0.10754692494349527
2025-12-05 00:00:00+00:00,83.54,84.13,79.59,80.38,404693.922,85.777,94.01616666666665,40.40244833844501,-3.5385008089205314,-3.558784363148786,0.020283554228254452
2025-12-06 00:00:00+00:00,80.39,82.52,79.9,81.68,271214.908,85.0715,93.429,42.35886782318412,-3.458868129028261,-3.538801116324681,0.07993298729642007
2025-12-07 00:00:00+00:00,81.67,83.76,79.88,81.43,278926.302,84.581,92.80950000000001,42.07283447345989,-3.3770035720867213,-3.506441607477089,0.1294380353903679
2025-12-08 00:00:00+00:00,81.43,84.49,81.01,83.87,356631.49,83.9915,92.109,45.91175993731113,-3.0797364283622812,-3.4211005716541276,0.3413641432918464
2025-12-09 00:00:00+00:00,83.87,87.54,82.47,85.82,438493.075,83.6375,91.92466666666665,48.83032594961111,-2.6561825530412904,-3.2681169679315603,0.6119344148902699
2025-12-10 00:00:00+00:00,85.82,87.09,83.74,84.3,343758.859,83.4905,91.77399999999999,46.714350404275805,-2.4153220233392005,-3.0975579790130885,0.682235955673888
2025-12-11 00:00:00+00:00,84.3,84.59,80.31,82.93,447190.593,83.50500000000001,91.5065,44.82879312251233,-2.3083763431071986,-2.9397216518319107,0.6313453087247121
2025-12-12 00:00:00+00:00,82.93,84.49,80.5,81.95,300466.28,83.4965,91.21483333333335,43.476912619229815,-2.276457347562385,-2.807068790978006,0.530611443415621
2025-12-13 00:00:00+00:00,81.95,82.45,80.77,81.47,150564.427,83.4155,90.9505,42.79616527015573,-2.2637976519353913,-2.698414563169483,0.43461691123409185
2025-12-14 00:00:00+00:00,81.47,81.99,77.96,78.96,246089.417,83.09049999999999,90.67483333333334,39.328392549074636,-2.4283087433736767,-2.644393399210322,0.21608465583664538
2025-12-15 00:00:00+00:00,78.96,81.42,75.74,77.51,377024.701,82.701,90.43683333333334,37.44095888504586,-2.645195681185726,-2.644553855605403,-0.0006418255803226636
2025-12-16 00:00:00+00:00,77.52,79.89,76.44,79.08,398870.126,82.3115,90.25283333333333,40.75626955638109,-2.6597344993440544,-2.6475899843531336,-0.01214451499092073
2025-12-17 00:00:00+00:00,79.07,81.04,75.16,76.01,376262.289,81.7825,89.9915,36.66456649473268,-2.8857152315268735,-2.6952150337878815,-0.19050019773899196
2025-12-18 00:00:00+00:00,76.01,78.56,72.64,74.29,475331.443,81.286,89.67416666666666,34.570501678955395,-3.16708799626808,-2.7895896262839215,-0.37749836998415853
2025-12-19 00:00:00+00:00,74.28,78.02,73.56,77.49,362068.467,80.963,89.39883333333334,41.28895897835187,-3.096173917404144,-2.850906484507966,-0.24526743289617814
2025-12-20 00:00:00+00:00,77.49,79.41,76.43,77.84,157890.421,80.736,89.15516666666666,41.99057146155231,-2.977410192739768,-2.876207226154327,-0.10120296658544126
2025-12-21 00:00:00+00:00,77.84,78.05,75.46,76.79,208349.125,80.69800000000001,88.90366666666665,40.42964171447391,-2.9341917737834535,-2.8878041356801525,-0.04638763810330104
2025-12-22 00:00:00+00:00,76.79,79.49,76.35,77.05,307831.718,80.411,88.62049999999999,41.014359899712545,-2.846152365498213,-2.8794737816437648,0.03332141614555173
2025-12-23 00:00:00+00:00,77.05,77.96,75.53,77.01,260524.06,79.97,88.2965,40.94776852889411,-2.747931719514071,-2.8531653692178263,0.10523364970375537
2025-12-24 00:00:00+00:00,77.01,77.42,75.22,75.79,266137.657,79.58250000000001,87.9435,38.87460967250302,-2.7369846980790413,-2.8299292349900695,0.09294453691102822
2025-12-25 00:00:00+00:00,75.79,77.57,75.36,75.71,204493.057,79.349,87.53833333333334,38.73611494434083,-2.7035990294552477,-2.8046631938831053,0.1010641644278576
2025-12-26 00:00:00+00:00,75.7,78.0,75.48,76.87,254509.443,79.1085,87.163,41.96469921070219,-2.5540963086878463,-2.7545498168440536,0.20045350815620733
2025-12-27 00:00:00+00:00,76.87,80.58,76.76,80.33,211258.146,79.0535,86.891,50.36671353660638,-2.131846640751121,-2.630009181625467,0.49816254087434597
2025-12-28 00:00:00+00:00,80.33,80.58,77.87,78.73,219808.346,78.79650000000001,86.561,46.97960505239416,-1.9043650303647865,-2.4848803513733313,0.5805153210085447
2025-12-29 00:00:00+00:00,78.73,80.25,76.92,78.32,309985.174,78.4215,86.30983333333333,46.1236369221442,-1.7371430845593494,-2.335332898010535,0.5981898134511856
2025-12-30 00:00:00+00:00,78.33,79.03,77.62,78.89,238627.692,78.151,86.03500000000001,47.55428856242746,-1.540862151696885,-2.176438748747805,0.6355765970509202
2025-12-31 00:00:00+00:00,78.88,78.89,76.08,76.85,233120.006,77.847,85.62616666666666,43.139123558535324,-1.5322561541357231,-2.047602229825389,0.5153460756896657
2026-01-01 00:00:00+00:00,76.86,80.03,76.7,79.97,194402.742,77.748,85.30199999999999,50.681018210403835,-1.2591630659708812,-1.8899143970544876,0.6307513310836064
2026-01-02 00:00:00+00:00,79.97,82.25,79.04,81.93,285255.308,77.771,85.21033333333335,54.74214921394318,-0.8744985317565863,-1.6868312239949075,0.8123326922383212
2026-01-03 00:00:00+00:00,81.94,82.82,80.77,82.08,249457.667,77.92699999999999,85.15816666666667,55.04722607168459,-0.5511915772381855,-1.4597032946435633,0.9085117174053778
2026-01-04 00:00:00+00:00,82.09,83.17,81.65,82.26,254059.572,78.1645,85.03933333333333,55.43543980305576,-0.27724804788914525,-1.2232122452926797,0.9459641974035344
2026-01-05 00:00:00+00:00,82.26,84.57,81.44,83.46,427913.448,78.3835,84.98033333333333,58.03722828716788,0.03626609103547196,-0.9713165780270494,1.0075826690625214
2026-01-06 00:00:00+00:00,83.46,84.89,81.16,83.96,356122.443,78.78099999999999,84.68183333333333,59.10847406006351,0.3213695777594694,-0.7127793468697456,1.034148924629215
2026-01-07 00:00:00+00:00,83.95,83.97,81.0,81.71,276546.003,79.152,84.26116666666667,52.60095056907515,0.36159174453459286,-0.4979051285888779,0.8594968731234708
2026-01-08 00:00:00+00:00,81.71,82.3,80.0,81.31,252290.561,79.34299999999999,83.77783333333333,51.515118028693614,0.3570753026115625,-0.32690904234878987,0.6839843449603524
2026-01-09 00:00:00+00:00,81.31,82.12,79.91,81.49,251572.162,79.5255,83.3985,51.99534857132148,0.3638265198785575,-0.1887619299033204,0.5525884497818779
2026-01-10 00:00:00+00:00,81.48,82.42,80.8,81.19,149346.699,79.7455,83.09033333333333,51.08713411938622,0.34103814001791477,-0.08280191591907338,0.42384005593698815
2026-01-11 00:00:00+00:00,81.19,81.78,78.53,78.79,323460.486,79.83250000000001,82.77700000000002,44.40479577041742,0.12784453026934273,-0.040672626681390156,0.16851715695073288
2026-01-12 00:00:00+00:00,78.79,80.75,75.6,76.12,766104.643,79.78799999999998,82.43650000000001,38.38881630225113,-0.2536358708757689,-0.08326527552026591,-0.17037059535550297
2026-01-13 00:00:00+00:00,76.11,78.95,75.26,78.18,1092209.996,79.9075,82.11116666666666,44.62257346727805,-0.3852956054381593,-0.14367134150384459,-0.24162426393431474
2026-01-14 00:00:00+00:00,78.17,80.97,75.8,76.67,1728520.677,79.9555,81.69383333333333,41.322164205694165,-0.6045128264720745,-0.23583963849749057,-0.3686731879745839
2026-01-15 00:00:00+00:00,76.66,76.92,69.46,72.21,1503254.414,79.7225,81.30083333333333,33.45208694893394,-1.1251586511969833,-0.41370344103738915,-0.7114552101595941
2026-01-16 00:00:00+00:00,72.21,76.07,70.92,75.22,846767.044,79.46700000000001,81.03383333333333,41.54383868290297,-1.2801357657114067,-0.5869899059721927,-0.693145859739214
2026-01-17 00:00:00+00:00,75.21,75.99,73.84,74.92,327149.181,79.2765,80.68816666666666,41.00863041143192,-1.4108997640835383,-0.7517718775944618,-0.6591278864890765
2026-01-18 00:00:00+00:00,74.92,75.9,72.1,72.29,377184.548,78.975,80.34466666666667,36.56168705425301,-1.7070721301690241,-0.9428319281093744,-0.7642402020596497
2026-01-19 00:00:00+00:00,72.28,72.28,65.58,70.8,993480.913,78.57050000000001,80.07066666666667,34.29284113459029,-2.0385225921428827,-1.1619700609160761,-0.8765525312268065
2026-01-20 00:00:00+00:00,70.79,71.05,65.9,67.12,699879.344,78.084,79.812,29.434560810416016,-2.568536229391441,-1.4432832946111491,-1.1252529347802918
2026-01-21 00:00:00+00:00,67.12,69.71,66.03,68.48,677970.362,77.5095,79.58466666666666,33.20094972964826,-2.846027982456363,-1.723832232180192,-1.1221957502761708
2026-01-22 00:00:00+00:00,68.48,69.65,67.06,68.19,400973.972,76.8225,79.33633333333334,32.79893987963557,-3.0541365869094363,-1.989893103126041,-1.0642434837833954
2026-01-23 00:00:00+00:00,68.2,69.6,66.98,68.07,391555.321,76.122,79.0465,32.62291386024063,-3.191952313054614,-2.230304945111756,-0.9616473679428581
2026-01-24 00:00:00+00:00,68.07,68.98,67.75,68.19,180394.712,75.41850000000001,78.76133333333334,33.0100922633911,-3.253979422563745,-2.435039840602154,-0.8189395819615912
2026-01-25 00:00:00+00:00,68.2,70.36,65.23,67.3,627760.546,74.6105,78.43516666666666,31.561487826342912,-3.3364909251983903,-2.615330057521401,-0.7211608676769892
2026-01-26 00:00:00+00:00,67.29,70.11,66.97,69.72,427828.099,73.8985,78.154,39.3546008428851,-3.1700655677161365,-2.726277159560348,-0.44378840815578835
2026-01-27 00:00:00+00:00,69.73,70.49,68.64,70.03,325716.599,73.3145,77.91749999999999,40.2925301241,-2.9788198823073486,-2.776785704109748,-0.2020341781976005
2026-01-28 00:00:00+00:00,70.03,70.31,68.42,69.42,301017.18,72.72,77.67533333333333,39.01390144127803,-2.8436978224308547,-2.7901681277739696,-0.05352969465688506
2026-01-29 00:00:00+00:00,69.41,69.55,64.43,66.24,474641.116,71.95750000000001,77.40633333333334,33.11436021588315,-2.959101361588239,-2.8239547745368236,-0.13514658705141525
2026-01-30 00:00:00+00:00,66.24,66.47,62.71,65.47,686027.282,71.17150000000001,77.205,31.858135033458737,-3.07721978843135,-2.8746077773157293,-0.20261201111562066
2026-01-31 00:00:00+00:00,65.47,65.5,55.0,59.53,1322363.304,70.2085,76.81733333333335,24.223765426662183,-3.60854083751434,-3.0213943893554513,-0.5871464481588888
2026-02-01 00:00:00+00:00,59.53,59.92,57.16,58.49,614483.462,69.32700000000001,76.36166666666666,23.176556533377152,-4.066658003177494,-3.2304471121198604,-0.8362108910576338
2026-02-02 00:00:00+00:00,58.49,61.17,56.51,60.02,649668.505,68.41900000000001,75.96966666666665,28.101001468413997,-4.2571867454699515,-3.435795038789879,-0.8213917066800724
2026-02-03 00:00:00+00:00,60.02,61.38,56.87,59.48,607480.409,67.5595,75.62133333333334,27.432629892113397,-4.401023375522797,-3.628840706136463,-0.7721826693863343
2026-02-04 00:00:00+00:00,59.47,60.99,57.07,58.89,610711.727,66.89349999999999,75.2415,26.685803940439598,-4.510627306469914,-3.8051980262031533,-0.7054292802667605
2026-02-05 00:00:00+00:00,58.89,59.49,50.18,50.79,1590945.035,65.672,74.73083333333332,19.027263877964614,-5.191250018106892,-4.082408424583901,-1.1088415935229907
2026-02-06 00:00:00+00:00,50.79,56.47,45.07,55.02,1678612.362,64.67699999999999,74.25,30.280110949525238,-5.327905988556303,-4.331507937378381,-0.9963980511779216
2026-02-07 00:00:00+00:00,55.01,56.0,52.86,55.19,807072.496,63.822,73.73949999999999,30.69695075346641,-5.360694501147073,-4.53734525013212,-0.8233492510149532
2026-02-08 00:00:00+00:00,55.19,55.88,53.65,54.53,374171.837,63.00849999999999,73.24333333333334,29.948325054768333,-5.377942543762096,-4.705464708858115,-0.6724778349039804
2026-02-09 00:00:00+00:00,54.53,55.13,52.36,54.45,393768.113,62.375,72.76866666666666,29.853288124215794,-5.336550639329289,-4.83168189495235,-0.5048687443769388
2026-02-10 00:00:00+00:00,54.45,54.68,52.84,53.38,289989.059,61.620000000000005,72.2925,28.54838037070661,-5.328661818029168,-4.931077879567714,-0.39758393846145434
2026-02-11 00:00:00+00:00,53.37,53.71,51.0,52.32,428953.94,60.826499999999996,71.80666666666666,27.276397057835624,-5.3463140313350195,-5.014125109921175,-0.33218892141384426
2026-02-12 00:00:00+00:00,52.32,53.81,51.51,53.15,340264.81,60.08050000000001,71.37650000000001,29.909781489421718,-5.233006631146324,-5.0579014141662055,-0.1751052169801186
2026-02-13 00:00:00+00:00,53.15,55.7,52.36,55.03,376571.893,59.4225,71.00183333333334,35.59831772633787,-4.934626113834433,-5.033246354099852,0.0986202402654186
2026-02-14 00:00:00+00:00,55.04,56.66,54.88,55.99,322012.369,58.857000000000006,70.617,38.3498542977679,-4.568035952250071,-4.940204273729895,0.37216832147982437
2026-02-15 00:00:00+00:00,55.99,56.68,54.18,55.08,375205.526,58.125,70.26816666666667,36.74713875217588,-4.3013566410116155,-4.81243474718624,0.5110781061746241
2026-02-16 00:00:00+00:00,55.09,55.65,53.33,55.13,393363.556,57.379999999999995,69.94883333333334,36.90317071160614,-4.039412945414398,-4.657830386831872,0.6184174414174741
2026-02-17 00:00:00+00:00,55.13,55.85,53.17,53.96,357538.905,56.60699999999999,69.55666666666666,34.743406571580536,-3.8814865406540235,-4.502561617596302,0.6210750769422786
2026-02-18 00:00:00+00:00,53.96,54.93,52.95,53.32,260302.801,55.961,69.148,33.58550067307313,-3.764575693156246,-4.354964432708291,0.5903887395520453
2026-02-19 00:00:00+00:00,53.32,53.73,51.42,52.7,266659.855,55.32249999999999,68.7465,32.456990408061486,-3.6795364172744414,-4.219878829621521,0.5403424123470799
2026-02-20 00:00:00+00:00,52.71,55.47,52.66,55.19,463361.849,55.10549999999999,68.38216666666668,41.027309118872104,-3.372345686400955,-4.050372200977408,0.6780265145764535
2026-02-21 00:00:00+00:00,55.19,56.01,54.82,54.9,242511.391,54.926,68.01366666666667,40.38459821903985,-3.116371801113729,-3.8635721210046725,0.7472003198909434
2026-02-22 00:00:00+00:00,54.91,54.92,52.94,53.48,231209.383,54.599000000000004,67.64183333333334,37.30309564202482,-2.9935846055056317,-3.6895746179048645,0.6959900123992329
2026-02-23 00:00:00+00:00,53.48,53.55,50.72,51.35,349970.204,54.192499999999995,67.23583333333333,33.20966693270563,-3.033183416861057,-3.558296377696103,0.5251129608350462
2026-02-24 00:00:00+00:00,51.35,51.9,50.18,51.15,376143.687,53.80550000000001,66.80716666666667,32.84520729412476,-3.0455963497821372,-3.4557563721133104,0.4101600223311732
2026-02-25 00:00:00+00:00,51.16,59.0,51.03,56.76,683585.789,54.104000000000006,66.41433333333333,49.56510425132729,-2.573092563896573,-3.279223610469963,0.7061310465733901
2026-02-26 00:00:00+00:00,56.76,57.09,54.42,55.62,339639.683,54.134,66.02916666666667,47.004051350786,-2.2645144688136156,-3.076281782138694,0.8117673133250785
2026-02-27 00:00:00+00:00,55.61,56.39,53.42,54.56,305470.267,54.1025,65.63316666666667,44.69169355211009,-2.081502975870407,-2.877326020885037,0.7958230450146297
2026-02-28 00:00:00+00:00,54.55,54.96,51.47,54.4,383397.838,54.096000000000004,65.225,44.337136454241865,-1.9271606041813385,-2.6872929375442975,0.760132333362959
2026-03-01 00:00:00+00:00,54.41,55.53,52.47,53.24,299256.409,54.0355,64.8315,41.75101397657431,-1.8768107619271461,-2.5251965024208674,0.6483857404937212
2026-03-02 00:00:00+00:00,53.25,55.72,52.95,54.61,462228.194,54.096999999999994,64.40883333333333,45.7738944138607,-1.7066869737003358,-2.361494596676761,0.654807622976425
2026-03-03 00:00:00+00:00,54.61,55.26,53.02,54.76,439975.97,54.218999999999994,63.956,46.21191068944455,-1.5419838692639374,-2.197592451194196,0.6556085819302586
2026-03-04 00:00:00+00:00,54.77,57.66,54.3,56.77,528737.562,54.4,63.53416666666667,51.82721236288544,-1.2350286293862638,-2.0050796868326097,0.7700510574463459
2026-03-05 00:00:00+00:00,56.77,57.27,55.03,55.46,390267.224,54.421499999999995,63.0875,48.28891487894503,-1.0849636564976493,-1.8210564807656178,0.7360928242679685
2026-03-06 00:00:00+00:00,55.47,55.89,53.12,53.81,299754.686,54.3125,62.593333333333334,44.19613733483485,-1.0866510577216957,-1.6741753961568335,0.5875243384351378
2026-03-07 00:00:00+00:00,53.8,54.29,53.21,53.58,262288.031,54.2375,62.086999999999996,43.64088193912724,-1.0939371862280396,-1.558127754171075,0.46419056794303537
2026-03-08 00:00:00+00:00,53.59,53.94,51.88,52.59,398559.551,54.11049999999999,61.60166666666667,41.23922479764423,-1.1661535298016261,-1.4797329092971854,0.31357937949555925
2026-03-09 00:00:00+00:00,52.58,54.75,52.5,53.77,327230.42,54.101,61.14266666666666,45.116201127750344,-1.1153127331165322,-1.4068488740610547,0.2915361409445225
2026-03-10 00:00:00+00:00,53.77,55.0,53.43,53.87,348345.87,54.128499999999995,60.68233333333333,45.44470855215192,-1.054792875507232,-1.3364376743502904,0.2816447988430584
2026-03-11 00:00:00+00:00,53.87,55.28,53.54,54.8,272644.402,54.23350000000001,60.2425,48.530178488793595,-0.9211685668331882,-1.25338385284687,0.3322152860136818
2026-03-12 00:00:00+00:00,54.8,55.0,53.8,54.56,271228.185,54.202,59.83866666666667,47.779185031800466,-0.8251248085634018,-1.1677320439901764,0.3426072354267746
2026-03-13 00:00:00+00:00,54.57,56.71,54.47,55.3,337868.652,54.222,59.49166666666667,50.33136698555286,-0.6814423790521644,-1.070474111002574,0.3890317319504095
2026-03-14 00:00:00+00:00,55.3,55.84,54.37,54.98,225515.431,54.29699999999999,59.105,49.21132074893614,-0.5866320154288118,-0.9737056918878215,0.3870736764590097
2026-03-15 00:00:00+00:00,54.98,56.41,54.69,56.27,247015.19,54.543000000000006,58.765,53.685737135759105,-0.4027591434683018,-0.8595163822039177,0.4567572387356159
2026-03-16 00:00:00+00:00,56.28,59.23,55.82,58.7,587196.808,54.92049999999999,58.539833333333334,60.707969509544725,-0.0602631994141305,-0.6996657456459603,0.6394025462318298
2026-03-17 00:00:00+00:00,58.69,59.26,57.31,58.09,402802.673,54.987,58.254333333333335,58.31758261813305,0.16009987013730864,-0.5277126224893065,0.6878124926266151
2026-03-18 00:00:00+00:00,58.09,58.56,55.3,56.08,355225.613,55.010000000000005,57.940333333333335,51.16812783136324,0.17058261841678046,-0.3880535743080891,0.5586361927248695
2026-03-19 00:00:00+00:00,56.08,56.35,54.59,55.54,266053.615,55.059000000000005,57.66116666666667,49.41538585630735,0.13377471329765456,-0.2836879167869404,0.41746263008459494
2026-03-20 00:00:00+00:00,55.53,56.47,55.17,56.17,221084.585,55.1475,57.41733333333333,51.502606360915664,0.1536685230955257,-0.19621662881044716,0.34988515190597286
2026-03-21 00:00:00+00:00,56.18,56.59,54.42,54.81,194699.709,55.226,57.21216666666667,46.99463437654065,0.0590136045827947,-0.14517058213179881,0.2041841867145935
2026-03-22 00:00:00+00:00,54.79,55.05,53.03,53.51,303410.591,55.17100000000001,56.962666666666664,43.1102543426807,-0.11952245527285044,-0.14004095676000916,0.020518501487158725
2026-03-23 00:00:00+00:00,53.51,56.16,53.27,55.72,361341.093,55.21900000000001,56.75483333333333,50.58753321248701,-0.08174275908827155,-0.12838131722566165,0.046638558137390096
2026-03-24 00:00:00+00:00,55.73,56.5,55.05,56.38,251140.031,55.1995,56.56000000000001,52.59155147223406,0.0014378320431021052,-0.10241748737190891,0.10385531941501101
2026-03-25 00:00:00+00:00,56.39,56.8,55.79,56.65,308934.412,55.259,56.367666666666665,53.42376360527723,0.08812988683784795,-0.06430801252995755,0.1524378993678055
2026-03-26 00:00:00+00:00,56.64,56.67,54.23,54.59,382513.198,55.298,56.155833333333334,46.68956029743454,-0.009283801135929082,-0.05330317025115186,0.04401936911522278
2026-03-27 00:00:00+00:00,54.59,55.18,53.29,53.72,262999.776,55.30499999999999,55.88916666666667,44.15794719250652,-0.15490097774062406,-0.0736227317490463,-0.08127824599157776
2026-03-28 00:00:00+00:00,53.71,54.93,53.26,53.85,269897.849,55.36800000000001,55.6195,44.640977903587,-0.2568528855905612,-0.11026876251734928,-0.1465841230732119
2026-03-29 00:00:00+00:00,53.84,54.39,52.22,53.32,181661.454,55.3455,55.351166666666664,43.00763948923017,-0.3760818403380526,-0.16343137808148994,-0.21265046225656264
2026-03-30 00:00:00+00:00,53.33,54.41,52.96,53.34,414289.211,55.318999999999996,55.13616666666667,43.092255521875764,-0.463613564538079,-0.22346781537280777,-0.24014574916527123
2026-03-31 00:00:00+00:00,53.34,54.29,53.13,53.95,332765.311,55.2765,54.94416666666666,45.73839755681634,-0.47824823660887716,-0.27442389962002167,-0.2038243369888555
2026-04-01 00:00:00+00:00,53.94,54.78,53.72,53.82,398752.553,55.23950000000001,54.849000000000004,45.25543801339253,-0.49463439579131574,-0.3184659988542805,-0.17616839693703523
2026-04-02 00:00:00+00:00,53.82,54.12,51.4,52.29,346503.9,55.089,54.745666666666665,39.91367858912551,-0.623886977534923,-0.379550194590409,-0.24433678294451394
2026-04-03 00:00:00+00:00,52.29,53.49,52.14,53.24,195542.014,55.00200000000001,54.632666666666665,44.30923252100626,-0.6422599463934802,-0.4320921449510232,-0.21016780144245695
2026-04-04 00:00:00+00:00,53.23,53.86,52.99,53.59,149737.599,54.867999999999995,54.534499999999994,45.88004571343028,-0.6214152929761809,-0.4699567745560548,-0.15145851842012614
2026-04-05 00:00:00+00:00,53.59,54.21,52.59,54.11,154164.553,54.6385,54.45483333333333,48.21699129763372,-0.5565208745668926,-0.4872695945582224,-0.0692512800086702
2026-04-06 00:00:00+00:00,54.12,54.64,53.2,53.53,251244.43,54.4105,54.5005,45.83938837219811,-0.5456033572995835,-0.49893634710649465,-0.04666701019308889
2026-04-07 00:00:00+00:00,53.52,55.74,52.91,55.36,313030.401,54.3745,54.506166666666665,53.611780484524736,-0.3848491388445794,-0.4761189054541116,0.09126976660953223
2026-04-08 00:00:00+00:00,55.36,55.59,53.89,53.95,262118.262,54.295,54.4855,47.907189138579675,-0.3669949889001174,-0.4542941221433128,0.08729913324319538
2026-04-09 00:00:00+00:00,53.94,55.28,53.62,54.55,248302.357,54.214,54.48583333333333,50.32923295649548,-0.30096116784505966,-0.42362753128366215,0.12266636343860249
2026-04-10 00:00:00+00:00,54.55,55.52,54.23,54.96,227586.41,54.221500000000006,54.49433333333333,51.9725121787919,-0.21308895855297294,-0.38151981673752433,0.1684308581845514
2026-04-11 00:00:00+00:00,54.96,55.71,54.35,55.06,181747.445,54.299,54.52233333333333,52.386267461796166,-0.13383763835486917,-0.33198338106099334,0.19814574270612417
2026-04-12 00:00:00+00:00,55.06,55.06,53.36,53.48,208716.671,54.187,54.541666666666664,45.68887274857421,-0.19626081895913927,-0.3048388686406226,0.10857804968148332
2026-04-13 00:00:00+00:00,53.49,54.76,52.66,54.62,330733.726,54.099000000000004,54.56616666666667,50.5965723152942,-0.15199110782050695,-0.27426931647659947,0.12227820865609251
2026-04-14 00:00:00+00:00,54.62,55.27,54.01,54.28,323202.379,53.980500000000006,54.553666666666665,49.169507306339966,-0.14269727592761683,-0.24795490836680295,0.10525763243918612
2026-04-15 00:00:00+00:00,54.28,55.65,53.78,55.15,261668.064,54.00849999999999,54.53966666666667,52.8352753697701,-0.06438789451947713,-0.21124150559733781,0.14685361107786069
2026-04-16 00:00:00+00:00,55.16,56.61,54.59,56.36,329669.004,54.14050000000001,54.56100000000001,57.43320592392837,0.09422359113668932,-0.1501484862505324,0.24437207738722172
2026-04-17 00:00:00+00:00,56.36,57.42,55.34,56.39,340755.368,54.2675,54.582,57.543717465438654,0.2198112384042119,-0.07615654131958355,0.29596777972379545
2026-04-18 00:00:00+00:00,56.39,56.66,55.24,55.65,230684.754,54.384,54.61016666666667,53.831220803757276,0.2566698083328518,-0.009591271389096476,0.2662610797219483
2026-04-19 00:00:00+00:00,55.66,55.82,53.91,54.06,228336.314,54.42,54.622499999999995,46.83884975259586,0.15578498638710414,0.02348398016614365,0.1323010062209605
2026-04-20 00:00:00+00:00,54.06,55.44,53.99,55.03,265247.0,54.474000000000004,54.66133333333333,51.01886951337534,0.1523477613710682,0.04925673640712856,0.10309102496393964
2026-04-21 00:00:00+00:00,55.03,55.88,54.67,55.57,253718.736,54.5615,54.66766666666667,53.22390041464711,0.19099554506082228,0.07760449813786731,0.11339104692295497
2026-04-22 00:00:00+00:00,55.57,56.55,55.48,55.49,267526.056,54.72149999999999,54.677499999999995,52.84435357821637,0.21271679387689346,0.10462695728567255,0.10808983659122091
2026-04-23 00:00:00+00:00,55.5,56.23,54.9,56.21,233231.953,54.86999999999999,54.72299999999999,55.892910258827236,0.28474664073989686,0.14065089397651742,0.14409574676337944
2026-04-24 00:00:00+00:00,56.21,56.76,55.75,56.54,233846.698,55.0175,54.80949999999999,57.25684403305767,0.36426009180646446,0.18537273354250683,0.17888735826395763
2026-04-25 00:00:00+00:00,56.55,56.72,55.91,56.05,141641.823,55.1145,54.89116666666666,54.558992501315004,0.38331752393204965,0.2249616916204154,0.15835583231163425
2026-04-26 00:00:00+00:00,56.05,56.48,55.75,56.28,151412.239,55.251999999999995,54.88316666666667,55.61613182588476,0.4122278479742363,0.2624149228911796,0.14981292508305666
2026-04-27 00:00:00+00:00,56.28,56.8,54.95,55.57,255326.831,55.2625,54.882333333333335,51.62360535010107,0.3735424568622818,0.2846404296854001,0.08890202717688173
2026-04-28 00:00:00+00:00,55.56,55.79,54.67,55.71,182047.015,55.3505,54.901500000000006,52.34998626585538,0.3501445868245696,0.297741261113234,0.0524033257113356
2026-04-29 00:00:00+00:00,55.7,57.71,54.35,55.32,407969.758,55.388999999999996,54.91683333333334,50.09349570589238,0.2967115594522909,0.2975353207810454,-0.000823761328754502
2026-04-30 00:00:00+00:00,55.32,55.99,54.93,55.19,195777.274,55.4005,54.949333333333335,49.33019924774501,0.24109637778509807,0.28624753218185595,-0.045151154396757875
2026-05-01 00:00:00+00:00,55.19,56.03,54.9,55.4,249857.345,55.417500000000004,54.962500000000006,50.638656401916364,0.2115278294386087,0.2713035916332065,-0.05977576219459779
2026-05-02 00:00:00+00:00,55.4,55.71,55.05,55.39,166093.453,55.513,54.973,50.57168596525275,0.18515329350402254,0.2540735320073697,-0.06892023850334716
2026-05-03 00:00:00+00:00,55.39,55.76,54.84,55.29,155415.526,55.546499999999995,54.94833333333334,49.861534028520744,0.1544022662788791,0.2341392788616716,-0.0797370125827925
2026-05-04 00:00:00+00:00,55.3,56.43,54.9,54.96,427752.647,55.580499999999994,54.940000000000005,47.49148039457388,0.10222522482010277,0.20775646805335785,-0.10553124323325508
2026-05-05 00:00:00+00:00,54.96,56.61,54.76,56.34,348454.566,55.64,54.982166666666664,56.749770490161126,0.170266286642196,0.20025843177112548,-0.029992145128929476
2026-05-06 00:00:00+00:00,56.34,57.93,56.08,56.73,382538.839,55.65849999999999,55.034666666666666,58.95248438423377,0.2527455654299686,0.2107558585028941,0.041989706927074516
2026-05-07 00:00:00+00:00,56.74,57.4,56.05,56.42,307147.728,55.660000000000004,55.098499999999994,56.489730852759116,0.289756446925459,0.2265559761874071,0.06320047073805188
2026-05-08 00:00:00+00:00,56.43,58.99,56.06,58.32,336466.293,55.793499999999995,55.17433333333334,65.89401980492482,0.4670184600979894,0.27464847296952355,0.19236998712846587
2026-05-09 00:00:00+00:00,58.32,59.14,57.62,58.0,242074.69,55.9905,55.24316666666667,63.408249368843826,0.5750497415283462,0.33472872668128806,0.24032101484705815
2026-05-10 00:00:00+00:00,57.99,60.61,57.66,60.43,343635.287,56.2605,55.336999999999996,72.03535788406694,0.8469825148253065,0.4371794843100918,0.4098030305152147
2026-05-11 00:00:00+00:00,60.42,60.59,58.06,58.52,329617.12,56.407999999999994,55.403,60.051015541489996,0.898018362681043,0.529347259984282,0.36867110269676096
2026-05-12 00:00:00+00:00,58.51,58.68,57.05,58.12,304201.854,56.53950000000001,55.45,57.8792993900497,0.8958610541613936,0.6026500188197044,0.29321103534168924
2026-05-13 00:00:00+00:00,58.11,58.97,56.28,57.01,350780.772,56.57950000000001,55.48383333333334,52.23403892886497,0.795414603849288,0.6412029358256212,0.15421166802366681
2026-05-14 00:00:00+00:00,57.0,59.56,56.63,58.21,352324.525,56.66300000000001,55.51616666666666,57.10495651736839,0.8033791843301259,0.6736381855265221,0.1297409988036038
2026-05-15 00:00:00+00:00,58.2,58.52,56.39,57.5,315362.807,56.7355,55.49616666666667,53.620877738890364,0.7438257452842834,0.6876756974780743,0.056150047806209025
2026-05-16 00:00:00+00:00,57.5,57.71,55.57,56.14,218120.284,56.7285,55.46366666666666,47.62669658657723,0.5802003928092248,0.6661806365443045,-0.08598024373507973
2026-05-17 00:00:00+00:00,56.14,56.52,53.72,54.57,274079.963,56.6785,55.4385,41.81534610859655,0.320149756051741,0.5969744604457917,-0.2768247043940507
2026-05-18 00:00:00+00:00,54.56,54.58,53.16,54.37,385819.159,56.6115,55.419,41.1269036469443,0.09680353345197545,0.4969402750470285,-0.400136741595053
2026-05-19 00:00:00+00:00,54.38,54.59,53.5,54.5,239681.253,56.5705,55.39116666666666,41.79766861755435,-0.06891562708575094,0.3837690946204726,-0.45268472170622354
2026-05-20 00:00:00+00:00,54.51,54.56,53.29,53.96,295176.434,56.509,55.376999999999995,39.77067869276783,-0.24104413603028263,0.2588064484903216,-0.4998505845206042
2026-05-21 00:00:00+00:00,53.96,54.7,53.3,54.18,307246.246,56.44799999999999,55.38816666666666,41.02548732249049,-0.3556058551631196,0.13592398775963332,-0.4915298429227529
2026-05-22 00:00:00+00:00,54.18,54.58,52.26,52.65,346990.759,56.311,55.336999999999996,35.4880910994266,-0.5633609814904048,-0.003933006090374294,-0.5594279754000305
2026-05-23 00:00:00+00:00,52.65,54.24,51.47,53.49,280632.087,56.221000000000004,55.28883333333333,40.25590582949399,-0.6527034766871083,-0.1336871002097211,-0.5190163764773872
2026-05-24 00:00:00+00:00,53.49,53.68,51.97,52.76,197832.355,56.111000000000004,55.224000000000004,37.65160454969524,-0.773496560084098,-0.2616489921845965,-0.5118475678995015
2026-05-25 00:00:00+00:00,52.75,53.2,52.45,52.73,240420.443,55.93050000000001,55.193,37.54410998328054,-0.8617134025166848,-0.38166187425101417,-0.48005152826567066
2026-05-26 00:00:00+00:00,52.73,53.12,51.63,51.92,232422.522,55.69000000000001,55.163000000000004,34.66631928947484,-0.9856244511175234,-0.502454389624316,-0.4831700614932074
2026-05-27 00:00:00+00:00,51.92,52.88,51.67,51.97,248461.8,55.467499999999994,55.13166666666666,34.99753952002706,-1.0674849655356482,-0.6154605048065824,-0.45202446072906577
2026-05-28 00:00:00+00:00,51.96,52.14,50.33,51.67,335369.629,55.135000000000005,55.104166666666664,33.887458538058766,-1.1433872493044177,-0.7210458537061495,-0.4223413955982682
2026-05-29 00:00:00+00:00,51.67,52.34,51.16,51.89,239712.267,54.82950000000001,55.080000000000005,35.503089512918265,-1.1722749388747786,-0.8112916707398754,-0.3609832681349032
2026-05-30 00:00:00+00:00,51.9,52.78,51.83,52.45,202049.623,54.43050000000001,55.055,39.552455334155184,-1.1368761208586804,-0.8764085607636364,-0.260467560095044
2026-05-31 00:00:00+00:00,52.46,52.76,51.39,52.07,171100.902,54.108000000000004,55.02583333333334,37.81737443911832,-1.1264995412636267,-0.9264267568636345,-0.2000727843999922
2026-06-01 00:00:00+00:00,52.08,52.29,50.1,50.79,322073.938,53.741499999999995,55.00083333333334,32.625599723512195,-1.2076404029340182,-0.9826694860777113,-0.22497091685630688
2026-06-02 00:00:00+00:00,50.79,50.84,46.3,46.91,518694.045,53.2365,54.89533333333333,22.52903723444109,-1.5669656888246735,-1.0995287266271037,-0.4674369621975698
2026-06-03 00:00:00+00:00,46.91,48.56,46.82,47.14,464091.661,52.68300000000001,54.78783333333333,24.02989167115763,-1.8122836115159302,-1.242079703604869,-0.5702039079110612
2026-06-04 00:00:00+00:00,47.13,47.48,43.9,45.64,540540.514,52.089999999999996,54.64666666666667,21.151855793435388,-2.1034895781656004,-1.4143616785170154,-0.689127899648585
2026-06-05 00:00:00+00:00,45.64,45.85,41.94,43.32,635433.032,51.449,54.476499999999994,17.634009429210238,-2.4927422349063235,-1.630037789794877,-0.8627044451114465
2026-06-06 00:00:00+00:00,43.32,44.03,40.52,41.39,445059.153,50.79,54.24366666666667,15.347284423865403,-2.923265060160098,-1.8886832438679213,-1.0345818162921767
2026-06-07 00:00:00+00:00,41.4,43.46,41.1,42.83,497116.605,50.213,54.05833333333333,23.335454517567797,-3.1123839111690685,-2.1334233773281506,-0.978960533840918
2026-06-08 00:00:00+00:00,42.82,43.82,42.04,43.03,380809.35,49.6395,53.86633333333334,24.402459052525344,-3.209130772658497,-2.34856485639422,-0.8605659162642771
2026-06-09 00:00:00+00:00,43.03,43.5,41.81,43.03,335158.076,49.093,53.667500000000004,24.402459052525344,-3.2483583049062474,-2.5285235460966256,-0.7198347588096219
2026-06-10 00:00:00+00:00,43.02,43.24,41.25,41.74,336886.191,48.471,53.4455,22.101434541848263,-3.344979781112812,-2.691814793099863,-0.6531649880129491
2026-06-11 00:00:00+00:00,41.73,42.95,41.72,42.47,265830.529,47.962,53.26200000000001,26.334634962386232,-3.3243273219457308,-2.8183172988690366,-0.5060100230766942
2026-06-12 00:00:00+00:00,42.47,43.54,42.19,43.07,301012.215,47.440999999999995,53.06949999999999,29.71538242225118,-3.222399300410885,-2.8991336991774066,-0.32326560123347825
2026-06-13 00:00:00+00:00,43.07,44.4,42.95,44.33,222108.536,47.0195,52.90366666666667,36.32425526958605,-3.0053058442179292,-2.9203681281855114,-0.08493771603241784
2026-06-14 00:00:00+00:00,44.34,45.44,43.73,45.41,248976.672,46.653499999999994,52.74133333333334,41.40971925292271,-2.7148160327366426,-2.8792577090957376,0.164441676359095
2026-06-15 00:00:00+00:00,45.4,46.29,44.77,45.76,444466.55,46.3455,52.56466666666666,42.99852789652226,-2.4283659977272407,-2.7890793668220386,0.3607133690947979
2026-06-16 00:00:00+00:00,45.75,46.36,44.41,45.69,274832.158,46.0315,52.38633333333333,42.74884712320283,-2.1818496911218404,-2.667633431681999,0.4857837405601586
2026-06-17 00:00:00+00:00,45.69,45.98,45.41,45.66,36968.425,45.731,52.219833333333334,42.63458521995289,-1.9662389131133722,-2.5273545279682734,0.5611156148549012
