date,open,high,low,close,volume,MA20,MA60,RSI,MACD,SIGNAL,HIST
2021-06-19 00:00:00+00:00,20.4,20.978,19.754,19.76,1744280.982,,,,0.0,0.0,0.0
2021-06-20 00:00:00+00:00,19.763,21.025,18.622,20.704,2410717.378,,,100.0,0.07530484330484555,0.01506096866096911,0.06024387464387644
2021-06-21 00:00:00+00:00,20.705,20.873,15.74,15.774,4733664.598,,,71.34054179746539,-0.2598301637161988,-0.03991725781446448,-0.21991290590173435
2021-06-22 00:00:00+00:00,15.787,17.2,13.93,16.421,6573754.006,,,72.45620670093344,-0.46782676279290314,-0.12549915881015222,-0.3423276039827509
2021-06-23 00:00:00+00:00,16.411,18.493,15.772,17.802,3802110.641,,,74.71847038204035,-0.5152904599294317,-0.2034574190340081,-0.3118330408954236
2021-06-24 00:00:00+00:00,17.804,18.601,16.611,18.051,2840757.25,,,75.11533431788709,-0.5267416134132716,-0.2681142579098608,-0.2586273555034108
2021-06-25 00:00:00+00:00,18.052,18.354,15.704,15.822,3191117.772,,,65.24205694060242,-0.70752252724348,-0.35599591177658463,-0.35152661546689534
2021-06-26 00:00:00+00:00,15.821,16.472,15.104,16.122,2113043.446,,,65.89186717745739,-0.8171654366290468,-0.44822981674707707,-0.36893561988196977
2021-06-27 00:00:00+00:00,16.119,17.101,15.617,17.097,1849690.818,,,67.98661670049196,-0.8159777965564388,-0.5217794127089495,-0.2941983838474893
2021-06-28 00:00:00+00:00,17.082,18.148,16.87,17.727,2122095.862,,,69.29867140187216,-0.7554920067952047,-0.5685219315262006,-0.1869700752690041
2021-06-29 00:00:00+00:00,17.734,19.189,17.66,18.652,2732626.335,,,71.1671729451825,-0.6257040859646636,-0.5799583624138932,-0.045745723550770445
2021-06-30 00:00:00+00:00,18.64,19.299,17.149,19.278,2596846.284,,,72.39176710701723,-0.4669505401747571,-0.557356797966066,0.09040625779130884
2021-07-01 00:00:00+00:00,19.279,19.288,17.544,17.779,2155310.322,,,65.24567411679483,-0.4568279554085919,-0.5372510294545711,0.08042307404597926
2021-07-02 00:00:00+00:00,17.781,18.262,16.939,18.213,1673825.913,,,66.28343103941228,-0.40907005617118486,-0.5116148347978939,0.10254477862670908
2021-07-03 00:00:00+00:00,18.216,19.559,17.789,19.474,1969946.1,,,69.16446451921036,-0.2663985390345154,-0.4625715756452182,0.19617303661070284
2021-07-04 00:00:00+00:00,19.474,21.498,18.931,20.757,3396421.138,,,71.80434003949661,-0.0492354012318863,-0.37990434076255186,0.33066893953066556
2021-07-05 00:00:00+00:00,20.751,20.906,19.068,20.063,3729063.072,,,68.3934780950691,0.06610592213178634,-0.2907022881836842,0.35680821031547055
2021-07-06 00:00:00+00:00,20.062,23.235,20.03,22.376,5911864.441,,,72.997326887507,0.3402325324921378,-0.16451532404851982,0.5047478565406576
2021-07-07 00:00:00+00:00,22.373,23.456,21.65,22.253,3088190.073,,,72.39343707575942,0.5413148336862399,-0.023349292501567878,0.5646641261878078
2021-07-08 00:00:00+00:00,22.254,22.311,19.908,20.353,3124268.554,18.7239,,63.635826885338524,0.541122165576926,0.08954499911413091,0.4515771664627951
2021-07-09 00:00:00+00:00,20.342,21.686,19.78,20.986,2534220.366,18.7852,,65.14849196542553,0.5853003069092146,0.18869606067314768,0.39660424623606694
2021-07-10 00:00:00+00:00,20.978,21.515,19.95,20.244,1405443.519,18.7622,,61.89813181508594,0.5540518386435203,0.2617672162672222,0.29228462237629804
2021-07-11 00:00:00+00:00,20.245,20.947,19.98,20.7,1315491.272,19.0085,,63.1160284125795,0.5596315077955438,0.32134007457288655,0.23829143322265728
2021-07-12 00:00:00+00:00,20.7,21.45,19.205,19.528,1844838.187,19.16385,,57.985837430450715,0.4641325989226779,0.34989857944284486,0.11423401947983303
2021-07-13 00:00:00+00:00,19.531,19.738,18.172,18.47,2357239.528,19.19725,,53.73935747092641,0.2996233956869858,0.3398435426916731,-0.04022014700468729
2021-07-14 00:00:00+00:00,18.461,18.542,16.721,17.885,4782786.984,19.18895,,51.49383570019476,0.12065324049449444,0.2960054822522374,-0.17535224175774294
2021-07-15 00:00:00+00:00,17.889,18.389,16.797,17.068,3278504.789,19.25125,,48.44902223784492,-0.08611429694115458,0.219581526413559,-0.30569582335471357
2021-07-16 00:00:00+00:00,17.07,17.6,15.918,16.337,2512504.072,19.262,,45.837428051084856,-0.3054436861349963,0.11457648390384795,-0.42002017003884423
2021-07-17 00:00:00+00:00,16.353,16.744,15.928,16.098,2244463.838,19.212049999999998,,44.98365850927044,-0.49286763851039694,-0.006912340579001031,-0.4859552979313959
2021-07-18 00:00:00+00:00,16.112,17.168,16.024,16.305,2646507.712,19.14095,,45.92314166238059,-0.6175802207018357,-0.12904591660356798,-0.4885343040982677
2021-07-19 00:00:00+00:00,16.311,16.791,15.398,15.742,3004534.037,18.995449999999998,,43.73560586062898,-0.7531632384221716,-0.2538693809672887,-0.49929385745488286
2021-07-20 00:00:00+00:00,15.735,15.97,14.394,14.554,3276914.078,18.75925,,39.46376714398322,-0.9455754233777363,-0.39221058944937826,-0.553364833928358
2021-07-21 00:00:00+00:00,14.569,16.876,14.013,16.727,3689271.238,18.706650000000003,,49.23165520083379,-0.9122051930907524,-0.49620951017765313,-0.4159956829130993
2021-07-22 00:00:00+00:00,16.727,17.617,16.066,17.579,2957017.843,18.674950000000003,,52.469962027551965,-0.8076991130301217,-0.5585074307481468,-0.24919168228197486
2021-07-23 00:00:00+00:00,17.572,18.692,16.933,18.603,2570278.497,18.631400000000003,,56.09477993428939,-0.634929972093385,-0.5737919390171945,-0.06113803307619048
2021-07-24 00:00:00+00:00,18.6,18.941,18.031,18.239,2296503.764,18.5055,,54.50356426193369,-0.5213709018769315,-0.5633077315891419,0.041936829712210466
2021-07-25 00:00:00+00:00,18.243,18.446,17.242,18.285,1820324.297,18.4166,,54.67852948032192,-0.4227890559594556,-0.5352039964632047,0.11241494050374912
2021-07-26 00:00:00+00:00,18.273,20.319,18.174,18.527,4348247.683,18.22415,,55.64493583715638,-0.32142961478810506,-0.4924491201281848,0.17101950534007976
2021-07-27 00:00:00+00:00,18.525,19.245,17.67,18.887,2480974.86,18.05585,,57.11008809156778,-0.20963598293262464,-0.4358864926890728,0.22625050975644817
2021-07-28 00:00:00+00:00,18.89,19.467,18.52,19.065,2170430.677,17.99145,,57.851440104809,-0.1054599353771053,-0.3698011812266793,0.264341245849574
2021-07-29 00:00:00+00:00,19.061,19.808,18.571,19.58,1868109.678,17.92115,,60.00542339894078,0.018443918808866755,-0.2921521612195701,0.31059608002843686
2021-07-30 00:00:00+00:00,19.576,21.064,19.34,20.917,3593897.692,17.9548,,65.00541524703887,0.22196467158923028,-0.18932879465781005,0.41129346624704033
2021-07-31 00:00:00+00:00,20.919,21.954,20.672,21.767,2671808.162,18.00815,,67.76455714191177,0.4466950087067296,-0.06212403398490213,0.5088190426916317
2021-08-01 00:00:00+00:00,21.764,23.22,21.546,21.979,3359665.109,18.1307,,68.43306606878426,0.6345869251525578,0.07721815784258985,0.5573687673099679
2021-08-02 00:00:00+00:00,21.976,23.099,21.391,22.382,2704014.132,18.3263,,69.71865634934204,0.8067120799160676,0.2231169422572854,0.5835951376587822
2021-08-03 00:00:00+00:00,22.382,22.74,20.624,21.326,3057063.711,18.49835,,62.53216065829767,0.8481353541049579,0.3481206246268199,0.500014729478138
2021-08-04 00:00:00+00:00,21.339,23.731,20.767,23.536,2980641.044,18.82175,,69.59561870569009,1.0472204224397892,0.4879405841894138,0.5592798382503754
2021-08-05 00:00:00+00:00,23.53,25.579,22.057,25.44,3892635.146,19.2769,,74.12197913263236,1.3431506563495326,0.6589825986214376,0.684168057728095
2021-08-06 00:00:00+00:00,25.431,27.005,24.536,26.178,2830769.772,19.780900000000003,,75.6360124523811,1.6185700629016146,0.850900091477473,0.7676699714241416
2021-08-07 00:00:00+00:00,26.178,29.0,25.8,28.3,4007794.406,20.38065,,79.37294531367827,1.9851856086287292,1.0777571949077243,0.9074284137210049
2021-08-08 00:00:00+00:00,28.302,28.703,25.949,26.722,2475928.856,20.929650000000002,,70.6899261941963,2.1239164708522047,1.2869890500966203,0.8369274207555844
2021-08-09 00:00:00+00:00,26.697,28.78,25.378,28.352,2965035.961,21.61955,,73.86977649248354,2.338433055547501,1.4972778511867966,0.8411552043607045
2021-08-10 00:00:00+00:00,28.351,30.212,28.165,28.755,3851371.432,22.22095,,74.60339052282588,2.5120009432085126,1.7002224695911399,0.8117784736173728
2021-08-11 00:00:00+00:00,28.756,30.426,28.725,28.95,2863582.29,22.789499999999997,,74.96958085543491,2.6349159441599213,1.8871611645048962,0.747754779655025
2021-08-12 00:00:00+00:00,28.938,29.898,26.861,28.087,2795747.688,23.263700000000004,,70.14885340536887,2.632346033860774,2.036198138376072,0.5961478954847017
2021-08-13 00:00:00+00:00,28.092,30.617,27.845,30.507,2444678.043,23.877100000000002,,75.00292279970685,2.7933827590239915,2.187635062505656,0.6057476965183355
2021-08-14 00:00:00+00:00,30.514,30.65,28.676,30.11,2362628.663,24.46835,,72.90841283085544,2.856048196014843,2.3213176892074934,0.5347305068073496
2021-08-15 00:00:00+00:00,30.113,30.456,28.28,30.239,2278033.949,25.05395,,73.17059262052032,2.8828880888593567,2.4336317691378664,0.44925631972149027
2021-08-16 00:00:00+00:00,30.239,31.257,28.992,29.072,2815461.956,25.563200000000002,,66.86627983563307,2.7779690523260356,2.5024992257755003,0.2754698265505353
2021-08-17 00:00:00+00:00,29.072,30.809,25.882,26.416,3570773.107,25.93075,20.882033333333332,55.207764691530365,2.4522351171238483,2.49244640404517,-0.04021128692132159
2021-08-18 00:00:00+00:00,26.404,27.35,25.37,26.313,3781661.929,26.2674,20.991249999999997,54.80866705378545,2.1608682434796975,2.4261307719320753,-0.26526252845237774
2021-08-19 00:00:00+00:00,26.319,27.99,25.306,27.962,2838095.207,26.61965,21.11221666666667,59.81696178491291,2.039508234288647,2.3488062644033896,-0.3092980301147428
2021-08-20 00:00:00+00:00,27.959,29.233,27.514,28.886,2616101.383,26.975599999999996,21.330750000000002,62.33579565020564,1.9948927486342463,2.278023561249561,-0.2831308126153149
2021-08-21 00:00:00+00:00,28.887,29.724,28.175,28.237,2358606.712,27.288500000000006,21.527683333333332,59.51395196608028,1.8854316957866715,2.1995051881569836,-0.3140734923703121
2021-08-22 00:00:00+00:00,28.229,29.2,27.113,28.4,1948915.56,27.5894,21.704316666666667,60.00366674932465,1.7911880595581025,2.1178417624372075,-0.326653702879105
2021-08-23 00:00:00+00:00,28.4,29.627,28.363,28.8,2289290.628,27.963099999999997,21.883466666666667,61.242604492468026,1.728846885196024,2.040042786988971,-0.3111959017929471
2021-08-24 00:00:00+00:00,28.79,29.236,26.5,26.609,2151595.884,28.116750000000003,22.063249999999996,51.78096282442457,1.4855214991836156,1.9291385294279002,-0.44361703024428456
2021-08-25 00:00:00+00:00,26.614,27.455,25.68,27.064,1871023.847,28.19795,22.245616666666667,53.39135991968626,1.314249228100575,1.8061606691624355,-0.49191144106186036
2021-08-26 00:00:00+00:00,27.052,27.669,25.02,25.51,1862336.279,28.16455,22.38583333333333,47.55029586355688,1.0411185401796708,1.6531522433658825,-0.6120337031862118
2021-08-27 00:00:00+00:00,25.52,27.478,25.02,27.41,1901520.921,28.120050000000003,22.547216666666667,54.15429372076022,0.9668296132880236,1.515887717350311,-0.5490581040622873
2021-08-28 00:00:00+00:00,27.43,27.6,26.62,26.81,1118897.776,28.124450000000003,22.683183333333332,51.9306265901833,0.8497447889337337,1.3826591316669956,-0.5329143427332619
2021-08-29 00:00:00+00:00,26.84,27.67,26.15,26.78,1549825.926,28.045849999999994,22.808216666666667,51.81606053497644,0.7459348007480813,1.2553142654832128,-0.5093794647351315
2021-08-30 00:00:00+00:00,26.8,28.22,25.55,26.84,2436669.417,27.9501,22.959233333333334,52.043932364824634,0.6608878322180338,1.136428978830177,-0.4755411466121431
2021-08-31 00:00:00+00:00,26.84,29.79,26.15,29.38,4325565.565,27.971600000000002,23.14535,60.54957563205053,0.7893451892703567,1.067012220918213,-0.2776670316478562
2021-09-01 00:00:00+00:00,29.37,31.385,28.69,31.35,4806428.845,28.134750000000004,23.343283333333332,65.63979541026774,1.0381440281088388,1.0612385823563382,-0.0230945542474994
2021-09-02 00:00:00+00:00,31.33,31.41,29.48,29.93,2046183.925,28.1059,23.496166666666667,59.66389616473781,1.1079648388442997,1.0705838336539304,0.037381005190369354
2021-09-03 00:00:00+00:00,29.93,31.21,28.31,28.65,6213970.64,28.032899999999994,23.63928333333333,54.819112832832154,1.04793311120007,1.0660536891631582,-0.01812057796308819
2021-09-04 00:00:00+00:00,28.66,29.48,28.2,28.56,2175242.4,27.948950000000004,23.74235,54.484108962050364,0.98177796149362,1.0491985436292506,-0.06742058213563062
2021-09-05 00:00:00+00:00,28.57,29.5,28.25,29.37,1844290.25,27.96385,23.860966666666666,57.029283723620836,0.9833740355242568,1.0360336420082519,-0.052659606483995036
2021-09-06 00:00:00+00:00,29.35,30.3,28.11,28.84,3797456.43,28.085050000000003,24.002416666666665,54.8673418485194,0.9311387768813084,1.0150546689828632,-0.08391589210155481
2021-09-07 00:00:00+00:00,28.84,29.33,21.0,24.32,8621704.918,27.9854,24.057983333333333,40.697595014472306,0.5190326480085581,0.9158502647880022,-0.39681761677944416
2021-09-08 00:00:00+00:00,24.34,24.98,21.35,23.15,4662434.29,27.744799999999998,24.106416666666668,37.964481006951,0.09690924050986638,0.7520620599323752,-0.6551528194225088
2021-09-09 00:00:00+00:00,23.15,24.73,22.71,23.32,3345222.86,27.466500000000003,24.150083333333335,38.60959614879285,-0.2213573521516139,0.5573781775155774,-0.7787355296671913
2021-09-10 00:00:00+00:00,23.31,24.26,21.4,22.31,2591885.65,27.170149999999996,24.196450000000002,36.20094523655634,-0.5487587298533256,0.3361507960417968,-0.8849095258951225
2021-09-11 00:00:00+00:00,22.3,23.91,22.23,22.73,1530804.49,26.886649999999996,24.26745,37.93490349272139,-0.7655118465158814,0.11581826753026117,-0.8813301140461426
2021-09-12 00:00:00+00:00,22.73,24.28,22.16,23.74,2233078.66,26.63365,24.365033333333333,42.01610945289673,-0.8460390821174215,-0.07655320239927538,-0.7694858797181461
2021-09-13 00:00:00+00:00,23.74,24.05,21.37,22.66,2501947.16,26.436199999999996,24.458233333333336,39.05848178443794,-0.9856425962540385,-0.258371081170228,-0.7272715150838105
2021-09-14 00:00:00+00:00,22.66,25.93,22.47,25.68,3503337.11,26.367,24.61395,49.71740266325596,-0.8428744936972095,-0.3752717636756243,-0.46760273002158514
2021-09-15 00:00:00+00:00,25.67,27.47,24.69,27.47,3780994.68,26.464999999999996,24.80348333333333,54.76730735786752,-0.578621712563546,-0.41594175345320866,-0.16267995911033734
2021-09-16 00:00:00+00:00,27.48,27.62,25.22,26.23,3604414.07,26.406,24.9689,50.94995195654437,-0.46390945711621967,-0.4255352941858109,-0.038374162930408795
2021-09-17 00:00:00+00:00,26.24,26.4,24.0,24.32,2953068.27,26.2815,25.11186666666667,45.66957920261924,-0.5211131378100085,-0.4446508629106504,-0.07646227489935803
2021-09-18 00:00:00+00:00,24.33,25.22,23.93,24.54,1340393.94,26.1695,25.2783,46.35916816835641,-0.5424423675523187,-0.46420916383898414,-0.07823320371333453
2021-09-19 00:00:00+00:00,24.53,24.65,23.5,23.87,1100345.52,26.020999999999997,25.39735,44.50645968795588,-0.6064189165806013,-0.49265111438730763,-0.11376780219329369
2021-09-20 00:00:00+00:00,23.89,23.99,20.38,20.9,3352033.839,25.597,25.4527,37.37581969415849,-0.8865553134935809,-0.5714319542085623,-0.31512335928501856
2021-09-21 00:00:00+00:00,20.89,21.64,18.33,19.06,3710637.736,24.982499999999998,25.460316666666664,33.76640829158609,-1.2427128288699194,-0.7056881291408338,-0.5370246997290856
2021-09-22 00:00:00+00:00,19.07,21.66,18.85,21.62,2854102.75,24.567,25.516666666666666,42.13863804061612,-1.3033751234938862,-0.8252255280114443,-0.47814959548244185
2021-09-23 00:00:00+00:00,21.62,21.84,20.88,21.5,1648480.95,24.2095,25.570249999999998,41.87145624718926,-1.3456219341138755,-0.9293048092319307,-0.41631712488194483
2021-09-24 00:00:00+00:00,21.5,21.63,18.17,19.65,3288006.949,23.764,25.588966666666668,37.88348967489442,-1.5109649118461874,-1.0456368297547822,-0.4653280820914052
2021-09-25 00:00:00+00:00,19.65,20.1,18.94,19.47,1934554.35,23.269,25.598683333333334,37.50915830572445,-1.6376471318718302,-1.164038890178192,-0.47360824169363824
2021-09-26 00:00:00+00:00,19.47,24.76,17.73,24.04,12451857.696,23.029,25.6816,50.80113828159043,-1.3536785335230128,-1.2019668188471562,-0.15171171467585665
2021-09-27 00:00:00+00:00,24.04,26.03,22.26,22.38,8594553.61,22.932,25.72826666666667,46.89891039436926,-1.2481911298762398,-1.211211681052973,-0.03697944882326687
2021-09-28 00:00:00+00:00,22.39,25.0,22.15,23.07,8626875.1,22.928,25.764149999999997,48.66407913410116,-1.0962771682740495,-1.1882247784971884,0.09194761022313891
2021-09-29 00:00:00+00:00,23.07,24.28,22.31,23.01,4862691.46,22.9125,25.78486666666667,48.513061271804666,-0.9695493958703558,-1.1444897019718219,0.17494030610146605
2021-09-30 00:00:00+00:00,23.01,23.96,22.62,23.53,3025569.37,22.973499999999998,25.810716666666668,49.962345381292494,-0.817730777652411,-1.0791379171079398,0.26140713945552885
2021-10-01 00:00:00+00:00,23.53,25.85,23.48,25.64,4261740.78,23.119,25.86501666666667,55.44304228351942,-0.5211466092178156,-0.967539655529915,0.4463930463120994
2021-10-02 00:00:00+00:00,25.63,27.23,25.35,26.15,3780085.0,23.2395,25.945416666666667,56.678187062314244,-0.24215734210560313,-0.8224631928450528,0.5803058507394496
2021-10-03 00:00:00+00:00,26.14,26.61,25.61,26.0,2177236.06,23.4065,25.986483333333332,56.184868483577105,-0.0327821916090798,-0.6645269925978582,0.6317448009887784
2021-10-04 00:00:00+00:00,26.01,26.02,24.22,25.34,2515850.29,23.389499999999998,25.98481666666667,53.9594268466712,0.07898218204613627,-0.5158251576690593,0.5948073397151956
2021-10-05 00:00:00+00:00,25.33,25.9,24.56,25.64,2093873.68,23.298000000000002,25.975849999999998,54.83513532905032,0.18957840434527995,-0.3747444452661915,0.5643228496114714
2021-10-06 00:00:00+00:00,25.64,26.04,23.79,25.25,2400309.01,23.249000000000002,25.925016666666668,53.4128312044473,0.24295631749309976,-0.25120429271433325,0.494160610207433
2021-10-07 00:00:00+00:00,25.24,26.3,24.44,25.52,2190026.23,23.309,25.904983333333334,54.29665437564192,0.3035463483924623,-0.14025416449297415,0.4438005128854364
2021-10-08 00:00:00+00:00,25.53,26.1,24.62,24.76,1906592.17,23.32,25.845116666666666,51.34393144719996,0.28693117204988283,-0.05481709718440276,0.3417482692342856
2021-10-09 00:00:00+00:00,24.77,25.95,24.53,25.12,1342879.99,23.3825,25.784533333333336,52.65726947825781,0.2993616615586916,0.01601865456421611,0.28334300699447545
2021-10-10 00:00:00+00:00,25.15,26.0,24.08,24.17,2048362.62,23.546,25.704866666666664,48.905765952993335,0.22990564437546368,0.05879605252646563,0.17110959184899804
2021-10-11 00:00:00+00:00,24.15,25.13,23.5,24.16,1704951.76,23.801,25.639416666666666,48.86630045723228,0.1720708087546967,0.08145100377211184,0.09061980498258487
2021-10-12 00:00:00+00:00,24.16,24.18,22.3,23.46,1765179.48,23.893,25.521966666666668,46.06407803231758,0.0689572388665809,0.07895225079100565,-0.009995011924424757
2021-10-13 00:00:00+00:00,23.47,25.8,23.13,24.68,5582615.3,24.052,25.43146666666667,51.305177526198705,0.08470635375347868,0.08010307138350026,0.004603282369978423
2021-10-14 00:00:00+00:00,24.7,27.0,24.52,26.43,3397885.31,24.391000000000002,25.36798333333333,57.66069508121459,0.23568122890698717,0.11121870288819764,0.12446252601878953
2021-10-15 00:00:00+00:00,26.44,26.86,25.34,25.9,3090078.11,24.7125,25.315116666666665,55.30637329906542,0.30900135925339356,0.15077523416123684,0.15822612509215672
2021-10-16 00:00:00+00:00,25.88,27.99,25.73,27.06,3331454.33,24.863500000000002,25.32585,59.2300476393327,0.4554601353452661,0.21171221439804272,0.24374792094722336
2021-10-17 00:00:00+00:00,27.06,27.14,25.0,25.91,2293362.81,25.04,25.319133333333337,54.15424852885323,0.47327871906003693,0.2640255153304416,0.20925320372959533
2021-10-18 00:00:00+00:00,25.92,26.24,24.85,25.64,1466133.78,25.1685,25.28043333333333,53.00573578634273,0.46030719668203446,0.30328185160076016,0.1570253450812743
2021-10-19 00:00:00+00:00,25.64,26.31,25.23,26.02,1374496.5,25.319,25.232666666666663,54.469301128338614,0.4752120472783936,0.33766789073628684,0.13754415654210678
2021-10-20 00:00:00+00:00,26.03,27.14,25.5,27.12,1831462.0,25.4985,25.21405,58.49855179182104,0.5692234026199472,0.3839789931130189,0.18524440950692828
2021-10-21 00:00:00+00:00,27.12,27.76,25.72,26.11,2192307.21,25.522,25.17588333333333,53.791519737112274,0.5558223459488616,0.4183476636801875,0.1374746822686741
2021-10-22 00:00:00+00:00,26.1,26.86,25.33,25.63,1449568.95,25.496000000000002,25.12305,51.66390110700003,0.5006981864948834,0.4348177682431267,0.06588041825175672
2021-10-23 00:00:00+00:00,25.63,26.89,25.26,26.84,1344506.76,25.538,25.1269,56.3507950296301,0.5483279967631915,0.4575198139471397,0.09080818281605185
2021-10-24 00:00:00+00:00,26.85,27.25,25.35,25.79,1501331.61,25.5605,25.105666666666664,51.66880428096689,0.4956353638194102,0.46514292392159384,0.03049243989781636
2021-10-25 00:00:00+00:00,25.78,26.76,25.69,26.75,1270995.28,25.615999999999996,25.12633333333333,55.3236947813952,0.5252848922672264,0.4771713175907204,0.04811357467650601
2021-10-26 00:00:00+00:00,26.75,28.3,26.09,26.55,3639235.64,25.681,25.112000000000002,54.40070936474707,0.5265740112247208,0.4870518563175205,0.03952215490720029
2021-10-27 00:00:00+00:00,26.57,28.31,23.5,24.17,4583819.91,25.6135,25.067999999999998,44.81837332211164,0.33172561141962476,0.4559866073379414,-0.12426099591831663
2021-10-28 00:00:00+00:00,24.16,25.37,23.91,24.89,2600717.48,25.619999999999997,25.0365,47.81317411838932,0.23272215731113732,0.4113337173325806,-0.1786115600214433
2021-10-29 00:00:00+00:00,24.9,25.81,24.66,25.53,1606744.24,25.640500000000003,25.014666666666663,50.39050630187634,0.20355737523398787,0.3697784489128621,-0.16622107367887423
2021-10-30 00:00:00+00:00,25.54,25.6,24.4,24.91,1127205.87,25.6775,24.940166666666666,47.92142366950834,0.12892904311959796,0.3216085677542093,-0.19267952463461135
2021-10-31 00:00:00+00:00,24.91,25.28,23.99,24.98,1219438.8,25.7185,24.834000000000003,48.229854174431786,0.074574320886164,0.27220171838060025,-0.19762739749443625
2021-11-01 00:00:00+00:00,24.99,26.46,24.13,25.62,2194938.19,25.8265,24.762166666666666,51.08238355477752,0.08219299354217213,0.23419997341291462,-0.1520069798707425
2021-11-02 00:00:00+00:00,25.61,26.31,25.14,26.18,1527314.85,25.9015,24.721,53.49687469191697,0.13189773145167294,0.21373952502066632,-0.08184179356899338
2021-11-03 00:00:00+00:00,26.17,27.07,25.34,26.89,2814244.55,25.924500000000002,24.693166666666666,56.432989880940504,0.22597525851521993,0.21618667171957706,0.009788586795642873
2021-11-04 00:00:00+00:00,26.89,27.46,25.24,25.73,2787074.81,25.916000000000004,24.6325,50.79065234204817,0.20457189358193162,0.21386371609204796,-0.009291822510116343
2021-11-05 00:00:00+00:00,25.72,26.12,25.26,25.57,2024809.25,25.841500000000003,24.578,50.047369790287206,0.17270803907770826,0.20563258068918006,-0.03292454161147179
2021-11-06 00:00:00+00:00,25.58,25.79,24.41,25.16,1363847.43,25.804000000000002,24.592,48.104668920488876,0.11306874521738663,0.18711981359482138,-0.07405106837743475
2021-11-07 00:00:00+00:00,25.16,25.5,24.96,25.33,1003251.62,25.7885,24.62833333333333,48.988846640942185,0.0786155235864534,0.1654189555931478,-0.08680343200669438
2021-11-08 00:00:00+00:00,25.33,26.4,25.21,26.25,2478790.13,25.8,24.67716666666667,53.59655606694803,0.12411666876350935,0.1571584982272201,-0.03304182946371076
2021-11-09 00:00:00+00:00,26.25,27.8,25.82,26.36,3830667.58,25.762,24.744666666666667,54.13006003441049,0.16712620793341415,0.15915204016845894,0.007974167764955215
2021-11-10 00:00:00+00:00,26.37,28.48,24.02,25.26,5766191.73,25.7195,24.786833333333334,48.16635805319555,0.11116928041202101,0.14955548821717135,-0.03838620780515034
2021-11-11 00:00:00+00:00,25.26,26.12,24.9,25.38,1891206.97,25.707,24.814166666666665,48.8286922586164,0.0756341459674914,0.13477121976723538,-0.05913707379974398
2021-11-12 00:00:00+00:00,25.38,25.7,23.89,24.56,1826909.1,25.593,24.845833333333335,44.631805904628415,-0.018481804334836482,0.10412061494682101,-0.1226024192816575
2021-11-13 00:00:00+00:00,24.57,24.82,24.16,24.65,953384.07,25.535999999999998,24.828666666666667,45.18865296581858,-0.08482926620321862,0.06633063871681308,-0.1511599049200317
2021-11-14 00:00:00+00:00,24.66,25.02,24.01,24.57,939318.21,25.427,24.780333333333335,44.75775344237226,-0.14222594696957458,0.02461932157953555,-0.16684526854911014
2021-11-15 00:00:00+00:00,24.57,25.9,23.73,24.0,1959952.97,25.2995,24.74316666666667,41.70622742335113,-0.23104413335951435,-0.026513369408274434,-0.20453076395123992
2021-11-16 00:00:00+00:00,24.0,24.0,20.34,21.68,4692657.9,25.175,24.699166666666663,32.11023163218907,-0.48306927502275343,-0.11782455053117025,-0.3652447244915832
2021-11-17 00:00:00+00:00,21.69,21.95,21.04,21.88,1684296.15,25.024499999999996,24.654833333333332,33.53007688035079,-0.6590653914253153,-0.22607271870999926,-0.43299267271531605
2021-11-18 00:00:00+00:00,21.86,22.25,19.57,20.09,2178936.56,24.7525,24.591833333333334,27.905021898910817,-0.9322353926931299,-0.3673052535066254,-0.5649301391865045
2021-11-19 00:00:00+00:00,20.09,21.31,19.77,21.2,1248029.43,24.567,24.596833333333333,35.1683239188677,-1.047086699752608,-0.5032615427558219,-0.5438251569967861
2021-11-20 00:00:00+00:00,21.2,22.03,20.92,22.02,1230995.19,24.419,24.646166666666666,39.979018022229624,-1.0597242001581506,-0.6145540742362877,-0.4451701259218629
2021-11-21 00:00:00+00:00,22.03,22.17,21.38,21.62,896799.46,24.219,24.64616666666667,38.47907108844804,-1.0894575785367593,-0.7095347750963821,-0.3799228034403772
2021-11-22 00:00:00+00:00,21.62,22.31,20.72,20.95,1865975.43,23.9575,24.637,36.03998111250625,-1.1537847829241379,-0.7983847766619332,-0.3554000062622047
2021-11-23 00:00:00+00:00,20.96,22.34,20.76,22.2,1361092.98,23.723000000000003,24.6795,43.26551958206287,-1.091319945530504,-0.8569718104356474,-0.23434813509485664
2021-11-24 00:00:00+00:00,22.21,22.31,20.53,20.8,1368958.45,23.476499999999998,24.701666666666664,38.077172388082886,-1.1416244752587907,-0.9139023434002761,-0.22772213185851464
2021-11-25 00:00:00+00:00,20.8,21.65,20.57,21.39,1388461.25,23.267500000000002,24.657500000000002,41.27335062005583,-1.1209613635044917,-0.9553141474211193,-0.1656472160833724
2021-11-26 00:00:00+00:00,21.4,21.45,18.71,19.27,1957267.01,22.973,24.605666666666664,34.40212759839689,-1.2611146364775756,-1.0164742452324107,-0.2446403912451649
2021-11-27 00:00:00+00:00,19.25,20.16,19.22,19.49,837834.92,22.681,24.546,35.60030095753224,-1.3389997975080234,-1.0809793556875333,-0.2580204418204901
2021-11-28 00:00:00+00:00,19.49,20.26,18.47,20.12,1453479.11,22.3745,24.497833333333332,39.03443363446783,-1.33450526785942,-1.1316845381219107,-0.2028207297375093
2021-11-29 00:00:00+00:00,20.12,20.48,19.6,20.26,1139685.58,22.069499999999998,24.44333333333333,39.80264863804699,-1.3046077843129744,-1.1662691873601236,-0.13833859695285078
2021-11-30 00:00:00+00:00,20.26,21.48,19.55,21.25,1697883.41,21.869,24.370166666666663,45.073402231104275,-1.187342145815748,-1.1704837790512486,-0.016858366764499477
2021-12-01 00:00:00+00:00,21.25,22.3,20.77,20.95,1865023.7,21.6475,24.2835,43.82126764843689,-1.1058680171262907,-1.157560626666257,0.05169260953996635
2021-12-02 00:00:00+00:00,20.95,23.05,20.51,22.44,4262256.77,21.5415,24.22416666666667,51.0888249301793,-0.9105721269322586,-1.1081629267194573,0.19759079978719862
2021-12-03 00:00:00+00:00,22.41,23.03,19.26,19.96,2887521.15,21.307000000000002,24.1345,41.472181660152785,-0.9450203938522392,-1.0755344201460137,0.1305140262937745
2021-12-04 00:00:00+00:00,19.95,20.03,13.18,17.19,7587852.105,20.938000000000002,23.99366666666667,33.815707196907354,-1.1822089745576072,-1.0968693310283324,-0.08533964352927481
2021-12-05 00:00:00+00:00,17.18,17.48,15.88,16.53,2258446.65,20.564500000000002,23.848333333333336,32.28624635552394,-1.4072175893603038,-1.1589389826947267,-0.2482786066655771
2021-12-06 00:00:00+00:00,16.54,17.5,15.17,17.3,2275551.62,20.3455,23.711333333333336,35.92727865026126,-1.5060452210221271,-1.2283602303602068,-0.2776849906619203
2021-12-07 00:00:00+00:00,17.3,17.66,16.92,17.14,1715523.25,20.1085,23.584333333333337,35.50011786357908,-1.5790749014292906,-1.2985031645740237,-0.28057173685526693
2021-12-08 00:00:00+00:00,17.15,18.75,16.96,18.73,2080951.57,20.0405,23.47783333333333,42.78077904557071,-1.4914591250938294,-1.337094356677985,-0.15436476841584446
2021-12-09 00:00:00+00:00,18.73,18.77,16.11,16.17,2103223.72,19.789,23.3445,35.77820145916198,-1.6100341251148294,-1.391682310365354,-0.2183518147494754
2021-12-10 00:00:00+00:00,16.17,16.53,15.09,15.15,2357332.34,19.445500000000003,23.194333333333336,33.43022655820137,-1.7659543202866743,-1.466536712349618,-0.2994176079370563
2021-12-11 00:00:00+00:00,15.14,16.74,14.94,15.9,1949767.09,19.1595,23.06833333333333,36.71871276618889,-1.8081601219707473,-1.534861394273844,-0.2732987276969032
2021-12-12 00:00:00+00:00,15.9,16.19,15.27,16.0,991330.38,18.912,22.923666666666666,37.164418279093276,-1.812644324179395,-1.5904179802549545,-0.22222634392444052
2021-12-13 00:00:00+00:00,16.0,16.09,13.76,14.16,1984501.11,18.509999999999998,22.71916666666667,32.6128233438307,-1.942281299423449,-1.6607906440886535,-0.28149065533479556
2021-12-14 00:00:00+00:00,14.16,15.08,13.91,15.0,1352106.29,18.220000000000002,22.5375,36.43989853036,-1.9547059233391764,-1.719573699938758,-0.23513222340041828
2021-12-15 00:00:00+00:00,14.98,15.52,14.15,15.19,2194474.09,17.91,22.33966666666667,37.30719274385419,-1.9270077691610226,-1.7610605137832112,-0.1659472553778114
2021-12-16 00:00:00+00:00,15.19,15.37,14.34,14.42,2163655.41,17.6675,22.148166666666665,35.210312836361354,-1.9447712350423991,-1.797802658035049,-0.1469685770073501
2021-12-17 00:00:00+00:00,14.41,15.1,13.67,14.97,1789860.25,17.441499999999998,21.970333333333333,37.8954178718964,-1.8926512013592323,-1.8167723666998858,-0.07587883465934642
2021-12-18 00:00:00+00:00,14.97,16.1,14.67,15.56,2701601.97,17.2135,21.796000000000003,40.732962002266035,-1.7831822154096422,-1.810054336441837,0.02687212103219494
2021-12-19 00:00:00+00:00,15.57,15.97,14.83,14.97,1589950.01,16.949,21.5935,38.822714828656956,-1.7241602780940397,-1.7928755247722779,0.06871524667823814
2021-12-20 00:00:00+00:00,14.96,15.17,13.96,14.51,1821301.19,16.612000000000002,21.400166666666667,37.35193657289206,-1.6949646260308864,-1.7732933450239998,0.07832871899311344
2021-12-21 00:00:00+00:00,14.51,15.1,14.31,15.05,1098347.03,16.317,21.223833333333335,40.21527163034113,-1.6096977803856127,-1.7405742320963224,0.13087645171070972
2021-12-22 00:00:00+00:00,15.05,18.0,14.96,16.23,2472751.55,16.0065,21.047000000000004,46.02106726262734,-1.4304180833087141,-1.6785430023388008,0.2481249190300867
2021-12-23 00:00:00+00:00,16.22,18.26,15.92,18.17,4136178.14,15.916999999999998,20.92,53.94051609758329,-1.1188978866438042,-1.5666139791998015,0.4477160925559973
2021-12-24 00:00:00+00:00,18.18,18.29,17.23,17.49,2297059.66,15.931999999999999,20.765666666666668,51.109982821053784,-0.9163233976710785,-1.436555862894057,0.5202324652229784
2021-12-25 00:00:00+00:00,17.51,17.84,17.07,17.46,1217142.43,15.9785,20.614166666666666,50.98287434564156,-0.7495619217218383,-1.2991570746596133,0.549595152937775
2021-12-26 00:00:00+00:00,17.47,18.79,16.71,18.66,1838091.86,16.0465,20.522333333333336,55.72597612780724,-0.5146398317704772,-1.1422536260817862,0.6276137943113089
2021-12-27 00:00:00+00:00,18.65,20.07,18.53,19.12,2679418.19,16.145500000000002,20.426166666666667,57.42662235387641,-0.2880240652072139,-0.9714077139068718,0.6833836486996578
2021-12-28 00:00:00+00:00,19.13,19.92,17.72,18.39,4013857.2,16.1285,20.307166666666667,53.88897438001342,-0.1654273926552854,-0.8102116496565545,0.6447842570012691
2021-12-29 00:00:00+00:00,18.4,19.5,16.87,17.13,3638665.39,16.176499999999997,20.1775,48.35227867449295,-0.16800347663704684,-0.681770015052653,0.5137665384156062
2021-12-30 00:00:00+00:00,17.12,17.91,16.71,17.8,1609634.43,16.309,20.05783333333333,51.222149420669595,-0.11465991307133905,-0.5683479946563902,0.45368808158505114
2021-12-31 00:00:00+00:00,17.8,18.65,16.77,17.0,2203063.81,16.364,19.914166666666667,47.80631868624926,-0.13537752095494326,-0.4817538999161008,0.3463763789611575
2022-01-01 00:00:00+00:00,17.01,17.57,16.79,17.48,1236062.74,16.438000000000002,19.769166666666663,49.96242766362626,-0.11177590296112783,-0.40775830052510625,0.2959823975639784
2022-01-02 00:00:00+00:00,17.48,18.5,17.04,18.4,1239824.76,16.65,19.627666666666666,53.89379336175613,-0.01862049395787224,-0.32993073921165944,0.3113102452537872
2022-01-03 00:00:00+00:00,18.39,19.18,17.84,18.46,2377836.01,16.823,19.506500000000003,54.146819150713696,0.05936303724363157,-0.25207198392060126,0.31143502116423283
2022-01-04 00:00:00+00:00,18.47,19.15,17.68,18.21,2349174.13,16.974,19.38383333333333,52.84549114704616,0.09984172365798472,-0.18168924240488407,0.28153096606286876
2022-01-05 00:00:00+00:00,18.21,19.87,16.31,17.11,4464972.53,17.1085,19.249666666666666,47.442673152442204,0.04266870904064746,-0.13681765211577776,0.17948636115642522
2022-01-06 00:00:00+00:00,17.12,17.26,16.08,17.06,2682869.44,17.213,19.111833333333333,47.20642116083047,-0.00659982046342833,-0.11077408578530788,0.10417426532187955
2022-01-07 00:00:00+00:00,17.07,17.16,15.23,15.76,2769810.35,17.223000000000003,18.937,41.42976138055749,-0.1488290122918201,-0.11838507108661034,-0.030443941205209768
2022-01-08 00:00:00+00:00,15.77,16.2,14.53,14.92,1535850.86,17.220499999999998,18.746333333333332,38.178753131399795,-0.3255746296811104,-0.15982298280551036,-0.16575164687560004
2022-01-09 00:00:00+00:00,14.93,16.3,14.81,15.8,1329527.16,17.285,18.588666666666665,43.20670142031328,-0.3901408583515682,-0.20588655791472193,-0.18425430043684626
2022-01-10 00:00:00+00:00,15.8,16.46,14.64,15.11,2523686.14,17.288,18.417500000000004,40.430127409517915,-0.49132362032014143,-0.26297397039580583,-0.2283496499243356
2022-01-11 00:00:00+00:00,15.12,16.32,14.98,15.96,1710488.91,17.2745,18.274166666666666,45.1097206195684,-0.4971924666451457,-0.3098176696456738,-0.1873747969994719
2022-01-12 00:00:00+00:00,15.97,16.61,15.95,16.28,1250210.31,17.18,18.134666666666668,46.803966422226075,-0.4705974890747626,-0.34197363353149157,-0.12862385554327105
2022-01-13 00:00:00+00:00,16.29,16.59,15.39,15.45,1407495.12,17.078,17.982666666666667,43.08895828543901,-0.5106088600486842,-0.3757006788349301,-0.13490818121375414
2022-01-14 00:00:00+00:00,15.46,15.96,15.13,15.86,959028.98,16.998,17.846999999999998,45.394657712726904,-0.5034313431758441,-0.40124681170311294,-0.10218453147273121
2022-01-15 00:00:00+00:00,15.85,16.72,15.7,16.47,1097913.21,16.8885,17.76016666666667,48.72322629852904,-0.44340985453557735,-0.40967942026960585,-0.0337304342659715
2022-01-16 00:00:00+00:00,16.47,18.19,16.29,17.83,1883856.29,16.824,17.692666666666664,55.26983828542063,-0.282841339452343,-0.3843118041061533,0.10147046465381027
2022-01-17 00:00:00+00:00,17.83,17.96,16.23,16.63,1629800.43,16.736,17.635,49.29009443620509,-0.24954302889479152,-0.3573580490638809,0.10781502016908939
2022-01-18 00:00:00+00:00,16.64,17.72,15.62,15.98,2159779.56,16.6785,17.548000000000002,46.36397629938929,-0.27246266559306775,-0.3403789723697183,0.06791630677665056
2022-01-19 00:00:00+00:00,15.97,16.23,15.1,15.11,1148456.18,16.544,17.432833333333335,42.709328513212405,-0.35671636767185433,-0.34364645143014555,-0.013069916241708779
2022-01-20 00:00:00+00:00,15.12,16.19,14.37,14.46,1317288.83,16.416999999999998,17.313499999999998,40.16214331526267,-0.47051381097948486,-0.36901992334001343,-0.10149388763947143
2022-01-21 00:00:00+00:00,14.45,14.67,12.31,12.64,2858141.448,16.175,17.175,34.04039960942366,-0.6994945564657531,-0.43511484996516137,-0.2643797065005917
2022-01-22 00:00:00+00:00,12.64,13.01,10.35,11.15,4555381.496,15.8125,16.990833333333335,30.007743696244063,-0.9897843763599461,-0.5460487552441183,-0.44373562111582776
2022-01-23 00:00:00+00:00,11.14,11.93,10.82,11.42,2354356.17,15.460500000000001,16.8345,31.58929314293168,-1.184401364865538,-0.6737192771684023,-0.5106820876971357
2022-01-24 00:00:00+00:00,11.42,11.43,9.53,10.68,3978296.27,15.084,16.656,29.6142091942461,-1.3824129499925348,-0.8154580117332288,-0.566954938259306
2022-01-25 00:00:00+00:00,10.69,10.94,10.32,10.58,1480467.38,14.757499999999999,16.511166666666664,29.347176194407993,-1.5297734460322907,-0.9583210985930413,-0.5714523474392494
2022-01-26 00:00:00+00:00,10.59,11.77,10.35,10.58,2025241.33,14.4335,16.362666666666666,29.347176194407993,-1.6277935104961205,-1.0922155809736571,-0.5355779295224634
2022-01-27 00:00:00+00:00,10.59,10.92,9.89,10.32,2548189.29,14.161499999999998,16.199333333333335,28.570351377942117,-1.7067802446430385,-1.2151285137075334,-0.49165173093550507
2022-01-28 00:00:00+00:00,10.32,10.74,9.85,10.67,1332611.38,13.949000000000002,16.0395,31.2100898009179,-1.7212937230243206,-1.316361555570891,-0.40493216745342964
2022-01-29 00:00:00+00:00,10.66,11.24,10.57,11.16,1363190.07,13.717000000000002,15.871333333333332,34.84063574871249,-1.6739604798982661,-1.3878813404363661,-0.2860791394619
2022-01-30 00:00:00+00:00,11.15,11.45,10.64,10.79,1062723.27,13.501,15.702,33.40688548502246,-1.6473152269659064,-1.4397681177422743,-0.20754710922363206
2022-01-31 00:00:00+00:00,10.79,11.9,10.29,11.77,1671188.24,13.2915,15.524166666666668,40.40248049218784,-1.529489855272855,-1.4577124652483906,-0.07177739002446448
2022-02-01 00:00:00+00:00,11.77,11.87,11.01,11.11,1723172.05,13.032999999999998,15.376666666666667,37.542145103879776,-1.4723960187011134,-1.460649175938935,-0.0117468427621783
2022-02-02 00:00:00+00:00,11.11,11.36,10.39,10.52,1659977.39,12.7865,15.265500000000001,35.14669989013461,-1.4579504656183975,-1.4601094338748275,0.002158968256430027
2022-02-03 00:00:00+00:00,10.51,10.59,9.97,10.41,1348397.8,12.514,15.163499999999999,34.702121305313,-1.4387928332530961,-1.4558461137504812,0.01705328049738508
2022-02-04 00:00:00+00:00,10.4,11.5,10.32,11.18,2241922.29,12.249500000000001,15.0615,40.38659950355511,-1.3459622912773987,-1.4338693492558647,0.08790705797846599
2022-02-05 00:00:00+00:00,11.18,12.04,11.11,11.25,2268387.76,11.9205,14.963333333333335,40.890380400239536,-1.2523091624784648,-1.397557311900385,0.14524814942192021
2022-02-06 00:00:00+00:00,11.25,11.73,11.01,11.67,1414908.03,11.6725,14.845666666666666,43.95094818814169,-1.1311586010265522,-1.3442775697256186,0.21311896869906644
2022-02-07 00:00:00+00:00,11.67,12.6,11.38,12.37,3428495.34,11.491999999999999,14.782333333333334,48.71691902275067,-0.9675089178260325,-1.2689238393457014,0.30141492151966887
2022-02-08 00:00:00+00:00,12.37,13.0,11.5,11.94,3071005.14,11.333499999999999,14.728833333333332,46.12243818875106,-0.8625696057136487,-1.187652992619291,0.3250833869056422
2022-02-09 00:00:00+00:00,11.94,12.65,11.6,12.32,1725896.49,11.2265,14.669166666666666,48.72143837829072,-0.7402089525690325,-1.0981641846092391,0.35795523204020663
2022-02-10 00:00:00+00:00,12.32,12.35,11.33,11.41,2443921.95,11.165000000000001,14.592666666666666,43.33082908965262,-0.7084995069136308,-1.0202312490701175,0.3117317421564867
2022-02-11 00:00:00+00:00,11.41,11.66,10.38,10.64,1308177.72,11.1395,14.533999999999999,39.36227784309924,-0.7370063571048266,-0.9635862706770595,0.22657991357223284
2022-02-12 00:00:00+00:00,10.65,10.98,10.4,10.65,1005286.41,11.101,14.461500000000001,39.43985178873317,-0.7501441302505842,-0.9208978425917644,0.1707537123411802
2022-02-13 00:00:00+00:00,10.64,10.86,10.25,10.33,758608.08,11.0835,14.3805,37.77449852690023,-0.7774156718291625,-0.8922014084392441,0.11478573661008162
2022-02-14 00:00:00+00:00,10.33,10.72,10.1,10.61,861079.98,11.084999999999999,14.317,40.15564981646382,-0.7675866440422432,-0.8672784555598441,0.09969181151760087
2022-02-15 00:00:00+00:00,10.61,11.53,10.6,11.47,1419334.1,11.1295,14.258666666666667,46.879332529722774,-0.6825344240491624,-0.8303296492577078,0.14779522520854538
2022-02-16 00:00:00+00:00,11.47,11.53,10.78,11.22,1491829.1,11.174499999999998,14.186333333333334,45.286468335536085,-0.6280629192221152,-0.7898763032505893,0.16181338402847412
2022-02-17 00:00:00+00:00,11.23,11.38,10.22,10.4,1492563.74,11.161,14.110166666666666,40.43360240096283,-0.6436415075288764,-0.7606293441062468,0.11698783657737044
2022-02-18 00:00:00+00:00,10.41,10.7,10.04,10.16,1370733.24,11.111,14.037666666666667,39.112526461890596,-0.6676573073985157,-0.7420349367647007,0.07437762936618497
2022-02-19 00:00:00+00:00,10.16,10.42,9.75,10.03,1056382.64,11.073,13.954,38.38101919695236,-0.6892348451038064,-0.7314749184325219,0.04224007332871549
2022-02-20 00:00:00+00:00,10.02,10.05,9.18,9.35,1500266.051,10.952,13.839333333333334,34.72281499811467,-0.7525308094586212,-0.7356860966377418,-0.016844712820879404
2022-02-21 00:00:00+00:00,9.35,9.76,8.5,8.53,2516924.768,10.822999999999999,13.678666666666665,30.898305634471967,-0.858958920455029,-0.7603406614011993,-0.0986182590538297
2022-02-22 00:00:00+00:00,8.52,8.97,8.13,8.86,2363257.731,10.74,13.534833333333333,34.04665140730825,-0.9062292761307926,-0.789518384347118,-0.11671089178367466
2022-02-23 00:00:00+00:00,8.87,9.46,8.71,8.74,1870091.15,10.6565,13.3895,33.449836427717614,-0.942509705493503,-0.8201166485763951,-0.12239305691710789
2022-02-24 00:00:00+00:00,8.74,9.06,7.51,8.82,5800166.655,10.5385,13.225500000000002,34.27697124870228,-0.9538119255868676,-0.8468557039784896,-0.10695622160837792
2022-02-25 00:00:00+00:00,8.82,9.43,8.45,9.25,1958327.84,10.438500000000001,13.061000000000002,38.68796137497228,-0.9174952954538984,-0.8609836222735714,-0.056511673180327016
2022-02-26 00:00:00+00:00,9.25,9.55,8.93,9.05,1434761.9,10.307500000000001,12.905333333333333,37.42967134976221,-0.8945407243189063,-0.8676950426826384,-0.026845681636267882
2022-02-27 00:00:00+00:00,9.06,10.15,8.64,9.77,5227479.72,10.1775,12.782666666666666,44.435929656588634,-0.8089262799901373,-0.8559412901441383,0.047015010154001
2022-02-28 00:00:00+00:00,9.78,10.55,9.36,10.53,4566984.09,10.107000000000001,12.661499999999998,50.70990930029057,-0.672004122410728,-0.8191538565974563,0.14714973418672828
2022-03-01 00:00:00+00:00,10.54,10.83,10.02,10.35,3684418.62,10.0085,12.550666666666666,49.290346785783534,-0.5714297354478219,-0.7696090323675295,0.1981792969197076
2022-03-02 00:00:00+00:00,10.36,10.59,9.95,10.04,2734874.01,9.94,12.426666666666668,46.85750044842737,-0.5108494637766228,-0.7178571186493483,0.20700765487272554
2022-03-03 00:00:00+00:00,10.05,10.12,9.42,9.55,1792211.69,9.8855,12.279166666666667,43.22576223906813,-0.49665296074332943,-0.6736162870681446,0.17696332632481515
2022-03-04 00:00:00+00:00,9.56,9.57,8.65,8.8,2100224.3,9.793000000000001,12.118166666666665,38.32896245586189,-0.5396995414352688,-0.6468329379415695,0.10713339650630072
2022-03-05 00:00:00+00:00,8.8,9.14,8.66,9.01,1293852.52,9.727,11.964833333333333,40.36603315127161,-0.5505229360920865,-0.6275709375716729,0.07704800147958646
2022-03-06 00:00:00+00:00,9.02,9.08,8.44,8.48,1828590.34,9.6205,11.821,37.04062883954853,-0.5950082403264325,-0.621058398122625,0.026050157796192464
2022-03-07 00:00:00+00:00,8.48,8.8,8.1,8.3,2469944.16,9.462,11.675,35.957211682773334,-0.6374396525860906,-0.6243346490153181,-0.013105003570772489
2022-03-08 00:00:00+00:00,8.31,8.87,8.24,8.81,2274200.81,9.3415,11.559166666666666,41.204598416570576,-0.6227356063213083,-0.6240148404765162,0.00127923415520792
2022-03-09 00:00:00+00:00,8.82,9.46,8.74,9.21,2637766.42,9.282,11.464,45.01025048897189,-0.5722098081785738,-0.6136538340169277,0.04144402583835394
2022-03-10 00:00:00+00:00,9.22,9.3,8.49,8.68,2081355.46,9.208,11.345333333333333,41.204575261625735,-0.5683823616772461,-0.6045995395489915,0.03621717787174539
2022-03-11 00:00:00+00:00,8.68,9.05,8.36,8.51,2280471.78,9.132000000000001,11.235333333333333,40.03528860920283,-0.5724676117211924,-0.5981731539834316,0.0257055422622392
2022-03-12 00:00:00+00:00,8.51,8.87,8.44,8.46,1336697.32,9.0875,11.110333333333333,39.678641985832094,-0.5731330627616504,-0.5931651357390755,0.02003207297742504
2022-03-13 00:00:00+00:00,8.47,8.76,8.12,8.19,1345879.23,9.0705,10.975500000000002,37.724324712578046,-0.5886614581607361,-0.5922644002234076,0.0036029420626715325
2022-03-14 00:00:00+00:00,8.2,8.58,8.1,8.49,1888909.71,9.052,10.8595,41.19032974500428,-0.5701875632949402,-0.5878490328377142,0.017661469542773922
2022-03-15 00:00:00+00:00,8.49,8.8,8.14,8.72,1550652.01,9.051,10.740499999999999,43.77401200703329,-0.5308682717243602,-0.5764528806150434,0.045584608890683165
2022-03-16 00:00:00+00:00,8.72,9.22,8.5,9.1,2613174.5,9.065,10.617666666666667,47.850454595670996,-0.46369938776764563,-0.5539021820455639,0.09020279427791822
2022-03-17 00:00:00+00:00,9.1,9.41,9.02,9.22,1661105.99,9.0635,10.474166666666667,49.105325102066885,-0.39621722070449117,-0.5223651897773494,0.1261479690728582
2022-03-18 00:00:00+00:00,9.23,9.77,9.0,9.63,2004333.01,9.092500000000001,10.3575,53.244978148419335,-0.3061247283250452,-0.4791170974868886,0.17299236916184335
2022-03-19 00:00:00+00:00,9.63,9.96,9.54,9.74,3247681.74,9.091,10.2535,54.3185352075801,-0.22327591260525104,-0.4279488605105611,0.20467294790531004
2022-03-20 00:00:00+00:00,9.74,9.78,9.13,9.32,1844603.94,9.0305,10.157,49.6325122225449,-0.18932569045891334,-0.3802242265002315,0.19089853604131818
2022-03-21 00:00:00+00:00,9.33,9.61,9.17,9.34,2120500.49,8.98,10.071666666666665,49.85435992347584,-0.15897351424216666,-0.33597408404861856,0.1770005698064519
2022-03-22 00:00:00+00:00,9.35,10.17,9.27,9.75,2661212.89,8.9655,10.0235,54.29836852662095,-0.10067510251403533,-0.2889142877417019,0.18823918522766658
2022-03-23 00:00:00+00:00,9.75,10.26,9.65,10.0,2078395.51,8.988,10.004333333333333,56.81169391245219,-0.033909394151377725,-0.23791330902363708,0.20400391487225936
2022-03-24 00:00:00+00:00,10.01,10.8,9.96,10.79,3091213.21,9.0875,9.993833333333333,63.620163776316794,0.08180629637949366,-0.17396938794301095,0.25577568432250464
2022-03-25 00:00:00+00:00,10.79,11.15,10.42,10.57,2828893.98,9.1655,9.991999999999999,60.748085846371076,0.15398461464294577,-0.1083785874258196,0.2623632020687654
2022-03-26 00:00:00+00:00,10.58,10.75,10.36,10.63,1142328.95,9.273,9.992833333333333,61.261721318671555,0.21356609345741262,-0.04398965124917315,0.25755574470658577
2022-03-27 00:00:00+00:00,10.63,11.44,10.46,11.41,2256090.51,9.4285,10.006666666666666,67.25969931222565,0.32003515983960185,0.02881531096858185,0.29121984887102
2022-03-28 00:00:00+00:00,11.41,11.58,10.76,10.9,3163768.27,9.533,10.016333333333334,60.64761294606403,0.35912021002690686,0.09487629078024687,0.26424391924666
2022-03-29 00:00:00+00:00,10.91,11.72,10.88,11.25,2920712.49,9.635,10.026000000000002,63.31310335415988,0.4135700902588173,0.158615050675961,0.2549550395828563
2022-03-30 00:00:00+00:00,11.25,11.85,10.8,11.72,3246794.45,9.787,10.035333333333334,66.58611474503454,0.48901008086491515,0.22469405671375184,0.2643160241511633
2022-03-31 00:00:00+00:00,11.73,12.49,11.04,11.29,4407918.63,9.925999999999998,10.043666666666667,61.20606512008905,0.5082407278541368,0.28140339094182887,0.2268373369123079
2022-04-01 00:00:00+00:00,11.3,12.09,10.87,11.58,3366731.25,10.082,10.0405,63.35644146857467,0.5406494600781251,0.33325260476908813,0.20739685530903695
2022-04-02 00:00:00+00:00,11.58,12.02,11.42,11.65,3441860.07,10.255,10.049499999999998,63.876940462788745,0.5654637151245208,0.37969482684017464,0.18576888828434612
2022-04-03 00:00:00+00:00,11.65,12.04,11.46,11.87,2283837.64,10.424000000000001,10.072,65.53394301835851,0.5960109096466297,0.4229580434014657,0.17305286624516403
2022-04-04 00:00:00+00:00,11.87,12.17,11.04,11.54,2864850.62,10.565000000000001,10.090833333333334,61.012923045178184,0.58682696336456,0.4557318273940846,0.1310951359704754
2022-04-05 00:00:00+00:00,11.55,11.9,11.04,11.12,1594119.81,10.666,10.089833333333333,55.74215488154916,0.5394398035895538,0.4724734226331785,0.0669663809563753
2022-04-06 00:00:00+00:00,11.12,11.12,9.91,9.96,2810776.72,10.703,10.068333333333332,44.34721964525544,0.4036300367733574,0.4587047454612143,-0.05507470868785691
2022-04-07 00:00:00+00:00,9.96,10.55,9.81,10.44,1456826.8,10.7435,10.047833333333333,48.99365837189325,0.33091719910513184,0.43314723618999784,-0.102230037084866
2022-04-08 00:00:00+00:00,10.44,10.55,9.62,9.74,1472282.01,10.743500000000001,10.004,43.3142206818052,0.21433685963167726,0.38938516087833375,-0.1750483012466565
2022-04-09 00:00:00+00:00,9.74,10.09,9.72,10.05,857175.17,10.78,9.9725,46.28395654283812,0.14528574625923518,0.3405652779545141,-0.1952795316952789
2022-04-10 00:00:00+00:00,10.05,10.32,9.83,9.88,928829.63,10.807,9.931833333333334,44.89492265808341,0.0759689395285843,0.2876460102693281,-0.21167707074074382
2022-04-11 00:00:00+00:00,9.89,9.89,8.9,8.99,1608656.52,10.769000000000002,9.8915,38.397884343572706,-0.05020199383051427,0.22007640944935966,-0.27027840327987396
2022-04-12 00:00:00+00:00,8.99,9.49,8.94,9.32,1052819.76,10.735000000000001,9.8695,41.763189115072734,-0.12215697587732244,0.15162973238402325,-0.27378670826134566
2022-04-13 00:00:00+00:00,9.32,9.74,9.26,9.65,1235317.71,10.678,9.852833333333333,44.99900641015575,-0.15081507319744603,0.0911407712677294,-0.24195584446517543
2022-04-14 00:00:00+00:00,9.66,9.75,9.32,9.48,927401.63,10.6235,9.838666666666667,43.653381665236864,-0.18511056171665885,0.03589050467085176,-0.2210010663875106
2022-04-15 00:00:00+00:00,9.48,9.98,9.45,9.77,1105710.14,10.5805,9.824666666666667,46.587628605115526,-0.18673682124918756,-0.008634960513156105,-0.17810186073603146
2022-04-16 00:00:00+00:00,9.77,9.83,9.49,9.67,604301.21,10.493500000000001,9.794666666666666,45.7038005067376,-0.19386010924476693,-0.045679990259478276,-0.14818011898528866
2022-04-17 00:00:00+00:00,9.67,9.72,9.19,9.24,679734.11,10.4105,9.761666666666665,42.01289483821241,-0.23153379517583872,-0.08285075124275038,-0.14868304393308834
2022-04-18 00:00:00+00:00,9.24,9.41,8.85,9.38,1295324.11,10.317,9.744666666666665,43.60961909139327,-0.24724356284062665,-0.11572931356232563,-0.13151424927830102
2022-04-19 00:00:00+00:00,9.39,9.62,9.21,9.55,876687.55,10.2085,9.7345,45.569572763109285,-0.24317294134904266,-0.14121803911966904,-0.10195490222937362
2022-04-20 00:00:00+00:00,9.55,9.7,9.1,9.32,1389404.39,10.110000000000001,9.722666666666667,43.37310473214341,-0.25556008472345404,-0.16408644824042606,-0.09147363648302798
2022-04-21 00:00:00+00:00,9.33,9.72,8.61,8.85,1951981.2,9.9735,9.714333333333334,39.21360236585386,-0.29984562343875076,-0.19123828328009101,-0.10860734015865975
2022-04-22 00:00:00+00:00,8.86,9.14,8.74,8.91,1475388.63,9.8365,9.720666666666666,40.00460307264538,-0.3263389016522904,-0.21825840695453091,-0.10808049469775949
2022-04-23 00:00:00+00:00,8.91,9.22,8.83,8.9,995331.67,9.687999999999999,9.721333333333332,39.91138487634986,-0.3441745025130132,-0.24344162606622738,-0.1007328764467858
2022-04-24 00:00:00+00:00,8.91,9.16,8.68,8.71,1087081.66,9.5465,9.720833333333333,38.09504345386961,-0.36938274247497027,-0.26862984934797596,-0.10075289312699431
2022-04-25 00:00:00+00:00,8.71,8.78,8.16,8.73,1836789.57,9.427,9.719333333333333,38.41276922664495,-0.38332785649103407,-0.2915694507765876,-0.09175840571444649
2022-04-26 00:00:00+00:00,8.74,8.82,7.91,8.01,1315422.73,9.3295,9.698666666666666,32.03781470403372,-0.44732100443534684,-0.3227197615083394,-0.12460124292700742
2022-04-27 00:00:00+00:00,8.01,8.41,7.98,8.23,1036909.08,9.219000000000001,9.685,35.55707650683529,-0.4748105533440192,-0.3531379198754754,-0.12167263346854384
2022-04-28 00:00:00+00:00,8.23,8.36,8.02,8.16,1363059.67,9.14,9.658166666666666,34.93716184921617,-0.4965210483198277,-0.38181454556434585,-0.11470650275548183
2022-04-29 00:00:00+00:00,8.17,8.23,7.51,7.61,1635435.76,9.017999999999999,9.6095,30.445759117291885,-0.5517469797302788,-0.41580103239753247,-0.1359459473327463
2022-04-30 00:00:00+00:00,7.62,7.79,6.35,6.75,2622825.358,8.8615,9.5495,25.02778180349938,-0.6573314333455276,-0.46410711258713155,-0.19322432075839602
2022-05-01 00:00:00+00:00,6.76,7.24,6.53,7.12,2287673.78,8.767999999999999,9.500833333333333,30.73849385897374,-0.703047669843567,-0.5118952240384187,-0.19115244580514834
2022-05-02 00:00:00+00:00,7.12,7.2,6.64,6.94,1762024.29,8.649,9.457333333333334,29.55889704316303,-0.7452122691529297,-0.5585586330613209,-0.1866536360916088
2022-05-03 00:00:00+00:00,6.94,7.13,6.69,6.85,1239669.15,8.509,9.424833333333334,28.960469878664426,-0.7769342512995498,-0.6022337567089667,-0.17470049459058312
2022-05-04 00:00:00+00:00,6.86,7.97,6.83,7.93,2536415.52,8.4315,9.406833333333335,43.69230241437518,-0.7067798583796696,-0.6231429770431073,-0.08363688133656233
2022-05-05 00:00:00+00:00,7.93,8.11,6.96,7.34,2925514.8,8.309999999999999,9.387833333333335,38.94135043394272,-0.6908266461674577,-0.6366797108679774,-0.05414693529948034
2022-05-06 00:00:00+00:00,7.35,7.7,6.85,7.59,2686760.07,8.206,9.376,41.82779940030352,-0.6505120024551276,-0.6394461691854074,-0.011065833269720216
2022-05-07 00:00:00+00:00,7.59,7.65,6.97,7.18,2468567.96,8.103,9.348833333333335,38.604619841412585,-0.6442197659003961,-0.6404008885284052,-0.0038188773719909364
2022-05-08 00:00:00+00:00,7.18,7.34,6.85,7.09,2402992.12,7.9885,9.3135,37.91396349438395,-0.6391279023216132,-0.6401462912870468,0.0010183889654336031
2022-05-09 00:00:00+00:00,7.1,7.22,5.9,5.95,5910358.919,7.8084999999999996,9.268,30.476362402919648,-0.718795212596679,-0.6558760755489733,-0.06291913704770569
2022-05-10 00:00:00+00:00,5.95,6.66,5.75,6.07,5405883.36,7.645999999999999,9.227333333333336,31.98879231803869,-0.7634485729250446,-0.6773905750241875,-0.08605799790085711
2022-05-11 00:00:00+00:00,6.08,6.22,4.65,4.91,9587421.08,7.449000000000001,9.168166666666668,26.082073328018822,-0.8822687432914265,-0.7183662086776353,-0.16390253461379112
2022-05-12 00:00:00+00:00,4.92,5.2,3.73,4.67,8726581.3,7.237,9.109499999999999,25.051406005148067,-0.9844524238543588,-0.77158345171298,-0.2128689721413788
2022-05-13 00:00:00+00:00,4.67,5.47,4.6,5.13,4218652.85,7.0485,9.053499999999998,30.703615435860414,-1.0165968753056092,-0.8205861364315059,-0.19601073887410325
2022-05-14 00:00:00+00:00,5.14,5.38,4.72,5.17,3157543.73,6.8715,8.994333333333335,31.189570227385047,-1.0270052418237618,-0.8618699575099571,-0.16513528431380475
2022-05-15 00:00:00+00:00,5.18,5.47,4.98,5.46,2656164.5,6.708,8.933666666666666,34.76157047117479,-1.000322278362785,-0.8895604216805227,-0.11076185668226224
2022-05-16 00:00:00+00:00,5.46,5.46,4.89,5.06,2815061.2,6.5605,8.864333333333333,32.27303574590043,-0.9999259704846652,-0.9116335314413513,-0.08829243904331396
2022-05-17 00:00:00+00:00,5.06,5.51,5.04,5.47,3218048.3,6.422499999999999,8.795,37.2330602277557,-0.9555137523979935,-0.9204095756326798,-0.035104176765313744
2022-05-18 00:00:00+00:00,5.47,5.55,4.87,4.89,2512634.31,6.2589999999999995,8.714166666666667,33.49589253857539,-0.9560966156930748,-0.9275469836447588,-0.028549632048315954
2022-05-19 00:00:00+00:00,4.9,5.35,4.73,5.19,3074014.69,6.138,8.645333333333333,37.01727536099406,-0.9217259631100978,-0.9263827795378267,0.00465681642772886
2022-05-20 00:00:00+00:00,5.2,5.52,4.92,5.1,3301934.51,6.0555,8.574666666666667,36.39467614506528,-0.8914728767489599,-0.9194007989800533,0.027927922231093416
2022-05-21 00:00:00+00:00,5.1,5.38,4.98,5.24,1909543.26,5.961499999999999,8.499500000000001,38.13768852906307,-0.8464429899788497,-0.9048092371798127,0.05836624720096295
2022-05-22 00:00:00+00:00,5.24,5.54,5.12,5.48,2259806.45,5.8885,8.424166666666668,41.11666643813944,-0.7823717910566401,-0.8803217479551783,0.09794995689853814
2022-05-23 00:00:00+00:00,5.49,6.08,5.36,5.62,4457774.11,5.827,8.338,42.84565402828485,-0.7120895492679384,-0.8466753082177304,0.13458575894979197
2022-05-24 00:00:00+00:00,5.63,5.83,5.28,5.6,3734107.58,5.7105,8.255166666666666,42.6529745532712,-0.6505055757951039,-0.8074413617332051,0.1569357859381012
2022-05-25 00:00:00+00:00,5.6,5.8,5.38,5.62,3072355.39,5.6245,8.171666666666667,42.92936692413754,-0.5932474133785526,-0.7646025720622747,0.1713551586837221
2022-05-26 00:00:00+00:00,5.63,5.77,4.77,4.95,4505027.86,5.492500000000001,8.064,36.57055229660782,-0.5950736688826384,-0.7306967914263475,0.13562312254370912
2022-05-27 00:00:00+00:00,4.95,5.09,4.59,4.69,5120258.03,5.368,7.9605,34.43872520816642,-0.610463770273217,-0.7066501871957214,0.0961864169225044
2022-05-28 00:00:00+00:00,4.7,5.03,4.61,4.98,2470893.6,5.2625,7.856,38.728996762431244,-0.5924307868011827,-0.6838063071168137,0.09137552031563101
2022-05-29 00:00:00+00:00,4.99,5.03,4.77,4.95,2160832.05,5.2125,7.743166666666666,38.448694290081846,-0.5739441953424533,-0.6618338847619416,0.08788968941948827
2022-05-30 00:00:00+00:00,4.95,5.7,4.89,5.66,3675000.23,5.192,7.649333333333334,48.03448037184928,-0.4962815473865563,-0.6287234172868645,0.13244186990030826
2022-05-31 00:00:00+00:00,5.66,5.88,5.54,5.7,3488946.0,5.2315,7.551333333333334,48.52089627522799,-0.42658823007197366,-0.5882963798438864,0.16170814977191272
2022-06-01 00:00:00+00:00,5.7,5.82,5.1,5.14,2830546.52,5.255,7.442833333333334,42.52021376067767,-0.41179616402696606,-0.5529963366805024,0.14120017265353635
2022-06-02 00:00:00+00:00,5.14,5.34,5.04,5.3,2429713.61,5.2635000000000005,7.333333333333333,44.6273087106328,-0.38275057195150985,-0.5189471837347039,0.1361966117831941
2022-06-03 00:00:00+00:00,5.3,5.34,4.96,5.08,1457460.12,5.259,7.225666666666667,42.32957221216762,-0.37318208161374145,-0.4897941633105115,0.11661208169677006
2022-06-04 00:00:00+00:00,5.08,5.18,4.94,5.13,1013048.94,5.2425,7.1258333333333335,43.04727729770332,-0.3574440099062164,-0.46332413262965255,0.10588012272343617
2022-06-05 00:00:00+00:00,5.13,5.23,4.91,5.09,1087831.95,5.244000000000001,7.044666666666667,42.590629278814504,-0.34423105902532214,-0.4395055179087865,0.09527445888346436
2022-06-06 00:00:00+00:00,5.1,5.42,5.09,5.37,1867925.83,5.239,6.960166666666667,46.84162175533063,-0.3076199885741895,-0.4131284120418671,0.10550842346767764
2022-06-07 00:00:00+00:00,5.38,5.42,4.93,5.22,3231580.55,5.2555,6.884833333333333,44.92255572906258,-0.2873962725389809,-0.38798198414128987,0.10058571160230895
2022-06-08 00:00:00+00:00,5.22,5.33,5.03,5.09,2123447.57,5.2505,6.802166666666667,43.26807268211098,-0.2786466799468501,-0.3661149233024019,0.08746824335555181
2022-06-09 00:00:00+00:00,5.09,5.36,5.02,5.2,853487.87,5.2555,6.724166666666667,45.11021595157268,-0.259841196520572,-0.34486017794603596,0.08501898142546394
2022-06-10 00:00:00+00:00,5.21,5.23,4.76,4.81,1581466.82,5.234,6.6545000000000005,40.134349666488205,-0.27325751353393724,-0.3305396450636162,0.05728213152967898
2022-06-11 00:00:00+00:00,4.82,4.97,4.33,4.39,2353190.48,5.1795,6.572333333333334,35.582391189868275,-0.3141591007833382,-0.32726353620756066,0.01310443542422246
2022-06-12 00:00:00+00:00,4.39,4.48,4.05,4.06,2323564.16,5.1015,6.479166666666667,32.46660091721104,-0.36894912953106473,-0.3356006548722615,-0.03334847465880325
2022-06-13 00:00:00+00:00,4.07,4.14,3.45,3.66,6519155.239,5.0045,6.382166666666666,29.13619852659815,-0.43958007365499707,-0.3563965386288086,-0.08318353502618847
2022-06-14 00:00:00+00:00,3.68,3.93,3.35,3.86,4168211.001,4.9165,6.283666666666666,32.84548027148625,-0.47395383245688194,-0.3799079973944233,-0.09404583506245862
2022-06-15 00:00:00+00:00,3.87,4.43,3.39,4.42,6369871.19,4.89,6.196166666666667,42.00000945314883,-0.4508112921169696,-0.3940886563389326,-0.05672263577803699
2022-06-16 00:00:00+00:00,4.43,4.47,3.75,3.83,4771731.28,4.8469999999999995,6.106,36.373999564393706,-0.4746077486356475,-0.4101924747982756,-0.06441527383737189
2022-06-17 00:00:00+00:00,3.84,4.01,3.79,3.93,1993568.78,4.7945,6.015166666666667,37.89254403539438,-0.4798658527612716,-0.4241271503908748,-0.0557387023703968
2022-06-18 00:00:00+00:00,3.94,4.09,3.33,3.64,3885227.55,4.729,5.916666666666667,35.26404569228008,-0.5016507964179704,-0.4396318795962939,-0.062018916821676484
2022-06-19 00:00:00+00:00,3.65,4.27,3.49,4.19,3544123.62,4.6555,5.831166666666666,43.29755181432559,-0.469127310149938,-0.4455309657070227,-0.023596344442915307
2022-06-20 00:00:00+00:00,4.2,4.4,3.98,4.29,4592702.26,4.585,5.755166666666667,44.64265868821698,-0.4303225581148702,-0.44248928418859224,0.012166726073722045
2022-06-21 00:00:00+00:00,4.3,5.21,4.22,4.77,5883772.19,4.5665,5.686166666666666,50.689397520853774,-0.3567254155447763,-0.42533651045982906,0.06861109491505274
2022-06-22 00:00:00+00:00,4.78,5.37,4.56,4.98,9486178.31,4.5505,5.620833333333334,53.10293682166127,-0.2782464529551607,-0.3959184989588954,0.11767204600373471
2022-06-23 00:00:00+00:00,4.99,5.69,4.96,5.62,6511782.97,4.5775,5.569333333333334,59.59386417147361,-0.16253505545098612,-0.34924181025731355,0.18670675480632742
2022-06-24 00:00:00+00:00,5.63,5.8,5.35,5.47,4699338.84,4.5945,5.515,57.58224546130426,-0.08199153825596639,-0.2957917558570441,0.2138002176010777
2022-06-25 00:00:00+00:00,5.47,5.77,5.24,5.62,2761812.5,4.621,5.4751666666666665,59.07012979303443,-0.005987454547550897,-0.23783089559514548,0.23184344104759458
2022-06-26 00:00:00+00:00,5.62,6.08,5.47,5.6,3795149.93,4.6325,5.431333333333333,58.77410306429807,0.052032695988074806,-0.17985817727850142,0.23189087326657623
2022-06-27 00:00:00+00:00,5.6,5.93,5.27,5.33,3881305.15,4.638,5.384166666666667,54.78270600291264,0.07535865215145066,-0.128814811392511,0.20417346354396165
2022-06-28 00:00:00+00:00,5.34,5.49,4.86,4.92,3338083.21,4.6295,5.339333333333333,49.30686205049425,0.06006863316661448,-0.0910381224806859,0.1511067556473004
2022-06-29 00:00:00+00:00,4.93,5.26,4.78,5.11,4408158.23,4.625,5.312,51.71549061990297,0.06256142589169578,-0.060318212806209574,0.12287963869790536
2022-06-30 00:00:00+00:00,5.12,5.15,4.6,5.0,5100727.33,4.6345,5.276666666666667,50.22754727013547,0.05502658912768066,-0.03724925241943153,0.09227584154711219
2022-07-01 00:00:00+00:00,5.01,5.13,4.74,4.86,3790068.99,4.6579999999999995,5.242000000000001,48.32195375241696,0.03732805218575752,-0.02233379149839372,0.05966184368415124
2022-07-02 00:00:00+00:00,4.86,5.09,4.72,4.92,2773018.71,4.701,5.209833333333333,49.211284731883005,0.027822610967033867,-0.012302511005308202,0.04012512197234207
2022-07-03 00:00:00+00:00,4.92,4.96,4.72,4.91,1954557.14,4.7635,5.1594999999999995,49.05974863863639,0.0192605403715449,-0.005989900729937583,0.02525044110148248
2022-07-04 00:00:00+00:00,4.92,5.36,4.73,5.35,2282415.88,4.838,5.126333333333333,55.54607577171908,0.047432587165715745,0.004694596849193083,0.04273799031652266
2022-07-05 00:00:00+00:00,5.35,5.45,5.01,5.3,3012580.5,4.882,5.088166666666666,54.69380438365749,0.06497555730740778,0.016750788940836023,0.04822476836657176
2022-07-06 00:00:00+00:00,5.31,5.5,5.19,5.35,3384862.08,4.958,5.057666666666667,55.43026455753708,0.08196819138072886,0.02979426942881459,0.05217392195191427
2022-07-07 00:00:00+00:00,5.36,5.83,5.29,5.73,2522250.62,5.048,5.034999999999999,60.66366365033401,0.12466078854494711,0.04876757325204109,0.07589321529290602
2022-07-08 00:00:00+00:00,5.73,5.97,5.52,5.8,3246478.2,5.156000000000001,5.0325,61.559103530283664,0.16227281437395114,0.0714686214764231,0.09080419289752803
2022-07-09 00:00:00+00:00,5.8,6.62,5.8,6.46,3944641.16,5.269499999999999,5.039000000000001,68.77615071385756,0.24254123558614538,0.10568314429836756,0.13685809128777782
2022-07-10 00:00:00+00:00,6.46,6.48,5.98,6.23,3500367.63,5.3665,5.060999999999999,64.24923330752381,0.2843180187514118,0.14141011918897642,0.1429078995624354
2022-07-11 00:00:00+00:00,6.24,6.28,5.23,5.57,5746929.26,5.4065,5.076,53.389454661176224,0.2611594526415617,0.16535998587949347,0.09579946676206824
2022-07-12 00:00:00+00:00,5.57,5.89,5.45,5.54,6679031.05,5.4345,5.082833333333332,52.9513358034553,0.23764593842283066,0.17981717638816092,0.057828762034669745
2022-07-13 00:00:00+00:00,5.54,6.27,5.24,6.12,6448203.92,5.4595,5.098666666666667,59.81683370488739,0.26278325989336526,0.19641039308920177,0.06637286680416349
2022-07-14 00:00:00+00:00,6.12,7.11,6.02,7.02,12068688.69,5.537,5.124666666666666,67.69454123854464,0.3512779332974212,0.22738390113084567,0.12389403216657552
2022-07-15 00:00:00+00:00,7.02,7.26,6.72,6.78,4718959.43,5.595,5.153333333333333,64.08646716104283,0.3974629003997734,0.2613997009846312,0.13606319941514217
2022-07-16 00:00:00+00:00,6.79,7.7,6.67,7.38,4888161.58,5.684,5.1851666666666665,68.5932758975353,0.47698145980589146,0.30451605274888327,0.1724654070570082
2022-07-17 00:00:00+00:00,7.38,7.48,6.89,6.94,2752228.05,5.7645,5.219333333333334,62.40828122544255,0.49874692418611577,0.3433622270363298,0.15538469714978598
2022-07-18 00:00:00+00:00,6.95,7.46,6.92,7.33,4645472.95,5.885,5.255,65.38740507985884,0.5412270239234873,0.3829351864137613,0.15829183750972603
2022-07-19 00:00:00+00:00,7.33,7.76,7.21,7.35,6058507.79,5.997,5.2925,65.53823377711353,0.5699367656103345,0.4203355022530759,0.14960126335725854
2022-07-20 00:00:00+00:00,7.35,7.61,6.78,6.86,4550577.76,6.09,5.319500000000001,58.78004244085053,0.5468468280076042,0.4456377674039816,0.10120906060362261
2022-07-21 00:00:00+00:00,6.87,7.29,6.67,7.23,3074675.99,6.2085,5.348666666666667,61.96910218629878,0.55204021788572,0.4669182575003293,0.08512196038539072
2022-07-22 00:00:00+00:00,7.23,7.46,6.82,6.89,2877264.23,6.307,5.369833333333333,57.56200239114185,0.5226955493527825,0.4780737158708199,0.04462183348196258
2022-07-23 00:00:00+00:00,6.89,7.21,6.63,6.97,2235643.93,6.409999999999999,5.392666666666667,58.31323023728541,0.5001298341277991,0.48248493952221577,0.017644894605583328
2022-07-24 00:00:00+00:00,6.97,7.36,6.88,7.24,2525993.63,6.5045,5.419666666666667,60.833189178223535,0.49828911896147066,0.4856457754100668,0.01264334355140384
2022-07-25 00:00:00+00:00,7.25,7.53,6.81,7.04,6229298.83,6.591499999999999,5.4544999999999995,58.03463700282865,0.4752140387717674,0.48355942808240693,-0.00834538931063955
2022-07-26 00:00:00+00:00,7.05,7.05,6.22,6.66,4654432.23,6.657000000000001,5.487333333333334,53.041779268985465,0.4214063373265944,0.47112880993124445,-0.04972247260465007
2022-07-27 00:00:00+00:00,6.66,8.2,6.5,8.03,5793578.3,6.772,5.538166666666666,64.79968802452166,0.4837347041450304,0.47364998877400166,0.01008471537102873
2022-07-28 00:00:00+00:00,8.04,9.83,7.95,9.28,9994818.79,6.946,5.610333333333333,71.75008650397442,0.6267699236848872,0.5042739757561788,0.12249594792870833
2022-07-29 00:00:00+00:00,9.28,9.41,8.61,9.08,5531524.94,7.077000000000001,5.667333333333333,69.3892808102832,0.7157374612311012,0.5465666728511633,0.16917078837993782
2022-07-30 00:00:00+00:00,9.09,9.17,8.51,8.78,3750663.41,7.204499999999999,5.718666666666667,65.88728693545315,0.7533531962176667,0.587923977524464,0.1654292186932027
2022-07-31 00:00:00+00:00,8.78,9.15,8.29,8.32,3743212.8,7.3420000000000005,5.7716666666666665,60.81875936701272,0.7375438353528088,0.617847949090133,0.1196958862626758
2022-08-01 00:00:00+00:00,8.33,8.57,8.05,8.36,3186288.03,7.483,5.822666666666667,61.098997880394776,0.7199434092011074,0.6382670411123279,0.08167636808877954
2022-08-02 00:00:00+00:00,8.36,8.68,7.81,8.25,5449833.97,7.589499999999999,5.875500000000001,59.831643852646444,0.6891744894617284,0.6484485307822081,0.040725958679520335
2022-08-03 00:00:00+00:00,8.26,9.39,8.02,8.91,5385763.95,7.683999999999999,5.9385,64.57908482760573,0.7098635182760402,0.6607315282809746,0.04913198999506563
2022-08-04 00:00:00+00:00,8.91,9.12,8.51,8.82,3907337.17,7.786,6.000666666666666,63.4773487990506,0.710803771412313,0.6707459769072424,0.04005779450507063
2022-08-05 00:00:00+00:00,8.83,9.27,8.78,8.96,2609906.34,7.864999999999999,6.0605,64.49214836271788,0.7146082002636689,0.6795184215785277,0.03508977868514118
2022-08-06 00:00:00+00:00,8.97,9.15,8.73,8.77,1392030.35,7.9565,6.119666666666666,61.9753567379483,0.6942884997880796,0.682472437220438,0.011816062567641561
2022-08-07 00:00:00+00:00,8.78,8.98,8.7,8.79,1069655.1,8.0295,6.181333333333333,62.14283159691253,0.672051828477711,0.6803883154718927,-0.008336486994181658
2022-08-08 00:00:00+00:00,8.79,9.28,8.73,8.79,2407847.58,8.101499999999998,6.2411666666666665,62.14283159691253,0.6469712247048838,0.6737048973184909,-0.02673367261360715
2022-08-09 00:00:00+00:00,8.79,8.87,8.08,8.44,2765223.62,8.1805,6.301666666666666,57.043663842560505,0.5920280596440666,0.6573695297836062,-0.06534147013953961
2022-08-10 00:00:00+00:00,8.44,9.44,8.08,9.22,3634726.46,8.28,6.3821666666666665,64.1113414188076,0.6044568840591626,0.6467870006387175,-0.04233011657955488
2022-08-11 00:00:00+00:00,9.22,9.62,8.85,8.96,3138103.51,8.3835,6.463833333333333,60.53592905719581,0.5865654287255868,0.6347426862560914,-0.048177257530504614
2022-08-12 00:00:00+00:00,8.96,9.25,8.74,9.21,1809218.5,8.4955,6.556333333333334,62.6905058532733,0.5858064203733484,0.6249554330795428,-0.03914901270619442
2022-08-13 00:00:00+00:00,9.21,9.35,8.9,8.99,1945918.91,8.583,6.6418333333333335,59.60646030863769,0.5609860415176247,0.6121615547671593,-0.05117551324953462
2022-08-14 00:00:00+00:00,8.99,9.62,8.75,8.87,3027701.99,8.6745,6.715999999999999,57.932352500533895,0.5255742228526827,0.5948440883842641,-0.06926986553158132
2022-08-15 00:00:00+00:00,8.88,9.17,8.29,8.47,2949106.6,8.765,6.793333333333334,52.62646855591713,0.4599316387379542,0.5678615984550021,-0.10792995971704789
2022-08-16 00:00:00+00:00,8.47,8.57,8.19,8.33,2815218.35,8.78,6.866666666666666,50.870349204878714,0.39209278635475897,0.5327078360349534,-0.14061504968019445
2022-08-17 00:00:00+00:00,8.34,8.67,7.82,7.96,2509782.62,8.714,6.938666666666666,46.458011083607296,0.3049587249564727,0.48715801381925733,-0.18219928886278464
2022-08-18 00:00:00+00:00,7.96,8.21,7.4,7.58,1930259.69,8.639,6.995166666666667,42.391265496544065,0.20290259451671844,0.4303069299587496,-0.22740433544203115
2022-08-19 00:00:00+00:00,7.58,7.7,6.79,6.9,3751478.06,8.545,7.038666666666667,36.272378594149714,0.06638679323751617,0.3575229026145029,-0.29113610937698675
2022-08-20 00:00:00+00:00,6.9,7.2,6.74,7.0,1861911.06,8.479,7.075833333333334,37.69661940880319,-0.03334936780160369,0.2793484485312816,-0.3126978163328853
2022-08-21 00:00:00+00:00,7.01,7.32,6.97,7.21,1796500.88,8.4215,7.1129999999999995,40.694107999434166,-0.0943580481849402,0.20460714918803724,-0.29896519737297744
2022-08-22 00:00:00+00:00,7.21,7.36,6.61,6.98,2950439.29,8.358,7.135666666666666,38.50886437102164,-0.15942914480225578,0.13179989038997864,-0.2912290351922344
2022-08-23 00:00:00+00:00,6.99,7.22,6.74,7.11,1794566.82,8.268,7.163,40.455176726307904,-0.19822354648474239,0.06579520301503443,-0.26401874949977683
2022-08-24 00:00:00+00:00,7.12,7.29,6.87,7.05,1454967.94,8.179499999999999,7.186833333333334,39.828580982093456,-0.23114538772902904,0.006407084866221734,-0.23755247259525078
2022-08-25 00:00:00+00:00,7.05,7.25,6.92,7.03,1618060.83,8.083,7.210666666666667,39.60835751271965,-0.25590015921410814,-0.046054363949844246,-0.2098457952642639
2022-08-26 00:00:00+00:00,7.03,7.03,6.07,6.16,3447418.21,7.952500000000001,7.224500000000001,31.459532804222775,-0.341780391469209,-0.10519956945371721,-0.2365808220154918
2022-08-27 00:00:00+00:00,6.16,6.2,5.95,6.06,2108020.78,7.816,7.2435,30.678257210880233,-0.41314774846144786,-0.16678920525526336,-0.2463585432061845
2022-08-28 00:00:00+00:00,6.06,6.11,5.71,5.74,1641116.78,7.663500000000001,7.2540000000000004,28.259711119618274,-0.4898811734729005,-0.2314075988987908,-0.2584735745741097
2022-08-29 00:00:00+00:00,5.74,6.4,5.68,6.34,1731326.51,7.5584999999999996,7.276333333333333,38.111588056878006,-0.4965540144536922,-0.28443688200977113,-0.21211713244392105
2022-08-30 00:00:00+00:00,6.34,6.46,5.94,6.17,2274706.86,7.406000000000001,7.298166666666666,36.578848921669604,-0.5096845421229315,-0.3294864140324032,-0.18019812809052826
2022-08-31 00:00:00+00:00,6.18,6.43,6.1,6.15,4043991.47,7.2655,7.318666666666667,36.393410503277835,-0.5157590633210773,-0.36674094389013806,-0.1490181194309393
2022-09-01 00:00:00+00:00,6.15,6.36,5.95,6.31,1820390.25,7.1205,7.342,39.05524286524561,-0.501877174649298,-0.39376819004197006,-0.10810898460732798
2022-09-02 00:00:00+00:00,6.32,6.7,6.19,6.4,1422913.91,6.991,7.359500000000001,40.56202277934552,-0.47810216586486476,-0.41063498520654906,-0.0674671806583157
2022-09-03 00:00:00+00:00,6.41,6.41,6.22,6.31,543996.82,6.8629999999999995,7.376333333333333,39.510047093245504,-0.46120605167917006,-0.4207491985010733,-0.040456853178096774
2022-09-04 00:00:00+00:00,6.31,6.52,6.22,6.48,866358.74,6.763499999999999,7.395166666666666,42.54137171322738,-0.4291511923977396,-0.4224295972804066,-0.006721595117333001
2022-09-05 00:00:00+00:00,6.49,6.67,6.18,6.58,1890083.53,6.676,7.4093333333333335,44.30931181534435,-0.39116916655162814,-0.4161775111346509,0.025008344583022757
2022-09-06 00:00:00+00:00,6.58,6.75,5.78,5.82,2583144.95,6.569,7.409666666666667,35.39557936830579,-0.4175801814408393,-0.4164580451958886,-0.0011221362449507222
2022-09-07 00:00:00+00:00,5.84,6.23,5.71,6.12,1489249.08,6.4959999999999996,7.403999999999999,40.485162229031864,-0.4095821995854818,-0.4150828760738072,0.005500676488325418
2022-09-08 00:00:00+00:00,6.12,6.26,5.95,6.18,1355600.75,6.459999999999999,7.4031666666666665,41.478169737515174,-0.39386204628472576,-0.410838710115991,0.016976663831265226
2022-09-09 00:00:00+00:00,6.18,6.72,6.17,6.51,3068327.74,6.4355,7.4188333333333345,46.741532644519914,-0.3507324441683535,-0.39881745692646353,0.04808501275811006
2022-09-10 00:00:00+00:00,6.51,6.73,6.43,6.68,1761517.67,6.409000000000001,7.437833333333333,49.272622099135674,-0.2993832408672832,-0.37893061371462744,0.07954737284734426
2022-09-11 00:00:00+00:00,6.68,6.73,6.36,6.49,1993817.61,6.3845,7.444,46.60664720839582,-0.2708973039121165,-0.3573239517541253,0.08642664784200876
2022-09-12 00:00:00+00:00,6.49,6.97,6.37,6.65,2670140.3,6.3615,7.437833333333334,49.10402850002849,-0.23272858061206225,-0.3324048775257127,0.09967629691365043
2022-09-13 00:00:00+00:00,6.66,6.77,5.99,6.03,2566863.34,6.3105,7.425333333333333,41.0847592122598,-0.24963082212213816,-0.3158500664449978,0.06621924432285964
2022-09-14 00:00:00+00:00,6.04,6.24,5.95,6.18,1385955.51,6.268,7.405333333333333,43.489302473582555,-0.24806271137223046,-0.30229259543044434,0.054229884058213884
2022-09-15 00:00:00+00:00,6.18,6.24,5.78,5.89,2138227.19,6.2545,7.387833333333333,40.08319250903605,-0.26714111222204906,-0.2952622987887653,0.02812118656671625
2022-09-16 00:00:00+00:00,5.89,5.94,5.66,5.83,1047796.51,6.243,7.362833333333334,39.395707763969206,-0.2838305589024257,-0.2929759508114974,0.00914539190907171
2022-09-17 00:00:00+00:00,5.83,6.04,5.81,6.02,1013366.23,6.257,7.3406666666666665,42.74462240693365,-0.2785151047756269,-0.29008378160432335,0.011568676828696445
2022-09-18 00:00:00+00:00,6.02,6.05,5.33,5.47,1570359.47,6.2135,7.317499999999999,36.46330799733769,-0.3150512577557629,-0.29507727683461127,-0.019973980921151657
2022-09-19 00:00:00+00:00,5.47,5.52,5.2,5.48,2149386.95,6.179,7.288333333333333,36.64560008683072,-0.3392884003156329,-0.3039195015308156,-0.035368898784817304
2022-09-20 00:00:00+00:00,5.48,5.55,5.26,5.3,1249696.73,6.1365,7.261833333333334,34.71489362353121,-0.3687700544543846,-0.3168896121155294,-0.05188044233885519
2022-09-21 00:00:00+00:00,5.3,5.76,5.14,5.34,2589816.38,6.088,7.234666666666667,35.527797304938616,-0.3844748255949524,-0.330406654811414,-0.05406817078353837
2022-09-22 00:00:00+00:00,5.34,5.86,5.32,5.74,2275079.32,6.055,7.209666666666666,43.15092291886377,-0.36048882206582444,-0.3364230882622961,-0.024065733803528333
2022-09-23 00:00:00+00:00,5.74,5.99,5.7,5.91,1970328.28,6.035,7.190833333333334,46.06948380944354,-0.3240269808727376,-0.3339438667843845,0.009916885911646856
2022-09-24 00:00:00+00:00,5.92,6.06,5.76,5.8,1437096.64,6.0009999999999994,7.1765,44.47829428437712,-0.30054232488530186,-0.327263558404568,0.02672123351926614
2022-09-25 00:00:00+00:00,5.8,5.96,5.61,5.66,1344115.75,5.955,7.137,42.46786400420479,-0.2898857730446016,-0.31978800133257473,0.02990222828797312
2022-09-26 00:00:00+00:00,5.66,5.99,5.55,5.92,2534723.74,5.96,7.081,47.237610968219265,-0.2574923404281595,-0.3073288691516917,0.049836528723532225
2022-09-27 00:00:00+00:00,5.93,6.71,5.9,6.38,6339426.95,5.973,7.0360000000000005,54.43514892878527,-0.19248332808846147,-0.2843597609390457,0.09187643285058422
2022-09-28 00:00:00+00:00,6.38,6.63,6.0,6.56,3712680.15,5.992,6.999,56.912082576632244,-0.1249978246532164,-0.25248737368187985,0.12748954902866344
2022-09-29 00:00:00+00:00,6.56,6.57,6.12,6.38,2598995.52,5.9855,6.966666666666667,53.76458503692856,-0.08505906470078006,-0.21900171188565992,0.13394264718487986
2022-09-30 00:00:00+00:00,6.38,6.77,6.26,6.46,4068677.81,5.9745,6.935,54.95690097538652,-0.04641691300356232,-0.1844847521092404,0.13806783910567808
2022-10-01 00:00:00+00:00,6.47,6.66,6.38,6.4,1748286.97,5.970000000000001,6.904166666666667,53.835574975229804,-0.020399080044163576,-0.15166761769622505,0.13126853765206148
2022-10-02 00:00:00+00:00,6.4,6.54,6.17,6.26,4337227.16,5.9505,6.86,51.209991503186465,-0.010950361001396125,-0.12352416635725927,0.11257380535586314
2022-10-03 00:00:00+00:00,6.27,6.81,6.18,6.63,3976429.93,5.980499999999999,6.8235,57.156953835055575,0.026092941507910083,-0.0936007447842254,0.11969368629213549
2022-10-04 00:00:00+00:00,6.63,6.85,6.57,6.65,4159895.25,6.004,6.784999999999999,57.45880091292697,0.05641355810058091,-0.06359788420726414,0.12001144230784505
2022-10-05 00:00:00+00:00,6.65,6.82,6.47,6.81,1875783.47,6.05,6.7523333333333335,59.89323984779741,0.09228967015352207,-0.0324203733351069,0.12471004348862898
2022-10-06 00:00:00+00:00,6.82,7.0,6.75,6.87,3232477.74,6.102,6.720333333333333,60.799181534367435,0.12413232580578626,-0.0011098335069282712,0.12524215931271454
2022-10-07 00:00:00+00:00,6.88,7.08,6.68,6.79,2553847.66,6.1405,6.687,58.88914645787484,0.1412838956096305,0.027368912316383488,0.11391498329324702
2022-10-08 00:00:00+00:00,6.79,6.85,6.42,6.51,1382326.01,6.192500000000001,6.654833333333333,52.654243284675296,0.13077547997891514,0.04805022584888982,0.08272525413002532
2022-10-09 00:00:00+00:00,6.52,6.65,6.49,6.63,1024713.14,6.25,6.611666666666666,54.86003048944659,0.1306247215220413,0.06456512498352013,0.06605959653852117
2022-10-10 00:00:00+00:00,6.64,6.72,6.2,6.39,1298488.66,6.3045,6.568833333333333,49.85710235760642,0.1098727059615614,0.07362664117912839,0.036246064782433016
2022-10-11 00:00:00+00:00,6.4,6.51,5.94,6.0,2152592.06,6.3375,6.5153333333333325,42.9954492366685,0.06125078259125338,0.07115146946155339,-0.009900686870300004
2022-10-12 00:00:00+00:00,6.0,6.17,5.97,6.06,1162059.31,6.3535,6.4665,44.26628962399315,0.027244993254502248,0.06237017422014316,-0.03512518096564091
2022-10-13 00:00:00+00:00,6.06,6.22,5.38,6.14,4697466.68,6.365,6.421,45.99506415322221,0.0066735629393326334,0.05123085196398106,-0.04455728902464843
2022-10-14 00:00:00+00:00,6.15,6.53,6.09,6.28,3412672.47,6.389,6.3845,48.977719009814194,0.0016483846247199452,0.04131435849612884,-0.0396659738714089
2022-10-15 00:00:00+00:00,6.29,6.34,5.99,6.04,1247305.22,6.4079999999999995,6.346333333333334,44.44593234785623,-0.021452805047694312,0.028760925787364215,-0.05021373083505853
2022-10-16 00:00:00+00:00,6.05,6.17,5.97,6.1,1073581.7,6.417,6.315333333333333,45.79621657599627,-0.03452122652838696,0.016104495324213982,-0.05062572185260095
2022-10-17 00:00:00+00:00,6.11,6.45,6.04,6.39,1627806.78,6.4174999999999995,6.2955,51.88364021080807,-0.02123271086194034,0.008637054086983119,-0.02986976494892346
2022-10-18 00:00:00+00:00,6.4,6.66,6.21,6.53,2725331.66,6.4159999999999995,6.289333333333333,54.53804269839349,0.0005885787441028967,0.007027359018407075,-0.006438780274304178
2022-10-19 00:00:00+00:00,6.53,6.77,6.38,6.57,3736310.05,6.4254999999999995,6.282166666666667,55.296845320926565,0.020869206455457423,0.009795728505817145,0.011073477949640278
2022-10-20 00:00:00+00:00,6.57,6.59,6.01,6.09,3308415.98,6.406999999999999,6.2635,45.48566660519194,-0.0017698368641996254,0.007482615431813792,-0.009252452296013416
2022-10-21 00:00:00+00:00,6.1,6.17,5.82,6.03,4786494.44,6.3885,6.2476666666666665,44.4246085727601,-0.024273134771461535,0.0011314653911587268,-0.025404600162620264
2022-10-22 00:00:00+00:00,6.04,6.16,5.98,6.09,1371657.2,6.38,6.230666666666666,45.786543490586546,-0.03684098202334507,-0.006463024091742033,-0.03037795793160304
2022-10-23 00:00:00+00:00,6.09,6.3,5.97,6.29,2051908.12,6.363,6.218,50.17010611563327,-0.030313329790224053,-0.011233085231438438,-0.019080244558785615
2022-10-24 00:00:00+00:00,6.29,6.37,6.06,6.15,2106358.09,6.338,6.203333333333333,47.28772588772099,-0.036021712458972566,-0.016190810676945264,-0.019830901782027302
2022-10-25 00:00:00+00:00,6.14,6.78,6.07,6.58,2743931.61,6.3265,6.210333333333334,55.70523761268908,-0.005781593895068937,-0.01410896732057,0.008327373425501062
2022-10-26 00:00:00+00:00,6.58,6.9,6.52,6.69,2695553.59,6.3175,6.220833333333333,57.57177112978494,0.026751622574028744,-0.005936849341650252,0.032688471915678995
2022-10-27 00:00:00+00:00,6.69,7.22,6.68,6.8,4444778.43,6.318,6.2385,59.41359738356206,0.060710676815355136,0.0073926558897508265,0.05331802092560431
2022-10-28 00:00:00+00:00,6.8,6.99,6.51,6.85,5842955.79,6.334999999999999,6.247,60.258106446557704,0.09061351786693272,0.02403682828518721,0.06657668958174551
2022-10-29 00:00:00+00:00,6.86,7.24,6.71,7.1,3869923.53,6.3585,6.2625,64.2622169231096,0.1329520569487448,0.045819874017898735,0.08713218293084606
2022-10-30 00:00:00+00:00,7.1,7.37,6.78,6.89,2644418.17,6.3835,6.2748333333333335,58.89442524176156,0.14785601711884055,0.06622710263808711,0.08162891448075345
2022-10-31 00:00:00+00:00,6.89,7.13,6.7,6.96,2275736.39,6.4315,6.285666666666667,60.09109198757874,0.16343198571798823,0.08566807925406733,0.0777639064639209
2022-11-01 00:00:00+00:00,6.95,7.46,6.91,7.12,3496980.2,6.4845,6.297666666666666,62.759743054152416,0.18653643991141688,0.10584175138553725,0.08069468852587963
2022-11-02 00:00:00+00:00,7.11,7.38,6.83,7.1,4285397.04,6.532500000000001,6.310833333333334,62.199848848219055,0.20091700727194972,0.12485680256281975,0.07606020470912997
2022-11-03 00:00:00+00:00,7.1,7.41,6.89,6.91,3786516.87,6.564,6.318,56.99761589981637,0.194737485890351,0.138832939228326,0.05590454666202499
2022-11-04 00:00:00+00:00,6.92,7.77,6.81,7.55,4736168.89,6.6395,6.3341666666666665,67.00745930708345,0.23873088098009188,0.1588125275786792,0.07991835340141268
2022-11-05 00:00:00+00:00,7.55,7.79,7.51,7.69,3072316.99,6.718999999999999,6.365333333333333,68.72259396391873,0.28164615199364906,0.18337925246167316,0.0982668995319759
2022-11-06 00:00:00+00:00,7.68,7.77,7.04,7.06,2698935.24,6.7524999999999995,6.381,54.893325683473044,0.26180317455989943,0.19906403688131843,0.062739137678581
2022-11-07 00:00:00+00:00,7.05,7.7,6.87,7.01,5156008.98,6.7765,6.394833333333334,53.96515630669042,0.2392845663190979,0.20710814276887435,0.03217642355022354
2022-11-08 00:00:00+00:00,7.0,7.1,5.45,6.07,7487956.51,6.7515,6.387499999999999,40.20247588875104,0.14392913745443536,0.19447234170598657,-0.050543204251551205
2022-11-09 00:00:00+00:00,6.07,6.22,4.71,4.9,6577704.69,6.692,6.357833333333334,29.960542439017317,-0.02575308330795778,0.1504272567031977,-0.17618034001115548
2022-11-10 00:00:00+00:00,4.89,5.91,4.79,5.77,8234747.54,6.678999999999999,6.345833333333333,41.828080156363015,-0.08899980232911453,0.10254184489673526,-0.1915416472258498
2022-11-11 00:00:00+00:00,5.76,6.25,5.45,6.1,5737113.98,6.6795,6.336666666666667,45.59378057077576,-0.11121304598011683,0.05979086672136485,-0.1710039127014817
2022-11-12 00:00:00+00:00,6.1,6.19,5.28,5.56,5885301.5,6.642999999999999,6.328833333333334,40.92517274504665,-0.17042612239067267,0.013747468898957345,-0.18417359128963
2022-11-13 00:00:00+00:00,5.56,6.17,5.52,5.8,6047885.22,6.6255,6.322500000000001,43.68515837720712,-0.1957306566452024,-0.028148156209874604,-0.1675825004353278
2022-11-14 00:00:00+00:00,5.8,6.12,5.38,6.09,4632784.5,6.600999999999999,6.325833333333334,46.912662075209774,-0.1901916945181812,-0.06055686387153593,-0.12963483064664527
2022-11-15 00:00:00+00:00,6.09,6.51,5.97,6.28,3232226.5,6.580499999999999,6.333333333333332,48.97594661581644,-0.16852792995121835,-0.08215107708747241,-0.08637685286374594
2022-11-16 00:00:00+00:00,6.29,6.42,5.83,5.96,2294924.86,6.538500000000001,6.332333333333334,45.750810635699445,-0.17516141435087906,-0.10075314454015374,-0.07440826981072532
2022-11-17 00:00:00+00:00,5.96,6.05,5.66,5.73,1586245.52,6.4825,6.336666666666668,43.531921664548825,-0.19671002561157014,-0.11994452075443704,-0.0767655048571331
2022-11-18 00:00:00+00:00,5.73,6.06,5.72,5.85,2158402.94,6.42,6.342833333333333,45.0298861193225,-0.2017784814356265,-0.13631131289067494,-0.06546716854495155
2022-11-19 00:00:00+00:00,5.86,5.89,5.66,5.76,1138049.07,6.3635,6.350499999999999,44.085307053455146,-0.21062951113896933,-0.15117495254033383,-0.05945455859863549
2022-11-20 00:00:00+00:00,5.75,5.82,5.38,5.44,1595556.76,6.2875,6.352166666666666,40.80759624284984,-0.24069080778815266,-0.1690781235898976,-0.07161268419825506
2022-11-21 00:00:00+00:00,5.44,5.48,5.08,5.19,2983854.29,6.191,6.343,38.40521630345475,-0.2814432104872191,-0.1915511409693619,-0.08989206951785719
2022-11-22 00:00:00+00:00,5.19,5.39,4.95,5.31,2987868.2,6.1015,6.332999999999999,40.224294264304305,-0.3005917515137,-0.21335926307822956,-0.08723248843547043
2022-11-23 00:00:00+00:00,5.32,5.55,5.25,5.49,2040961.3,6.0305,6.327833333333333,42.9461689820145,-0.297809648312068,-0.23024934012499726,-0.06756030818707076
2022-11-24 00:00:00+00:00,5.49,5.6,5.38,5.45,1805163.64,5.9254999999999995,6.324333333333333,42.48322012440339,-0.29542697887133684,-0.24328486787426518,-0.05214211099707167
2022-11-25 00:00:00+00:00,5.46,5.52,5.29,5.41,2011725.37,5.8115000000000006,6.315833333333333,41.99569384297762,-0.293384409037472,-0.25330477610690655,-0.040079632930565434
2022-11-26 00:00:00+00:00,5.42,5.63,5.36,5.42,1995736.3,5.7295,6.299833333333334,42.174353212008185,-0.2876429721700573,-0.2601724153195367,-0.027470556850520578
2022-11-27 00:00:00+00:00,5.42,5.62,5.38,5.41,1575180.9,5.649500000000001,6.280666666666666,42.03492184434014,-0.28066443363097004,-0.26427081898182336,-0.01639361464914668
2022-11-28 00:00:00+00:00,5.41,5.46,5.14,5.29,1741272.08,5.6105,6.2625,40.31258294100432,-0.2815711121700799,-0.26773087761947467,-0.013840234550605235
2022-11-29 00:00:00+00:00,5.29,5.54,5.25,5.46,1482348.08,5.6385000000000005,6.245833333333334,43.824221624713125,-0.26551143168453795,-0.2672869884324873,0.0017755567479493806
2022-11-30 00:00:00+00:00,5.46,5.9,5.46,5.86,3680518.7,5.643,6.236833333333333,51.112436750965244,-0.21799445772367587,-0.257428482290725,0.03943402456704914
2022-12-01 00:00:00+00:00,5.86,6.0,5.71,5.91,2310368.79,5.6335,6.231,51.95159858600566,-0.17429318800820148,-0.2408014234342203,0.06650823542601883
2022-12-02 00:00:00+00:00,5.92,6.55,5.85,6.34,3620090.5,5.6725,6.226166666666667,58.54235284178292,-0.10376606002020061,-0.21339435075141638,0.10962829073121577
2022-12-03 00:00:00+00:00,6.35,6.45,6.06,6.1,2191455.07,5.6875,6.2170000000000005,54.08326007387397,-0.06647254310629425,-0.18400998922239198,0.11753744611609773
2022-12-04 00:00:00+00:00,6.1,6.3,6.09,6.27,1178424.41,5.6964999999999995,6.208,56.604660314540354,-0.022935200303589198,-0.15179503143863143,0.12885983113504224
2022-12-05 00:00:00+00:00,6.26,6.43,6.11,6.17,1982022.18,5.691,6.1963333333333335,54.70179485605974,0.0034594152860352168,-0.1207441420936981,0.12420355737973332
2022-12-06 00:00:00+00:00,6.18,6.24,6.04,6.18,1478434.32,5.702,6.186166666666666,54.865194892506686,0.02489725467635573,-0.09161586273968735,0.11651311741604307
2022-12-07 00:00:00+00:00,6.18,6.29,5.88,6.0,1575792.34,5.7155000000000005,6.177666666666666,51.2795093168808,0.02705057893171947,-0.06788257440540597,0.09493315333712544
2022-12-08 00:00:00+00:00,6.0,6.23,5.92,6.19,1567224.99,5.7325,6.170333333333334,54.64873759995597,0.04358608279068932,-0.04558884296618692,0.08917492575687624
2022-12-09 00:00:00+00:00,6.19,6.29,6.06,6.17,1541370.39,5.753,6.166666666666667,54.22365954285197,0.05444910054012997,-0.025581254264923546,0.08003035480505352
2022-12-10 00:00:00+00:00,6.17,6.22,6.06,6.08,590170.21,5.785,6.168000000000001,52.25393825886163,0.05516002213253923,-0.009432998985430992,0.06459302111797022
2022-12-11 00:00:00+00:00,6.09,6.11,5.88,5.92,966345.11,5.8215,6.165666666666667,48.85614240167694,0.042324874979782656,0.0009185758076117375,0.04140629917217092
2022-12-12 00:00:00+00:00,5.92,5.98,5.74,5.92,1386337.13,5.852,6.162000000000001,48.85614240167694,0.031786513250645854,0.007092163296218561,0.02469434995442729
2022-12-13 00:00:00+00:00,5.93,6.26,5.83,6.11,1840137.97,5.883,6.159166666666667,53.05978970674577,0.03832441772781081,0.013338614182537012,0.0249858035452738
2022-12-14 00:00:00+00:00,6.11,6.24,5.904,5.908,1934419.31,5.905900000000001,6.156966666666666,48.49604288619305,0.026896001945215353,0.01605009173507268,0.010845910210142674
2022-12-15 00:00:00+00:00,5.909,6.013,5.761,5.799,2045005.07,5.92535,6.15195,46.18748815517346,0.008940451096226987,0.01462816360730354,-0.005687712511076554
2022-12-16 00:00:00+00:00,5.798,5.878,5.211,5.3,2542701.55,5.91935,6.1337833333333345,37.40819818480018,-0.045035441461768855,0.002695442593489061,-0.04773088405525792
2022-12-17 00:00:00+00:00,5.298,5.44,5.24,5.386,1843589.52,5.91815,6.114716666666666,39.54113328109697,-0.0799506229079272,-0.013833770506794192,-0.06611685240113302
2022-12-18 00:00:00+00:00,5.387,5.408,5.306,5.328,659947.73,5.920050000000001,6.094016666666667,38.58612834369087,-0.11102148446365945,-0.033271313298167245,-0.07775017116549221
2022-12-19 00:00:00+00:00,5.33,5.427,5.004,5.09,1266701.01,5.901549999999999,6.07735,34.8649599617203,-0.1530853049479095,-0.0572341116281157,-0.0958511933197938
2022-12-20 00:00:00+00:00,5.092,5.396,5.05,5.362,937182.55,5.87665,6.066216666666667,41.77576354834931,-0.16259872208003756,-0.07830703371850009,-0.08429168836153747
2022-12-21 00:00:00+00:00,5.362,5.369,5.201,5.322,713931.26,5.847250000000001,6.053416666666667,41.08540108893397,-0.17139016032224585,-0.09692365903924924,-0.07446650128299662
2022-12-22 00:00:00+00:00,5.323,5.391,5.128,5.372,845462.84,5.79885,6.038116666666666,42.367480925234624,-0.1723362710781382,-0.11200618144702704,-0.06033008963111117
2022-12-23 00:00:00+00:00,5.372,5.411,5.232,5.265,701601.65,5.757099999999999,6.023366666666667,40.344131137703066,-0.17964919237032628,-0.12553478363168688,-0.0541144087386394
2022-12-24 00:00:00+00:00,5.265,5.271,5.175,5.202,284307.17,5.7037,6.0004,39.158350989104555,-0.1883570458913244,-0.1380992360836144,-0.05025780980771
2022-12-25 00:00:00+00:00,5.202,5.239,5.05,5.161,616106.04,5.65325,5.974916666666667,38.36799828900057,-0.19630357448023972,-0.14974010376293947,-0.04656347071730024
2022-12-26 00:00:00+00:00,5.161,5.21,5.129,5.203,486780.77,5.6044,5.9483,39.71041986274863,-0.1969419820700704,-0.15918047942436567,-0.03776150264570474
2022-12-27 00:00:00+00:00,5.204,5.33,5.095,5.193,757475.92,5.56405,5.920683333333333,39.48987153776453,-0.1959955266823874,-0.16654348887597004,-0.029452037806417364
2022-12-28 00:00:00+00:00,5.193,5.203,4.943,4.97,1648770.08,5.50305,5.885183333333333,34.84258737134624,-0.210809608339531,-0.17539671276868224,-0.03541289557084876
2022-12-29 00:00:00+00:00,4.971,5.146,4.944,5.048,1004632.54,5.446949999999999,5.8544833333333335,37.60834693895665,-0.21379147165108847,-0.1830756645451635,-0.030715807105924975
2022-12-30 00:00:00+00:00,5.049,5.114,4.95,5.098,585425.43,5.39785,5.82345,39.38455555316269,-0.20970271530941886,-0.18840107469801456,-0.0213016406114043
2022-12-31 00:00:00+00:00,5.099,5.203,5.056,5.166,378957.61,5.36015,5.790883333333334,41.81079411881441,-0.19868499777324455,-0.19045785931306056,-0.008227138460183997
2023-01-01 00:00:00+00:00,5.167,5.271,5.1,5.248,389616.4,5.326549999999999,5.760016666666667,44.68603743333185,-0.1812473558543255,-0.18861575862131355,0.0073684027669880525
2023-01-02 00:00:00+00:00,5.249,5.465,5.179,5.371,1662826.88,5.2896,5.734366666666667,48.77479899888128,-0.155707922945151,-0.18203419148608108,0.026326268540930065
2023-01-03 00:00:00+00:00,5.371,5.422,5.278,5.379,860072.76,5.2631499999999996,5.698183333333334,49.03865528921239,-0.1332857698346004,-0.17228450715578494,0.03899873732118456
2023-01-04 00:00:00+00:00,5.379,5.601,5.363,5.532,1516377.16,5.2498000000000005,5.662216666666667,53.92653778524321,-0.1019945015020074,-0.15822650602502944,0.056232004523022044
2023-01-05 00:00:00+00:00,5.532,5.563,5.33,5.377,820778.6,5.2536499999999995,5.634166666666667,48.818125633978596,-0.08868089239240362,-0.14431738329850427,0.05563649090610065
2023-01-06 00:00:00+00:00,5.377,5.534,5.243,5.52,859961.5,5.26035,5.609333333333334,53.22088004428522,-0.06583198619664632,-0.1286203038781327,0.06278831768148638
2023-01-07 00:00:00+00:00,5.521,5.565,5.395,5.414,546115.79,5.26465,5.598400000000001,49.8010738619794,-0.05563603990428234,-0.11402345108336263,0.05838741117908029
2023-01-08 00:00:00+00:00,5.417,5.611,5.344,5.58,683456.6,5.28915,5.609733333333334,54.70920636333456,-0.03377156870765141,-0.0979730746082204,0.06420150590056899
2023-01-09 00:00:00+00:00,5.582,5.967,5.564,5.79,1749532.99,5.31055,5.6100666666666665,60.03297922552747,0.0004957129274014704,-0.07827931710109602,0.07877503002849749
2023-01-10 00:00:00+00:00,5.79,5.88,5.665,5.781,1259371.78,5.333499999999999,5.604749999999999,59.70904442572491,0.026619700385892564,-0.05729951360369831,0.08391921398959087
2023-01-11 00:00:00+00:00,5.78,5.958,5.607,5.919,1212140.69,5.360849999999999,5.610733333333333,63.00535298299487,0.0577924005270356,-0.03428113077755153,0.09207353130458713
2023-01-12 00:00:00+00:00,5.919,6.194,5.858,6.181,2463678.33,5.406650000000001,5.6170833333333325,68.30678791551607,0.10245713823844937,-0.006933476974351347,0.10939061521280072
2023-01-13 00:00:00+00:00,6.181,6.363,6.017,6.307,1758626.38,5.4619,5.6207,70.49647657403784,0.14633455794695305,0.023720130009909534,0.12261442793704351
2023-01-14 00:00:00+00:00,6.304,6.968,6.29,6.621,4123554.58,5.5348999999999995,5.626383333333334,75.11136295205999,0.20409225648840845,0.059794555305609315,0.14429770118279914
2023-01-15 00:00:00+00:00,6.628,6.683,6.388,6.592,1739529.53,5.60435,5.636916666666666,73.96071814646656,0.24470478661076367,0.0967766015666402,0.14792818504412347
2023-01-16 00:00:00+00:00,6.59,6.741,6.271,6.54,2092183.26,5.6717,5.6504166666666675,71.8356840661333,0.2695869137822866,0.13133866400976948,0.13824824977251712
2023-01-17 00:00:00+00:00,6.538,6.653,6.312,6.342,1699782.2,5.7402999999999995,5.658616666666666,64.26420931358342,0.2702143705259896,0.1591138053130135,0.11110056521297612
2023-01-18 00:00:00+00:00,6.344,6.82,6.0,6.048,4635622.91,5.7903,5.6634166666666665,54.995226711327746,0.24417361019098838,0.1761257662886085,0.06804784390237989
2023-01-19 00:00:00+00:00,6.046,6.193,5.986,6.164,1337154.65,5.8436,5.675483333333333,57.59409673032754,0.23024226109443635,0.18694906524977406,0.04329319584466229
2023-01-20 00:00:00+00:00,6.166,6.707,6.072,6.67,1516120.44,5.918799999999999,5.70015,66.64290544715202,0.2570682153795385,0.20097289527572695,0.05609532010381155
2023-01-21 00:00:00+00:00,6.67,6.826,6.52,6.66,2188789.99,5.989400000000001,5.722650000000001,66.34161504585988,0.2743584278208058,0.21565000178474275,0.05870842603606302
2023-01-22 00:00:00+00:00,6.661,7.109,6.604,6.888,3055847.21,6.06525,5.74595,69.70461861005796,0.30296633297768594,0.2331132680233314,0.06985306495435453
2023-01-23 00:00:00+00:00,6.888,7.036,6.602,6.721,2915529.29,6.132350000000001,5.767133333333334,64.61230005927587,0.30860538877891486,0.2482116921744481,0.06039369660446675
2023-01-24 00:00:00+00:00,6.721,6.829,6.212,6.296,2261133.47,6.1705499999999995,5.781899999999999,53.83363750024738,0.275603448010318,0.2536900433416221,0.0219134046686959
2023-01-25 00:00:00+00:00,6.298,6.703,6.1,6.596,1992262.6,6.2315,5.8015,59.02929081030648,0.2705380705077385,0.2570596487748454,0.013478421732893098
2023-01-26 00:00:00+00:00,6.598,6.797,6.44,6.74,1852369.96,6.2925,5.823666666666667,61.28174615838129,0.2749735944529226,0.2606424379104608,0.014331156542461754
2023-01-27 00:00:00+00:00,6.739,6.881,6.562,6.871,1650706.09,6.36535,5.850016666666666,63.260576380103075,0.2857652602851566,0.2656670023854,0.02009825789975661
2023-01-28 00:00:00+00:00,6.871,6.912,6.546,6.631,1218433.63,6.4179,5.869533333333334,57.46591906141794,0.27181838581998186,0.26689727907231636,0.0049211067476654935
2023-01-29 00:00:00+00:00,6.63,6.988,6.553,6.927,1694615.51,6.47475,5.887316666666666,62.07945905906901,0.28140623761142614,0.2697990707801383,0.011607166831287818
2023-01-30 00:00:00+00:00,6.927,7.02,6.357,6.517,2121655.82,6.51155,5.897433333333333,53.433936711320605,0.25300462590829653,0.26644018180576995,-0.013435555897473417
2023-01-31 00:00:00+00:00,6.517,6.651,6.434,6.558,1282103.98,6.5435,5.901066666666667,54.12200638001317,0.2311400625977731,0.2593801579641706,-0.02824009536639749
2023-02-01 00:00:00+00:00,6.558,6.92,6.317,6.798,2213092.62,6.57435,5.9127,58.03131798667635,0.23052093108556448,0.2536083125884494,-0.02308738150288492
2023-02-02 00:00:00+00:00,6.8,7.528,6.8,7.11,4439466.91,6.6145,5.926699999999999,62.50437565621131,0.2522977262701813,0.2533461953247958,-0.001048469054614476
2023-02-03 00:00:00+00:00,7.114,7.295,6.909,7.061,3549490.22,6.6365,5.94155,61.39760717714767,0.2625752982664462,0.2551920159131259,0.0073832823533203085
2023-02-04 00:00:00+00:00,7.059,7.35,7.013,7.204,1641778.7,6.6671000000000005,5.958616666666668,63.43260977308521,0.27904262335449914,0.25996213740140056,0.01908048595309858
2023-02-05 00:00:00+00:00,7.204,7.325,6.75,6.886,2458849.32,6.684399999999999,5.9733833333333335,56.322032993572655,0.26339687949637014,0.2606490858203945,0.0027477936759756627
2023-02-06 00:00:00+00:00,6.89,6.976,6.592,6.647,2188213.2,6.69965,5.980999999999999,51.63703892866241,0.22907161716311997,0.2543335920889396,-0.025261974925819608
2023-02-07 00:00:00+00:00,6.646,7.013,6.63,6.979,1761499.44,6.7462,5.994483333333334,56.9892431180145,0.2260524330882019,0.24867736028879206,-0.022624927200590172
2023-02-08 00:00:00+00:00,6.978,7.061,6.578,6.812,2225878.68,6.7786,6.006683333333333,53.76601733021497,0.20778894205414122,0.2404996766418619,-0.03271073458772067
2023-02-09 00:00:00+00:00,6.813,6.867,6.161,6.33,4091890.38,6.7616,6.013516666666667,45.72727021985683,0.15266183150547086,0.2229321076145837,-0.07027027610911285
2023-02-10 00:00:00+00:00,6.327,6.479,6.248,6.365,1764444.84,6.746849999999999,6.020933333333333,46.354489744169626,0.11052336219804548,0.20045035853127607,-0.08992699633323059
2023-02-11 00:00:00+00:00,6.361,6.504,6.334,6.481,1051958.78,6.7265,6.027116666666667,48.47964835718319,0.08550292770136725,0.17746087236529431,-0.09195794466392707
2023-02-12 00:00:00+00:00,6.481,6.556,6.292,6.346,860352.14,6.70775,6.034416666666667,46.186493300640386,0.054156400073469335,0.1527999779069293,-0.09864357783345998
2023-02-13 00:00:00+00:00,6.349,6.382,6.087,6.244,2126636.12,6.705150000000001,6.041833333333333,44.47475028178698,0.020843235691801354,0.12640862946390372,-0.10556539377210236
2023-02-14 00:00:00+00:00,6.245,6.59,6.224,6.589,1543949.17,6.7048000000000005,6.063316666666666,51.07898689406179,0.02202701589770939,0.10553230675066486,-0.08350529085295547
2023-02-15 00:00:00+00:00,6.587,6.946,6.5,6.93,1918963.9,6.7143,6.08905,56.57661936451776,0.049905738100085806,0.09440699302054904,-0.04450125492046324
2023-02-16 00:00:00+00:00,6.932,7.04,6.465,6.477,2794294.56,6.694599999999999,6.108199999999999,48.74053568585932,0.035042563323029796,0.08253410708104521,-0.04749154375801541
2023-02-17 00:00:00+00:00,6.474,6.83,6.439,6.738,2509111.82,6.699949999999999,6.135666666666666,52.797094629787196,0.04381879318917559,0.07479104430267128,-0.03097225111349569
2023-02-18 00:00:00+00:00,6.737,7.149,6.727,6.976,3466674.12,6.7024,6.162566666666666,56.200938748217226,0.06918115227872867,0.07366906589788276,-0.004487913619154085
2023-02-19 00:00:00+00:00,6.974,7.619,6.956,7.21,5658910.71,6.737049999999999,6.1940333333333335,59.30789190623211,0.10693022390411944,0.0803212974991301,0.02660892640498934
2023-02-20 00:00:00+00:00,7.209,7.383,7.042,7.371,2350171.06,6.7777,6.22735,61.33990953460958,0.14813043416442184,0.09388312483218846,0.05424730933223339
2023-02-21 00:00:00+00:00,7.371,7.436,6.888,7.036,2192778.12,6.7896,6.256866666666666,55.16686767462445,0.15199805833799918,0.1055061115333506,0.046491946804648576
2023-02-22 00:00:00+00:00,7.034,7.05,6.705,6.931,1634392.1,6.78065,6.285683333333333,53.354459586380166,0.1449200082365225,0.11338889087398499,0.031531117362537525
2023-02-23 00:00:00+00:00,6.935,7.053,6.813,6.943,1390939.4,6.77475,6.315383333333333,53.542309893270215,0.13868028227967955,0.1184471691551239,0.02023311312455564
2023-02-24 00:00:00+00:00,6.943,7.048,6.467,6.572,2068847.84,6.74315,6.3382000000000005,47.211915757733834,0.10261576442426446,0.11528088820895202,-0.012665123784687565
2023-02-25 00:00:00+00:00,6.571,6.621,6.275,6.469,1266939.04,6.7223,6.359466666666667,45.59998513252019,0.06497415340450363,0.10521954124806235,-0.040245387843558716
2023-02-26 00:00:00+00:00,6.471,6.655,6.426,6.61,824115.1,6.72045,6.386799999999999,48.20693629799848,0.04599027977472403,0.09337368895339468,-0.04738340917867065
2023-02-27 00:00:00+00:00,6.607,6.646,6.373,6.439,1247815.26,6.69345,6.409983333333333,45.367449073944,0.016951743115783735,0.07808929978587249,-0.06113755667008876
2023-02-28 00:00:00+00:00,6.439,6.623,6.402,6.501,1387400.35,6.677899999999999,6.433366666666666,46.5956993821463,-0.0010465604559311004,0.062262127737511774,-0.06330868819344287
2023-03-01 00:00:00+00:00,6.501,6.874,6.468,6.843,1842392.66,6.70355,6.461316666666666,52.887700673192576,0.01214618244891863,0.05223893867979315,-0.04009275623087452
2023-03-02 00:00:00+00:00,6.84,6.895,6.56,6.637,950715.26,6.717149999999999,6.484466666666666,49.13270819060571,0.005910910565835259,0.04297333305700157,-0.037062422491166314
2023-03-03 00:00:00+00:00,6.638,6.641,6.1,6.272,1906418.52,6.7067000000000005,6.499483333333333,43.27055481605083,-0.028158443878925077,0.028746977669816244,-0.05690542154874132
2023-03-04 00:00:00+00:00,6.273,6.297,6.01,6.161,804547.11,6.697450000000001,6.5125166666666665,41.64333301744929,-0.06338476495241085,0.010320629145370826,-0.07370539409778168
2023-03-05 00:00:00+00:00,6.161,6.387,6.123,6.351,1220975.73,6.702800000000001,6.526166666666667,45.42646653607895,-0.0751047057940033,-0.0067644378425040005,-0.0683402679514993
2023-03-06 00:00:00+00:00,6.349,6.44,6.245,6.337,1198209.52,6.6902,6.542166666666666,45.19397835422078,-0.08454791066084688,-0.022321132406172575,-0.062226778254674306
2023-03-07 00:00:00+00:00,6.337,6.483,6.264,6.429,1716188.55,6.66515,6.557316666666667,47.10961496285431,-0.08364389269998718,-0.0345856844649355,-0.04905820823505168
2023-03-08 00:00:00+00:00,6.43,6.499,6.06,6.103,1525382.48,6.64645,6.5687999999999995,41.56549900823091,-0.10798810777110912,-0.049266169126170226,-0.058721938644938895
2023-03-09 00:00:00+00:00,6.103,6.2,5.606,5.722,1597430.2,6.595650000000001,6.571166666666667,36.203084480526826,-0.15622373943342893,-0.07065768318762197,-0.08556605624580696
2023-03-10 00:00:00+00:00,5.724,5.731,5.362,5.62,2270794.52,6.527850000000001,6.568333333333333,34.90479264472235,-0.2003716133633553,-0.09660046922276863,-0.10377114414058666
2023-03-11 00:00:00+00:00,5.621,5.786,5.23,5.434,2769564.15,6.43905,6.562550000000001,32.608362700725635,-0.2475145731276749,-0.12678329000374988,-0.120731283123925
2023-03-12 00:00:00+00:00,5.432,5.908,5.379,5.897,1865452.75,6.36535,6.5621833333333335,42.71213412858549,-0.24469478863387817,-0.15036558972977554,-0.09432919890410263
2023-03-13 00:00:00+00:00,5.896,6.213,5.8,6.09,3484762.12,6.31805,6.560666666666666,46.324678272103895,-0.2243009997725398,-0.1651526717383284,-0.05914832803421141
2023-03-14 00:00:00+00:00,6.093,6.593,5.978,6.317,3163517.92,6.28735,6.560833333333333,50.29481484040112,-0.18765856120855684,-0.1696538496323741,-0.018004711576182747
2023-03-15 00:00:00+00:00,6.316,6.428,5.73,5.909,2183607.3,6.235650000000001,6.548966666666667,43.99594759410616,-0.1893585473910928,-0.17359478918411786,-0.015763758206974954
2023-03-16 00:00:00+00:00,5.907,5.997,5.786,5.903,1492161.52,6.2022,6.537483333333333,43.9088578223123,-0.1890111457119863,-0.17667806048969154,-0.01233308522229476
2023-03-17 00:00:00+00:00,5.904,6.43,5.826,6.404,2164548.39,6.19895,6.535216666666667,52.38452271260769,-0.14661917977294792,-0.17066628434634282,0.0240471045733949
2023-03-18 00:00:00+00:00,6.405,6.62,6.296,6.508,2241404.5,6.193849999999999,6.537983333333333,53.94041598123551,-0.10343893090591827,-0.15722081365825794,0.053781882752339666
2023-03-19 00:00:00+00:00,6.507,6.713,6.41,6.488,1896557.22,6.1963,6.5453166666666664,53.5778406885643,-0.07002490195418964,-0.13978163131744428,0.06975672936325464
2023-03-20 00:00:00+00:00,6.49,6.59,6.148,6.176,2035868.55,6.18005,6.545516666666667,48.14143083920255,-0.06793670375036598,-0.12541264580402864,0.05747594205366266
2023-03-21 00:00:00+00:00,6.18,6.511,6.035,6.421,1994621.42,6.15895,6.541366666666667,52.239610709802946,-0.04598228403226656,-0.10952657344967623,0.06354428941740967
2023-03-22 00:00:00+00:00,6.42,6.449,5.906,6.071,2255422.65,6.13065,6.531549999999999,46.57686124247348,-0.05617774113025398,-0.09885680698579179,0.04267906585553781
2023-03-23 00:00:00+00:00,6.071,6.441,6.012,6.238,1747019.74,6.128950000000001,6.520716666666667,49.395562983719344,-0.050203495367933115,-0.08912614466222006,0.038922649294286946
2023-03-24 00:00:00+00:00,6.241,6.286,5.804,5.882,1983578.41,6.115,6.506733333333333,44.05888020370718,-0.07334955928214981,-0.08597082758620601,0.012621268304056202
2023-03-25 00:00:00+00:00,5.882,5.913,5.675,5.712,1074861.53,6.08305,6.497,41.7397916492244,-0.10420930098950265,-0.08961852226686534,-0.01459077872263731
2023-03-26 00:00:00+00:00,5.711,5.869,5.681,5.786,886868.7,6.0555,6.4835,43.142726138726154,-0.12129645701675074,-0.09595410921684243,-0.025342347799908307
2023-03-27 00:00:00+00:00,5.786,5.821,5.51,5.644,1312636.18,6.01625,6.465233333333333,41.097586416875814,-0.14462916949374893,-0.10568912127222374,-0.03894004822152519
2023-03-28 00:00:00+00:00,5.645,5.888,5.575,5.808,885141.31,6.0015,6.447516666666667,44.3770984353721,-0.14817896793591334,-0.11418709060496167,-0.03399187733095167
2023-03-29 00:00:00+00:00,5.809,6.032,5.809,5.945,1174607.95,6.01265,6.4360833333333325,47.030269788448585,-0.1383427249155469,-0.11901821746707872,-0.01932450744846817
2023-03-30 00:00:00+00:00,5.944,6.073,5.831,5.897,1509389.3,6.0265,6.418916666666667,46.19879767860753,-0.13288877126807375,-0.12179232822727773,-0.011096443040796017
2023-03-31 00:00:00+00:00,5.898,6.129,5.869,6.062,1217277.43,6.0579,6.411333333333333,49.503689540429896,-0.11393893554691292,-0.12022164969120477,0.006282714144291851
2023-04-01 00:00:00+00:00,6.062,6.2,6.021,6.101,1133784.07,6.068099999999999,6.403716666666666,50.28110308572203,-0.0946826376394867,-0.11511384728086117,0.020431209641374473
2023-04-02 00:00:00+00:00,6.1,6.12,5.89,5.948,897584.05,6.061,6.38955,47.210374654192925,-0.09072191833720566,-0.11023546149213008,0.019513543154924415
2023-04-03 00:00:00+00:00,5.949,6.083,5.815,5.93,1491724.65,6.04165,6.369883333333334,46.847887696806815,-0.08802082009938239,-0.10579253321358055,0.01777171311419816
2023-04-04 00:00:00+00:00,5.932,6.207,5.879,6.151,1350237.93,6.05375,6.354716666666666,51.74665504224151,-0.06727185914269018,-0.09808839839940248,0.030816539256712294
2023-04-05 00:00:00+00:00,6.151,6.345,6.128,6.232,1328299.44,6.0702,6.338516666666666,53.44041858849921,-0.04378738136587845,-0.08722819499269768,0.04344081362681923
2023-04-06 00:00:00+00:00,6.23,6.238,6.038,6.076,875452.05,6.0538,6.325016666666667,49.813820163122934,-0.0373333046875679,-0.07724921693167174,0.03991591224410383
2023-04-07 00:00:00+00:00,6.077,6.098,5.951,6.002,715214.51,6.0285,6.314266666666667,48.14476573244354,-0.03775437504287993,-0.06935024855391338,0.03159587351103345
2023-04-08 00:00:00+00:00,6.003,6.052,5.89,5.914,1176210.64,5.9998,6.296516666666666,46.16388364432933,-0.04467396720111161,-0.06441499228335303,0.019741025082241417
2023-04-09 00:00:00+00:00,5.915,5.961,5.82,5.913,782314.69,5.98665,6.281533333333333,46.140651180067096,-0.0496659671290578,-0.06146518725249398,0.011799220123436184
2023-04-10 00:00:00+00:00,5.914,6.045,5.834,6.012,867070.94,5.9662,6.276233333333333,48.88333251248791,-0.04511364835888454,-0.058194879473772096,0.013081231114887557
2023-04-11 00:00:00+00:00,6.012,6.094,5.915,5.933,990338.1,5.9593,6.269033333333335,46.83382072023125,-0.04733489549497083,-0.056022882678011844,0.008687987183041014
2023-04-12 00:00:00+00:00,5.932,6.017,5.702,5.946,1738104.89,5.944699999999999,6.260116666666666,47.22593361062103,-0.047498722789683256,-0.05431805070034613,0.0068193279106628715
2023-04-13 00:00:00+00:00,5.946,6.242,5.898,6.205,1478375.39,5.96085,6.257766666666667,54.43599058087091,-0.026424812860588176,-0.04873940313239454,0.022314590271806364
2023-04-14 00:00:00+00:00,6.205,6.47,6.121,6.308,2597969.29,5.9906500000000005,6.258833333333333,56.954634000711984,-0.0013962530829703113,-0.0392707731225097,0.03787452003953939
2023-04-15 00:00:00+00:00,6.306,6.363,6.22,6.266,1424876.23,6.0146500000000005,6.25345,55.60488064755153,0.014878501763686991,-0.02844091814527036,0.04331941990895735
2023-04-16 00:00:00+00:00,6.265,6.489,6.129,6.314,2052339.3,6.04815,6.2431833333333335,56.863084660851214,0.0312888823214541,-0.016494958051925468,0.04778384037337957
2023-04-17 00:00:00+00:00,6.316,6.323,6.06,6.129,1563718.7,6.0642000000000005,6.237383333333333,50.878114111723676,0.029031614868747724,-0.00738964346779083,0.03642125833653855
2023-04-18 00:00:00+00:00,6.128,6.372,6.027,6.325,1994173.0,6.0832,6.230500000000001,56.144630102426284,0.04256758350416234,0.0026018019265998046,0.03996578157756254
2023-04-19 00:00:00+00:00,6.325,6.498,5.743,5.831,3274876.32,6.0799,6.211416666666667,43.48900937039053,0.013280179061776032,0.00473747735363505,0.008542701708140981
2023-04-20 00:00:00+00:00,5.83,5.964,5.656,5.785,1644558.63,6.06605,6.187666666666667,42.527701055212916,-0.013486649821138563,0.0010926519186803276,-0.014579301739818891
2023-04-21 00:00:00+00:00,5.784,5.836,5.407,5.471,1563904.89,6.03455,6.156000000000001,36.583129747518484,-0.059352551084720595,-0.010996388681999857,-0.04835616240272074
2023-04-22 00:00:00+00:00,5.47,5.553,5.444,5.503,827009.51,6.0123,6.13045,37.5413084859746,-0.0920582851107774,-0.027208767967755364,-0.06484951714302203
2023-04-23 00:00:00+00:00,5.504,5.538,5.31,5.429,930848.08,5.98725,6.105416666666668,36.17993909675121,-0.12253647233790854,-0.046274308841786,-0.07626216349612254
2023-04-24 00:00:00+00:00,5.428,5.52,5.3,5.36,1196737.2,5.947699999999999,6.079033333333332,34.908770422399854,-0.1505232404236887,-0.06712409515816654,-0.08339914526552215
2023-04-25 00:00:00+00:00,5.36,5.473,5.23,5.451,1055036.19,5.90865,6.06035,38.00252824801557,-0.1634755716541587,-0.08639439045736498,-0.07708118119679373
2023-04-26 00:00:00+00:00,5.451,5.683,5.129,5.357,1888065.04,5.8727,6.041816666666666,36.09411934478363,-0.17925901553382406,-0.10496731547265681,-0.07429170006116725
2023-04-27 00:00:00+00:00,5.356,5.592,5.342,5.554,1197810.55,5.8503,6.024216666666667,42.59983584144757,-0.17386702409443,-0.11874725719701146,-0.05511976689741854
2023-04-28 00:00:00+00:00,5.555,5.569,5.444,5.524,568781.38,5.830800000000001,6.008966666666667,41.90029812530393,-0.17005430118214804,-0.1290086659940388,-0.04104563518810925
2023-04-29 00:00:00+00:00,5.525,5.636,5.493,5.634,681729.53,5.81685,5.994516666666668,45.43821705230949,-0.1563542555821309,-0.1344777839116572,-0.021876471670473685
2023-04-30 00:00:00+00:00,5.633,5.67,5.435,5.447,723977.91,5.7886,5.97125,40.88072267081639,-0.15875616566095374,-0.13933346026151652,-0.019422705399437218
2023-05-01 00:00:00+00:00,5.448,5.491,5.263,5.331,829551.46,5.7585,5.949483333333333,38.313532053340886,-0.16808237822229977,-0.1450832438536732,-0.022999134368626578
2023-05-02 00:00:00+00:00,5.33,5.36,5.245,5.325,651789.04,5.72745,5.9337,38.179979195935246,-0.17395240369660492,-0.15085707582225955,-0.023095327874345373
2023-05-03 00:00:00+00:00,5.326,5.398,5.18,5.389,836885.05,5.68665,5.920833333333333,40.56006559272672,-0.1714636498238047,-0.15497839062256857,-0.016485259201236113
2023-05-04 00:00:00+00:00,5.39,5.398,5.211,5.264,614556.11,5.63445,5.902716666666667,37.5215655403808,-0.17753127969755145,-0.15948896843756516,-0.018042311259986288
2023-05-05 00:00:00+00:00,5.263,5.613,5.237,5.545,1265747.43,5.5984,5.889516666666667,47.11313009238406,-0.1578460178641894,-0.15916037832289,0.0013143604587006197
2023-05-06 00:00:00+00:00,5.545,5.602,5.256,5.287,1416763.62,5.5470500000000005,5.8704833333333335,40.904094272530955,-0.16120547348917125,-0.15956939735614628,-0.0016360761330249662
2023-05-07 00:00:00+00:00,5.287,5.35,5.236,5.262,579483.24,5.5037,5.856466666666666,40.349185028169046,-0.16399472819832628,-0.16045446352458229,-0.0035402646737439925
2023-05-08 00:00:00+00:00,5.261,5.278,4.8,4.968,2081595.48,5.43585,5.8439000000000005,34.43322902442587,-0.18776414737845215,-0.1659164002953563,-0.021847747083095864
2023-05-09 00:00:00+00:00,4.968,5.011,4.909,4.954,872256.38,5.392,5.832800000000001,34.17626040161758,-0.20536395844688737,-0.1738059119256625,-0.031558046521224875
2023-05-10 00:00:00+00:00,4.955,5.137,4.85,5.134,1307653.62,5.359450000000001,5.8278,40.340906488988644,-0.20245367984299012,-0.17953546550912805,-0.02291821433386207
2023-05-11 00:00:00+00:00,5.133,5.199,4.925,5.066,1611656.51,5.3392,5.81395,38.86025668734022,-0.20329088401551498,-0.18428654921040544,-0.019004334805109546
2023-05-12 00:00:00+00:00,5.066,5.211,4.904,5.194,1352464.0,5.32375,5.799016666666668,43.09423569980657,-0.19141928176874146,-0.18571309572207265,-0.00570618604666881
2023-05-13 00:00:00+00:00,5.194,5.21,5.076,5.103,669964.8,5.30745,5.778783333333334,40.92441581631641,-0.18719601184014412,-0.18600967894568696,-0.0011863328944571594
2023-05-14 00:00:00+00:00,5.104,5.188,5.075,5.14,559757.83,5.29645,5.765966666666667,42.19875980284973,-0.17880232728822243,-0.18456820861419407,0.005765881325971639
2023-05-15 00:00:00+00:00,5.14,5.221,5.072,5.118,838603.74,5.2798,5.752883333333333,41.62381497499452,-0.17194343110323196,-0.18204325311200165,0.010099822008769688
2023-05-16 00:00:00+00:00,5.118,5.157,5.036,5.144,816753.68,5.26915,5.731883333333333,42.61883359198719,-0.16253610866652135,-0.17814182422290561,0.015605715556384264
2023-05-17 00:00:00+00:00,5.144,5.345,5.109,5.345,1322365.37,5.258699999999999,5.7125,49.74968918991552,-0.13727924796919577,-0.16996930897216364,0.03269006100296787
2023-05-18 00:00:00+00:00,5.342,5.427,5.211,5.308,1472035.99,5.2479000000000005,5.692833333333334,48.55354492209304,-0.11887824032349403,-0.15975109524242972,0.04087285491893569
2023-05-19 00:00:00+00:00,5.307,5.377,5.261,5.317,638001.42,5.23205,5.678516666666667,48.87553864512557,-0.10238880994212085,-0.14827863818236797,0.04588982824024712
2023-05-20 00:00:00+00:00,5.319,5.319,5.243,5.29,408497.35,5.224200000000001,5.659666666666666,47.906825304630004,-0.0904567626639281,-0.13671426307868,0.046257500414751906
2023-05-21 00:00:00+00:00,5.29,5.298,5.09,5.114,580518.81,5.21335,5.643716666666666,42.05543059265746,-0.09411733231589636,-0.1281948769261233,0.03407754461022694
2023-05-22 00:00:00+00:00,5.113,5.3,5.05,5.074,924196.21,5.200799999999999,5.624316666666667,40.83469030946428,-0.09910362099118863,-0.12237662573913638,0.023273004747947745
2023-05-23 00:00:00+00:00,5.075,5.2,5.029,5.072,775883.57,5.18495,5.610816666666667,40.770965744604894,-0.10204041558304233,-0.11830938370791758,0.016268968124875244
2023-05-24 00:00:00+00:00,5.071,5.072,4.87,4.976,946052.63,5.1705499999999995,5.59855,37.72754446602439,-0.11083658894608384,-0.11681482475555083,0.005978235809466992
2023-05-25 00:00:00+00:00,4.976,4.984,4.867,4.953,561573.92,5.14095,5.584666666666667,37.01464876945581,-0.1182998405673148,-0.11711182791790363,-0.001188012649411166
2023-05-26 00:00:00+00:00,4.953,5.018,4.939,4.976,505116.64,5.1254,5.573533333333334,38.27080243021494,-0.1209642133125266,-0.11788230499682822,-0.0030819083156983784
2023-05-27 00:00:00+00:00,4.977,5.045,4.963,5.043,481026.39,5.11445,5.560783333333333,41.90551260637044,-0.11632844593840463,-0.11757153318514352,0.0012430872467388832
2023-05-28 00:00:00+00:00,5.043,5.17,5.028,5.145,629496.5,5.1232999999999995,5.54745,47.019989789417735,-0.1032340020306064,-0.11470402695423611,0.01147002492362971
2023-05-29 00:00:00+00:00,5.146,5.169,5.083,5.099,733425.13,5.13055,5.5341499999999995,45.09198538230062,-0.095467882136683,-0.1108567979907255,0.015388915854042493
2023-05-30 00:00:00+00:00,5.099,5.2,5.09,5.135,586261.16,5.130599999999999,5.5187,46.92613826605858,-0.0854235673236472,-0.10577015185730984,0.020346584533662643
2023-05-31 00:00:00+00:00,5.135,5.159,4.988,5.025,719418.53,5.12855,5.500766666666667,42.27886722056235,-0.0853555307342484,-0.10168722763269755,0.016331696898449155
2023-06-01 00:00:00+00:00,5.023,5.054,4.953,4.982,470918.76,5.1179499999999996,5.484666666666667,40.586759456037,-0.08775971254330273,-0.0989017246148186,0.01114201207151587
2023-06-02 00:00:00+00:00,4.982,5.093,4.945,5.068,512872.15,5.1162,5.470299999999999,45.30186954664337,-0.08178282122511593,-0.09547794393687807,0.01369512271176214
2023-06-03 00:00:00+00:00,5.069,5.104,5.044,5.085,260960.94,5.11345,5.452533333333334,46.21061104532563,-0.07481194829804583,-0.09134474480911163,0.016532796511065803
2023-06-04 00:00:00+00:00,5.086,5.13,4.988,5.015,1037853.27,5.108300000000001,5.43225,43.03978937443526,-0.07408192593868268,-0.08789218103502584,0.013810255096343163
2023-06-05 00:00:00+00:00,5.014,5.06,4.527,4.723,1553260.37,5.08725,5.4097,32.898811945785624,-0.09595917991993641,-0.08950558081200796,-0.006453599107928448
2023-06-06 00:00:00+00:00,4.725,4.844,4.67,4.773,916780.76,5.05865,5.389216666666667,35.69290216713404,-0.10801732272667497,-0.09320792919494136,-0.014809393531733606
2023-06-07 00:00:00+00:00,4.772,4.792,4.492,4.552,1120441.29,5.020849999999999,5.366516666666667,29.788614910745494,-0.1338632485983169,-0.10133899307561647,-0.03252425552270041
2023-06-08 00:00:00+00:00,4.553,4.673,4.517,4.63,618850.68,4.9865,5.345133333333334,33.941962665671724,-0.14636517629150259,-0.11034422971879371,-0.03602094657270888
2023-06-09 00:00:00+00:00,4.63,4.669,4.536,4.584,535904.81,4.9512,5.3213333333333335,32.71294449431076,-0.1581616703383979,-0.11990771784271455,-0.03825395249568335
2023-06-10 00:00:00+00:00,4.585,4.597,3.63,4.065,4471124.02,4.898750000000001,5.2902,22.717915759589545,-0.20700323495817674,-0.137326821265807,-0.06967641369236974
2023-06-11 00:00:00+00:00,4.065,4.114,4.014,4.06,999785.72,4.848050000000001,5.258766666666667,22.646128774756107,-0.24330926723910729,-0.15852331046046705,-0.08478595677864023
2023-06-12 00:00:00+00:00,4.061,4.311,3.942,4.3,1397807.48,4.80945,5.2270166666666675,33.5073098136461,-0.24983610999779593,-0.17678587036793283,-0.0730502396298631
2023-06-13 00:00:00+00:00,4.3,4.522,4.211,4.289,2446257.25,4.7751,5.193366666666667,33.27668755801436,-0.25298009096260543,-0.19202471448686736,-0.060955376475738066
2023-06-14 00:00:00+00:00,4.29,4.652,4.253,4.405,3504306.97,4.7477,5.16235,38.11399912523349,-0.24330679865910643,-0.2022811313213152,-0.04102566733779123
2023-06-15 00:00:00+00:00,4.404,4.6,4.227,4.428,3188731.87,4.7203,5.130916666666666,39.05741218582001,-0.23112052350782886,-0.20804900975861793,-0.02307151374921093
2023-06-16 00:00:00+00:00,4.428,4.639,4.361,4.553,1201677.84,4.6958,5.10465,44.04947975088468,-0.2089675099447721,-0.2082327097958488,-0.000734800148923298
2023-06-17 00:00:00+00:00,4.553,4.68,4.508,4.53,1071020.58,4.66505,5.074733333333333,43.3459051618088,-0.19106452199713786,-0.2047990722361066,0.013734550238968746
2023-06-18 00:00:00+00:00,4.531,4.615,4.452,4.482,811568.95,4.6342,5.05225,41.84380592302762,-0.17868965084731503,-0.1995771879583483,0.020887537111033277
2023-06-19 00:00:00+00:00,4.479,4.51,4.365,4.481,912427.69,4.6015,5.030516666666667,41.811298117955666,-0.16703766176016277,-0.1930692827187112,0.02603162095854844
2023-06-20 00:00:00+00:00,4.481,4.62,4.329,4.572,1001445.09,4.57885,5.015533333333334,45.9280489660021,-0.14874578812481332,-0.18420458379993165,0.03545879567511834
2023-06-21 00:00:00+00:00,4.573,4.818,4.524,4.772,1523320.5,4.568350000000001,5.00335,53.68377342663199,-0.11676502344612327,-0.17071667172917,0.053951648283046716
2023-06-22 00:00:00+00:00,4.772,4.904,4.678,4.732,1126010.49,4.551550000000001,4.9917333333333325,52.07500213860199,-0.0935690964363678,-0.15528715667060955,0.061718060234241756
2023-06-23 00:00:00+00:00,4.729,4.927,4.707,4.86,854320.28,4.5403,4.9834000000000005,56.561062639128984,-0.06411850864882229,-0.1370534270662521,0.0729349184174298
2023-06-24 00:00:00+00:00,4.862,4.873,4.678,4.734,875858.34,4.526249999999999,4.97145,51.45510987348259,-0.05036527310417682,-0.11971579627383705,0.06935052316966023
2023-06-25 00:00:00+00:00,4.733,5.514,4.709,5.43,6842850.37,4.5616,4.972666666666667,68.41602797059369,0.01650538463711637,-0.09247156009164637,0.10897694472876274
2023-06-26 00:00:00+00:00,5.43,5.55,5.187,5.267,3606107.44,4.5863,4.967883333333333,62.87550958269672,0.05570598104824853,-0.06283605186366739,0.11854203291191592
2023-06-27 00:00:00+00:00,5.269,5.364,5.224,5.279,986289.9,4.62265,4.9638,63.11234785407362,0.08674113799659011,-0.032920613891615894,0.119661751888206
2023-06-28 00:00:00+00:00,5.28,5.283,4.747,4.834,1380740.22,4.6328499999999995,4.950466666666666,50.29778748409688,0.07456935340629833,-0.011422620432033048,0.08599197383833138
2023-06-29 00:00:00+00:00,4.832,5.047,4.819,4.922,1135245.09,4.64975,4.941716666666666,52.3578848811169,0.07120320475685293,0.005102544605744148,0.06610066015110878
2023-06-30 00:00:00+00:00,4.922,5.342,4.8,5.272,3507555.26,4.7101,4.940733333333333,59.540780951472854,0.09567470419381863,0.023216976523359047,0.07245772767045958
2023-07-01 00:00:00+00:00,5.27,5.605,5.176,5.587,2114038.98,4.78645,4.9451,64.69923802754374,0.13888542649692504,0.04635066651807225,0.09253475997885278
2023-07-02 00:00:00+00:00,5.585,5.693,5.448,5.568,1746393.83,4.84985,4.948083333333333,64.16780658010737,0.16964157158913817,0.07100884753228544,0.09863272405685274
2023-07-03 00:00:00+00:00,5.567,5.781,5.492,5.523,1368982.59,4.91155,4.9524,62.8510537993964,0.1882152855891448,0.09445013514365731,0.09376515044548749
2023-07-04 00:00:00+00:00,5.521,5.599,5.371,5.507,1796997.64,4.96665,4.951766666666667,62.361057641864136,0.1993460839015242,0.1154293248952307,0.0839167590062935
2023-07-05 00:00:00+00:00,5.509,5.73,5.317,5.408,1689816.56,5.015649999999999,4.953783333333334,59.28142684438871,0.19789760868869877,0.13192298165392433,0.06597462703477444
2023-07-06 00:00:00+00:00,5.409,5.641,5.18,5.265,1739269.03,5.05125,4.953833333333334,55.05234101256651,0.1831001126252172,0.1421584078481829,0.04094170477703429
2023-07-07 00:00:00+00:00,5.265,5.574,5.215,5.478,1810753.09,5.09865,4.9623333333333335,59.66773435902179,0.18641147482476672,0.15100902124349969,0.035402453581267035
2023-07-08 00:00:00+00:00,5.478,5.489,5.174,5.251,1273363.88,5.137099999999999,4.967283333333333,53.37718925807086,0.1687732375187183,0.15456186449854342,0.014211373020174889
2023-07-09 00:00:00+00:00,5.25,5.335,5.199,5.231,753442.27,5.1746,4.9689,52.84853647886539,0.15143532239268342,0.15393655607737144,-0.00250123368468802
2023-07-10 00:00:00+00:00,5.231,5.362,5.085,5.238,1391891.72,5.2079,4.9717666666666664,53.023902111129495,0.1366841316541354,0.15048607119272422,-0.013801939538588825
2023-07-11 00:00:00+00:00,5.239,5.309,5.185,5.265,826766.74,5.23255,4.972949999999999,53.738593498153286,0.12572312316491185,0.14553348158716176,-0.019810358422249902
2023-07-12 00:00:00+00:00,5.263,5.38,5.179,5.276,985648.79,5.2597499999999995,4.975833333333332,54.04534361505942,0.11658018918429658,0.13974282310658873,-0.023162633922292147
2023-07-13 00:00:00+00:00,5.274,5.88,5.219,5.873,2193287.7,5.3104,4.988049999999999,66.8808161045406,0.15571230428000593,0.14293671934127217,0.012775584938733764
2023-07-14 00:00:00+00:00,5.873,6.157,5.737,5.872,3506105.4,5.3673,5.000616666666667,66.847135840048,0.18451709753983359,0.15125279498098446,0.03326430255884913
2023-07-15 00:00:00+00:00,5.871,5.936,5.761,5.814,1300768.61,5.3865,5.011783333333333,64.80859592700446,0.20035541593383233,0.16107331917155404,0.039282096762278285
2023-07-16 00:00:00+00:00,5.814,5.868,5.66,5.724,1286807.87,5.40935,5.0181000000000004,61.666049232215094,0.2033016150637872,0.16951897835000068,0.03378263671378651
2023-07-17 00:00:00+00:00,5.719,6.145,5.68,5.915,4387640.57,5.44115,5.028216666666667,65.49045449963164,0.21852953044977763,0.1793210887699561,0.03920844167982154
2023-07-18 00:00:00+00:00,5.913,6.283,5.862,5.912,4831600.75,5.49505,5.038133333333334,65.38012322575003,0.22773055212883175,0.18900298144173122,0.03872757068710053
2023-07-19 00:00:00+00:00,5.912,6.049,5.81,5.873,1322685.54,5.5426,5.0478499999999995,63.87361956576623,0.22923299871921632,0.19704898489722827,0.032184013821988045
2023-07-20 00:00:00+00:00,5.876,6.165,5.818,6.015,2575138.31,5.57975,5.062866666666666,66.86720053331732,0.23912542270063586,0.20546427245790982,0.033661150242726035
2023-07-21 00:00:00+00:00,6.017,6.386,5.945,6.205,2619973.07,5.61065,5.081716666666667,70.40137535968005,0.25930751644447625,0.21623292125522312,0.043074595189253134
2023-07-22 00:00:00+00:00,6.206,6.26,5.953,5.992,1207492.7,5.63185,5.097049999999999,62.36956741964761,0.2551731737486884,0.2240209717539162,0.031152201994772227
2023-07-23 00:00:00+00:00,5.992,6.225,5.972,6.14,1143359.36,5.6627,5.11645,65.3293571620359,0.2608323277762201,0.23138324295837698,0.02944908481784314
2023-07-24 00:00:00+00:00,6.141,6.182,5.712,5.78,2435257.42,5.676349999999999,5.130233333333333,54.16857717414472,0.23357574101401557,0.23182174256950472,0.0017539984445108514
2023-07-25 00:00:00+00:00,5.78,5.812,5.693,5.792,763893.53,5.69555,5.143833333333333,54.447932965871146,0.2105162984964597,0.22756065375489573,-0.017044355258436034
2023-07-26 00:00:00+00:00,5.793,5.898,5.711,5.843,1145284.65,5.72445,5.157166666666667,55.684239486678706,0.19411911363516676,0.22087234573094996,-0.026753232095783203
2023-07-27 00:00:00+00:00,5.843,5.999,5.8,5.874,1376775.44,5.744249999999999,5.169316666666666,56.45781810929291,0.18153306722093188,0.21300449002894636,-0.03147142280801449
2023-07-28 00:00:00+00:00,5.875,6.026,5.867,6.011,1066431.97,5.7822499999999994,5.184516666666666,59.79776817093738,0.18053222667164892,0.2065100373574869,-0.025977810685837988
2023-07-29 00:00:00+00:00,6.012,6.358,6.005,6.323,1380893.62,5.83685,5.204316666666667,66.16332223970858,0.20257963391455736,0.205723956668901,-0.003144322754343648
2023-07-30 00:00:00+00:00,6.323,6.453,6.25,6.418,2022469.82,5.89585,5.227533333333333,67.8334300067724,0.22512299133946279,0.2096037636030134,0.015519227736449398
2023-07-31 00:00:00+00:00,6.417,6.645,6.384,6.528,3001546.55,5.959,5.253299999999999,69.69841721666648,0.2489945905602351,0.21748192899445773,0.03151266156577737
2023-08-01 00:00:00+00:00,6.528,6.694,6.327,6.686,2836552.29,6.0295000000000005,5.280266666666667,72.19234859788459,0.27746385387496897,0.22947831397055998,0.047985539904408986
2023-08-02 00:00:00+00:00,6.688,6.695,6.128,6.158,2587753.27,6.04375,5.298149999999999,55.69550517906252,0.25448719289506005,0.23448008975546003,0.020007103139600024
2023-08-03 00:00:00+00:00,6.157,6.265,6.052,6.098,1748019.93,6.05505,5.316199999999999,54.18036227108598,0.2287990716954722,0.23334388614346246,-0.004544814447990264
2023-08-04 00:00:00+00:00,6.096,6.221,6.006,6.07,1219850.59,6.06785,5.3386499999999995,53.44961119335486,0.20383203575054765,0.22744151606487953,-0.023609480314331882
2023-08-05 00:00:00+00:00,6.07,6.096,5.938,6.091,935436.6,6.0862,5.360616666666667,53.951250258700846,0.18362330917545755,0.21867787468699515,-0.0350545655115376
2023-08-06 00:00:00+00:00,6.092,6.165,5.939,5.954,982752.09,6.08815,5.383983333333333,50.15407844909984,0.15476891303628015,0.20589608235685217,-0.05112716932057201
2023-08-07 00:00:00+00:00,5.954,6.017,5.733,5.876,1091795.47,6.08635,5.404749999999999,48.079282316635,0.12417622189548361,0.18955211026457847,-0.06537588836909486
2023-08-08 00:00:00+00:00,5.875,6.148,5.818,6.081,1201188.82,6.09675,5.4296999999999995,53.52138009620389,0.11514575194875754,0.1746708386014143,-0.05952508665265677
2023-08-09 00:00:00+00:00,6.081,6.309,6.035,6.249,1179524.32,6.1084499999999995,5.4661,57.45684008954778,0.12016010453239012,0.16376869178760947,-0.04360858725521935
2023-08-10 00:00:00+00:00,6.25,6.35,6.152,6.191,1287553.74,6.10775,5.501616666666666,55.70325733803712,0.11809260180409797,0.1546334737909072,-0.03654087198680922
2023-08-11 00:00:00+00:00,6.192,6.219,6.103,6.201,762325.03,6.1182,5.5333,55.952865554479835,0.11592469964598795,0.14689171896192335,-0.0309670193159354
2023-08-12 00:00:00+00:00,6.201,6.256,6.118,6.224,663245.88,6.1224,5.56555,56.5591795920531,0.11473987944067865,0.14046135105767443,-0.025721471616995784
2023-08-13 00:00:00+00:00,6.224,6.233,6.054,6.086,459350.4,6.137700000000001,5.593566666666667,51.939482353974434,0.10149547751981469,0.1326681763501025,-0.03117269883028781
2023-08-14 00:00:00+00:00,6.086,6.37,6.076,6.261,914278.85,6.161150000000001,5.624116666666667,56.76245786422223,0.10392227968985246,0.1269189970180525,-0.02299671732820005
2023-08-15 00:00:00+00:00,6.263,6.299,5.937,5.953,1539997.26,6.16665,5.647450000000001,47.69129298698665,0.08006952036791848,0.11754910168802571,-0.03747958132010723
2023-08-16 00:00:00+00:00,5.952,5.952,5.3,5.459,3263787.31,6.1459,5.662933333333333,37.374621767597525,0.021061580496112953,0.09825159744964317,-0.07719001695353021
2023-08-17 00:00:00+00:00,5.459,5.506,4.517,4.989,4030998.38,6.0948,5.671383333333334,30.593708237536845,-0.06290260693047056,0.06602075657362043,-0.128923363504091
2023-08-18 00:00:00+00:00,4.989,5.052,4.843,4.907,1907190.56,6.024,5.678483333333332,29.585183971807368,-0.13451098617431345,0.025914408024033653,-0.16042539419834712
2023-08-19 00:00:00+00:00,4.906,5.002,4.858,4.909,919502.63,5.94855,5.6841,29.64610163355846,-0.18892198431493856,-0.01705287044376079,-0.17186911387117776
2023-08-20 00:00:00+00:00,4.909,4.937,4.86,4.903,711046.12,5.8673,5.686283333333333,29.563471103565703,-0.22987735910528695,-0.059617768176066024,-0.17025959092922094
2023-08-21 00:00:00+00:00,4.903,4.921,4.719,4.765,986593.69,5.77125,5.686833333333334,27.65428650390207,-0.2703537654611967,-0.10176496763309217,-0.16858879782810454
2023-08-22 00:00:00+00:00,4.765,4.782,4.5,4.67,2174339.53,5.6968499999999995,5.683666666666666,26.390789869473508,-0.3065634426293746,-0.14272466263234868,-0.16383877999702595
2023-08-23 00:00:00+00:00,4.671,4.861,4.647,4.765,2780353.82,5.6302,5.684183333333333,29.84277349379795,-0.32386089975396537,-0.17895191005667205,-0.14490898969729332
2023-08-24 00:00:00+00:00,4.765,4.818,4.598,4.659,1425667.92,5.5596499999999995,5.671333333333334,28.250805445531995,-0.3421781564783153,-0.2115971593410007,-0.13058099713731458
2023-08-25 00:00:00+00:00,4.661,4.672,4.516,4.551,1618970.22,5.48265,5.659400000000001,26.688649669977877,-0.3612452019862431,-0.24152676787004917,-0.11971843411619393
2023-08-26 00:00:00+00:00,4.555,4.646,4.532,4.601,752418.71,5.415,5.6481,28.655560039461463,-0.3680784119769429,-0.2668370966914279,-0.101241315285515
2023-08-27 00:00:00+00:00,4.601,4.708,4.601,4.685,909567.86,5.355449999999999,5.645616666666667,31.958358681441098,-0.3625365860496901,-0.28597699456308034,-0.07655959148660973
2023-08-28 00:00:00+00:00,4.685,4.737,4.565,4.672,1314491.31,5.284999999999999,5.64145,31.71366813488038,-0.35510026561039343,-0.299801648772543,-0.05529861683785042
2023-08-29 00:00:00+00:00,4.672,4.871,4.566,4.799,2027680.67,5.2125,5.633566666666667,36.80423072035727,-0.33509630782336153,-0.3068605805827067,-0.028235727240654818
2023-08-30 00:00:00+00:00,4.799,4.807,4.635,4.64,1241340.19,5.13495,5.617783333333334,33.442880524944826,-0.32828869066459454,-0.31114620259908427,-0.017142488065510275
2023-08-31 00:00:00+00:00,4.638,4.681,4.312,4.372,1796736.4,5.0435,5.59785,28.687069822503062,-0.3405928231964488,-0.31703552671855717,-0.02355729647789162
2023-09-01 00:00:00+00:00,4.372,4.425,4.237,4.262,1238047.07,4.9454,5.576833333333334,26.990490262834598,-0.3551263421522153,-0.3246536898052888,-0.030472652346926477
2023-09-02 00:00:00+00:00,4.265,4.403,4.25,4.4,1008417.14,4.8610999999999995,5.5583833333333335,32.39248431958954,-0.35145743145200736,-0.33001443813463255,-0.021442993317374814
2023-09-03 00:00:00+00:00,4.401,4.472,4.364,4.411,807639.64,4.768599999999999,5.541766666666666,32.81918000599751,-0.3437002229951265,-0.33275159510673136,-0.010948627888395124
2023-09-04 00:00:00+00:00,4.413,4.503,4.36,4.443,1148639.85,4.693099999999999,5.528066666666666,34.12176834064999,-0.3311531198110158,-0.33243190004758827,0.0012787802365724632
2023-09-05 00:00:00+00:00,4.443,4.455,4.273,4.38,1376788.54,4.63915,5.509766666666666,32.77444305934682,-0.3225745846119432,-0.3304604369604593,0.007885852348516076
2023-09-06 00:00:00+00:00,4.38,4.499,4.346,4.461,1136268.05,4.61275,5.4966,36.259314881454095,-0.30571590792193515,-0.3255115311527545,0.019795623230819348
2023-09-07 00:00:00+00:00,4.461,4.537,4.41,4.477,953633.1,4.5912500000000005,5.4840333333333335,36.95454064933461,-0.28774724774689275,-0.31795867447158216,0.030211426724689405
2023-09-08 00:00:00+00:00,4.477,4.491,4.3,4.366,698763.03,4.5641,5.4695,34.170069781671586,-0.2792447675784482,-0.3102158930929554,0.030971125514507203
2023-09-09 00:00:00+00:00,4.363,4.375,4.303,4.321,380462.74,4.535,5.453766666666667,33.081795996750216,-0.27299074730313144,-0.3027708639349906,0.029780116631859144
2023-09-10 00:00:00+00:00,4.32,4.44,4.12,4.22,1487497.73,4.50775,5.436166666666667,30.717146811323488,-0.2730368482577621,-0.29682406079954493,0.023787212541782843
2023-09-11 00:00:00+00:00,4.22,4.251,4.032,4.112,1551580.91,4.47985,5.406816666666668,28.38103843547995,-0.278576820820418,-0.2931746128037196,0.014597791983301578
2023-09-12 00:00:00+00:00,4.11,4.325,4.089,4.196,1375680.17,4.4514,5.3788833333333335,32.67008158357403,-0.27304173583879,-0.2891480374107337,0.016106301571943704
2023-09-13 00:00:00+00:00,4.196,4.311,4.18,4.255,882981.17,4.4312000000000005,5.3529,35.587893585221906,-0.260886991356446,-0.2834958281998762,0.02260883684343018
2023-09-14 00:00:00+00:00,4.256,4.355,4.248,4.27,1021380.96,4.41715,5.328666666666666,36.34319102594934,-0.2471943910770431,-0.27623554077530954,0.029041149698266433
2023-09-15 00:00:00+00:00,4.271,4.379,4.225,4.351,965469.81,4.40465,5.302599999999999,40.40692044791335,-0.22718800178603527,-0.2664260329774547,0.03923803119141944
2023-09-16 00:00:00+00:00,4.351,4.418,4.299,4.336,1068917.66,4.3872,5.276333333333333,39.898957088778346,-0.21012102440093194,-0.2551650312621502,0.04504400686121823
2023-09-17 00:00:00+00:00,4.336,4.393,4.231,4.282,1081116.04,4.3677,5.249816666666667,38.044748715386085,-0.19866261164165167,-0.2438645473380505,0.045201935696398826
2023-09-18 00:00:00+00:00,4.281,4.461,4.239,4.363,1447375.01,4.345899999999999,5.222283333333334,42.37102111576319,-0.18095972287991735,-0.23128358244642389,0.050323859566506535
2023-09-19 00:00:00+00:00,4.363,4.482,4.337,4.407,995121.07,4.33425,5.192316666666667,44.63275244245531,-0.1615177476634031,-0.21733041548981974,0.05581266782641664
2023-09-20 00:00:00+00:00,4.41,4.43,4.314,4.363,1077780.93,4.3338,5.165166666666667,42.822829312687404,-0.14795474431526934,-0.2034552812549097,0.055500536939640355
2023-09-21 00:00:00+00:00,4.363,4.395,4.211,4.243,877544.1,4.33285,5.13355,38.2653434636464,-0.14521501526114466,-0.1918072280561567,0.04659221279501202
2023-09-22 00:00:00+00:00,4.241,4.275,4.198,4.261,599992.82,4.3259,5.108233333333334,39.30874632195847,-0.13997773448926676,-0.1814413293427787,0.04146359485351195
2023-09-23 00:00:00+00:00,4.261,4.315,4.236,4.28,476222.09,4.31935,5.083033333333333,40.45280958509951,-0.1327635944601413,-0.17170578236625123,0.038942187906109926
2023-09-24 00:00:00+00:00,4.28,4.309,4.21,4.235,467255.34,4.30895,5.056233333333334,38.597050293890454,-0.1291882586030182,-0.16320227761360465,0.034014019010586455
2023-09-25 00:00:00+00:00,4.236,4.304,4.2,4.271,474845.42,4.3035,5.029516666666667,40.93159847850388,-0.12204304380210385,-0.1549704308513045,0.032927387049200646
2023-09-26 00:00:00+00:00,4.271,4.317,4.2,4.26,502808.08,4.29345,5.000333333333334,40.42583498967377,-0.11593162999737405,-0.14716267068051841,0.031231040683144362
2023-09-27 00:00:00+00:00,4.259,4.425,4.202,4.25,1328987.15,4.2821,4.965783333333333,39.94264537441407,-0.11062004789968238,-0.1398541461243512,0.029234098224668825
2023-09-28 00:00:00+00:00,4.25,4.5,4.241,4.419,1042786.16,4.28475,4.9324666666666666,50.673012354564236,-0.09171644314622363,-0.1302266055287257,0.03851016238250207
2023-09-29 00:00:00+00:00,4.42,4.502,4.323,4.402,1367262.29,4.2888,4.897033333333334,49.71085411861274,-0.07721685032632042,-0.11962465448824465,0.04240780416192423
2023-09-30 00:00:00+00:00,4.402,4.479,4.389,4.456,616058.11,4.3006,4.859866666666666,52.77806131150119,-0.060669114067691154,-0.10783354640413395,0.047164432336442796
2023-10-01 00:00:00+00:00,4.456,4.676,4.444,4.653,1486824.57,4.32765,4.834783333333334,61.90616730254398,-0.03129787780730986,-0.09252641268476915,0.06122853487745929
2023-10-02 00:00:00+00:00,4.656,4.688,4.42,4.457,1391768.39,4.3407,4.807433333333334,51.284402312656596,-0.023564882129719855,-0.07873410657375929,0.05516922444403943
2023-10-03 00:00:00+00:00,4.456,4.521,4.335,4.362,629249.75,4.34605,4.778966666666666,47.0689026228401,-0.02481606919565671,-0.06795049909813877,0.04313442990248206
2023-10-04 00:00:00+00:00,4.363,4.363,4.23,4.307,776739.4,4.3479,4.749233333333334,44.774255520140365,-0.02990100414252339,-0.0603406001070157,0.030439595964492312
2023-10-05 00:00:00+00:00,4.308,4.344,4.253,4.306,699964.78,4.34565,4.7217666666666664,44.73155650723622,-0.03362394742975461,-0.054997269571563485,0.021373322141808877
2023-10-06 00:00:00+00:00,4.307,4.426,4.289,4.395,507588.8,4.3486,4.697083333333334,49.3602234550459,-0.029057889350751154,-0.04980939352740102,0.020751504176649865
2023-10-07 00:00:00+00:00,4.396,4.422,4.341,4.374,295192.93,4.3532,4.668633333333333,48.331675555469616,-0.026824563056935702,-0.04521242743330796,0.018387864376372257
2023-10-08 00:00:00+00:00,4.376,4.384,4.279,4.337,335210.54,4.3519000000000005,4.636766666666666,46.49341949655942,-0.02772067991440874,-0.041714077929528116,0.013993398015119375
2023-10-09 00:00:00+00:00,4.337,4.368,4.05,4.144,1397384.77,4.338749999999999,4.60265,38.308575191370174,-0.043502871983204905,-0.04207183674026348,-0.001431035242941428
2023-10-10 00:00:00+00:00,4.141,4.172,4.056,4.12,812922.68,4.3266,4.567966666666666,37.426239708477915,-0.057286607968920045,-0.04511479098599479,-0.012171816982925257
2023-10-11 00:00:00+00:00,4.121,4.152,4.046,4.129,625801.96,4.3209,4.53305,38.002906609719695,-0.06671504376435067,-0.04943484154166597,-0.0172802022226847
2023-10-12 00:00:00+00:00,4.129,4.149,3.97,4.002,1025801.34,4.30795,4.498316666666667,33.33446288903279,-0.0834727636181567,-0.05624242595696412,-0.02723033766119258
2023-10-13 00:00:00+00:00,4.0,4.096,3.978,4.031,656753.37,4.2955,4.461150000000001,35.28929910938169,-0.09333738443104611,-0.06366141765178052,-0.029675966779265595
2023-10-14 00:00:00+00:00,4.029,4.1,4.022,4.084,470639.95,4.28795,4.430000000000001,38.82015445992337,-0.09577448182654624,-0.07008403048673366,-0.025690451339812584
2023-10-15 00:00:00+00:00,4.085,4.148,4.064,4.102,587981.15,4.2795000000000005,4.407383333333333,40.01720325116481,-0.09515654409565233,-0.07509853320851739,-0.020058010887134936
2023-10-16 00:00:00+00:00,4.103,4.279,4.1,4.119,1343113.78,4.27245,4.392883333333333,41.18760098164525,-0.0922318744307562,-0.07852520145296515,-0.013706672977791046
2023-10-17 00:00:00+00:00,4.12,4.127,3.832,3.888,1896656.93,4.2543500000000005,4.3759,32.0393479122787,-0.1073167415089058,-0.08428350946415329,-0.023033232044752508
2023-10-18 00:00:00+00:00,3.888,3.972,3.845,3.931,1563112.25,4.2299500000000005,4.3595999999999995,34.936365629002964,-0.11448218732216908,-0.09032324503575645,-0.024158942286412632
2023-10-19 00:00:00+00:00,3.932,3.958,3.86,3.929,1025501.84,4.206300000000001,4.343366666666667,34.861928221073484,-0.11895104444284943,-0.09604880491717506,-0.02290223952567437
2023-10-20 00:00:00+00:00,3.93,4.114,3.917,3.998,1825940.08,4.1834,4.330583333333333,39.64014127708284,-0.11559244481440434,-0.09995753289662092,-0.01563491191778342
2023-10-21 00:00:00+00:00,3.998,4.16,3.959,4.141,1317695.99,4.1578,4.321766666666666,48.1319829320848,-0.1002363631133214,-0.10001329893996103,-0.00022306417336037665
2023-10-22 00:00:00+00:00,4.143,4.252,4.068,4.213,1714216.01,4.1456,4.312566666666667,51.80825360642415,-0.08131936049152433,-0.09627451125027368,0.014955150758749355
2023-10-23 00:00:00+00:00,4.214,4.428,4.19,4.378,3799710.0,4.1464,4.307883333333334,58.983018335936165,-0.05240923752012705,-0.08750145650424436,0.03509221898411731
2023-10-24 00:00:00+00:00,4.378,4.5,4.116,4.22,5390801.72,4.142049999999999,4.302366666666667,51.13263287537418,-0.04176558861068358,-0.0783542829255322,0.036588694314848624
2023-10-25 00:00:00+00:00,4.221,4.341,4.126,4.167,3532357.88,4.1350999999999996,4.295133333333333,48.78694059207468,-0.037178506546467815,-0.07011912764971934,0.03294062110325152
2023-10-26 00:00:00+00:00,4.167,4.378,4.002,4.111,4090855.9,4.1209,4.285566666666666,46.36660799441535,-0.03762818861528494,-0.06362093984283246,0.025992751227547517
2023-10-27 00:00:00+00:00,4.11,4.146,3.956,4.024,2584228.66,4.1034,4.274766666666666,42.81304898033135,-0.04449186330036614,-0.059795124534339196,0.015303261233973055
2023-10-28 00:00:00+00:00,4.023,4.138,4.019,4.084,1471834.65,4.09075,4.26285,45.8928962159845,-0.04457603163425805,-0.05675130595432297,0.012175274320064919
2023-10-29 00:00:00+00:00,4.083,4.214,4.025,4.153,2560865.22,4.0912,4.254733333333333,49.27609442551626,-0.03862971301683071,-0.05312698736682452,0.01449727434999381
2023-10-30 00:00:00+00:00,4.155,4.235,4.076,4.179,2961053.77,4.09415,4.251516666666666,50.531293610849886,-0.031456617655406305,-0.04879291342454088,0.017336295769134577
2023-10-31 00:00:00+00:00,4.179,4.249,3.993,4.148,4638843.55,4.0950999999999995,4.249616666666666,48.97515314851432,-0.027951125646821673,-0.044624555868997044,0.01667343022217537
2023-11-01 00:00:00+00:00,4.147,4.863,4.01,4.795,11823889.41,4.1347499999999995,4.256200000000001,69.84658243884904,0.02672640941000992,-0.030354362813195652,0.057080772223205574
2023-11-02 00:00:00+00:00,4.796,4.922,4.472,4.693,10652663.84,4.16785,4.2609,65.31095777601152,0.06112360742422318,-0.012058768765711887,0.07318237618993506
2023-11-03 00:00:00+00:00,4.693,4.781,4.466,4.653,5197366.53,4.1963,4.264399999999999,63.56765570758504,0.08418553057012534,0.007190091101455558,0.07699543946866978
2023-11-04 00:00:00+00:00,4.653,4.787,4.606,4.711,2756485.68,4.22675,4.269916666666666,65.02543443015466,0.10592139023634317,0.02693635092843308,0.0789850393079101
2023-11-05 00:00:00+00:00,4.71,4.91,4.615,4.772,5112903.54,4.2594,4.2751,66.54176550435672,0.12660992541373517,0.0468710658254935,0.07973885958824167
2023-11-06 00:00:00+00:00,4.776,5.158,4.661,5.109,5265692.54,4.320449999999999,4.285633333333334,73.40245806025462,0.16825923445113578,0.07114869955062196,0.09711053490051381
2023-11-07 00:00:00+00:00,5.111,5.113,4.768,4.928,3502387.66,4.370299999999999,4.295,65.6197159344997,0.18453422888840354,0.09382580541817828,0.09070842347022526
2023-11-08 00:00:00+00:00,4.931,5.273,4.89,5.179,3751132.16,4.432799999999999,4.3092999999999995,70.31945492811873,0.215205130753632,0.11810167048526904,0.09710346026836297
2023-11-09 00:00:00+00:00,5.179,5.388,4.697,5.123,7523756.22,4.489050000000001,4.32435,68.08329014960309,0.2323153230326147,0.14094440099473818,0.09137092203787653
2023-11-10 00:00:00+00:00,5.121,5.376,5.053,5.28,4731239.07,4.546,4.343816666666667,70.87922791994859,0.25559749278928123,0.1638750193536468,0.09172247343563444
2023-11-11 00:00:00+00:00,5.284,5.534,5.156,5.393,4771396.65,4.605,4.363766666666666,72.7308184993134,0.27993996205402816,0.18708800789372307,0.09285195416030509
2023-11-12 00:00:00+00:00,5.393,5.523,5.201,5.417,3192385.45,4.65695,4.383133333333333,73.12171440630269,0.2977360281497239,0.20921761194492325,0.08851841620480064
2023-11-13 00:00:00+00:00,5.418,5.628,5.17,5.222,5831907.75,4.707050000000001,4.399,64.97231814512136,0.29273025625148286,0.22592014080623518,0.06681011544524768
2023-11-14 00:00:00+00:00,5.223,5.309,4.82,5.061,4331371.41,4.7517499999999995,4.410833333333333,59.114338569989805,0.27262909301210314,0.2352619312474088,0.037367161764694345
2023-11-15 00:00:00+00:00,5.061,5.388,5.054,5.382,3571039.3,4.8153,4.428266666666667,65.74564535777907,0.27938027175034374,0.2440855993479958,0.03529467240234793
2023-11-16 00:00:00+00:00,5.388,5.587,5.105,5.196,4575351.84,4.8739,4.4435,59.70312968690194,0.26664822920337716,0.24859812531907208,0.018050103884305085
2023-11-17 00:00:00+00:00,5.196,5.4,4.849,5.108,4238834.56,4.9251,4.455916666666667,57.032418106896046,0.24661431291497404,0.24820136283825248,-0.001587049923278433
2023-11-18 00:00:00+00:00,5.107,5.2,4.81,5.064,2423826.88,4.97065,4.466866666666666,55.690983618488154,0.2245978336244594,0.24348065699549387,-0.018882823371034474
2023-11-19 00:00:00+00:00,5.063,5.248,4.944,5.234,1909325.3,5.0234000000000005,4.481383333333334,59.64075239183732,0.21835018935269535,0.2384545634669342,-0.02010437411423885
2023-11-20 00:00:00+00:00,5.235,5.359,5.1,5.187,2294451.13,5.07535,4.497116666666666,58.09876755691885,0.20721770236652404,0.23220719124685218,-0.024989488880328148
2023-11-21 00:00:00+00:00,5.186,5.269,4.824,4.85,4294268.54,5.0781,4.5069333333333335,48.43005447482155,0.16925102222218413,0.21961595744191859,-0.05036493521973445
2023-11-22 00:00:00+00:00,4.85,6.294,4.834,6.109,12928534.78,5.1489,4.537416666666666,69.11144848319043,0.23800930960514144,0.22329462787456317,0.014714681730578272
2023-11-23 00:00:00+00:00,6.109,6.443,6.052,6.331,7992474.48,5.2328,4.57235,71.29728670868074,0.3068768075877415,0.24001106381719883,0.06686574377054266
2023-11-24 00:00:00+00:00,6.33,6.605,6.075,6.167,7163308.55,5.3056,4.60395,67.49729707093412,0.3442530318466135,0.2608594574230818,0.08339357442353168
2023-11-25 00:00:00+00:00,6.165,6.318,6.067,6.167,2493801.36,5.375349999999999,4.6357333333333335,67.49729707093412,0.3696132869571649,0.28261022332989844,0.08700306362726645
2023-11-26 00:00:00+00:00,6.167,6.216,5.812,6.18,3026679.09,5.4289000000000005,4.6679,67.655777266963,0.3863073525058054,0.30334964916507984,0.08295770334072555
2023-11-27 00:00:00+00:00,6.182,6.367,5.915,6.294,5518941.96,5.4972,4.6991499999999995,69.07957143084167,0.404078402693421,0.3234953998707481,0.08058300282267289
2023-11-28 00:00:00+00:00,6.293,6.572,6.064,6.167,6398678.58,5.5466,4.728566666666667,65.61433573950083,0.4032656539493189,0.3394494506864623,0.06381620326285659
2023-11-29 00:00:00+00:00,6.168,6.387,5.982,6.008,2884857.08,5.59085,4.754433333333334,61.45773974201616,0.38534950431847914,0.34862946141286566,0.03672004290561348
2023-11-30 00:00:00+00:00,6.008,6.033,5.85,5.959,2825999.62,5.6248,4.7762,60.192236683207966,0.36301235569809354,0.3515060402699112,0.011506315428182312
2023-12-01 00:00:00+00:00,5.96,6.1,5.89,6.016,1993746.49,5.65595,4.802183333333334,61.193289304575316,0.3459218562867017,0.35038920347326935,-0.004467347186567661
2023-12-02 00:00:00+00:00,6.016,6.2,6.003,6.172,1781371.09,5.6937,4.83235,63.87109095265245,0.34103417889844145,0.3485181985583038,-0.00748401965986234
2023-12-03 00:00:00+00:00,6.172,6.25,5.933,6.057,2571740.75,5.73545,4.861516666666666,60.5538917157194,0.32414458346435193,0.3436434755395134,-0.019498892075161478
2023-12-04 00:00:00+00:00,6.056,6.326,5.88,6.111,5265170.08,5.78795,4.8915999999999995,61.563361274761,0.3115257313896169,0.3372199267095341,-0.02569419531991718
2023-12-05 00:00:00+00:00,6.108,6.348,5.975,6.256,3576667.35,5.83165,4.922616666666667,64.21178817031202,0.3096559671556838,0.331707134798764,-0.02205116764308024
2023-12-06 00:00:00+00:00,6.258,6.291,5.94,6.0,4718671.72,5.87185,4.949716666666666,56.77392546310923,0.2842405568053863,0.32221381920008846,-0.03797326239470217
2023-12-07 00:00:00+00:00,6.0,6.361,5.984,6.293,3148267.98,5.9311,4.982316666666666,62.174396024172,0.28446220901748465,0.31466349716356773,-0.030201288146083083
2023-12-08 00:00:00+00:00,6.294,6.55,6.258,6.512,3957069.47,6.003500000000001,5.021783333333333,65.63074149942372,0.29886421905240557,0.31150364154133536,-0.012639422488929797
2023-12-09 00:00:00+00:00,6.513,7.13,6.51,6.842,6533876.43,6.0839,5.06715,70.06895030307263,0.3330667714267461,0.3158162675184175,0.017250503908328607
2023-12-10 00:00:00+00:00,6.843,6.884,6.4,6.605,3319257.05,6.1548,5.108416666666667,63.70628687644273,0.3371620273163094,0.3200854194779959,0.017076607838313496
2023-12-11 00:00:00+00:00,6.605,6.618,5.894,6.1,5672416.75,6.2173,5.143383333333333,52.72072177974363,0.29624335854242023,0.31531700729088075,-0.019073648748460514
2023-12-12 00:00:00+00:00,6.099,6.345,6.084,6.232,2761397.24,6.22345,5.180066666666666,54.90945500174609,0.2713384943059829,0.3065213046939012,-0.03518281038791832
2023-12-13 00:00:00+00:00,6.236,6.33,5.943,6.296,2862521.04,6.2217,5.216933333333333,55.973660016957055,0.2538393728181081,0.29598491831874263,-0.04214554550063454
2023-12-14 00:00:00+00:00,6.298,6.473,6.1,6.361,2471343.09,6.2314,5.254583333333334,57.081563120647274,0.2424216637000507,0.2852722673950043,-0.04285060369495358
2023-12-15 00:00:00+00:00,6.364,6.366,5.982,6.036,2333835.74,6.22485,5.286533333333334,50.26991735192538,0.20478759913519085,0.2691753337430416,-0.06438773460785074
2023-12-16 00:00:00+00:00,6.035,6.25,5.931,6.167,1497453.29,6.2242,5.324516666666667,52.71906448740231,0.18341860155149536,0.25202398730473236,-0.06860538575323699
2023-12-17 00:00:00+00:00,6.167,6.28,6.05,6.063,2076777.88,6.21265,5.360049999999999,50.58897286421684,0.15628997265770028,0.23287718437532595,-0.07658721171762567
2023-12-18 00:00:00+00:00,6.065,6.117,5.593,5.945,3717189.38,6.201549999999999,5.39365,48.20889524690884,0.12384116115791421,0.2110699797318436,-0.08722881857392939
2023-12-19 00:00:00+00:00,5.943,6.039,5.75,5.834,1703388.54,6.19285,5.424250000000001,46.015749888224256,0.08815230700671073,0.18648644518681703,-0.0983341381801063
2023-12-20 00:00:00+00:00,5.834,6.107,5.794,5.926,1816453.26,6.1912,5.454,48.12229388557645,0.06652540068304091,0.16249423628606183,-0.09596883560302091
2023-12-21 00:00:00+00:00,5.93,6.21,5.861,6.182,2931221.25,6.1995,5.486816666666666,53.55346631020796,0.06924477150429098,0.14384434332970766,-0.07459957182541668
2023-12-22 00:00:00+00:00,6.183,6.489,6.121,6.392,4554815.3,6.2105,5.520383333333333,57.485472523308275,0.08733835523598987,0.13254314571096412,-0.04520479047497425
2023-12-23 00:00:00+00:00,6.391,6.426,6.098,6.339,6697092.57,6.2246,5.555700000000001,56.19252559822249,0.09629101080656888,0.12529271873008507,-0.029001707923516196
2023-12-24 00:00:00+00:00,6.341,7.18,6.317,6.842,9372595.58,6.26115,5.6002833333333335,64.38066454239188,0.14233322231278756,0.12870081944662556,0.013632402866161991
2023-12-25 00:00:00+00:00,6.841,7.16,6.664,6.969,5009058.85,6.2968,5.647916666666666,66.10338094793289,0.18691520315312804,0.14034369618792605,0.046571506965201986
2023-12-26 00:00:00+00:00,6.969,7.799,6.632,7.346,9709654.78,6.3641000000000005,5.703283333333333,70.64247995404935,0.24978809180976924,0.16223257531229468,0.08755551649747456
2023-12-27 00:00:00+00:00,7.346,7.443,6.981,7.237,4791991.55,6.4113,5.7558333333333325,67.81494165228872,0.28750573287340764,0.18728720682451727,0.10021852604889037
2023-12-28 00:00:00+00:00,7.235,8.26,7.223,7.806,10437790.81,6.476000000000001,5.816716666666666,73.72682182061132,0.3591704860386695,0.22166386266734772,0.1375066233713218
2023-12-29 00:00:00+00:00,7.809,7.882,7.366,7.568,5813176.49,6.512300000000001,5.8732,68.09275969499876,0.39223921873465883,0.25577893388080997,0.13646028485384887
2023-12-30 00:00:00+00:00,7.566,7.81,7.318,7.358,3041523.58,6.54995,5.926699999999999,63.482977287327046,0.3969256706333999,0.284008281231328,0.11291738940207191
2023-12-31 00:00:00+00:00,7.357,7.706,7.143,7.222,2415081.67,6.606050000000001,5.96715,60.62074386569118,0.3852250198915783,0.30425162896337804,0.08097339092820027
2024-01-01 00:00:00+00:00,7.222,7.644,7.139,7.6,1945826.63,6.67445,6.0156,65.30320989924112,0.4018216608215859,0.3237656353350196,0.07805602548656626
2024-01-02 00:00:00+00:00,7.603,7.723,7.145,7.175,2848688.7,6.7184,6.057633333333333,57.08444224280358,0.3763424289482691,0.33428099405766953,0.04206143489059955
2024-01-03 00:00:00+00:00,7.176,7.38,5.879,6.433,6237233.92,6.7219999999999995,6.086333333333333,46.16125373767949,0.29290038199398083,0.32600487164493186,-0.03310448965095103
2024-01-04 00:00:00+00:00,6.431,6.716,6.363,6.53,2240246.85,6.7467,6.115633333333333,47.573577929916034,0.23192555452843955,0.3071890082216334,-0.07526345369319387
2024-01-05 00:00:00+00:00,6.532,6.639,6.162,6.434,2493708.19,6.76005,6.137716666666666,46.27963950497485,0.1738521078870212,0.280521628154711,-0.10666952026768978
2024-01-06 00:00:00+00:00,6.434,6.44,6.015,6.308,1721820.18,6.772300000000001,6.160716666666667,44.56631921963958,0.11632046612651425,0.24768139574907164,-0.13136092962255738
2024-01-07 00:00:00+00:00,6.311,6.446,5.921,6.004,1373058.26,6.77525,6.1744666666666665,40.655599585756256,0.045669516415272504,0.20727901988231182,-0.1616095034670393
2024-01-08 00:00:00+00:00,6.007,6.241,5.66,6.24,2939688.96,6.79555,6.193083333333334,44.71167873668621,0.008621968733641516,0.16754760965257778,-0.15892564091893627
2024-01-09 00:00:00+00:00,6.24,6.278,5.705,6.011,3192609.82,6.7998,6.205266666666666,41.731137975786645,-0.038769950033831435,0.12628409771529595,-0.16505404774912738
2024-01-10 00:00:00+00:00,6.012,6.755,5.93,6.568,3830777.16,6.819100000000001,6.22485,50.39317298798215,-0.031025499495140885,0.09482217827320859,-0.1258476777683495
2024-01-11 00:00:00+00:00,6.568,6.975,6.51,6.819,4026266.3,6.84045,6.248216666666666,53.73109244863007,-0.004581551073146173,0.07494143240393764,-0.07952298347708381
2024-01-12 00:00:00+00:00,6.819,6.976,6.301,6.579,3854376.29,6.852449999999999,6.270833333333333,50.24942187154701,-0.002956445602088742,0.059361856802732364,-0.062318302404821106
2024-01-13 00:00:00+00:00,6.58,6.701,6.39,6.632,1740642.72,6.84195,6.297016666666667,51.00445825885844,0.0025783970957728997,0.048005164861340474,-0.045426767765567574
2024-01-14 00:00:00+00:00,6.633,6.67,6.304,6.319,1150756.29,6.809450000000001,6.312633333333334,46.51479269781504,-0.01808323209645213,0.034787485469781956,-0.052870717566234085
2024-01-15 00:00:00+00:00,6.318,6.734,6.309,6.671,2457251.33,6.7757000000000005,6.3372166666666665,51.667421174424945,-0.005985269416897587,0.026632934492446046,-0.032618203909343634
2024-01-16 00:00:00+00:00,6.673,6.934,6.65,6.825,2087549.53,6.7551000000000005,6.365833333333333,53.76597258401842,0.015846299855310164,0.024475607565018872,-0.008629307709708708
2024-01-17 00:00:00+00:00,6.825,6.895,6.66,6.77,1800287.65,6.7033000000000005,6.394266666666667,52.882849683331806,0.02838275669415946,0.02525703739084699,0.0031257193033124714
2024-01-18 00:00:00+00:00,6.771,6.844,6.231,6.32,1844838.93,6.6409,6.412366666666666,46.196928538782274,0.0019838809218146736,0.02060240609704053,-0.018618525175225855
2024-01-19 00:00:00+00:00,6.32,6.389,6.037,6.357,1692365.44,6.5908500000000005,6.431866666666667,46.79258038408263,-0.015770040334830426,0.013327916810666338,-0.029097957145496765
2024-01-20 00:00:00+00:00,6.358,6.623,6.294,6.497,1720275.46,6.554600000000001,6.459316666666667,49.089287381741855,-0.01833200097368426,0.0069959332537962195,-0.02532793422748048
2024-01-21 00:00:00+00:00,6.497,6.525,6.362,6.377,605092.04,6.49345,6.463783333333334,47.208284300982115,-0.02970297297308644,-0.0003438479915803122,-0.029359124981506127
2024-01-22 00:00:00+00:00,6.376,6.403,5.967,6.048,1489236.84,6.437099999999999,6.459066666666667,42.41015473198429,-0.0645183729957175,-0.01317875299240775,-0.05133962000330975
2024-01-23 00:00:00+00:00,6.044,6.132,5.535,5.842,2509513.0,6.4075500000000005,6.45365,39.69001611840425,-0.10749319212460762,-0.03204164081884772,-0.0754515513057599
2024-01-24 00:00:00+00:00,5.842,5.912,5.725,5.866,1317945.9,6.374350000000001,6.448633333333333,40.171473874462784,-0.13802339865436952,-0.05323799238595209,-0.08478540626841743
2024-01-25 00:00:00+00:00,5.868,5.87,5.629,5.75,897373.0,6.3401499999999995,6.441466666666667,38.56883055803055,-0.16962372116453128,-0.07651513814166794,-0.09310858302286334
2024-01-26 00:00:00+00:00,5.749,5.965,5.7,5.949,1074851.21,6.3222000000000005,6.435716666666667,42.78582041111619,-0.1765741308672002,-0.0965269366867744,-0.0800471941804258
2024-01-27 00:00:00+00:00,5.951,6.004,5.847,5.986,658601.03,6.321299999999999,6.4327,43.561570835421364,-0.17705580079530492,-0.1126327095084805,-0.06442309128682441
2024-01-28 00:00:00+00:00,5.986,6.079,5.879,5.942,884148.5,6.3064,6.4316,42.81807065673661,-0.17892541910598148,-0.12589125142798072,-0.05303416767800076
2024-01-29 00:00:00+00:00,5.944,6.147,5.877,6.145,1413510.13,6.3131,6.4347,47.28813687581021,-0.16215745146784055,-0.1331444914359527,-0.029012960031887858
2024-01-30 00:00:00+00:00,6.145,6.34,6.118,6.257,1492342.07,6.29755,6.438716666666666,49.62779695872179,-0.13823773378590243,-0.13416313990594264,-0.004074593879959787
2024-01-31 00:00:00+00:00,6.257,6.33,5.933,6.001,1790208.87,6.25665,6.435866666666667,44.73965656622116,-0.13834350786659666,-0.13499921349807345,-0.0033442943685232096
2024-02-01 00:00:00+00:00,6.003,6.087,5.883,6.049,1365220.32,6.23015,6.435733333333333,45.81727612106784,-0.1330207552760676,-0.1346035218536723,0.0015827665776046995
2024-02-02 00:00:00+00:00,6.048,6.262,6.035,6.136,1077858.28,6.20535,6.43615,47.80406298979918,-0.12039443053675214,-0.13176170359028827,0.011367273053536131
2024-02-03 00:00:00+00:00,6.136,6.285,6.058,6.108,844504.66,6.1948,6.433683333333333,47.20414205466699,-0.1113636128004023,-0.12768208543231108,0.016318472631908776
2024-02-04 00:00:00+00:00,6.107,6.13,5.953,5.981,590556.07,6.160299999999999,6.433366666666666,44.47766669830717,-0.11315013892946801,-0.12477569613174247,0.011625557202274456
2024-02-05 00:00:00+00:00,5.979,6.1,5.913,6.005,820201.0,6.119300000000001,6.428566666666667,45.122735630275436,-0.1113458487009078,-0.12208972664557555,0.010743877944667746
2024-02-06 00:00:00+00:00,6.005,6.438,6.0,6.278,1631031.89,6.0947,6.424666666666667,51.959932905446834,-0.08688555466199688,-0.11504889224885982,0.028163337586862944
2024-02-07 00:00:00+00:00,6.278,6.476,6.221,6.393,1303923.89,6.09835,6.417183333333333,54.52992173470119,-0.05755756868094686,-0.10355062753527723,0.045993058854330374
2024-02-08 00:00:00+00:00,6.393,6.434,6.307,6.316,1013712.73,6.0963,6.412366666666667,52.504561700437314,-0.04006632532051224,-0.09085376709232425,0.050787441771812006
2024-02-09 00:00:00+00:00,6.316,6.694,6.308,6.654,1975370.87,6.10415,6.4216,59.59833469444108,0.001057199538181841,-0.07247157376622304,0.07352877330440488
2024-02-10 00:00:00+00:00,6.654,6.751,6.534,6.628,941087.36,6.1167,6.4281999999999995,58.86995070666252,0.031190363464073556,-0.05173918632016372,0.08292954978423728
2024-02-11 00:00:00+00:00,6.628,6.828,6.555,6.683,1571053.34,6.14845,6.4346499999999995,59.98407376825006,0.05883098632949757,-0.029625151790231466,0.08845613811972904
2024-02-12 00:00:00+00:00,6.685,6.859,6.48,6.836,1537443.35,6.19815,6.442566666666666,62.98762031856693,0.0920214345992223,-0.005295834512340714,0.097317269111563
2024-02-13 00:00:00+00:00,6.836,6.877,6.535,6.68,1445791.74,6.238849999999999,6.4533,58.19161399289901,0.10453222529944384,0.016669777450016198,0.08786244784942764
2024-02-14 00:00:00+00:00,6.679,6.903,6.635,6.889,1410023.61,6.2958,6.465333333333334,62.32996171340985,0.12981524108680276,0.03929887017737351,0.09051637090942924
2024-02-15 00:00:00+00:00,6.889,7.532,6.889,7.506,3489004.49,6.37365,6.4893833333333335,71.34689457300196,0.19736386894200564,0.07091186993029994,0.1264519990117057
2024-02-16 00:00:00+00:00,7.506,7.674,7.3,7.44,2912376.81,6.44635,6.5142999999999995,69.43233879396925,0.2427724649089944,0.10528398892603884,0.13748847598295555
2024-02-17 00:00:00+00:00,7.443,7.798,7.369,7.766,2952390.99,6.53755,6.546499999999999,73.25059774388444,0.3015880604397241,0.1445448032287759,0.1570432572109482
2024-02-18 00:00:00+00:00,7.767,7.976,7.543,7.657,2170308.36,6.61315,6.575349999999999,70.09776508845636,0.33553659755992893,0.18274316209500652,0.1527934354649224
2024-02-19 00:00:00+00:00,7.657,7.786,7.514,7.698,2136008.5,6.6852,6.600616666666667,70.61018806665197,0.3615813306591207,0.21851079580782934,0.14307053485129134
2024-02-20 00:00:00+00:00,7.698,7.735,7.244,7.559,2544818.53,6.7631,6.620066666666665,66.45250004222959,0.3667778442763323,0.24816420550152996,0.11861363877480235
2024-02-21 00:00:00+00:00,7.558,7.558,7.078,7.391,1678182.31,6.8302000000000005,6.6376,61.72203404641619,0.3532676729590323,0.26918489899303044,0.08408277396600183
2024-02-22 00:00:00+00:00,7.392,7.524,7.271,7.36,1465874.7,6.8914,6.646233333333333,60.86110076069431,0.3361840040015007,0.2825847199947245,0.053599284006776216
2024-02-23 00:00:00+00:00,7.358,12.632,6.963,11.4,45582807.42,7.156000000000001,6.720083333333333,86.76686415476082,0.6412474086188027,0.35431725771954015,0.28693015089926255
2024-02-24 00:00:00+00:00,11.397,12.859,10.916,11.259,32760235.02,7.4199,6.7853,84.660700680176,0.8617016725369879,0.45579414068302976,0.40590753185395817
2024-02-25 00:00:00+00:00,11.26,11.637,10.1,11.138,15111199.6,7.676550000000001,6.850316666666667,82.80316964898171,1.0149498659482497,0.5676252857360737,0.4473245802121759
2024-02-26 00:00:00+00:00,11.14,11.56,10.364,10.612,11657596.22,7.893249999999999,6.897083333333333,75.09018526338497,1.081489620148547,0.6703981526185685,0.4110914675299786
2024-02-27 00:00:00+00:00,10.612,11.213,10.4,10.832,8086764.08,8.1152,6.951483333333333,76.09322492535738,1.138847095716887,0.7640879412382323,0.3747591544786547
2024-02-28 00:00:00+00:00,10.832,11.279,9.7,10.927,10152559.9,8.345749999999999,7.010966666666667,76.53266234768843,1.178385321923228,0.8469474173752315,0.3314379045479966
2024-02-29 00:00:00+00:00,10.927,11.999,10.734,11.124,11956520.94,8.56925,7.076,77.45799090994414,1.2116487718350548,0.9198876882671962,0.29176108356785857
2024-03-01 00:00:00+00:00,11.127,12.038,10.814,11.565,7612345.55,8.8161,7.142083333333333,79.41478282613586,1.2590814032835222,0.9877264312704616,0.2713549720130607
2024-03-02 00:00:00+00:00,11.565,13.5,11.299,12.609,12748727.57,9.112400000000001,7.2326500000000005,83.14495257980609,1.3651772666316564,1.0632165983427004,0.30196066828895596
2024-03-03 00:00:00+00:00,12.608,13.267,11.5,12.638,7264739.75,9.4025,7.3360666666666665,83.23582612730299,1.4350566209171554,1.1375846028575916,0.2974720180595638
2024-03-04 00:00:00+00:00,12.639,13.079,12.0,12.358,6746794.04,9.6864,7.4332,78.81733519859009,1.4511152988226925,1.2002907420506117,0.2508245567720808
2024-03-05 00:00:00+00:00,12.358,14.089,11.28,13.184,14518182.0,10.00115,7.5457,81.87414775245867,1.5130516954857445,1.2628429327376383,0.2502087627481062
2024-03-06 00:00:00+00:00,13.186,17.05,12.543,15.406,17274814.69,10.39615,7.697333333333333,87.2178375366243,1.721588169276048,1.3545919800453203,0.36699618923072763
2024-03-07 00:00:00+00:00,15.408,15.573,14.528,14.875,6059680.43,10.767900000000001,7.845183333333333,81.06716062422788,1.8229932337069013,1.4482722307776366,0.3747210029292647
2024-03-08 00:00:00+00:00,14.878,15.452,14.165,14.582,5109719.8,11.1087,7.984216666666668,77.80660330741743,1.8582935749708813,1.5302764996162856,0.3280170753545957
2024-03-09 00:00:00+00:00,14.581,15.014,13.842,14.184,5427317.52,11.43505,8.120433333333333,73.4831123557714,1.833024114992849,1.5908260226915985,0.24219809230125056
2024-03-10 00:00:00+00:00,14.185,14.416,13.5,14.233,4646319.95,11.761800000000001,8.248183333333333,73.67704478354865,1.7962457732437613,1.6319099728020312,0.16433580044173013
2024-03-11 00:00:00+00:00,14.231,14.642,13.5,14.437,4348900.95,12.1057,8.37515,74.51278078501755,1.763234300098535,1.6581748382613322,0.10505946183720294
2024-03-12 00:00:00+00:00,14.436,14.572,13.018,14.063,4443993.32,12.4393,8.499883333333333,70.11749635367354,1.6874420142998705,1.66402827346904,0.023413740830830587
2024-03-13 00:00:00+00:00,14.065,14.8,13.743,14.227,3590830.86,12.78265,8.626466666666666,70.92733407238708,1.6219131064598908,1.6556052400672103,-0.033692133607319485
2024-03-14 00:00:00+00:00,14.228,14.474,13.167,13.947,4157084.01,12.91,8.7536,67.56086161612353,1.5297532714689126,1.6304348463475509,-0.10068157487863827
2024-03-15 00:00:00+00:00,13.949,14.137,12.136,13.066,5616115.09,13.000350000000001,8.860183333333334,58.200535682401835,1.3698359845504076,1.5783150739881222,-0.20847908943771465
2024-03-16 00:00:00+00:00,13.069,13.164,11.758,12.029,2920835.54,13.044900000000002,8.946916666666665,49.50608912033008,1.1462103496763607,1.4918941291257701,-0.3456837794494094
2024-03-17 00:00:00+00:00,12.031,12.667,11.35,12.422,2790079.58,13.1354,9.041116666666666,52.40776902208868,0.9892932813314381,1.3913739595669037,-0.40208067823546556
2024-03-18 00:00:00+00:00,12.422,12.612,11.561,11.877,2386476.82,13.18765,9.133733333333334,48.265520762848936,0.8116027772853442,1.2754197231105917,-0.46381694582524746
2024-03-19 00:00:00+00:00,11.875,12.048,10.384,10.614,5125751.51,13.172,9.204683333333332,40.31342379062832,0.5623853991605081,1.132812858320575,-0.5704274591600669
2024-03-20 00:00:00+00:00,10.611,11.95,10.3,11.913,3886670.75,13.21145,9.29495,49.52459701881581,0.4643445997845195,0.999119206613364,-0.5347746068288445
2024-03-21 00:00:00+00:00,11.909,12.239,11.542,12.183,2625898.43,13.242349999999998,9.391716666666666,51.210017403423265,0.4037787928684633,0.8800511238643839,-0.4762723309959206
2024-03-22 00:00:00+00:00,12.183,12.25,11.335,11.759,2314450.76,13.199850000000001,9.486899999999999,48.472775911588286,0.3179021202947041,0.767621323150448,-0.44971920285574385
2024-03-23 00:00:00+00:00,11.76,12.021,11.568,11.614,1488835.39,13.14865,9.5831,47.53698958433915,0.2354300592150409,0.6611830703633667,-0.42575301114832576
2024-03-24 00:00:00+00:00,11.616,12.091,11.568,12.039,1231546.88,13.1327,9.685983333333333,50.55032749171406,0.20203536681114542,0.5693535296529224,-0.367318162841777
2024-03-25 00:00:00+00:00,12.042,13.0,11.921,12.429,2117826.39,13.09495,9.7973,53.20640879353437,0.20468014778460208,0.4964188532792584,-0.2917387054946563
2024-03-26 00:00:00+00:00,12.424,12.889,12.36,12.692,1996606.93,12.95925,9.909683333333334,54.963204460551,0.2253997893132702,0.4422150404860608,-0.2168152511727906
2024-03-27 00:00:00+00:00,12.694,12.828,12.094,12.246,2391262.69,12.827800000000002,10.014016666666667,51.43649231901211,0.2034861205472609,0.3944692564983009,-0.19098313595104
2024-03-28 00:00:00+00:00,12.243,13.123,12.116,12.749,2276508.02,12.736149999999999,10.127466666666667,54.947521700918756,0.22412371771865303,0.36040014874237136,-0.13627643102371834
2024-03-29 00:00:00+00:00,12.751,13.155,12.437,12.642,2689334.09,12.659049999999999,10.23575,54.05228282625863,0.22920304635471744,0.33416072826484056,-0.10495768191012311
2024-03-30 00:00:00+00:00,12.64,12.916,12.506,12.607,1460876.98,12.577749999999998,10.341583333333334,53.74383025964946,0.22777855401710667,0.31288429341529383,-0.08510573939818716
2024-03-31 00:00:00+00:00,12.607,13.343,12.575,12.947,2314761.94,12.50325,10.45735,56.34972510578857,0.2511892388920032,0.3005452825106357,-0.04935604361863255
2024-04-01 00:00:00+00:00,12.946,12.952,12.029,12.416,3179157.04,12.4209,10.563466666666667,51.472602910023966,0.22430941377812452,0.2852981087641335,-0.06098869498600895
2024-04-02 00:00:00+00:00,12.414,12.421,11.177,11.302,3468324.92,12.274650000000001,10.649566666666665,43.05366485449185,0.11182739223559146,0.25060396545842506,-0.1387765732228336
2024-04-03 00:00:00+00:00,11.304,11.457,10.651,10.868,4443826.92,12.120700000000001,10.728900000000001,40.288914204829545,-0.012195016576770357,0.198044169051386,-0.21023918562815636
2024-04-04 00:00:00+00:00,10.868,11.276,10.704,10.976,1867298.17,12.016200000000001,10.81215,41.29911841916805,-0.10060921132632039,0.13831349297584472,-0.2389227043021651
2024-04-05 00:00:00+00:00,10.972,11.064,10.431,10.926,1615645.92,11.96105,10.894166666666667,40.95367413589489,-0.1727216520978896,0.07610646396109785,-0.24882811605898744
2024-04-06 00:00:00+00:00,10.929,11.345,10.889,11.241,927531.29,11.902,10.976883333333335,44.12457939940344,-0.20212346008589677,0.020460479151698935,-0.2225839392375957
2024-04-07 00:00:00+00:00,11.241,11.488,11.192,11.401,2738667.34,11.878200000000001,11.06035,45.719105012897344,-0.2100921306168324,-0.025650042802007333,-0.18444208781482507
2024-04-08 00:00:00+00:00,11.397,11.81,11.265,11.624,1649927.49,11.928700000000001,11.148816666666669,47.94863038907333,-0.19615200490042284,-0.059750435221690434,-0.1364015696787324
2024-04-09 00:00:00+00:00,11.624,11.714,11.027,11.212,1927360.48,11.89365,11.224783333333333,44.326177564946775,-0.2158610003659085,-0.09097254825053405,-0.12488845211537444
2024-04-10 00:00:00+00:00,11.21,11.316,9.801,10.047,9598126.86,11.78685,11.281766666666668,36.0358033743444,-0.32177703954409864,-0.13713344650924697,-0.18464359303485167
2024-04-11 00:00:00+00:00,10.047,10.048,8.716,9.139,19189507.5,11.655850000000001,11.322700000000001,31.146298345717042,-0.47352576494531284,-0.20441191019646016,-0.2691138547488527
2024-04-12 00:00:00+00:00,9.143,9.21,7.0,7.922,13220041.99,11.471250000000001,11.3408,26.04535615023481,-0.6841035325394795,-0.30035023466506405,-0.3837532978744155
2024-04-13 00:00:00+00:00,7.92,8.211,5.899,6.91,15232169.21,11.2148,11.344633333333332,22.71405929006046,-0.9220194070643739,-0.42468406914492607,-0.49733533791944784
2024-04-14 00:00:00+00:00,6.911,7.587,6.643,7.523,10681562.55,10.9695,11.3552,28.66581862895329,-1.0490131046885587,-0.5495498762536526,-0.4994632284349061
2024-04-15 00:00:00+00:00,7.523,7.932,7.018,7.247,6368389.32,10.69725,11.350883333333334,27.633957526718376,-1.15857212015265,-0.6713543250334522,-0.4872177951191978
2024-04-16 00:00:00+00:00,7.25,7.331,6.763,7.189,5612964.55,10.4444,11.3467,27.41066200566398,-1.2358326351726348,-0.7842499870612887,-0.4515826481113461
2024-04-17 00:00:00+00:00,7.182,7.246,6.624,6.889,2433417.76,10.1514,11.332083333333333,26.230032326437254,-1.306212438847293,-0.8886424774184896,-0.41756996142880354
2024-04-18 00:00:00+00:00,6.891,7.35,6.727,7.296,2702074.52,9.8841,11.326066666666668,30.597475642780267,-1.3140004623662165,-0.973714074408035,-0.34028638795818145
2024-04-19 00:00:00+00:00,7.293,7.696,6.713,7.491,3764350.17,9.6283,11.322616666666669,32.65469174333569,-1.2895722703953876,-1.0368857136055056,-0.25268655678988194
2024-04-20 00:00:00+00:00,7.489,7.921,7.396,7.873,2374609.58,9.374600000000001,11.32785,36.61822476950978,-1.2252644587898054,-1.0745614626423656,-0.15070299614743976
2024-04-21 00:00:00+00:00,7.872,7.955,7.547,7.731,1276363.7,9.140350000000002,11.333516666666666,35.77533930892635,-1.1722453533006476,-1.094098240774022,-0.07814711252662554
2024-04-22 00:00:00+00:00,7.73,8.301,7.703,8.2,2333601.6,8.985249999999999,11.347516666666667,40.635672167689705,-1.079934141270103,-1.0912654208732384,0.011331279603135513
2024-04-23 00:00:00+00:00,8.2,8.358,7.906,7.948,2111713.69,8.83925,11.289983333333334,38.93088242555346,-1.015406164422581,-1.076093569583107,0.060687405160526176
2024-04-24 00:00:00+00:00,7.947,8.215,7.592,7.72,2089035.27,8.676449999999999,11.231,37.40198950670234,-0.9714665111725562,-1.0551681579009968,0.0837016467284406
2024-04-25 00:00:00+00:00,7.715,8.13,7.561,7.93,2200386.0,8.52665,11.177533333333333,39.74900614126273,-0.9092178767325372,-1.025978101667305,0.1167602249347679
2024-04-26 00:00:00+00:00,7.931,7.948,7.528,7.703,1644152.23,8.34975,11.129050000000001,38.08666618981146,-0.8681943839179063,-0.9944213581174254,0.12622697419951912
2024-04-27 00:00:00+00:00,7.705,8.071,7.425,7.973,1383590.66,8.178349999999998,11.0814,41.23468436898191,-0.8046210561125067,-0.9564612977164417,0.15184024160393506
2024-04-28 00:00:00+00:00,7.978,8.227,7.797,7.825,1964278.09,7.9884,11.0297,40.03309831384648,-0.7574496903833463,-0.9166589762498227,0.15920928586647642
2024-04-29 00:00:00+00:00,7.828,7.893,7.496,7.689,1400705.08,7.812250000000001,10.97245,38.91101114088385,-0.7227091652065578,-0.8778690140411698,0.15515984883461198
2024-04-30 00:00:00+00:00,7.689,7.807,6.8,7.039,2793581.81,7.661849999999999,10.897016666666667,34.005189785979184,-0.7391066549944698,-0.8501165422318299,0.11100988723736005
2024-05-01 00:00:00+00:00,7.038,7.154,6.536,7.047,3213315.1,7.557249999999999,10.804316666666667,34.11528924124468,-0.7428926466517289,-0.8286717631158097,0.08577911646408076
2024-05-02 00:00:00+00:00,7.047,7.214,6.846,7.107,1054303.79,7.516499999999999,10.712133333333332,34.991266910642324,-0.7326065415780523,-0.8094587188082583,0.07685217723020599
2024-05-03 00:00:00+00:00,7.107,7.618,6.949,7.585,2069126.75,7.55025,10.632583333333335,41.6475091710416,-0.6780677807188695,-0.7831805311903806,0.10511275047151103
2024-05-04 00:00:00+00:00,7.585,7.717,7.472,7.531,1404469.63,7.55065,10.538366666666667,41.13509577257234,-0.6319184064762755,-0.7529281062475596,0.12100969977128406
2024-05-05 00:00:00+00:00,7.535,7.65,7.352,7.587,1385910.56,7.567649999999999,10.40805,41.93298009730714,-0.5840929035058515,-0.719161065699218,0.13506816219336648
2024-05-06 00:00:00+00:00,7.588,7.949,7.435,7.474,2036563.47,7.5819,10.284699999999999,40.733185327964456,-0.5489806957255396,-0.6851249917044824,0.13614429597894273
2024-05-07 00:00:00+00:00,7.475,7.68,7.377,7.396,1170340.25,7.607249999999999,10.164933333333332,39.88486436634142,-0.5214371631828376,-0.6523874260001534,0.1309502628173158
2024-05-08 00:00:00+00:00,7.396,7.531,7.205,7.329,1032760.59,7.6089,10.050683333333334,39.13099243933795,-0.49925989793504755,-0.6217619203871323,0.12250202245208475
2024-05-09 00:00:00+00:00,7.325,7.548,7.17,7.501,671303.78,7.609400000000001,9.938483333333332,42.15374783904857,-0.46247417846244776,-0.5899043720021955,0.12743019353974772
2024-05-10 00:00:00+00:00,7.502,7.564,7.024,7.107,888009.63,7.5710999999999995,9.816316666666667,37.553231687635,-0.45981329650001257,-0.5638861569017589,0.10407286040174635
2024-05-11 00:00:00+00:00,7.109,7.204,7.017,7.036,562896.55,7.5363500000000005,9.6992,36.77436635278666,-0.45815234001662386,-0.5427393935247319,0.08458705350810802
2024-05-12 00:00:00+00:00,7.037,7.217,6.984,7.064,594384.17,7.479550000000001,9.579816666666666,37.326423331323625,-0.4493962933129243,-0.5240707734823704,0.07467448016944611
2024-05-13 00:00:00+00:00,7.064,7.211,6.837,7.003,1438815.8,7.4323,9.464083333333331,36.577121615722156,-0.44228091434777017,-0.5077128016554504,0.06543188730768024
2024-05-14 00:00:00+00:00,7.007,7.022,6.761,6.787,979588.32,7.38565,9.359433333333333,33.97621952778695,-0.4488967181289425,-0.49594958495014885,0.04705286682120635
2024-05-15 00:00:00+00:00,6.787,7.445,6.735,7.364,1208615.32,7.357349999999999,9.281683333333335,45.188477640270136,-0.40293591803579965,-0.477346851567279,0.07441093353147937
2024-05-16 00:00:00+00:00,7.365,7.429,7.049,7.293,1033317.36,7.33685,9.196200000000001,44.19393683102561,-0.36799869952366926,-0.4554772211585571,0.08747852163488784
2024-05-17 00:00:00+00:00,7.295,7.605,7.236,7.491,1244916.54,7.312749999999999,9.123099999999999,47.65389459991284,-0.32063764570905295,-0.4285093060686563,0.10787166035960333
2024-05-18 00:00:00+00:00,7.491,8.228,7.444,7.86,3423784.61,7.3145,9.077200000000001,53.44666208305461,-0.2504415192650198,-0.392895748707929,0.1424542294429092
2024-05-19 00:00:00+00:00,7.86,7.97,7.58,7.642,1209679.92,7.31215,9.006016666666666,49.93115373657781,-0.20998083308505056,-0.35631276558335334,0.14633193249830279
2024-05-20 00:00:00+00:00,7.642,9.516,7.618,9.328,4886863.41,7.4266000000000005,8.958433333333335,67.65242924797326,-0.04139219481772294,-0.29332865143022724,0.2519364566125043
2024-05-21 00:00:00+00:00,9.327,9.672,9.083,9.659,4302999.77,7.5572,8.923433333333334,69.90450980827671,0.11756918496229307,-0.21114908415172318,0.32871826911401625
2024-05-22 00:00:00+00:00,9.658,9.694,9.021,9.304,3009371.79,7.667050000000001,8.884933333333333,64.70164417707562,0.21245266843709487,-0.12642873363395957,0.33888140207105444
2024-05-23 00:00:00+00:00,9.305,9.87,8.617,9.088,4686381.81,7.7421999999999995,8.835749999999999,61.692917045130734,0.267139697730034,-0.04771504736116086,0.3148547450911948
2024-05-24 00:00:00+00:00,9.087,10.569,8.938,10.213,6010490.36,7.8763000000000005,8.798816666666669,69.61747149999465,0.396684923555215,0.04116494682211431,0.3555199767331007
2024-05-25 00:00:00+00:00,10.214,11.497,10.152,11.329,8019458.82,8.0634,8.776100000000001,75.11668275855628,0.5826854859703268,0.1494690546517568,0.43321643131856996
2024-05-26 00:00:00+00:00,11.33,11.8,11.064,11.167,6066941.99,8.24805,8.758116666666668,73.0497297330772,0.7088490549739568,0.2613450547161968,0.44750400025776
2024-05-27 00:00:00+00:00,11.169,11.372,10.902,11.056,3230856.4,8.43105,8.729899999999999,71.59602644275904,0.7907624032819403,0.3672285244293455,0.42353387885259475
2024-05-28 00:00:00+00:00,11.057,11.51,10.603,11.107,3725865.1,8.61995,8.704316666666667,71.87298367210738,0.8499963667337003,0.46378209289021644,0.38621427384348384
2024-05-29 00:00:00+00:00,11.11,11.34,10.44,10.443,2745127.46,8.76705,8.66825,63.228674868197686,0.8337495134069162,0.5377755769935564,0.2959739364133598
2024-05-30 00:00:00+00:00,10.444,11.209,10.361,10.758,1812312.31,8.9496,8.631766666666666,65.3573198749192,0.8366472834396994,0.597549918282785,0.23909736515691438
2024-05-31 00:00:00+00:00,10.76,11.139,9.929,9.957,3148986.72,9.09565,8.590783333333333,56.41420023303044,0.7654857382125098,0.63113708226873,0.13434865594377976
2024-06-01 00:00:00+00:00,9.957,10.072,9.86,9.886,1357483.99,9.236749999999999,8.567183333333332,55.68682620686037,0.6953450889523207,0.6439786836054482,0.051366405346872535
2024-06-02 00:00:00+00:00,9.885,9.959,9.36,9.422,1283848.11,9.3577,8.543083333333332,51.05402509832764,0.5954531832475869,0.634273583533876,-0.03882040028628908
2024-06-03 00:00:00+00:00,9.419,9.838,9.293,9.493,1711848.9,9.493,8.518366666666667,51.71596685802383,0.5160683205644183,0.6106325309399845,-0.09456421037556617
2024-06-04 00:00:00+00:00,9.494,11.968,9.403,11.466,10228765.87,9.6981,8.527366666666667,65.62732539077332,0.6053813960056438,0.6095823039531164,-0.004200907947472632
2024-06-05 00:00:00+00:00,11.467,11.596,10.876,11.162,4360122.27,9.891549999999999,8.52605,62.63299074077291,0.6442063822230644,0.616507119607106,0.027699262615958342
2024-06-06 00:00:00+00:00,11.167,11.267,10.42,10.619,3107269.54,10.04795,8.513016666666667,57.579468174379414,0.6239671961287581,0.6179991349114364,0.00596806121732163
2024-06-07 00:00:00+00:00,10.619,10.75,9.15,9.818,2914002.05,10.14585,8.482916666666666,51.037641592670575,0.5371021107713521,0.6018197300834196,-0.06471761931206754
2024-06-08 00:00:00+00:00,9.818,10.201,9.786,10.052,1900669.26,10.26635,8.463583333333334,52.72734093282164,0.48159126485576387,0.5777740370378885,-0.09618277218212468
2024-06-09 00:00:00+00:00,10.05,10.082,9.759,9.823,904172.18,10.2911,8.45985,50.876913037967405,0.41434383555032106,0.5450879967403751,-0.13074416119005405
2024-06-10 00:00:00+00:00,9.824,10.685,9.609,10.351,3224428.86,10.325700000000001,8.48005,54.81440287564275,0.3990548942363681,0.5158813762395738,-0.11682648200320567
2024-06-11 00:00:00+00:00,10.349,10.399,8.74,8.978,4952530.73,10.3094,8.49765,44.7658801130295,0.2730016793124861,0.46730543685415626,-0.19430375754167017
2024-06-12 00:00:00+00:00,8.978,10.341,8.775,10.079,6226703.66,10.35895,8.550466666666667,52.314916905696634,0.2589599675708403,0.4256363429974931,-0.1666763754266528
2024-06-13 00:00:00+00:00,10.08,10.24,9.638,10.164,2710791.37,10.3565,8.594483333333333,52.85068369998788,0.25178814250179293,0.39086670289835307,-0.13907856039656014
2024-06-14 00:00:00+00:00,10.162,11.027,10.072,10.431,6327707.97,10.3116,8.647549999999999,54.57709846431432,0.26459895599468375,0.36561315351761925,-0.1010141975229355
2024-06-15 00:00:00+00:00,10.43,11.874,10.352,11.52,6564282.44,10.32925,8.719733333333332,60.8703739243725,0.3584923402868938,0.3641889908714742,-0.005696650584580409
2024-06-16 00:00:00+00:00,11.519,12.026,11.258,11.984,2875675.14,10.375649999999998,8.80465,63.209290927278474,0.4649843953273791,0.38434807176265523,0.08063632356472389
2024-06-17 00:00:00+00:00,11.981,11.986,10.521,10.61,4786464.14,10.3508,8.859883333333332,53.08950697185167,0.4335125365092143,0.39418096471196706,0.03933157179724722
2024-06-18 00:00:00+00:00,10.609,10.644,9.238,9.766,4229131.74,10.31695,8.897799999999998,48.00533508115323,0.33658714813020474,0.3826622013956146,-0.04607505326540984
2024-06-19 00:00:00+00:00,9.766,10.477,9.625,9.954,4568679.79,10.27675,8.932483333333334,49.17296810182364,0.2718098535525737,0.36049173182700645,-0.08868187827443275
2024-06-20 00:00:00+00:00,9.953,10.3,9.637,10.029,2175718.7,10.28035,8.970783333333335,49.6586595509349,0.2239437697261959,0.3331821394068443,-0.10923836968064843
2024-06-21 00:00:00+00:00,10.028,10.322,9.7,9.81,2417601.67,10.27655,8.997616666666666,48.20998691550534,0.16641970097645498,0.2998296517207665,-0.1334099507443115
2024-06-22 00:00:00+00:00,9.81,10.096,9.59,9.843,1375348.14,10.2976,9.0292,48.45400650226441,0.12208694396766973,0.2642811101701471,-0.14219416620247738
2024-06-23 00:00:00+00:00,9.843,10.116,9.75,9.772,1084762.42,10.31155,9.0634,47.93074124035246,0.08029818056799165,0.22748452424971605,-0.1471863436817244
2024-06-24 00:00:00+00:00,9.772,9.821,8.751,9.325,4178546.18,10.2045,9.08665,44.6607114734742,0.010984497783992353,0.1841845189565713,-0.17320002117257896
2024-06-25 00:00:00+00:00,9.328,9.569,9.191,9.503,1912641.62,10.121550000000001,9.116649999999998,46.23376798594426,-0.02924684340328909,0.14149824648459922,-0.1707450898878883
2024-06-26 00:00:00+00:00,9.505,9.654,9.149,9.394,1562444.06,10.060300000000002,9.140333333333333,45.38303077641572,-0.06912898429471248,0.09937280032873688,-0.16850178462344936
2024-06-27 00:00:00+00:00,9.394,9.648,9.182,9.506,1873329.36,10.0447,9.168349999999998,46.472928709646254,-0.0906534082490218,0.06136755861318516,-0.15202096686220695
2024-06-28 00:00:00+00:00,9.508,9.636,8.93,9.002,3292786.32,9.9922,9.190233333333333,42.374993618461424,-0.14668931410212416,0.0197561840701233,-0.16644549817224746
2024-06-29 00:00:00+00:00,9.002,9.128,8.844,8.854,1235971.81,9.94375,9.220483333333334,41.22539632021994,-0.20072668405424388,-0.024340389554750142,-0.17638629449949372
2024-06-30 00:00:00+00:00,8.858,9.35,8.76,9.295,979114.72,9.89095,9.25795,45.93230229641296,-0.2055966840559993,-0.06059164845499998,-0.1450050356009993
2024-07-01 00:00:00+00:00,9.296,9.527,9.132,9.146,1810551.92,9.899350000000002,9.291933333333333,44.63176666886474,-0.21895526885445626,-0.09226437253489125,-0.126690896319565
2024-07-02 00:00:00+00:00,9.146,9.225,8.799,9.0,1862694.69,9.845400000000001,9.315516666666666,43.33693444946373,-0.23857290345319804,-0.12152607871855262,-0.11704682473464542
2024-07-03 00:00:00+00:00,9.0,9.067,8.401,8.522,1955707.37,9.7633,9.332033333333333,39.31539958874324,-0.28935511969491046,-0.1550918869138242,-0.13426323278108626
2024-07-04 00:00:00+00:00,8.523,8.585,7.587,7.628,3095649.56,9.623149999999999,9.332716666666666,33.124217420887405,-0.3971605014262245,-0.20350560981630428,-0.19365489160992022
2024-07-05 00:00:00+00:00,7.627,7.822,6.763,7.776,5844740.91,9.43595,9.33775,34.95048263668971,-0.46529109393450696,-0.2558627066399448,-0.20942838729456215
2024-07-06 00:00:00+00:00,7.774,8.262,7.666,8.19,1415163.4,9.24625,9.350983333333334,39.89505233038072,-0.4803416596440204,-0.30075849724076,-0.17958316240326044
2024-07-07 00:00:00+00:00,8.188,8.207,7.596,7.647,1430816.61,9.098099999999999,9.356283333333332,36.02696497734456,-0.5299756736939916,-0.3466019325314063,-0.18337374116258526
2024-07-08 00:00:00+00:00,7.647,8.313,7.313,8.037,2447184.02,9.01165,9.365216666666667,40.489869516455315,-0.5317120018107051,-0.3836239463872661,-0.148088055423439
2024-07-09 00:00:00+00:00,8.035,8.285,7.976,8.174,1303799.96,8.92265,9.383000000000001,42.02003786114686,-0.5160842018815117,-0.41011599748611527,-0.10596820439539645
2024-07-10 00:00:00+00:00,8.175,8.346,7.994,8.026,1685596.09,8.822500000000002,9.399499999999998,40.79956077514663,-0.5097651654483073,-0.4300458310785537,-0.07971933436975359
2024-07-11 00:00:00+00:00,8.026,8.182,7.761,7.829,1421456.29,8.72345,9.41225,39.168755318640436,-0.514720163508354,-0.4469806975645138,-0.06773946594384023
2024-07-12 00:00:00+00:00,7.828,8.269,7.693,8.115,1369747.99,8.637049999999999,9.430783333333334,42.74668496267435,-0.48992171283165753,-0.45556890061794253,-0.034352812213715
2024-07-13 00:00:00+00:00,8.116,8.3,8.078,8.155,1007335.28,8.5562,9.453583333333334,43.2494370807719,-0.46171869064527904,-0.45679885862340985,-0.004919832021869186
2024-07-14 00:00:00+00:00,8.154,8.5,8.096,8.426,1317117.9,8.51125,9.471283333333332,46.66645832146396,-0.41274232066284355,-0.4479875510312966,0.03524523036845306
2024-07-15 00:00:00+00:00,8.42,8.611,8.281,8.596,2013905.47,8.4659,9.492999999999999,48.75107670885761,-0.3561056510679119,-0.42961117103861973,0.07350551997070781
2024-07-16 00:00:00+00:00,8.593,8.659,7.867,8.174,3968113.88,8.4049,9.504383333333333,44.13899691977633,-0.3413378255896262,-0.41195650194882105,0.07061867635919483
2024-07-17 00:00:00+00:00,8.173,8.418,7.87,7.922,2323927.65,8.3257,9.505416666666665,41.60761213392068,-0.3459802663050482,-0.3987612548200665,0.052780988515018334
2024-07-18 00:00:00+00:00,7.922,8.053,7.55,7.834,1918559.79,8.2673,9.508616666666667,40.7291800531837,-0.35269465414413936,-0.38954793468488114,0.03685328054074177
2024-07-19 00:00:00+00:00,7.837,8.032,7.668,7.995,1745569.52,8.22435,9.4864,43.09621378548994,-0.3410925972756864,-0.37985686720304224,0.03876426992735582
2024-07-20 00:00:00+00:00,7.995,8.05,7.816,8.012,1836866.85,8.1602,9.458949999999998,43.353457426722294,-0.326759446198972,-0.3692373830022282,0.04247793680325618
2024-07-21 00:00:00+00:00,8.014,8.188,7.621,8.124,1932651.51,8.1091,9.439283333333332,45.113891275916494,-0.3028715421223538,-0.35596421482625334,0.05309267270389956
2024-07-22 00:00:00+00:00,8.127,8.173,7.744,7.812,1424533.58,8.0497,9.418016666666666,41.2665094205434,-0.3055933091036671,-0.34589003368173615,0.04029672457806904
2024-07-23 00:00:00+00:00,7.814,8.01,7.553,7.709,2020485.98,8.009049999999998,9.376283333333332,40.052147542045084,-0.3124597270052245,-0.33920397234643385,0.02674424534120934
2024-07-24 00:00:00+00:00,7.707,7.771,7.331,7.424,1368368.86,7.99885,9.311200000000001,36.823177810564914,-0.3370136472756151,-0.33876590733227013,0.0017522600566550195
2024-07-25 00:00:00+00:00,7.425,7.461,7.033,7.29,1877630.44,7.974550000000001,9.246583333333332,35.37897548285741,-0.3630998965213559,-0.34363270517008726,-0.01946719135126862
2024-07-26 00:00:00+00:00,7.29,7.708,7.272,7.677,1019322.51,7.9489,9.190266666666668,42.40460705204797,-0.3485281556566644,-0.3446117952674027,-0.003916360389261686
2024-07-27 00:00:00+00:00,7.675,7.94,7.54,7.671,1559905.96,7.950100000000001,9.133,42.32777155493163,-0.3336183512110322,-0.3424131064561286,0.008794755245096375
2024-07-28 00:00:00+00:00,7.672,7.672,7.453,7.532,659913.78,7.924850000000001,9.084483333333333,40.49705730433437,-0.3292232810475193,-0.33977514137440673,0.01055186032688743
2024-07-29 00:00:00+00:00,7.534,7.906,7.522,7.683,1432594.74,7.9003,9.033233333333333,43.36284125660844,-0.3099824336994974,-0.3338165998394249,0.023834166139927504
2024-07-30 00:00:00+00:00,7.682,7.753,7.29,7.392,865700.77,7.868599999999999,8.990483333333335,39.42236758221111,-0.31458880761543995,-0.3299710413946279,0.01538223377918796
2024-07-31 00:00:00+00:00,7.392,7.482,7.138,7.169,931204.33,7.835600000000001,8.9452,36.67217017414455,-0.3324019061807455,-0.3304572143518515,-0.0019446918288940074
2024-08-01 00:00:00+00:00,7.169,7.266,6.862,7.185,2103709.38,7.7891,8.907916666666667,37.0117022744255,-0.34129362834808497,-0.3326244971510982,-0.008669131196986757
2024-08-02 00:00:00+00:00,7.185,7.247,6.518,6.617,2075356.72,7.7122,8.859983333333334,30.715762418906507,-0.38968123257209086,-0.34403584423529676,-0.0456453883367941
2024-08-03 00:00:00+00:00,6.616,6.784,6.406,6.627,1903959.18,7.622250000000001,8.779333333333334,30.938500187204852,-0.4223532161370853,-0.3596993186156545,-0.0626538975214308
2024-08-04 00:00:00+00:00,6.627,6.683,5.975,6.147,2948368.73,7.4998000000000005,8.69575,26.529723808357673,-0.48142838028473545,-0.38404513094947074,-0.09738324933526471
2024-08-05 00:00:00+00:00,6.147,6.6,4.703,5.367,13586115.34,7.35945,8.608216666666666,21.234357692269242,-0.5844481997134103,-0.4241257447022587,-0.1603224550111516
2024-08-06 00:00:00+00:00,5.367,5.898,5.362,5.789,3377708.82,7.252800000000001,8.541066666666667,29.440199481368722,-0.6248375374456954,-0.4642681032509461,-0.16056943419474928
2024-08-07 00:00:00+00:00,5.789,6.014,5.523,5.659,1917670.49,7.14405,8.46785,28.456673063855717,-0.6597313201425479,-0.5033607466292664,-0.15637057351328143
2024-08-08 00:00:00+00:00,5.661,6.323,5.58,6.281,2318137.07,7.05835,8.408816666666667,38.96339762973017,-0.6299332146185144,-0.528675240227116,-0.10125797439139839
2024-08-09 00:00:00+00:00,6.282,6.282,5.961,6.143,1152300.7,6.9649,8.338683333333334,37.642556125723246,-0.610416941463007,-0.5450235804742942,-0.06539336098871273
2024-08-10 00:00:00+00:00,6.144,6.249,6.088,6.188,492356.59,6.8681,8.292183333333334,38.37615856142261,-0.5845803520509936,-0.5529349347896341,-0.0316454172613595
2024-08-11 00:00:00+00:00,6.189,6.4,5.872,5.902,848305.0,6.7726,8.222566666666667,35.51633764084701,-0.5804909403800309,-0.5584461359077135,-0.02204480447231738
2024-08-12 00:00:00+00:00,5.905,6.312,5.851,6.239,1328818.95,6.6991,8.15715,41.087353828867876,-0.5437885131121263,-0.5555146113485961,0.011726098236469862
2024-08-13 00:00:00+00:00,6.239,6.397,6.078,6.345,1019634.08,6.645149999999999,8.08905,42.7624000213032,-0.5003801896046554,-0.5444877269998081,0.04410753739515272
2024-08-14 00:00:00+00:00,6.347,6.508,6.216,6.438,1377224.51,6.602549999999999,8.004349999999999,44.25983600958336,-0.4532496775733934,-0.5262401171145251,0.07299043954113171
2024-08-15 00:00:00+00:00,6.439,6.453,6.077,6.203,1152525.65,6.52885,7.908,41.318270131894316,-0.42990526298965914,-0.5069731462895519,0.07706788329989278
2024-08-16 00:00:00+00:00,6.208,6.623,6.2,6.497,1570222.66,6.470149999999999,7.839449999999999,46.140982458543405,-0.3832632827546565,-0.48223117358257284,0.09896789082791635
2024-08-17 00:00:00+00:00,6.495,6.551,6.336,6.417,690176.94,6.4144000000000005,7.783633333333333,45.055888494723156,-0.34873451439099856,-0.45553184174425804,0.10679732735325947
2024-08-18 00:00:00+00:00,6.419,6.446,6.158,6.171,926687.14,6.3388,7.720583333333334,41.80057673234751,-0.33733180966857645,-0.43189183532912173,0.09456002566054528
2024-08-19 00:00:00+00:00,6.172,6.259,6.032,6.196,1006392.37,6.279,7.656700000000001,42.257169139887644,-0.3225595275109123,-0.4100253737654799,0.08746584625456755
2024-08-20 00:00:00+00:00,6.195,6.474,6.111,6.26,1166686.26,6.23355,7.597533333333334,43.47964291204827,-0.30220449701689134,-0.3884611984157622,0.08625670139887087
2024-08-21 00:00:00+00:00,6.26,7.22,6.227,7.101,3317004.5,6.22935,7.551833333333334,56.509429178034466,-0.21572457857266425,-0.3539138744471426,0.13818929587447837
2024-08-22 00:00:00+00:00,7.101,7.121,6.876,6.919,1719185.23,6.24445,7.504283333333333,53.6281503457931,-0.16002977547735853,-0.3151370546531858,0.15510727917582728
2024-08-23 00:00:00+00:00,6.919,7.094,6.771,6.999,2547249.12,6.26305,7.465516666666668,54.72100997142846,-0.10818877845992603,-0.2737473994145339,0.16555862095460788
2024-08-24 00:00:00+00:00,7.0,7.125,6.827,6.916,2218928.02,6.3015,7.4224,53.31706846449405,-0.07296077477435947,-0.23359007448649904,0.16062929971213957
2024-08-25 00:00:00+00:00,6.916,6.934,6.589,6.626,2018912.5,6.36445,7.376266666666667,48.62308053297768,-0.06766292829963572,-0.2004046452491264,0.1327417169494907
2024-08-26 00:00:00+00:00,6.627,6.668,6.239,6.292,1811825.29,6.3896,7.3227,43.83630762494702,-0.0893849810240015,-0.17820071240410143,0.08881573138009993
2024-08-27 00:00:00+00:00,6.291,6.349,5.6,5.716,2366670.13,6.39245,7.267933333333333,37.060351461273875,-0.15133376898726247,-0.17282732372073364,0.02149355473347117
2024-08-28 00:00:00+00:00,5.717,5.928,5.59,5.771,2355672.29,6.36695,7.21655,38.04512639695098,-0.1937570784287086,-0.17701327466232863,-0.01674380376637996
2024-08-29 00:00:00+00:00,5.772,6.007,5.725,5.837,1387375.27,6.35165,7.158916666666666,39.27301875148181,-0.2195216988921933,-0.18551495950830157,-0.03400673938389173
2024-08-30 00:00:00+00:00,5.836,5.917,5.586,5.892,1131187.5,6.33685,7.104683333333332,40.33425799932717,-0.23281851892606564,-0.1949756713918544,-0.037842847534211244
2024-08-31 00:00:00+00:00,5.892,6.097,5.849,5.943,1271137.19,6.338900000000001,7.053733333333333,41.357634084323934,-0.23651467685658112,-0.20328347248479975,-0.03323120437178137
2024-09-01 00:00:00+00:00,5.943,5.959,5.543,5.614,905701.36,6.30765,7.0052666666666665,36.95426406616386,-0.2629602173792742,-0.21521882146369464,-0.047741395915579576
2024-09-02 00:00:00+00:00,5.612,6.214,5.594,6.103,3143540.6,6.29555,6.97985,46.13421089216671,-0.2416744133172326,-0.22050993983440223,-0.021164473482830376
2024-09-03 00:00:00+00:00,6.104,6.313,6.023,6.044,2273302.16,6.27585,6.950983333333332,45.27757659791328,-0.22694992964107819,-0.22179793779573742,-0.005151991845340764
2024-09-04 00:00:00+00:00,6.042,6.654,5.776,6.432,6209851.03,6.2873,6.921683333333333,51.63741736663103,-0.18187576232054514,-0.21381350270069896,0.03193774038015382
2024-09-05 00:00:00+00:00,6.431,6.506,6.166,6.309,1580088.32,6.2779,6.899383333333333,49.66678750344504,-0.15430055131647524,-0.20191091242385423,0.047610361107378985
2024-09-06 00:00:00+00:00,6.309,6.339,5.878,6.177,2529437.26,6.2659,6.868383333333333,47.568738237938064,-0.1414675449592524,-0.1898222389309339,0.04835469397168149
2024-09-07 00:00:00+00:00,6.177,6.523,6.111,6.434,1756347.01,6.27905,6.839383333333333,51.834797440784364,-0.10929960499323244,-0.1737177121433936,0.06441810715016116
2024-09-08 00:00:00+00:00,6.434,6.508,6.241,6.348,1158357.34,6.28665,6.811416666666665,50.358217614859925,-0.08971162234186902,-0.15691649418308867,0.06720487184121965
2024-09-09 00:00:00+00:00,6.349,6.752,6.329,6.733,2116750.4,6.3103,6.79315,56.35255657349524,-0.04263030690456837,-0.1340592567273846,0.09142894982281624
2024-09-10 00:00:00+00:00,6.733,6.829,6.499,6.703,1837296.48,6.2904,6.769616666666667,55.78726281201335,-0.007650583335121475,-0.10877752204893198,0.10112693871381051
2024-09-11 00:00:00+00:00,6.704,6.985,6.542,6.751,2750096.66,6.282,6.746216666666666,56.53848787256306,0.023671428958150997,-0.0822877318475154,0.10595916080566639
2024-09-12 00:00:00+00:00,6.751,6.94,6.616,6.791,2111655.59,6.2716,6.718966666666666,57.19125547718272,0.05113259039637619,-0.05560366739873709,0.10673625779511328
2024-09-13 00:00:00+00:00,6.791,7.093,6.681,6.939,2205455.35,6.27275,6.69135,59.60855023287424,0.0838713055927478,-0.02770867280044011,0.11157997839318791
2024-09-14 00:00:00+00:00,6.939,6.941,6.588,6.666,1464205.32,6.27475,6.666216666666667,53.59654278011225,0.08678771999910406,-0.004809394240531277,0.09159711423963535
2024-09-15 00:00:00+00:00,6.666,6.847,6.459,6.533,1260177.99,6.2868,6.643066666666667,50.90297567715288,0.07747393960523397,0.011647272528621772,0.0658266670766122
2024-09-16 00:00:00+00:00,6.534,6.565,6.304,6.411,1079790.0,6.32155,6.61935,48.495376262890815,0.05956173058319614,0.021230164139536645,0.038331566443659496
2024-09-17 00:00:00+00:00,6.412,7.142,6.336,6.788,2586863.1,6.3724,6.599233333333332,55.4997555845824,0.07492325649945553,0.03196878261152042,0.04295447388793511
2024-09-18 00:00:00+00:00,6.789,6.79,6.393,6.776,2028881.79,6.41935,6.5786333333333324,55.242230686039775,0.08514754880992115,0.04260453585120057,0.04254301295872058
2024-09-19 00:00:00+00:00,6.773,7.05,6.726,6.797,2490711.52,6.4646,6.556516666666667,55.63023629355509,0.09386290547698284,0.05285620977635702,0.04100669570062582
2024-09-20 00:00:00+00:00,6.798,6.98,6.679,6.828,1944878.29,6.50885,6.540116666666666,56.23340583548205,0.10209444810243617,0.06270385744157286,0.03939059066086331
2024-09-21 00:00:00+00:00,6.83,6.928,6.68,6.904,1100258.36,6.5733500000000005,6.5267,57.749818651824135,0.11344287097875938,0.07285166014901018,0.0405912108297492
2024-09-22 00:00:00+00:00,6.903,6.927,6.483,6.636,1474136.64,6.6,6.513566666666667,51.034803097021836,0.09966237185361404,0.07821380248993096,0.021448569363683084
2024-09-23 00:00:00+00:00,6.637,7.0,6.534,6.822,1708182.36,6.6389,6.505766666666667,54.950003472321335,0.1025675378170634,0.08308454955535745,0.019482988261705955
2024-09-24 00:00:00+00:00,6.824,7.036,6.739,6.925,2026101.26,6.663549999999999,6.493233333333333,57.00040905836424,0.11189132838310378,0.08884590532090672,0.023045423062197062
2024-09-25 00:00:00+00:00,6.928,7.109,6.746,6.777,1612147.34,6.68695,6.4783333333333335,53.25003903229651,0.10611490984215965,0.09229970622515732,0.013815203617002336
2024-09-26 00:00:00+00:00,6.776,7.39,6.674,7.357,2744769.3,6.745950000000001,6.475416666666666,63.41032002986573,0.14664774534606817,0.10316931404933949,0.04347843129672868
2024-09-27 00:00:00+00:00,7.355,7.716,7.277,7.617,1936983.24,6.8051,6.474316666666667,66.88474261351021,0.19747378176256536,0.12203020759198466,0.0754435741705807
2024-09-28 00:00:00+00:00,7.618,7.868,7.385,7.603,1631017.0,6.86785,6.477833333333334,66.5184689906119,0.23392752788076,0.14440967164973972,0.08951785623102027
2024-09-29 00:00:00+00:00,7.603,7.627,7.347,7.454,1128137.68,6.9039,6.482583333333333,62.589973424714756,0.24793627452173084,0.16511499222413795,0.08282128229759289
2024-09-30 00:00:00+00:00,7.454,7.75,7.276,7.392,2345205.29,6.93835,6.486033333333333,60.97622923693436,0.25114043471597647,0.18232008072250566,0.0688203539934708
2024-10-01 00:00:00+00:00,7.391,7.857,6.776,6.869,3722672.73,6.944250000000001,6.490233333333333,49.404654316274936,0.2090680196577237,0.18766966850954928,0.021398351148174427
2024-10-02 00:00:00+00:00,6.869,7.298,6.614,6.671,2288883.2,6.938249999999999,6.490966666666667,45.85666306224615,0.15792788797780766,0.18172131240320094,-0.023793424425393284
2024-10-03 00:00:00+00:00,6.67,6.799,6.389,6.566,1468386.46,6.9196,6.49795,44.05003110829245,0.10768501685561915,0.16691405329368458,-0.05922903643806543
2024-10-04 00:00:00+00:00,6.568,6.816,6.529,6.718,1293460.66,6.922199999999999,6.520466666666667,47.28759987938231,0.0792191204851802,0.14937506673198372,-0.07015594624680352
2024-10-05 00:00:00+00:00,6.719,6.894,6.639,6.829,966086.0,6.937,6.537800000000001,49.581998404311484,0.06486869887887892,0.13247379316136276,-0.06760509428248385
2024-10-06 00:00:00+00:00,6.826,7.089,6.772,7.079,888320.03,6.970400000000001,6.561466666666666,54.39654629900876,0.072829266579026,0.12054488784489542,-0.04771562126586942
2024-10-07 00:00:00+00:00,7.08,7.5,7.061,7.229,2470629.07,6.99245,6.5772666666666675,57.04687984934997,0.09020202740872652,0.11447631575766165,-0.024274288348935136
2024-10-08 00:00:00+00:00,7.232,7.304,6.993,7.175,1597074.64,7.0123999999999995,6.594466666666666,55.789851168580114,0.09847752917092745,0.11127655844031481,-0.012799029269387363
2024-10-09 00:00:00+00:00,7.175,7.39,7.063,7.293,2082923.53,7.0372,6.612883333333333,57.969329425555394,0.11325203876614509,0.11167165450548087,0.0015803842606642166
2024-10-10 00:00:00+00:00,7.292,8.48,7.214,8.133,14645291.69,7.102449999999999,6.650066666666667,69.49726051057007,0.19054543473087548,0.1274464105505598,0.06309902418031568
2024-10-11 00:00:00+00:00,8.133,8.246,7.83,7.891,5721399.34,7.1518,6.6776,64.04714633957553,0.2296266374413527,0.1478824559287184,0.0817441815126343
2024-10-12 00:00:00+00:00,7.892,8.309,7.752,8.124,4555130.48,7.2262,6.70725,66.7507614025013,0.27621588016390497,0.17354914077575573,0.10266673938814924
2024-10-13 00:00:00+00:00,8.128,8.148,7.56,7.682,5249093.92,7.2692,6.727983333333333,57.861738941338395,0.2743104050301328,0.19370139362663116,0.08060901140350166
2024-10-14 00:00:00+00:00,7.685,8.311,7.596,8.135,4324023.84,7.329700000000001,6.760183333333333,63.26155716721597,0.3058282190417918,0.2161267587096633,0.0897014603321285
2024-10-15 00:00:00+00:00,8.133,8.302,7.675,7.844,4523992.58,7.38305,6.782633333333334,58.11006152672166,0.30382276598492286,0.23366596016471522,0.07015680582020764
2024-10-16 00:00:00+00:00,7.846,8.016,7.551,7.571,2601137.35,7.39375,6.801866666666666,53.692699065105025,0.2770113965986587,0.24233504745150392,0.034676349147154784
2024-10-17 00:00:00+00:00,7.574,7.667,7.192,7.347,2413742.75,7.380250000000001,6.821466666666667,50.313117127433024,0.23497956706128686,0.2408639513734605,-0.0058843843121736406
2024-10-18 00:00:00+00:00,7.347,7.51,7.331,7.466,2016811.34,7.373399999999999,6.842633333333334,52.040182944965956,0.2088636941523916,0.23446389992924674,-0.02560020577685515
2024-10-19 00:00:00+00:00,7.467,7.6,7.305,7.318,1488981.43,7.3666,6.860266666666666,49.72522385297375,0.1742160593188986,0.22241433180717712,-0.048198272488278515
2024-10-20 00:00:00+00:00,7.319,7.8,7.281,7.76,3679384.62,7.385,6.87125,56.01777734883092,0.18034436753403948,0.2140003389525496,-0.03365597141851012
2024-10-21 00:00:00+00:00,7.762,7.968,7.408,7.792,2956247.94,7.43115,6.885800000000001,56.442835901702765,0.18564324869935955,0.20832892090191163,-0.022685672202552076
2024-10-22 00:00:00+00:00,7.792,8.755,7.697,7.998,9686637.67,7.4975,6.90245,59.17790794108569,0.20411224962718233,0.2074855866469658,-0.0033733370197834567
2024-10-23 00:00:00+00:00,8.0,8.026,7.488,7.857,4098740.93,7.562050000000001,6.918133333333333,56.55999550865336,0.2050083358284427,0.20699013648326117,-0.001981800654818483
2024-10-24 00:00:00+00:00,7.857,8.21,7.832,8.042,3157969.5,7.6282499999999995,6.9417333333333335,59.115582237098785,0.2181319550934937,0.2092185002053077,0.008913454888186012
2024-10-25 00:00:00+00:00,8.045,8.197,7.164,7.432,4750033.21,7.6584,6.960733333333333,48.90020843731172,0.17726719007216918,0.20282823817868,-0.02556104810651083
2024-10-26 00:00:00+00:00,7.432,7.782,7.285,7.443,3825845.87,7.676599999999999,6.989516666666668,49.07111706052449,0.14410799023982435,0.19108418859090887,-0.04697619835108452
2024-10-27 00:00:00+00:00,7.444,7.807,7.371,7.534,2155975.77,7.6918500000000005,7.0189,50.5447543447077,0.12374556313197793,0.1776164634991227,-0.05387090036714476
2024-10-28 00:00:00+00:00,7.536,7.792,7.304,7.783,2543727.84,7.72225,7.051333333333334,54.43024428609376,0.12624513661577907,0.16734219812245396,-0.04109706150667489
2024-10-29 00:00:00+00:00,7.784,8.011,7.758,7.936,3261404.83,7.7543999999999995,7.085400000000001,56.6822825085792,0.13896992909891903,0.161667744317747,-0.022697815218827966
2024-10-30 00:00:00+00:00,7.936,8.327,7.834,8.114,3287106.24,7.753450000000001,7.121583333333333,59.20801390365065,0.1615552231629307,0.16164524008678374,-9.001692385304794e-05
2024-10-31 00:00:00+00:00,8.115,8.191,7.493,7.612,2685237.99,7.7395,7.154883333333333,50.300399121784885,0.1373635849149295,0.15678890905241288,-0.01942532413748338
2024-11-01 00:00:00+00:00,7.614,8.046,7.511,7.551,4380243.25,7.710849999999999,7.179016666666667,49.329227354816446,0.11197852833982935,0.14782683290989618,-0.035848304570066825
2024-11-02 00:00:00+00:00,7.552,7.768,7.31,7.392,2488474.19,7.696350000000001,7.201483333333333,46.79317007583676,0.07813008198224569,0.1338874827243661,-0.055757400742120405
2024-11-03 00:00:00+00:00,7.393,7.43,6.833,7.047,3163742.35,7.64195,7.211733333333333,41.774664924292125,0.023198905126790237,0.11174976720485093,-0.08855086207806069
2024-11-04 00:00:00+00:00,7.046,7.139,6.621,6.784,1870643.8,7.58895,7.21965,38.39418260349343,-0.04108277366453983,0.08118325903097277,-0.1222660326955126
2024-11-05 00:00:00+00:00,6.783,7.271,6.767,7.196,2307581.17,7.5702,7.236633333333334,45.794272901061355,-0.0581116356957585,0.05332428008562653,-0.11143591578138504
2024-11-06 00:00:00+00:00,7.197,9.7,7.197,9.288,20957696.3,7.66725,7.284199999999999,67.28381309277282,0.09609209502845228,0.06187784307419168,0.0342142519542606
2024-11-07 00:00:00+00:00,9.287,9.546,8.813,8.901,7844471.78,7.739,7.3267500000000005,62.358734028702976,0.18494012229068613,0.08649029891749058,0.09844982337319555
2024-11-08 00:00:00+00:00,8.901,9.048,8.521,8.854,5141116.33,7.8158,7.3621,61.76739914135654,0.24869353256975124,0.11893094564794271,0.12976258692180853
2024-11-09 00:00:00+00:00,8.857,9.331,8.669,9.244,4882570.8,7.890000000000001,7.40445,64.7541286732233,0.3269197824172254,0.16052871300179927,0.16639106941542614
2024-11-10 00:00:00+00:00,9.246,9.634,8.693,9.212,10362615.01,7.961,7.4454666666666665,64.31020124739555,0.38192986668613305,0.20480894373866604,0.177120922947467
2024-11-11 00:00:00+00:00,9.213,9.51,8.758,9.332,8742680.02,8.0277,7.487816666666666,65.27168979538374,0.4302491080172022,0.24989697659437327,0.1803521314228289
2024-11-12 00:00:00+00:00,9.33,10.764,8.634,8.942,18897315.07,8.081949999999999,7.521199999999999,59.647495989304616,0.4320918286268185,0.28633594700086235,0.14575588162595615
2024-11-13 00:00:00+00:00,8.943,9.157,8.244,8.628,9898373.85,8.11125,7.5539,55.500958204524196,0.4035629991485763,0.30978135743040514,0.09378164171817116
2024-11-14 00:00:00+00:00,8.63,8.839,8.06,8.178,8324383.71,8.14855,7.581316666666666,50.123217022234684,0.3407149076867224,0.3159680674816686,0.0247468402050538
2024-11-15 00:00:00+00:00,8.179,8.599,7.856,8.568,5771137.03,8.2048,7.617266666666667,54.25973458577726,0.3187032701290118,0.31651510801113725,0.002188162117874537
2024-11-16 00:00:00+00:00,8.568,9.245,8.504,9.079,6348611.31,8.28205,7.655450000000001,59.05169621358891,0.3385892718130936,0.32092994077152853,0.017659331041565085
2024-11-17 00:00:00+00:00,9.082,9.344,8.578,8.751,4793217.98,8.33045,7.688366666666667,55.064017389712454,0.3241456631973403,0.32157308525669087,0.002572577940649412
2024-11-18 00:00:00+00:00,8.751,9.399,8.722,9.242,5752498.73,8.39575,7.729116666666667,59.475621108734444,0.34830356911722227,0.32691918202879716,0.021384387088425105
2024-11-19 00:00:00+00:00,9.242,9.634,9.113,9.399,5436445.04,8.459999999999999,7.771966666666668,60.80082299103441,0.37578564846622164,0.3366924753162821,0.03909317314993954
2024-11-20 00:00:00+00:00,9.397,9.398,8.571,8.814,4616405.3,8.520100000000001,7.8038,53.747915326047945,0.34636806791667496,0.3386275938363607,0.0077404740803142524
2024-11-21 00:00:00+00:00,8.814,9.701,8.513,9.246,8836674.65,8.604849999999999,7.847300000000001,57.654346227633376,0.35383442996000447,0.34166896106108946,0.01216546889891501
2024-11-22 00:00:00+00:00,9.248,9.99,9.13,9.934,7246635.87,8.73195,7.899166666666667,63.012263078243684,0.4105350334986806,0.35544217554860774,0.05509285795007285
2024-11-23 00:00:00+00:00,9.933,11.331,9.755,10.733,12910044.24,8.91625,7.962633333333333,68.06570706675859,0.5140180130973739,0.387157343058361,0.1268606700390129
2024-11-24 00:00:00+00:00,10.733,11.389,10.0,10.899,9095308.79,9.122,8.031333333333333,69.01293846021791,0.6024788317220207,0.430221640791093,0.17225719093092767
2024-11-25 00:00:00+00:00,10.898,12.439,10.528,11.128,13075178.96,9.3186,8.094183333333334,70.32080368556612,0.6831876915365207,0.4808148509401786,0.20237284059634209
2024-11-26 00:00:00+00:00,11.125,11.784,10.489,10.874,8891816.34,9.3979,8.148466666666668,66.94569198494696,0.7183734057326525,0.5283265618986734,0.19004684383397907
2024-11-27 00:00:00+00:00,10.874,13.797,10.713,13.53,13611298.18,9.62935,8.24725,78.54291630516917,0.9496286130859417,0.6125869721361271,0.3370416409498146
2024-11-28 00:00:00+00:00,13.53,13.535,12.38,12.76,8407626.59,9.82465,8.335683333333334,70.78871044411585,1.0585649879287082,0.7017825752946434,0.35678241263406485
2024-11-29 00:00:00+00:00,12.761,12.968,12.311,12.573,4584773.2,9.9911,8.422033333333333,69.00691245239744,1.1169332019744243,0.7848127006305996,0.33212050134382465
2024-11-30 00:00:00+00:00,12.574,13.5,12.513,12.782,6961723.37,10.169599999999999,8.520583333333333,69.91826560354637,1.1666070653780558,0.8611715735800909,0.3054354917979649
2024-12-01 00:00:00+00:00,12.782,13.341,12.6,13.06,5523865.94,10.356,8.627066666666668,71.13414224953505,1.2144073051914042,0.9318187199023535,0.2825885852890506
2024-12-02 00:00:00+00:00,13.061,14.66,12.42,14.007,14220004.12,10.60925,8.751083333333334,74.86161056690042,1.3135623955842988,1.0081674550387427,0.30539494054555605
2024-12-03 00:00:00+00:00,14.007,15.338,13.14,15.119,11455581.67,10.9338,8.8911,78.39032993655279,1.4649851883925855,1.0995310017095112,0.3654541866830743
2024-12-04 00:00:00+00:00,15.117,16.52,14.641,15.674,10745492.23,11.3086,9.038516666666665,79.90637088765752,1.6111997959957431,1.2018647605667576,0.4093350354289855
2024-12-05 00:00:00+00:00,15.672,15.939,14.5,15.025,9184348.72,11.631450000000001,9.170950000000001,73.41983812315998,1.6556220692347345,1.292616222300353,0.36300584693438154
2024-12-06 00:00:00+00:00,15.025,18.439,15.01,17.56,13045476.79,12.0555,9.343133333333332,80.18575535266352,1.8737805788181614,1.4088490936039149,0.46493148521424654
2024-12-07 00:00:00+00:00,17.559,18.628,17.215,18.061,9092825.72,12.520999999999999,9.524566666666667,81.20405961923426,2.063314675171924,1.5397422099175166,0.5235724652544071
2024-12-08 00:00:00+00:00,18.064,19.47,17.519,18.601,10531577.74,12.988949999999999,9.713033333333334,82.26219362018094,2.2313734153331684,1.6780684510006472,0.5533049643325212
2024-12-09 00:00:00+00:00,18.602,18.855,14.0,16.025,12792426.09,13.320250000000001,9.844566666666667,63.808215800477036,2.132121734088182,1.768879107618154,0.3632426264700279
2024-12-10 00:00:00+00:00,16.024,16.69,14.039,15.254,15151148.18,13.642249999999999,9.967283333333334,59.505524409318895,1.9685584882798501,1.8088149837504934,0.1597435045293567
2024-12-11 00:00:00+00:00,15.254,17.224,14.718,17.159,8522248.63,14.037899999999999,10.117866666666666,65.66598849635426,1.9699427431219867,1.841040535624792,0.1289022074971946
2024-12-12 00:00:00+00:00,17.161,18.984,16.888,17.715,10043176.68,14.42695,10.285083333333334,67.23281627334347,1.9929310596721272,1.8714186404342592,0.12151241923786804
2024-12-13 00:00:00+00:00,17.716,18.175,16.83,17.49,4869326.39,14.7648,10.441,65.92177010934891,1.9702816659758327,1.891191245542574,0.07909042043325876
2024-12-14 00:00:00+00:00,17.49,17.775,16.454,16.75,5733733.27,15.05735,10.589433333333336,61.66289893117659,1.8710517231542223,1.8871633410649036,-0.016111617910681275
2024-12-15 00:00:00+00:00,16.751,17.224,16.211,17.073,4524262.03,15.3546,10.747800000000002,62.792819439397796,1.7977513209645952,1.869280937044842,-0.07152961608024677
2024-12-16 00:00:00+00:00,17.074,17.476,16.228,16.233,5789646.15,15.62255,10.895900000000001,58.0048193780272,1.6528264893805336,1.8259900475119804,-0.1731635581314468
2024-12-17 00:00:00+00:00,16.234,16.575,15.595,16.242,5407343.6,15.75815,11.042166666666668,58.041734949210664,1.521163712619451,1.7650247805334747,-0.24386106791402362
2024-12-18 00:00:00+00:00,16.252,16.74,14.62,14.807,9742088.58,15.860499999999998,11.166983333333333,50.42985495032825,1.2862009819648197,1.669260020819744,-0.3830590388549242
2024-12-19 00:00:00+00:00,14.799,15.407,12.634,12.726,14815514.28,15.86815,11.249749999999999,41.85701585436319,0.9214501134238446,1.5196980393405641,-0.5982479259167195
2024-12-20 00:00:00+00:00,12.725,13.838,11.217,13.677,20494533.69,15.912899999999999,11.347833333333334,46.345848410712215,0.7010390327900442,1.3559662380304602,-0.654927205240416
2024-12-21 00:00:00+00:00,13.68,14.785,13.036,13.384,8210582.98,15.9291,11.4376,45.188313735093885,0.49699002052378916,1.1841709945291259,-0.6871809740053367
2024-12-22 00:00:00+00:00,13.391,14.292,13.24,13.9,8677806.33,15.923749999999998,11.538316666666667,47.66723982815468,0.37262124999582547,1.021861045622466,-0.6492397956266405
2024-12-23 00:00:00+00:00,13.9,14.638,13.235,14.291,7365516.96,15.882349999999999,11.642466666666667,49.52991113331039,0.3021258172460435,0.8779139999471814,-0.575788182701138
2024-12-24 00:00:00+00:00,14.29,14.77,13.748,14.592,4779628.37,15.828250000000002,11.7618,50.97648770682521,0.2674627195959758,0.7558237438769403,-0.4883610242809645
2024-12-25 00:00:00+00:00,14.589,14.598,13.669,13.911,3280404.69,15.772549999999999,11.869599999999998,47.64892846204321,0.182932227481583,0.6412454405978689,-0.4583132131162859
2024-12-26 00:00:00+00:00,13.91,14.085,12.818,13.266,3962448.67,15.557849999999998,11.965133333333334,44.67443998670103,0.06316694474259421,0.525629741426814,-0.46246279668421975
2024-12-27 00:00:00+00:00,13.267,14.266,13.169,13.353,5520078.72,15.32245,12.057966666666665,45.171614470211615,-0.024445934266500657,0.41561460628815106,-0.4400605405546517
2024-12-28 00:00:00+00:00,13.354,13.799,12.95,13.575,2116213.79,15.07115,12.15195,46.49294795876712,-0.07510051543582819,0.31747158194335523,-0.3925720973791834
2024-12-29 00:00:00+00:00,13.575,13.601,12.846,13.006,1566467.32,14.9202,12.233483333333334,43.59314078698221,-0.15932162016466833,0.22211294152175054,-0.38143456168641887
2024-12-30 00:00:00+00:00,13.009,13.65,12.751,13.325,4008343.82,14.82375,12.3287,45.640166297322025,-0.19804389173097015,0.13808157487120643,-0.33612546660217657
2024-12-31 00:00:00+00:00,13.326,13.907,13.123,13.243,4530105.07,14.627950000000002,12.423566666666666,45.18621925122292,-0.2326662538785751,0.06393200912125013,-0.2965982629998252
2025-01-01 00:00:00+00:00,13.243,13.793,13.044,13.629,2460321.15,14.42365,12.527516666666665,47.81734891608224,-0.22634854611526123,0.005875898073947859,-0.2322244441892091
2025-01-02 00:00:00+00:00,13.629,14.598,13.625,14.381,3990570.27,14.268199999999998,12.649750000000001,52.5917773297593,-0.15883070047602388,-0.027065421636046492,-0.13176527883997738
2025-01-03 00:00:00+00:00,14.381,15.257,14.05,15.213,3694086.81,14.19135,12.790233333333333,57.25194725215322,-0.037751696622194686,-0.029202676633276133,-0.008549019988918553
2025-01-04 00:00:00+00:00,15.21,15.44,14.759,15.277,3747914.48,14.10155,12.924916666666666,57.59723690728179,0.0626464026549911,-0.010832860775622687,0.0734792634306138
2025-01-05 00:00:00+00:00,15.279,15.372,14.811,15.159,2097426.17,14.04785,13.022766666666666,56.68806588133786,0.13117885761398007,0.017569482902297866,0.1136093747116822
2025-01-06 00:00:00+00:00,15.163,15.654,14.82,15.077,5913365.93,13.9896,13.125699999999998,56.026227655205155,0.1768361501589002,0.04942281635361834,0.12741333380528186
2025-01-07 00:00:00+00:00,15.076,15.134,13.482,13.531,3212531.8,13.9258,13.203650000000001,45.290177115743255,0.08726467109684144,0.05699118730226296,0.030273483794578476
2025-01-08 00:00:00+00:00,13.532,13.835,12.494,13.118,4342567.58,13.945400000000001,13.268216666666666,42.92383812665437,-0.016852751770546348,0.0422223994877011,-0.05907515125824745
2025-01-09 00:00:00+00:00,13.117,13.362,12.367,12.867,3545904.26,13.904900000000001,13.329133333333335,41.50452967018964,-0.11825696909661332,0.010126525770838217,-0.12838349486745154
2025-01-10 00:00:00+00:00,12.869,14.098,12.853,13.941,4896955.05,13.932749999999999,13.405949999999999,49.23889300320927,-0.11068184627120736,-0.014035148637570901,-0.09664669763363647
2025-01-11 00:00:00+00:00,13.942,14.059,13.458,13.645,1519898.78,13.920000000000002,13.484333333333334,47.37952584489772,-0.1270981250117451,-0.036647743912405745,-0.09045038109933937
2025-01-12 00:00:00+00:00,13.648,13.889,13.512,13.631,1417813.35,13.887,13.567716666666666,47.28856927839734,-0.1396282792955077,-0.05724385098902614,-0.08238442830648156
2025-01-13 00:00:00+00:00,13.632,13.948,12.022,12.893,4325039.75,13.802050000000003,13.6463,42.64140656318622,-0.2067259411497897,-0.08714026902117886,-0.11958567212861085
2025-01-14 00:00:00+00:00,12.893,13.429,12.821,13.314,1700114.03,13.772200000000002,13.7254,45.90714945371325,-0.22335543757522736,-0.11438330273198856,-0.1089721348432388
2025-01-15 00:00:00+00:00,13.314,14.68,12.965,14.542,3983090.48,13.836000000000002,13.816450000000001,54.11380968876517,-0.1358787702438704,-0.11868239623436493,-0.01719637400950548
2025-01-16 00:00:00+00:00,14.544,14.629,13.933,14.097,3175478.9,13.8732,13.905550000000002,51.08898514276784,-0.10129301925498702,-0.11520452083848934,0.013911501583502323
2025-01-17 00:00:00+00:00,14.098,15.174,14.086,14.98,3787760.81,13.943450000000002,14.001183333333334,56.30790173763979,-0.002602838061360302,-0.09268418428306355,0.09008134622170325
2025-01-18 00:00:00+00:00,14.98,15.25,13.88,14.171,5084934.47,14.0017,14.080716666666666,50.944464698615604,0.010212578407280404,-0.07210483174499475,0.08231741015227516
2025-01-19 00:00:00+00:00,14.171,14.594,13.015,13.287,7333157.45,13.999799999999999,14.155266666666668,45.809708819495924,-0.05038175431281289,-0.06776021625855838,0.017378461945745494
2025-01-20 00:00:00+00:00,13.292,14.844,12.903,13.524,7250504.03,14.01385,14.226566666666667,47.34209126925157,-0.07837581266259797,-0.0698833355393663,-0.00849247712323166
2025-01-21 00:00:00+00:00,13.523,13.862,12.986,13.507,4282750.12,14.007749999999998,14.286116666666665,47.23890290065741,-0.10077143316271275,-0.0760609550640356,-0.024710478098677158
2025-01-22 00:00:00+00:00,13.506,13.621,12.762,12.89,2627012.96,13.9332,14.322066666666666,43.53041362197135,-0.16638884029912404,-0.09412653211105329,-0.07226230818807075
2025-01-23 00:00:00+00:00,12.894,13.057,12.388,12.81,3245994.23,13.813049999999999,14.353916666666667,43.0584106570091,-0.22228408702652303,-0.11975804309414724,-0.10252604393237578
2025-01-24 00:00:00+00:00,12.811,13.16,12.425,12.464,2300973.4,13.6724,14.376183333333332,40.988349579213335,-0.29114464686107944,-0.1540353638475337,-0.13710928301354575
2025-01-25 00:00:00+00:00,12.465,12.469,12.042,12.093,1686224.99,13.5191,14.396500000000001,38.83257264062773,-0.3713727818099617,-0.1975028474400193,-0.17386993436994239
2025-01-26 00:00:00+00:00,12.093,12.402,11.409,11.432,2520829.2,13.336850000000002,14.361533333333334,35.27299879570238,-0.4827267589715092,-0.2545476297463173,-0.2281791292251919
2025-01-27 00:00:00+00:00,11.429,11.535,10.254,11.006,5599042.85,13.2106,14.3323,33.16315406666561,-0.598451649807803,-0.3233284337586144,-0.27512321604918855
2025-01-28 00:00:00+00:00,11.007,11.36,10.802,11.142,3728018.4,13.111799999999999,14.308449999999999,34.50993672109395,-0.6714503346532457,-0.39295281393754067,-0.278497520715705
2025-01-29 00:00:00+00:00,11.137,12.09,11.113,11.733,6859289.78,13.0551,14.290966666666666,40.15350214720168,-0.6738458816443664,-0.4491314274789059,-0.22471445416546054
2025-01-30 00:00:00+00:00,11.731,12.3,11.638,11.967,3626540.48,12.956400000000002,14.27275,42.27458803763378,-0.6493769126870479,-0.4891805245205343,-0.1601963881665136
2025-01-31 00:00:00+00:00,11.966,12.833,11.659,11.774,4521194.6,12.86285,14.235533333333333,40.984367686155025,-0.6382017727610894,-0.5189847741686453,-0.11921699859244406
2025-02-01 00:00:00+00:00,11.773,11.929,10.76,10.861,2644023.01,12.72435,14.164566666666667,35.46947115181139,-0.6950052754087164,-0.5541888744166595,-0.14081640099205683
2025-02-02 00:00:00+00:00,10.858,11.113,8.698,9.184,7157314.15,12.5389,14.0564,28.01310335723055,-0.8653669338886676,-0.6164244863110612,-0.24894244757760642
2025-02-03 00:00:00+00:00,9.19,10.213,6.884,9.956,22495767.7,12.371,13.971916666666665,34.80733379710102,-0.927395390716109,-0.6786186671920708,-0.24877672352403823
2025-02-04 00:00:00+00:00,9.956,9.976,8.773,9.069,7980955.12,12.09735,13.830400000000001,31.167513215655987,-1.0361824108434057,-0.7501314159223378,-0.2860509949210679
2025-02-05 00:00:00+00:00,9.07,9.528,9.007,9.274,4053289.21,11.8562,13.683950000000001,32.91357180619373,-1.093252783754041,-0.8187556894886785,-0.2744970942653624
2025-02-06 00:00:00+00:00,9.274,9.474,8.9,8.984,4407433.8,11.5564,13.523666666666665,31.68894990836884,-1.14864122083498,-0.8847327957579388,-0.26390842507704126
2025-02-07 00:00:00+00:00,8.984,9.508,8.747,9.01,4704713.97,11.29835,13.406749999999999,31.933473422601082,-1.1768727174558293,-0.943160780097517,-0.2337119373583123
2025-02-08 00:00:00+00:00,9.009,9.193,8.726,9.139,2393850.36,11.090950000000001,13.304833333333333,33.210901029403374,-1.1752891581991616,-0.989586455717846,-0.1857027024813156
2025-02-09 00:00:00+00:00,9.138,9.32,8.696,9.13,2964263.27,10.87125,13.171016666666667,33.1641373261801,-1.1613728179473668,-1.0239437281637502,-0.13742908978361656
2025-02-10 00:00:00+00:00,9.131,9.603,8.821,9.458,3801830.29,10.668800000000001,13.0334,36.66433513685553,-1.1110694423318872,-1.0413688709973776,-0.06970057133450958
2025-02-11 00:00:00+00:00,9.458,10.045,9.244,9.381,4512785.82,10.49335,12.898249999999999,36.18524621603146,-1.0651386558259492,-1.046122827963092,-0.01901582786285716
2025-02-12 00:00:00+00:00,9.38,10.134,9.078,9.951,4120586.55,10.350399999999999,12.784933333333333,42.20566118883513,-0.9715445791523418,-1.0312071782009422,0.059662599048600384
2025-02-13 00:00:00+00:00,9.955,10.082,9.464,9.889,2293424.03,10.22165,12.665199999999999,41.74433890430515,-0.8920900224519102,-1.003383747051136,0.11129372459922582
2025-02-14 00:00:00+00:00,9.891,10.355,9.804,10.056,2559408.74,10.119800000000001,12.56225,43.53463686227091,-0.8063510960062494,-0.9639772168421588,0.15762612083590932
2025-02-15 00:00:00+00:00,10.057,10.148,9.716,9.811,1600075.2,10.038749999999999,12.455066666666665,41.518751801356835,-0.7495316966997496,-0.921088112813677,0.17155641611392736
2025-02-16 00:00:00+00:00,9.811,9.943,9.566,9.585,1558440.94,9.9677,12.368033333333335,39.69287916344872,-0.7145018915826942,-0.8797708685674805,0.16526897698478638
2025-02-17 00:00:00+00:00,9.584,10.247,9.444,9.947,2683600.53,9.90795,12.321716666666667,43.94517988188512,-0.650036922997165,-0.8338240794534175,0.18378715645625254
2025-02-18 00:00:00+00:00,9.944,9.953,9.143,9.632,2986326.31,9.8029,12.2543,41.22144252665229,-0.6172505581737759,-0.7905093751974892,0.17325881702371326
2025-02-19 00:00:00+00:00,9.631,9.73,9.378,9.434,2642284.77,9.67625,12.188466666666667,39.56159904427195,-0.6003239127061768,-0.7524722826992267,0.15214836999304993
2025-02-20 00:00:00+00:00,9.434,9.567,8.966,9.341,5163718.0,9.554599999999999,12.112483333333333,38.77189667645357,-0.5876398011551398,-0.7195057863904094,0.1318659852352696
2025-02-21 00:00:00+00:00,9.341,9.643,8.586,8.743,5842457.68,9.4487,12.020016666666667,34.063416686735195,-0.6187090607529857,-0.6993464412629247,0.08063738050993896
2025-02-22 00:00:00+00:00,8.742,9.131,8.676,9.039,2281871.31,9.44145,11.927466666666668,38.072303710376694,-0.6123877221387293,-0.6819546974380856,0.06956697529935629
2025-02-23 00:00:00+00:00,9.04,9.22,8.914,9.019,1180918.24,9.3946,11.845933333333335,37.904611689679285,-0.602051770550478,-0.6659741120605641,0.06392234151008613
2025-02-24 00:00:00+00:00,9.02,9.128,7.784,7.975,3972979.91,9.3399,11.75775,30.381914710968772,-0.6703748652257762,-0.6668542626936066,-0.00352060253216957
2025-02-25 00:00:00+00:00,7.978,8.632,7.408,8.312,8860796.58,9.2918,11.673733333333333,34.87498718424999,-0.6893815648690911,-0.6713597231287035,-0.018021841740387567
2025-02-26 00:00:00+00:00,8.311,8.514,7.645,7.908,7401864.73,9.238,11.579283333333333,32.1926451277522,-0.7286445738218994,-0.6828166932673427,-0.045827880554556666
2025-02-27 00:00:00+00:00,7.909,8.3,7.719,7.868,4102421.79,9.1809,11.49365,31.930782827871894,-0.7542934318467847,-0.6971120409832312,-0.05718139086355345
2025-02-28 00:00:00+00:00,7.87,7.894,7.046,7.497,7615732.71,9.0988,11.396516666666665,29.531403029437385,-0.7953881960332687,-0.7167672719932388,-0.07862092404002996
2025-03-01 00:00:00+00:00,7.497,7.663,7.202,7.5,2412597.44,9.0173,11.3008,29.577485206697872,-0.8182813794154615,-0.7370700934776833,-0.08121128593777827
2025-03-02 00:00:00+00:00,7.5,8.418,7.309,8.268,5419705.72,8.9578,11.211450000000001,40.334364278477345,-0.7656275330121609,-0.7427815813845788,-0.022845951627582073
2025-03-03 00:00:00+00:00,8.269,8.298,7.057,7.126,5299808.23,8.84505,11.090533333333333,32.40737635417369,-0.8067491344567301,-0.7555750919990091,-0.05117404245772106
2025-03-04 00:00:00+00:00,7.126,7.177,6.47,7.07,8735843.29,8.701,10.954816666666666,32.074487455817334,-0.8342404275035396,-0.7713081590999152,-0.06293226840362431
2025-03-05 00:00:00+00:00,7.07,7.56,7.013,7.52,4919294.22,8.58255,10.825533333333334,37.61962813659676,-0.8103747405458712,-0.7791214753891065,-0.03125326515676474
2025-03-06 00:00:00+00:00,7.52,7.697,7.049,7.103,4645817.58,8.434899999999999,10.691266666666667,34.78570130806645,-0.815706470245182,-0.7864384743603217,-0.029267995884860287
2025-03-07 00:00:00+00:00,7.104,7.363,6.821,7.07,3732961.48,8.29785,10.557816666666668,34.56380085100318,-0.8132204297503947,-0.7917948654383363,-0.02142556431205833
2025-03-08 00:00:00+00:00,7.07,7.227,6.891,7.165,1641720.04,8.17685,10.451716666666666,35.832810143321495,-0.7944268603627345,-0.792321264423216,-0.002105595939518423
2025-03-09 00:00:00+00:00,7.164,7.215,6.314,6.397,2573013.23,7.99935,10.3397,30.656792487688108,-0.8319142135733975,-0.8002398542532524,-0.03167435932014506
2025-03-10 00:00:00+00:00,6.398,6.957,5.784,5.906,4698466.45,7.81305,10.223683333333332,27.8836658318924,-0.8909722343102597,-0.8183863302646539,-0.07258590404560583
2025-03-11 00:00:00+00:00,5.907,6.244,5.506,6.096,7031956.39,7.6461500000000004,10.092933333333333,30.5034355581749,-0.9119325384851775,-0.8370955719087587,-0.0748369665764188
2025-03-12 00:00:00+00:00,6.098,6.209,5.743,5.912,3460674.69,7.4747,9.964049999999999,29.389968179494687,-0.932640098297604,-0.8562044771865278,-0.07643562111107616
2025-03-13 00:00:00+00:00,5.912,6.074,5.693,5.89,3146329.42,7.33205,9.835033333333334,29.2524750803678,-0.9399905785119254,-0.8729616974516075,-0.0670288810603179
2025-03-14 00:00:00+00:00,5.891,6.141,5.835,6.026,3438988.74,7.181400000000001,9.720583333333332,31.389326753094437,-0.9241883555628956,-0.8832070290738651,-0.04098132648903052
2025-03-15 00:00:00+00:00,6.028,6.326,5.995,6.271,2149013.57,7.044,9.6032,35.187161202881214,-0.8817314759810309,-0.8829119184552983,0.001180442474267407
2025-03-16 00:00:00+00:00,6.272,6.294,5.973,6.139,3001404.36,6.9522,9.46315,34.09221667155241,-0.8489492315681044,-0.8761193810778596,0.02717014950975516
2025-03-17 00:00:00+00:00,6.138,6.39,6.081,6.297,2312237.16,6.85145,9.333149999999998,36.63396338847887,-0.8009865132210177,-0.8610928075064912,0.06010629428547354
2025-03-18 00:00:00+00:00,6.297,6.378,6.096,6.374,1895433.3,6.77475,9.189716666666666,37.89105815331457,-0.7481383833112369,-0.8385019226674404,0.09036353935620345
2025-03-19 00:00:00+00:00,6.374,7.38,6.32,6.984,7650521.73,6.730549999999999,9.069933333333333,46.88150059209832,-0.6495463911219659,-0.8007108163583456,0.15116442523637974
2025-03-20 00:00:00+00:00,6.985,7.056,6.643,6.912,3047757.45,6.701299999999999,8.963683333333334,46.034473196606804,-0.5706433044651638,-0.7546973139797093,0.18405400951454554
2025-03-21 00:00:00+00:00,6.913,6.93,6.716,6.781,1353709.79,6.665349999999999,8.8513,44.460512442159775,-0.5127717316774687,-0.7063121975192612,0.19354046584179252
2025-03-22 00:00:00+00:00,6.783,6.929,6.725,6.737,1179181.78,6.588799999999999,8.738466666666666,43.91737077867839,-0.46509717485887503,-0.658069192987184,0.192972018128309
2025-03-23 00:00:00+00:00,6.736,6.829,6.615,6.688,1431646.31,6.5668999999999995,8.6351,43.28322896118161,-0.4263538933074553,-0.6117261330512382,0.18537223974378292
2025-03-24 00:00:00+00:00,6.691,7.162,6.578,7.088,2440647.61,6.5678,8.539733333333334,49.671882565322676,-0.3592319047038348,-0.5612272873817576,0.20199538267792283
2025-03-25 00:00:00+00:00,7.088,7.133,6.926,6.967,1604535.24,6.54015,8.448116666666667,47.91368576310471,-0.312202062866767,-0.5114222424787596,0.19922017961199256
2025-03-26 00:00:00+00:00,6.968,7.129,6.646,6.721,2428539.04,6.52105,8.358583333333334,44.46753449684991,-0.29142139404437284,-0.4674220727918822,0.17600067874750935
2025-03-27 00:00:00+00:00,6.724,6.909,6.651,6.725,2640107.44,6.5038,8.280133333333334,44.537387430010604,-0.27150011341093716,-0.4282376809156932,0.15673756750475604
2025-03-28 00:00:00+00:00,6.727,6.838,6.049,6.174,3605760.02,6.45425,8.1996,37.533583047115286,-0.2967526700267804,-0.4019406787379106,0.10518800871113021
2025-03-29 00:00:00+00:00,6.174,6.255,5.863,5.96,2808038.2,6.4323999999999995,8.113233333333334,35.21719712839044,-0.3302268648679494,-0.3875979159639184,0.05737105109596902
2025-03-30 00:00:00+00:00,5.96,6.063,5.804,5.871,1421718.27,6.43065,8.015533333333332,34.269945795227414,-0.35978953188176455,-0.38203623914748763,0.022246707265723087
2025-03-31 00:00:00+00:00,5.872,6.054,5.74,5.971,2843168.26,6.4244,7.9155999999999995,36.341801279089616,-0.3708737919993492,-0.37980374971786,0.008929957718510795
2025-04-01 00:00:00+00:00,5.971,6.351,5.96,6.265,1528501.96,6.44205,7.823783333333334,42.11834933159762,-0.3518785679661258,-0.3742187133675132,0.0223401454013874
2025-04-02 00:00:00+00:00,6.264,6.47,5.786,5.836,3449802.0,6.43935,7.740033333333333,36.86196436145305,-0.36720847998606576,-0.37281666669122376,0.0056081867051580025
2025-04-03 00:00:00+00:00,5.835,6.069,5.65,5.869,2333236.35,6.4315,7.684783333333333,37.508036958252916,-0.3724019041613911,-0.37273371418525725,0.00033181002386617475
2025-04-04 00:00:00+00:00,5.87,6.032,5.655,5.909,2309824.04,6.4134,7.617333333333334,38.331762487654515,-0.3690360467014733,-0.3719941806885005,0.0029581339870272116
2025-04-05 00:00:00+00:00,5.909,5.941,5.762,5.866,730789.98,6.39975,7.56395,37.755615806338795,-0.36562363932744724,-0.37072007241628985,0.005096433088842611
2025-04-06 00:00:00+00:00,5.867,5.902,4.972,5.101,4135541.8,6.33995,7.4944,29.3139782699335,-0.419809090651758,-0.38053787606338346,-0.039271214588374515
2025-04-07 00:00:00+00:00,5.102,5.35,4.602,5.121,7715665.48,6.277299999999999,7.430016666666668,29.756165905698538,-0.4558824888044031,-0.3956067986115874,-0.0602756901928157
2025-04-08 00:00:00+00:00,5.122,5.307,4.682,4.776,3297912.13,6.1669,7.359449999999999,26.658193444530582,-0.506471248168392,-0.41777968852294833,-0.08869155964544362
2025-04-09 00:00:00+00:00,4.777,5.495,4.555,5.414,5890764.9,6.092,7.297366666666667,39.25348478735302,-0.489439977035695,-0.4321117462254977,-0.05732823081019728
2025-04-10 00:00:00+00:00,5.413,5.418,4.847,5.023,2889472.38,6.0041,7.228916666666666,35.257292849185546,-0.5017096081763377,-0.44603131861566575,-0.055678289560671945
2025-04-11 00:00:00+00:00,5.022,5.325,4.993,5.235,2746901.62,5.929,7.158533333333334,38.88995107495772,-0.4886933977232646,-0.45456373443718556,-0.034129663286079026
2025-04-12 00:00:00+00:00,5.235,5.583,5.15,5.502,2448062.5,5.8697,7.093883333333333,43.21163622822878,-0.4516272112119015,-0.45397642979212877,0.0023492185802272414
2025-04-13 00:00:00+00:00,5.502,5.547,5.261,5.332,2889983.94,5.7819,7.016900000000001,41.21316103346514,-0.4310012564099859,-0.4493813951157002,0.01838013870571431
2025-04-14 00:00:00+00:00,5.332,5.648,5.323,5.347,2476547.47,5.7009,6.941199999999999,41.47037869523728,-0.4087330438852952,-0.4412517248696192,0.03251868098432403
2025-04-15 00:00:00+00:00,5.348,5.456,5.171,5.185,1933511.4,5.6241,6.860016666666667,39.46216455924819,-0.39955158912794086,-0.4329116977212836,0.03336010859334271
2025-04-16 00:00:00+00:00,5.184,5.262,5.022,5.151,2094879.81,5.5454,6.782349999999999,39.03492257177536,-0.39051709791772904,-0.4244327777605727,0.03391567984284366
2025-04-17 00:00:00+00:00,5.15,5.3,5.093,5.181,1435511.67,5.495749999999999,6.70895,39.65572883629694,-0.37659529314713414,-0.41486528083788504,0.038269987690750906
2025-04-18 00:00:00+00:00,5.182,5.241,5.128,5.174,1045476.26,5.45645,6.6294,39.55451671849688,-0.3619546165531098,-0.40428314798093,0.042328531427820226
2025-04-19 00:00:00+00:00,5.175,5.36,5.172,5.317,1129911.97,5.42875,6.557483333333334,42.76808501756493,-0.3349517546455054,-0.3904168693138451,0.0554651146683397
2025-04-20 00:00:00+00:00,5.317,5.356,5.15,5.252,1143974.95,5.3928,6.487783333333334,41.6832900222001,-0.31516373742848813,-0.3753662429367738,0.06020250550828565
2025-04-21 00:00:00+00:00,5.252,5.51,5.215,5.274,2172788.77,5.34325,6.42,42.21750756676064,-0.2943137098376223,-0.3591557363169435,0.06484202647932119
2025-04-22 00:00:00+00:00,5.274,5.83,5.182,5.81,4272387.53,5.34195,6.3711166666666665,53.4145270392669,-0.23186638098623114,-0.33369786525080103,0.1018314842645699
2025-04-23 00:00:00+00:00,5.811,6.099,5.788,6.033,4311519.14,5.35015,6.321016666666666,57.13606897010486,-0.16250888537917163,-0.29946006927647517,0.13695118389730354
2025-04-24 00:00:00+00:00,6.032,6.055,5.642,5.811,3520030.18,5.34525,6.26755,52.62865474125534,-0.12402641576818141,-0.26437333857481643,0.14034692280663502
2025-04-25 00:00:00+00:00,5.812,5.986,5.691,5.828,5036805.21,5.34335,6.231766666666667,52.93484911043382,-0.09110680093600187,-0.22972003104705355,0.13861323011105167
2025-04-26 00:00:00+00:00,5.828,6.032,5.743,5.813,3813973.44,5.37895,6.1901166666666665,52.61170896809646,-0.06547340696849879,-0.19687070623134262,0.13139729926284383
2025-04-27 00:00:00+00:00,5.814,6.0,5.493,5.5,4464214.34,5.3979,6.149983333333333,46.26511595450174,-0.06961278882337751,-0.1714191227497496,0.10180633392637209
2025-04-28 00:00:00+00:00,5.501,5.648,5.317,5.436,4822538.56,5.430899999999999,6.109449999999999,45.06797146519018,-0.07716799923590845,-0.15256889804698137,0.07540089881107293
2025-04-29 00:00:00+00:00,5.437,5.547,5.203,5.271,4048298.73,5.42375,6.07235,42.04719493973736,-0.09537030939688496,-0.1411291803169621,0.04575887092007713
2025-04-30 00:00:00+00:00,5.27,5.398,5.059,5.269,3234321.39,5.43605,6.035166666666667,42.01043806891015,-0.10870408163814105,-0.13464416058119788,0.025940078943056832
2025-05-01 00:00:00+00:00,5.269,5.434,5.235,5.317,3523335.18,5.44015,5.985983333333333,43.29171769820118,-0.11408291650934554,-0.1305319117668274,0.016448995257481863
2025-05-02 00:00:00+00:00,5.316,5.381,5.18,5.248,3066717.99,5.42745,5.9546833333333336,41.859909275139216,-0.12250128666189308,-0.12892578674584054,0.00642450008394746
2025-05-03 00:00:00+00:00,5.248,5.265,5.026,5.089,3041930.77,5.4153,5.921666666666667,38.6848372182584,-0.14038461043768447,-0.13121755148420933,-0.009167058953475138
2025-05-04 00:00:00+00:00,5.088,5.137,4.965,4.985,1806837.22,5.3972,5.879416666666667,36.722779639474254,-0.1610922332199971,-0.1371924878313669,-0.02389974538863021
2025-05-05 00:00:00+00:00,4.985,5.115,4.89,4.975,2616867.14,5.386699999999999,5.84395,36.53092030583688,-0.17627806607542773,-0.14500960348017908,-0.03126846259524865
2025-05-06 00:00:00+00:00,4.976,4.989,4.739,4.966,2702938.32,5.3774500000000005,5.808883333333332,36.34686786971193,-0.18688488023765437,-0.15338465883167413,-0.033500221405980246
2025-05-07 00:00:00+00:00,4.967,5.053,4.742,4.875,3085921.64,5.362150000000001,5.770716666666667,34.456543916649025,-0.20032457930791558,-0.16277264292692242,-0.03755193638099316
2025-05-08 00:00:00+00:00,4.875,6.158,4.837,6.151,10265779.87,5.411,5.766616666666667,63.288173992018336,-0.10678218308880005,-0.15157455095929795,0.044792367870497896
2025-05-09 00:00:00+00:00,6.15,6.702,6.0,6.353,11286466.4,5.4628,5.774066666666667,65.84926654409121,-0.01616312983349477,-0.12449226673413732,0.10832913690064255
2025-05-10 00:00:00+00:00,6.355,7.733,6.352,7.555,11172888.26,5.5779499999999995,5.798383333333334,76.39977201064086,0.15090493901135726,-0.06941282558503842,0.22031776459639568
2025-05-11 00:00:00+00:00,7.555,7.559,6.716,6.929,8318818.7,5.6607,5.815333333333332,65.11685935258208,0.23014168880135344,-0.009501922707760048,0.23964361150911348
2025-05-12 00:00:00+00:00,6.93,7.4,6.606,6.888,8262105.78,5.7146,5.831966666666667,64.44555977961862,0.286328410844213,0.049664144002634567,0.23666426684157843
2025-05-13 00:00:00+00:00,6.888,7.37,6.525,7.092,7209556.81,5.76755,5.849733333333333,66.3067746174321,0.3433598493582002,0.10840328507374769,0.2349565642844525
2025-05-14 00:00:00+00:00,7.092,7.158,6.538,6.607,6488726.84,5.80735,5.855333333333333,58.470085092457346,0.3454402088850195,0.15581066983600206,0.18962953904901741
2025-05-15 00:00:00+00:00,6.607,6.783,6.111,6.229,7430285.57,5.827399999999999,5.856833333333333,53.193333053620655,0.3129796334842654,0.18724446256565475,0.12573517091861064
2025-05-16 00:00:00+00:00,6.229,6.465,6.03,6.076,4877610.53,5.84055,5.853149999999999,51.17999137765396,0.2717757110650503,0.20415071226553386,0.06762499879951642
2025-05-17 00:00:00+00:00,6.076,6.09,5.647,5.739,4677390.97,5.852500000000001,5.842566666666667,46.96356528209943,0.2095130856817331,0.20522318694877373,0.004289898732959374
2025-05-18 00:00:00+00:00,5.74,6.332,5.677,6.128,6634456.38,5.8871,5.8283,51.890527820177596,0.18937555199757572,0.20205365995853414,-0.012678107960958418
2025-05-19 00:00:00+00:00,6.129,6.176,5.659,5.929,6900043.36,5.92,5.811916666666667,49.36411424832622,0.15556551219377646,0.19275603040558262,-0.03719051821180616
2025-05-20 00:00:00+00:00,5.929,6.3,5.692,6.024,7924027.94,5.95775,5.799300000000001,50.60061146450683,0.13488168599770756,0.18118116152400762,-0.046299475526300066
2025-05-21 00:00:00+00:00,6.025,6.513,5.941,6.212,14318997.44,6.0024999999999995,5.79055,53.04427928485456,0.13213644682987447,0.17137221858518098,-0.039235771755306514
2025-05-22 00:00:00+00:00,6.213,6.593,6.204,6.431,8878956.93,6.061649999999999,5.786266666666666,55.78795125034413,0.14594987543821247,0.16628774995578727,-0.020337874517574794
2025-05-23 00:00:00+00:00,6.432,6.815,5.935,5.982,13231841.12,6.106299999999999,5.767833333333334,49.413065809685946,0.1192914519782109,0.156888490360272,-0.037597038382061104
2025-05-24 00:00:00+00:00,5.981,6.35,5.947,6.117,3938985.28,6.1629,5.753666666666666,51.21800926989789,0.10781500679469858,0.1470737936471573,-0.03925878685245873
2025-05-25 00:00:00+00:00,6.118,6.179,5.892,6.161,4568407.71,6.2222,5.744333333333333,51.82137856117131,0.10110480037690728,0.1378799949931073,-0.03677519461620002
2025-05-26 00:00:00+00:00,6.161,6.661,6.111,6.503,8979353.27,6.299049999999999,5.740633333333333,56.341504752468495,0.12197737597120906,0.13469947118872766,-0.012722095217518603
2025-05-27 00:00:00+00:00,6.503,6.786,6.262,6.326,9686197.93,6.371599999999999,5.743166666666666,53.54174629119785,0.1228208198018299,0.13232374091134813,-0.009502921109518225
2025-05-28 00:00:00+00:00,6.325,7.05,6.237,6.846,14785860.7,6.406350000000001,5.757933333333333,59.85355689073747,0.163563451637196,0.1385716830565177,0.02499176858067828
2025-05-29 00:00:00+00:00,6.845,7.701,6.53,6.559,20394635.42,6.41665,5.769400000000001,55.38138844445876,0.1707257591818605,0.14500249828158626,0.025723260900274242
2025-05-30 00:00:00+00:00,6.559,6.698,6.123,6.206,14762931.2,6.3492,5.773316666666667,50.39388172993996,0.14623211684013704,0.1452484219932964,0.0009836948468406326
2025-05-31 00:00:00+00:00,6.207,6.229,5.888,6.053,6801697.95,6.3054,5.769783333333333,48.36098103270487,0.1131703501411776,0.13883280762287264,-0.025662457481695045
2025-06-01 00:00:00+00:00,6.053,6.386,5.883,6.312,7948686.84,6.2766,5.777716666666667,51.89843331908758,0.10663853463468698,0.13239395302523552,-0.02575541839054854
2025-06-02 00:00:00+00:00,6.313,6.481,6.035,6.445,5574312.64,6.24425,5.787316666666666,53.65417175191467,0.11091544801695541,0.1280982520235795,-0.017182804006624086
2025-06-03 00:00:00+00:00,6.446,7.114,6.282,6.634,10243414.55,6.2456000000000005,5.7994,56.106056440778026,0.1280792354473146,0.12809444870832654,-1.5213261011948198e-05
2025-06-04 00:00:00+00:00,6.633,6.849,6.251,6.309,9833245.42,6.2496,5.806783333333334,51.099781709712126,0.11414112889905059,0.12530378474647136,-0.011162655847420766
2025-06-05 00:00:00+00:00,6.309,6.474,5.795,5.898,8278759.17,6.2406999999999995,5.8200666666666665,45.56296602423906,0.06913388155896882,0.11406980410897086,-0.04493592255000203
2025-06-06 00:00:00+00:00,5.898,6.156,5.824,5.989,5716645.35,6.2532,5.834533333333334,46.93397972288737,0.04034320194427199,0.09932448367603108,-0.058981281731759094
2025-06-07 00:00:00+00:00,5.99,6.432,5.965,6.347,5589157.0,6.26415,5.860716666666667,52.05031946502277,0.04588505464564374,0.08863659786995362,-0.04275154322430988
2025-06-08 00:00:00+00:00,6.347,6.464,6.183,6.326,4536168.31,6.284000000000001,5.875916666666666,51.73521823850824,0.04802884175189526,0.08051504664634196,-0.0324862048944467
2025-06-09 00:00:00+00:00,6.323,6.88,6.205,6.845,6486262.53,6.32505,5.9062833333333336,58.43269624121873,0.09056281920833964,0.0825246011587415,0.008038218049598145
2025-06-10 00:00:00+00:00,6.844,8.677,6.831,8.665,27784458.86,6.4477,5.96345,72.72569498656377,0.26804029078579994,0.1196277390841532,0.14841255170164674
2025-06-11 00:00:00+00:00,8.665,8.674,7.958,8.157,12908478.56,6.534000000000001,6.0077,65.91299087967676,0.36351078514665147,0.16840434829665285,0.19510643684999862
2025-06-12 00:00:00+00:00,8.157,8.25,7.477,7.489,8754894.92,6.609350000000001,6.0436499999999995,58.19326616958158,0.38087928317698516,0.2108993352727193,0.16997994790426585
2025-06-13 00:00:00+00:00,7.489,7.775,6.786,7.759,21627948.35,6.691450000000001,6.08385,60.2212030087512,0.4116850376659702,0.2510564757513695,0.16062856191460068
2025-06-14 00:00:00+00:00,7.758,7.76,7.104,7.302,5833384.8,6.7485,6.119133333333334,55.32906566726846,0.39467319246314236,0.2797798190937241,0.11489337336941824
2025-06-15 00:00:00+00:00,7.303,7.479,6.967,7.18,5834362.72,6.782350000000001,6.152950000000001,54.06635281171202,0.3671149297832841,0.29724684123163614,0.06986808855164794
2025-06-16 00:00:00+00:00,7.18,7.981,7.033,7.446,15493186.39,6.83835,6.1907000000000005,56.402597719775734,0.362559425634867,0.31030935811228233,0.05225006752258465
2025-06-17 00:00:00+00:00,7.445,7.878,7.262,7.438,13669402.65,6.867949999999999,6.228433333333332,56.30983686532661,0.3542203904686163,0.31909156458354915,0.03512882588506716
2025-06-18 00:00:00+00:00,7.439,7.796,7.13,7.586,13142914.83,6.9193,6.266249999999999,57.695966420684734,0.35545652655809334,0.326364556978458,0.029091969579635335
2025-06-19 00:00:00+00:00,7.586,7.951,7.463,7.679,9878956.73,6.99295,6.306700000000001,58.58513142506269,0.35979302604064056,0.33305025079089456,0.026742775249745998
2025-06-20 00:00:00+00:00,7.68,7.996,6.985,7.068,17881936.2,7.043699999999999,6.336600000000001,51.00075113803741,0.31034962220456563,0.3285101250736288,-0.018160502869063178
2025-06-21 00:00:00+00:00,7.069,7.13,6.208,6.465,14384520.28,7.051349999999999,6.3475166666666665,44.832195516408916,0.2199726007124312,0.30680262020138926,-0.08683001948895808
2025-06-22 00:00:00+00:00,6.467,6.614,5.919,6.259,14359950.3,7.042050000000001,6.351283333333333,42.92223734579017,0.130224534293097,0.27148700301973083,-0.14126246872663384
2025-06-23 00:00:00+00:00,6.26,6.921,6.025,6.797,15832261.47,7.050199999999999,6.367716666666667,49.02957387678119,0.10134243628030681,0.23745808967184603,-0.13611565339153922
2025-06-24 00:00:00+00:00,6.797,7.167,6.731,7.06,9674169.05,7.08775,6.38825,51.74764952745214,0.09853916933261875,0.20967430560400058,-0.11113513627138183
2025-06-25 00:00:00+00:00,7.061,7.361,6.856,6.974,10905822.03,7.14155,6.4076,50.79379677165529,0.08835952520741941,0.18541134952468435,-0.09705182431726495
2025-06-26 00:00:00+00:00,6.974,7.322,6.738,6.807,11973107.05,7.1824499999999984,6.429383333333333,48.908508219860586,0.06605513707277755,0.161540107034303,-0.09548496996152545
2025-06-27 00:00:00+00:00,6.807,6.995,6.727,6.91,5640760.39,7.210600000000001,6.453950000000001,50.13776974874,0.05604394822571823,0.14044087527258606,-0.08439692704686783
2025-06-28 00:00:00+00:00,6.911,7.174,6.833,7.126,4262611.31,7.2506,6.484866666666666,52.70750927013247,0.06479251595835667,0.1253112034097402,-0.06051868745138353
2025-06-29 00:00:00+00:00,7.127,7.506,6.952,7.394,8203889.1,7.278049999999999,6.520283333333333,55.75437597391729,0.09228734804565608,0.11870643233692338,-0.026419084291267297
2025-06-30 00:00:00+00:00,7.395,7.458,7.047,7.129,6760301.35,7.20125,6.550483333333333,52.1749061363733,0.0916375743471507,0.11329266073896885,-0.02165508639181815
2025-07-01 00:00:00+00:00,7.13,7.183,6.59,6.59,7672320.57,7.1229,6.57285,45.742321301200995,0.047087038550918336,0.10005153630135875,-0.05296449775044042
2025-07-02 00:00:00+00:00,6.592,7.576,6.495,7.348,16978000.11,7.11585,6.6105,54.27926096014322,0.0721134046530052,0.09446390997168805,-0.02235050531868285
2025-07-03 00:00:00+00:00,7.348,7.863,7.282,7.473,12184072.47,7.101549999999999,6.651966666666667,55.5220885311139,0.10087066123266908,0.09574526022388426,0.005125401008784822
2025-07-04 00:00:00+00:00,7.472,7.633,6.777,6.931,11581171.32,7.083,6.684566666666666,49.26835137053054,0.07901528492063647,0.09239926516323471,-0.013383980242598237
2025-07-05 00:00:00+00:00,6.932,7.428,6.816,7.332,6425263.19,7.090599999999999,6.724,53.44625327696293,0.09298027174259804,0.09251546647910738,0.00046480526349065854
2025-07-06 00:00:00+00:00,7.332,7.576,7.214,7.422,6857256.76,7.0893999999999995,6.766450000000001,54.35482037105437,0.11004138367726757,0.09602064991873942,0.01402073375852815
2025-07-07 00:00:00+00:00,7.423,7.522,7.23,7.39,4488528.0,7.087000000000001,6.7871,53.95164019621381,0.11960161230212663,0.10073684239541687,0.018864769906709752
2025-07-08 00:00:00+00:00,7.39,7.817,7.318,7.659,6693197.61,7.090649999999999,6.808866666666666,56.84922833791066,0.1471875280361079,0.11002697952355509,0.03716054851255282
2025-07-09 00:00:00+00:00,7.66,8.489,7.533,8.301,13418615.17,7.1217500000000005,6.8213,62.856446108336996,0.21833674944551085,0.13168893350794625,0.0866478159375646
2025-07-10 00:00:00+00:00,8.3,8.616,7.995,8.466,12591492.54,7.19165,6.846916666666667,64.23455043859289,0.2847546665104792,0.16230208010845285,0.12245258640202636
2025-07-11 00:00:00+00:00,8.467,9.074,8.304,8.692,16206010.58,7.303,6.876983333333333,66.09035024501269,0.351574918723653,0.2001566478314929,0.1514182708921601
2025-07-12 00:00:00+00:00,8.691,8.867,8.17,8.392,7340604.62,7.409649999999999,6.89865,61.52654147181593,0.375988792466468,0.23532307675848793,0.14066571570798006
2025-07-13 00:00:00+00:00,8.392,8.747,8.348,8.511,5419897.0,7.495349999999999,6.930383333333333,62.62893153603825,0.4003245762539569,0.26832337665758177,0.13200119959637513
2025-07-14 00:00:00+00:00,8.512,9.688,8.479,9.131,21191166.73,7.598899999999999,6.97875,67.80491673675914,0.4642876595489529,0.30751623323585603,0.15677142631309687
2025-07-15 00:00:00+00:00,9.131,9.423,8.685,9.345,13942783.69,7.7174499999999995,7.0332333333333334,69.38126275546873,0.5261813839590044,0.35124926338048573,0.17493212057851865
2025-07-16 00:00:00+00:00,9.345,9.535,8.768,8.901,15968427.71,7.822150000000001,7.085933333333333,62.53946768061783,0.5332584457166352,0.3876510998477156,0.14560734586891955
2025-07-17 00:00:00+00:00,8.902,9.18,8.636,8.932,14137823.77,7.923249999999999,7.132666666666666,62.815180492282266,0.5351990673704297,0.4171606933522584,0.11803837401817124
2025-07-18 00:00:00+00:00,8.933,11.007,8.85,10.132,31614917.66,8.073550000000001,7.2027166666666655,71.54562396603148,0.6263468584966745,0.4589979263811417,0.1673489321155328
2025-07-19 00:00:00+00:00,10.133,10.383,9.791,10.172,7792539.0,8.21245,7.27185,71.7834383652406,0.693811972814995,0.5059607356679123,0.18785123714708263
2025-07-20 00:00:00+00:00,10.172,10.9,10.107,10.657,9531696.71,8.38885,7.345933333333333,74.55979998639206,0.7774520256533943,0.5602589936650088,0.21719303198838558
2025-07-21 00:00:00+00:00,10.657,11.686,10.312,10.829,15565633.98,8.600800000000001,7.419233333333334,75.48118840556889,0.8478429271575152,0.61777578036351,0.2300671467940052
2025-07-22 00:00:00+00:00,10.829,11.069,10.118,10.774,13085263.99,8.7721,7.499099999999999,74.55137286770074,0.8889430018156421,0.6720092246539364,0.2169337771617057
2025-07-23 00:00:00+00:00,10.775,10.847,9.696,10.178,11623102.57,8.907350000000001,7.566783333333333,65.18117977496017,0.863469350886076,0.7103012499003645,0.15316810098571154
2025-07-24 00:00:00+00:00,10.178,10.53,9.624,10.124,11585757.64,9.067,7.632833333333334,64.39149531972038,0.8293635633955514,0.734113712599402,0.09524985079614945
2025-07-25 00:00:00+00:00,10.125,10.628,9.728,10.426,8827632.12,9.2217,7.698216666666667,66.8130619501752,0.8172822362916285,0.7507474173378473,0.06653481895378122
2025-07-26 00:00:00+00:00,10.426,10.763,10.327,10.557,4386889.44,9.37845,7.7687333333333335,67.83488759105008,0.8089531938450598,0.7623885726392899,0.046564621205769874
2025-07-27 00:00:00+00:00,10.557,11.057,10.453,10.985,4759680.25,9.5582,7.837716666666666,70.97887639845574,0.8273512011151851,0.775381098334469,0.05197010278071612
2025-07-28 00:00:00+00:00,10.986,11.192,10.355,10.46,6545192.01,9.69825,7.902733333333333,62.86207618836215,0.7904567486787855,0.7783962284033323,0.012060520275453124
2025-07-29 00:00:00+00:00,10.461,10.664,10.004,10.307,6793694.24,9.79855,7.9710833333333335,60.684127426056776,0.7403376563291406,0.7707845139884941,-0.03044685765935351
2025-07-30 00:00:00+00:00,10.307,10.504,9.562,10.008,8037580.13,9.87565,8.037,56.559993769358954,0.6687818129631324,0.7503839737834218,-0.08160216082028937
2025-07-31 00:00:00+00:00,10.008,10.238,9.295,9.344,7823708.78,9.908249999999999,8.087533333333333,48.65241389924026,0.5521294363890448,0.7107330663045465,-0.1586036299155017
2025-08-01 00:00:00+00:00,9.341,9.467,8.843,9.037,9498950.01,9.9405,8.130733333333334,45.48600492487859,0.42995302241915745,0.6545770575274688,-0.2246240351083113
2025-08-02 00:00:00+00:00,9.037,9.181,8.685,8.757,4889497.7,9.9528,8.166116666666666,42.75304060671135,0.30699482888241825,0.5850606117984587,-0.27806578291604045
2025-08-03 00:00:00+00:00,8.761,9.23,8.68,9.148,2933849.96,9.95365,8.213433333333333,47.49702738462814,0.23835242848887717,0.5157189751365424,-0.27736654664766525
2025-08-04 00:00:00+00:00,9.147,10.1,9.136,9.961,8729965.9,9.98445,8.28115,55.71470435074633,0.24671120392426182,0.46191742089408633,-0.2152062169698245
2025-08-05 00:00:00+00:00,9.963,9.97,9.372,9.581,5232835.3,10.01845,8.341016666666667,51.645796222711986,0.22013518805256282,0.41356097432578165,-0.19342578627321882
2025-08-06 00:00:00+00:00,9.581,9.809,9.384,9.697,3013229.28,10.056700000000001,8.396849999999999,52.779495200896804,0.20605842133767105,0.3720604637281596,-0.16600204239048855
2025-08-07 00:00:00+00:00,9.697,10.448,9.628,10.425,5616201.12,10.07135,8.465166666666667,59.23857885792843,0.25075544546318085,0.3477994600751638,-0.09704401461198298
2025-08-08 00:00:00+00:00,10.425,11.051,10.269,10.861,8244860.64,10.1058,8.5321,62.54312359190451,0.3176974963254686,0.3417790673252248,-0.024081570999756163
2025-08-09 00:00:00+00:00,10.861,11.402,10.75,10.979,8465737.9,10.1219,8.570666666666666,63.407756103091224,0.37593759319677034,0.3486107724995339,0.02732682069723641
2025-08-10 00:00:00+00:00,10.98,11.367,10.45,10.948,8993384.25,10.127849999999999,8.617183333333333,62.9963415007921,0.4148101751535265,0.3618506530303325,0.05295952212319399
2025-08-11 00:00:00+00:00,10.948,11.999,10.563,11.042,15626160.1,10.14125,8.676400000000001,63.764104466851244,0.4480372957731653,0.37908798157889906,0.06894931419426625
2025-08-12 00:00:00+00:00,11.042,11.635,10.797,11.601,15981847.96,10.212399999999999,8.740433333333334,68.01428343168166,0.513556694597403,0.4059817241825999,0.10757497041480313
2025-08-13 00:00:00+00:00,11.599,12.286,10.9,12.13,14296610.83,10.3127,8.8209,71.4294744198977,0.6012364891793869,0.4450326771819574,0.1562038119974295
2025-08-14 00:00:00+00:00,12.131,12.3,10.6,10.875,14946938.36,10.33515,8.882483333333335,56.120303841628555,0.5629658269381572,0.4686193071331973,0.0943465198049599
2025-08-15 00:00:00+00:00,10.875,11.148,10.421,10.722,7864173.94,10.343399999999999,8.937083333333334,54.5843617836222,0.5143609966700922,0.4777676450405763,0.03659335162951588
2025-08-16 00:00:00+00:00,10.722,11.154,10.701,11.011,5458472.77,10.3447,8.996633333333333,56.979451873190825,0.4934727564695276,0.48090866732636656,0.012564089143161039
2025-08-17 00:00:00+00:00,11.014,11.393,10.914,11.017,4655803.38,10.37255,9.053816666666668,57.030118114011074,0.47196233743524374,0.479119401348142,-0.007157063912898276
2025-08-18 00:00:00+00:00,11.017,11.056,10.1,10.484,9071673.41,10.381400000000001,9.100566666666667,51.255253926462515,0.40721243833504595,0.4647380087455228,-0.057525570410476845
2025-08-19 00:00:00+00:00,10.485,10.633,9.9,9.95,6396332.36,10.378499999999999,9.1486,46.206970486804984,0.3092435722213871,0.43363912144069566,-0.12439554921930857
2025-08-20 00:00:00+00:00,9.95,10.7,9.913,10.61,5728511.31,10.4418,9.217683333333333,52.4417178760821,0.2816127674631499,0.4032338506451865,-0.12162108318203663
2025-08-21 00:00:00+00:00,10.61,10.7,10.171,10.227,4095246.22,10.5013,9.283816666666667,48.89979257883298,0.22620273219714448,0.36782762695557814,-0.14162489475843365
2025-08-22 00:00:00+00:00,10.227,11.631,10.013,11.438,12034264.24,10.635349999999999,9.361166666666666,58.45448456714307,0.2768164910947508,0.34962539978341267,-0.07280890868866186
2025-08-23 00:00:00+00:00,11.439,11.474,11.013,11.347,5128045.67,10.7453,9.432616666666666,57.58317680750032,0.3060572823553276,0.3409117762977957,-0.03485449394246809
2025-08-24 00:00:00+00:00,11.346,11.443,10.806,10.925,6420491.67,10.793499999999998,9.498466666666667,53.59363771867432,0.29181508425628877,0.33109243788949433,-0.03927735363320556
2025-08-25 00:00:00+00:00,10.926,10.98,9.582,9.703,9517051.45,10.7996,9.546733333333332,44.071609694935425,0.17984965743503345,0.30084388179860216,-0.12099422436356871
2025-08-26 00:00:00+00:00,9.703,10.027,9.571,9.951,7813287.59,10.8123,9.597416666666668,46.16219884210179,0.10986136397182555,0.26264737823324685,-0.1527860142614213
2025-08-27 00:00:00+00:00,9.952,10.128,9.784,9.854,6686465.77,10.783750000000001,9.642883333333334,45.446643997007946,0.04603735782291096,0.21932537415117967,-0.1732880163282687
2025-08-28 00:00:00+00:00,9.855,10.123,9.734,10.018,4307457.39,10.7416,9.686616666666668,46.94407602793749,0.00859077342905401,0.17717845400675455,-0.16858768057770054
2025-08-29 00:00:00+00:00,10.018,10.083,9.366,9.633,5638243.7,10.6743,9.72835,43.89779531973107,-0.0515578698815613,0.1314311892290914,-0.1829890591106527
2025-08-30 00:00:00+00:00,9.633,9.827,9.404,9.726,2466593.28,10.6132,9.780616666666667,44.829130177926494,-0.09067651783282393,0.08700964781670834,-0.17768616564953227
2025-08-31 00:00:00+00:00,9.727,9.917,9.606,9.619,1925459.48,10.54205,9.818466666666668,43.92562755600432,-0.12882729308999075,0.04384225963536852,-0.17266955272535928
2025-09-01 00:00:00+00:00,9.618,9.831,9.11,9.351,5850861.64,10.42955,9.84976666666667,41.66081350517652,-0.17862830170355437,-0.0006518526324160584,-0.1779764490711383
2025-09-02 00:00:00+00:00,9.352,9.65,9.273,9.581,4507451.26,10.3021,9.893933333333333,44.31441141024454,-0.19726295743550892,-0.039974073593034634,-0.1572888838424743
2025-09-03 00:00:00+00:00,9.582,9.762,9.4,9.676,4040661.03,10.24215,9.933,45.418741098724986,-0.20203640044561233,-0.07238653896355018,-0.12964986148206215
2025-09-04 00:00:00+00:00,9.677,9.728,9.162,9.288,3503664.79,10.170449999999999,9.9641,41.774863528510295,-0.23442543527750992,-0.10479431822634214,-0.12963111705116778
2025-09-05 00:00:00+00:00,9.288,9.733,9.283,9.393,3710974.03,10.08955,9.997483333333333,43.105146179252216,-0.2487538764104471,-0.13358622986316315,-0.11516764654728395
2025-09-06 00:00:00+00:00,9.394,9.435,9.23,9.333,1364985.16,10.00535,10.025383333333334,42.50749801492881,-0.261931385829012,-0.15925526105633292,-0.10267612477267907
2025-09-07 00:00:00+00:00,9.334,9.449,9.261,9.396,1252891.73,9.95095,10.043633333333332,43.39495153566189,-0.26424503126145993,-0.18025321509735834,-0.08399181616410159
2025-09-08 00:00:00+00:00,9.396,9.787,9.327,9.555,3519625.24,9.9312,10.061783333333333,45.674150264887054,-0.2503626163579753,-0.19427509534948173,-0.05608752100849357
2025-09-09 00:00:00+00:00,9.554,9.93,9.388,9.539,4742428.74,9.87765,10.075899999999999,45.47571716087891,-0.23790929851213427,-0.20300193598201227,-0.034907362530122
2025-09-10 00:00:00+00:00,9.54,9.818,9.465,9.736,4209956.13,9.8531,10.0983,48.445606442528984,-0.2097261087638298,-0.2043467705383758,-0.005379338225454
2025-09-11 00:00:00+00:00,9.737,10.05,9.699,9.986,3751741.86,9.7805,10.122883333333334,52.01744738492081,-0.16531220102639566,-0.19653985663597978,0.031227655609584126
2025-09-12 00:00:00+00:00,9.987,10.226,9.902,10.179,4232476.34,9.722100000000001,10.14035,54.63075175917089,-0.1132350687417798,-0.1798788990571398,0.06664383031536
2025-09-13 00:00:00+00:00,10.179,10.36,9.933,10.122,3812298.03,9.68195,10.153300000000002,53.70052798886815,-0.07569047713712074,-0.15904121467313598,0.08335073753601524
2025-09-14 00:00:00+00:00,10.122,10.13,9.004,9.414,9741212.01,9.6675,10.16185,43.73832308899854,-0.10189126175298924,-0.14761122408910662,0.04571996233611739
2025-09-15 00:00:00+00:00,9.413,9.54,9.02,9.161,5211510.88,9.628,10.165666666666665,40.823832643044184,-0.1414401242098311,-0.14637700411325152,0.004936879903420427
2025-09-16 00:00:00+00:00,9.16,9.399,9.05,9.321,3773013.4,9.60135,10.15215,43.39278721337519,-0.15805031417790083,-0.1487116661261814,-0.00933864805171944
2025-09-17 00:00:00+00:00,9.321,9.62,9.134,9.551,3635111.92,9.578,10.1418,46.95751206080502,-0.15091527424772444,-0.14915238775049,-0.0017628864972344394
2025-09-18 00:00:00+00:00,9.552,9.669,9.407,9.604,3790785.97,9.576550000000001,10.124249999999998,47.773674177284484,-0.13937739083521805,-0.14719738836743562,0.00781999753221757
2025-09-19 00:00:00+00:00,9.604,9.734,9.075,9.162,4277261.75,9.54835,10.096466666666666,41.97329138494134,-0.16400865151390498,-0.1505596409967295,-0.01344901051717548
2025-09-20 00:00:00+00:00,9.162,9.281,9.103,9.185,1504585.27,9.52665,10.069983333333333,42.36543153257968,-0.17960284547568328,-0.15636828189252025,-0.02323456358316303
2025-09-21 00:00:00+00:00,9.184,9.22,9.031,9.043,2017512.17,9.51125,10.051066666666665,40.543709768707856,-0.20110139806139848,-0.1653149051262959,-0.03578649293510258
2025-09-22 00:00:00+00:00,9.043,9.08,7.5,8.231,9061462.83,9.44375,10.019516666666666,32.055357334153925,-0.2804281683429526,-0.18833755776962724,-0.09209061057332535
2025-09-23 00:00:00+00:00,8.231,8.263,8.009,8.057,3012860.88,9.3628,9.980033333333333,30.577995635587,-0.3532633511180414,-0.22132271643931006,-0.13194063467873135
2025-09-24 00:00:00+00:00,8.058,8.196,7.831,7.899,3021192.89,9.29335,9.935733333333333,29.259305526016774,-0.4189061484362089,-0.26083940283868984,-0.15806674559751904
2025-09-25 00:00:00+00:00,7.899,7.944,7.273,7.455,6247975.77,9.19645,9.876900000000001,25.88150617708139,-0.5009806346719685,-0.3088676492053456,-0.19211298546662292
2025-09-26 00:00:00+00:00,7.456,7.639,7.323,7.619,5081595.19,9.11075,9.829550000000001,29.135696276296613,-0.5464922049743794,-0.3563925603591524,-0.19009964461522705
2025-09-27 00:00:00+00:00,7.62,7.659,7.464,7.617,2602245.62,9.0218,9.784716666666666,29.118905830889744,-0.576081130938098,-0.40033027447494157,-0.1757508564631564
2025-09-28 00:00:00+00:00,7.618,7.772,7.408,7.751,1808318.45,8.9316,9.7471,31.948561630401542,-0.5820088520670748,-0.43666598999336825,-0.1453428620737065
2025-09-29 00:00:00+00:00,7.752,7.839,7.568,7.744,2218098.74,8.841849999999999,9.720433333333334,31.876970673737887,-0.5805789030704922,-0.4654485726087931,-0.11513033046169913
2025-09-30 00:00:00+00:00,7.744,7.777,7.421,7.641,2881874.69,8.737100000000002,9.697166666666666,30.783885123546582,-0.5810588130809133,-0.48857062070321716,-0.09248819237769618
2025-10-01 00:00:00+00:00,7.641,8.1,7.538,8.072,3412587.34,8.6414,9.68575,40.048029252266225,-0.5404312917149365,-0.49894275490556106,-0.041488536809375476
2025-10-02 00:00:00+00:00,8.073,8.394,7.985,8.353,4598011.77,8.550099999999999,9.672500000000001,45.19803754594617,-0.48002589700695,-0.49515938332583886,0.015133486318888889
2025-10-03 00:00:00+00:00,8.352,8.494,8.132,8.176,3669173.13,8.4528,9.64275,42.70930298844614,-0.44134901058893306,-0.4843973087784577,0.04304829818952466
2025-10-04 00:00:00+00:00,8.176,8.202,7.908,8.025,1882125.85,8.38335,9.616816666666667,40.65276176708141,-0.4180625723914684,-0.4711303615010599,0.053067789109591534
2025-10-05 00:00:00+00:00,8.025,8.429,7.967,8.059,3034926.59,8.32825,9.589516666666666,41.337714444838625,-0.3923417154288771,-0.4553726322866234,0.06303091685774631
2025-10-06 00:00:00+00:00,8.06,8.448,8.0,8.342,2910094.89,8.2793,9.5548,46.83763652356771,-0.3451434176327872,-0.43332678935585617,0.08818337172306895
2025-10-07 00:00:00+00:00,8.342,8.396,7.716,7.765,6387776.73,8.190000000000001,9.5032,38.84169221664258,-0.35025992599616096,-0.41671341668391715,0.06645349068775619
2025-10-08 00:00:00+00:00,7.766,8.13,7.696,8.072,2712725.91,8.113399999999999,9.454749999999999,44.291069250741074,-0.3257869917965692,-0.3985281317064476,0.07274113990987835
2025-10-09 00:00:00+00:00,8.073,8.093,7.643,7.855,3265101.44,8.04805,9.4032,41.47778876239744,-0.3202109095399468,-0.3828646872731475,0.06265377773320069
2025-10-10 00:00:00+00:00,7.856,8.6,2.0,5.792,28262007.27,7.878400000000001,9.3157,25.13331776435605,-0.47676285752077074,-0.4016443213226722,-0.07511853619809855
2025-10-11 00:00:00+00:00,5.791,6.128,5.543,5.855,18650942.79,7.718999999999999,9.219933333333332,26.091124469620368,-0.5889586816365648,-0.4391071933854508,-0.14985148825111405
2025-10-12 00:00:00+00:00,5.855,6.705,5.791,6.619,8575568.94,7.6384,9.128083333333333,36.67201972787744,-0.6092037440448195,-0.47312650351732455,-0.13607724052749492
2025-10-13 00:00:00+00:00,6.619,7.12,6.491,7.051,7365492.36,7.5881,9.06435,41.75006251230172,-0.5836612289054752,-0.4952334485949547,-0.08842778031052051
2025-10-14 00:00:00+00:00,7.051,7.081,6.384,6.822,7158919.91,7.53425,8.99935,39.92256991089761,-0.5752656830965259,-0.5112398954952689,-0.06402578760125699
2025-10-15 00:00:00+00:00,6.822,6.987,6.443,6.569,5097036.25,7.48995,8.925316666666667,37.946337210265206,-0.5823145781681864,-0.5254548320298524,-0.056859746138334
2025-10-16 00:00:00+00:00,6.569,6.734,6.221,6.279,4771001.55,7.42295,8.84635,35.76112829357764,-0.604335056322129,-0.5412308768883077,-0.0631041794338213
2025-10-17 00:00:00+00:00,6.279,6.409,5.844,6.132,7557565.45,7.348699999999999,8.773816666666669,34.67120469835886,-0.6264270542339405,-0.5582701123574343,-0.06815694187650623
2025-10-18 00:00:00+00:00,6.133,6.209,5.904,6.024,3511282.08,7.2623500000000005,8.708383333333334,33.854817065093044,-0.6452122143730072,-0.5756585327605489,-0.06955368161245834
2025-10-19 00:00:00+00:00,6.023,6.362,5.951,6.259,3339950.03,7.1881,8.635866666666665,37.31364753145822,-0.6338306479364002,-0.5872929557957192,-0.04653769214068104
2025-10-20 00:00:00+00:00,6.259,6.545,6.137,6.336,2902503.31,7.12285,8.571016666666667,38.44936713662596,-0.6115478748258232,-0.59214393960174,-0.019403935224083124
2025-10-21 00:00:00+00:00,6.337,6.653,6.108,6.253,6021138.25,7.0318999999999985,8.4846,37.65737616705307,-0.5937417377753631,-0.5924634992364647,-0.001278238538898413
2025-10-22 00:00:00+00:00,6.253,6.302,5.861,6.037,4341943.25,6.9161,8.396099999999999,35.60211429258774,-0.5902555422198699,-0.5920219078331457,0.001766365613275811
2025-10-23 00:00:00+00:00,6.037,6.365,6.026,6.313,2937580.38,6.8229500000000005,8.319233333333335,40.100727668684016,-0.55878053952289,-0.5853736341710946,0.026593094648204585
2025-10-24 00:00:00+00:00,6.314,6.47,6.163,6.243,2907945.61,6.7338499999999994,8.261566666666667,39.34992702906571,-0.5333368133127436,-0.5749662699994245,0.04162945668668083
2025-10-25 00:00:00+00:00,6.243,6.299,6.16,6.245,3053819.27,6.64315,8.1998,39.38484670682478,-0.5071648134237368,-0.561405978684287,0.05424116526055023
2025-10-26 00:00:00+00:00,6.246,6.734,6.148,6.665,3573741.68,6.5593,8.14665,46.3682175981039,-0.4473757558078626,-0.5385999341090022,0.0912241783011396
2025-10-27 00:00:00+00:00,6.665,6.888,6.463,6.514,3662864.47,6.4967500000000005,8.08825,44.38822302373691,-0.4074797618830859,-0.512375899663819,0.10489613778073315
2025-10-28 00:00:00+00:00,6.513,6.635,6.25,6.339,2383200.85,6.4101,8.03335,42.14223739847388,-0.3855386867353765,-0.48700845707813056,0.10146977034275406
2025-10-29 00:00:00+00:00,6.339,6.448,6.142,6.295,3860839.42,6.3321,7.976166666666667,41.572668293142215,-0.3674647539360558,-0.46309971644971565,0.09563496251365983
2025-10-30 00:00:00+00:00,6.294,6.387,5.666,5.846,14581931.12,6.3347999999999995,7.913283333333334,36.19649023172225,-0.38493429656979483,-0.44746663247373153,0.0625323359039367
2025-10-31 00:00:00+00:00,5.847,5.954,5.612,5.744,5271574.29,6.32925,7.853166666666667,35.08643769121322,-0.40237129667805505,-0.4384475653145963,0.03607626863654123
2025-11-01 00:00:00+00:00,5.744,5.897,5.717,5.863,2461294.41,6.29145,7.7912,37.49481534600823,-0.4019544586240933,-0.4311489439764957,0.029194485352402433
2025-11-02 00:00:00+00:00,5.864,5.927,5.712,5.859,2227553.85,6.23185,7.7275833333333335,37.44452609146566,-0.3973662868311134,-0.4243924125474193,0.02702612571630586
2025-11-03 00:00:00+00:00,5.859,5.888,4.947,5.198,9608158.02,6.150650000000001,7.659416666666667,30.229188991009863,-0.44197251933711357,-0.42790843390535815,-0.014064085431755413
2025-11-04 00:00:00+00:00,5.198,5.282,4.736,5.073,9624747.25,6.07585,7.587416666666667,29.08770207462905,-0.4818552084020755,-0.43869778880470167,-0.04315741959737385
2025-11-05 00:00:00+00:00,5.073,5.493,4.871,5.346,5632733.66,6.0292,7.520966666666666,34.87198590552883,-0.4858333242404127,-0.4481248958918439,-0.0377084283485688
2025-11-06 00:00:00+00:00,5.345,5.373,5.106,5.255,3790676.16,5.9853499999999995,7.451949999999999,33.879934832238064,-0.49067277882326366,-0.4566344724781279,-0.03403830634513577
2025-11-07 00:00:00+00:00,5.256,6.003,5.243,5.875,8522495.12,5.9779,7.3906166666666655,45.29806567011658,-0.4394139722562862,-0.4531903724337596,0.013776400177473391
2025-11-08 00:00:00+00:00,5.875,6.141,5.805,6.011,7011480.4,5.9655000000000005,7.331816666666667,47.44209959125015,-0.3833973691367891,-0.43923177177436556,0.05583440263757644
2025-11-09 00:00:00+00:00,6.011,6.78,5.795,6.574,9508041.91,5.9774,7.279116666666667,55.25983119891443,-0.2902288354205238,-0.4094311845035972,0.11920234908307342
2025-11-10 00:00:00+00:00,6.575,10.03,6.547,9.347,33184232.36,6.132099999999999,7.268466666666667,74.99131545826323,0.007281882851996713,-0.32608857103247846,0.33337045388447517
2025-11-11 00:00:00+00:00,9.35,10.3,8.1,8.249,65925229.87,6.242700000000001,7.2363,63.12074921177196,0.1527015979332944,-0.2303305372393239,0.3830321351726183
2025-11-12 00:00:00+00:00,8.25,8.863,7.474,7.568,19335335.61,6.30545,7.193733333333333,57.08524209204135,0.2105694476644162,-0.14215054025857587,0.3527199879229921
2025-11-13 00:00:00+00:00,7.568,8.206,7.463,7.753,16978928.09,6.38095,7.166049999999999,58.253061146763514,0.2682656895031643,-0.06006729430622784,0.32833298380939213
2025-11-14 00:00:00+00:00,7.752,7.802,6.927,6.992,12725078.81,6.4183,7.1299,51.986142012221556,0.2497055862200952,0.001887281799036765,0.24781830442105843
2025-11-15 00:00:00+00:00,6.991,7.643,6.975,7.357,8242280.08,6.4529,7.097166666666666,54.51374252678928,0.2614353561696001,0.053796896673149436,0.20763845949645068
2025-11-16 00:00:00+00:00,7.358,7.923,6.978,7.178,11331659.37,6.4861,7.057616666666666,53.039112972546285,0.2533668242933471,0.09371088219718898,0.15965594209615813
2025-11-17 00:00:00+00:00,7.177,8.156,7.086,7.421,19389578.11,6.5402000000000005,7.021233333333333,54.82562923162908,0.263542569127698,0.1276772195832908,0.1358653495444072
2025-11-18 00:00:00+00:00,7.422,7.766,7.181,7.5,10788799.38,6.60045,6.993533333333334,55.41940442360079,0.2748136789651223,0.15710451145965712,0.1177091675054652
2025-11-19 00:00:00+00:00,7.499,7.519,6.816,7.225,8368311.93,6.6694,6.960866666666666,52.81689055558198,0.2585752188210506,0.17739865293193582,0.08117656588911479
2025-11-20 00:00:00+00:00,7.224,7.384,6.476,6.57,8523390.84,6.7107,6.91965,47.13879188039301,0.19065534014611174,0.18004999037477104,0.0106053497713407
2025-11-21 00:00:00+00:00,6.569,6.742,5.913,6.426,12318913.52,6.738849999999999,6.889566666666667,45.968757176311094,0.12378187007148789,0.16879636631411443,-0.045014496242626545
2025-11-22 00:00:00+00:00,6.425,6.545,5.86,6.161,6173324.55,6.753949999999999,6.857966666666666,43.81351320240319,0.0488379049694716,0.14480467404518588,-0.09596676907571428
2025-11-23 00:00:00+00:00,6.161,6.356,6.058,6.136,4011818.02,6.800850000000001,6.828583333333333,43.60580349748607,-0.012429736121502444,0.11335779201184823,-0.12578752813335067
2025-11-24 00:00:00+00:00,6.136,6.429,6.055,6.295,6833348.28,6.86195,6.8092500000000005,45.379368957909634,-0.047606039128716304,0.08116502578373533,-0.12877106491245163
2025-11-25 00:00:00+00:00,6.294,6.376,5.881,6.233,5663713.93,6.9063,6.786150000000001,44.78787203935484,-0.07956917066851332,0.0490181864932856,-0.12858735716179892
2025-11-26 00:00:00+00:00,6.232,6.387,5.998,6.303,3813992.58,6.9587,6.7642500000000005,45.649243857233735,-0.09812069343424046,0.01959041050778039,-0.11771110394202085
2025-11-27 00:00:00+00:00,6.303,6.435,6.099,6.141,4322521.69,6.9719999999999995,6.737416666666666,43.94070503478493,-0.12446025465030353,-0.009219722523836394,-0.11524053212646714
2025-11-28 00:00:00+00:00,6.142,6.356,6.05,6.129,3408527.5,6.977900000000001,6.7105,43.809903009064605,-0.14463557748738598,-0.036302893516546315,-0.10833268397083967
2025-11-29 00:00:00+00:00,6.128,6.216,5.978,6.057,1918849.09,6.95205,6.6841,42.98313909630498,-0.1645377754083217,-0.061949869894901394,-0.10258790551342031
2025-11-30 00:00:00+00:00,6.057,6.278,6.007,6.042,2900376.46,6.7867999999999995,6.650266666666666,42.80191503170946,-0.17945217235027044,-0.08545033038597522,-0.09400184196429523
2025-12-01 00:00:00+00:00,6.042,6.058,5.441,5.599,8050608.69,6.654299999999999,6.6043666666666665,37.741007754122016,-0.22443123351732108,-0.1132465110122444,-0.11118472250507669
2025-12-02 00:00:00+00:00,5.601,6.039,5.368,5.92,6884300.63,6.571899999999999,6.566766666666666,43.00026047847707,-0.23150678020355908,-0.13689856485050733,-0.09460821535305175
2025-12-03 00:00:00+00:00,5.919,6.197,5.894,6.107,4713358.81,6.4896,6.534800000000001,45.8689883636082,-0.21949466686424568,-0.153417785253255,-0.06607688161099068
2025-12-04 00:00:00+00:00,6.108,6.2,5.829,5.961,3772271.77,6.43805,6.499833333333332,44.006764631317154,-0.21922882687630274,-0.16657999357786457,-0.05264883329843817
2025-12-05 00:00:00+00:00,5.961,6.036,5.426,5.474,4749718.35,6.3439000000000005,6.4520333333333335,38.405715926295414,-0.2553712163230557,-0.1843382381269028,-0.0710329781961529
2025-12-06 00:00:00+00:00,5.473,5.624,5.415,5.563,2086447.43,6.2631499999999996,6.415333333333334,39.91090582356377,-0.2736779748203917,-0.2022061854656006,-0.0714717893547911
2025-12-07 00:00:00+00:00,5.564,5.672,5.316,5.461,3768927.93,6.16515,6.371816666666667,38.74239641895487,-0.2930387915938555,-0.22037270669125159,-0.0726660849026039
2025-12-08 00:00:00+00:00,5.462,5.772,5.431,5.616,3020468.04,6.07095,6.3345,41.543256754717525,-0.2925033769110268,-0.23479884073520663,-0.057704536175820165
2025-12-09 00:00:00+00:00,5.615,5.976,5.427,5.747,3948767.27,5.99705,6.33375,43.878772980924325,-0.2783003782061213,-0.2434991482293896,-0.03480122997673171
2025-12-10 00:00:00+00:00,5.746,5.946,5.527,5.602,4399936.14,5.94865,6.329533333333333,41.88406867266899,-0.2755681099534897,-0.24991294057420962,-0.025655169379280057
2025-12-11 00:00:00+00:00,5.601,5.607,5.293,5.548,4030550.9,5.90475,6.311683333333334,41.13411124571223,-0.2745947589298794,-0.2548493042453436,-0.019745454684535813
2025-12-12 00:00:00+00:00,5.548,5.651,5.21,5.422,3722510.24,5.8678,6.284533333333333,39.36303291514669,-0.2807541590232896,-0.2600302752009328,-0.020723883822356792
2025-12-13 00:00:00+00:00,5.423,5.529,5.373,5.5,1368190.97,5.836,6.2625,41.054997932269885,-0.27615820001928615,-0.2632558601646035,-0.012902339854682643
2025-12-14 00:00:00+00:00,5.501,5.565,5.247,5.31,2282268.25,5.78675,6.2415166666666675,38.254831268685656,-0.2845669705999754,-0.2675180822516779,-0.017048888348297486
2025-12-15 00:00:00+00:00,5.311,5.466,4.971,5.079,4469739.55,5.729049999999999,6.221516666666667,35.118666143218505,-0.306339460706214,-0.2752823579425851,-0.031057102763628885
2025-12-16 00:00:00+00:00,5.08,5.279,4.935,5.198,3949507.64,5.6738,6.2059500000000005,37.941178297087866,-0.3104137539722851,-0.2823086371485251,-0.02810511682375999
2025-12-17 00:00:00+00:00,5.197,5.324,4.883,4.966,4372912.12,5.615049999999999,6.188316666666667,34.76580996142772,-0.32857550791040513,-0.29156201130090115,-0.03701349660950398
2025-12-18 00:00:00+00:00,4.967,5.435,4.849,4.96,10753995.99,5.5566,6.166666666666667,34.684961369682455,-0.3395389845524033,-0.30115740595120155,-0.03838157860120173
2025-12-19 00:00:00+00:00,4.96,5.336,4.9,5.319,6271083.7,5.5197,6.1497166666666665,43.196755853893166,-0.3156210362285865,-0.3040501320066786,-0.01157090422190793
2025-12-20 00:00:00+00:00,5.318,6.378,5.253,6.262,13425520.88,5.5307,6.149866666666667,58.496768284401874,-0.21806001077569714,-0.2868521077604823,0.06879209698478517
2025-12-21 00:00:00+00:00,6.262,6.5,6.054,6.117,9824156.96,5.5565999999999995,6.1512,55.99906738094287,-0.15070524712143119,-0.2596227356326721,0.10891748851124089
2025-12-22 00:00:00+00:00,6.117,6.416,5.914,6.018,7894519.12,5.5615,6.146283333333333,54.294492017625394,-0.10411441808038013,-0.2285210721222137,0.12440665404183357
2025-12-23 00:00:00+00:00,6.019,6.121,5.654,5.81,6700700.28,5.54665,6.1390666666666664,50.79602363550921,-0.08301773529231671,-0.19942040475623432,0.11640266946391761
2025-12-24 00:00:00+00:00,5.811,5.888,5.593,5.778,4783714.28,5.5375,6.131283333333332,50.25947211662891,-0.06809563071144176,-0.17315544994727583,0.10505981923583407
2025-12-25 00:00:00+00:00,5.779,6.085,5.747,5.815,4240144.39,5.554550000000001,6.117116666666666,50.905206011196476,-0.05267693759866088,-0.14905974747755285,0.09638280987889197
2025-12-26 00:00:00+00:00,5.814,6.037,5.73,5.829,4123253.53,5.56785,6.1057,51.16354994922411,-0.03887964883396133,-0.12702372774883455,0.08814407891487322
2025-12-27 00:00:00+00:00,5.829,6.041,5.827,5.967,2940206.57,5.59315,6.099500000000001,53.74721637937176,-0.01661818727946507,-0.10494261965496066,0.08832443237549559
2025-12-28 00:00:00+00:00,5.967,6.569,5.934,6.23,8937875.96,5.62385,6.098416666666666,58.27748712585784,0.021992566784934553,-0.07955558236698163,0.10154814915191618
2025-12-29 00:00:00+00:00,6.231,6.392,5.927,5.995,5754472.74,5.63625,6.100899999999999,53.25790928161087,0.033246091287982615,-0.056995247635988774,0.09024133892397139
2025-12-30 00:00:00+00:00,5.995,6.044,5.895,5.926,3282679.1,5.65245,6.103933333333333,51.845871024069815,0.03617980887540906,-0.03836023633370921,0.07454004520911828
2025-12-31 00:00:00+00:00,5.926,5.978,5.623,5.64,2969257.05,5.65705,6.100216666666667,46.35930180777889,0.015251185231650588,-0.027637952020637253,0.04288913725228784
2026-01-01 00:00:00+00:00,5.641,5.841,5.61,5.809,3091675.81,5.6764,6.099383333333333,49.74370802628565,0.012161794226065226,-0.01967800277129676,0.03183979699736199
2026-01-02 00:00:00+00:00,5.808,6.101,5.672,6.038,3846969.8,5.7033000000000005,6.113383333333333,53.98073475547194,0.0278705415097118,-0.010168293915095047,0.03803883542480685
2026-01-03 00:00:00+00:00,6.037,6.121,5.744,5.917,3516292.8,5.73365,6.12745,51.50961584676877,0.030207929934110922,-0.002093049145253852,0.03230097907936477
2026-01-04 00:00:00+00:00,5.916,6.023,5.768,5.85,4044610.88,5.7722,6.1358500000000005,50.140876078133715,0.02635023790269564,0.0035956082643360462,0.022754629638359593
2026-01-05 00:00:00+00:00,5.85,6.45,5.718,6.162,8355114.96,5.8204,6.150966666666666,56.00377567978217,0.047916430893436335,0.012459772790156105,0.035456658103280234
2026-01-06 00:00:00+00:00,6.163,6.315,5.843,6.07,7580246.88,5.8756,6.154216666666668,53.98781757499,0.056927933311898826,0.02135340489450465,0.035574528417394176
2026-01-07 00:00:00+00:00,6.07,6.092,5.64,5.726,4486852.53,5.9139,6.149466666666667,47.152973951327525,0.0358978804111274,0.024262299997829202,0.0116355804132982
2026-01-08 00:00:00+00:00,5.727,5.819,5.39,5.488,5634301.65,5.92235,6.131366666666667,43.08855952308981,2.6495598145714894e-05,0.019415139117892506,-0.01938864351974679
2026-01-09 00:00:00+00:00,5.489,5.635,5.35,5.467,5030488.54,5.882599999999999,6.0667,42.73850536037094,-0.029753381341920182,0.00958143502592997,-0.03933481636785015
2026-01-10 00:00:00+00:00,5.467,5.555,5.426,5.476,1921370.67,5.85055,6.020483333333333,42.95240914941192,-0.052028175168557844,-0.002740487012967594,-0.04928768815559025
2026-01-11 00:00:00+00:00,5.476,5.539,5.377,5.456,2069844.73,5.82245,5.985283333333333,42.57182540053242,-0.07048246463195174,-0.016288882536764422,-0.05419358209518731
2026-01-12 00:00:00+00:00,5.456,5.612,5.281,5.367,3523447.62,5.8003,5.945516666666666,40.837745269933635,-0.09123744965732339,-0.03127859596087622,-0.05995885369644717
2026-01-13 00:00:00+00:00,5.368,5.806,5.349,5.73,4258129.24,5.7979,5.924483333333333,49.8163777828933,-0.07750146983780226,-0.04052317073626143,-0.03697829910154083
2026-01-14 00:00:00+00:00,5.73,5.852,5.657,5.681,4165081.91,5.7912,5.89655,48.74106542684786,-0.06976528656224801,-0.046371593901458744,-0.023393692660789264
2026-01-15 00:00:00+00:00,5.681,5.685,5.226,5.35,5244768.55,5.76725,5.866083333333334,42.126063630102216,-0.08931368671317053,-0.054960012463801104,-0.03435367424936942
2026-01-16 00:00:00+00:00,5.351,5.361,5.131,5.315,2862771.05,5.73465,5.830983333333333,41.48492783984068,-0.10640358783753179,-0.06524872753854724,-0.04115486029898455
2026-01-17 00:00:00+00:00,5.316,5.446,5.305,5.352,1722418.8,5.6907499999999995,5.795183333333332,42.48153678060361,-0.11562896805932521,-0.07532477564270285,-0.040304192416622364
2026-01-18 00:00:00+00:00,5.351,5.397,5.088,5.095,2597797.17,5.64575,5.759683333333333,37.680943770474975,-0.14204054552016654,-0.08866792961819558,-0.053372615901970955
2026-01-19 00:00:00+00:00,5.095,5.097,4.62,5.026,6491538.45,5.60075,5.733950000000001,36.48873017473913,-0.16661895469296084,-0.10425813463314863,-0.06236082005981221
2026-01-20 00:00:00+00:00,5.026,5.028,4.695,4.803,4998750.83,5.5588999999999995,5.7069,32.86912727767243,-0.2017659253589068,-0.12375969277830029,-0.07800623258060652
2026-01-21 00:00:00+00:00,4.803,5.067,4.761,4.94,3914858.4,5.5154499999999995,5.68655,37.003583612145455,-0.2160746240247171,-0.14222267902758368,-0.07385194499713343
2026-01-22 00:00:00+00:00,4.94,4.995,4.772,4.836,2024747.34,5.45535,5.664883333333334,35.22978790126368,-0.23311905034095393,-0.16040195329025775,-0.07271709705069618
2026-01-23 00:00:00+00:00,4.837,4.984,4.769,4.873,1894787.41,5.40315,5.641183333333333,36.39789951498419,-0.2408647512970834,-0.17649451289162288,-0.06437023840546052
2026-01-24 00:00:00+00:00,4.872,4.915,4.828,4.855,835317.66,5.353400000000001,5.618216666666666,36.0572116798889,-0.24562432040747328,-0.19032047439479297,-0.05530384601268032
2026-01-25 00:00:00+00:00,4.854,4.895,4.562,4.637,3331646.52,5.277150000000001,5.59045,32.13422521388833,-0.26394450338105546,-0.20504528019204546,-0.05889922318901
2026-01-26 00:00:00+00:00,4.636,4.76,4.487,4.711,5272135.75,5.209200000000001,5.5666166666666665,34.73017925721065,-0.2693868746181236,-0.2179135990772611,-0.051473275540862506
2026-01-27 00:00:00+00:00,4.712,4.816,4.631,4.8,2549844.61,5.1629000000000005,5.544466666666667,37.811245376705884,-0.26348118969425194,-0.2270271172006593,-0.03645407249359264
2026-01-28 00:00:00+00:00,4.801,4.878,4.753,4.82,1968357.14,5.1295,5.5238499999999995,38.513657391305436,-0.25425615233572874,-0.23247292422767318,-0.021783228108055552
2026-01-29 00:00:00+00:00,4.821,4.834,4.286,4.396,4641550.98,5.07595,5.496416666666667,30.618156968340116,-0.27795441477750416,-0.2415692223376394,-0.036385192439864766
2026-01-30 00:00:00+00:00,4.395,4.418,4.141,4.276,6418117.34,5.015949999999999,5.4743666666666675,28.817537902694966,-0.3029265074053633,-0.25384067935118415,-0.04908582805417916
2026-01-31 00:00:00+00:00,4.277,4.307,3.6,3.96,9187744.74,4.94115,5.4417,24.69843408267988,-0.34424736051943583,-0.27192201558483453,-0.0723253449346013
2026-02-01 00:00:00+00:00,3.961,4.029,3.752,3.837,6256562.2,4.86465,5.403866666666667,23.30223861901179,-0.38251016725531173,-0.29403964591892995,-0.08847052133638178
2026-02-02 00:00:00+00:00,3.838,3.999,3.704,3.925,5674629.39,4.7744,5.369933333333334,26.50339101120713,-0.40110911649560954,-0.3154535400342659,-0.08565557646134364
2026-02-03 00:00:00+00:00,3.926,4.026,3.698,3.86,6113783.63,4.68335,5.3430333333333335,25.651751023292007,-0.41629508394603576,-0.3356218488166199,-0.08067323512941588
2026-02-04 00:00:00+00:00,3.86,3.963,3.641,3.801,6284057.4,4.6059,5.313666666666666,24.870549083173017,-0.4281553708778958,-0.35412855322887504,-0.07402681764902075
2026-02-05 00:00:00+00:00,3.801,3.838,3.125,3.168,14783565.92,4.49855,5.27545,18.397140668404404,-0.483064081484021,-0.3799156588799043,-0.10314842260411672
2026-02-06 00:00:00+00:00,3.168,3.632,2.845,3.552,13455347.44,4.40855,5.2410499999999995,30.256554664058214,-0.48994624413572563,-0.4019217759310686,-0.08802446820465704
2026-02-07 00:00:00+00:00,3.551,3.628,3.431,3.539,5565279.65,4.33075,5.20425,30.097084627364623,-0.4907918559667106,-0.41969579193819706,-0.07109606402851354
2026-02-08 00:00:00+00:00,3.538,3.553,3.437,3.468,2182384.93,4.2528500000000005,5.168683333333333,29.19213347591355,-0.49152512043866015,-0.43406165763828974,-0.0574634628003704
2026-02-09 00:00:00+00:00,3.468,3.583,3.309,3.493,3174894.62,4.18735,5.134433333333333,29.990357711251406,-0.48450388752706974,-0.4441501036160458,-0.040353783911023955
2026-02-10 00:00:00+00:00,3.493,3.499,3.318,3.36,2120911.96,4.10835,5.100066666666666,28.17090601257867,-0.4840911963567103,-0.4521383221641787,-0.031952874192531566
2026-02-11 00:00:00+00:00,3.361,4.588,3.223,3.369,28491602.0,4.035,5.06455,28.487074789960275,-0.4775332053103414,-0.4572172987934113,-0.020315906516930105
2026-02-12 00:00:00+00:00,3.37,3.498,3.142,3.247,11620693.63,3.9537,5.030166666666665,26.767100610544134,-0.4766853980197636,-0.46111091863868175,-0.015574479381081863
2026-02-13 00:00:00+00:00,3.246,3.495,3.208,3.398,6836626.29,3.8808499999999997,5.00215,32.22174282002226,-0.45854326526481204,-0.4605973879639078,0.002054122699095773
2026-02-14 00:00:00+00:00,3.398,3.739,3.378,3.629,8315869.41,3.83045,4.976,39.62977029443747,-0.4206764288868321,-0.4526131961484927,0.031936767261660615
2026-02-15 00:00:00+00:00,3.628,3.678,3.397,3.471,5203892.97,3.76845,4.951083333333333,36.676961492833335,-0.398818634814206,-0.4418542838816354,0.043035649067429405
2026-02-16 00:00:00+00:00,3.471,3.628,3.424,3.601,4219826.59,3.7085,4.928433333333333,40.59871725969889,-0.36677827040044786,-0.42683908118539793,0.06006081078495007
2026-02-17 00:00:00+00:00,3.602,3.632,3.452,3.524,2826275.93,3.6437000000000004,4.898516666666667,39.05582134344267,-0.34363806158168675,-0.4101988772646557,0.06656081568296895
2026-02-18 00:00:00+00:00,3.525,3.607,3.349,3.403,3552277.44,3.59405,4.850866666666666,36.695779191028386,-0.3312445867341478,-0.39440801915855417,0.06316343242440636
2026-02-19 00:00:00+00:00,3.403,3.468,3.293,3.391,3946751.79,3.5498,4.805433333333334,36.4604711221759,-0.31871699718996016,-0.37926981476483534,0.060552817574875184
2026-02-20 00:00:00+00:00,3.391,3.498,3.309,3.492,4378014.48,3.5264,4.763333333333334,39.95069664710304,-0.2972128515677057,-0.3628584221254095,0.06564557055770376
2026-02-21 00:00:00+00:00,3.492,3.694,3.468,3.609,3534998.41,3.5149999999999997,4.72665,43.801765998227005,-0.2676444998514924,-0.34381563767062606,0.07617113781913365
2026-02-22 00:00:00+00:00,3.609,3.63,3.433,3.491,2653845.35,3.4933,4.688533333333334,40.949421569583485,-0.2508414379672623,-0.3252207977299533,0.074379359762691
2026-02-23 00:00:00+00:00,3.491,3.566,3.275,3.349,5365954.18,3.46775,4.647433333333334,37.76256273649486,-0.24614568933469227,-0.30940577605090114,0.06326008671620886
2026-02-24 00:00:00+00:00,3.348,3.403,3.259,3.337,3898719.29,3.4445499999999996,4.605900000000001,37.4969866251476,-0.24061886987231196,-0.2956483948151833,0.05502952494287133
2026-02-25 00:00:00+00:00,3.338,4.294,3.33,4.055,13718509.33,3.4889,4.574033333333333,56.98832882541284,-0.17627029200438038,-0.2717727742530227,0.09550248224864233
2026-02-26 00:00:00+00:00,4.055,4.093,3.714,3.879,6385355.96,3.50525,4.5348500000000005,52.65378597102772,-0.13788584732717624,-0.24499538886785344,0.1071095415406772
2026-02-27 00:00:00+00:00,3.879,3.945,3.672,3.742,3948245.64,3.5153999999999996,4.4973,49.49779457084118,-0.11716999070170697,-0.21943030923462414,0.10226031853291717
2026-02-28 00:00:00+00:00,3.741,3.893,3.537,3.811,4860760.45,3.5325499999999996,4.4620500000000005,51.08793476317423,-0.09410007464811443,-0.19436426231732223,0.1002641876692078
2026-03-01 00:00:00+00:00,3.811,3.974,3.667,3.748,4373482.98,3.5453,4.430516666666666,49.55374974943858,-0.07997862959589064,-0.17148713577303593,0.09150850617714529
2026-03-02 00:00:00+00:00,3.749,4.048,3.715,3.929,4560961.55,3.5737499999999995,4.399183333333334,53.84244235496384,-0.05356463555673141,-0.14790263572977502,0.09433800017304361
2026-03-03 00:00:00+00:00,3.929,3.941,3.75,3.912,3225356.37,3.6009,4.36375,53.383395251944584,-0.03361561304107363,-0.12504523119203476,0.09142961815096112
2026-03-04 00:00:00+00:00,3.913,4.089,3.859,3.977,4832286.91,3.6374000000000004,4.331416666666667,54.96441546323843,-0.012417767901557575,-0.10251973853393934,0.09010197063238176
2026-03-05 00:00:00+00:00,3.976,4.095,3.927,3.97,3674506.12,3.6660000000000004,4.300083333333333,54.74906645908876,0.003773338893237277,-0.08126112304850402,0.0850344619417413
2026-03-06 00:00:00+00:00,3.97,4.021,3.809,3.848,3188168.79,3.67695,4.261516666666667,50.9987552790867,0.006683484229407455,-0.06367220159292174,0.07035568582232919
2026-03-07 00:00:00+00:00,3.849,3.868,3.736,3.771,1421054.1,3.69195,4.2232,48.72992551117487,0.002744897421798509,-0.05038878178997769,0.0531336792117762
2026-03-08 00:00:00+00:00,3.772,3.797,3.61,3.661,2091940.52,3.69495,4.188783333333333,45.60835340169761,-0.009147099620309351,-0.04214044535604402,0.03299334573573467
2026-03-09 00:00:00+00:00,3.66,3.992,3.659,3.861,3847675.82,3.7117999999999993,4.161666666666667,51.67031998329071,-0.002405534914036611,-0.03419346326764254,0.03178792835360593
2026-03-10 00:00:00+00:00,3.86,3.998,3.824,3.843,3621984.16,3.7338,4.1346,51.11813634207344,0.0014678338434594984,-0.027061203845422134,0.028529037688881632
2026-03-11 00:00:00+00:00,3.843,3.967,3.804,3.898,2322143.65,3.7591499999999995,4.1083,52.77869875518107,0.008873261401685983,-0.01987431079600051,0.028747572197686495
2026-03-12 00:00:00+00:00,3.899,3.95,3.842,3.918,2267387.28,3.7804499999999996,4.082666666666666,53.39865056243194,0.016169556367228832,-0.012665537363354644,0.028835093730583475
2026-03-13 00:00:00+00:00,3.917,4.209,3.906,4.004,4052958.54,3.8002000000000002,4.05995,56.069441207371945,0.028562157193598114,-0.0044199984519640925,0.03298215564556221
2026-03-14 00:00:00+00:00,4.004,4.021,3.905,3.948,1788492.47,3.82305,4.03025,53.90308803827942,0.03347872869923041,0.003159746978274808,0.030318981720955603
2026-03-15 00:00:00+00:00,3.946,4.114,3.916,4.069,1658425.57,3.85905,4.003383333333334,57.705578607058776,0.046601641090261214,0.01184812580067209,0.03475351528958912
2026-03-16 00:00:00+00:00,4.069,4.195,3.971,4.157,6593194.64,3.9000499999999994,3.9835,60.27226108577995,0.0633719953443137,0.022152899709400414,0.041219095634913286
2026-03-17 00:00:00+00:00,4.156,4.176,3.943,3.957,3737962.36,3.89515,3.9608666666666665,52.47763448768339,0.0598345578471271,0.029689231336945753,0.03014532651018135
2026-03-18 00:00:00+00:00,3.957,4.015,3.616,3.681,4707768.64,3.88525,3.9330166666666666,44.01766818706558,0.0343640919123267,0.030624203452021943,0.0037398884603047564
2026-03-19 00:00:00+00:00,3.681,3.721,3.501,3.579,2863578.22,3.8771,3.90775,41.36373547264231,0.005880232938766827,0.025675409349370924,-0.019795176410604097
2026-03-20 00:00:00+00:00,3.579,3.648,3.544,3.605,2553402.98,3.8668,3.884066666666667,42.31841567336075,-0.014429117914464218,0.017654503896603897,-0.032083621811068115
2026-03-21 00:00:00+00:00,3.605,3.629,3.458,3.486,1158564.87,3.8537,3.8621166666666666,39.174617335365625,-0.039669445586773655,0.006189713999928388,-0.045859159586702045
2026-03-22 00:00:00+00:00,3.485,3.537,3.41,3.471,1475782.67,3.8308,3.8376333333333332,38.7835051759157,-0.06018913882762256,-0.007086056565581802,-0.05310308226204075
2026-03-23 00:00:00+00:00,3.472,3.682,3.437,3.587,3640689.59,3.8145499999999997,3.816816666666667,43.482759180026214,-0.06632634420062233,-0.01893411409258991,-0.047392230108032424
2026-03-24 00:00:00+00:00,3.587,3.623,3.528,3.609,1978220.35,3.79615,3.79575,44.355196924059555,-0.06862385445923325,-0.028872062165918578,-0.03975179229331467
2026-03-25 00:00:00+00:00,3.609,3.764,3.583,3.708,3271411.85,3.7830500000000002,3.7766333333333333,48.22816776316786,-0.061744423984250396,-0.03544653452958495,-0.02629788945466545
2026-03-26 00:00:00+00:00,3.708,3.719,3.483,3.528,2554541.5,3.76705,3.75815,42.44380031112474,-0.07000989100260613,-0.042359205824189186,-0.027650685178416942
2026-03-27 00:00:00+00:00,3.527,3.557,3.365,3.388,2622014.94,3.7479,3.7361,38.56912665734006,-0.08685594190299772,-0.05125855303995089,-0.035597388863046836
2026-03-28 00:00:00+00:00,3.389,3.451,3.355,3.384,1212374.99,3.73405,3.7125,38.461092987765,-0.09938369184600493,-0.0608835808011617,-0.03850011104484323
2026-03-29 00:00:00+00:00,3.383,3.428,3.259,3.355,1409374.94,3.7087500000000007,3.688083333333333,37.63796355641485,-0.11037969317632701,-0.07078280327619477,-0.03959688990013224
2026-03-30 00:00:00+00:00,3.356,3.577,3.353,3.48,2069714.93,3.6906,3.672816666666667,43.27342838742532,-0.10776539572086641,-0.0781793217651291,-0.029586073955737313
2026-03-31 00:00:00+00:00,3.481,3.591,3.45,3.545,2443917.2,3.67295,3.6606333333333336,46.005828914529914,-0.0993038761107945,-0.08240423263426218,-0.01689964347653232
2026-04-01 00:00:00+00:00,3.544,3.672,3.535,3.567,2593828.74,3.6554,3.6540833333333333,46.93745134610681,-0.08978782654608519,-0.08388095141662678,-0.005906875129458408
2026-04-02 00:00:00+00:00,3.567,3.597,3.088,3.174,16500703.13,3.6138999999999997,3.643033333333334,35.24015644050682,-0.11265943641366549,-0.08963664841603453,-0.023022787997630967
2026-04-03 00:00:00+00:00,3.175,3.256,3.146,3.171,3057328.37,3.57505,3.6304666666666665,35.16810738042696,-0.12953423689209842,-0.09761616611124731,-0.03191807078085111
2026-04-04 00:00:00+00:00,3.172,3.181,3.098,3.125,2401634.49,3.52785,3.618216666666667,34.019581671185406,-0.14494857644765524,-0.1070826481785289,-0.03786592826912634
2026-04-05 00:00:00+00:00,3.126,3.161,3.057,3.148,2233472.91,3.4774000000000003,3.6073333333333335,35.15980706910108,-0.15353874474391604,-0.11637386749160634,-0.0371648772523097
2026-04-06 00:00:00+00:00,3.148,3.211,3.072,3.096,2680181.44,3.43435,3.606133333333333,33.74015189340321,-0.1626673524433353,-0.12563256448195215,-0.03703478796138315
2026-04-07 00:00:00+00:00,3.095,3.323,3.014,3.286,4689914.24,3.4146,3.6017,42.82427493952822,-0.1528089413537823,-0.1310678398563182,-0.02174110149746411
2026-04-08 00:00:00+00:00,3.286,3.3,3.111,3.121,2903915.59,3.3917,3.5947333333333336,37.95746090034171,-0.15650609572688134,-0.13615549103043084,-0.020350604696450503
2026-04-09 00:00:00+00:00,3.12,3.219,3.048,3.107,3187059.2,3.3668,3.588716666666667,37.567344679980756,-0.15873599051233667,-0.14067159092681203,-0.018064399585524638
2026-04-10 00:00:00+00:00,3.107,3.198,3.089,3.166,2731090.73,3.3508000000000004,3.583266666666667,40.34973400560966,-0.15396754921305122,-0.14333078258405987,-0.010636766628991351
2026-04-11 00:00:00+00:00,3.165,3.221,3.115,3.15,1880447.92,3.3347499999999997,3.5797666666666665,39.83131208178934,-0.1497533282610406,-0.14461529171945603,-0.0051380365415845675
2026-04-12 00:00:00+00:00,3.15,3.158,3.005,3.018,2569774.21,3.3063000000000002,3.573916666666667,35.75035798209913,-0.15527491209338518,-0.14674721579424188,-0.008527696299143295
2026-04-13 00:00:00+00:00,3.019,3.258,3.0,3.234,3664725.93,3.2875500000000004,3.5737,45.57659643945144,-0.14060065541395828,-0.14551790371818518,0.004917248304226907
2026-04-14 00:00:00+00:00,3.235,3.249,3.093,3.132,3192980.74,3.25875,3.5692666666666666,42.28761879390928,-0.135638196130488,-0.14354196220064575,0.007903766070157747
2026-04-15 00:00:00+00:00,3.132,3.264,3.119,3.224,2017936.52,3.24355,3.5625166666666668,46.06801871878319,-0.12286546368753548,-0.1394066624980237,0.01654119881048821
2026-04-16 00:00:00+00:00,3.225,3.47,3.197,3.429,5136540.28,3.2455999999999996,3.5618166666666666,53.393934336936525,-0.09510488455203081,-0.13054630690882513,0.035441422356794317
2026-04-17 00:00:00+00:00,3.428,3.582,3.326,3.453,4216704.32,3.2490499999999995,3.5593500000000002,54.17867337844129,-0.07035679680139895,-0.11850840488733991,0.04815160808594096
2026-04-18 00:00:00+00:00,3.452,3.479,3.327,3.35,2608264.7,3.2488,3.55645,50.26688412736444,-0.05838200671983351,-0.10648312525383864,0.04810111853400513
2026-04-19 00:00:00+00:00,3.35,3.362,3.206,3.231,3258149.99,3.2363500000000003,3.5535833333333335,46.12342506509147,-0.05782760415769728,-0.09675202103461038,0.0389244168769131
2026-04-20 00:00:00+00:00,3.232,3.336,3.197,3.233,2609008.94,3.2207500000000002,3.55095,46.203685466689585,-0.0565746949804371,-0.08871655582377573,0.03214186084333863
2026-04-21 00:00:00+00:00,3.233,3.297,3.185,3.271,2327147.18,3.20595,3.547266666666667,47.79498472800573,-0.051917006081097394,-0.08135664587524008,0.029439639794142686
2026-04-22 00:00:00+00:00,3.273,3.439,3.258,3.315,3273370.62,3.213,3.5423666666666667,49.652081853426616,-0.044166201318581955,-0.07391855696390845,0.029752355645326495
2026-04-23 00:00:00+00:00,3.317,3.329,3.208,3.294,3438069.63,3.21915,3.5390833333333336,48.76053906686108,-0.039265528626371005,-0.06698795129640096,0.02772242267002996
2026-04-24 00:00:00+00:00,3.294,3.313,3.222,3.253,2347451.8,3.2255499999999997,3.5374833333333333,46.98664213410409,-0.038249155108241784,-0.061240192058769134,0.02299103695052735
2026-04-25 00:00:00+00:00,3.252,3.281,3.225,3.258,1050595.09,3.2310499999999998,3.536166666666667,47.23872654229748,-0.036618102863459345,-0.05631577421970718,0.019697671356247837
2026-04-26 00:00:00+00:00,3.258,3.309,3.231,3.283,1413309.94,3.2403999999999997,3.5233,48.55592354596354,-0.03292861061625452,-0.05163834149901665,0.018709730882762135
2026-04-27 00:00:00+00:00,3.284,3.362,3.175,3.253,2497730.73,3.2387500000000005,3.512866666666667,47.03833738644182,-0.03205589035857237,-0.047721851270927804,0.015665960912355434
2026-04-28 00:00:00+00:00,3.252,3.279,3.19,3.242,1818898.53,3.2448,3.5045333333333333,46.464891842199414,-0.03188431875658715,-0.044554344768059674,0.012670026011472525
2026-04-29 00:00:00+00:00,3.242,3.328,3.105,3.191,3112093.7,3.249,3.4942,43.798860759825374,-0.035454918569771454,-0.04273445952840203,0.007279540958630579
2026-04-30 00:00:00+00:00,3.192,3.227,3.145,3.187,1313388.62,3.2500499999999994,3.48485,43.58761989761843,-0.038167440718906764,-0.04182105576650298,0.0036536150475962176
2026-05-01 00:00:00+00:00,3.188,3.278,3.188,3.204,1876338.2,3.25275,3.4727666666666663,44.80599396671737,-0.038501554189381615,-0.04115715545107871,0.002655601261697095
2026-05-02 00:00:00+00:00,3.203,3.28,3.193,3.255,1188106.63,3.2646,3.4618166666666665,48.4060630170335,-0.03425618378374917,-0.0397769611176128,0.005520777333863629
2026-05-03 00:00:00+00:00,3.256,3.276,3.208,3.234,1415162.46,3.2646,3.4494333333333334,47.045341228652994,-0.03221486869348178,-0.0382645426327866,0.00604967393930482
2026-05-04 00:00:00+00:00,3.235,3.453,3.21,3.274,7078217.24,3.2717,3.4378333333333333,49.93237552603961,-0.027057543552178487,-0.03602314281666498,0.008965599264486493
2026-05-05 00:00:00+00:00,3.274,3.399,3.27,3.358,2849812.24,3.2784,3.429666666666667,55.42796418115669,-0.01600770142093344,-0.032020054537518675,0.016012353116585235
2026-05-06 00:00:00+00:00,3.357,3.554,3.339,3.475,4787380.74,3.2807000000000004,3.4247333333333336,61.72907914380766,0.0021653395812775145,-0.025182975713759437,0.02734831529503695
2026-05-07 00:00:00+00:00,3.474,3.509,3.378,3.434,4447755.19,3.27975,3.42095,58.60260711111807,0.013108145613422995,-0.017524751448322953,0.030632897061745948
2026-05-08 00:00:00+00:00,3.434,3.735,3.386,3.712,5708033.24,3.2978500000000004,3.4184666666666668,69.77932957814183,0.04370882674272858,-0.005278035810112646,0.04898686255284122
2026-05-09 00:00:00+00:00,3.711,3.826,3.618,3.81,4519559.24,3.3268,3.4179166666666663,72.58886468064804,0.07500327689540143,0.01077822673099017,0.06422505016441125
2026-05-10 00:00:00+00:00,3.81,4.17,3.688,3.994,14022711.55,3.3648499999999997,3.4195166666666665,76.92622458011431,0.11334504522703481,0.0312915904301991,0.0820534547968357
2026-05-11 00:00:00+00:00,3.994,4.008,3.814,3.897,4317996.22,3.39615,3.419166666666667,70.58531730641573,0.13435531904552844,0.051904336153264966,0.08245098289226348
2026-05-12 00:00:00+00:00,3.896,3.904,3.688,3.765,3265447.81,3.4186500000000004,3.4151833333333332,62.97766870673693,0.13875533050964073,0.06927453502454012,0.06948079548510061
2026-05-13 00:00:00+00:00,3.765,3.847,3.578,3.624,3150944.6,3.43515,3.409783333333333,56.030747771233465,0.12937351236318007,0.08129433049226811,0.04807918187091195
2026-05-14 00:00:00+00:00,3.623,3.817,3.561,3.734,5609627.91,3.4592,3.4042000000000003,59.76000193387738,0.12932367179415039,0.09090019875264457,0.03842347304150581
2026-05-15 00:00:00+00:00,3.733,3.76,3.523,3.602,3586800.89,3.4764000000000004,3.39495,53.856901200174576,0.11728093434782627,0.09617634587168092,0.021104588476145353
2026-05-16 00:00:00+00:00,3.601,3.622,3.458,3.486,2332987.35,3.4865500000000003,3.3870999999999998,49.252563466360385,0.09725564507395035,0.0963922057121348,0.0008634393618155434
2026-05-17 00:00:00+00:00,3.485,3.61,3.381,3.47,2863701.14,3.4974000000000003,3.383583333333333,48.63494409576976,0.07918163615482898,0.09295009180067365,-0.013768455645844668
2026-05-18 00:00:00+00:00,3.471,3.552,3.32,3.545,6151217.9,3.51255,3.383016666666667,51.69288530655598,0.07010163901130317,0.08838040124279956,-0.01827876223149638
2026-05-19 00:00:00+00:00,3.546,3.588,3.435,3.451,1730146.31,3.52555,3.38045,47.84805703136022,0.05469022655969358,0.08164236630617837,-0.02695213974648479
2026-05-20 00:00:00+00:00,3.451,3.666,3.426,3.615,4008277.7,3.5469500000000003,3.3826000000000005,54.24258295827632,0.055075128752196445,0.07632891879538199,-0.021253790043185547
2026-05-21 00:00:00+00:00,3.616,3.691,3.528,3.608,3006528.78,3.5671500000000003,3.3848833333333337,53.93858109007649,0.05419064894572845,0.07190126482545128,-0.017710615879722835
2026-05-22 00:00:00+00:00,3.608,3.684,3.376,3.404,4489627.63,3.5745999999999993,3.3818333333333332,45.87024846701836,0.0366066189099401,0.06484233564234905,-0.028235716732408947
2026-05-23 00:00:00+00:00,3.404,3.57,3.261,3.464,6366546.34,3.5861000000000005,3.3794166666666667,48.31887204127365,0.027199112541046677,0.05731369102208858,-0.030114578481041904
2026-05-24 00:00:00+00:00,3.465,3.475,3.326,3.386,1468516.07,3.5917000000000003,3.37405,45.441059647234,0.01329637549942353,0.048510227917555576,-0.03521385241813205
2026-05-25 00:00:00+00:00,3.386,3.441,3.308,3.329,6580858.53,3.5902499999999997,3.3707333333333334,43.40652251076741,-0.002294616490445822,0.0383492590359553,-0.04064387552640112
2026-05-26 00:00:00+00:00,3.329,3.388,3.225,3.251,3088114.69,3.57905,3.3684500000000006,40.71977432639892,-0.0207058539014211,0.026538236448480017,-0.04724409034990112
2026-05-27 00:00:00+00:00,3.252,3.321,3.06,3.093,7979451.5,3.5620000000000003,3.3636,35.87561427649793,-0.04749863701370716,0.011730861756042583,-0.05922949876974974
2026-05-28 00:00:00+00:00,3.093,3.117,2.972,3.052,6432423.15,3.529,3.35855,34.72130904291504,-0.07121949401605443,-0.004859209398376819,-0.06636028461767761
2026-05-29 00:00:00+00:00,3.051,3.083,2.947,3.02,7149948.28,3.4895000000000005,3.3508833333333334,33.80702922570073,-0.09154529942796685,-0.022196427404294828,-0.06934887202367203
2026-05-30 00:00:00+00:00,3.021,3.086,2.994,3.056,1929790.55,3.4426,3.3427333333333333,35.85344368016973,-0.1035550296005141,-0.038468147843538684,-0.06508688175697541
2026-05-31 00:00:00+00:00,3.056,3.072,2.958,3.024,1985837.28,3.39895,3.333683333333333,34.822871388678735,-0.11433695461204829,-0.053641909197240614,-0.06069504541480768
2026-06-01 00:00:00+00:00,3.025,3.045,2.906,2.984,3101996.61,3.3598999999999997,3.3305166666666666,33.525634504097766,-0.12467222971097636,-0.06784797329998776,-0.056824256410988594
2026-06-02 00:00:00+00:00,2.984,2.986,2.733,2.8,3671040.12,3.3186999999999998,3.3243333333333336,28.30259326439311,-0.14602696399405657,-0.08348377143880154,-0.06254319255525503
2026-06-03 00:00:00+00:00,2.801,2.938,2.752,2.8,3647145.39,3.272,3.3189166666666665,28.30259326439311,-0.16109375622160904,-0.09900576839536304,-0.062087987826246
2026-06-04 00:00:00+00:00,2.8,2.826,2.57,2.655,5470173.75,3.2246499999999996,3.3106999999999998,24.77499179960995,-0.18262934835178157,-0.11573048438664675,-0.06689886396513482
2026-06-05 00:00:00+00:00,2.654,2.666,2.344,2.462,7287185.85,3.17345,3.3001333333333336,21.01962591322075,-0.21281672852953193,-0.1351477332152238,-0.07766899531430813
2026-06-06 00:00:00+00:00,2.461,2.487,2.316,2.466,2455834.03,3.1232499999999996,3.2864666666666666,21.28593039141569,-0.23372345968270336,-0.15486287850871971,-0.07886058117398365
2026-06-07 00:00:00+00:00,2.467,2.63,2.463,2.573,4012429.04,3.07465,3.277333333333333,28.25477462167042,-0.23890424950718003,-0.17167115270841177,-0.06723309679876827
2026-06-08 00:00:00+00:00,2.572,2.609,2.497,2.515,4785656.09,3.02785,3.2674666666666665,26.86627810094265,-0.24486749795077634,-0.18631042175688467,-0.058557076193891666
2026-06-09 00:00:00+00:00,2.515,2.546,2.437,2.478,2749756.68,2.971,3.256,25.988875630093247,-0.24970061285159062,-0.19898845997582587,-0.05071215287576475
2026-06-10 00:00:00+00:00,2.478,2.518,2.366,2.396,3781759.35,2.9104,3.243433333333334,24.10964944768203,-0.2571829608467979,-0.2106273601500203,-0.04655560069677764
2026-06-11 00:00:00+00:00,2.395,2.568,2.394,2.498,5326901.44,2.8651,3.234766666666667,30.811524518567424,-0.25197758721515884,-0.21889740556304801,-0.033080181652110824
2026-06-12 00:00:00+00:00,2.499,2.563,2.477,2.499,2741245.46,2.81685,3.2225166666666665,30.875974574988476,-0.24494799149561075,-0.22410752274956058,-0.020840468746050167
2026-06-13 00:00:00+00:00,2.501,2.585,2.483,2.557,2116465.56,2.7754,3.2129333333333334,34.676731738825296,-0.23202226275242532,-0.22569047075013354,-0.006331792002291781
2026-06-14 00:00:00+00:00,2.558,2.6,2.466,2.592,1819982.86,2.73855,3.2024,36.93037957726944,-0.21645911615588487,-0.2238441998312838,0.007385083675398946
2026-06-15 00:00:00+00:00,2.591,2.85,2.562,2.846,5104185.58,2.7183,3.1926833333333335,50.324416222661284,-0.18153688886622055,-0.21538273763827118,0.03384584877205063
2026-06-16 00:00:00+00:00,2.846,3.328,2.778,3.293,18592723.43,2.7283,3.1900166666666667,64.58031141760472,-0.11644925336729539,-0.19559604078407605,0.07914678741678066
2026-06-17 00:00:00+00:00,3.293,3.62,3.293,3.504,7150093.23,2.7509,3.1925833333333333,69.08966999925585,-0.047295701299849835,-0.16593597288723083,0.118640271587381
