date,open,high,low,close,volume,MA20,MA60,RSI,MACD,SIGNAL,HIST
2021-06-19 00:00:00+00:00,337.21,345.0,331.11,334.01,1067456.2119,,,,0.0,0.0,0.0
2021-06-20 00:00:00+00:00,334.03,340.57,310.13,339.08,1618406.0051,,,100.0,0.4044444444444366,0.08088888888888733,0.32355555555554927
2021-06-21 00:00:00+00:00,339.09,342.0,268.57,270.76,3729539.0167,,,49.102287119123865,-4.733320671098454,-0.881953023108581,-3.851367647989873
2021-06-22 00:00:00+00:00,270.76,291.5,225.42,262.1,5570573.4851,,,45.91234735268427,-9.395520454830319,-2.5846665094529286,-6.81085394537739
2021-06-23 00:00:00+00:00,262.1,309.75,251.41,296.25,3319089.777,,,57.60795157003578,-10.216953100719081,-4.111123827706159,-6.105829273012922
2021-06-24 00:00:00+00:00,296.17,316.49,281.5,308.62,2635799.196,,,60.90558882329302,-9.75731254578045,-5.240361571321017,-4.516950974459434
2021-06-25 00:00:00+00:00,308.6,314.84,275.24,280.81,2711888.8709,,,51.25281417950454,-11.504462395378084,-6.493181736132431,-5.011280659245653
2021-06-26 00:00:00+00:00,280.89,290.33,264.26,279.65,2263064.3633,,,50.89050986431174,-12.834742620614065,-7.761493913028758,-5.073248707585307
2021-06-27 00:00:00+00:00,279.58,291.7,269.72,290.87,1539903.0268,,,54.25860786379222,-12.835677354111056,-8.776330601245219,-4.059346752865837
2021-06-28 00:00:00+00:00,290.89,299.96,283.55,290.0,1884580.1557,,,53.9496360286882,-12.759535879168652,-9.572971656829907,-3.1865642223387454
2021-06-29 00:00:00+00:00,290.0,315.6,289.19,300.79,2126079.3416,,,57.20451659603617,-11.693732320405559,-9.997123789545038,-1.6966085308605212
2021-06-30 00:00:00+00:00,300.79,304.88,281.53,303.71,2061866.47,,,58.06827212270971,-10.492504662452689,-10.09619996412657,-0.39630469832611936
2021-07-01 00:00:00+00:00,303.75,304.0,281.0,287.43,1388151.0265,,,51.79187043020753,-10.730488637988685,-10.223057698898993,-0.5074309390896925
2021-07-02 00:00:00+00:00,287.49,290.74,276.4,287.17,1003331.2269,,,51.6957688658632,-10.815399289613936,-10.341526017041982,-0.47387327257195366
2021-07-03 00:00:00+00:00,287.17,303.21,282.77,298.13,1016731.5662,,,55.44854488279523,-9.88437032106259,-10.250094877846104,0.3657245567835137
2021-07-04 00:00:00+00:00,298.18,314.91,292.58,307.62,1309414.0255,,,58.45804744721761,-8.285252236629958,-9.857126349602876,1.5718741129729175
2021-07-05 00:00:00+00:00,307.63,307.68,291.0,302.02,1403218.2408,,,56.05186056222828,-7.3846867603749615,-9.362638431757293,1.977951671382332
2021-07-06 00:00:00+00:00,302.04,322.5,301.8,319.92,2066912.3595,,,61.506016967821814,-5.167039315897398,-8.523518608585315,3.356479292687917
2021-07-07 00:00:00+00:00,319.91,340.0,318.23,327.51,1779058.2937,,,63.57051086459854,-2.7652125224645374,-7.37185739136116,4.606644868896622
2021-07-08 00:00:00+00:00,327.51,328.21,304.4,310.14,1644090.8501,299.8295,,56.14880110685279,-2.2375680259293063,-6.34499951827479,4.1074314923454835
2021-07-09 00:00:00+00:00,310.08,319.69,301.43,317.09,1106411.786,298.9835,,58.24911230579644,-1.244256035470869,-5.324850821714006,4.080594786243137
2021-07-10 00:00:00+00:00,317.09,321.44,310.57,316.12,818970.9225,297.8355,,57.83277262642527,-0.5292195069296781,-4.36572455875714,3.836505051827462
2021-07-11 00:00:00+00:00,316.12,326.82,312.21,322.16,799617.835,300.40549999999996,,59.761412354994114,0.5188486508382653,-3.388809916838059,3.9076585676763242
2021-07-12 00:00:00+00:00,322.17,334.37,308.57,316.12,1322836.6575,303.1065,,56.95597831463242,0.8522485049203965,-2.540598232486368,3.3928467374067646
2021-07-13 00:00:00+00:00,316.11,318.33,305.2,308.94,930032.3155,303.741,,53.72714825219933,0.5309834503702859,-1.9262818959150372,2.457265346285323
2021-07-14 00:00:00+00:00,308.98,313.46,290.24,309.4,1430288.4026,303.78000000000003,,53.907431284749954,0.3099241232969234,-1.4790406920726453,1.7889648153695688
2021-07-15 00:00:00+00:00,309.33,324.33,301.32,316.11,2185210.8398,305.54499999999996,,56.56576868301531,0.6684682502531132,-1.0495389036074936,1.7180071538606068
2021-07-16 00:00:00+00:00,316.12,323.5,301.5,302.88,1456105.4019,306.7065,,50.394374893360926,-0.11362359615156947,-0.8623558421163089,0.7487322459647394
2021-07-17 00:00:00+00:00,302.94,306.71,295.0,300.52,1030879.9611,307.189,,49.35985164735535,-0.91334087072903,-0.8725528478388532,-0.0407880228901768
2021-07-18 00:00:00+00:00,300.56,309.18,298.7,302.1,815497.3527,307.794,,50.09843937427203,-1.4034516599765539,-0.9787326102663935,-0.4247190497101604
2021-07-19 00:00:00+00:00,302.04,303.94,278.85,280.54,1318041.7074,306.7815,,41.25602518580694,-3.4913338833473517,-1.4812528648825851,-2.0100810184647666
2021-07-20 00:00:00+00:00,280.54,283.6,254.52,264.44,1796600.5803,304.81800000000004,,36.12797693947161,-6.371682247716649,-2.4593387414493977,-3.912343506267251
2021-07-21 00:00:00+00:00,264.43,298.92,261.02,293.26,1740736.0226,305.1095,,48.47438638128882,-6.256722336635903,-3.2188154604866988,-3.0379068761492043
2021-07-22 00:00:00+00:00,293.27,298.44,287.3,293.36,1173507.9432,305.419,,48.511576734472335,-6.087375143206486,-3.792527397030657,-2.2948477461758294
2021-07-23 00:00:00+00:00,293.39,301.5,281.01,299.27,1640999.5389,305.476,,50.77300402419955,-5.413870930198129,-4.116796103664152,-1.2970748265339775
2021-07-24 00:00:00+00:00,299.29,307.79,295.43,301.56,1438901.3811,305.173,,51.65897916878897,-4.6418220917420285,-4.2218013012797275,-0.420020790462301
2021-07-25 00:00:00+00:00,301.53,304.44,292.34,302.56,1083557.277,305.2,,52.06469587601287,-3.904270185923224,-4.158295078208427,0.2540248922852033
2021-07-26 00:00:00+00:00,302.56,328.0,301.0,304.0,2575554.2802,304.404,,52.680572516030885,-3.1670512262541024,-3.9600463078175623,0.7929950815634599
2021-07-27 00:00:00+00:00,304.0,318.41,297.61,313.48,1678708.0635,303.7025,,56.63103407721563,-1.7971269561286363,-3.527462437479777,1.730335481351141
2021-07-28 00:00:00+00:00,313.47,318.68,308.0,313.8,1308249.13,303.8855,,56.762253382878505,-0.677817320490476,-2.9575334140819174,2.2797160935914413
2021-07-29 00:00:00+00:00,313.84,320.31,308.6,317.03,998946.1839,303.8825,,58.13903522330757,0.46452290481562386,-2.2731221503024095,2.7376450551180334
2021-07-30 00:00:00+00:00,317.1,325.66,306.16,322.58,1297421.6445,304.2055,,60.468319513645675,1.7969601422513506,-1.4591056917916576,3.2560658340430084
2021-07-31 00:00:00+00:00,322.58,338.44,317.21,332.38,1393753.965,304.7165,,64.25096281518526,3.6021806542906916,-0.44684842257518764,4.049029076865879
2021-08-01 00:00:00+00:00,332.38,347.8,328.99,332.59,1514514.2178,305.54,,64.32972802539456,4.992228854272582,0.6409670327943664,4.351261821478216
2021-08-02 00:00:00+00:00,332.63,338.29,326.17,330.55,1018741.3098,306.62050000000005,,62.880353520781945,5.861671417172715,1.6851079096700363,4.176563507502679
2021-08-03 00:00:00+00:00,330.53,334.73,317.02,323.43,1060806.3447,307.322,,57.971105286209884,5.908081728081072,2.5297026733522436,3.3783790547288284
2021-08-04 00:00:00+00:00,323.44,337.39,319.78,334.77,969671.4228,308.255,,62.93458881019,6.781729900695041,3.3801081188208033,3.4016217818742374
2021-08-05 00:00:00+00:00,334.78,340.17,323.37,337.91,1263649.4926,310.0065,,64.19548038760925,7.63941174646726,4.231968844350095,3.4074429021171655
2021-08-06 00:00:00+00:00,337.92,347.14,331.12,342.39,1267498.9178,312.1,,65.97397746527857,8.58170479661402,5.10191603480288,3.4797887618111396
2021-08-07 00:00:00+00:00,342.39,359.74,340.34,356.18,1545801.188,314.804,,70.7845695247535,10.322228356739004,6.145978499190106,4.176249857548898
2021-08-08 00:00:00+00:00,356.18,359.87,337.0,341.79,1275768.154,317.8665,,61.08016758674818,10.420333956760146,7.000849590704114,3.4194843660560323
2021-08-09 00:00:00+00:00,341.79,357.7,333.15,354.32,1284975.5132,322.3605,,65.51371677985827,11.377991233622822,7.8762779192878565,3.5017133143349657
2021-08-10 00:00:00+00:00,354.32,376.6,348.0,371.92,1660844.1918,326.29350000000005,,70.58278767634462,13.402617405140575,8.9815458164584,4.4210715886821745
2021-08-11 00:00:00+00:00,371.95,408.72,371.09,390.96,1911892.6875,331.1735,,74.88383534540557,16.354986999291043,10.456234053024929,5.898752946266114
2021-08-12 00:00:00+00:00,390.92,406.18,371.59,385.66,1835305.9382,335.49300000000005,,71.739528870769,18.058923439160594,11.976771930252061,6.082151508908533
2021-08-13 00:00:00+00:00,385.69,411.46,382.91,410.76,1261827.2925,340.953,,76.72408119347716,21.190395881347172,13.819496720471083,7.370899160876089
2021-08-14 00:00:00+00:00,410.74,418.8,400.0,408.67,1439286.5064,346.2585,,75.52948660747587,23.235619066748598,15.702721189726585,7.5328978770220125
2021-08-15 00:00:00+00:00,408.66,415.16,395.88,414.05,1238115.4178,351.761,,76.54199938413065,25.002382313809562,17.56265341454318,7.439728899266381
2021-08-16 00:00:00+00:00,414.05,437.0,410.79,415.72,1850324.1906,356.873,,76.8620372950056,26.234890472460677,19.29710082612668,6.9377896463339965
2021-08-17 00:00:00+00:00,415.72,435.77,398.77,401.8,1984029.275,361.273,321.66266666666667,68.4760090367382,25.791130306475566,20.59590672219646,5.1952235842791055
2021-08-18 00:00:00+00:00,401.86,412.36,385.47,396.15,1750539.5385,365.229,322.6983333333334,65.35896120390062,24.698826697154118,21.416490717187994,3.282335979966124
2021-08-19 00:00:00+00:00,396.23,431.7,390.89,431.27,1852873.4714,370.6635,324.2348333333333,73.44937190199478,26.3631606021342,22.405824694177237,3.9573359079569634
2021-08-20 00:00:00+00:00,431.21,458.0,421.84,454.93,1691101.5102,376.791,327.3043333333334,77.2963541458681,29.254098441054282,23.775479443552648,5.478618997501634
2021-08-21 00:00:00+00:00,454.92,460.0,443.47,448.74,1426818.8978,382.5985,330.41499999999996,74.26464131194317,30.69190901637853,25.158765358117826,5.533143658260705
2021-08-22 00:00:00+00:00,448.74,458.34,437.77,448.68,1135535.8076,388.505,332.9555,74.2342479564213,31.46384711366818,26.419781709227898,5.044065404440282
2021-08-23 00:00:00+00:00,448.69,509.71,445.89,499.06,2660809.0219,397.28650000000005,336.1295,81.19389266138994,35.72899693788463,28.281624754959246,7.447372182925385
2021-08-24 00:00:00+00:00,499.06,504.2,461.12,471.62,2080297.6979,404.129,339.30966666666666,70.08921251586105,36.47452461283626,29.92020472653465,6.554319886301613
2021-08-25 00:00:00+00:00,471.62,507.0,470.0,503.19,2242911.0333,412.39300000000003,343.03533333333337,74.42333997975969,39.16136795232438,31.768437371692595,7.392930580631788
2021-08-26 00:00:00+00:00,503.17,518.94,471.2,478.1,2229652.231,419.1785,346.1558333333333,66.21187774957289,38.818679765856984,33.178485850525476,5.640193915331508
2021-08-27 00:00:00+00:00,478.2,495.0,467.1,494.5,1549790.9246,426.09450000000004,349.56416666666667,68.64698723590102,39.41607586174882,34.42600385277015,4.990072008978672
2021-08-28 00:00:00+00:00,494.6,497.0,482.3,486.2,891854.5838,433.31500000000005,352.65433333333334,66.05243628177232,38.77282692420823,35.29536846705777,3.477458457150462
2021-08-29 00:00:00+00:00,486.1,495.5,475.0,479.7,910773.939,439.584,355.5875,64.01200441957903,37.30848286289631,35.69799134622548,1.6104915166708338
2021-08-30 00:00:00+00:00,479.7,480.9,457.0,460.3,1125497.9612,444.00300000000004,358.46866666666665,58.23030660304338,34.18845850872998,35.396084778726376,-1.2076262699963962
2021-08-31 00:00:00+00:00,460.2,477.8,448.2,463.9,1477345.5552,447.65,361.41416666666663,58.97088588266625,31.641562407787944,34.64518030453869,-3.0036178967507468
2021-09-01 00:00:00+00:00,463.9,490.0,455.1,489.4,1320635.94,452.837,364.602,63.85891534454495,31.31973141807231,33.980090527245416,-2.6603591091731076
2021-09-02 00:00:00+00:00,489.5,504.7,478.0,483.7,1245680.6988,456.48400000000004,367.5366666666667,62.07857603932851,30.255963760396867,33.2352651738757,-2.9793014134788365
2021-09-03 00:00:00+00:00,483.6,495.0,473.0,488.5,1094104.742,460.4755,370.6446666666667,63.013708422090076,29.460636236458583,32.48033938639228,-3.0197031499336973
2021-09-04 00:00:00+00:00,488.4,509.9,485.2,497.7,1248261.6277,464.658,373.6076666666667,64.80513509200779,29.235685769139877,31.8314086629418,-2.5957228938019234
2021-09-05 00:00:00+00:00,497.8,505.2,488.4,504.8,878406.045,469.11199999999997,376.5625,66.16706008156795,29.29265408370054,31.32365774709355,-2.031003663393008
2021-09-06 00:00:00+00:00,504.9,509.0,486.9,496.1,1121398.978,473.82699999999994,379.66183333333333,62.95242318431478,28.30945086480989,30.72081637063682,-2.4113655058269288
2021-09-07 00:00:00+00:00,496.1,504.8,369.0,418.7,3358688.1229,474.9545,381.3553333333333,42.9570055980111,21.042161153544384,28.785085327218333,-7.7429241736739485
2021-09-08 00:00:00+00:00,418.7,425.5,382.3,415.0,2058507.11,474.14099999999996,383.00333333333333,42.265885620563004,14.81346224980598,25.990760711735863,-11.177298461929883
2021-09-09 00:00:00+00:00,415.2,436.1,403.4,421.3,1543293.221,472.45949999999993,384.65566666666666,43.92031606201357,10.26717721411569,22.846044012211827,-12.578866798096136
2021-09-10 00:00:00+00:00,421.3,439.4,393.2,401.4,1528906.751,470.09250000000003,386.077,40.019259371968325,5.000803727872665,19.276995955343995,-14.27619222747133
2021-09-11 00:00:00+00:00,401.4,415.3,399.3,405.1,922767.055,467.91349999999994,387.67966666666666,41.06736723483348,1.1128951135469833,15.644175786984594,-14.53128067343761
2021-09-12 00:00:00+00:00,405.0,421.5,397.4,416.3,981402.883,463.7755,389.46133333333336,44.24344459852048,-1.0524224060932852,12.30485614836902,-13.357278554462304
2021-09-13 00:00:00+00:00,416.4,419.7,383.0,399.1,1531654.719,460.1495,390.84450000000004,40.622690577261906,-4.1089826006137855,9.02208839857246,-13.131070999186246
2021-09-14 00:00:00+00:00,399.1,414.7,395.7,414.3,930635.792,455.70500000000004,392.7015,44.913095506570826,-5.244361868678425,6.168798345122283,-11.413160213800708
2021-09-15 00:00:00+00:00,414.3,438.0,409.6,431.3,1182055.631,453.36499999999995,394.8811666666667,49.32346240522921,-4.718013866521915,3.991435902793444,-8.70944976931536
2021-09-16 00:00:00+00:00,431.2,435.0,415.6,424.3,1037049.02,449.855,396.9178333333333,47.63238878297214,-4.810270971766613,2.231094527881433,-7.041365499648046
2021-09-17 00:00:00+00:00,424.2,426.0,400.4,406.6,844137.727,445.875,399.01883333333336,43.565077936832274,-6.239700088733002,0.536935604558546,-6.776635693291548
2021-09-18 00:00:00+00:00,406.8,420.0,401.5,410.7,733479.739,442.425,401.45650000000006,44.74212666667013,-6.961449965686938,-0.9627415094905509,-5.998708456196388
2021-09-19 00:00:00+00:00,410.8,419.0,402.8,408.6,743095.721,439.84,403.3788333333333,44.23324658622894,-7.615112120386584,-2.293215631669758,-5.321896488716826
2021-09-20 00:00:00+00:00,408.5,410.1,353.7,364.1,1865673.9401,434.85,404.5578333333333,35.11824027395845,-11.590316234520117,-4.15263575223983,-7.437680482280287
2021-09-21 00:00:00+00:00,364.1,376.0,336.8,344.4,1577059.1261,427.6,405.31,31.976765425952877,-16.144218987935062,-6.550952399378877,-9.593266588556185
2021-09-22 00:00:00+00:00,344.4,379.9,342.3,379.0,1085212.972,422.36500000000007,406.60066666666665,41.82060636562002,-16.76799785185915,-8.594361489874933,-8.173636361984217
2021-09-23 00:00:00+00:00,378.9,384.6,369.0,383.5,992215.176,417.11500000000007,407.94966666666664,42.97640714743521,-16.706650832405273,-10.216819358381002,-6.489831474024271
2021-09-24 00:00:00+00:00,383.5,385.3,333.6,355.0,1718950.219,409.98,408.79966666666667,37.84809087828657,-18.7417020185037,-11.921795890405543,-6.819906128098159
2021-09-25 00:00:00+00:00,355.0,360.8,343.2,349.6,916797.617,402.22,409.40166666666664,36.94843923748335,-20.553303921931274,-13.648097496710689,-6.905206425220586
2021-09-26 00:00:00+00:00,349.6,353.0,320.0,344.0,1538759.1618,394.615,409.905,35.99294787264108,-22.18514810356902,-15.355507618082356,-6.829640485486664
2021-09-27 00:00:00+00:00,344.0,357.6,335.0,335.5,956544.069,390.45500000000004,410.21283333333326,34.53318315427374,-23.888898979740247,-17.062185890413936,-6.8267130893263115
2021-09-28 00:00:00+00:00,335.5,344.6,330.0,333.0,922077.227,386.355,410.38649999999996,34.095192983170335,-25.150938566715013,-18.679936425674153,-6.471002141040859
2021-09-29 00:00:00+00:00,332.9,375.4,331.2,367.7,1696420.045,383.675,410.97516666666667,44.59844643467882,-23.08500447027967,-19.56095003459526,-3.5240544356844126
2021-09-30 00:00:00+00:00,367.7,388.8,366.4,387.5,1163674.206,382.98,411.89033333333333,49.54011286381579,-19.62383098195818,-19.573526224067844,-0.05030475789033417
2021-10-01 00:00:00+00:00,387.5,423.4,381.5,421.5,1440336.041,383.8,413.40616666666665,56.68489887291457,-13.97620125769538,-18.454061230793354,4.477859973097974
2021-10-02 00:00:00+00:00,421.4,438.2,410.6,427.1,1039006.518,384.34000000000003,415.134,57.746113925450246,-8.945423539168189,-16.552333692468324,7.606910153300134
2021-10-03 00:00:00+00:00,427.0,437.2,421.5,430.5,820910.792,385.91,416.72950000000003,58.41231357955837,-4.630763804832952,-14.16801971494125,9.537255910108298
2021-10-04 00:00:00+00:00,430.5,430.9,410.9,426.3,974423.359,386.51,418.2026666666667,57.21231069228805,-1.5326028869938568,-11.640936349351772,10.108333462357916
2021-10-05 00:00:00+00:00,426.4,444.0,424.0,442.1,883699.828,387.05,419.86449999999996,60.49983709662147,2.1725955858087787,-8.878229962319663,11.050825548128442
2021-10-06 00:00:00+00:00,442.0,442.8,414.7,434.9,1245088.683,387.58,421.1765,58.30151976138407,4.476410963807268,-6.207301777094277,10.683712740901544
2021-10-07 00:00:00+00:00,434.9,450.0,423.6,438.5,1159098.7447,389.175,422.7883333333333,59.10171500214,6.517560778890925,-3.662329265897237,10.179890044788161
2021-10-08 00:00:00+00:00,438.5,441.6,415.7,419.2,1505999.188,389.6,423.86966666666666,53.20674108249361,6.502876892943505,-1.6292880341290887,8.132164927072594
2021-10-09 00:00:00+00:00,419.3,426.0,416.0,421.9,632123.526,390.265,424.7026666666667,53.89949442744027,6.632650180102132,0.02309960871715555,6.609550571384977
2021-10-10 00:00:00+00:00,421.9,422.3,402.0,404.1,729380.963,392.265,424.92166666666674,48.77305084071261,5.238795630951756,1.0662388131640759,4.17255681778768
2021-10-11 00:00:00+00:00,404.0,424.0,399.8,413.1,759924.884,395.7,425.379,51.29541909676996,4.804991689241831,1.813989388379627,2.991002300862204
2021-10-12 00:00:00+00:00,413.2,444.5,392.2,444.2,1966630.183,398.96,425.9363333333333,58.83783934059399,6.891270746999169,2.8294456601035356,4.061825086895633
2021-10-13 00:00:00+00:00,444.1,471.8,432.3,470.8,3383303.439,403.325,426.97183333333334,63.97632203672651,10.569224188296175,4.377401365742063,6.191822822554112
2021-10-14 00:00:00+00:00,470.7,482.8,461.2,472.7,1431305.925,409.21,427.9493333333333,64.3189564109359,13.48193159457395,6.198307411508441,7.283624183065509
2021-10-15 00:00:00+00:00,472.7,478.0,450.8,474.5,1508188.787,415.45500000000004,428.92900000000003,64.66187417192461,15.753916809240877,8.109429291054928,7.644487518185949
2021-10-16 00:00:00+00:00,474.5,484.7,423.0,465.8,1040477.571,421.54499999999996,429.9956666666667,61.581292939579896,16.6604132958405,9.819626092012042,6.840787203828457
2021-10-17 00:00:00+00:00,465.8,472.4,454.2,470.9,890609.849,428.31499999999994,431.24150000000003,62.70303618520197,17.58760668795304,11.373222211200243,6.214384476752798
2021-10-18 00:00:00+00:00,471.0,487.6,466.4,484.9,1091006.031,435.90999999999997,432.13533333333334,65.66657356037089,19.23042080783671,12.944661930527538,6.285758877309171
2021-10-19 00:00:00+00:00,485.0,497.6,480.3,488.1,912494.969,441.93,432.6881666666667,66.32521401162812,20.553646448112033,14.466458834044438,6.087187614067595
2021-10-20 00:00:00+00:00,488.1,505.9,481.3,501.3,946412.94,447.62000000000006,433.5641666666667,68.96961355058889,22.40912355718126,16.054991778671805,6.354131778509455
2021-10-21 00:00:00+00:00,501.3,504.9,466.0,470.9,1851835.929,450.09000000000003,433.9345,57.72660413574016,21.18239908642704,17.08047324022285,4.101925846204189
2021-10-22 00:00:00+00:00,470.9,498.0,470.7,479.3,1118876.638,452.7,433.60516666666666,59.682341227472754,20.649980779295674,17.794374748037416,2.855606031258258
2021-10-23 00:00:00+00:00,479.3,485.7,472.6,485.5,521970.795,455.45,433.83650000000006,61.11239262277117,20.492103407277682,18.33392047988547,2.158182927392211
2021-10-24 00:00:00+00:00,485.5,486.5,467.8,475.8,590939.031,457.925,433.38,57.66617862430879,19.361092891796034,18.539354962267584,0.8217379295284495
2021-10-25 00:00:00+00:00,475.8,488.6,474.7,485.1,632116.761,460.075,433.49666666666667,59.99544063633306,18.99621464870586,18.63072689955524,0.36548774915062054
2021-10-26 00:00:00+00:00,485.1,489.8,473.5,478.1,702610.184,462.23499999999996,433.22333333333336,57.433912967256674,17.935455744305273,18.491672668505245,-0.5562169241999726
2021-10-27 00:00:00+00:00,478.2,486.4,435.3,448.7,1370950.214,462.745,432.5983333333333,48.137806757264485,14.554685027247217,17.70427514025364,-3.149590113006422
2021-10-28 00:00:00+00:00,448.7,494.8,446.4,491.9,1523900.006,466.38,432.8016666666666,58.712588776255096,15.18622153066616,17.200664418336146,-2.0144428876699862
2021-10-29 00:00:00+00:00,492.0,533.61,487.6,530.3,1411851.4394,471.8,433.9683333333333,65.45529442815553,18.571200597097857,17.47477165408849,1.0964289430093679
2021-10-30 00:00:00+00:00,530.3,540.5,510.2,528.3,1095033.1264,478.01000000000005,435.0416666666667,64.86116000612381,20.8520679500333,18.150230913277454,2.7018370367558475
2021-10-31 00:00:00+00:00,528.4,535.0,508.9,524.6,1018991.819,483.58500000000004,435.62833333333333,63.70904081156991,22.106285187233027,18.941441768068568,3.164843419164459
2021-11-01 00:00:00+00:00,524.6,551.9,511.0,551.3,1274272.0851,488.93999999999994,436.755,68.11101612059568,24.96692507179432,20.14653842881372,4.820386642980601
2021-11-02 00:00:00+00:00,551.3,564.0,537.4,554.4,1153919.1399,493.12,437.85333333333335,68.58743360396817,27.170937231244977,21.551418189299973,5.619519041945004
2021-11-03 00:00:00+00:00,554.4,570.1,537.5,568.4,1262766.5996,497.9049999999999,439.03166666666664,70.71527468674427,29.704896191142325,23.182113789668445,6.522782401473879
2021-11-04 00:00:00+00:00,568.4,568.9,543.6,558.7,1052950.033,502.11499999999995,439.93,67.3130467954916,30.577885163242456,24.66126806438325,5.916617098859206
2021-11-05 00:00:00+00:00,558.8,616.9,554.1,607.3,1989945.5433,509.18999999999994,441.78333333333336,74.04967017638738,34.790308031261304,26.687076057758862,8.103231973502442
2021-11-06 00:00:00+00:00,607.3,637.8,595.1,637.7,1366385.957,517.53,445.43333333333334,77.21320788149465,40.119239816389836,29.37350880948506,10.745731006904776
2021-11-07 00:00:00+00:00,637.7,669.3,630.5,649.6,1476373.2487,525.7650000000001,449.3433333333333,78.32700752456343,44.78641725697321,32.45609049898269,12.33032675799052
2021-11-08 00:00:00+00:00,649.5,655.7,631.0,653.5,1290096.384,534.0350000000001,453.2133333333333,78.69455781085031,48.243762348519,35.61362486888996,12.630137479629042
2021-11-09 00:00:00+00:00,653.6,656.7,631.9,635.0,879119.398,540.72,457.1066666666666,72.42046420071793,48.926938561570296,38.27628760742603,10.650650954144268
2021-11-10 00:00:00+00:00,635.0,662.9,573.0,614.1,1814654.086,547.88,460.59000000000003,66.01691485485027,47.237382163686675,40.06850651867816,7.168875645008512
2021-11-11 00:00:00+00:00,614.2,635.2,605.7,628.4,1019740.949,555.335,464.125,68.09558094814355,46.516078636413795,41.358020942225295,5.1580576941885
2021-11-12 00:00:00+00:00,628.4,634.5,602.7,626.9,1012909.088,562.405,467.9216666666667,67.62828693182064,45.30119890836352,42.14665653545294,3.1545423729105764
2021-11-13 00:00:00+00:00,626.8,655.0,619.6,649.5,900107.757,571.0899999999999,471.84166666666664,70.87160612789371,45.635966085436735,42.8445184454497,2.791447639987034
2021-11-14 00:00:00+00:00,649.5,661.0,634.5,650.8,933689.139,579.375,475.5,71.05127508467753,45.48188377590213,43.371991511540195,2.109892264361939
2021-11-15 00:00:00+00:00,650.7,659.5,630.3,633.8,953989.634,587.1600000000001,478.9916666666667,65.3726541646399,43.486726595772325,43.394938528386625,0.09178806738569989
2021-11-16 00:00:00+00:00,633.9,635.2,573.7,588.7,2200954.903,594.16,482.02666666666664,53.22029530565939,37.83027323133126,42.282005468975555,-4.451732237644293
2021-11-17 00:00:00+00:00,588.8,592.6,553.7,578.0,1453408.555,598.4649999999999,484.81499999999994,50.80716194737067,32.113903521511816,40.24838507948281,-8.134481557970993
2021-11-18 00:00:00+00:00,577.9,588.2,510.0,531.8,1750338.428,598.5400000000001,486.8683333333333,41.96036294129676,23.583825788502054,36.91547322128665,-13.3316474327846
2021-11-19 00:00:00+00:00,531.9,585.5,523.9,581.0,1300787.958,601.175,490.48333333333335,51.62137372997537,20.55674123086203,33.64372682320173,-13.086985592339701
2021-11-20 00:00:00+00:00,581.0,604.8,572.6,604.3,1119517.131,605.16,494.815,55.4070187576057,19.809518386775153,30.876885135916417,-11.067366749141264
2021-11-21 00:00:00+00:00,604.4,605.2,579.6,584.0,970133.807,606.795,498.2316666666667,51.61730439786089,17.37896466691484,28.177301042116106,-10.798336375201266
2021-11-22 00:00:00+00:00,584.0,585.5,553.8,559.3,1141002.755,607.0400000000001,501.1616666666667,47.371639540551286,13.306263437201892,25.203093521133265,-11.896830083931373
2021-11-23 00:00:00+00:00,559.4,605.0,557.9,591.1,1202541.917,608.175,505.09666666666664,52.75909226718094,12.500514457373242,22.662577708381264,-10.162063251008021
2021-11-24 00:00:00+00:00,591.1,594.3,576.8,590.3,1079667.803,609.755,509.10833333333335,52.613175333251114,11.662955975087243,20.462653361722463,-8.79969738663522
2021-11-25 00:00:00+00:00,590.4,650.0,587.4,639.1,1536194.042,611.345,514.0266666666668,59.898991284684264,14.766715500645546,19.323465789507082,-4.5567502888615365
2021-11-26 00:00:00+00:00,639.1,657.9,564.2,587.3,2413553.439,608.825,518.2233333333334,50.94499809798541,12.89796053633222,18.03836473887211,-5.140404202539891
2021-11-27 00:00:00+00:00,587.2,621.3,582.6,599.9,1183849.36,606.3399999999999,522.6716666666667,52.79351892235769,12.291979176413292,16.88908762638035,-4.597108449967056
2021-11-28 00:00:00+00:00,599.9,612.9,571.6,611.3,1281130.351,604.2299999999999,526.7316666666667,54.465385828404756,12.586529630306813,16.02857602716564,-3.442046396858828
2021-11-29 00:00:00+00:00,611.4,629.0,601.6,623.4,1090520.864,603.65,530.6633333333333,56.23701260713742,13.6391087080832,15.550682563349154,-1.9115738552659547
2021-11-30 00:00:00+00:00,623.5,635.0,602.6,622.5,1380656.205,604.0699999999999,534.0133333333333,56.06229235430593,14.23655261565068,15.28785657380946,-1.0513039581587797
2021-12-01 00:00:00+00:00,622.5,649.8,618.2,627.5,1384101.087,604.025,537.3533333333332,56.864103364111294,14.941255932227477,15.218536445493065,-0.27728051326558756
2021-12-02 00:00:00+00:00,627.5,630.9,605.5,619.9,1104596.881,603.675,540.51,55.21473417507451,14.716835386158209,15.118196233626094,-0.4013608474678847
2021-12-03 00:00:00+00:00,619.9,628.0,574.0,595.0,1250950.167,600.95,543.3216666666666,50.08861023954269,12.386969312899964,14.571950849480869,-2.1849815365809047
2021-12-04 00:00:00+00:00,595.1,596.0,489.2,568.6,2611783.647,596.84,545.43,45.28789931294763,8.314430716325433,13.320446822849783,-5.006016106524351
2021-12-05 00:00:00+00:00,568.5,582.0,539.9,557.8,1258393.72,593.04,547.4783333333332,43.453086695553786,4.167405539905758,11.48983856626098,-7.322433026355222
2021-12-06 00:00:00+00:00,557.7,593.0,533.0,587.5,2005928.932,592.98,549.9616666666666,49.51100789693765,3.2400507089228086,9.839880994793347,-6.599830285870539
2021-12-07 00:00:00+00:00,587.5,594.1,572.2,578.7,1017363.943,593.0150000000001,552.62,47.87445711833557,1.77457269936167,8.226819335707011,-6.4522466363453415
2021-12-08 00:00:00+00:00,578.7,607.6,567.0,607.2,1113215.449,596.785,555.7083333333334,53.26260037970028,2.879687390453455,7.157392946656301,-4.277705556202846
2021-12-09 00:00:00+00:00,607.3,617.0,567.7,570.2,1096635.012,596.245,558.4766666666667,46.53703497914984,0.7611340870016647,5.878141174725374,-5.117007087723709
2021-12-10 00:00:00+00:00,570.2,595.1,550.2,552.4,1083121.564,593.65,560.7983333333333,43.67952779567487,-2.3273180349278846,4.237049332794722,-6.564367367722607
2021-12-11 00:00:00+00:00,552.5,572.7,542.0,564.5,950448.474,592.675,562.8033333333333,46.102280369278354,-3.7552811727937296,2.638583231677032,-6.3938644044707615
2021-12-12 00:00:00+00:00,564.6,574.8,559.3,570.3,544940.336,593.225,564.4616666666666,47.27313250764259,-4.3685824212891475,1.237150101083796,-5.605732522372944
2021-12-13 00:00:00+00:00,570.3,572.2,511.1,521.0,1037150.705,589.72,565.2666666666667,39.43192042685459,-8.732068215167033,-0.7566935621663697,-7.975374653000663
2021-12-14 00:00:00+00:00,521.0,535.8,509.7,528.1,1263782.101,586.6099999999999,566.16,40.950989616776525,-11.484861150938286,-2.9023270799207532,-8.582534071017534
2021-12-15 00:00:00+00:00,528.0,546.7,501.6,541.1,1147515.305,581.7099999999999,567.4149999999998,43.733601016736095,-12.473689107443533,-4.81659948542531,-7.657089622018224
2021-12-16 00:00:00+00:00,541.1,545.3,524.8,526.2,735504.682,578.655,568.3366666666667,41.329630910528245,-14.294865550774489,-6.712252698495146,-7.582612852279343
2021-12-17 00:00:00+00:00,526.2,535.8,511.0,525.5,921732.763,574.9350000000001,569.0133333333334,41.21500951711394,-15.614649196680375,-8.492731998132193,-7.121917198548182
2021-12-18 00:00:00+00:00,525.5,537.8,515.0,533.9,580436.098,571.065,569.7766666666666,43.24897598395897,-15.800637532399378,-9.95431310498563,-5.846324427413748
2021-12-19 00:00:00+00:00,533.9,544.4,527.1,529.8,540256.684,566.385,570.2516666666667,42.47644701663562,-16.093356171126175,-11.18212171821374,-4.911234452912435
2021-12-20 00:00:00+00:00,529.8,534.8,505.6,524.0,727454.212,561.4599999999999,571.1366666666667,41.351179792807315,-16.60197212829246,-12.266091800229484,-4.335880328062975
2021-12-21 00:00:00+00:00,524.0,535.7,509.8,528.3,686439.708,556.5,571.9533333333334,42.56597175406869,-16.46824420723135,-13.106522281629857,-3.3617219256014934
2021-12-22 00:00:00+00:00,528.4,545.0,527.2,533.6,721787.109,552.1850000000001,572.755,44.10279809330472,-15.753007298055536,-13.635819284914994,-2.1171880131405416
2021-12-23 00:00:00+00:00,533.6,552.6,524.3,549.0,844421.954,549.885,573.975,48.42150487986468,-13.784625021088004,-13.665580432149598,-0.11904458893840619
2021-12-24 00:00:00+00:00,549.0,554.4,537.4,542.1,665688.415,548.56,574.925,46.68122558379968,-12.63578278105831,-13.459620901931341,0.823838120873031
2021-12-25 00:00:00+00:00,542.1,550.5,539.1,547.4,455399.793,548.04,576.08,48.220616805823035,-11.168903159598472,-13.001477353464768,1.8325741938662965
2021-12-26 00:00:00+00:00,547.4,549.3,535.6,546.4,536338.775,545.985,577.7083333333334,47.93938134061466,-9.972129630995028,-12.395607808970821,2.4234781779757935
2021-12-27 00:00:00+00:00,546.5,572.0,543.1,563.7,803473.155,545.2349999999999,578.905,53.04183669672673,-7.540787070054989,-11.424643661187655,3.883856591132666
2021-12-28 00:00:00+00:00,563.7,563.7,528.4,534.2,1002556.271,541.585,578.9699999999999,44.95137247913966,-7.903230510115577,-10.72036103097324,2.8171305208576634
2021-12-29 00:00:00+00:00,534.2,540.5,510.3,514.5,740117.867,538.8,578.7399999999999,40.50789063816186,-9.66864083483415,-10.510016991745422,0.8413761569112719
2021-12-30 00:00:00+00:00,514.5,527.8,508.3,518.5,639166.717,537.105,578.6383333333332,41.76661585011042,-10.6225248119232,-10.532518555780978,-0.09000625614222102
2021-12-31 00:00:00+00:00,518.6,528.3,506.0,511.4,677844.749,534.45,577.9733333333332,40.14306773982179,-11.81519716078867,-10.789054276782517,-1.0261428840061537
2022-01-01 00:00:00+00:00,511.5,527.9,511.4,527.3,446171.541,532.3,577.5216666666668,45.27353294058144,-11.346604873879528,-10.900564396201919,-0.44604047767760946
2022-01-02 00:00:00+00:00,527.4,533.9,518.0,531.0,404475.541,532.8,576.8983333333333,46.424331145971685,-10.555011431157254,-10.831453803192986,0.2764423720357314
2022-01-03 00:00:00+00:00,531.0,532.8,510.0,511.9,663841.021,531.99,576.1183333333333,41.56530674704235,-11.338178831518348,-10.932798808858058,-0.4053800226602906
2022-01-04 00:00:00+00:00,511.9,520.0,502.0,506.9,687436.638,530.28,574.4449999999999,40.37399221409214,-12.221421907795275,-11.190523428645502,-1.0308984791497728
2022-01-05 00:00:00+00:00,506.9,516.0,457.0,474.1,985152.004,527.675,571.7183333333334,33.57557997042312,-15.39067022216841,-12.030552787350084,-3.360117434818326
2022-01-06 00:00:00+00:00,474.2,481.3,458.8,472.6,986669.9,525.03,568.7683333333333,33.29943019032251,-17.817965394715316,-13.18803530882313,-4.629930085892186
2022-01-07 00:00:00+00:00,472.6,473.9,437.5,448.1,1331260.03,520.74,565.3449999999999,29.090837372799243,-21.471054599477384,-14.844639166953982,-6.626415432523402
2022-01-08 00:00:00+00:00,448.1,459.7,415.0,429.9,1062788.589,515.7450000000001,561.9266666666666,26.41957849185583,-25.540328995237246,-16.983777132610637,-8.556551862626609
2022-01-09 00:00:00+00:00,429.8,444.5,427.0,438.7,688777.347,511.48,559.0033333333333,29.77721570148998,-27.73545475835118,-19.13411265775875,-8.601342100592433
2022-01-10 00:00:00+00:00,438.8,445.5,405.6,424.7,1221504.738,506.3,555.6083333333333,27.61801042032627,-30.256018193744183,-21.35849376495584,-8.897524428788344
2022-01-11 00:00:00+00:00,424.8,467.7,421.3,463.6,1266092.819,502.8,552.8866666666667,40.523182943555305,-28.78288677482135,-22.843372366928943,-5.939514407892407
2022-01-12 00:00:00+00:00,463.6,489.9,456.6,487.8,836124.928,499.74000000000007,550.1916666666667,46.86957680897755,-25.370229546037706,-23.348743802750697,-2.021485743287009
2022-01-13 00:00:00+00:00,487.8,489.8,466.5,475.2,908052.937,496.3950000000001,547.265,44.223673438665315,-23.412504030084335,-23.361495848217427,-0.051008181866908586
2022-01-14 00:00:00+00:00,475.1,492.3,467.6,490.0,797022.181,493.525,544.8683333333333,47.941191001843514,-20.43123755427939,-22.77544418942982,2.344206635150428
2022-01-15 00:00:00+00:00,489.9,500.9,485.0,494.5,548626.203,490.92999999999995,543.2983333333334,49.053067731432435,-17.50367849142043,-21.72109104982794,4.21741255840751
2022-01-16 00:00:00+00:00,494.5,506.0,488.6,498.6,507042.332,487.675,541.975,50.098821035942045,-14.683469214349543,-20.313566682732265,5.630097468382722
2022-01-17 00:00:00+00:00,498.6,499.1,466.9,475.2,757806.035,484.725,541.0316666666666,44.48634365583214,-14.173237225597745,-19.085500791305364,4.912263565707619
2022-01-18 00:00:00+00:00,475.1,479.6,457.2,471.4,707501.577,482.57,539.205,43.631513569075004,-13.915098348648598,-18.051420302774012,4.136321954125414
2022-01-19 00:00:00+00:00,471.5,473.1,453.7,461.9,585750.3,479.73999999999995,536.8316666666666,41.48530433408387,-14.312110928262257,-17.30355842787166,2.9914474996094036
2022-01-20 00:00:00+00:00,461.9,478.7,438.2,440.2,1137854.894,476.18,534.435,37.00734154233665,-16.19111382193944,-17.081069506685218,0.8899556847457788
2022-01-21 00:00:00+00:00,440.2,444.6,373.7,383.9,1891179.594,469.00999999999993,531.5116666666667,28.432371224427044,-21.96992105975562,-18.058839817299297,-3.911081242456323
2022-01-22 00:00:00+00:00,383.8,389.6,336.3,358.3,2635609.386,460.375,527.6316666666667,25.535043674728655,-28.289272359357994,-20.104926325711038,-8.184346033646957
2022-01-23 00:00:00+00:00,358.3,389.0,356.3,383.9,1297043.923,453.975,524.1916666666667,32.89880117139579,-30.875780957515303,-22.25909725207189,-8.616683705443414
2022-01-24 00:00:00+00:00,384.0,384.0,336.0,371.3,1900214.42,447.195,519.7283333333334,31.260267064305097,-33.55551526139908,-24.51838085393733,-9.03713440746175
2022-01-25 00:00:00+00:00,371.2,389.5,357.4,385.1,1006111.155,442.745,516.3583333333333,35.074306964708114,-34.17176845946875,-26.449058375043617,-7.722710084425135
2022-01-26 00:00:00+00:00,385.1,402.4,366.4,375.1,1073520.172,437.87,512.6116666666666,33.61863645624257,-35.062886851580686,-28.171824070351033,-6.891062781229653
2022-01-27 00:00:00+00:00,375.1,393.8,360.0,389.9,962060.888,434.96000000000004,508.9216666666667,37.73722899754243,-34.18085269324581,-29.37362979492999,-4.807222898315821
2022-01-28 00:00:00+00:00,389.9,395.9,375.8,385.9,752320.615,432.75999999999993,504.96333333333337,37.067833446048894,-33.41936322226269,-30.18277648039653,-3.2365867418661587
2022-01-29 00:00:00+00:00,385.9,397.3,380.7,389.3,534573.782,430.28999999999996,501.0766666666667,38.0733609036239,-32.170682147022205,-30.580357613721667,-1.5903245333005387
2022-01-30 00:00:00+00:00,389.4,389.6,372.2,377.2,536436.123,427.9150000000001,496.90500000000003,35.87640516461353,-31.790995468164,-30.822485184610137,-0.9685102835538615
2022-01-31 00:00:00+00:00,377.2,385.4,365.2,374.3,620113.734,423.45,492.81166666666667,35.34992035827125,-31.362568634663546,-30.930501874620823,-0.4320667600427228
2022-02-01 00:00:00+00:00,374.4,388.4,373.7,384.2,555347.277,418.27,489.29833333333335,38.6593067917145,-29.879754806312235,-30.72035246095911,0.8405976546468743
2022-02-02 00:00:00+00:00,384.1,386.1,366.1,366.9,572340.04,412.855,485.93666666666667,35.26238396827718,-29.757553034170257,-30.527792575601342,0.770239541431085
2022-02-03 00:00:00+00:00,367.1,372.4,359.6,372.3,495715.227,406.96999999999997,482.84499999999997,37.11966990643998,-28.891924260735152,-30.200618912628105,1.308694651892953
2022-02-04 00:00:00+00:00,372.2,399.7,369.5,399.5,849825.828,402.21999999999997,479.71166666666664,45.58764241247497,-25.714671811340338,-29.303429492370554,3.5887576810302164
2022-02-05 00:00:00+00:00,399.6,431.0,396.3,413.7,1031046.87,397.975,476.9616666666667,49.41738863497116,-21.799563233480058,-27.802656240592455,6.003093007112398
2022-02-06 00:00:00+00:00,413.8,422.5,407.0,419.9,542631.176,395.21,473.84000000000003,51.03778600329167,-17.989155507424584,-25.839956093958882,7.850800586534298
2022-02-07 00:00:00+00:00,419.9,439.0,413.3,433.5,758247.667,393.315,471.56166666666667,54.48233347758323,-13.713888422823516,-23.41474255973181,9.700854136908294
2022-02-08 00:00:00+00:00,433.5,445.4,406.2,407.8,1148555.321,390.61,469.15166666666664,47.659022624330596,-12.258179015539781,-21.183429850893404,8.925250835353623
2022-02-09 00:00:00+00:00,407.9,427.7,407.1,422.9,633880.431,389.745,466.7916666666667,51.5021965023624,-9.773413194841226,-18.901426519682968,9.128013324841742
2022-02-10 00:00:00+00:00,422.9,434.9,410.0,414.7,956240.339,391.28499999999997,464.1983333333333,49.381708096630554,-8.369412472700276,-16.79502371028643,8.425611237586153
2022-02-11 00:00:00+00:00,414.7,418.9,390.5,400.0,700843.2,393.37,462.1816666666666,45.745515778348576,-8.346683559653115,-15.105355680159768,6.7586721205066524
2022-02-12 00:00:00+00:00,400.0,407.1,393.3,403.6,521080.237,394.355,460.1066666666667,46.77906948754146,-7.946577618551714,-13.673600067838159,5.727022449286444
2022-02-13 00:00:00+00:00,403.6,407.8,394.7,397.9,388657.052,395.685,457.71999999999997,45.30735633529098,-7.997245868474579,-12.538329227965443,4.541083359490864
2022-02-14 00:00:00+00:00,398.0,404.5,390.6,403.4,472210.318,396.6,455.67333333333335,47.038775140700935,-7.507060071479998,-11.532075396668354,4.025015325188356
2022-02-15 00:00:00+00:00,403.4,443.0,402.7,432.4,1184143.99,399.46500000000003,454.1216666666667,55.108477876052135,-4.724070514615505,-10.170474420257785,5.4464039056422795
2022-02-16 00:00:00+00:00,432.4,433.5,422.2,427.3,606252.493,401.335,452.345,53.56279772128996,-2.8966676365636204,-8.715713063518951,5.819045426955331
2022-02-17 00:00:00+00:00,427.3,431.1,400.0,402.4,661874.717,402.15999999999997,450.22166666666664,46.67888240512342,-3.4182560638841437,-7.656221663591991,4.237965599707847
2022-02-18 00:00:00+00:00,402.4,411.0,392.2,399.2,611936.679,402.655,448.14166666666665,45.863106177629454,-4.043224135843104,-6.933622158042214,2.8903980221991095
2022-02-19 00:00:00+00:00,399.2,406.4,393.0,399.8,410279.304,403.78499999999997,446.0,46.05347683566495,-4.438931609476526,-6.434684048329077,1.9957524388525503
2022-02-20 00:00:00+00:00,399.8,400.0,375.0,380.6,624148.525,404.1,443.45,41.07579313187509,-6.229996648824908,-6.393746568428243,0.16374991960333496
2022-02-21 00:00:00+00:00,380.7,393.7,355.0,356.6,1219652.481,402.71999999999997,440.2433333333333,35.858432349544,-9.476785535507247,-7.010354361844044,-2.466431173663203
2022-02-22 00:00:00+00:00,356.7,375.4,348.7,374.3,940456.822,403.09000000000003,437.44666666666666,41.73617555098288,-10.500602634355175,-7.708404016346271,-2.7921986180089045
2022-02-23 00:00:00+00:00,374.3,384.2,365.3,365.6,698692.661,402.755,434.4166666666667,39.805349503831614,-11.877090644741997,-8.542141342025417,-3.3349493027165806
2022-02-24 00:00:00+00:00,365.6,371.3,323.5,361.2,1949035.935,400.84000000000003,431.33000000000004,38.82702546206262,-13.171181357782984,-9.467949345176931,-3.703232012606053
2022-02-25 00:00:00+00:00,361.2,377.2,356.8,375.0,783242.16,398.90500000000003,428.18500000000006,43.51599948045532,-12.934116459364589,-10.161182768014463,-2.7729336913501257
2022-02-26 00:00:00+00:00,375.0,386.1,370.5,373.7,548687.941,396.59499999999997,425.51,43.18022163035842,-12.704688217477042,-10.669883857906978,-2.034804359570064
2022-02-27 00:00:00+00:00,373.7,381.2,358.1,360.1,677364.949,392.925,422.93666666666667,39.726673435752325,-13.465054259103908,-11.228917938146365,-2.2361363209575433
2022-02-28 00:00:00+00:00,360.1,397.2,355.8,395.6,773064.48,392.31499999999994,420.8883333333333,50.79046620407704,-11.075425895602393,-11.198219529637571,0.12279363403517785
2022-03-01 00:00:00+00:00,395.7,424.9,390.4,408.7,1403695.832,391.605,419.1766666666666,54.13609336910302,-8.031980016555849,-10.564971627021228,2.5329916104653787
2022-03-02 00:00:00+00:00,408.7,415.7,403.8,409.3,788499.443,391.33500000000004,417.21,54.289382027037156,-5.508118088339359,-9.553600919284856,4.045482830945497
2022-03-03 00:00:00+00:00,409.3,413.2,397.4,402.6,577002.325,391.46500000000003,415.07,52.19165821393834,-4.002435744712784,-8.443367884370442,4.440932139657658
2022-03-04 00:00:00+00:00,402.6,403.5,372.0,374.2,756176.61,389.995,412.775,44.366137402463686,-5.0426853530428275,-7.76323137810492,2.7205460250620925
2022-03-05 00:00:00+00:00,374.1,387.3,367.2,384.7,453970.242,389.33500000000004,410.73833333333334,47.50032108438588,-4.962622392583,-7.203109581000536,2.2404871884175357
2022-03-06 00:00:00+00:00,384.8,387.3,371.6,375.0,489079.158,387.91499999999996,409.0866666666667,44.97936285715057,-5.617130074358556,-6.88591367967214,1.2687836053135841
2022-03-07 00:00:00+00:00,375.0,385.9,362.8,380.6,949294.91,385.325,407.55333333333334,46.73686868978949,-5.619184468064645,-6.632567837350642,1.0133833692859966
2022-03-08 00:00:00+00:00,380.6,388.7,375.3,381.4,647492.047,383.03000000000003,406.44166666666666,46.997337358596035,-5.492940081731035,-6.404642286226721,0.9117022044956862
2022-03-09 00:00:00+00:00,381.4,402.7,381.0,393.2,1012850.747,382.57000000000005,405.83,50.8177795409474,-4.390122513159383,-6.001738331613254,1.6116158184538705
2022-03-10 00:00:00+00:00,393.2,394.5,363.0,372.0,791332.984,381.21000000000004,404.7183333333333,44.598064440564194,-5.167229859570057,-5.834836637204615,0.6676067776345587
2022-03-11 00:00:00+00:00,372.1,380.0,364.7,371.9,510174.586,379.815,403.83833333333337,44.57035359939553,-5.7251660442557295,-5.812902518614838,0.08773647435910892
2022-03-12 00:00:00+00:00,371.9,379.2,371.1,372.4,402475.646,379.405,402.3183333333333,44.75518676250965,-6.0571654363113225,-5.861755102154135,-0.19541033415718712
2022-03-13 00:00:00+00:00,372.4,377.2,360.1,361.4,424762.642,379.64500000000004,400.2116666666667,41.478267369120566,-7.125744271268729,-6.114552935977055,-1.0111913352916746
2022-03-14 00:00:00+00:00,361.4,373.9,359.5,373.4,467814.984,379.6,398.515,46.11354000279716,-6.924479891007309,-6.276538326983106,-0.6479415640242028
2022-03-15 00:00:00+00:00,373.4,374.7,361.7,371.7,440890.823,379.905,396.5433333333333,45.562957541223476,-6.823495206859377,-6.385929702958361,-0.43756550390101623
2022-03-16 00:00:00+00:00,371.7,386.6,367.8,385.4,668878.615,381.115,394.725,50.67417754286017,-5.573738030311915,-6.223491368429072,0.649753338117157
2022-03-17 00:00:00+00:00,385.3,393.5,381.7,391.8,569457.408,381.95500000000004,392.945,52.8990435901701,-4.020523854608882,-5.782897865665035,1.7623740110561528
2022-03-18 00:00:00+00:00,391.9,400.0,384.0,397.2,553763.586,383.13,391.64500000000004,54.75348508259305,-2.327030994959955,-5.091724491524019,2.764693496564064
2022-03-19 00:00:00+00:00,397.2,406.4,394.9,399.9,459996.613,385.12,390.45333333333326,55.69280250748326,-0.7583168628137855,-4.225042965781972,3.4667261029681864
2022-03-20 00:00:00+00:00,399.9,400.8,386.2,390.8,398984.429,384.88,389.2683333333333,51.79034351288806,-0.2465514673965572,-3.429344666104889,3.1827931987083318
2022-03-21 00:00:00+00:00,390.8,399.5,384.8,396.0,541479.78,384.245,388.53166666666664,53.783242926189644,0.5720288448807196,-2.6290699639077677,3.2010988087884873
2022-03-22 00:00:00+00:00,396.0,410.0,394.8,404.3,609034.607,383.995,388.87166666666667,56.84942118635496,1.8689561112531123,-1.7294647488755919,3.598420860128704
2022-03-23 00:00:00+00:00,404.3,411.7,397.9,408.4,535891.79,384.28499999999997,389.70666666666665,58.320418006147044,3.1908340993084607,-0.7454049792387815,3.936239078547242
2022-03-24 00:00:00+00:00,408.4,416.6,405.0,414.2,598366.115,386.28499999999997,390.2116666666667,60.378149404532046,4.6528087725790215,0.33423777112477915,4.318571001454242
2022-03-25 00:00:00+00:00,414.2,421.5,405.5,410.3,609691.876,387.565,390.8616666666666,58.2940850908274,5.4340959522346,1.3542094073467434,4.079886544887856
2022-03-26 00:00:00+00:00,410.3,416.4,407.5,415.8,280157.687,389.60499999999996,391.3733333333333,60.37149306844529,6.423034956782544,2.367974517233904,4.05506043954864
2022-03-27 00:00:00+00:00,415.9,431.6,411.7,430.5,490998.1,392.1,392.2966666666667,65.34066172945796,8.297297311265538,3.553839076040231,4.743458235225307
2022-03-28 00:00:00+00:00,430.6,441.0,427.6,430.2,719102.183,394.54,392.9683333333333,65.16108381221034,9.64724875923639,4.772521012679463,4.874727746556927
2022-03-29 00:00:00+00:00,430.2,441.6,429.4,434.2,629773.894,396.59,393.7733333333333,66.48374411528475,10.914051189877569,6.000827048119085,4.913224141758484
2022-03-30 00:00:00+00:00,434.2,449.3,425.5,442.1,768982.427,400.09499999999997,394.6533333333333,68.98792818060409,12.412382995196197,7.283138237534508,5.129244757661689
2022-03-31 00:00:00+00:00,442.1,452.3,423.9,428.9,957924.695,402.945,395.515,60.81209139438007,12.391846569218501,8.304879903871306,4.0869666653471945
2022-04-01 00:00:00+00:00,428.9,448.2,412.8,447.7,971822.655,406.71000000000004,396.73833333333334,66.83971313750263,13.734254251780442,9.390754773453134,4.343499478327308
2022-04-02 00:00:00+00:00,447.8,454.2,435.7,437.2,827864.885,410.5,397.62166666666667,61.17970070021529,13.791875607043778,10.270978940171263,3.520896666872515
2022-04-03 00:00:00+00:00,437.3,455.7,432.2,450.4,676230.892,414.35,399.0133333333333,65.17247479283053,14.732839624904841,11.163351077117978,3.5694885477868628
2022-04-04 00:00:00+00:00,450.4,450.5,433.4,447.6,736637.271,418.145,400.2683333333334,63.676366881945185,15.078804714398188,11.94644180457402,3.1323629098241685
2022-04-05 00:00:00+00:00,447.6,460.0,444.1,444.7,761168.725,421.10999999999996,401.02166666666665,62.0866435842714,14.94668272224169,12.546489988107554,2.4001927341341354
2022-04-06 00:00:00+00:00,444.7,448.6,418.3,420.1,928930.806,422.525,401.12833333333333,50.55634131924623,12.710442611894166,12.579280512864877,0.13116209902928944
2022-04-07 00:00:00+00:00,420.1,450.0,416.2,436.0,717661.036,424.465,401.39666666666665,56.216166236308794,12.081930358922193,12.47981048207634,-0.3978801231541471
2022-04-08 00:00:00+00:00,436.1,442.0,418.4,421.5,684600.074,425.54499999999996,401.19666666666666,50.534967884701615,10.295125256349593,12.042873436930991,-1.7477481805813984
2022-04-09 00:00:00+00:00,421.5,428.2,419.6,426.6,356426.659,427.33500000000004,401.51,52.358652043442405,9.184720970785861,11.471242943701967,-2.2865219729161055
2022-04-10 00:00:00+00:00,426.6,429.5,417.0,418.1,386650.883,428.43999999999994,401.43,49.108936887409,7.532014240264061,10.683397203014387,-3.1513829627503256
2022-04-11 00:00:00+00:00,418.1,419.7,391.2,394.6,856354.224,427.95500000000004,401.095,41.44930778353318,4.2766797449519345,9.402053711401896,-5.125373966449962
2022-04-12 00:00:00+00:00,394.6,417.1,392.4,413.6,729790.918,428.215,401.3216666666667,48.45007543647969,3.1931364253205174,8.16027025418562,-4.967133828865103
2022-04-13 00:00:00+00:00,413.7,424.6,410.3,423.4,630077.277,428.675,401.65166666666664,51.66057259691632,3.089583836716656,7.146132970691828,-4.056549133975172
2022-04-14 00:00:00+00:00,423.4,426.9,411.3,414.7,464220.208,428.895,401.9316666666667,48.75746435786482,2.279226864600105,6.172751749473484,-3.893524884873379
2022-04-15 00:00:00+00:00,414.7,420.0,412.5,417.3,331730.773,428.96999999999997,402.1633333333333,49.66777356072909,1.8257651130603563,5.303354422190859,-3.4775893091305026
2022-04-16 00:00:00+00:00,417.3,419.0,411.6,417.3,237289.02,428.31000000000006,401.9116666666667,49.66777356072909,1.4496823719615577,4.532620012144998,-3.0829376401834407
2022-04-17 00:00:00+00:00,417.3,418.2,405.5,406.6,302390.726,427.13,401.56666666666666,45.78566526167892,0.2849488013347923,3.6830857699829576,-3.3981369686481653
2022-04-18 00:00:00+00:00,406.7,418.0,396.2,416.8,628747.772,426.26000000000005,401.8066666666667,49.81272135369628,0.18283618843537397,2.983035853673441,-2.800199665238067
2022-04-19 00:00:00+00:00,416.9,424.7,414.6,422.3,567586.931,425.27,402.19166666666666,51.8879896488766,0.539496264500599,2.4943279358388724,-1.9548316713382734
2022-04-20 00:00:00+00:00,422.3,431.4,414.9,418.4,677255.09,424.745,402.5016666666667,50.29968973922564,0.5016715803408829,2.0957966647392747,-1.5941250843983918
2022-04-21 00:00:00+00:00,418.4,426.0,401.2,404.9,771718.154,422.605,402.90666666666664,45.14791132896845,-0.6106032756856052,1.5545166766542988,-2.165119952339904
2022-04-22 00:00:00+00:00,404.9,413.9,403.3,406.6,563521.049,421.075,403.74,45.89935110339009,-1.339472712450629,0.9757187988333134,-2.3151915112839423
2022-04-23 00:00:00+00:00,406.6,408.1,397.3,401.1,339347.45,418.61,404.18666666666667,43.80834037151061,-2.334006057922352,0.3137738274821803,-2.6477798854045322
2022-04-24 00:00:00+00:00,401.2,405.5,397.1,398.8,322889.805,416.16999999999996,404.73999999999995,42.92762334855884,-3.27007627379993,-0.40299619277424176,-2.867080081025688
2022-04-25 00:00:00+00:00,398.8,405.7,382.3,404.3,849798.678,414.15,405.4583333333333,45.736956693556195,-3.5274523543445184,-1.0278874250882972,-2.499564929256221
2022-04-26 00:00:00+00:00,404.4,407.5,380.8,385.9,629808.812,412.43999999999994,405.64,38.847564222642056,-5.1567076612744245,-1.8536514723255229,-3.3030561889489016
2022-04-27 00:00:00+00:00,386.0,394.8,383.3,391.3,567371.495,410.20500000000004,405.93333333333334,41.626570281570864,-5.943654609310386,-2.6716520997224955,-3.27200250958789
2022-04-28 00:00:00+00:00,391.4,408.6,388.5,407.1,946336.334,409.485,406.71666666666664,48.93828357237368,-5.232075669916128,-3.1837368137612225,-2.0483388561549054
2022-04-29 00:00:00+00:00,407.2,410.7,389.7,393.0,694888.526,407.805,406.67333333333335,43.680115869950775,-5.7397323336965655,-3.694935917748291,-2.0447964159482743
2022-04-30 00:00:00+00:00,393.0,399.9,376.3,377.1,574905.822,405.755,406.14666666666665,38.638511291555076,-7.3404350493798916,-4.424035744074612,-2.91639930530528
2022-05-01 00:00:00+00:00,377.1,391.4,375.5,389.9,564144.673,405.52000000000004,405.8233333333334,44.22012835621819,-7.489812561104657,-5.037191107480621,-2.452621453624036
2022-05-02 00:00:00+00:00,389.9,392.6,382.1,389.5,454918.112,404.315,405.60499999999996,44.08517260385679,-7.55340106674538,-5.540433099333573,-2.0129679674118073
2022-05-03 00:00:00+00:00,389.5,392.3,379.8,383.9,388317.42,402.34000000000003,405.76666666666665,42.14589747696664,-7.96386612311062,-6.025119704088982,-1.938746419021638
2022-05-04 00:00:00+00:00,383.9,403.1,382.7,402.6,599066.682,401.735,406.065,50.04792720069367,-6.702961353902651,-6.1606880340517165,-0.5422733198509349
2022-05-05 00:00:00+00:00,402.6,413.6,370.7,378.4,1224114.512,399.79,406.12166666666667,42.04455984982333,-7.569170308467335,-6.442384488934841,-1.1267858195324942
2022-05-06 00:00:00+00:00,378.5,383.3,370.6,379.1,702441.419,397.88,406.09666666666664,42.331829790673545,-8.105725240864558,-6.775052639320785,-1.3306726015437729
2022-05-07 00:00:00+00:00,379.1,380.6,360.1,365.5,554852.531,395.825,405.8316666666667,38.3541162107556,-9.518630384584696,-7.323768188373568,-2.1948621962111288
2022-05-08 00:00:00+00:00,365.5,367.0,349.5,355.9,785184.087,392.78,405.21,35.79711187830446,-11.282944894512582,-8.11560352960137,-3.167341364911211
2022-05-09 00:00:00+00:00,355.9,359.3,295.4,296.1,2137566.8702,386.47,403.945,24.73485943313912,-17.30703238924798,-9.953889301530694,-7.353143087717285
2022-05-10 00:00:00+00:00,296.1,332.8,289.0,319.1,2160654.1754,381.505,403.06499999999994,33.275531285579746,-19.994770085815617,-11.962065458387679,-8.032704627427938
2022-05-11 00:00:00+00:00,319.1,323.0,260.8,271.5,3387753.9826,374.83500000000004,401.3833333333333,26.558646520266947,-25.669837852803767,-14.703619937270897,-10.96621791553287
2022-05-12 00:00:00+00:00,271.4,285.0,218.8,269.0,4499625.6033,367.95500000000004,399.8433333333333,26.258843343129584,-30.02301245254887,-17.76749844032649,-12.255514012222378
2022-05-13 00:00:00+00:00,269.0,313.5,265.4,290.6,1912387.361,362.43,398.46333333333337,33.267957534506635,-31.368399817562306,-20.487678715773654,-10.880721101788652
2022-05-14 00:00:00+00:00,290.7,299.5,272.1,296.9,1092874.023,357.33500000000004,397.21666666666664,35.20252013315449,-31.562439493084923,-22.70263087123591,-8.859808621849012
2022-05-15 00:00:00+00:00,296.9,312.6,285.7,312.4,774709.231,352.74,396.0,39.824656752282394,-30.118311723274076,-24.185767041643548,-5.932544681630528
2022-05-16 00:00:00+00:00,312.4,312.5,290.3,297.2,967622.834,348.305,394.42333333333335,37.034744234586206,-29.856179576290913,-25.319849548573025,-4.536330027717888
2022-05-17 00:00:00+00:00,297.3,310.7,295.8,306.2,702265.607,344.05,392.90666666666664,39.72716996759135,-28.592615306417542,-25.97440270014193,-2.6182126062756126
2022-05-18 00:00:00+00:00,306.2,308.6,286.8,287.7,731091.091,338.08,391.0366666666667,36.29186028476176,-28.752585006016318,-26.530039161316807,-2.2225458446995106
2022-05-19 00:00:00+00:00,287.8,308.9,286.8,307.1,685238.844,333.78499999999997,389.6416666666667,41.95975990583549,-27.002674257770195,-26.624566180607484,-0.378108077162711
2022-05-20 00:00:00+00:00,307.1,316.1,294.1,302.2,918118.177,330.04,388.0783333333333,40.9683467033023,-25.714821970594244,-26.442617338604837,0.7277953680105931
2022-05-21 00:00:00+00:00,302.3,314.2,299.3,312.4,470778.483,326.165,386.5466666666667,43.93782672692439,-23.59909927299941,-25.873913725483753,2.2748144524843426
2022-05-22 00:00:00+00:00,312.5,323.7,311.5,319.4,640675.573,322.65999999999997,385.0633333333334,45.947358759001176,-21.114141612228593,-24.92195930283272,3.8078176906041286
2022-05-23 00:00:00+00:00,319.3,337.0,315.3,317.2,1016212.871,319.325,383.44666666666666,45.39660470764574,-19.102119039120623,-23.757991250090303,4.6558722109696795
2022-05-24 00:00:00+00:00,317.1,330.4,312.1,328.3,1087140.698,315.61,382.08000000000004,48.735471536180505,-16.42259002555602,-22.290911005183446,5.868320979627427
2022-05-25 00:00:00+00:00,328.3,337.9,324.0,325.7,1057736.755,312.975,380.5783333333333,47.9951643169604,-14.34349931663155,-20.701428667473067,6.357929350841516
2022-05-26 00:00:00+00:00,325.7,331.8,296.7,303.0,1539437.598,309.16999999999996,378.4533333333333,41.99695269760185,-14.361949623694898,-19.433532858717435,5.071583235022537
2022-05-27 00:00:00+00:00,303.0,309.8,290.6,301.6,1460549.008,305.975,376.31000000000006,41.651221235798936,-14.324416962577118,-18.41170967948937,4.087292716912252
2022-05-28 00:00:00+00:00,301.5,310.5,296.9,307.5,601654.504,303.555,374.1983333333334,43.75273011964703,-13.661114541899906,-17.461590651971477,3.800476110071571
2022-05-29 00:00:00+00:00,307.6,308.2,298.6,305.8,519507.747,304.04,371.9266666666667,43.269159934645224,-13.121363476789213,-16.593545216935023,3.4721817401458104
2022-05-30 00:00:00+00:00,305.9,324.0,303.9,321.8,1006928.231,304.175,370.14166666666665,48.984147046280775,-11.272597104103738,-15.529355594368766,4.256758490265028
2022-05-31 00:00:00+00:00,321.8,324.8,313.5,320.9,701746.39,306.64500000000004,368.02833333333336,48.68703750393531,-9.767465648534198,-14.376977605201855,4.609511956667657
2022-06-01 00:00:00+00:00,321.0,324.5,297.6,300.4,817984.609,308.215,365.7483333333333,42.381357236889535,-10.11224908763461,-13.524031901688407,3.4117828140537974
2022-06-02 00:00:00+00:00,300.5,309.2,298.2,308.3,477670.4,309.1,363.38000000000005,45.320373885578746,-9.636939826671835,-12.746613486685092,3.1096736600132573
2022-06-03 00:00:00+00:00,308.4,310.3,293.3,298.6,468996.677,309.18500000000006,360.89666666666665,42.45675544302291,-9.928513028747489,-12.182993395097572,2.2544803663500836
2022-06-04 00:00:00+00:00,298.6,302.9,294.8,301.3,293533.108,308.63,358.5066666666667,43.52641055777086,-9.828423508678611,-11.71207941781378,1.8836559091351681
2022-06-05 00:00:00+00:00,301.4,302.5,295.0,299.1,269695.901,308.725,356.49,42.827825881848234,-9.813499542713771,-11.332363442793778,1.5188639000800066
2022-06-06 00:00:00+00:00,299.1,312.3,288.0,295.1,758590.86,308.17,354.14166666666665,41.52292905275139,-10.009060543251735,-11.067702862885369,1.058642319633634
2022-06-07 00:00:00+00:00,295.1,295.9,273.5,290.3,969784.619,308.3,351.955,39.94991732090087,-10.431120466257255,-10.940386383559746,0.5092659173024909
2022-06-08 00:00:00+00:00,290.3,294.6,283.9,288.5,509510.455,307.37,349.65333333333336,39.34793753967092,-10.786510770990844,-10.909611261045965,0.12310049005512091
2022-06-09 00:00:00+00:00,288.5,293.4,286.3,289.9,335495.073,306.755,347.51666666666665,40.103907820172054,-10.830346357081282,-10.89375828025303,0.06341192317174738
2022-06-10 00:00:00+00:00,289.9,298.9,283.2,286.4,817523.364,305.455,345.7133333333333,38.80183258644637,-11.020470005931884,-10.9191006253888,-0.10136938054308331
2022-06-11 00:00:00+00:00,286.4,290.6,265.2,269.9,584351.456,302.98,343.3183333333333,33.3110061180797,-12.36007719513475,-11.20729593933799,-1.152781255796759
2022-06-12 00:00:00+00:00,269.9,272.0,251.1,254.8,827755.035,299.86,340.5083333333333,29.233917226177397,-14.473329811232304,-11.860502713716855,-2.6128270975154493
2022-06-13 00:00:00+00:00,254.8,257.8,213.2,223.0,2377589.4089,294.59499999999997,337.31333333333333,22.882155261771217,-18.500825965596675,-13.18856736409282,-5.312258601503855
2022-06-14 00:00:00+00:00,222.9,231.4,204.1,223.0,1922025.0844,289.46,334.075,22.882155261771217,-21.445436047043415,-14.839941100682942,-6.605494946360473
2022-06-15 00:00:00+00:00,223.1,234.7,198.4,233.6,2105397.5515,285.99,331.0133333333334,28.857772512688626,-22.662490258467074,-16.40445093223977,-6.258039326227305
2022-06-16 00:00:00+00:00,233.6,237.2,207.7,210.2,975592.873,281.41999999999996,327.73999999999995,24.368714794275064,-25.22442742971387,-18.168446231734592,-7.055981197979278
2022-06-17 00:00:00+00:00,210.3,222.1,207.7,215.8,690834.308,276.835,324.39000000000004,27.28398818364012,-26.497461653001608,-19.834249315987996,-6.663212337013611
2022-06-18 00:00:00+00:00,215.8,219.0,183.4,197.0,1404690.4959,271.395,320.63500000000005,23.946806046382164,-28.692602863235578,-21.605920025437513,-7.086682837798065
2022-06-19 00:00:00+00:00,197.0,217.0,189.7,215.1,1102166.171,266.06000000000006,317.24666666666667,32.50617081039837,-28.641586969678343,-23.01305341428568,-5.628533555392664
2022-06-20 00:00:00+00:00,215.1,219.8,204.8,216.5,880400.844,260.84000000000003,314.1066666666667,33.13302981182085,-28.16353648931664,-24.043150029291873,-4.120386460024768
2022-06-21 00:00:00+00:00,216.5,228.4,213.1,220.1,829003.565,256.825,310.9983333333333,34.80970106915818,-27.180864044710574,-24.670692832375615,-2.51017121233496
2022-06-22 00:00:00+00:00,220.2,221.0,211.2,214.4,690466.465,252.13000000000002,307.88666666666666,33.38241488243631,-26.555911399566668,-25.047736545813827,-1.5081748537528412
2022-06-23 00:00:00+00:00,214.4,231.7,214.0,228.9,783796.952,248.64499999999998,305.05500000000006,40.1097731525657,-24.606949510641158,-24.959579138779297,0.35262962813813914
2022-06-24 00:00:00+00:00,229.0,243.3,228.3,240.2,707275.387,245.59,302.31999999999994,44.78902293632746,-21.898139489281988,-24.347291208879838,2.4491517195978503
2022-06-25 00:00:00+00:00,240.3,242.1,229.7,239.7,490948.31,242.61999999999998,299.8833333333333,44.622890583897735,-19.5661870282253,-23.39107037274893,3.8248833445236308
2022-06-26 00:00:00+00:00,239.7,245.2,233.2,233.9,456762.547,239.56,297.26000000000005,42.64677869370001,-17.978860319098544,-22.308628362018855,4.3297680429203105
2022-06-27 00:00:00+00:00,234.0,241.0,230.0,233.8,483616.798,236.73499999999999,294.37166666666667,42.61174065430129,-16.53831819292688,-21.15456632820046,4.61624813527358
2022-06-28 00:00:00+00:00,233.9,242.8,225.9,226.9,632626.779,233.65500000000003,291.60333333333335,40.159965342475644,-15.77164480982455,-20.07798202452528,4.306337214700729
2022-06-29 00:00:00+00:00,227.0,229.8,215.4,219.7,711780.691,230.14499999999998,288.97999999999996,37.72101556069912,-15.565599910700797,-19.175505601760385,3.6099056910595877
2022-06-30 00:00:00+00:00,219.7,220.3,205.4,219.6,791526.898,226.805,286.14166666666665,37.68678210253653,-15.234760175937737,-18.387356516595855,3.1525963406581177
2022-07-01 00:00:00+00:00,219.6,226.8,213.5,216.9,816261.885,224.15499999999997,283.265,36.71785056188212,-15.01732437034346,-17.713350087345376,2.696025717001916
2022-07-02 00:00:00+00:00,216.9,219.7,213.8,218.3,342712.099,222.33,280.50500000000005,37.61351129467599,-14.564150170856834,-17.08351010404767,2.5193599331908345
2022-07-03 00:00:00+00:00,218.4,220.1,213.9,219.2,361103.065,222.14000000000001,277.4483333333333,38.218876246100265,-13.971331066747865,-16.46107429658771,2.4897432298398456
2022-07-04 00:00:00+00:00,219.2,232.2,214.8,231.5,514662.946,222.565,275.0,45.939526212346784,-12.366457625446003,-15.64215096235937,3.275693336913367
2022-07-05 00:00:00+00:00,231.6,236.6,222.9,230.8,684927.621,222.425,272.52833333333336,45.59034684975293,-11.023990312455112,-14.71851883237852,3.6945285199234075
2022-07-06 00:00:00+00:00,230.8,240.0,229.0,238.6,644951.713,223.84500000000003,270.41333333333336,50.13824626990989,-9.224347941166485,-13.619684654136114,4.395336712969629
2022-07-07 00:00:00+00:00,238.6,243.8,230.0,241.4,488193.225,225.125,268.505,51.699016524926705,-7.485889126724743,-12.39292554865384,4.907036421929098
2022-07-08 00:00:00+00:00,241.4,247.7,237.0,240.7,643936.034,227.31,267.5816666666667,51.266966787489814,-6.09437992308267,-11.133216423539608,5.038836500456938
2022-07-09 00:00:00+00:00,240.7,245.0,240.4,243.3,267778.165,228.71999999999997,266.3183333333333,52.843324006701366,-4.727307129082931,-9.852034564648273,5.124727435565342
2022-07-10 00:00:00+00:00,243.3,243.5,231.7,234.7,396712.237,229.62999999999997,265.70500000000004,47.38361862838311,-4.2884061408599905,-8.739308879890617,4.450902739030626
2022-07-11 00:00:00+00:00,234.7,235.0,225.1,225.6,419335.067,229.90500000000003,264.9816666666667,42.39252220565237,-4.621593045917706,-7.915765713096035,3.294172667178329
2022-07-12 00:00:00+00:00,225.7,228.3,220.2,220.6,410220.066,230.21499999999997,263.815,39.90531603843212,-5.22882958924302,-7.378378488325433,2.149548899082413
2022-07-13 00:00:00+00:00,220.6,231.3,216.4,230.5,714589.61,230.295,262.7083333333333,46.58745735154253,-4.855253324449535,-6.873753455550254,2.018500131100719
2022-07-14 00:00:00+00:00,230.5,240.0,227.1,238.5,577524.874,230.20999999999998,261.4766666666667,51.299928208540805,-3.869058207309905,-6.272814405902185,2.40375619859228
2022-07-15 00:00:00+00:00,238.6,242.7,235.4,238.5,446513.822,230.15,260.49833333333333,51.299928208540805,-3.0523063838266182,-5.6287128014870715,2.5764064176604533
2022-07-16 00:00:00+00:00,238.6,251.5,233.9,249.8,423399.994,230.945,259.55833333333334,57.449785052369144,-1.4761924892590628,-4.79820873904147,3.322016249782407
2022-07-17 00:00:00+00:00,249.8,256.1,246.4,247.8,436448.547,231.64499999999998,258.8933333333333,56.09948430043048,-0.384066873979549,-3.9153803660290856,3.5313134920495366
2022-07-18 00:00:00+00:00,247.8,265.6,247.6,264.1,747067.029,233.50500000000002,258.1766666666667,63.607086010125364,1.776248828863146,-2.7770545270506393,4.553303355913785
2022-07-19 00:00:00+00:00,264.1,274.8,255.8,268.6,946386.94,235.95,257.6166666666667,65.36792524128853,3.8075360737813355,-1.4601364068842442,5.2676724806655795
2022-07-20 00:00:00+00:00,268.6,272.0,256.4,258.2,771496.808,237.87999999999997,256.7133333333333,58.34219965920474,4.525980085340819,-0.26291310843923155,4.788893193780051
2022-07-21 00:00:00+00:00,258.3,266.0,250.7,265.6,545140.272,240.315,255.81666666666666,61.51202010743776,5.6275988398635945,0.9151892812213337,4.7124095586422605
2022-07-22 00:00:00+00:00,265.6,271.4,261.1,262.4,508542.317,242.51999999999998,254.9033333333333,59.40689400140847,6.1712876208730165,1.9664089491516705,4.204878671721346
2022-07-23 00:00:00+00:00,262.5,272.6,252.7,259.2,488326.247,244.52000000000004,253.75166666666667,57.29524659424904,6.271655895215218,2.82745833836438,3.4441975568508383
2022-07-24 00:00:00+00:00,259.2,266.2,257.1,261.4,333902.611,246.01500000000001,252.67999999999998,58.39030301494766,6.454318721036401,3.552830414898785,2.901488306137616
2022-07-25 00:00:00+00:00,261.4,262.7,243.8,244.6,458768.533,246.705,251.70666666666665,48.22145276114563,5.183706191739191,3.879005570266866,1.3047006214723247
2022-07-26 00:00:00+00:00,244.7,249.6,239.6,249.4,365533.647,247.24499999999998,250.83666666666667,50.85491935753384,4.512044452925238,4.00561334679854,0.5064311061266977
2022-07-27 00:00:00+00:00,249.5,272.0,247.5,271.6,656773.695,248.75500000000002,250.23833333333334,60.78817164937115,5.705334606812613,4.345557598801355,1.3597770080112586
2022-07-28 00:00:00+00:00,271.6,280.8,263.6,277.2,669832.4,250.58,249.76166666666666,62.829128814213995,7.021954133569778,4.880836905755039,2.141117227814739
2022-07-29 00:00:00+00:00,277.2,302.0,274.8,293.6,1077799.221,253.09499999999997,249.29166666666666,68.07054667624084,9.281733487769031,5.761016222157838,3.520717265611194
2022-07-30 00:00:00+00:00,293.6,300.2,285.1,287.8,683111.103,255.75,248.74000000000004,64.60114117188792,10.483763084503323,6.705565594626934,3.778197489876389
2022-07-31 00:00:00+00:00,287.8,297.1,282.1,283.4,564727.273,258.64,248.45666666666665,62.0187147707401,10.955053929984558,7.55546326169846,3.3995906682860983
2022-08-01 00:00:00+00:00,283.5,290.5,277.9,283.2,493847.804,261.77000000000004,248.03833333333333,61.89759263386034,11.183500559008507,8.28107072116047,2.9024298378480378
2022-08-02 00:00:00+00:00,283.3,291.1,274.2,283.8,627814.081,264.43500000000006,247.79166666666666,62.13649886098835,11.282898908710877,8.881436358670552,2.401462550040325
2022-08-03 00:00:00+00:00,283.8,305.7,278.2,297.5,685924.62,267.38500000000005,247.72833333333335,67.19446763581604,12.325072556953955,9.570163598327234,2.7549089586267215
2022-08-04 00:00:00+00:00,297.6,313.4,297.2,311.8,808604.152,271.05,247.94,71.47742935316631,14.141874445954045,10.484505767852596,3.6573686781014487
2022-08-05 00:00:00+00:00,311.9,321.5,308.1,315.9,641807.573,274.355,248.28666666666666,72.58266490268156,15.731199294077157,11.53384447309751,4.197354820979648
2022-08-06 00:00:00+00:00,315.9,322.9,312.6,315.2,394288.536,277.725,248.70166666666668,72.06919532120129,16.74128344238926,12.57533226695586,4.165951175433401
2022-08-07 00:00:00+00:00,315.3,325.9,308.2,322.8,415090.183,280.65999999999997,249.27333333333334,74.20298451384849,17.948143861238975,13.649894585812484,4.298249275426491
2022-08-08 00:00:00+00:00,322.7,334.0,320.8,324.9,580206.607,283.475,249.85666666666668,74.77639496797252,18.856673888984687,14.691250446446926,4.165423442537762
2022-08-09 00:00:00+00:00,324.9,328.3,312.4,324.4,500589.395,286.785,250.48999999999998,74.35262726519274,19.313708253868185,15.615742007931178,3.697966245937007
2022-08-10 00:00:00+00:00,324.5,336.8,313.6,328.8,831222.11,289.945,251.47166666666666,75.65986240890985,19.802681522607543,16.45312991086645,3.3495516117410915
2022-08-11 00:00:00+00:00,328.8,334.7,322.0,323.6,549578.328,293.005,252.61833333333334,71.05077443154404,19.54529383831374,17.07156269635591,2.4737311419578276
2022-08-12 00:00:00+00:00,323.5,328.1,317.7,327.9,384848.843,296.43999999999994,254.36666666666667,72.54045314553551,19.46391837240475,17.55003383156568,1.9138845408390672
2022-08-13 00:00:00+00:00,327.9,333.0,322.8,324.3,405066.252,299.585,256.055,69.32413606930183,18.891172142733524,17.81826149379925,1.0729106489342755
2022-08-14 00:00:00+00:00,324.3,331.0,315.8,317.6,378353.918,303.235,257.455,63.66636186818374,17.692682394213534,17.79314567388211,-0.10046327966857405
2022-08-15 00:00:00+00:00,317.6,327.4,313.6,319.5,455916.278,306.74,259.27666666666664,64.54993333514354,16.703635640880634,17.575243667281814,-0.8716080264011801
2022-08-16 00:00:00+00:00,319.4,322.4,312.0,316.1,370975.919,308.965,260.9483333333333,61.6602638324923,15.467161567575602,17.153627247340573,-1.6864656797649715
2022-08-17 00:00:00+00:00,316.0,324.0,304.2,306.9,504236.732,310.45,262.78,54.544856404560115,13.588246990854259,16.440551196043312,-2.8523042051890535
2022-08-18 00:00:00+00:00,306.8,311.0,295.8,298.1,409051.886,310.675,264.1633333333333,48.7499300720044,11.25931680121954,15.404304317078559,-4.144987515859018
2022-08-19 00:00:00+00:00,298.1,298.2,276.2,279.1,870296.511,310.24,265.20666666666665,39.09282807551762,7.790675577987486,13.881578569260345,-6.090902991272859
2022-08-20 00:00:00+00:00,279.0,289.4,277.0,283.7,513021.106,310.255,266.26666666666665,42.08412390651583,5.351248117301566,12.17551247886859,-6.824264361567025
2022-08-21 00:00:00+00:00,283.8,304.2,283.4,301.9,528156.209,311.19,267.725,52.106405553571136,4.830884743632566,10.706586931821386,-5.87570218818882
2022-08-22 00:00:00+00:00,301.9,304.9,288.8,300.0,638895.985,312.0,268.91,51.11201077352659,4.216572872596885,9.408584119976487,-5.192011247379602
2022-08-23 00:00:00+00:00,300.0,301.7,293.8,299.3,403374.952,312.09,269.895,50.72791120181562,3.6313818297900866,8.253143661939207,-4.6217618321491205
2022-08-24 00:00:00+00:00,299.3,300.5,294.3,296.4,344126.265,311.32000000000005,270.84,49.082288384865,2.900176518989383,7.182550233349242,-4.282373714359859
2022-08-25 00:00:00+00:00,296.4,307.5,296.0,301.2,398617.06,310.585,271.9616666666667,51.86563013448704,2.67715040347332,6.281470267374059,-3.6043198639007388
2022-08-26 00:00:00+00:00,301.2,302.3,277.2,279.6,594770.355,308.805,272.725,41.00348454538863,0.7488290833000519,5.174942030559257,-4.426112947259205
2022-08-27 00:00:00+00:00,279.6,284.8,273.3,277.9,412732.716,306.56,273.575,40.288337803689096,-0.9061101741951916,3.9587315896083677,-4.864841763803559
2022-08-28 00:00:00+00:00,277.9,284.1,275.6,276.5,312819.026,304.14,274.52166666666665,39.674644700279906,-2.3040698753758875,2.706171296611517,-5.0102411719874045
2022-08-29 00:00:00+00:00,276.5,286.7,272.3,285.9,481690.832,302.215,275.6266666666667,45.6598273480456,-2.6232226911114367,1.640292499066926,-4.263515190178363
2022-08-30 00:00:00+00:00,285.9,292.0,276.1,281.6,436765.765,299.855,276.705,43.53211659349582,-3.1863968608060986,0.6749546270923212,-3.86135148789842
2022-08-31 00:00:00+00:00,281.7,290.0,277.7,279.2,388909.545,297.635,277.72,42.346024428777625,-3.782770961156018,-0.2165904905573467,-3.5661804705986713
2022-09-01 00:00:00+00:00,279.3,280.3,270.7,278.3,415193.212,295.15500000000003,278.705,41.88514783021093,-4.278701997485314,-1.0290127919429402,-3.2496892055423734
2022-09-02 00:00:00+00:00,278.3,283.4,273.7,277.5,321409.948,292.815,279.47166666666664,41.453267974018246,-4.682309481817583,-1.759672129917869,-2.922637351899714
2022-09-03 00:00:00+00:00,277.4,278.8,274.2,277.8,148504.883,290.825,280.255,41.69605016361188,-4.921234895675411,-2.391984683069378,-2.5292502126060334
2022-09-04 00:00:00+00:00,277.8,280.6,275.0,279.1,193440.808,288.80499999999995,280.93000000000006,42.80291562885926,-4.948641018832689,-2.9033159502220403,-2.0453250686106483
2022-09-05 00:00:00+00:00,279.1,282.0,273.4,276.9,258958.149,286.845,281.52166666666665,41.37151151753265,-5.089216858698535,-3.340496131917339,-1.7487207267811957
2022-09-06 00:00:00+00:00,276.9,286.3,261.0,262.5,640922.531,284.625,281.885,33.4794315478582,-6.290075800374666,-3.9304120656088046,-2.3596637347658613
2022-09-07 00:00:00+00:00,262.5,280.4,258.6,278.9,431827.218,283.665,282.47833333333335,46.09213678099365,-5.850975816783318,-4.314524815843708,-1.5364510009396106
2022-09-08 00:00:00+00:00,279.0,282.9,275.4,280.5,385559.749,283.735,283.2416666666667,47.1450647389612,-5.31263849839371,-4.514147552353708,-0.798490946040002
2022-09-09 00:00:00+00:00,280.6,295.9,280.0,293.4,541869.409,284.22,284.37166666666667,54.80901621778954,-3.8012615281637636,-4.3715703475157195,0.5703088193519559
2022-09-10 00:00:00+00:00,293.4,298.6,290.3,296.7,328332.542,283.96,285.64,56.544885480196385,-2.310567189343544,-3.9593697158812846,1.6488025265377404
2022-09-11 00:00:00+00:00,296.7,298.1,289.7,295.3,261093.945,283.725,286.71999999999997,55.569667290776614,-1.2279939359734158,-3.4130945598997107,2.185100623926295
2022-09-12 00:00:00+00:00,295.3,300.0,290.8,294.1,408686.168,283.46500000000003,287.64666666666665,54.69885491470119,-0.46155627095714635,-2.822786902111198,2.3612306311540516
2022-09-13 00:00:00+00:00,294.1,298.6,275.4,277.4,578322.33,282.515,288.29499999999996,44.2956377687202,-1.1880047525431792,-2.495830472197594,1.307825719654415
2022-09-14 00:00:00+00:00,277.5,282.8,273.3,279.3,424974.985,281.41999999999996,288.7866666666667,45.564154542887756,-1.5920540785431854,-2.3150751934667126,0.7230211149235273
2022-09-15 00:00:00+00:00,279.4,280.5,266.3,271.1,520635.261,280.995,289.175,41.20318792704197,-2.5446049285027925,-2.3609811404739287,-0.1836237880288638
2022-09-16 00:00:00+00:00,271.1,276.6,268.5,274.9,311737.818,280.84499999999997,289.3550000000001,43.883612430747895,-2.958773202078021,-2.480539552794747,-0.4782336492832737
2022-09-17 00:00:00+00:00,274.9,279.9,274.7,279.1,189707.951,280.975,289.53,46.771904479522576,-2.9145030665363265,-2.567332255543063,-0.3471708109932634
2022-09-18 00:00:00+00:00,279.1,280.3,263.1,266.2,327883.908,279.99,289.6633333333333,39.9675888482536,-3.875664606308078,-2.8289987256960663,-1.0466658806120117
2022-09-19 00:00:00+00:00,266.3,273.0,256.7,271.9,508029.19,279.505,289.7683333333333,43.8543289609206,-4.129843424006083,-3.0891676653580697,-1.040675758648013
2022-09-20 00:00:00+00:00,272.0,273.7,265.2,266.3,335455.454,278.86,289.8333333333333,41.04284852860724,-4.728646276344932,-3.4170633875554426,-1.3115828887894896
2022-09-21 00:00:00+00:00,266.3,276.4,260.3,264.0,535775.821,278.145,289.91333333333336,39.911123195105255,-5.327381886851413,-3.799127087414637,-1.528254799436776
2022-09-22 00:00:00+00:00,264.0,276.7,263.5,275.3,339390.821,278.03499999999997,290.14500000000004,47.5615963547945,-4.8343413322699575,-4.006169936385701,-0.8281713958842563
2022-09-23 00:00:00+00:00,275.4,277.9,268.3,276.7,363390.805,277.97999999999996,290.68000000000006,48.43751213187058,-4.281282876888213,-4.061192524486204,-0.2200903524020088
2022-09-24 00:00:00+00:00,276.7,285.0,274.2,274.4,324988.432,277.745,291.09666666666664,47.047141418349405,-3.982661205271313,-4.045486260643226,0.06282505537191252
2022-09-25 00:00:00+00:00,274.4,280.0,270.9,274.3,220895.598,277.615,291.14166666666665,46.98399400546195,-3.711289112633949,-3.9786468310413703,0.2673577184074212
2022-09-26 00:00:00+00:00,274.3,276.9,270.8,276.1,267919.665,278.29499999999996,291.12333333333333,48.32840295497807,-3.312792013130206,-3.8454758674591374,0.5326838543289312
2022-09-27 00:00:00+00:00,276.1,286.6,269.2,272.3,406749.835,277.96500000000003,290.7683333333333,45.69401642841739,-3.2659604734832897,-3.729572788663968,0.46361231518067836
2022-09-28 00:00:00+00:00,272.3,283.7,266.3,281.6,357981.397,278.02000000000004,290.66499999999996,52.51596861732816,-2.4501698316120155,-3.4736921972535777,1.0235223656415622
2022-09-29 00:00:00+00:00,281.6,285.6,277.1,284.1,301167.344,277.55499999999995,290.6766666666667,54.18220612005871,-1.5836652565662348,-3.0956868091161094,1.5120215525498746
2022-09-30 00:00:00+00:00,284.2,289.8,280.5,284.8,391981.587,276.96,290.7033333333333,54.661934074429126,-0.8308919825951762,-2.642727843811923,1.8118358612167467
2022-10-01 00:00:00+00:00,284.9,285.4,277.7,282.9,196754.497,276.34,290.6883333333334,53.038653518958924,-0.38321044905552526,-2.190824364860643,1.8076139158051179
2022-10-02 00:00:00+00:00,282.9,287.9,279.4,284.7,200690.251,275.87,290.475,54.4196415548541,0.11549400541633759,-1.729560690805247,1.8450546962215846
2022-10-03 00:00:00+00:00,284.7,289.1,283.1,286.9,275974.883,276.34499999999997,290.06,56.11815546952143,0.6803992731032622,-1.2475686980235452,1.9279679711268074
2022-10-04 00:00:00+00:00,287.0,298.2,286.3,296.2,321841.165,277.19,289.7316666666667,62.482707149584414,1.857115374304101,-0.626631883558016,2.4837472578621167
2022-10-05 00:00:00+00:00,296.3,296.4,289.2,294.2,221018.685,278.34499999999997,289.3816666666667,60.45209930119154,2.5983360761075005,0.018361708375087327,2.5799743677324134
2022-10-06 00:00:00+00:00,294.2,298.1,278.6,287.0,450036.833,278.95,288.785,53.687714249042905,2.5750949042884486,0.5297083475577595,2.045386556730689
2022-10-07 00:00:00+00:00,286.9,287.0,279.1,282.3,354485.961,279.11,288.075,49.77249246416532,2.152611423184794,0.8542889626831665,1.2983224605016277
2022-10-08 00:00:00+00:00,282.2,282.7,275.4,276.4,183653.119,279.62,287.275,45.3059119411301,1.3264193918564615,0.9487150485178255,0.377704343338636
2022-10-09 00:00:00+00:00,276.3,279.4,275.1,278.2,171008.247,279.935,286.4316666666666,46.87234416616343,0.8075917958943251,0.9204903979931255,-0.11289860209880043
2022-10-10 00:00:00+00:00,278.2,279.2,271.3,271.5,216924.869,280.19500000000005,285.56333333333333,42.04535595686044,-0.14257332112327958,0.7078776541698446,-0.8504509752931242
2022-10-11 00:00:00+00:00,271.5,274.0,267.2,271.4,222137.683,280.565,284.62166666666667,41.97587445503398,-0.8933571213949563,0.3876306990568844,-1.2809878204518408
2022-10-12 00:00:00+00:00,271.3,272.9,269.2,270.9,167816.904,280.34499999999997,283.7316666666666,41.60565586394738,-1.5112833794835865,0.007847883348790219,-1.5191312628323768
2022-10-13 00:00:00+00:00,270.9,273.7,256.8,271.6,540797.212,280.09000000000003,282.96500000000003,42.37196673864851,-1.922350580214129,-0.37819180936379365,-1.5441587708503353
2022-10-14 00:00:00+00:00,271.6,276.8,267.6,269.4,298386.918,279.84,282.13,40.569992987205985,-2.3980032237470823,-0.7821540922404515,-1.6158491315066308
2022-10-15 00:00:00+00:00,269.4,271.4,267.4,268.2,144084.716,279.53499999999997,281.33166666666665,39.5812074067411,-2.8390643749623905,-1.1935361487848395,-1.645528226177551
2022-10-16 00:00:00+00:00,268.2,273.9,267.9,272.5,185597.074,279.355,280.7583333333333,44.77522088412133,-2.8092511529804938,-1.5166791496239704,-1.2925720033565233
2022-10-17 00:00:00+00:00,272.4,275.9,269.8,275.6,187187.58,279.52,280.3833333333333,48.23049841128375,-2.506585510083198,-1.7146604217158163,-0.7919250883673818
2022-10-18 00:00:00+00:00,275.7,276.0,270.1,273.1,195691.117,279.09499999999997,280.28333333333336,45.744771528718395,-2.4403194307752756,-1.8597922235277085,-0.5805272072475671
2022-10-19 00:00:00+00:00,273.2,273.9,270.3,272.0,153657.96,278.49,280.0883333333333,44.65425594440173,-2.448340942077891,-1.9775019672377452,-0.47083897484014603
2022-10-20 00:00:00+00:00,271.9,273.4,267.3,269.0,166135.496,277.7,279.54,41.732285389888915,-2.6660405199693855,-2.1152096777840734,-0.5508308421853121
2022-10-21 00:00:00+00:00,269.0,271.2,263.4,270.1,195432.212,277.06000000000006,279.0416666666667,43.199920310276546,-2.7184713514232044,-2.2358620125118995,-0.48260933891130486
2022-10-22 00:00:00+00:00,270.1,271.1,268.4,270.4,84044.883,276.34499999999997,278.56,43.61703092961365,-2.704638283742611,-2.329617266758042,-0.3750210169845687
2022-10-23 00:00:00+00:00,270.5,276.8,268.7,276.0,134390.843,275.8,278.22,50.86977729703963,-2.216254674776394,-2.3069447483617127,0.09069007358531866
2022-10-24 00:00:00+00:00,275.9,277.4,271.6,274.1,154182.094,274.69500000000005,277.7683333333333,48.586189841431924,-1.9599284321415666,-2.2375414851176836,0.27761305297611694
2022-10-25 00:00:00+00:00,274.2,289.9,272.0,284.2,387523.125,274.19500000000005,277.845,59.09756297845201,-0.9310696559217604,-1.976247119278499,1.0451774633567386
2022-10-26 00:00:00+00:00,284.2,292.0,284.1,290.2,316408.936,274.355,278.05,63.82863078170729,0.3642592389048218,-1.508145847641835,1.8724050865466568
2022-10-27 00:00:00+00:00,290.3,293.3,284.7,286.7,315734.808,274.575,278.22,59.504848488874984,1.09576467799792,-0.9873637425138841,2.0831284205118044
2022-10-28 00:00:00+00:00,286.8,301.1,285.7,297.9,416648.243,275.65,278.41999999999996,67.16904265795671,2.5498414216976357,-0.2799227096715803,2.829764131369216
2022-10-29 00:00:00+00:00,297.9,308.4,295.6,304.4,553646.125,276.96,278.8,70.64178909263049,4.178535834320542,0.6117689991268441,3.5667668351936976
2022-10-30 00:00:00+00:00,304.5,318.8,302.3,313.5,538624.403,279.06,279.37166666666667,74.6798151591638,6.132885749232287,1.7159923491479327,4.416893400084354
2022-10-31 00:00:00+00:00,313.6,337.9,306.5,325.7,1047801.477,281.775,280.1616666666667,78.87490547064937,8.567400517334306,3.0862739827852077,5.481126534549098
2022-11-01 00:00:00+00:00,325.8,334.6,317.4,323.9,550045.706,284.425,280.935,76.85176677433772,10.233559945136903,4.515731175255548,5.717828769881356
2022-11-02 00:00:00+00:00,323.8,330.0,315.3,320.2,561329.564,286.855,281.64166666666665,72.72253089550576,11.12717704731682,5.8380203496678025,5.289156697649018
2022-11-03 00:00:00+00:00,320.2,338.7,318.0,329.5,622354.86,289.86,282.4816666666666,76.18601932322372,12.442379312018318,7.158892142137907,5.283487169880411
2022-11-04 00:00:00+00:00,329.6,358.9,328.3,354.6,751709.582,294.17999999999995,283.7766666666667,82.60546953481487,15.333294142630393,8.793772542236404,6.539521600393989
2022-11-05 00:00:00+00:00,354.7,361.3,346.1,349.2,411760.064,298.015,285.22166666666664,77.74958196989041,16.99274827894891,10.433567689578906,6.559180589370003
2022-11-06 00:00:00+00:00,349.1,356.0,337.7,337.9,390974.879,301.13,286.205,68.65465577195704,17.19781635408225,11.786417422479575,5.411398931602674
2022-11-07 00:00:00+00:00,337.8,344.4,326.4,337.0,740465.512,304.325,287.14666666666665,67.9726561918599,17.090700841960654,12.847274106375792,4.243426735584862
2022-11-08 00:00:00+00:00,337.0,398.3,298.0,327.4,3103916.384,307.09499999999997,287.71333333333337,61.01066774130181,16.046200644806106,13.487059414061855,2.5591412307442507
2022-11-09 00:00:00+00:00,327.4,333.1,260.2,267.3,1901075.899,307.01,287.22333333333336,36.08951845519824,10.250695354786899,12.839786602206866,-2.589091247419967
2022-11-10 00:00:00+00:00,267.1,313.0,263.2,304.0,1411238.91,308.705,287.3683333333334,49.62205017371767,8.52087559360615,11.976004400486723,-3.4551288068805732
2022-11-11 00:00:00+00:00,304.1,306.0,279.0,290.4,695145.641,309.705,287.3066666666666,45.75563014240849,5.983599420674125,10.777523404524205,-4.79392398385008
2022-11-12 00:00:00+00:00,290.4,294.5,271.6,282.8,545359.355,310.04499999999996,287.3966666666667,43.706183658613604,3.3212480097368484,9.286268325566734,-5.965020315829886
2022-11-13 00:00:00+00:00,282.9,286.5,273.2,276.4,442278.921,310.15999999999997,287.3483333333333,42.00012601823692,0.6869698614556228,7.566408632744512,-6.879438771288889
2022-11-14 00:00:00+00:00,276.4,292.0,268.0,279.0,818725.897,309.9,287.47999999999996,42.97399783376531,-1.177344583624631,5.817657989470684,-6.995002573095315
2022-11-15 00:00:00+00:00,279.0,282.4,273.2,277.0,445565.664,309.24,287.515,42.38444520370531,-2.78411693138122,4.097303005300303,-6.881419936681523
2022-11-16 00:00:00+00:00,277.0,280.2,268.8,271.8,402896.799,308.495,287.3933333333333,40.816570454137455,-4.4260711419439644,2.392628175851449,-6.818699317795414
2022-11-17 00:00:00+00:00,271.9,273.5,262.9,267.9,367805.83,306.995,287.4216666666667,39.6324345197047,-5.973174057433937,0.7194677291943719,-6.692641786628309
2022-11-18 00:00:00+00:00,268.0,274.8,267.7,274.1,277946.366,305.47999999999996,287.4583333333333,42.48889692777344,-6.622634472049413,-0.7489527110543852,-5.873681760995027
2022-11-19 00:00:00+00:00,274.1,274.6,268.9,272.6,194104.28,303.435,287.56333333333333,41.97145321959871,-7.175657480969733,-2.034293665037455,-5.141363815932278
2022-11-20 00:00:00+00:00,272.6,273.8,261.8,264.2,306587.581,300.36,287.56666666666666,39.09978209263682,-8.197249211822225,-3.266884774394409,-4.930364437427816
2022-11-21 00:00:00+00:00,264.2,265.3,250.0,253.9,581026.19,296.86,287.21,35.859878202541395,-9.725878069762814,-4.55868343346809,-5.167194636294724
2022-11-22 00:00:00+00:00,254.0,267.8,252.0,266.7,357164.445,294.185,287.0433333333333,42.26270364556626,-9.791602923479616,-5.605267331470396,-4.18633559200922
2022-11-23 00:00:00+00:00,266.8,301.8,264.8,298.8,1224050.689,292.65,287.45,54.52327722733593,-7.170827775554244,-5.918379420287166,-1.2524483552670782
2022-11-24 00:00:00+00:00,298.9,304.1,293.9,300.2,550792.655,289.93,287.8816666666667,54.97237517473801,-4.924114166489687,-5.719526369527671,0.7954122030379835
2022-11-25 00:00:00+00:00,300.3,306.6,294.1,300.8,465733.483,287.51000000000005,288.2933333333333,55.1766730717237,-3.059889952362255,-5.187599086094588,2.127709133732333
2022-11-26 00:00:00+00:00,300.8,317.8,299.9,311.4,569578.773,286.185,288.945,58.73847247831476,-0.7188608392725087,-4.293851436730173,3.5749905974576643
2022-11-27 00:00:00+00:00,311.4,316.7,306.3,307.6,310095.845,284.71500000000003,289.37833333333333,56.9901263986655,0.8203370224276796,-3.2710137448986027,4.091350767326283
2022-11-28 00:00:00+00:00,307.7,309.6,286.6,293.5,603763.83,283.02000000000004,289.53499999999997,50.93228229584677,0.8921263782049209,-2.4383857202778985,3.3305120984828194
2022-11-29 00:00:00+00:00,293.5,305.3,289.0,295.4,422502.385,284.425,289.7116666666667,51.6776755552244,1.089771869162007,-1.7327542023899174,2.8225260715519243
2022-11-30 00:00:00+00:00,295.4,305.5,292.5,300.6,467009.694,284.255,290.0066666666666,53.7485299772194,1.6470180872149172,-1.0567997444689505,2.7038178316838675
2022-12-01 00:00:00+00:00,300.6,302.0,290.0,292.3,798867.735,284.35,290.1333333333333,50.06080113240864,1.4027293054932102,-0.5648939344765185,1.9676232399697287
2022-12-02 00:00:00+00:00,292.3,293.9,285.4,293.4,364102.285,284.88,290.2416666666667,50.54508624045104,1.2830987294378247,-0.1952954016936499,1.4783941311314746
2022-12-03 00:00:00+00:00,293.4,294.4,289.0,290.4,234377.055,285.58,290.14500000000004,49.14532172783552,0.9354326230760535,0.030850203260290754,0.9045824198157627
2022-12-04 00:00:00+00:00,290.4,292.8,287.4,291.8,244356.783,286.21999999999997,290.10499999999996,49.84338647680328,0.7640653588544524,0.1774932343791231,0.5865721244753292
2022-12-05 00:00:00+00:00,291.8,297.2,286.1,288.4,294958.79,286.78999999999996,290.1283333333333,48.115998610194225,0.34987088849442216,0.21196876520218294,0.13790212329223922
2022-12-06 00:00:00+00:00,288.5,290.8,286.5,290.2,247911.347,287.71000000000004,290.26,49.121300721171686,0.1649621622750601,0.20256744461675838,-0.03760528234169827
2022-12-07 00:00:00+00:00,290.2,290.9,281.1,284.2,361435.528,288.525,290.39000000000004,45.92687044379871,-0.46042173618479865,0.06996960845644698,-0.5303913446412456
2022-12-08 00:00:00+00:00,284.2,292.0,282.4,290.4,281655.085,289.34000000000003,290.59333333333336,49.575974059365684,-0.450561010064348,-0.034136515247712024,-0.416424494816636
2022-12-09 00:00:00+00:00,290.4,292.0,284.4,286.0,308418.725,290.01,290.83500000000004,47.144437422892736,-0.7886979225333448,-0.1850487967048386,-0.6036491258285062
2022-12-10 00:00:00+00:00,286.1,289.9,285.7,288.2,148922.633,291.21,291.11499999999995,48.504422620034376,-0.8691334189402937,-0.3218657211519297,-0.547267697788364
2022-12-11 00:00:00+00:00,288.2,291.4,283.3,284.4,206340.146,292.735,291.34000000000003,46.28894988731261,-1.2253819312940095,-0.5025689631803456,-0.7228129681136639
2022-12-12 00:00:00+00:00,284.5,285.8,271.7,276.1,507509.835,293.205,291.41499999999996,41.79817235118701,-2.1526378092772234,-0.8325827323997212,-1.3200550768775021
2022-12-13 00:00:00+00:00,276.1,282.0,255.6,272.2,1309642.684,291.87499999999994,291.4616666666667,39.84221712564501,-3.165699960867755,-1.2992061780933282,-1.866493782774427
2022-12-14 00:00:00+00:00,272.2,278.4,265.5,267.7,580082.911,290.25,291.4533333333333,37.652785834169585,-4.282307629938714,-1.8958264684624053,-2.3864811614763086
2022-12-15 00:00:00+00:00,267.7,268.1,256.5,258.8,350889.164,288.15,291.225,33.707515702402404,-5.818312981718748,-2.680323771113674,-3.137989210605074
2022-12-16 00:00:00+00:00,258.9,264.7,224.7,231.2,876900.031,284.14,290.48499999999996,24.969791905660955,-9.157139818791734,-3.975686980649286,-5.181452838142448
2022-12-17 00:00:00+00:00,231.2,245.0,220.0,242.1,788798.493,280.86499999999995,289.9683333333333,32.42036234461712,-10.799159251611968,-5.340381434841823,-5.458777816770145
2022-12-18 00:00:00+00:00,242.1,254.6,239.5,251.0,526139.427,278.73999999999995,289.6183333333333,37.84737738404303,-11.252602861353068,-6.5228257201440725,-4.729777141208996
2022-12-19 00:00:00+00:00,251.1,253.3,236.8,240.4,408787.202,275.99,289.14166666666665,34.31306286973475,-12.325214203898327,-7.683303416894924,-4.641910787003402
2022-12-20 00:00:00+00:00,240.3,253.5,239.1,251.4,320509.026,273.53,288.83000000000004,40.52044675828049,-12.147628056845178,-8.576168344884975,-3.5714597119602036
2022-12-21 00:00:00+00:00,251.4,251.5,245.2,246.2,195051.385,271.225,288.4266666666666,38.660533143998634,-12.28487391819283,-9.317909459546547,-2.9669644586462827
2022-12-22 00:00:00+00:00,246.2,248.3,240.1,245.8,246104.196,268.84499999999997,287.92333333333335,38.51408648080012,-12.284312995679443,-9.911190166773126,-2.3731228289063164
2022-12-23 00:00:00+00:00,245.9,248.7,243.7,246.2,175280.013,266.635,287.4583333333333,38.76389307476136,-12.111972523674098,-10.351346638153322,-1.760625885520776
2022-12-24 00:00:00+00:00,246.2,246.3,243.4,244.5,96773.731,264.27,286.7966666666667,38.056228225062696,-11.974532296049688,-10.675983769732596,-1.2985485263170915
2022-12-25 00:00:00+00:00,244.6,245.8,241.4,243.2,125016.877,262.01,286.0133333333333,37.492558857785944,-11.834093003226542,-10.907605616431386,-0.9264873867951557
2022-12-26 00:00:00+00:00,243.2,244.9,242.0,244.3,117117.968,259.71500000000003,285.3066666666666,38.32497792699664,-11.501451471775681,-11.026374787500245,-0.4750766842754359
2022-12-27 00:00:00+00:00,244.3,248.9,242.1,246.7,196642.12,257.84,284.4533333333333,40.19627097793184,-10.91831122380961,-11.00476207476212,0.08645085095250948
2022-12-28 00:00:00+00:00,246.7,247.4,241.5,244.5,208632.342,255.545,283.455,39.02731727043103,-10.512508337524935,-10.906311327314683,0.3938029897897479
2022-12-29 00:00:00+00:00,244.6,246.9,243.3,246.3,161959.266,253.56,282.335,40.55064450205839,-9.93118119485149,-10.711285300822045,0.7801041059705547
2022-12-30 00:00:00+00:00,246.3,246.7,242.7,245.8,128406.533,251.44,281.00333333333333,40.24982631117819,-9.402435642103342,-10.449515369078304,1.047079726974962
2022-12-31 00:00:00+00:00,245.8,248.0,244.8,246.3,134141.311,249.535,279.71000000000004,40.72338565239809,-8.841140002290928,-10.127840295720828,1.2867002934299006
2023-01-01 00:00:00+00:00,246.3,246.7,243.4,244.4,109450.117,247.95,278.44666666666666,39.444048535267434,-8.45219168047447,-9.792710572671558,1.3405188921970872
2023-01-02 00:00:00+00:00,244.5,247.9,240.7,245.2,173452.9,246.6,277.0416666666667,40.2945521288296,-7.987321152778094,-9.431632688692865,1.4443115359147711
2023-01-03 00:00:00+00:00,245.3,247.0,244.4,246.1,115059.991,245.51999999999998,275.23333333333335,41.293499751084255,-7.460287877200869,-9.037363726394467,1.577075849193598
2023-01-04 00:00:00+00:00,246.2,261.0,245.6,258.9,370055.082,245.525,273.72833333333335,53.268831231875886,-5.941269921951459,-8.418144965505865,2.476875043554406
2023-01-05 00:00:00+00:00,258.9,259.2,255.2,256.7,145297.963,246.8,272.375,51.33073115989818,-4.858947935109853,-7.706305559426664,2.8473576243168104
2023-01-06 00:00:00+00:00,256.7,260.7,254.2,259.9,199497.076,247.69,271.09,53.954938053810615,-3.70033158718428,-6.905110764978187,3.204779177793907
2023-01-07 00:00:00+00:00,259.9,263.9,259.4,261.3,115152.77,248.205,269.98833333333334,55.095697172388334,-2.638733803627929,-6.051835372708136,3.413101569080207
2023-01-08 00:00:00+00:00,261.3,276.5,260.1,274.9,237308.89,249.92999999999998,270.115,64.33853991351323,-0.6920263230225032,-4.97987356277101,4.287847239748507
2023-01-09 00:00:00+00:00,274.9,283.5,271.3,272.6,437828.428,250.99,269.59166666666664,62.0137732265016,0.6575824019307106,-3.852382369830666,4.509964771761377
2023-01-10 00:00:00+00:00,272.6,278.8,270.2,277.1,259938.562,252.535,269.37,64.70120480750612,2.066448697527335,-2.6686161563590662,4.735064853886401
2023-01-11 00:00:00+00:00,277.2,287.7,274.1,284.8,266107.304,254.48499999999999,269.40333333333336,68.7723240137475,3.7609570636212766,-1.3827015123629978,5.143658575984274
2023-01-12 00:00:00+00:00,284.9,288.6,278.5,287.7,391553.641,256.56,269.59166666666664,70.16782703525911,5.277042455135074,-0.050752718863383395,5.3277951739984575
2023-01-13 00:00:00+00:00,287.8,296.0,284.9,293.7,313541.811,259.02000000000004,269.8366666666667,72.86924018241942,6.883353887744022,1.3360686024580979,5.547285285285924
2023-01-14 00:00:00+00:00,293.7,314.4,293.1,305.1,706402.087,262.115,270.305,77.11038327797459,8.972818925967658,2.86341866716001,6.109400258807648
2023-01-15 00:00:00+00:00,305.2,306.1,291.8,302.2,288696.868,265.01,270.81166666666667,73.94373252505814,10.276270805761499,4.3459890948803075,5.930281710881191
2023-01-16 00:00:00+00:00,302.2,308.1,293.1,299.0,350990.993,267.625,271.33,70.50314613205892,10.92511463402434,5.661814202709114,5.263300431315225
2023-01-17 00:00:00+00:00,299.0,305.8,294.9,299.4,279993.876,270.37,271.75166666666667,70.68675333610261,11.34087416176277,6.797626194519846,4.543247967242924
2023-01-18 00:00:00+00:00,299.4,305.3,281.1,286.7,621064.665,272.39,271.9866666666667,58.28226500518994,10.524265539201508,7.542954063456179,2.981311475745329
2023-01-19 00:00:00+00:00,286.7,295.5,286.1,294.6,215522.146,274.83000000000004,272.49333333333334,62.670600995644996,10.394737239027279,8.1133106985704,2.281426540456879
2023-01-20 00:00:00+00:00,294.6,305.4,286.6,305.1,423829.136,277.77,273.34666666666664,67.5556128008514,11.01240324613832,8.693129208083985,2.319274038054335
2023-01-21 00:00:00+00:00,305.1,309.9,298.4,299.0,508000.024,280.5,273.885,62.44321004927681,10.884222445485932,9.131347855564375,1.7528745899215572
2023-01-22 00:00:00+00:00,299.1,311.4,298.5,303.0,388815.192,283.39,273.955,64.34847997706085,10.978847488331041,9.50084778211771,1.4779997062133319
2023-01-23 00:00:00+00:00,303.1,307.8,300.8,305.1,301946.005,286.34000000000003,274.0366666666667,65.34253144764773,11.095390214339773,9.819756268562122,1.2756339457776509
2023-01-24 00:00:00+00:00,305.2,323.5,299.2,300.3,629758.279,288.41,274.02833333333336,61.14586420810163,10.677349441676085,9.991274903184914,0.6860745384911713
2023-01-25 00:00:00+00:00,300.3,314.0,293.4,306.9,447238.539,290.91999999999996,273.9533333333333,64.52012071606067,10.754641150367775,10.143948152621487,0.6106929977462876
2023-01-26 00:00:00+00:00,306.9,309.5,301.6,304.7,342344.705,293.15999999999997,273.905,62.569525604916976,10.517138743782994,10.218586270853788,0.29855247292920595
2023-01-27 00:00:00+00:00,304.8,310.5,298.8,308.0,271326.79,295.495,274.14666666666665,64.31239676845212,10.4744557899769,10.269760174678412,0.20469561529848868
2023-01-28 00:00:00+00:00,308.0,313.6,303.6,306.1,229517.8,297.055,274.325,62.50772594592235,10.170080760186067,10.249824291779944,-0.07974353159387704
2023-01-29 00:00:00+00:00,306.2,320.5,304.8,317.2,430698.673,299.28499999999997,274.60166666666663,68.13360397343297,10.701182024478896,10.340095838319735,0.3610861861591612
2023-01-30 00:00:00+00:00,317.1,320.8,302.0,307.2,413716.212,300.79,274.85,59.47505554846177,10.197615413603103,10.31159975337641,-0.11398433977330669
2023-01-31 00:00:00+00:00,307.2,314.4,305.3,312.0,278061.958,302.15,275.15999999999997,61.97310221043993,10.069777010055418,10.263235204712212,-0.19345819465679348
2023-02-01 00:00:00+00:00,312.1,319.4,305.6,317.0,390978.523,303.615,275.60333333333335,64.43258543952422,10.253723821976052,10.261332928164979,-0.007609106188926518
2023-02-02 00:00:00+00:00,317.1,334.4,316.3,323.5,587655.881,305.10499999999996,276.1316666666667,67.38575468695552,10.799508659555158,10.368968074443014,0.4305405851121442
2023-02-03 00:00:00+00:00,323.5,335.5,318.3,332.2,579577.162,306.46,276.8616666666667,70.87185190093572,11.79806363304823,10.654787186164057,1.1432764468841725
2023-02-04 00:00:00+00:00,332.3,334.1,327.0,330.4,212109.626,307.87,277.5316666666667,69.22322669586055,12.302366662046495,10.984303081340546,1.3180635807059495
2023-02-05 00:00:00+00:00,330.4,337.8,324.0,327.8,396514.711,309.31000000000006,278.2583333333333,66.80582935387466,12.34987055471413,11.257416576015263,1.0924539786988667
2023-02-06 00:00:00+00:00,327.8,331.5,320.7,324.3,290965.0,310.55499999999995,278.8233333333333,63.586675735058506,11.967147159457,11.399362692703612,0.5677844667533876
2023-02-07 00:00:00+00:00,324.4,333.7,323.2,333.0,265904.833,312.87,279.6066666666666,67.74705233881417,12.224931996113526,11.564476553385594,0.6604554427279314
2023-02-08 00:00:00+00:00,333.1,335.8,323.6,328.2,286865.867,314.55,280.27333333333337,63.4403527943655,11.904678725732026,11.632516987854881,0.2721617378771448
2023-02-09 00:00:00+00:00,328.2,329.3,302.0,306.2,564612.572,314.605,280.63666666666666,48.28854594237923,9.763116434399194,11.258636877163745,-1.4955204427645512
2023-02-10 00:00:00+00:00,306.2,309.2,302.5,305.8,295784.976,314.94500000000005,281.1316666666667,48.063775751353774,7.942084822279128,10.595326466186823,-2.6532416439076947
2023-02-11 00:00:00+00:00,305.9,311.4,305.1,310.4,154488.761,315.315,281.7683333333333,50.894559671101206,6.791794131047993,9.834619999159058,-3.0428258681110645
2023-02-12 00:00:00+00:00,310.5,321.0,306.0,312.6,291500.27,315.69,282.51666666666665,52.2354449281051,5.988668442692585,9.065429687865763,-3.076761245173177
2023-02-13 00:00:00+00:00,312.6,315.7,282.8,294.3,1065985.594,315.39,283.10833333333335,41.96931076700167,3.8313629211298803,8.018616334518587,-4.1872534133887065
2023-02-14 00:00:00+00:00,294.3,301.7,289.8,296.2,494698.654,314.855,284.19166666666666,43.21711452600784,2.2490709834823974,6.864707264311349,-4.6156362808289515
2023-02-15 00:00:00+00:00,296.2,317.7,294.0,317.4,465921.943,315.49,285.44666666666666,54.87612925104269,2.6749212205564845,6.026750055560377,-3.351828835003892
2023-02-16 00:00:00+00:00,317.5,327.8,303.9,304.4,858141.89,315.31,286.3366666666667,48.32377431057964,1.9410440989415747,5.209608864236617,-3.268564765295042
2023-02-17 00:00:00+00:00,304.4,317.5,302.8,313.0,508736.193,315.655,287.5466666666667,52.37501958230128,2.029988871477542,4.573684865684802,-2.54369599420726
2023-02-18 00:00:00+00:00,313.0,319.2,312.9,316.5,282485.39,315.62,288.6316666666666,53.957051194909724,2.3557434497153054,4.130096582490903,-1.7743531327755973
2023-02-19 00:00:00+00:00,316.6,318.9,310.3,311.5,336004.274,315.835,289.72,51.33362457631788,2.1852577950615455,3.7411288250050316,-1.5558710299434861
2023-02-20 00:00:00+00:00,311.5,319.8,308.0,315.4,514483.797,316.005,290.88,53.24323364323797,2.3378943015857203,3.4604819203211696,-1.1225876187354493
2023-02-21 00:00:00+00:00,315.5,317.4,309.3,311.5,385161.297,315.73,291.96833333333336,51.08454656322988,2.11972752690707,3.19233104163835,-1.0726035147312798
2023-02-22 00:00:00+00:00,311.5,312.9,303.2,312.4,368344.986,315.175,293.1,51.5725016939246,1.996437574929189,2.9531523482965176,-0.9567147733673287
2023-02-23 00:00:00+00:00,312.5,315.3,305.8,308.3,300641.241,313.98,294.185,49.16632464371593,1.5500259307877968,2.6725270647947736,-1.1225011340069768
2023-02-24 00:00:00+00:00,308.3,312.1,298.6,302.3,328726.4,312.575,295.1516666666667,45.798765511587206,0.7039766263374645,2.2788169771033115,-1.574840350765847
2023-02-25 00:00:00+00:00,302.3,303.0,295.5,302.4,178538.408,311.30499999999995,296.08,45.86531680777752,0.041072166995093085,1.831268015081668,-1.790195848086575
2023-02-26 00:00:00+00:00,302.5,309.8,300.7,308.7,151419.166,310.525,297.15,50.028229564349495,0.02379862002317168,1.469774136069969,-1.4459755160467973
2023-02-27 00:00:00+00:00,308.7,309.4,300.5,304.6,234405.821,309.105,298.12166666666667,47.46983556503722,-0.3170715221345404,1.1124050044290672,-1.4294765265636076
2023-02-28 00:00:00+00:00,304.7,305.7,300.0,301.4,186649.192,307.765,299.0483333333333,45.51350007494233,-0.8357923284161188,0.7227655378600301,-1.558557866276149
2023-03-01 00:00:00+00:00,301.5,306.4,300.5,302.7,200883.893,307.59,299.98833333333334,46.478510172281986,-1.1289691159196877,0.35241860710408646,-1.4813877230237742
2023-03-02 00:00:00+00:00,302.6,303.8,295.8,299.8,200964.842,307.28999999999996,300.9116666666667,44.581637030166476,-1.5771393156342128,-0.03349297744357338,-1.5436463381906393
2023-03-03 00:00:00+00:00,299.8,300.0,286.6,290.4,266627.564,306.29,301.665,39.0224065813426,-2.660154266229597,-0.5588252352007781,-2.101329031028819
2023-03-04 00:00:00+00:00,290.5,291.5,285.8,289.6,127846.865,305.14,302.39,38.58146184625235,-3.542172768647845,-1.1554947418901915,-2.3866780267576533
2023-03-05 00:00:00+00:00,289.6,292.8,287.4,288.7,128456.559,304.86,302.88666666666666,38.06041018824156,-4.26464113642686,-1.7773240207975254,-2.4873171156293346
2023-03-06 00:00:00+00:00,288.8,289.7,283.3,287.8,205220.757,304.43999999999994,303.405,37.51479139286682,-4.853872579713254,-2.3926337325806712,-2.461238847132583
2023-03-07 00:00:00+00:00,287.9,290.5,283.4,289.3,200611.357,303.03499999999997,303.89500000000004,39.082239669926224,-5.14054823949931,-2.9422166339643994,-2.1983316055349107
2023-03-08 00:00:00+00:00,289.3,294.3,285.1,287.1,260938.374,302.17,304.325,37.59275428580937,-5.48206850583307,-3.4501870083381334,-2.031881497494936
2023-03-09 00:00:00+00:00,287.1,291.4,271.2,277.1,318996.851,300.375,304.3616666666667,31.68213203502907,-6.484888446626428,-4.057127295995793,-2.4277611506306354
2023-03-10 00:00:00+00:00,277.1,278.1,265.0,277.4,404292.972,298.42,304.44166666666666,32.02740996162336,-7.17274009885341,-4.6802498565673165,-2.4924902422860935
2023-03-11 00:00:00+00:00,277.5,281.8,270.5,276.0,370350.207,296.64500000000004,304.42333333333335,31.23407850973595,-7.741595494770763,-5.292518984208006,-2.449076510562757
2023-03-12 00:00:00+00:00,276.0,288.8,273.2,288.1,316243.117,295.28,304.47833333333335,44.11796968914876,-7.133814446047722,-5.66077807657595,-1.4730363694717727
2023-03-13 00:00:00+00:00,288.1,314.1,286.1,307.9,991752.464,295.1,304.815,57.98882190401551,-4.996848502506339,-5.527992161762027,0.5311436592556884
2023-03-14 00:00:00+00:00,307.9,319.5,302.0,308.4,703702.208,294.9,305.06,58.27050680977439,-3.225757253264419,-5.067545180062506,1.8417879267980872
2023-03-15 00:00:00+00:00,308.5,312.7,300.0,306.3,413251.773,294.8,305.08,56.55534021980272,-1.9689107502598517,-4.4478182941019755,2.4789075438421238
2023-03-16 00:00:00+00:00,306.3,332.8,302.8,329.4,1251303.89,296.155,305.53333333333336,67.78742406765691,0.8809708204731805,-3.382060471186944,4.263031291660125
2023-03-17 00:00:00+00:00,329.4,340.0,325.0,338.9,726737.468,297.98,306.1983333333334,71.09693721917881,3.8615792212414703,-1.9333325327012614,5.794911753942731
2023-03-18 00:00:00+00:00,339.0,346.3,328.0,331.0,662698.511,299.095,306.725,65.10659279602464,5.522607692256599,-0.4421444877096894,5.964752179966289
2023-03-19 00:00:00+00:00,331.1,341.7,330.3,336.7,401972.619,300.7,307.55833333333334,67.2506484497884,7.215748429465009,1.0894340957252504,6.126314333739758
2023-03-20 00:00:00+00:00,336.7,339.1,331.3,332.5,511504.522,302.255,308.18999999999994,64.12404567847766,8.125009708708433,2.4965492183218867,5.628460490386546
2023-03-21 00:00:00+00:00,332.5,339.9,327.1,334.4,477443.689,303.84000000000003,308.67833333333334,64.91863318422168,8.896368150181672,3.776513004693844,5.119855145487828
2023-03-22 00:00:00+00:00,334.5,339.5,316.0,321.1,1286215.777,304.90500000000003,309.0466666666667,55.630398799072914,8.338357035664387,4.688881810887953,3.6494752247764346
2023-03-23 00:00:00+00:00,321.2,332.1,318.9,329.4,383094.591,306.85499999999996,309.4866666666667,59.52253671564851,8.468253090835503,5.444756066877463,3.0234970239580408
2023-03-24 00:00:00+00:00,329.4,330.0,316.9,322.1,307030.002,308.48,309.7699999999999,54.95638532196904,7.891183013367481,5.934041456175467,1.9571415571920143
2023-03-25 00:00:00+00:00,322.1,324.9,319.0,322.4,317118.332,310.165,310.1383333333333,55.10879523456083,7.373066194686089,6.221846403877592,1.1512197908084971
2023-03-26 00:00:00+00:00,322.4,329.5,321.7,328.6,204700.193,312.20500000000004,310.5,58.25266033644347,7.377697562446372,6.453016635591348,0.9246809268550233
2023-03-27 00:00:00+00:00,328.6,329.8,305.9,310.6,578039.555,313.27,310.59833333333336,47.78875390798311,5.861352365535595,6.334683781580198,-0.47333141604460316
2023-03-28 00:00:00+00:00,310.6,315.8,306.8,313.2,329398.424,314.575,310.68500000000006,49.208003868177336,4.813943993419855,6.03053582394813,-1.2165918305282748
2023-03-29 00:00:00+00:00,313.3,319.9,312.4,313.7,327282.226,316.40500000000003,310.8116666666666,49.492340891607085,3.9783511777346234,5.6200988947054284,-1.641747716970805
2023-03-30 00:00:00+00:00,313.8,320.8,309.1,316.4,496156.738,318.35499999999996,310.79833333333335,51.084772014478126,3.4937317218247586,5.1948254601292945,-1.701093738304536
2023-03-31 00:00:00+00:00,316.4,319.8,311.8,316.9,266270.064,320.4,310.96000000000004,51.39041627285978,3.1141155472876676,4.7786834775609695,-1.6645679302733019
2023-04-01 00:00:00+00:00,317.0,319.0,313.0,314.9,185904.183,321.74,311.0083333333333,50.04342778479095,2.6216628117126106,4.347279344391298,-1.7256165326786874
2023-04-02 00:00:00+00:00,314.9,316.2,310.7,313.7,149805.667,322.03,310.9533333333333,49.20999420206016,2.1102350238778627,3.899870480288611,-1.7896354564107484
2023-04-03 00:00:00+00:00,313.8,314.1,299.5,308.8,450976.973,322.05,310.7083333333333,45.85198699090096,1.294612283849176,3.3788188410007245,-2.0842065571515485
2023-04-04 00:00:00+00:00,308.8,312.7,308.2,310.8,305980.475,322.275,310.35166666666663,47.42885148603964,0.800382361788536,2.863131545158287,-2.062749183369751
2023-04-05 00:00:00+00:00,310.8,316.8,310.2,313.9,320350.363,321.5,310.07666666666665,49.86588544360264,0.6513374671623069,2.4207727295590913,-1.7694352623967844
2023-04-06 00:00:00+00:00,314.0,315.2,310.6,312.3,232647.147,320.16999999999996,309.8183333333333,48.61328641785017,0.39950642473814924,2.016519468594903,-1.6170130438567538
2023-04-07 00:00:00+00:00,312.3,312.8,309.7,310.3,179863.362,319.135,309.585,47.023218829604,0.038105962158113016,1.620836767307545,-1.582730805149432
2023-04-08 00:00:00+00:00,310.4,312.7,310.1,310.5,165372.944,317.825,309.21,47.209172073884204,-0.22952238843487294,1.2507649361590616,-1.4802873245939345
2023-04-09 00:00:00+00:00,310.6,313.7,309.5,312.8,163948.725,316.84000000000003,308.9533333333333,49.408443138730924,-0.25311129686605227,0.949989689554039,-1.2031009864200912
2023-04-10 00:00:00+00:00,312.8,318.7,311.5,318.5,271539.24,316.045,309.15833333333336,54.47068726282116,0.1859926785438688,0.7971902873520049,-0.6111976088081361
2023-04-11 00:00:00+00:00,318.6,333.0,317.8,322.3,661117.672,316.10499999999996,309.43333333333334,57.52223470312588,0.8310343381551775,0.8039590975126395,0.027075240642537968
2023-04-12 00:00:00+00:00,322.3,323.3,316.7,319.9,354216.724,315.63,309.59166666666664,55.0142959892082,1.1354853895525707,0.8702643559206258,0.26522103363194494
2023-04-13 00:00:00+00:00,319.9,325.1,317.7,324.7,348151.945,315.76,309.7933333333333,58.876099300306365,1.7439813940428053,1.0450077635450616,0.6989736304977436
2023-04-14 00:00:00+00:00,324.6,335.5,323.2,328.9,679955.061,316.085,310.37,61.95375586869902,2.535891581104522,1.3431845270569538,1.1927070540475684
2023-04-15 00:00:00+00:00,328.8,336.0,326.9,333.0,418311.143,316.30499999999995,310.98333333333335,64.72877301882605,3.4545005130632944,1.765447724258222,1.6890527888050724
2023-04-16 00:00:00+00:00,333.1,350.0,330.1,347.7,632598.777,318.16,311.4883333333334,72.47930398604616,5.3074904111727506,2.473856261641128,2.8336341495316226
2023-04-17 00:00:00+00:00,347.7,350.0,337.5,340.0,556356.468,319.5,312.0816666666667,64.48586782827897,6.084533887911846,3.195991786895272,2.888542101016574
2023-04-18 00:00:00+00:00,340.0,346.7,337.0,343.1,391677.437,320.96999999999997,312.5833333333333,66.10652532481109,6.871282664412092,3.931049962398636,2.940232702013456
2023-04-19 00:00:00+00:00,343.1,343.7,320.1,322.4,537444.082,321.27,312.6816666666667,49.77307762810348,5.758094011648325,4.296458772248574,1.461635239399751
2023-04-20 00:00:00+00:00,322.5,326.8,315.3,318.1,367453.933,321.33,312.7916666666667,47.16604884767473,4.477298411771869,4.3326267001532335,0.1446717116186358
2023-04-21 00:00:00+00:00,318.0,334.6,315.3,321.2,910773.894,321.645,312.8883333333333,49.23062574151781,3.670096179255836,4.200120595973754,-0.530024416717918
2023-04-22 00:00:00+00:00,321.3,333.1,319.9,332.2,381882.032,322.57,313.23333333333335,55.826805129262524,3.873341197321679,4.134764716243339,-0.26142351892166005
2023-04-23 00:00:00+00:00,332.2,332.5,327.4,330.7,384622.154,323.665,313.5383333333333,54.78158326822249,3.8687799870049275,4.081567770395657,-0.21278778339072968
2023-04-24 00:00:00+00:00,330.6,334.0,327.7,331.2,442775.294,324.685,313.92,55.08346400012218,3.8610037682437905,4.037454969965284,-0.17645120172149387
2023-04-25 00:00:00+00:00,331.2,340.0,328.6,338.4,436704.883,325.90999999999997,314.52166666666665,59.29741261159482,4.385270220573545,4.107018020086937,0.2782522004866088
2023-04-26 00:00:00+00:00,338.4,345.0,321.5,330.6,679551.584,326.825,314.9916666666667,53.44740546257542,4.1238234784322,4.110379111755989,0.013444366676210961
2023-04-27 00:00:00+00:00,330.6,336.6,328.2,330.9,482850.957,327.85499999999996,315.3616666666667,53.63685992128736,3.8959227718719944,4.06748784377919,-0.17156507190719594
2023-04-28 00:00:00+00:00,330.9,330.9,318.7,324.1,991210.156,328.53499999999997,315.68666666666667,48.78996313890758,3.1305199644887125,3.880094267921095,-0.7495743034323823
2023-04-29 00:00:00+00:00,324.1,325.0,320.6,321.9,226488.689,328.98999999999995,316.02833333333336,47.30071660432587,2.3196713836102276,3.568009691058921,-1.2483383074486936
2023-04-30 00:00:00+00:00,321.9,338.3,320.4,337.5,711720.726,329.93999999999994,316.60833333333335,57.262401940281755,2.9024005993479705,3.4348878727167316,-0.5324872733687611
2023-05-01 00:00:00+00:00,337.5,339.6,326.1,328.5,719404.912,330.25,317.0866666666667,51.244092541055416,2.607930319947741,3.2694963621629336,-0.6615660422151928
2023-05-02 00:00:00+00:00,328.4,328.5,321.4,321.5,437446.281,330.33,317.60499999999996,47.097924208620675,1.7890954250335653,2.9734161747370598,-1.1843207497034944
2023-05-03 00:00:00+00:00,321.4,327.6,320.4,325.9,608765.389,330.39,318.21,49.84491626236584,1.478166713348287,2.6743662824593053,-1.1961995691110183
2023-05-04 00:00:00+00:00,325.9,327.5,323.2,323.8,195370.268,330.135,318.795,48.549176288058895,1.050195025123685,2.3495320309921817,-1.2993370058684968
2023-05-05 00:00:00+00:00,323.9,329.1,322.8,326.5,284536.108,329.81,319.44,50.33673933904431,0.9183061522967364,2.063286855253093,-1.1449807029563566
2023-05-06 00:00:00+00:00,326.6,328.5,319.5,321.9,275367.716,328.52000000000004,319.98333333333335,47.320295551663364,0.43755781999874443,1.7381410482022233,-1.3005832282034788
2023-05-07 00:00:00+00:00,322.0,325.4,320.4,321.0,203577.219,327.57,320.5483333333333,46.730260623902836,-0.01587814200104276,1.3873372101615702,-1.403215352162613
2023-05-08 00:00:00+00:00,321.0,322.1,311.1,313.8,379192.119,326.105,321.15999999999997,42.19722780571786,-0.9453122644567884,0.9208073152378985,-1.8661195796946868
2023-05-09 00:00:00+00:00,313.8,315.8,311.2,312.1,260672.045,325.59000000000003,321.73833333333334,41.18146213652698,-1.7983411380108691,0.376977624588145,-2.175318762599014
2023-05-10 00:00:00+00:00,312.2,316.7,308.0,314.3,360146.811,325.4,322.37666666666667,43.0906628162529,-2.270676111444857,-0.15255312261845538,-2.1181229888264013
2023-05-11 00:00:00+00:00,314.3,314.5,304.4,307.5,291854.667,324.71500000000003,322.7,38.88887907308407,-3.157312616426509,-0.7535050213800661,-2.403807595046443
2023-05-12 00:00:00+00:00,307.5,309.1,301.2,308.5,327008.927,323.53000000000003,322.71,39.81825426208629,-3.7362179964956113,-1.3500476164031752,-2.386170380092436
2023-05-13 00:00:00+00:00,308.6,311.8,307.5,310.7,151642.554,322.53,322.74833333333333,41.911258725150255,-3.971699784339023,-1.8743780499903449,-2.0973217343486783
2023-05-14 00:00:00+00:00,310.8,314.8,309.5,312.1,192884.821,321.575,322.845,43.2635114484612,-3.9992516148790855,-2.299352762968093,-1.6998988519109925
2023-05-15 00:00:00+00:00,312.1,316.3,310.5,313.4,202895.171,320.325,322.5783333333333,44.55423803283306,-3.871558586215315,-2.6137939276175377,-1.257764658597777
2023-05-16 00:00:00+00:00,313.4,314.0,309.3,311.4,182668.214,319.365,322.11999999999995,42.93591990015206,-3.8869380243139062,-2.8684227469568113,-1.018515277357095
2023-05-17 00:00:00+00:00,311.4,314.4,307.0,314.3,221274.514,318.53499999999997,321.84166666666664,45.998806538319926,-3.6233528202678826,-3.0194087616190255,-0.6039440586488571
2023-05-18 00:00:00+00:00,314.3,314.9,306.1,309.3,236575.286,317.79499999999996,321.38500000000005,41.82999200674139,-3.7744088248441585,-3.170408774264052,-0.6040000505801064
2023-05-19 00:00:00+00:00,309.3,311.5,307.5,308.9,191704.812,317.14500000000004,320.9916666666667,41.50591318301198,-3.8816531723059597,-3.312657653872434,-0.5689955184335256
2023-05-20 00:00:00+00:00,308.9,312.0,307.8,310.6,104485.905,315.8,320.595,43.50907116204688,-3.7858286220574655,-3.4072918475094407,-0.3785367745480248
2023-05-21 00:00:00+00:00,310.7,311.6,305.7,306.4,143182.429,314.69500000000005,320.35,39.87580087698818,-4.002651796397743,-3.5263638372871013,-0.47628795911064126
2023-05-22 00:00:00+00:00,306.4,311.1,304.4,309.0,222082.435,314.07000000000005,320.01,43.04644482355492,-3.919505829896252,-3.6049922358089317,-0.3145135940873205
2023-05-23 00:00:00+00:00,309.1,315.4,309.0,313.5,225830.19,313.45,319.8666666666667,48.14356289655093,-3.4507218865700793,-3.5741381659611617,0.12341627939108246
2023-05-24 00:00:00+00:00,313.5,313.6,303.6,306.0,292692.62,312.56000000000006,319.5933333333333,41.48040273678604,-3.642407151638565,-3.5877919630966426,-0.0546151885419226
2023-05-25 00:00:00+00:00,305.9,306.9,302.2,304.5,287322.502,311.46000000000004,319.19166666666666,40.27968005047093,-3.8707371211179407,-3.644380994700902,-0.22635612641703862
2023-05-26 00:00:00+00:00,304.6,308.5,301.4,306.8,398588.895,310.705,319.12833333333333,43.00404358060531,-3.8220413750278226,-3.679913070766286,-0.14212830426153644
2023-05-27 00:00:00+00:00,306.9,307.7,304.0,307.4,144742.086,310.025,319.03166666666664,43.72525823185946,-3.6924701622788234,-3.6824244890687936,-0.010045673210029804
2023-05-28 00:00:00+00:00,307.4,314.6,306.7,314.1,257233.179,310.03999999999996,319.03833333333336,51.15760081189034,-3.0144018883327135,-3.548819968921578,0.5344180805888645
2023-05-29 00:00:00+00:00,314.2,317.3,310.4,311.6,461485.115,310.015,318.9583333333333,48.579414072310676,-2.648229857311321,-3.368701946599527,0.7204720892882057
2023-05-30 00:00:00+00:00,311.7,314.2,310.8,311.5,291304.59,309.875,318.8683333333333,48.47417928174856,-2.33914088876395,-3.162789735032412,0.8236488462684619
2023-05-31 00:00:00+00:00,311.4,311.9,305.0,306.8,437132.418,309.84000000000003,318.73333333333335,43.68439518954012,-2.4452490656711348,-3.0192816011601566,0.5740325354890219
2023-06-01 00:00:00+00:00,306.8,307.7,303.1,304.9,255618.722,309.65999999999997,318.5866666666667,41.88270297931272,-2.6520831180551454,-2.945841904539155,0.29375878648400944
2023-06-02 00:00:00+00:00,304.9,308.4,303.1,307.2,300583.675,309.485,318.56000000000006,44.84804054117343,-2.600433636383798,-2.8767602509080836,0.27632661452428575
2023-06-03 00:00:00+00:00,307.3,308.2,303.0,306.6,158805.926,309.21,318.49,44.21425958445937,-2.5781961947737386,-2.8170474396812146,0.238851244907476
2023-06-04 00:00:00+00:00,306.6,307.6,304.5,305.0,187805.427,308.79,318.34166666666664,42.48987328246575,-2.6590278722043763,-2.785443526185847,0.12641565398147048
2023-06-05 00:00:00+00:00,305.1,305.1,272.0,276.9,1096020.019,307.06499999999994,317.7516666666667,24.45266246527315,-4.9336506636704485,-3.215084953682767,-1.7185657099876814
2023-06-06 00:00:00+00:00,277.0,285.8,273.2,281.2,708685.58,305.41,317.26666666666665,29.392169752108714,-6.3165186551191255,-3.835371693970039,-2.4811469611490864
2023-06-07 00:00:00+00:00,281.2,281.8,253.4,259.3,1188263.837,302.90999999999997,316.41333333333336,21.63396900680833,-9.074987666594609,-4.883294888494953,-4.191692778099656
2023-06-08 00:00:00+00:00,259.3,267.5,257.1,262.0,579854.02,300.56499999999994,315.56666666666666,24.287364943491554,-10.917378058302234,-6.090111522456409,-4.827266535845824
2023-06-09 00:00:00+00:00,261.9,264.4,255.7,260.5,509660.501,298.06,314.6,23.805131886003707,-12.356089868804816,-7.34330719172609,-5.012782677078725
2023-06-10 00:00:00+00:00,260.6,260.7,228.4,238.7,1603602.202,294.675,313.20666666666665,18.16130633313,-15.081506929810473,-8.890947139342966,-6.190559790467507
2023-06-11 00:00:00+00:00,238.8,239.3,233.4,235.4,402562.359,290.995,311.79833333333335,17.48549862547503,-17.308184035386887,-10.57439451855175,-6.733789516835136
2023-06-12 00:00:00+00:00,235.4,239.3,220.4,231.3,1579141.84,286.885,310.2416666666667,16.656207933530027,-19.182552889779913,-12.296026192797383,-6.88652669698253
2023-06-13 00:00:00+00:00,231.3,247.0,228.7,244.2,1230681.021,283.79499999999996,308.83,28.195312361406522,-19.403411076101747,-13.717503169458258,-5.685907906643489
2023-06-14 00:00:00+00:00,244.1,252.8,232.9,237.9,970411.718,280.465,307.245,26.281560943816203,-19.85789072548664,-14.945580680663936,-4.912310044822705
2023-06-15 00:00:00+00:00,237.9,240.8,230.6,236.4,602141.969,276.94500000000005,305.39,25.831986299076192,-20.10732189551203,-15.977928923633556,-4.129392971878474
2023-06-16 00:00:00+00:00,236.5,243.8,232.2,239.3,562586.529,273.54,303.71166666666664,28.382690388348863,-19.842262876067423,-16.75079571412033,-3.0914671619470937
2023-06-17 00:00:00+00:00,239.4,249.8,237.2,244.5,491313.272,270.06000000000006,302.0683333333333,32.842612290472715,-18.99365808446757,-17.19936818818978,-1.794289896277789
2023-06-18 00:00:00+00:00,244.5,248.7,242.3,244.1,359878.981,266.685,300.7633333333333,32.67405265349929,-18.144253668433862,-17.388345284238596,-0.7559083841952656
2023-06-19 00:00:00+00:00,244.1,245.0,238.3,243.1,425074.269,263.265,299.5133333333333,32.228720907496324,-17.351765836288536,-17.381029394648586,0.029263558360050013
2023-06-20 00:00:00+00:00,243.0,248.1,238.7,247.7,639069.672,260.31,298.2883333333333,36.515127993884136,-16.166178322940652,-17.138059180307,0.9718808573663473
2023-06-21 00:00:00+00:00,247.8,254.7,245.0,248.8,1006328.557,257.505,296.8983333333333,37.53259591888503,-14.965319976893852,-16.70351133962437,1.738191362730518
2023-06-22 00:00:00+00:00,248.9,257.0,239.4,240.8,1032630.471,254.18500000000003,295.4,33.346726537400926,-14.492108224556375,-16.261230716610772,1.7691224920543966
2023-06-23 00:00:00+00:00,240.8,249.8,239.7,244.3,638290.193,251.07,293.9516666666667,36.674242905892854,-13.677003766462235,-15.744385326581066,2.0673815601188306
2023-06-24 00:00:00+00:00,244.4,248.7,230.4,236.4,791496.05,247.64000000000001,292.25166666666667,32.70541627007793,-13.512725301955925,-15.298053321656038,1.7853280197001133
2023-06-25 00:00:00+00:00,236.4,244.0,235.0,238.8,513198.598,245.73500000000004,290.72166666666664,35.00653740071549,-13.038572940283359,-14.846157245381503,1.8075843050981444
2023-06-26 00:00:00+00:00,238.9,241.3,233.6,236.1,526248.09,243.47999999999996,289.14166666666665,33.61396951030024,-12.733882936804491,-14.423702383666102,1.6898194468616108
2023-06-27 00:00:00+00:00,236.1,240.8,234.5,237.5,360259.85,242.39000000000001,287.6983333333334,35.05658729856606,-12.238369310867427,-13.986635769106368,1.7482664582389411
2023-06-28 00:00:00+00:00,237.5,237.6,224.6,230.6,643304.047,240.82000000000002,286.1766666666666,31.431298243308603,-12.261105138855555,-13.641529643056206,1.3804245042006507
2023-06-29 00:00:00+00:00,230.6,236.7,230.4,233.1,352025.974,239.45,284.43666666666667,34.09076682531307,-11.939760216181213,-13.301175757681209,1.361415541499996
2023-06-30 00:00:00+00:00,233.2,241.7,230.7,240.3,843439.594,239.52999999999997,282.96666666666664,41.167944962034035,-10.977569633274783,-12.836454532799925,1.8588848995251421
2023-07-01 00:00:00+00:00,240.4,249.0,240.0,247.9,723099.401,240.15500000000003,281.73999999999995,47.56789969780243,-9.492348297570032,-12.167633285753947,2.6752849881839147
2023-07-02 00:00:00+00:00,247.8,248.5,242.9,246.5,598172.063,240.91500000000002,280.4166666666667,46.56304473616178,-8.332219350250682,-11.400550498653294,3.0683311484026117
2023-07-03 00:00:00+00:00,246.5,254.7,245.3,246.5,873992.727,241.03000000000003,279.1283333333333,46.56304473616178,-7.3283323476471764,-10.58610686845207,3.257774520804894
2023-07-04 00:00:00+00:00,246.5,246.9,240.4,242.5,488909.055,241.26000000000005,277.7283333333333,43.51691217394023,-6.777385751902017,-9.82436264514206,3.0469768932400427
2023-07-05 00:00:00+00:00,242.5,243.9,235.8,238.9,520015.694,241.385,276.345,40.92217525031828,-6.555676758062958,-9.17062546772624,2.614948709663281
2023-07-06 00:00:00+00:00,239.0,244.5,231.5,232.2,673275.441,241.02999999999997,274.865,36.55375652114949,-6.8417374978407395,-8.70484787374914,1.8631103759084002
2023-07-07 00:00:00+00:00,232.3,236.2,231.1,235.6,431534.586,240.58499999999998,273.56166666666667,40.05107929458271,-6.716665570340808,-8.307211413067474,1.5905458427266659
2023-07-08 00:00:00+00:00,235.7,237.6,234.2,236.3,259727.721,240.19500000000002,272.29833333333335,40.77491384608571,-6.486291090728713,-7.943027348599722,1.4567362578710092
2023-07-09 00:00:00+00:00,236.3,237.0,232.9,234.1,235123.329,239.74499999999998,270.9616666666667,39.174009832646284,-6.407378993132568,-7.635897677506292,1.2285186843737241
2023-07-10 00:00:00+00:00,234.1,247.0,231.3,246.2,1193826.524,239.67,269.94,50.65035597053019,-5.307292546376232,-7.170176651280281,1.8628841049040492
2023-07-11 00:00:00+00:00,246.2,249.5,244.6,248.6,660141.384,239.66,268.94166666666666,52.56218767123532,-4.193466497819259,-6.574834620588077,2.3813681227688184
2023-07-12 00:00:00+00:00,248.6,250.5,242.6,243.9,599390.712,239.81499999999997,267.8283333333333,48.59207883260753,-3.647950744701177,-5.989457845410697,2.34150710070952
2023-07-13 00:00:00+00:00,243.9,257.8,242.7,256.1,1037831.391,240.40500000000003,266.89500000000004,57.5541923089791,-2.205760901150569,-5.232718456558672,3.026957555408103
2023-07-14 00:00:00+00:00,256.2,261.7,243.4,248.1,1071118.696,240.99,265.8066666666667,51.2453496452372,-1.6888798453641414,-4.523950734319766,2.8350708889556246
2023-07-15 00:00:00+00:00,248.1,252.5,246.9,251.1,383772.673,241.60499999999996,264.8016666666667,53.31212280099439,-1.0253533219376152,-3.8242312518433357,2.7988779299057205
2023-07-16 00:00:00+00:00,251.1,252.1,242.0,242.3,433016.609,241.91500000000002,263.6016666666667,47.016059395453205,-1.1958057229916221,-3.2985461460729932,2.102740423081371
2023-07-17 00:00:00+00:00,242.3,244.9,239.8,244.1,792745.158,242.24500000000003,262.515,48.35946865016239,-1.1721338922163795,-2.873263695301671,1.7011298030852915
2023-07-18 00:00:00+00:00,244.1,246.7,237.5,240.2,932504.771,242.725,261.37,45.65824772109573,-1.4513410459711622,-2.588879165435569,1.137538119464407
2023-07-19 00:00:00+00:00,240.3,244.1,239.6,240.8,444676.507,243.11000000000004,260.20666666666665,46.15653853865461,-1.6056903425486269,-2.3922414008581807,0.7865510583095539
2023-07-20 00:00:00+00:00,240.9,245.0,240.3,242.8,449387.8,243.23500000000004,259.14666666666665,47.87239305573098,-1.5487766536272716,-2.223548451411999,0.6747717977847274
2023-07-21 00:00:00+00:00,242.8,245.4,242.0,243.7,295187.787,243.025,258.05833333333334,48.66518043454745,-1.4147414084196441,-2.061787042813528,0.647045634393884
2023-07-22 00:00:00+00:00,243.8,244.9,240.1,241.1,184432.523,242.75499999999997,256.8516666666667,46.46658550530998,-1.5010130378618953,-1.9496322418232017,0.4486192039613064
2023-07-23 00:00:00+00:00,241.1,244.0,240.4,242.5,171931.133,242.55499999999998,255.79333333333335,47.83324424801736,-1.439818296964944,-1.8476694528515503,0.40785115588660625
2023-07-24 00:00:00+00:00,242.4,243.1,235.0,238.9,463451.698,242.375,254.7,44.674910785674165,-1.662645000855207,-1.8106645624522817,0.14801956159707474
2023-07-25 00:00:00+00:00,238.9,239.8,236.2,237.7,307201.312,242.315,253.54833333333332,43.640527337249495,-1.9140033016141729,-1.8313323102846601,-0.08267099132951272
2023-07-26 00:00:00+00:00,237.8,240.4,236.3,239.0,318667.814,242.65500000000003,252.40833333333333,45.12289472849213,-1.9854207360935163,-1.8621499954464313,-0.12327074064708499
2023-07-27 00:00:00+00:00,239.0,244.5,238.4,240.6,310179.989,242.90500000000003,251.18333333333334,46.97156334871431,-1.8911133615563358,-1.8679426686684124,-0.023170692887923394
2023-07-28 00:00:00+00:00,240.7,242.9,239.7,241.9,232739.179,243.185,250.02166666666665,48.48990083295442,-1.6919709642801024,-1.8327483277907506,0.14077736351064818
2023-07-29 00:00:00+00:00,241.9,242.9,241.1,242.4,102406.899,243.6,248.87,49.09363109568341,-1.4767799582741645,-1.7615546538874336,0.28477469561326907
2023-07-30 00:00:00+00:00,242.5,243.8,240.3,242.5,255246.532,243.41500000000002,247.79833333333335,49.22181762529872,-1.2833764070356608,-1.6659190045170793,0.3825425974814185
2023-07-31 00:00:00+00:00,242.6,244.5,240.5,241.0,333099.771,243.035,246.73333333333332,47.297893199475226,-1.236882155700215,-1.5801116347537065,0.34322947905349155
2023-08-01 00:00:00+00:00,241.0,247.8,237.3,247.7,813075.175,243.225,245.74166666666667,55.63861579817673,-0.6518865780932401,-1.3944666234216134,0.7425800453283733
2023-08-02 00:00:00+00:00,247.8,248.8,235.7,240.7,630364.599,242.455,244.64333333333335,47.228733446383444,-0.7445323611294441,-1.2644797709631797,0.5199474098337356
2023-08-03 00:00:00+00:00,240.7,242.8,238.3,241.1,303966.677,242.10499999999996,243.57833333333335,47.715069840470576,-0.7767245573984951,-1.1669287282502427,0.39020417085174763
2023-08-04 00:00:00+00:00,241.1,243.4,240.2,241.7,274715.344,241.635,242.99166666666667,48.482031970272146,-0.7452315538212986,-1.0825892933644539,0.3373577395431553
2023-08-05 00:00:00+00:00,241.7,243.3,240.1,243.2,176422.282,241.68,242.35833333333332,50.43933992912571,-0.592406761231473,-0.9845527869378577,0.3921460257063848
2023-08-06 00:00:00+00:00,243.3,245.5,242.8,243.2,278149.257,241.635,242.09,50.439339929125694,-0.4659211629205515,-0.8808264621343966,0.4149052992138451
2023-08-07 00:00:00+00:00,243.1,244.9,239.7,242.1,302098.545,241.72999999999996,241.75833333333333,48.86053157002535,-0.44926240455254174,-0.7945136506180257,0.34525124606548396
2023-08-08 00:00:00+00:00,242.0,248.0,241.5,245.2,377607.574,241.95,241.50333333333336,53.297196828865765,-0.18379742401290855,-0.6723704052970023,0.48857298128409377
2023-08-09 00:00:00+00:00,245.2,245.5,242.8,243.8,294212.606,241.99999999999994,241.5883333333333,51.13941641625923,-0.08539839454149956,-0.5549760031459018,0.46957760860440223
2023-08-10 00:00:00+00:00,243.9,244.1,240.5,241.5,261873.92,241.88999999999996,241.69,47.72120615014083,-0.190807720231561,-0.4821423465630337,0.29133462633147267
2023-08-11 00:00:00+00:00,241.5,242.3,238.0,239.7,287357.204,241.82000000000002,241.83,45.17623761136695,-0.41480867089777007,-0.46867561142998093,0.05386694053221086
2023-08-12 00:00:00+00:00,239.8,241.4,239.3,240.3,114025.156,241.70999999999998,241.765,46.20607270302167,-0.5377175790163164,-0.4824840049472481,-0.05523357406906837
2023-08-13 00:00:00+00:00,240.3,241.8,239.8,240.2,132878.878,241.775,241.80333333333334,46.05080914001001,-0.6358631044195704,-0.5131598248417126,-0.12270327957785776
2023-08-14 00:00:00+00:00,240.2,241.5,239.7,240.4,201261.953,241.91,241.87,46.43845776122305,-0.6895570276908529,-0.5484392654115408,-0.14111776227931216
2023-08-15 00:00:00+00:00,240.5,240.8,234.0,236.7,397828.347,241.795,241.82666666666668,40.623025687539055,-1.018923411704634,-0.6425360946701595,-0.3763873170344745
2023-08-16 00:00:00+00:00,236.8,237.4,230.7,232.0,427014.475,241.36499999999995,241.61833333333334,34.68167624677626,-1.6402911095877641,-0.8420870976536805,-0.7982040119340836
2023-08-17 00:00:00+00:00,232.1,232.4,212.5,218.1,1023773.861,240.175,241.18499999999997,23.660319514526137,-3.2172567861675248,-1.3171210353564495,-1.9001357508110752
2023-08-18 00:00:00+00:00,218.1,220.3,213.5,216.1,674545.267,238.85999999999999,240.735,22.54991853590802,-4.575651469685397,-1.968827122222239,-2.606824347463158
2023-08-19 00:00:00+00:00,216.0,219.2,213.6,216.8,323294.673,237.575,240.22,23.89614649574243,-5.531936176490717,-2.681448933075935,-2.8504872434147823
2023-08-20 00:00:00+00:00,216.9,218.0,215.4,216.5,190457.433,236.35,239.6816666666667,23.705967604134017,-6.242051702603277,-3.3935694869814035,-2.8484822156218734
2023-08-21 00:00:00+00:00,216.6,216.9,206.2,210.4,782096.622,234.48499999999999,239.175,20.187798814479805,-7.213885215054972,-4.157632632596117,-3.056252582458855
2023-08-22 00:00:00+00:00,210.4,213.0,203.4,210.9,875925.591,232.99499999999998,238.61833333333334,21.219848602065284,-7.8531976796247704,-4.896745642001848,-2.956452037622922
2023-08-23 00:00:00+00:00,210.9,218.8,210.8,216.6,646096.521,231.77000000000004,238.28833333333336,32.012967908671484,-7.809887528736397,-5.479374019348758,-2.3305135093876386
2023-08-24 00:00:00+00:00,216.7,221.2,215.6,219.0,368866.011,230.63500000000005,237.95833333333334,35.989482448322576,-7.495500515604647,-5.882599318599937,-1.6129011970047102
2023-08-25 00:00:00+00:00,219.0,219.6,213.7,218.4,380692.105,229.39499999999998,237.66333333333333,35.431537711952416,-7.211630342745252,-6.148405523429,-1.0632248193162521
2023-08-26 00:00:00+00:00,218.5,219.3,216.1,216.5,146835.271,228.06,237.31333333333333,33.652364613863995,-7.058608066656063,-6.330446032074413,-0.7281620345816506
2023-08-27 00:00:00+00:00,216.4,219.8,215.9,218.4,186853.184,226.875,237.11,37.056179887645165,-6.706711889473269,-6.4056992035541835,-0.30101268591908514
2023-08-28 00:00:00+00:00,218.4,219.5,215.1,218.8,310319.442,225.55499999999998,236.8716666666667,37.779886278384794,-6.3226711593218,-6.389093594707707,0.06642243538590709
2023-08-29 00:00:00+00:00,218.8,234.8,217.0,226.9,666199.649,224.71000000000004,236.64833333333334,50.2532534037677,-5.303577468641038,-6.171990369494374,0.8684129008533361
2023-08-30 00:00:00+00:00,226.9,227.3,221.7,223.8,305094.438,223.825,236.24666666666664,46.417945976131314,-4.691996058920893,-5.875991507379679,1.183995448458786
2023-08-31 00:00:00+00:00,223.8,226.0,214.4,216.7,452017.913,222.675,235.75,39.064376022408084,-4.725748560605496,-5.645942918024842,0.9201943574193461
2023-09-01 00:00:00+00:00,216.7,218.4,211.2,213.7,461833.238,221.34500000000003,235.20333333333332,36.43767548752395,-4.937654383171974,-5.504285211054269,0.5666308278822942
2023-09-02 00:00:00+00:00,213.7,215.9,213.0,214.4,207729.726,220.05499999999998,234.735,37.49379788139679,-4.991567442069652,-5.401741657257345,0.41017421518769304
2023-09-03 00:00:00+00:00,214.4,215.2,213.2,214.4,168458.242,218.75500000000002,234.32666666666668,37.49379788139678,-4.976923058675311,-5.316777937540938,0.33985487886562726
2023-09-04 00:00:00+00:00,214.4,216.5,213.1,215.2,305315.445,217.68,234.04333333333332,38.84070686996876,-4.844914803210543,-5.222405310674859,0.37749050746431667
2023-09-05 00:00:00+00:00,215.3,216.1,213.5,214.6,242764.079,216.81,233.69333333333333,38.17626871301909,-4.734140075388154,-5.124752263617518,0.3906121882293636
2023-09-06 00:00:00+00:00,214.6,218.8,211.8,215.2,300823.424,216.66500000000002,233.34166666666667,39.29462268859389,-4.545537196605494,-5.008909250215114,0.4633720536096195
2023-09-07 00:00:00+00:00,215.2,217.9,213.6,217.1,247735.496,216.715,233.05833333333334,42.821909349171534,-4.194403463125013,-4.846008092797094,0.6516046296720805
2023-09-08 00:00:00+00:00,217.1,218.8,213.4,214.7,235244.296,216.60999999999999,232.53333333333333,39.685131643561284,-4.062952207969346,-4.689396915831544,0.6264447078621984
2023-09-09 00:00:00+00:00,214.7,215.4,214.1,214.1,94752.246,216.49,231.95833333333334,38.917613574759585,-3.961525131047182,-4.543822558874672,0.5822974278274904
2023-09-10 00:00:00+00:00,214.2,214.3,211.1,212.4,281482.379,216.58999999999997,231.43333333333334,36.748969392724554,-3.972526422563419,-4.429563331612422,0.45703690904900274
2023-09-11 00:00:00+00:00,212.4,212.7,203.9,206.1,580093.123,216.35,230.6,30.06317198186406,-4.438438814235013,-4.43133842813694,-0.007100386098072953
2023-09-12 00:00:00+00:00,206.2,214.3,204.9,210.7,523734.999,216.05499999999998,229.97666666666666,38.81599092574324,-4.385937824071874,-4.422258307323927,0.03632048325205339
2023-09-13 00:00:00+00:00,210.8,213.3,209.3,212.5,301454.875,215.72999999999996,229.33333333333334,41.881185967007305,-4.151232628655521,-4.368053171590246,0.21682054293472497
2023-09-14 00:00:00+00:00,212.5,215.0,211.0,212.2,354022.553,215.42,228.83166666666665,41.5079487960394,-3.9439709213788205,-4.283236721547961,0.3392658001691409
2023-09-15 00:00:00+00:00,212.2,215.0,210.9,214.1,312856.997,215.3,228.33166666666665,44.859556660844234,-3.5850739037531696,-4.143604157989003,0.5585302542358335
2023-09-16 00:00:00+00:00,214.1,216.0,213.3,214.9,288697.085,215.125,227.91,46.255950127710115,-3.1992135748013766,-3.9547260413514778,0.7555124665501012
2023-09-17 00:00:00+00:00,214.9,216.8,213.3,216.5,333002.468,215.01,227.505,49.035776345538764,-2.732807749271643,-3.710342382935511,0.977534633663868
2023-09-18 00:00:00+00:00,216.4,221.3,214.9,216.0,600156.61,214.465,227.05833333333334,48.19681813237321,-2.3761330113293013,-3.4435005086142696,1.0673674972849683
2023-09-19 00:00:00+00:00,216.0,219.9,215.3,217.2,347261.748,214.135,226.61666666666667,50.390569676654685,-1.9738820569718314,-3.1495768182857824,1.175694761313951
2023-09-20 00:00:00+00:00,217.2,217.8,213.3,214.4,368825.746,214.01999999999998,226.17166666666665,45.54410910905445,-1.8595956162989182,-2.89158057788841,1.0319849615894916
2023-09-21 00:00:00+00:00,214.3,215.1,209.1,210.8,412312.209,213.875,225.64333333333332,40.19179088935664,-2.0360424719962396,-2.720472956709976,0.6844304847137366
2023-09-22 00:00:00+00:00,210.8,213.0,209.6,211.1,237677.235,213.70999999999998,225.17999999999998,40.815982027088936,-2.1271499233602924,-2.6018083500400393,0.4746584266797469
2023-09-23 00:00:00+00:00,211.1,211.7,209.9,210.5,117618.21,213.51500000000001,224.72666666666666,39.91866180909811,-2.2221526282937987,-2.5258772056907914,0.30372457739699277
2023-09-24 00:00:00+00:00,210.4,211.2,206.5,208.3,185179.502,213.17,224.21500000000003,36.73009603009657,-2.4467598457967767,-2.5100537337119886,0.06329388791521184
2023-09-25 00:00:00+00:00,208.3,210.6,206.5,209.9,272401.465,212.935,223.70333333333335,40.45525516806253,-2.4672155307829087,-2.501486093126173,0.0342705623432642
2023-09-26 00:00:00+00:00,210.0,213.7,209.7,212.6,280709.589,212.805,223.21500000000003,46.21061760273045,-2.2397410329141394,-2.4491370810837663,0.20939604816962687
2023-09-27 00:00:00+00:00,212.6,216.0,210.5,212.0,409367.397,212.55,222.70833333333334,45.16586904588671,-2.083859406003654,-2.376081546067744,0.29222214006408986
2023-09-28 00:00:00+00:00,212.1,217.0,211.5,215.0,394085.543,212.565,222.25,51.116792809690665,-1.6986660013757273,-2.240598437129341,0.5419324357536137
2023-09-29 00:00:00+00:00,215.0,217.6,214.3,215.2,371923.961,212.61999999999998,221.82,51.494726668933914,-1.361563863831094,-2.0647915224696916,0.7032276586385975
2023-09-30 00:00:00+00:00,215.2,216.5,214.1,214.6,179075.156,212.72999999999996,221.26833333333335,50.23982367632739,-1.1297993530615713,-1.8777930885880676,0.7479937355264963
2023-10-01 00:00:00+00:00,214.6,219.4,213.1,218.2,415044.578,213.33499999999998,220.89333333333335,57.009337362839226,-0.6481627779223516,-1.6318670264549247,0.9837042485325731
2023-10-02 00:00:00+00:00,218.2,221.6,213.1,214.6,565949.136,213.53000000000003,220.45166666666665,49.724341874511936,-0.5506052016403942,-1.4156146614920186,0.8650094598516245
2023-10-03 00:00:00+00:00,214.6,215.8,212.4,213.5,294511.083,213.58,219.98166666666665,47.717842799239705,-0.5556457877255809,-1.243620886738731,0.6879750990131501
2023-10-04 00:00:00+00:00,213.5,213.8,210.8,213.4,328882.49,213.64000000000001,219.485,47.53007099409721,-0.5612400271059244,-1.1071447148121698,0.5459046877062455
2023-10-05 00:00:00+00:00,213.4,213.9,210.2,210.6,259374.039,213.465,218.94166666666666,42.48852276811467,-0.7825889038044522,-1.0422335526106263,0.2596446488061741
2023-10-06 00:00:00+00:00,210.7,214.6,210.1,213.4,258866.553,213.39000000000001,218.46333333333334,48.384554673302546,-0.7237301729693115,-0.9785328766823633,0.2548027037130518
2023-10-07 00:00:00+00:00,213.4,213.8,211.5,212.3,125590.792,213.17999999999998,217.915,46.373186480039195,-0.7571174331643817,-0.934249787978767,0.17713235481438527
2023-10-08 00:00:00+00:00,212.2,212.8,208.8,211.4,225258.305,212.95,217.375,44.734623552815535,-0.84644229590225,-0.9166882895634636,0.07024599366121365
2023-10-09 00:00:00+00:00,211.3,212.2,202.0,205.8,572318.205,212.38000000000002,216.78000000000003,36.170532292033855,-1.3535037433931336,-1.0040513803293978,-0.34945236306373584
2023-10-10 00:00:00+00:00,205.9,213.1,205.5,208.6,577725.014,212.09,216.26166666666666,42.13545386951089,-1.511987740790346,-1.1056386524215873,-0.4063490883687586
2023-10-11 00:00:00+00:00,208.6,208.8,204.3,206.6,397200.817,211.87999999999997,215.7,39.30966623958702,-1.7784696448389639,-1.2402048509050627,-0.5382647939339011
2023-10-12 00:00:00+00:00,206.6,207.3,202.8,205.1,355516.958,211.57999999999998,215.11499999999998,37.28977690892951,-2.0866424227136804,-1.4094923652667863,-0.677150057446894
2023-10-13 00:00:00+00:00,205.1,208.3,204.3,206.1,331300.92,211.35999999999999,214.54333333333335,39.52091700326756,-2.224536850704254,-1.57250126235428,-0.6520355883499742
2023-10-14 00:00:00+00:00,206.1,207.1,205.7,206.5,142741.132,211.27000000000004,214.04,40.433837155636915,-2.275314116500823,-1.7130638331835886,-0.5622502833172345
2023-10-15 00:00:00+00:00,206.5,213.0,206.3,209.7,365630.554,211.26,213.66833333333332,47.28880090709921,-2.033896713731707,-1.7772304092932125,-0.2566663044384945
2023-10-16 00:00:00+00:00,209.8,219.0,209.6,214.6,773179.81,211.35999999999999,213.61,55.6964544428734,-1.4306905239413084,-1.7079224322228317,0.27723190828152333
2023-10-17 00:00:00+00:00,214.7,215.0,209.0,211.4,372808.016,211.33,213.53166666666667,50.07869084306225,-1.197059571553467,-1.6057498600889588,0.4086902885354917
2023-10-18 00:00:00+00:00,211.4,213.9,209.9,210.2,260942.338,211.09,213.42166666666665,48.11864924286415,-1.0961001692946297,-1.5038199219300932,0.40771975263546345
2023-10-19 00:00:00+00:00,210.3,211.5,208.2,211.2,274491.489,210.89000000000001,213.33333333333334,49.87914205292183,-0.9247376727180949,-1.3880034720876937,0.4632657993695988
2023-10-20 00:00:00+00:00,211.2,216.6,210.5,212.1,344927.206,210.76500000000001,213.36166666666665,51.47507644498885,-0.7081461136029361,-1.2520320003907424,0.5438858867878062
2023-10-21 00:00:00+00:00,212.1,215.8,211.4,214.2,263182.512,210.565,213.41666666666666,55.0700365203522,-0.3628604634289161,-1.074197692998377,0.7113372295694609
2023-10-22 00:00:00+00:00,214.2,218.4,213.6,217.8,291845.069,210.725,213.43666666666664,60.47583448510417,0.19897713102000125,-0.8195627281947014,1.0185398592147026
2023-10-23 00:00:00+00:00,217.8,231.0,216.9,228.5,841393.165,211.475,213.59499999999997,71.46505238217794,1.4904569884256205,-0.35755878487063714,1.8480157732962577
2023-10-24 00:00:00+00:00,228.6,238.1,221.2,225.2,1011409.17,212.065,213.70833333333334,65.42344715099638,2.222067053476451,0.15836638279878046,2.0637006706776706
2023-10-25 00:00:00+00:00,225.2,229.1,221.5,222.1,624789.777,212.63999999999996,213.80166666666668,60.26896763962097,2.5226496736333957,0.6312230409657036,1.891426632667692
2023-10-26 00:00:00+00:00,222.1,228.1,219.2,223.2,726200.668,213.13000000000002,213.88166666666666,61.430187867883326,2.8171500207804456,1.0684084369286522,1.7487415838517935
2023-10-27 00:00:00+00:00,223.2,231.6,219.9,224.1,970917.489,213.71999999999997,213.96999999999997,62.39851966594768,3.087574509049176,1.472241651352757,1.6153328576964192
2023-10-28 00:00:00+00:00,224.2,228.4,224.1,225.7,347691.437,214.435,213.95,64.1229875016721,3.3918948402107105,1.8561722891243477,1.5357225510863628
2023-10-29 00:00:00+00:00,225.7,228.1,223.6,227.1,269033.796,215.5,214.00500000000002,65.60921397817063,3.7033492895229188,2.225607689204062,1.4777416003188568
2023-10-30 00:00:00+00:00,227.1,229.2,224.6,228.0,397120.276,216.46999999999997,214.19333333333333,66.56801833540973,3.976957769302885,2.5758777052238266,1.4010800640790584
2023-10-31 00:00:00+00:00,228.0,229.3,223.9,226.2,465273.268,217.45,214.40166666666667,62.79714065115599,4.0024121877138725,2.861184601721836,1.1412275859920364
2023-11-01 00:00:00+00:00,226.3,229.5,222.3,227.9,578647.208,218.59,214.62666666666664,64.82382683570714,4.1123561088312215,3.111418903143713,1.0009372056875083
2023-11-02 00:00:00+00:00,228.0,233.7,227.5,231.9,829216.687,219.87999999999997,214.91833333333335,69.09057375513041,4.470718370574616,3.383278796629894,1.0874395739447222
2023-11-03 00:00:00+00:00,231.9,232.4,225.6,230.2,501371.786,221.06499999999997,215.16833333333335,65.45665102784905,4.564925631250219,3.6196081635539588,0.9453174676962601
2023-11-04 00:00:00+00:00,230.3,238.7,229.3,237.1,391480.947,222.435,215.54333333333335,71.91372649550702,5.137140144528843,3.923114559748936,1.2140255847799066
2023-11-05 00:00:00+00:00,237.2,245.5,236.1,244.0,613299.473,223.90500000000003,216.02333333333334,76.62021153971025,6.077340801433422,4.3539598080858335,1.7233809933475888
2023-11-06 00:00:00+00:00,244.0,256.1,241.5,255.1,844924.324,226.08999999999997,216.65666666666667,81.88047918565094,7.630177888165662,5.009203424101799,2.6209744640638624
2023-11-07 00:00:00+00:00,255.1,255.6,242.1,246.2,865045.808,227.89000000000001,217.18166666666667,68.56077206913803,8.049863037164812,5.617335346714402,2.43252769045041
2023-11-08 00:00:00+00:00,246.2,248.3,244.0,246.7,500403.192,229.66500000000002,217.725,68.86717821104713,8.326825897068261,6.159233456785174,2.1675924402830873
2023-11-09 00:00:00+00:00,246.7,255.9,240.0,251.6,1320420.474,231.63999999999996,218.37833333333336,71.77076894415222,8.839810178792447,6.695348801186628,2.1444613776058192
2023-11-10 00:00:00+00:00,251.7,258.0,248.1,251.0,814936.218,233.47999999999996,219.12666666666667,70.89881063717289,9.093119115427697,7.174902864034843,1.9182162513928542
2023-11-11 00:00:00+00:00,251.1,255.2,246.0,251.5,738756.911,235.16499999999996,219.80666666666667,71.2126827647694,9.227841283840775,7.58549054799603,1.6423507358447447
2023-11-12 00:00:00+00:00,251.6,252.0,244.5,247.4,637126.209,236.10999999999999,220.38833333333332,65.01988698602857,8.901166728792958,7.8486257841554155,1.0525409446375429
2023-11-13 00:00:00+00:00,247.5,250.2,240.3,241.1,953917.532,236.90499999999997,220.87,56.840369586447025,8.041223225792038,7.887145272482741,0.1540779533092973
2023-11-14 00:00:00+00:00,241.1,249.4,233.7,242.3,992864.124,237.91500000000002,221.34,57.92609419281114,7.371566940241024,7.784029606034397,-0.412462665793373
2023-11-15 00:00:00+00:00,242.3,254.5,242.1,253.7,911316.433,239.43999999999997,221.98666666666668,66.5380453568075,7.67230270580373,7.7616842259882635,-0.08938152018453316
2023-11-16 00:00:00+00:00,253.7,256.0,240.0,242.7,1090149.24,240.37000000000003,222.42333333333332,54.867826471758626,6.94299536878529,7.597946454547669,-0.654951085762379
2023-11-17 00:00:00+00:00,242.7,245.9,238.3,244.9,757117.698,241.33,222.905,56.51070702601582,6.467976852673587,7.371952534172853,-0.9039756814992659
2023-11-18 00:00:00+00:00,244.9,245.2,238.5,244.8,485737.217,242.215,223.36499999999998,56.410190075260275,6.0141250026980515,7.100387027877893,-1.0862620251798418
2023-11-19 00:00:00+00:00,244.8,246.9,241.8,246.4,379101.104,243.135,223.89833333333334,57.70643631988624,5.717641359524066,6.823837894207128,-1.106196534683062
2023-11-20 00:00:00+00:00,246.5,268.4,238.6,253.1,1523794.58,244.48000000000002,224.60333333333335,62.707511708899816,5.954668233282035,6.65000396202211,-0.6953357287400745
2023-11-21 00:00:00+00:00,253.1,271.9,224.0,225.5,4050392.778,244.35999999999999,224.84333333333333,41.13112648086132,3.870804180149065,6.094164005647501,-2.223359825498436
2023-11-22 00:00:00+00:00,225.5,238.5,224.6,236.1,1791363.245,244.57,225.27,48.46513971204627,3.0396194754990233,5.483255099617806,-2.443635624118783
2023-11-23 00:00:00+00:00,236.2,239.2,230.2,233.8,718114.377,244.75,225.695,47.09416415753148,2.1702910661521173,4.820662292924669,-2.6503712267725517
2023-11-24 00:00:00+00:00,233.8,236.7,231.6,232.7,616904.315,244.52999999999997,226.075,46.417871002494536,1.3767113600694927,4.131872106353634,-2.755160746284141
2023-11-25 00:00:00+00:00,232.8,235.7,232.1,234.4,313338.264,244.05,226.43833333333333,47.66862236850693,0.8748843953600556,3.4804745641549184,-2.605590168794863
2023-11-26 00:00:00+00:00,234.5,234.5,227.9,231.7,437624.722,242.88000000000002,226.76666666666668,45.8384966983438,0.25636031309076657,2.835651713942088,-2.5792914008513215
2023-11-27 00:00:00+00:00,231.8,232.9,222.5,227.2,831147.034,241.92999999999998,226.96999999999997,42.88340471671419,-0.5901341708876373,2.1504945369761432,-2.7406287078637805
2023-11-28 00:00:00+00:00,227.3,231.7,224.3,229.6,547422.862,241.075,227.21,44.922775057066005,-1.0551639327409816,1.5093628430327182,-2.5645267757737
2023-11-29 00:00:00+00:00,229.6,231.2,226.1,227.3,416529.001,239.86000000000004,227.42166666666665,43.32621302898683,-1.590954613022177,0.8892993518217391,-2.480253964843916
2023-11-30 00:00:00+00:00,227.3,229.2,225.9,227.6,360874.419,238.69,227.57833333333332,43.60773794481467,-1.968671475202342,0.3177051864169229,-2.286376661619265
2023-12-01 00:00:00+00:00,227.6,230.0,227.0,228.5,425879.275,237.54000000000002,227.81,44.49846680184693,-2.1703736153696696,-0.17991057394039556,-1.9904630414292739
2023-12-02 00:00:00+00:00,228.5,230.1,224.8,229.0,456196.933,236.61999999999998,228.06833333333333,45.01805382191699,-2.2637827153256183,-0.5966850022174401,-1.6670977131081781
2023-12-03 00:00:00+00:00,229.1,231.9,225.9,228.1,594689.614,235.97000000000003,228.31333333333333,44.215661747023105,-2.382963261270305,-0.9539406540280132,-1.4290226072422918
2023-12-04 00:00:00+00:00,228.1,237.4,224.8,233.5,1475825.971,235.53000000000003,228.69500000000002,49.97678835629872,-2.0184128256284453,-1.1668350883480996,-0.8515777372803457
2023-12-05 00:00:00+00:00,233.5,234.9,227.9,231.2,861796.38,234.40500000000003,228.99166666666665,47.71640744088443,-1.8932703153605246,-1.3121221337505846,-0.58114818160994
2023-12-06 00:00:00+00:00,231.3,234.8,228.6,229.4,858794.132,233.73999999999995,229.27666666666667,45.964290062437016,-1.917238202582439,-1.4331453475169558,-0.4840928550654833
2023-12-07 00:00:00+00:00,229.5,234.8,228.3,232.6,793571.247,233.125,229.63,49.51350909203601,-1.6588969381257073,-1.478295665638706,-0.1806012724870012
2023-12-08 00:00:00+00:00,232.6,240.0,232.2,238.9,764638.52,232.82999999999998,230.18166666666667,55.684848504380014,-0.9350239025755513,-1.3696413130260752,0.4346174104505238
2023-12-09 00:00:00+00:00,238.8,245.5,236.3,237.7,838098.223,232.39500000000004,230.66666666666666,54.32274125621383,-0.4529578615881178,-1.1863046227384837,0.7333467611503659
2023-12-10 00:00:00+00:00,237.8,241.4,236.8,239.8,433591.534,231.72999999999996,231.22,56.335649586496814,0.09741248803553049,-0.929561200583681,1.0269736886192113
2023-12-11 00:00:00+00:00,239.8,248.2,228.0,246.4,2010717.772,232.775,231.90833333333333,62.00302875021729,1.053999941580713,-0.5328489721508022,1.5868489137315152
2023-12-12 00:00:00+00:00,246.4,257.3,245.5,254.6,1877670.629,233.7,232.71666666666667,67.62534217843123,2.4455827049955303,0.06283736327846429,2.382745341717066
2023-12-13 00:00:00+00:00,254.6,255.9,244.1,252.0,1149182.339,234.60999999999999,233.475,64.37287332780471,3.300576805049957,0.7103852516327629,2.5901915534171938
2023-12-14 00:00:00+00:00,252.1,254.0,247.7,253.3,818946.787,235.64000000000001,234.20166666666668,65.27223664839696,4.036534270277173,1.3756150553616449,2.660919214915528
2023-12-15 00:00:00+00:00,253.2,253.4,242.6,244.9,655654.892,236.16500000000002,234.70666666666665,55.51961384727135,3.897053261320991,1.8799026965535144,2.017150564767477
2023-12-16 00:00:00+00:00,244.9,248.4,242.7,244.4,444080.33,236.8,235.2566666666667,54.99289973479295,3.7034763652861216,2.244617430300036,1.4588589349860857
2023-12-17 00:00:00+00:00,244.4,244.5,238.8,238.8,464957.446,237.38000000000002,235.73333333333332,49.34631382208552,3.0628850494150868,2.4082709541230463,0.6546140952920405
2023-12-18 00:00:00+00:00,238.9,241.7,232.0,241.7,876189.244,237.98499999999999,236.24166666666667,52.08979510996294,2.757431624736455,2.478103088245728,0.279328536490727
2023-12-19 00:00:00+00:00,241.7,254.8,241.3,252.9,1569167.394,239.26499999999996,236.92166666666668,60.898119482941,3.3801398347490874,2.6585104375463997,0.7216293972026877
2023-12-20 00:00:00+00:00,252.8,261.9,250.1,260.3,1116951.002,240.9,237.69,65.42156151311204,4.419809915702018,3.0107703331775233,1.4090395825244948
2023-12-21 00:00:00+00:00,260.4,274.9,256.2,272.1,1286767.653,243.08,238.595,71.15237659890141,6.125308584075924,3.633677983357204,2.49163060071872
2023-12-22 00:00:00+00:00,272.1,276.5,264.9,271.1,967819.921,245.18500000000003,239.305,70.09218756274787,7.311949323296773,4.369332251345118,2.9426170719516547
2023-12-23 00:00:00+00:00,271.1,272.0,265.6,271.0,408213.412,247.33,240.06833333333333,69.97989477428004,8.150349340369587,5.125535669150012,3.024813671219575
2023-12-24 00:00:00+00:00,271.0,272.9,261.9,264.5,572645.135,248.88000000000002,240.775,62.92334961101154,8.195815458128948,5.739591626945799,2.4562238311831486
2023-12-25 00:00:00+00:00,264.4,268.2,261.5,266.9,469743.423,250.66500000000002,241.50333333333336,64.35266628659784,8.329490445454638,6.257571390647567,2.071919054807071
2023-12-26 00:00:00+00:00,266.8,303.2,264.0,297.7,2356245.345,254.08,242.73000000000002,76.74342469067025,10.796278649821375,7.165312842482329,3.630965807339045
2023-12-27 00:00:00+00:00,297.7,324.4,285.1,324.1,2126454.61,258.65500000000003,244.36999999999998,82.39278622204911,14.71189586236153,8.67462944645817,6.03726641590336
2023-12-28 00:00:00+00:00,324.0,338.3,320.0,322.6,2249136.219,262.84000000000003,245.96166666666664,81.18606455305785,17.49237207318515,10.438177971803565,7.0541941013815865
2023-12-29 00:00:00+00:00,322.6,325.6,307.0,313.7,1407022.74,266.64,247.39,74.23852997917233,18.761493069435176,12.102840991329888,6.658652078105288
2023-12-30 00:00:00+00:00,313.7,320.8,312.2,317.1,561853.413,270.505,248.90500000000003,75.11465578611448,19.813237518697292,13.64492029680337,6.168317221893922
2023-12-31 00:00:00+00:00,317.0,325.5,307.4,311.8,667097.557,273.775,250.30333333333334,71.0578030470739,19.988669921752262,14.913670221793149,5.074999699959113
2024-01-01 00:00:00+00:00,311.9,316.0,307.0,313.5,619455.158,276.72,251.66333333333333,71.58786444208161,20.033938386575926,15.937723854749706,4.09621453182622
2024-01-02 00:00:00+00:00,313.5,321.3,305.8,312.2,937764.737,279.73,253.03000000000003,70.52418233313801,19.73739443865628,16.697657971531022,3.039736467125259
2024-01-03 00:00:00+00:00,312.3,334.3,293.6,315.8,2132158.122,282.855,254.34166666666667,71.77487927368594,19.567311351953947,17.27158864761561,2.2957227043383384
2024-01-04 00:00:00+00:00,315.9,324.3,310.9,323.7,1133774.957,286.79499999999996,255.67000000000002,74.34722776757349,19.841265499387134,17.785524017969916,2.0557414814172184
2024-01-05 00:00:00+00:00,323.6,327.3,308.6,317.5,1157056.276,290.45,256.71,69.03004674572583,19.335203757354577,18.09545996584685,1.2397437915077276
2024-01-06 00:00:00+00:00,317.6,317.6,300.2,307.5,909358.183,293.885,257.7316666666667,61.40233070769197,17.920651637444678,18.060498300166415,-0.1398466627217374
2024-01-07 00:00:00+00:00,307.6,310.0,300.0,302.4,498367.089,296.91999999999996,258.66,57.88908980719744,16.20132274990908,17.68866319011495,-1.4873404402058696
2024-01-08 00:00:00+00:00,302.5,308.1,290.0,303.7,984590.842,299.46000000000004,259.5283333333333,58.54027918326366,14.773343447709863,17.105599241633936,-2.332255793924073
2024-01-09 00:00:00+00:00,303.6,306.8,295.7,301.1,1401490.155,301.5,260.36333333333334,56.653361137162754,13.278791647437401,16.34023772279463,-3.061446075357228
2024-01-10 00:00:00+00:00,301.1,310.0,288.8,305.8,1032565.477,303.185,261.2683333333333,59.212725551769616,12.331450018763121,15.538480181988328,-3.207030163225207
2024-01-11 00:00:00+00:00,305.7,316.8,301.4,308.2,1179601.543,305.04,262.28166666666664,60.49541714134742,11.640154440528136,14.75881503369629,-3.118660593168155
2024-01-12 00:00:00+00:00,308.2,313.0,289.1,296.6,1003340.774,306.32,263.20666666666665,51.98573764168431,10.040533637745455,13.815158754506124,-3.774625116760669
2024-01-13 00:00:00+00:00,296.7,303.1,290.8,302.2,436784.239,308.205,264.20500000000004,55.25780850918193,9.119571086986923,12.876041221002286,-3.7564701340153626
2024-01-14 00:00:00+00:00,302.2,306.7,298.7,299.5,393054.947,309.835,264.96833333333336,53.36936122814827,8.078707879560966,11.916574552714021,-3.837866673153055
2024-01-15 00:00:00+00:00,299.4,320.6,299.4,317.5,1704540.89,310.825,266.21500000000003,62.55651347697771,8.607049151468686,11.254669472464954,-2.6476203209962677
2024-01-16 00:00:00+00:00,317.6,319.4,313.0,315.2,951149.445,310.38,267.38666666666666,60.90529472418429,8.739429929727237,10.751621563917412,-2.0121916341901755
2024-01-17 00:00:00+00:00,315.1,316.3,306.8,309.4,1071343.496,309.72,268.4633333333333,56.831439650007255,8.280874357938615,10.257472122721653,-1.9765977647830386
2024-01-18 00:00:00+00:00,309.3,315.6,305.7,313.0,921121.889,309.68500000000006,269.5733333333333,58.67892632254004,8.11441772069179,9.828861242315682,-1.7144435216238918
2024-01-19 00:00:00+00:00,313.0,316.2,305.0,314.7,835724.4,309.565,270.6,59.55909462170138,8.02714351520558,9.468517696893663,-1.441374181688083
2024-01-20 00:00:00+00:00,314.7,317.3,312.2,317.2,326090.187,309.835,272.12833333333333,60.87881492395807,8.066719069138571,9.188157971342646,-1.1214389022040745
2024-01-21 00:00:00+00:00,317.3,321.7,316.1,318.6,359764.313,310.09000000000003,273.50333333333333,61.63387528694772,8.117478046503265,8.97402198637477,-0.8565439398715053
2024-01-22 00:00:00+00:00,318.7,320.3,303.6,305.9,704437.647,309.775,274.705,51.85629248939311,7.051634190632285,8.589544427226274,-1.537910236593989
2024-01-23 00:00:00+00:00,305.9,311.7,290.3,298.8,928195.378,308.925,275.8066666666666,47.33527447143719,5.569829070612229,7.985601355903466,-2.4157722852912364
2024-01-24 00:00:00+00:00,298.8,300.7,290.3,293.1,802312.815,307.395,276.78499999999997,44.01739715631797,3.8906959529826963,7.166620275319312,-3.275924322336616
2024-01-25 00:00:00+00:00,293.0,296.7,287.5,292.1,1004156.719,306.125,277.7916666666667,43.44209498656962,2.451025322897067,6.223501284834864,-3.772475961937797
2024-01-26 00:00:00+00:00,292.1,304.2,290.7,302.2,709942.404,305.86,279.0416666666667,50.481631108054266,2.1008443412300153,5.398969896113895,-3.29812555488388
2024-01-27 00:00:00+00:00,302.2,307.7,301.9,305.6,285357.667,306.02,280.30833333333334,52.619554287941405,2.073769847431265,4.7339298863773696,-2.6601600389461044
2024-01-28 00:00:00+00:00,305.7,309.1,303.1,305.3,409403.057,306.1,281.60833333333335,52.404562492886726,2.004993308444398,4.188142570790776,-2.1831492623463777
2024-01-29 00:00:00+00:00,305.3,311.0,304.4,310.7,442799.505,306.58000000000004,282.9933333333333,55.897532062398795,2.35902885985422,3.8223198286034648,-1.4632909687492446
2024-01-30 00:00:00+00:00,310.7,313.1,306.3,307.6,386375.467,306.67,284.3116666666666,53.4714576388558,2.362230173809394,3.5303018976446507,-1.168071723835257
2024-01-31 00:00:00+00:00,307.7,308.2,298.6,300.5,459007.698,306.285,285.5033333333333,48.300785322151654,1.7714365574061617,3.178528829596953,-1.4070922721907912
2024-02-01 00:00:00+00:00,300.5,302.2,296.4,300.2,373269.789,306.46500000000003,286.705,48.08918321756996,1.264445130794968,2.7957120898365564,-1.5312669590415884
2024-02-02 00:00:00+00:00,300.2,305.2,299.8,301.4,309501.649,306.425,287.8366666666667,49.05068222145066,0.948546490221645,2.4262789699135743,-1.4777324796919293
2024-02-03 00:00:00+00:00,301.4,303.8,299.5,299.7,198730.962,306.435,288.97833333333335,47.702693565040605,0.5546253730747708,2.0519482505458138,-1.497322877471043
2024-02-04 00:00:00+00:00,299.6,307.7,298.0,304.7,503405.323,305.79499999999996,290.23333333333335,51.89042189620795,0.6385375989787576,1.7692661202324027,-1.130728521253645
2024-02-05 00:00:00+00:00,304.7,306.8,299.5,301.2,488672.271,305.095,291.37666666666667,48.93639865567264,0.4178017349550487,1.498973243176932,-1.0811715082218833
2024-02-06 00:00:00+00:00,301.2,304.1,300.9,302.7,260762.321,304.76,292.44,50.24372045565771,0.35975737727318347,1.2711300699961823,-0.9113726927229988
2024-02-07 00:00:00+00:00,302.8,308.7,300.7,307.3,352421.789,304.475,293.6,54.12272206743763,0.677132796442379,1.1523306152854216,-0.4751978188430426
2024-02-08 00:00:00+00:00,307.4,320.6,307.3,319.2,921496.502,304.7,294.92333333333335,62.30895429743373,1.8673598878548319,1.2953364697993037,0.5720234180555281
2024-02-09 00:00:00+00:00,319.2,326.3,317.9,324.0,739178.081,305.04,296.21666666666664,65.02028009311398,3.1614995191568482,1.6685690796708128,1.4929304394860354
2024-02-10 00:00:00+00:00,324.0,325.4,318.9,323.0,321477.064,305.26,297.3566666666667,63.987560261840855,4.059626016397317,2.146780467016114,1.912845549381203
2024-02-11 00:00:00+00:00,323.0,324.9,320.1,320.7,280308.105,306.0,298.5016666666667,61.56550715397303,4.533547049661024,2.624133783545096,1.9094132661159282
2024-02-12 00:00:00+00:00,320.6,332.2,315.6,327.8,576734.162,307.45,299.7433333333333,65.86136110494215,5.419570115042347,3.183221049844547,2.2363490651978006
2024-02-13 00:00:00+00:00,327.9,329.2,318.6,324.7,441545.83,309.03,301.0733333333334,62.572828381538606,5.804692800283647,3.707515399932367,2.0971774003512795
2024-02-14 00:00:00+00:00,324.6,334.6,323.4,333.9,452466.98,311.12,302.56499999999994,67.7235496584203,6.774179886438162,4.3208482972335265,2.4533315892046357
2024-02-15 00:00:00+00:00,333.9,366.6,333.3,354.2,1361590.403,313.72,304.48833333333334,75.67748994582311,9.075924129021416,5.271863463591105,3.8040606654303115
2024-02-16 00:00:00+00:00,354.3,366.8,349.1,360.4,1061855.986,316.46,306.46666666666664,77.50112409114139,11.270442562623487,6.471579283397581,4.798863279225905
2024-02-17 00:00:00+00:00,360.4,363.7,348.2,352.9,630266.52,318.84,308.1333333333333,70.60479789944412,12.263065921569591,7.629876611031984,4.633189310537608
2024-02-18 00:00:00+00:00,352.9,358.1,349.1,349.8,495667.634,320.79499999999996,309.625,67.9147559551904,12.653718799130559,8.634645048651699,4.01907375047886
2024-02-19 00:00:00+00:00,349.8,356.2,349.3,351.6,830917.534,322.995,310.95,68.66137702514618,12.959173688397641,9.499550776600888,3.459622911796753
2024-02-20 00:00:00+00:00,351.7,361.6,344.8,354.6,972650.558,325.69999999999993,312.34166666666664,69.91780570076418,13.29012354536303,10.257665330353316,3.032458215009715
2024-02-21 00:00:00+00:00,354.6,379.3,350.9,379.2,1701415.313,329.65,314.14500000000004,77.78343370261031,15.360353506855972,11.278202965653847,4.082150541202125
2024-02-22 00:00:00+00:00,379.2,387.3,373.7,382.6,1409647.481,333.71,316.1133333333334,78.61567254307988,17.078506855525916,12.438263743628262,4.640243111897654
2024-02-23 00:00:00+00:00,382.7,385.8,369.0,375.5,1027891.295,337.5,317.92333333333335,72.50741187872062,17.66362977137237,13.483336949177085,4.180292822195286
2024-02-24 00:00:00+00:00,375.5,383.3,371.7,381.7,444587.481,341.34999999999997,319.3233333333333,74.37945085270684,18.41535137471226,14.46973983428412,3.945611540428139
2024-02-25 00:00:00+00:00,381.6,391.0,377.6,388.5,643002.671,345.715,320.39666666666665,76.28664201056307,19.336895635166968,15.44317099446069,3.893724640706278
2024-02-26 00:00:00+00:00,388.5,404.9,382.0,401.6,1196262.204,350.65999999999997,321.7133333333333,79.4589509587947,20.88355400862679,16.531247597293913,4.352306411332876
2024-02-27 00:00:00+00:00,401.5,403.7,389.6,394.6,915873.073,355.025,323.06166666666667,73.77921828116644,21.298929611666495,17.484784000168432,3.8141456114980627
2024-02-28 00:00:00+00:00,394.6,427.3,394.1,414.6,1348008.995,359.79499999999996,324.68666666666667,78.50647648767986,22.977085088558965,18.583244217846538,4.3938408707124275
2024-02-29 00:00:00+00:00,414.7,419.7,391.1,399.4,1146024.362,363.565,326.14666666666665,68.4117883118005,22.81749652955949,19.43009468018913,3.387401849370363
2024-03-01 00:00:00+00:00,399.3,408.6,398.8,407.4,586580.611,367.78499999999997,327.7116666666667,70.55760049190735,23.070610945960993,20.1581979333435,2.912413012617492
2024-03-02 00:00:00+00:00,407.4,414.8,405.8,410.9,590018.543,372.29499999999996,329.3566666666666,71.47070491825367,23.285209295609263,20.783600205796656,2.5016090898126073
2024-03-03 00:00:00+00:00,410.9,416.8,402.2,414.5,838274.346,376.63,331.00166666666667,72.41822536834596,23.47516288242082,21.321912741121487,2.1532501412993312
2024-03-04 00:00:00+00:00,414.5,423.8,410.6,418.4,1045414.001,381.315,332.58,73.44708595400155,23.6675748050518,21.79104515390755,1.8765296511442493
2024-03-05 00:00:00+00:00,418.5,427.2,356.1,394.1,2073303.79,384.325,333.8566666666666,58.743575043953314,21.610147396229365,21.754865602371915,-0.14471820614254938
2024-03-06 00:00:00+00:00,394.1,434.7,385.6,429.4,1804741.112,388.085,335.8883333333333,68.5829066270021,22.56788777511514,21.917470036920562,0.6504177381945766
2024-03-07 00:00:00+00:00,429.4,476.8,423.2,474.6,1672134.41,393.79499999999996,338.7583333333333,76.35801370309608,26.666768268257954,22.867329683188043,3.799438585069911
2024-03-08 00:00:00+00:00,474.6,489.6,462.5,485.8,1660311.361,400.44,341.79333333333335,77.82260098180056,30.467694372364065,24.38740262102325,6.080291751340816
2024-03-09 00:00:00+00:00,485.8,493.8,480.7,488.3,852029.241,407.365,344.9133333333333,78.14800953798515,33.29784793686474,26.16949168419155,7.128356252673193
2024-03-10 00:00:00+00:00,488.3,537.5,484.8,528.9,1944137.084,416.23,348.6316666666666,82.61049067708927,38.37448850236399,28.610491047826038,9.76399745453795
2024-03-11 00:00:00+00:00,528.9,533.8,505.5,523.0,1608146.397,424.65,352.21166666666664,80.05208905046834,41.44394206789906,31.177181251840643,10.266760816058415
2024-03-12 00:00:00+00:00,523.0,548.5,519.0,537.5,1924767.687,432.56499999999994,356.22666666666663,81.56327521095437,44.533184125592925,33.8483818265911,10.684802299001824
2024-03-13 00:00:00+00:00,537.4,633.5,531.7,630.5,2526002.564,444.9599999999999,361.6983333333333,87.89655981570448,53.86483321209846,37.85167210369258,16.013161108405882
2024-03-14 00:00:00+00:00,630.5,631.5,565.5,603.2,2119540.3,456.34499999999997,366.76,79.28645185679017,58.38433226036227,41.95820413502652,16.42612812533575
2024-03-15 00:00:00+00:00,603.2,635.2,540.9,632.7,3066312.788,468.8950000000001,372.0133333333333,81.40604518116271,63.61317815560767,46.28919893914275,17.32397921646492
2024-03-16 00:00:00+00:00,632.7,645.2,567.2,576.4,1811838.042,478.2900000000001,376.3666666666667,67.26024411060817,62.493747695693344,49.53010869045287,12.963639005240474
2024-03-17 00:00:00+00:00,576.4,590.5,548.6,571.7,1712920.341,486.79499999999996,380.73833333333334,66.22564703536509,60.52959280321687,51.73000551300567,8.7995872902112
2024-03-18 00:00:00+00:00,571.7,587.7,540.1,555.4,2284301.814,494.83500000000004,384.77833333333336,62.627708354325506,57.00064418029979,52.7841332464645,4.216510933835288
2024-03-19 00:00:00+00:00,555.4,560.6,495.8,507.7,2551361.512,499.48999999999995,387.995,53.47240528743029,49.78109019732722,52.183524636637046,-2.402434439309829
2024-03-20 00:00:00+00:00,507.7,559.0,500.0,556.8,1425296.579,507.36,391.98833333333334,59.9608273981193,47.4742477297865,51.24166925526694,-3.7674215254804437
2024-03-21 00:00:00+00:00,556.7,571.0,540.6,553.8,953921.372,514.6800000000001,395.90833333333336,59.415630159771986,44.88655921271288,49.97064724675613,-5.084088034043248
2024-03-22 00:00:00+00:00,553.8,588.1,535.5,553.8,1181298.51,521.825,400.03999999999996,59.415630159771986,42.347640184091574,48.44604583422323,-6.098405650131653
2024-03-23 00:00:00+00:00,553.8,567.7,543.4,551.9,608753.329,528.6949999999999,404.2583333333333,59.021447424282755,39.724297467261806,46.70169616083095,-6.9773986935691426
2024-03-24 00:00:00+00:00,551.9,573.0,548.7,567.7,442930.35,536.1600000000001,408.83500000000004,61.31958580929292,38.47667229063154,45.05669138679107,-6.580019096159532
2024-03-25 00:00:00+00:00,567.8,598.0,564.4,587.0,802695.512,545.8050000000001,413.75,63.97714301394324,38.60030872158359,43.765414853749576,-5.165106132165988
2024-03-26 00:00:00+00:00,587.1,597.0,571.9,580.4,569324.079,553.355,418.3866666666666,62.39831197156085,37.730789586613355,42.558489800322334,-4.8277002137089795
2024-03-27 00:00:00+00:00,580.4,585.6,560.3,574.3,531668.402,558.34,422.865,60.90236716417489,36.1329522063761,41.27338228153309,-5.140430075156985
2024-03-28 00:00:00+00:00,574.2,591.7,574.1,583.4,503901.624,563.22,427.5,62.352394948722,35.19523970383841,40.05775376599415,-4.862514062155739
2024-03-29 00:00:00+00:00,583.4,620.0,582.1,612.5,1042401.169,569.4300000000001,432.53,66.61620496500797,36.38084683485488,39.3223723797663,-2.9415255449114213
2024-03-30 00:00:00+00:00,612.5,612.9,596.9,600.7,501020.148,573.02,437.415,63.47678706758821,35.9538342242854,38.64866474867012,-2.69483052438472
2024-03-31 00:00:00+00:00,600.7,608.8,600.4,606.7,325136.967,577.205,442.5183333333334,64.39559946489135,35.68818235874767,38.05656827068563,-2.3683859119379633
2024-04-01 00:00:00+00:00,606.7,607.7,568.7,575.8,723114.09,579.12,447.1116666666667,56.51094997575072,32.60839035744323,36.966932688037154,-4.358542330593927
2024-04-02 00:00:00+00:00,575.8,578.2,546.3,551.4,998260.814,575.1650000000001,451.27833333333336,51.18180173039815,27.877403571720947,35.149026864773916,-7.2716232930529685
2024-04-03 00:00:00+00:00,551.4,567.9,539.0,561.5,683925.233,573.08,455.64166666666665,53.15122760571379,24.658796790067072,33.05098084983255,-8.392184059765476
2024-04-04 00:00:00+00:00,561.6,597.6,560.8,585.5,879640.68,570.72,460.3216666666667,57.535142504924316,23.770614305408685,31.194907540947778,-7.424293235539093
2024-04-05 00:00:00+00:00,585.4,591.5,564.4,577.8,634206.619,570.79,464.9316666666667,55.73319551366113,22.189609631611916,29.39384795908061,-7.204238327468694
2024-04-06 00:00:00+00:00,577.8,591.3,575.1,585.4,226975.996,571.475,469.6433333333333,57.15936858357944,21.30432551816307,27.775943470897104,-6.471617952734036
2024-04-07 00:00:00+00:00,585.5,591.1,578.0,583.9,263849.216,572.8999999999999,474.25333333333333,56.77061001882003,20.24828439773262,26.27041165626421,-6.02212725853159
2024-04-08 00:00:00+00:00,583.8,601.1,577.7,586.4,483568.312,576.835,478.7066666666667,57.29196742310662,19.38958227320461,24.89424577965229,-5.504663506447681
2024-04-09 00:00:00+00:00,586.3,590.3,571.2,580.5,596275.792,578.0200000000001,482.9816666666667,55.588103214723695,18.025190782213144,23.52043478016446,-5.495243997951317
2024-04-10 00:00:00+00:00,580.4,610.6,573.4,609.7,816050.7,580.8149999999999,487.76,61.66464219447731,19.08015253961628,22.632378332054824,-3.552225792438545
2024-04-11 00:00:00+00:00,609.7,618.4,592.0,604.6,579678.194,583.355,492.4916666666667,60.117501195390055,19.28241428641809,21.962385522927477,-2.679971236509388
2024-04-12 00:00:00+00:00,604.6,634.5,571.0,595.6,1517722.658,585.5400000000001,496.955,57.381462056941025,18.503190136061335,21.27054644555425,-2.7673563094929143
2024-04-13 00:00:00+00:00,595.6,600.2,508.0,553.1,1761628.473,584.8100000000001,500.76166666666666,46.59675884365349,14.291510928390835,19.874739342121565,-5.58322841373073
2024-04-14 00:00:00+00:00,553.0,576.0,536.1,566.4,965488.003,583.78,504.63666666666666,49.77787183140294,11.889864700975068,18.277764413892267,-6.3878997129172
2024-04-15 00:00:00+00:00,566.4,585.5,544.7,552.7,698443.303,582.395,507.945,46.692468642445,8.779858514812076,16.37818323407623,-7.598324719264152
2024-04-16 00:00:00+00:00,552.7,554.2,522.8,537.6,623668.813,580.56,510.8983333333333,43.49260080563216,5.038630209244843,14.110272629109952,-9.071642419865109
2024-04-17 00:00:00+00:00,537.5,547.9,512.6,534.1,657909.358,578.095,513.9183333333334,42.76110820446312,1.770845864891612,11.642387276266284,-9.871541411374672
2024-04-18 00:00:00+00:00,534.0,555.9,527.0,552.1,589697.296,575.075,517.29,47.63858361791691,0.6263328217102071,9.439176385355069,-8.812843563644861
2024-04-19 00:00:00+00:00,552.0,564.3,524.0,554.0,545504.183,572.74,520.6633333333333,48.14091980051391,-0.12593617590164286,7.526153873103727,-7.65209004900537
2024-04-20 00:00:00+00:00,554.1,574.3,548.8,570.9,242132.859,570.95,524.2683333333333,52.50551568457038,0.6342626000538303,6.147775618493748,-5.513513018439918
2024-04-21 00:00:00+00:00,570.9,582.6,566.3,579.6,277755.724,571.1400000000001,527.6083333333333,54.62277659158978,1.9166489618417017,5.301550287163339,-3.3849013253216373
2024-04-22 00:00:00+00:00,579.6,608.7,578.4,604.5,522892.157,573.795,531.3066666666666,60.10453078291116,4.8858502542755105,5.218410280585774,-0.33256002631026327
2024-04-23 00:00:00+00:00,604.4,618.3,598.7,606.2,556883.344,576.03,535.1516666666666,60.45576680926346,7.29208089359804,5.633144403188227,1.658936490409813
2024-04-24 00:00:00+00:00,606.2,618.5,592.6,608.8,656953.677,577.1949999999999,538.9366666666667,61.0209841246537,9.301611099408092,6.3668377424322005,2.9347733569758914
2024-04-25 00:00:00+00:00,608.8,617.9,600.7,613.2,453745.517,578.9649999999999,542.6816666666667,62.010582438297234,11.121025236730361,7.317675241291833,3.803349995438528
2024-04-26 00:00:00+00:00,613.3,615.0,597.0,598.0,302119.884,579.595,545.955,56.65910857395859,11.207221210567127,8.095584435146892,3.1116367754202354
2024-04-27 00:00:00+00:00,598.0,599.7,585.0,596.2,268783.912,580.21,549.315,56.0423186169042,11.003446304478302,8.677156809013175,2.3262894954651276
2024-04-28 00:00:00+00:00,596.2,609.0,596.2,600.2,258059.431,580.9,552.4083333333333,57.15842390421341,11.037486519884737,9.149222751187487,1.88826376869725
2024-04-29 00:00:00+00:00,600.2,602.8,581.3,592.8,330474.005,581.515,555.6316666666667,54.40625168491269,10.348059491842719,9.388990099318534,0.9590693925241851
2024-04-30 00:00:00+00:00,592.8,604.3,555.7,578.4,766513.446,579.95,558.4816666666667,49.419589472410145,8.541265558284522,9.219445191111731,-0.6781796328272094
2024-05-01 00:00:00+00:00,578.4,580.4,536.7,561.8,669027.318,577.8100000000001,560.9966666666666,44.37078516362046,5.704133381755582,8.516382829240502,-2.81224944748492
2024-05-02 00:00:00+00:00,561.8,565.9,539.5,560.5,359794.315,576.0550000000001,563.43,43.9917490579123,3.3126009541987287,7.475626454232148,-4.163025500033419
2024-05-03 00:00:00+00:00,560.5,590.0,558.9,587.0,342906.433,577.75,566.24,52.83634721347171,3.5151028875463908,6.683521740894997,-3.168418853348606
2024-05-04 00:00:00+00:00,587.0,593.6,582.5,585.7,197129.251,578.7149999999999,569.4333333333333,52.39919480975467,3.5299963921630706,6.052816671148612,-2.5228202789855416
2024-05-05 00:00:00+00:00,585.7,595.0,579.3,592.0,180458.236,580.6800000000001,572.1433333333334,54.3695160566562,4.004001315812388,5.643053600081368,-1.6390522842689794
2024-05-06 00:00:00+00:00,592.0,602.3,583.1,588.2,278669.005,583.21,574.0366666666666,52.945932146664404,4.0266091469814,5.319764709461374,-1.2931555624799742
2024-05-07 00:00:00+00:00,588.2,600.4,576.0,576.5,289488.709,585.33,575.5483333333334,48.71642321363619,3.0651012181596116,4.868832011201022,-1.8037307930414102
2024-05-08 00:00:00+00:00,576.5,590.0,574.4,588.6,297016.617,587.155,577.2199999999999,52.90632747293987,3.2420952771377642,4.54348466438837,-1.3013893872506062
2024-05-09 00:00:00+00:00,588.6,605.8,586.3,596.8,464857.601,589.295,578.3516666666667,55.556344876292414,3.9979499355721373,4.434377718625124,-0.436427783052987
2024-05-10 00:00:00+00:00,596.8,597.0,581.5,585.6,296215.516,590.03,579.395,51.30944215591227,3.651135779809124,4.277729330861924,-0.6265935510528005
2024-05-11 00:00:00+00:00,585.7,594.5,580.8,592.2,210698.305,590.6600000000001,580.3066666666667,53.56223151554529,3.8643026289428235,4.195043990478105,-0.33074136153528144
2024-05-12 00:00:00+00:00,592.2,600.1,587.3,594.8,191190.562,590.175,579.7116666666666,54.45619391685597,4.19468346368933,4.19497188512035,-0.00028842143102014717
2024-05-13 00:00:00+00:00,594.8,598.4,585.2,591.7,389810.286,589.45,579.5200000000001,53.142592294663785,4.158432739189379,4.187664055934157,-0.029231316744777303
2024-05-14 00:00:00+00:00,591.7,593.1,562.0,567.1,453308.316,587.365,578.4266666666666,44.05984114284075,2.120248465131681,3.7741809377736617,-1.6539324726419808
2024-05-15 00:00:00+00:00,567.1,587.3,560.0,581.0,402812.993,585.7549999999999,578.5033333333334,49.329629091992956,1.608049977307246,3.3409547456803788,-1.7329047683731327
2024-05-16 00:00:00+00:00,581.0,586.6,565.1,569.2,411937.056,584.3149999999999,578.4616666666666,45.418069047294104,0.24711896858650562,2.7221875902616044,-2.475068621675099
2024-05-17 00:00:00+00:00,569.2,584.5,568.6,580.9,236919.616,583.55,578.8866666666668,49.67877799385946,0.11137964302372438,2.200026000814028,-2.088646357790304
2024-05-18 00:00:00+00:00,580.9,581.9,574.2,580.3,168074.711,582.5550000000001,580.0966666666667,49.46552962993988,-0.04410136296451128,1.7512005280583203,-1.7953018910228316
2024-05-19 00:00:00+00:00,580.3,581.9,571.3,574.5,142157.485,581.6400000000001,580.3916666666667,47.34964046035443,-0.6280924489898325,1.27534193264869,-1.9034343816385224
2024-05-20 00:00:00+00:00,574.6,602.0,568.8,599.6,469252.806,582.7,581.1550000000001,56.100996035510825,0.9238016283292154,1.2050338717847953,-0.28123224345557984
2024-05-21 00:00:00+00:00,599.6,631.4,593.3,618.5,1023559.613,585.535,582.2333333333333,61.31519042688621,3.6368377102364775,1.6913946394751318,1.9454430707613457
2024-05-22 00:00:00+00:00,618.5,626.3,610.1,614.8,404848.487,588.25,583.2816666666666,59.81728682389396,5.4258336409587855,2.4382824397718625,2.987551201186923
2024-05-23 00:00:00+00:00,614.8,617.5,580.0,599.3,607671.947,588.865,583.8083333333333,53.87913796811034,5.529168530944048,3.0564596580063,2.472708872937748
2024-05-24 00:00:00+00:00,599.4,605.5,588.3,600.3,251965.176,589.595,584.0300000000001,54.19506705085414,5.626890527018418,3.5705458318087238,2.056344695209694
2024-05-25 00:00:00+00:00,600.3,606.7,599.5,602.4,121538.958,590.115,584.3966666666666,54.8938335680807,5.806850603407042,4.0178067861283875,1.789043817278655
2024-05-26 00:00:00+00:00,602.3,605.4,598.0,600.2,122983.66,590.7149999999999,584.8283333333334,53.96503745916345,5.706171454100058,4.355479719722722,1.3506917343773361
2024-05-27 00:00:00+00:00,600.3,614.4,599.6,603.9,229302.377,592.085,585.17,55.333835007025385,5.857420878955281,4.655867951569235,1.2015529273860466
2024-05-28 00:00:00+00:00,603.9,606.0,593.8,601.7,284862.985,592.74,584.99,54.299986777442385,5.73367133000761,4.871428627256909,0.8622427027507005
2024-05-29 00:00:00+00:00,601.7,603.6,593.1,595.7,212706.254,592.6850000000001,584.9066666666666,51.47525153734961,5.092743092740875,4.915691520353703,0.17705157238717195
2024-05-30 00:00:00+00:00,595.7,602.2,586.5,595.1,225452.344,593.1600000000001,584.7133333333334,51.18848072443173,4.484691133711408,4.829491443025244,-0.3448003093138361
2024-05-31 00:00:00+00:00,595.1,599.0,590.0,593.7,168608.054,593.2349999999999,585.0116666666668,50.48178471492419,3.8455086457685184,4.632694883573899,-0.7871862378053809
2024-06-01 00:00:00+00:00,593.8,608.4,593.1,601.9,156464.894,593.5899999999999,585.8533333333334,54.44852144444709,3.955032239023808,4.497162354663882,-0.5421301156400737
2024-06-02 00:00:00+00:00,601.9,606.0,596.0,602.9,198299.996,594.15,586.5433333333334,54.92275965721374,4.075541809363244,4.412838245603754,-0.33729643624050976
2024-06-03 00:00:00+00:00,602.8,638.8,601.2,626.4,654161.467,597.115,587.225,64.32293118995203,5.998157093140776,4.729902015111159,1.2682550780296173
2024-06-04 00:00:00+00:00,626.4,688.2,624.8,685.7,736322.6803,602.35,589.0233333333333,77.22782594937428,12.166608872816823,6.217243386652292,5.949365486164531
2024-06-05 00:00:00+00:00,685.7,716.0,684.7,698.8,673820.5652,608.83,590.9133333333333,79.03217276093456,17.905804895379788,8.554955688397792,9.350849206981996
2024-06-06 00:00:00+00:00,698.8,721.8,692.0,711.2,544042.9592,615.345,593.0350000000001,80.59917892636294,23.18744502820971,11.481453556360176,11.705991471849533
2024-06-07 00:00:00+00:00,711.1,712.0,658.9,684.0,594753.99,620.53,594.6616666666667,68.50511694878294,24.891437211729453,14.163450287434033,10.72798692429542
2024-06-08 00:00:00+00:00,684.0,694.9,677.9,682.7,216849.473,625.9399999999999,596.365,67.98008898808172,25.83910701691741,16.49858163333071,9.340525383586701
2024-06-09 00:00:00+00:00,682.7,684.8,670.3,673.0,173565.78,629.61,597.42,64.03642791209981,25.513331428196693,18.301531592303906,7.211799835892787
2024-06-10 00:00:00+00:00,673.1,674.8,613.3,625.1,692122.616,629.94,597.7616666666667,48.938509986881414,21.146261306797896,18.870477535202706,2.27578377159519
2024-06-11 00:00:00+00:00,625.1,629.0,595.8,602.5,640655.92,629.325,597.8766666666667,43.70300184035147,15.680935584256872,18.232569145013542,-2.5516335607566702
2024-06-12 00:00:00+00:00,602.5,635.4,591.3,619.4,454148.661,630.33,598.9816666666667,48.168451804625406,12.568433259368476,17.09974196788453,-4.531308708516054
2024-06-13 00:00:00+00:00,619.4,619.9,595.6,599.8,313465.472,630.305,599.5383333333334,43.82662889651221,8.42310028961981,15.364413632231585,-6.941313342611775
2024-06-14 00:00:00+00:00,599.8,612.5,590.0,603.3,279802.085,630.35,600.3816666666667,44.78376319405024,5.358544825690046,13.363239870923278,-8.004695045233232
2024-06-15 00:00:00+00:00,603.3,609.7,601.3,608.2,122650.197,630.75,601.5583333333333,46.16671172890295,3.287356985566248,11.348063293851874,-8.060706308285626
2024-06-16 00:00:00+00:00,608.2,611.8,601.1,610.8,104827.154,631.095,602.8366666666666,46.92630393233339,1.8345761195370187,9.445365858988904,-7.610789739451885
2024-06-17 00:00:00+00:00,610.9,612.6,591.4,604.3,235509.028,631.225,603.7066666666667,45.20887802062438,0.1569321234222798,7.5876791118755795,-7.4307469884533
2024-06-18 00:00:00+00:00,604.3,605.2,575.0,588.6,459142.573,630.87,604.2833333333333,41.27914261857337,-2.4116713735156736,5.58780901479733,-7.999480388313003
2024-06-19 00:00:00+00:00,588.6,605.9,586.6,599.3,260529.062,631.0799999999999,604.7566666666667,44.80075480547924,-3.543065322700386,3.7616341472977872,-7.304699469998173
2024-06-20 00:00:00+00:00,599.3,608.0,584.6,587.7,289498.772,630.78,604.8916666666667,41.86917047577096,-5.314464396019503,1.9464144386343296,-7.260878834653832
2024-06-21 00:00:00+00:00,587.7,589.3,577.8,586.1,191182.614,629.99,604.5849999999999,41.466122114592366,-6.769384303651009,0.20325469017726183,-6.972638993828271
2024-06-22 00:00:00+00:00,586.2,591.4,581.0,591.1,100439.584,629.4,604.3333333333334,43.30290701303784,-7.433274438648368,-1.3240511355878641,-6.109223303060504
2024-06-23 00:00:00+00:00,591.1,593.2,576.0,577.5,141025.834,626.955,603.8116666666667,39.65762377440178,-8.95360688699509,-2.849962285869309,-6.10364460112578
2024-06-24 00:00:00+00:00,577.5,582.0,551.2,568.1,356915.248,621.075,603.06,37.319215391187825,-10.79257268684512,-4.438484366064471,-6.354088320780648
2024-06-25 00:00:00+00:00,568.1,580.0,566.4,578.2,177300.699,615.045,602.73,41.32273307813257,-11.304667570638117,-5.8117210069792,-5.492946563658917
2024-06-26 00:00:00+00:00,578.3,584.7,567.4,573.0,154770.344,608.135,602.3433333333334,39.90938536678634,-11.991868205283595,-7.047750446640079,-4.944117758643515
2024-06-27 00:00:00+00:00,573.1,584.7,566.4,581.7,199582.231,603.0200000000001,602.0350000000001,43.3975411460289,-11.699596700173515,-7.9781196973467665,-3.7214770028267488
2024-06-28 00:00:00+00:00,581.8,585.3,565.6,567.4,210308.565,597.255,601.6116666666666,39.35385048193946,-12.47802105713663,-8.87809996930474,-3.5999210878318895
2024-06-29 00:00:00+00:00,567.4,573.9,566.9,570.0,99951.169,592.105,601.4716666666666,40.44049102392165,-12.738290612510696,-9.65013809794593,-3.088152514564765
2024-06-30 00:00:00+00:00,570.0,585.3,568.3,582.2,169894.148,589.9599999999999,601.8116666666667,45.385444828441045,-11.823820428117074,-10.08487456398016,-1.7389458641369142
2024-07-01 00:00:00+00:00,582.3,588.3,576.2,576.9,188481.951,588.6800000000001,602.0850000000002,43.68845763371476,-11.395402814382805,-10.34698021406069,-1.048422600322116
2024-07-02 00:00:00+00:00,576.9,582.0,573.9,580.1,144561.934,586.7149999999999,601.97,45.02500982214641,-10.67461519320193,-10.412507209888938,-0.26210798331299223
2024-07-03 00:00:00+00:00,580.1,581.0,550.5,556.7,288318.808,584.5600000000001,601.4866666666666,37.93455554097208,-11.854914177254614,-10.700988603362074,-1.1539255738925398
2024-07-04 00:00:00+00:00,556.7,558.1,511.6,513.6,511359.494,580.075,600.18,28.905428672096818,-16.082727749634955,-11.77733643261665,-4.305391317018305
2024-07-05 00:00:00+00:00,513.5,516.1,454.8,497.7,992708.164,574.55,598.6716666666667,26.40822216563886,-20.480214420307334,-13.517912030154786,-6.962302390152548
2024-07-06 00:00:00+00:00,497.8,530.7,496.0,526.0,226597.141,570.3100000000001,597.83,36.86337530906467,-21.43459612046024,-15.101248848215878,-6.333347272244364
2024-07-07 00:00:00+00:00,526.0,526.6,488.4,490.7,279027.459,564.63,596.1983333333334,30.955722067796202,-24.75401658501937,-17.031802395576577,-7.722214189442795
2024-07-08 00:00:00+00:00,490.7,524.2,471.0,510.6,580970.096,560.73,594.7616666666667,37.07764580838462,-25.485140691610923,-18.722470054783447,-6.762670636827476
2024-07-09 00:00:00+00:00,510.5,520.8,506.5,516.9,203358.601,556.61,593.6166666666667,38.923950272357324,-25.264965667526212,-20.030969177332,-5.233996490194212
2024-07-10 00:00:00+00:00,516.9,529.4,511.3,524.7,205460.208,553.46,592.4916666666667,41.22348985469292,-24.182321809140376,-20.861239703693677,-3.321082105446699
2024-07-11 00:00:00+00:00,524.7,545.1,520.1,524.8,262788.577,550.395,591.325,41.25402768141677,-23.05053734107014,-21.29909923116897,-1.7514381099011693
2024-07-12 00:00:00+00:00,524.9,537.5,517.0,533.8,207870.778,547.53,590.36,44.07048130884287,-21.183178714051337,-21.275915127745446,0.09273641369410868
2024-07-13 00:00:00+00:00,533.9,539.4,527.3,532.4,161128.431,545.275,589.7816666666666,43.71935091482132,-19.590425616369316,-20.938817225470224,1.3483916091009078
2024-07-14 00:00:00+00:00,532.5,547.7,531.2,544.8,148566.273,544.11,589.1783333333333,47.69443960202508,-17.130115632528828,-20.177076906881943,3.046961274353116
2024-07-15 00:00:00+00:00,544.9,586.8,543.8,585.3,335372.772,544.4649999999999,589.4466666666667,58.10296173176762,-11.776538116613551,-18.496969148828263,6.720431032214712
2024-07-16 00:00:00+00:00,585.3,587.5,554.4,576.2,347825.03,544.625,589.3683333333333,55.43372949556521,-8.173860141276919,-16.432347347317993,8.258487206041075
2024-07-17 00:00:00+00:00,576.3,584.0,564.3,568.9,198271.205,543.9849999999999,589.1783333333333,53.317681576282546,-5.840435970955923,-14.31396507204558,8.473529101089657
2024-07-18 00:00:00+00:00,568.9,579.6,561.6,571.9,153121.784,544.2099999999999,589.135,54.09323403110936,-3.706380726733414,-12.192448202983147,8.486067476249733
2024-07-19 00:00:00+00:00,572.0,598.7,565.0,593.4,331877.529,545.38,589.0316666666666,59.31050026563848,-0.2770624501860084,-9.809371052423721,9.532308602237713
2024-07-20 00:00:00+00:00,593.4,597.9,586.7,593.1,144679.404,545.925,588.6083333333333,59.209383233154966,2.3889511562280177,-7.369706610693373,9.758657766921392
2024-07-21 00:00:00+00:00,593.2,603.4,581.5,602.5,243931.763,547.2049999999999,588.4033333333334,61.42835690987948,5.200341290526808,-4.855697030449337,10.056038320976146
2024-07-22 00:00:00+00:00,602.5,605.6,580.3,587.2,212452.69,547.5600000000001,588.2016666666666,56.08081209554618,6.123221409529833,-2.6599133424535033,8.783134751983336
2024-07-23 00:00:00+00:00,587.3,593.5,577.2,581.9,214355.311,548.8199999999999,587.8950000000001,54.31685006572789,6.353703310064702,-0.8571900119498621,7.210893322014565
2024-07-24 00:00:00+00:00,582.0,589.1,570.4,574.9,160535.208,551.885,587.4366666666667,51.990855190782256,5.903468863930243,0.494941763226159,5.4085271007040845
2024-07-25 00:00:00+00:00,574.9,576.6,553.1,570.6,286997.522,555.53,586.9433333333333,50.55858745849608,5.140425137028046,1.4240384379865365,3.71638669904151
2024-07-26 00:00:00+00:00,570.7,582.8,570.2,580.9,155492.92,558.2749999999999,586.56,53.83898197462906,5.305670933477586,2.2003649370847462,3.1053059963928398
2024-07-27 00:00:00+00:00,580.9,592.8,572.6,581.6,184468.855,562.8199999999999,586.225,54.0620576641747,5.430513982735988,2.8463947462149948,2.5841192365209933
2024-07-28 00:00:00+00:00,581.6,584.9,574.5,583.9,92606.642,566.4849999999999,586.0283333333334,54.83438127059102,5.6499150728075165,3.407098811533499,2.2428162612740175
2024-07-29 00:00:00+00:00,583.9,598.0,572.2,574.3,213824.089,569.355,585.6816666666666,50.981641580280815,4.9916120513785245,3.7240014595025044,1.26761059187602
2024-07-30 00:00:00+00:00,574.3,588.3,566.6,588.2,165024.413,572.53,585.59,55.82173381420256,5.527795016909977,4.084760170983999,1.443034845925978
2024-07-31 00:00:00+00:00,588.1,592.9,574.7,576.5,194701.723,575.115,585.1666666666666,51.23583529111686,4.95155323757524,4.258118784302247,0.6934344532729932
2024-08-01 00:00:00+00:00,576.5,578.0,553.7,575.1,280418.865,577.1800000000001,584.7033333333333,50.69911458397074,4.331972889235203,4.272889605288839,0.05908328394636442
2024-08-02 00:00:00+00:00,575.2,577.6,540.2,542.9,283605.001,577.7049999999999,583.3116666666667,40.25432685365304,1.2285185093194286,3.664015386094957,-2.4354968767755283
2024-08-03 00:00:00+00:00,542.9,545.3,521.3,529.6,245777.525,576.9449999999999,580.7099999999999,36.87513168246796,-2.277931714367469,2.4756259660024718,-4.753557680369941
2024-08-04 00:00:00+00:00,529.7,532.2,486.5,496.9,390238.285,572.525,577.345,30.169374689671372,-7.607738223360116,0.45895312812995415,-8.06669135149007
2024-08-05 00:00:00+00:00,496.9,499.9,400.0,464.2,2114679.75,566.925,573.2283333333332,25.22862838634005,-14.305361690823247,-2.4939098356606864,-11.811451855162561
2024-08-06 00:00:00+00:00,464.3,494.4,463.5,484.8,458815.007,562.72,569.9083333333333,32.70534573632622,-17.746458576262285,-5.544419583781006,-12.202038992481278
2024-08-07 00:00:00+00:00,484.9,497.7,468.1,475.0,322182.487,557.875,566.4466666666667,31.111521576138927,-21.022002192190143,-8.639936105462834,-12.38206608672731
2024-08-08 00:00:00+00:00,475.0,521.7,467.5,517.1,286744.608,554.06,563.8483333333334,43.78544650385943,-19.990339758034565,-10.910016835977181,-9.080322922057384
2024-08-09 00:00:00+00:00,517.2,518.4,498.7,508.7,195125.106,549.84,561.9083333333333,42.12035378444449,-19.624332554544708,-12.652879979690686,-6.9714525748540215
2024-08-10 00:00:00+00:00,508.7,525.4,507.2,523.1,126212.238,545.8700000000001,560.5850000000002,45.917303661030694,-17.965217707883994,-13.71534752532935,-4.249870182554645
2024-08-11 00:00:00+00:00,523.2,535.8,502.3,503.4,206038.714,541.6800000000001,558.6516666666666,41.870555853821195,-18.032119549299296,-14.57870193012334,-3.453417619175955
2024-08-12 00:00:00+00:00,503.5,524.0,499.2,518.2,285951.347,538.495,557.2916666666666,45.73951053006349,-16.698414501413367,-15.002644444381346,-1.6957700570320213
2024-08-13 00:00:00+00:00,518.3,527.0,513.1,524.2,255029.497,535.96,555.9733333333334,47.271710239366506,-14.984561093509456,-14.999027774206969,0.014466680697513112
2024-08-14 00:00:00+00:00,524.2,531.9,515.4,523.4,220850.011,533.6,554.56,47.080813265188176,-13.534851886821116,-14.7061925967298,1.1713407099086837
2024-08-15 00:00:00+00:00,523.4,533.9,510.0,519.2,229628.306,530.5150000000001,553.0333333333333,46.02986481058598,-12.579839238995987,-14.280921925183039,1.7010826861870516
2024-08-16 00:00:00+00:00,519.2,524.5,509.9,519.7,174036.141,527.4200000000001,551.6233333333333,46.18387705996148,-11.64836392529844,-13.75441032520612,2.1060463999076795
2024-08-17 00:00:00+00:00,519.7,547.7,518.3,541.6,196365.586,525.3050000000001,550.84,52.56839837918488,-9.038822139064791,-12.811292687977856,3.7724705489130645
2024-08-18 00:00:00+00:00,541.7,542.6,530.8,531.2,148890.018,523.15,549.705,49.56139860133713,-7.720932453108844,-11.793220641004055,4.072288187895211
2024-08-19 00:00:00+00:00,531.3,560.7,529.1,558.4,233275.352,521.6600000000001,549.2166666666667,56.56010348237058,-4.43060939484576,-10.320698391772398,5.890088996926638
2024-08-20 00:00:00+00:00,558.5,574.9,558.2,569.4,422053.693,521.3050000000001,548.9383333333333,59.03563971274698,-0.924736806236865,-8.441506074665291,7.516769268428426
2024-08-21 00:00:00+00:00,569.4,575.1,546.1,570.1,345601.77,521.0550000000001,548.5883333333334,59.19500139673113,1.8884082339124006,-6.375523212949753,8.263931446862154
2024-08-22 00:00:00+00:00,570.2,590.0,559.7,582.9,365020.284,523.0550000000001,548.6783333333333,62.09855665145192,5.09200154760299,-4.082018260839205,9.174019808442196
2024-08-23 00:00:00+00:00,583.0,600.6,574.3,591.7,387772.663,526.1600000000001,549.0716666666667,63.99540264719391,8.245905123313833,-1.6164335840085977,9.86233870732243
2024-08-24 00:00:00+00:00,591.7,592.4,574.6,580.5,325168.897,530.34,549.11,59.88739025438727,9.729494476098012,0.6527520280127241,9.076742448085287
2024-08-25 00:00:00+00:00,580.5,583.9,569.0,573.9,195984.559,535.825,549.125,57.543227390196435,10.25447765020408,2.5730971524509956,7.681380497753085
2024-08-26 00:00:00+00:00,573.9,575.6,546.7,548.2,280985.576,538.9950000000001,548.5666666666667,49.42962725737922,8.498786659544066,3.7582350538696097,4.740551605674456
2024-08-27 00:00:00+00:00,548.3,558.3,520.5,533.3,298073.974,541.9100000000001,547.9983333333333,45.4301656437379,5.837789026866972,4.174145848469082,1.6636431783978898
2024-08-28 00:00:00+00:00,533.3,546.8,522.4,537.0,269794.777,542.905,547.4483333333334,46.58593185174714,3.981591006657027,4.135634880106671,-0.15404387344964388
2024-08-29 00:00:00+00:00,537.0,545.5,530.9,536.4,166187.113,544.29,546.685,46.4142584617923,2.4340673041375567,3.7953213649128483,-1.3612540607752917
2024-08-30 00:00:00+00:00,536.4,543.4,522.0,535.2,197825.895,544.895,545.99,46.04876395646493,1.0981548043955627,3.2558880528093916,-2.157733248413829
2024-08-31 00:00:00+00:00,535.2,541.5,531.1,532.9,95954.072,546.37,545.2033333333334,45.31225774915926,-0.14449065613621315,2.575812311020271,-2.720302967156484
2024-09-01 00:00:00+00:00,532.9,533.2,507.7,512.4,203698.867,546.08,544.465,39.28167668979217,-2.751754300072548,1.5102989888017069,-4.262053288874255
2024-09-02 00:00:00+00:00,512.3,530.2,501.5,526.3,262984.426,546.1850000000001,544.6766666666666,44.659789262430465,-3.6542912940390124,0.47738093223356315,-4.131672226272576
2024-09-03 00:00:00+00:00,526.4,538.4,517.9,518.7,224481.65,545.95,545.0266666666668,42.44602864878501,-4.926030633539199,-0.6033013809209893,-4.32272925261821
2024-09-04 00:00:00+00:00,518.8,523.7,495.8,507.6,435892.306,545.37,544.7199999999999,39.37601819782485,-6.7517405931643,-1.8329892233696516,-4.9187513697946486
2024-09-05 00:00:00+00:00,507.6,512.9,496.7,502.4,177237.32,544.505,544.9150000000001,37.98978998959333,-8.52001203625332,-3.1703937859463855,-5.349618250306934
2024-09-06 00:00:00+00:00,502.4,509.9,471.3,487.2,357704.727,541.7850000000001,544.525,34.19969499271528,-11.02085134880167,-4.740485298517443,-6.280366050284227
2024-09-07 00:00:00+00:00,487.3,499.5,482.9,493.5,140367.312,539.9,544.135,37.004943360586736,-12.352040538418692,-6.262796346497693,-6.089244191920999
2024-09-08 00:00:00+00:00,493.6,506.9,490.7,503.1,135677.173,537.135,543.775,41.123993896243434,-12.488419071156727,-7.5079208914295,-4.980498179727227
2024-09-09 00:00:00+00:00,503.2,525.7,501.7,518.7,207528.54,534.6,543.6733333333334,47.16925961841981,-11.208505738445297,-8.24803786083266,-2.9604678776126363
2024-09-10 00:00:00+00:00,518.7,524.3,509.2,517.0,161417.812,531.9449999999999,543.3933333333333,46.60763884662836,-10.21360491380301,-8.64115127142673,-1.5724536423762796
2024-09-11 00:00:00+00:00,517.0,535.4,506.5,530.1,204079.602,529.3050000000001,543.355,51.40882516337456,-8.272715607729538,-8.567464138687292,0.29474853095775444
2024-09-12 00:00:00+00:00,530.2,548.7,530.0,544.5,273877.8,526.9449999999999,543.35,56.08371039024523,-5.509081927954298,-7.955787696540694,2.446705768586396
2024-09-13 00:00:00+00:00,544.6,559.7,538.7,556.4,276743.273,525.74,542.8683333333333,59.547327854524966,-2.331772555731959,-6.830984668378948,4.499212112646989
2024-09-14 00:00:00+00:00,556.4,559.2,547.5,553.3,138432.964,524.71,542.4866666666667,58.25830231820299,-0.0631481466606374,-5.4774173640352855,5.414269217374648
2024-09-15 00:00:00+00:00,553.4,561.9,546.0,553.4,205254.79,524.97,542.2283333333334,58.289668804498085,1.7229609846250469,-4.037341694303219,5.760302678928266
2024-09-16 00:00:00+00:00,553.4,555.2,527.0,533.7,267953.69,524.99,541.5916666666667,50.27479034871747,1.531189381106742,-2.923635479221227,4.454824860327969
2024-09-17 00:00:00+00:00,533.7,552.7,529.0,546.2,195288.36,525.45,540.805,54.54559583973251,2.360642519306225,-1.8667798795157367,4.227422398821962
2024-09-18 00:00:00+00:00,546.2,559.7,536.8,559.5,201182.985,526.605,540.245,58.618171466104776,4.0445657185302935,-0.6845107599065307,4.729076478436824
2024-09-19 00:00:00+00:00,559.5,572.2,553.0,567.0,308427.742,528.1949999999999,539.6533333333333,60.75361062630967,5.916077447625753,0.635606881599926,5.280470566025827
2024-09-20 00:00:00+00:00,566.9,577.1,555.0,569.0,257077.709,530.0,539.35,61.32672576992994,7.4744860393942645,2.0033827131587936,5.471103326235471
2024-09-21 00:00:00+00:00,569.1,590.0,566.4,588.6,208752.23,533.8100000000001,539.4616666666667,66.49105261450026,10.17381486725401,3.637469143977837,6.536345723276172
2024-09-22 00:00:00+00:00,588.7,594.6,576.4,588.7,202978.791,536.9300000000001,539.6916666666667,66.51562083158794,12.18070993332924,5.346117301848118,6.834592631481122
2024-09-23 00:00:00+00:00,588.7,616.0,583.4,604.5,376010.207,541.22,540.2566666666667,70.22959872374477,14.874650968763262,7.251824035231147,7.6228269335321155
2024-09-24 00:00:00+00:00,604.5,613.4,598.5,605.9,261622.131,546.135,540.6733333333334,70.54139070072134,16.92745775186677,9.186950778558272,7.740506973308497
2024-09-25 00:00:00+00:00,605.8,608.3,584.2,587.4,220793.948,550.385,540.77,61.3914823649111,16.867093177353922,10.722979258317402,6.144113919036521
2024-09-26 00:00:00+00:00,587.5,609.0,580.8,596.3,334337.474,555.8399999999999,540.9766666666667,63.82263706193375,17.337552918948063,12.045893990443535,5.291658928504528
2024-09-27 00:00:00+00:00,596.3,614.7,596.0,606.8,356901.64,561.505,541.5183333333333,66.50257573987403,18.346174620550983,13.305950116465024,5.040224504085959
2024-09-28 00:00:00+00:00,606.9,618.6,594.5,601.1,262593.381,566.405,541.7333333333333,63.74209620818361,18.47263122869515,14.33928633891105,4.1333448897841
2024-09-29 00:00:00+00:00,601.1,602.8,592.4,595.6,160103.084,570.25,542.0516666666667,61.10634223371259,17.92244616409357,15.055918303947555,2.8665278601460162
2024-09-30 00:00:00+00:00,595.6,595.8,563.5,567.4,324086.737,572.7700000000001,541.9233333333334,49.74778055407467,15.037572439245082,15.052249131007061,-0.014676691761978944
2024-10-01 00:00:00+00:00,567.4,583.1,536.8,547.3,476372.945,573.63,541.9966666666667,43.53598617215887,11.002556587136041,14.242310622232859,-3.2397540350968175
2024-10-02 00:00:00+00:00,547.2,558.3,535.4,542.5,282193.663,573.53,542.2116666666667,42.18143754199575,7.3329281379093345,12.860434125368155,-5.52750598745882
2024-10-03 00:00:00+00:00,542.5,550.8,534.3,544.8,220702.342,572.95,543.01,43.09506144963889,4.5577727644365496,11.199901853181835,-6.6421290887452855
2024-10-04 00:00:00+00:00,544.8,557.8,541.8,555.3,186169.628,573.05,544.5283333333333,47.19713812657455,3.169172141180752,9.593755910781619,-6.424583769600867
2024-10-05 00:00:00+00:00,555.3,565.2,551.6,563.0,124906.382,573.53,545.8316666666667,50.04127982130585,2.6593662723486204,8.20687798309502,-5.547511710746399
2024-10-06 00:00:00+00:00,563.0,571.9,561.1,570.3,106787.34,575.3599999999999,547.4200000000001,52.64546670146686,2.8119757338351974,7.127897533243056,-4.3159217994078585
2024-10-07 00:00:00+00:00,570.4,581.8,563.5,564.3,213046.676,576.265,548.2066666666667,50.32355740662422,2.4208637650987157,6.186490779614188,-3.7656270145154727
2024-10-08 00:00:00+00:00,564.4,586.8,559.5,580.8,286276.177,577.33,549.4083333333333,56.062559713786854,3.4030881341501527,5.629810250521381,-2.2267221163712287
2024-10-09 00:00:00+00:00,580.8,586.0,566.2,570.7,324396.054,577.515,550.2016666666666,52.09516472778426,3.328157504385331,5.169479701294172,-1.8413221969088411
2024-10-10 00:00:00+00:00,570.8,572.9,551.5,563.9,178198.309,577.26,551.2099999999999,49.55260463194068,2.689073307226181,4.673398422480574,-1.9843251152543928
2024-10-11 00:00:00+00:00,563.8,577.5,560.1,573.6,185095.358,576.51,552.1333333333333,53.07113547439814,2.9315107788851265,4.325020893761485,-1.3935101148763582
2024-10-12 00:00:00+00:00,573.7,579.2,573.6,576.6,135773.959,575.905,553.0066666666667,54.136561807807546,3.3273633760096573,4.125489390211119,-0.7981260142014621
2024-10-13 00:00:00+00:00,576.6,578.5,564.9,572.2,118779.976,574.29,553.8199999999999,52.26247602136885,3.248588477733847,3.950109207715665,-0.701520729981818
2024-10-14 00:00:00+00:00,572.3,592.3,558.9,589.1,252803.176,573.45,554.985,58.24188662203783,4.497997449423792,4.059686856057291,0.43831059336650124
2024-10-15 00:00:00+00:00,589.0,599.9,577.7,594.5,324305.897,573.8050000000001,556.2316666666667,59.96734550420104,5.856389122976793,4.419027309441192,1.4373618135356017
2024-10-16 00:00:00+00:00,594.6,605.5,589.7,600.9,259951.129,574.0350000000001,557.22,61.97287097113958,7.364457937037173,5.008113434960388,2.3563445020767846
2024-10-17 00:00:00+00:00,601.0,606.3,585.1,592.9,194199.416,573.3399999999999,558.2483333333333,58.05755149055106,7.823891247915753,5.571268997551462,2.2526222503642916
2024-10-18 00:00:00+00:00,592.9,602.4,591.8,599.2,136743.669,573.245,558.9283333333333,60.19053350125494,8.597249069853092,6.176465012011787,2.4207840578413045
2024-10-19 00:00:00+00:00,599.3,601.4,595.4,597.7,78940.239,573.35,559.4,59.415767565880216,8.985523727269992,6.7382767550634295,2.247246972206563
2024-10-20 00:00:00+00:00,597.8,607.3,593.1,605.9,123572.057,575.275,559.9966666666666,62.2745679009365,9.841459442029418,7.358913292456628,2.48254614957279
2024-10-21 00:00:00+00:00,605.9,611.8,591.5,598.8,275880.778,577.85,560.2616666666668,58.436274346042445,9.833529196418908,7.853836473249084,1.9796927231698245
2024-10-22 00:00:00+00:00,598.8,609.0,587.0,593.8,203756.934,580.415,560.2966666666666,55.82672247115076,9.316392631380381,8.146347704875343,1.1700449265050388
2024-10-23 00:00:00+00:00,593.8,595.0,573.0,584.9,225698.465,582.42,560.37,51.42462892300242,8.095087429354408,8.136095649771157,-0.04100822041674945
2024-10-24 00:00:00+00:00,584.9,598.0,583.3,594.5,145781.537,584.3799999999999,560.7133333333333,55.50065250903189,7.811784636549305,8.071233447126787,-0.2594488105774815
2024-10-25 00:00:00+00:00,594.5,597.6,565.8,575.3,254214.693,584.995,561.1650000000001,47.005288983648306,5.96917664063028,7.650822085827485,-1.681645445197205
2024-10-26 00:00:00+00:00,575.3,587.1,571.6,583.4,119987.437,585.65,562.0,50.45106227292425,5.1036669385213145,7.141391056366252,-2.0377241178449372
2024-10-27 00:00:00+00:00,583.4,591.0,581.7,589.2,94455.099,586.8950000000001,562.87,52.81681362126943,4.830077662640747,6.679128377621151,-1.8490507149804039
2024-10-28 00:00:00+00:00,589.3,604.6,585.5,601.1,189815.882,587.91,563.9483333333334,57.3194643560019,5.509971219570389,6.445296946010998,-0.9353257264406096
2024-10-29 00:00:00+00:00,601.1,612.2,599.9,606.3,301555.357,589.69,565.1333333333333,59.15377944222998,6.394674476770774,6.435172452162954,-0.0404979753921797
2024-10-30 00:00:00+00:00,606.3,606.7,594.1,595.6,186706.281,591.275,566.1783333333333,54.00998882909823,6.161383017577236,6.38041456524581,-0.2190315476685738
2024-10-31 00:00:00+00:00,595.5,596.5,571.1,576.6,279156.175,591.425,567.2483333333333,46.309392251053936,4.392720102054341,5.982875672607517,-1.5901555705531765
2024-11-01 00:00:00+00:00,576.5,585.5,567.7,573.1,242255.184,591.25,568.0283333333333,45.03558071275476,2.6777537710656816,5.32185129229915,-2.6440975212334683
2024-11-02 00:00:00+00:00,573.1,577.2,562.4,568.6,143716.603,591.0699999999999,568.8600000000001,43.383285338515094,0.9446291097946187,4.4464068557982435,-3.501777746003625
2024-11-03 00:00:00+00:00,568.6,569.3,547.0,557.7,217508.468,589.5,569.6949999999999,39.593978844774696,-1.2935127656719487,3.2984229315042053,-4.5919356971761545
2024-11-04 00:00:00+00:00,557.7,564.8,543.6,552.5,264951.833,587.4,570.5300000000001,37.89352880586075,-3.447116653679359,1.949315014467493,-5.396431668146851
2024-11-05 00:00:00+00:00,552.51,572.8,551.22,563.21,211437.753,585.5155,571.7968333333333,43.29516841469505,-4.24077079210474,0.7112978531530464,-4.9520686452577865
2024-11-06 00:00:00+00:00,563.21,595.0,563.0,592.22,535934.927,585.4815000000001,573.4421666666666,54.77025206361112,-2.5000636835536625,0.06902554581170461,-2.569089229365367
2024-11-07 00:00:00+00:00,592.22,611.2,587.01,598.26,377600.506,585.4345,575.0281666666667,56.73344077276516,-0.6259477018277266,-0.06996910371618165,-0.555978598111545
2024-11-08 00:00:00+00:00,598.27,605.9,588.1,597.82,318752.718,585.4405,576.3468333333334,56.54090958405719,0.8144103773230427,0.10690679249166321,0.7075035848313794
2024-11-09 00:00:00+00:00,597.82,638.0,597.51,624.66,772172.655,586.3785,578.1411666666667,64.4632603587581,4.074697643012996,0.9004649625959299,3.174232680417066
2024-11-10 00:00:00+00:00,624.67,644.2,611.62,627.33,812783.747,587.8050000000001,579.7616666666667,65.14397443886207,6.79560991507185,2.079493953091114,4.716115961980736
2024-11-11 00:00:00+00:00,627.34,665.54,613.0,659.63,1006384.738,591.0965,581.6804999999999,72.10520825334451,11.426574117795212,3.9489099860319334,7.477664131763278
2024-11-12 00:00:00+00:00,659.63,667.4,610.0,625.33,1166459.013,593.118,582.8293333333334,58.69876433408221,12.18842271972619,5.596812532770786,6.591610186955405
2024-11-13 00:00:00+00:00,625.42,638.06,598.6,620.68,1034672.114,594.427,583.9523333333333,57.14749337420637,12.275473074860429,6.932544641188715,5.342928433671714
2024-11-14 00:00:00+00:00,620.68,660.4,610.5,622.3,1060649.7,596.7769999999999,585.1006666666667,57.5682168362448,12.333014258229355,8.012638564596843,4.320375693632512
2024-11-15 00:00:00+00:00,622.3,628.3,603.4,619.37,654908.221,598.5755,586.5285,56.487992564488074,12.00381701718527,8.810874255114529,3.192942762070741
2024-11-16 00:00:00+00:00,619.37,633.7,617.5,622.69,447887.923,600.25,587.8033333333333,57.46200240123283,11.873946620159927,9.423488728123608,2.4504578920363187
2024-11-17 00:00:00+00:00,622.69,647.6,605.2,618.9,595820.376,601.1400000000001,588.7933333333333,55.92303036173072,11.334544495765158,9.805699881651918,1.5288446141132397
2024-11-18 00:00:00+00:00,618.93,630.91,612.1,618.93,483382.136,601.7715000000001,589.6588333333333,55.93309108699457,10.785160557897257,10.001592016900986,0.7835685409962707
2024-11-19 00:00:00+00:00,618.93,621.41,605.21,615.5,420441.21,602.7665,590.4338333333333,54.404093883171605,9.958205500503368,9.992914713621463,-0.03470921311809505
2024-11-20 00:00:00+00:00,615.49,620.78,600.0,605.39,411142.628,604.206,590.7136666666667,50.06026477162769,8.390326689149106,9.672397108726992,-1.2820704195778863
2024-11-21 00:00:00+00:00,605.39,629.37,593.05,621.86,647295.158,606.644,591.2663333333334,56.19619130033987,8.380161504308603,9.413949987843313,-1.0337884835347104
2024-11-22 00:00:00+00:00,621.86,639.64,615.05,633.0,582665.923,609.864,591.7413333333334,59.79447900258312,9.16535788080887,9.364231566436425,-0.19887368562755547
2024-11-23 00:00:00+00:00,633.0,680.0,631.1,650.42,1071184.972,614.5,592.4833333333333,64.6804097862357,11.065721333841225,9.704529519917385,1.3611918139238401
2024-11-24 00:00:00+00:00,650.42,687.75,637.08,659.65,914571.368,619.8575,593.6875,66.97074291551186,13.164801288965236,10.396583873726955,2.768217415238281
2024-11-25 00:00:00+00:00,659.65,676.79,626.43,636.2,783511.29,623.507,594.3525000000001,56.87910652585426,12.788698105213825,10.87500672002433,1.9136913851894946
2024-11-26 00:00:00+00:00,636.16,645.57,600.02,613.51,814621.938,624.5714999999999,594.4643333333333,49.160036107282686,10.538261729280748,10.807657721875614,-0.26939599259486613
2024-11-27 00:00:00+00:00,613.5,646.75,607.79,644.14,629623.885,626.8655000000001,595.1816666666667,57.53753893477091,11.098423979141785,10.865810973328848,0.23261300581293654
2024-11-28 00:00:00+00:00,644.15,664.68,639.79,653.83,684789.628,629.6659999999999,596.1521666666667,59.79465851593071,12.183811223572661,11.129411023377612,1.0544002001950492
2024-11-29 00:00:00+00:00,653.84,663.8,648.42,654.67,429893.73,631.1665,597.6066666666667,59.99318733158694,12.962347540735664,11.495998326849223,1.4663492138864402
2024-11-30 00:00:00+00:00,654.67,677.2,648.0,653.43,545812.569,632.4715,599.3755,59.525911911685036,13.325675452578594,11.861933751995098,1.4637417005834958
2024-12-01 00:00:00+00:00,653.44,664.17,645.16,655.99,434417.253,632.2895000000001,601.2669999999999,60.21487302909063,13.662691047867838,12.222085211169645,1.440605836698193
2024-12-02 00:00:00+00:00,656.0,667.2,627.99,647.82,771630.192,633.414,602.984,56.886777763824675,13.119296530811084,12.401527475097934,0.7177690557131502
2024-12-03 00:00:00+00:00,647.83,750.01,622.85,734.64,1575647.798,639.112,605.973,73.59100188440792,19.469864398862796,13.815194859850909,5.654669539011888
2024-12-04 00:00:00+00:00,734.64,793.86,720.0,739.53,2092976.428,644.9735000000001,608.9151666666668,74.19739346996904,24.613587208317995,15.974873329544327,8.638713878773668
2024-12-05 00:00:00+00:00,739.54,739.9,690.0,717.1,1159099.388,649.86,611.3618333333333,66.63891694512911,26.573784996827726,18.094655663001006,8.47912933382672
2024-12-06 00:00:00+00:00,717.1,745.93,705.06,730.22,747138.475,655.2365,614.1271666666668,68.65061976160163,28.853327024898476,20.2463899353805,8.606937089517977
2024-12-07 00:00:00+00:00,730.22,761.0,729.69,749.72,445276.173,661.7774999999999,616.9424999999999,71.41006807329526,31.866035713274186,22.570319090959238,9.295716622314949
2024-12-08 00:00:00+00:00,749.71,757.26,727.47,742.0,343120.564,667.9309999999999,619.7975,68.82709364035753,33.2474338513091,24.70574204302921,8.541691808279886
2024-12-09 00:00:00+00:00,742.0,742.5,642.0,689.19,1068109.724,671.6155,621.8856666666667,54.345725301540355,29.738074171976677,25.712208468818705,4.025865703157972
2024-12-10 00:00:00+00:00,689.2,704.92,649.13,676.8,984801.75,675.1859999999999,623.6056666666667,51.60250446139519,25.66130434717809,25.702027644490585,-0.04072329731249624
2024-12-11 00:00:00+00:00,676.8,713.0,658.54,711.21,526819.302,679.6535,625.8491666666667,57.95072421519726,24.919774662823897,25.54557704815725,-0.6258023853333512
2024-12-12 00:00:00+00:00,711.2,725.61,699.36,705.77,576876.965,683.292,628.0753333333333,56.68483739195283,23.62085796240035,25.160633231005868,-1.539775268605517
2024-12-13 00:00:00+00:00,705.77,729.88,696.8,725.72,548598.294,687.057,630.3523333333334,60.12490097533333,23.925457607796034,24.913598106363903,-0.9881404985678692
2024-12-14 00:00:00+00:00,725.73,732.11,705.01,715.79,341929.145,689.864,632.3738333333333,57.66981822425754,23.099312513928794,24.550740987876885,-1.4514284739480914
2024-12-15 00:00:00+00:00,715.8,724.08,702.66,718.87,282457.795,693.9975000000001,634.34,58.23941107156569,22.434505816295996,24.12749395356071,-1.692988137264713
2024-12-16 00:00:00+00:00,718.87,730.0,704.16,720.58,483844.553,699.351,636.468,58.57270777535468,21.794392240471893,23.66087361094295,-1.8664813704710568
2024-12-17 00:00:00+00:00,720.58,737.37,712.24,717.69,502868.872,703.0285,638.4428333333333,57.73405368135705,20.81396830225674,23.09149254920571,-2.277524246948971
2024-12-18 00:00:00+00:00,717.7,722.0,681.0,686.38,726576.022,704.656,639.9208333333333,49.46989795087194,17.3109698514927,21.935388009663107,-4.624418158170407
2024-12-19 00:00:00+00:00,686.39,705.57,648.63,665.62,840266.48,705.2035,640.9161666666666,44.882442221384586,12.713111009993781,20.090932609729244,-7.377821599735462
2024-12-20 00:00:00+00:00,665.61,680.58,618.69,678.6,982349.406,706.462,642.2461666666666,48.121721933540044,10.001362789332347,18.073018645649867,-8.07165585631752
2024-12-21 00:00:00+00:00,678.6,693.39,652.0,663.49,529437.789,706.837,643.4076666666667,44.81954468748697,6.557441957881565,15.769903308096207,-9.212461350214642
2024-12-22 00:00:00+00:00,663.5,669.71,639.37,649.77,333704.376,706.9345000000001,644.4888333333333,42.001193046055356,2.6900117684784846,13.153925000172665,-10.46391323169418
2024-12-23 00:00:00+00:00,649.77,698.5,638.1,694.16,606364.091,704.9105000000001,646.1498333333334,52.42491912823209,3.1704010871117134,11.157220217560475,-7.986819130448762
2024-12-24 00:00:00+00:00,694.16,699.0,682.68,696.9,386936.217,702.779,648.1764999999999,52.9865821813337,3.729220056558006,9.67162018535998,-5.9424001288019745
2024-12-25 00:00:00+00:00,696.89,713.28,695.94,702.72,232510.25,702.06,650.1651666666666,54.22282120990575,4.588816456476934,8.655059439583372,-4.066242983106438
2024-12-26 00:00:00+00:00,702.71,719.99,683.0,689.4,381100.002,700.019,651.8351666666666,50.92249960563164,4.147431112180016,7.753533774102701,-3.6061026619226855
2024-12-27 00:00:00+00:00,689.4,718.88,685.73,691.85,347156.043,697.1255,653.3476666666667,51.50715286940385,3.9497938069652037,6.992785780675201,-3.0429919737099977
2024-12-28 00:00:00+00:00,691.86,731.24,691.3,722.13,344251.861,696.1320000000001,655.2781666666667,58.14381956939287,6.1654364446806085,6.827315913476283,-0.6618794687956742
2024-12-29 00:00:00+00:00,722.13,724.7,690.0,694.71,241528.144,696.408,656.9300000000001,51.29739401693767,5.643726984831574,6.5905981277473416,-0.9468711429157679
2024-12-30 00:00:00+00:00,694.71,712.2,687.75,705.36,297267.103,697.836,659.0760000000001,53.58351606525404,6.0202369295670906,6.476525888111292,-0.45628895854420115
2024-12-31 00:00:00+00:00,705.35,714.99,698.48,702.3,235464.832,697.3905,661.2293333333333,52.81638009549718,6.002514100746566,6.381723530638347,-0.3792094298917803
2025-01-01 00:00:00+00:00,702.31,711.5,700.3,707.84,135703.339,697.4939999999999,663.55,54.097674267547056,6.362161296391491,6.377811083788976,-0.015649787397484793
2025-01-02 00:00:00+00:00,707.84,715.8,698.04,706.25,292533.811,696.5205,666.0258333333334,53.647398779047336,6.444595295299905,6.391167926091162,0.0534273692087428
2025-01-03 00:00:00+00:00,706.24,715.69,697.03,714.88,291701.675,696.475,668.7321666666667,55.79790602300818,7.1241707041848485,6.5377684817099,0.5864022224749483
2025-01-04 00:00:00+00:00,714.87,721.84,707.82,713.41,167274.262,696.202,671.2355000000001,55.327042038542096,7.458149492294751,6.721844683826871,0.7363048084678807
2025-01-05 00:00:00+00:00,713.41,713.93,702.51,709.29,115144.345,695.6375,673.1866666666666,53.95282192218934,7.306159659705145,6.838707679002526,0.4674519807026192
2025-01-06 00:00:00+00:00,709.29,745.29,705.91,729.42,357347.859,696.2239999999999,675.3726666666666,59.27523609635204,8.709630193605562,7.2128921819231335,1.496738011682429
2025-01-07 00:00:00+00:00,729.42,733.33,691.2,698.01,436096.682,696.8055,677.0424999999999,49.63472402013031,7.204319299155941,7.211177605369695,-0.006858306213754162
2025-01-08 00:00:00+00:00,698.0,707.46,674.72,696.03,427277.957,698.326,678.2320000000001,49.09269119495898,5.784895443969958,6.925921173089748,-1.1410257291197894
2025-01-09 00:00:00+00:00,696.03,701.72,675.12,685.48,331906.578,698.67,679.2011666666666,46.19779386358292,3.7652910509442563,6.29379514866065,-2.528504097716394
2025-01-10 00:00:00+00:00,685.47,700.69,683.18,693.21,234590.487,700.156,679.7608333333334,48.589879194235564,2.7567087937196675,5.5863778776724535,-2.829669083952786
2025-01-11 00:00:00+00:00,693.21,701.47,690.39,696.7,87734.79,702.5024999999999,680.9503333333334,49.67772530695274,2.213498093116641,4.911801920761291,-2.69830382764465
2025-01-12 00:00:00+00:00,696.71,698.63,689.8,693.34,78211.295,702.4615,682.1613333333333,48.611241930796496,1.4946464263408643,4.228370821877206,-2.733724395536342
2025-01-13 00:00:00+00:00,693.35,700.0,660.0,688.64,386629.943,702.0485,683.2669999999999,47.08841779822972,0.5394817708746587,3.490593011676697,-2.9511112408020383
2025-01-14 00:00:00+00:00,688.64,699.97,686.3,698.89,159723.609,701.8570000000001,684.5923333333334,50.714540802368354,0.6026492713397147,2.9130042636093005,-2.310354992269586
2025-01-15 00:00:00+00:00,698.89,715.0,688.45,714.59,282718.752,703.1165000000001,686.124,55.720165068045375,1.8976933327144252,2.7099420774303256,-0.8122487447159004
2025-01-16 00:00:00+00:00,714.59,717.5,700.5,708.1,268104.726,703.929,687.6106666666667,53.30983506559565,2.372982060769118,2.642550074098084,-0.26956801332896596
2025-01-17 00:00:00+00:00,708.1,729.97,708.1,721.76,289751.278,703.9105,689.3245000000001,57.47908035846985,3.808003348438433,2.875640728966154,0.9323626194722792
2025-01-18 00:00:00+00:00,721.76,723.32,695.0,709.52,370480.456,704.6510000000001,690.8915,52.91912978958324,3.91250147013443,3.0830128771998093,0.8294885929346205
2025-01-19 00:00:00+00:00,709.52,714.6,676.0,683.19,712985.298,703.5425,692.1881666666667,44.703418268510106,1.8493874461627229,2.836287790992392,-0.9869003448296692
2025-01-20 00:00:00+00:00,683.2,709.38,671.0,682.51,668236.487,702.5530000000001,693.1990000000001,44.511222092397055,0.15766691517444542,2.300563615828803,-2.1428967006543576
2025-01-21 00:00:00+00:00,682.51,697.0,675.01,692.21,294203.471,701.7715000000001,694.1858333333333,47.9490206130901,-0.39576275343665657,1.7612983419757111,-2.1570610954123675
2025-01-22 00:00:00+00:00,692.21,704.13,689.93,695.52,218410.233,701.235,694.9375,49.107713045571074,-0.5608057957565507,1.2968775144292588,-1.8576833101858095
2025-01-23 00:00:00+00:00,695.52,697.65,680.26,689.74,331191.456,699.978,695.439,47.134549193248866,-1.1448046944886983,0.8085410726456674,-1.9533457671343657
2025-01-24 00:00:00+00:00,689.73,691.31,678.75,680.45,280584.305,698.33,696.1765,44.06958793060937,-2.3303901029597682,0.18075483752458033,-2.5111449404843484
2025-01-25 00:00:00+00:00,680.45,689.56,677.68,686.4,140203.276,697.1855,697.3913333333334,46.470439150641134,-2.758066532924772,-0.4070094365652902,-2.351057096359482
2025-01-26 00:00:00+00:00,686.4,690.82,664.64,667.37,195887.168,694.083,697.7785,40.48473754575252,-4.579772379388146,-1.2415620251298614,-3.3382103542582846
2025-01-27 00:00:00+00:00,667.36,680.53,637.79,679.74,486667.795,693.1695,698.2103333333332,45.40727109501779,-4.96806302970117,-1.9868622260441233,-2.981200803657047
2025-01-28 00:00:00+00:00,679.75,682.88,659.4,661.29,202591.474,691.4325,698.3206666666666,40.082223528482906,-6.687458120063866,-2.926981404848072,-3.760476715215794
2025-01-29 00:00:00+00:00,661.28,680.01,659.37,667.97,255536.138,690.557,698.563,42.70221973303138,-7.425474693766205,-3.8266800626316986,-3.5987946311345063
2025-01-30 00:00:00+00:00,667.97,682.99,666.0,677.53,145419.421,689.773,698.922,46.3198549091631,-7.156450930213623,-4.492634236148084,-2.663816694065539
2025-01-31 00:00:00+00:00,677.53,689.44,673.5,677.47,190707.861,688.8115,699.4161666666666,46.30009673041325,-6.868908654721281,-4.967889119862724,-1.9010195348585572
2025-02-01 00:00:00+00:00,677.48,681.56,650.73,652.94,177371.372,686.7915,698.0545000000001,38.979493167863154,-8.52215720064919,-5.678742736020017,-2.8434144646291726
2025-02-02 00:00:00+00:00,652.94,663.22,600.0,617.8,506728.603,683.2495,696.0256666666666,31.33592133813943,-12.523509683064049,-7.047696125428823,-5.475813557635226
2025-02-03 00:00:00+00:00,617.8,619.19,500.0,617.21,1340856.885,679.1655,694.3608333333334,31.225207874081832,-15.562819922186009,-8.750720884780261,-6.812099037405748
2025-02-04 00:00:00+00:00,617.21,619.24,557.88,572.69,549571.473,672.0705,691.7353333333333,24.259968690867368,-21.31814481127367,-11.264205670078944,-10.053939141194725
2025-02-05 00:00:00+00:00,572.69,580.0,561.22,569.55,227055.225,665.143,688.7325000000001,23.855780608425505,-25.834844997182586,-14.178333535499672,-11.656511461682914
2025-02-06 00:00:00+00:00,569.55,589.99,568.87,571.72,334342.953,657.641,685.8945000000001,24.788375445140233,-28.906050612955255,-17.12387695099079,-11.782173661964464
2025-02-07 00:00:00+00:00,571.71,589.9,570.58,577.71,222673.88,651.0505,684.0365,27.430550971965047,-30.505017398954237,-19.80010504058348,-10.704912358370755
2025-02-08 00:00:00+00:00,577.7,633.73,573.62,612.39,490805.546,647.5105,682.963,40.46976078636367,-28.643637901956936,-21.568811612858173,-7.0748262890987625
2025-02-09 00:00:00+00:00,612.39,648.13,602.4,615.81,774091.071,644.1754999999999,681.3729999999999,41.584459620778574,-26.586048405426823,-22.572258971371905,-4.013789434054917
2025-02-10 00:00:00+00:00,615.81,622.42,596.24,618.65,360129.038,640.4975000000001,679.921,42.546543632391476,-24.444449245405394,-22.946697026178605,-1.4977522192267898
2025-02-11 00:00:00+00:00,618.65,646.94,615.08,642.11,488539.291,637.827,678.5275,49.88856714258108,-20.616535951993683,-22.480664811341622,1.8641288593479395
2025-02-12 00:00:00+00:00,642.12,705.48,626.88,696.93,822216.623,638.1865,678.2131666666667,62.08231331843808,-13.00940689359993,-20.586413227793287,7.5770063341933565
2025-02-13 00:00:00+00:00,696.92,732.0,658.28,664.72,1766921.695,637.4,677.3106666666666,53.79888726246033,-9.470608834817426,-18.363252349198117,8.89264351438069
2025-02-14 00:00:00+00:00,664.73,684.86,652.0,659.71,650460.875,636.0654999999999,676.2961666666667,52.62277828146707,-6.98977720659957,-16.088557320678408,9.098780114078838
2025-02-15 00:00:00+00:00,659.72,671.43,653.46,662.21,255950.897,635.8075000000001,675.3715,53.172899638365664,-4.767019922878035,-13.824249841118334,9.0572299182403
2025-02-16 00:00:00+00:00,662.21,686.04,653.11,673.1,362205.963,635.4755,675.1501666666667,55.591835185965294,-2.1025004564536403,-11.479899964185396,9.377399507731756
2025-02-17 00:00:00+00:00,673.1,682.29,657.99,667.51,323350.276,635.7864999999999,675.1816666666667,54.048434249735124,-0.43687978667435345,-9.271295928683188,8.834416142008834
2025-02-18 00:00:00+00:00,667.52,668.3,629.65,648.18,366356.988,634.797,674.6746666666667,48.98404452520753,-0.6689219424122257,-7.550821131428995,6.881899189016769
2025-02-19 00:00:00+00:00,648.19,664.44,636.99,653.38,352798.243,633.5895,674.5061666666666,50.33230614000183,-0.4282834952847452,-6.126313604200146,5.6980301089154
2025-02-20 00:00:00+00:00,653.38,659.03,645.88,656.36,215894.368,632.534,674.616,51.129407144971104,0.0028524219264909334,-4.900480398974819,4.90333282090131
2025-02-21 00:00:00+00:00,656.36,668.5,635.0,647.47,317327.155,632.2605000000001,673.8378333333333,48.62245291064851,-0.36856932295836486,-3.994098183771529,3.625528860813164
2025-02-22 00:00:00+00:00,647.47,679.9,645.21,668.57,297923.184,634.7990000000001,673.3656666666667,54.344297479770475,1.0278218378635984,-2.9897141794445035,4.017536017308101
2025-02-23 00:00:00+00:00,668.57,671.1,648.49,658.42,166658.013,636.8595,672.6273333333334,51.379978860702984,1.3004608175632484,-2.131679180042953,3.4321399976062015
2025-02-24 00:00:00+00:00,658.41,659.56,610.6,614.2,360147.153,638.935,671.374,40.91015438801459,-2.028274578029027,-2.110998259640168,0.08272368161114096
2025-02-25 00:00:00+00:00,614.19,628.7,586.0,623.49,647434.612,641.632,670.2346666666667,43.51430223213515,-3.8720612887860852,-2.4632108654693514,-1.4088504233167338
2025-02-26 00:00:00+00:00,623.49,632.14,594.07,611.57,428035.431,643.6245000000001,668.3919999999999,41.01650783182132,-6.223380662868863,-3.215244824949254,-3.0081358379196086
2025-02-27 00:00:00+00:00,611.57,619.77,595.84,605.41,295518.116,645.0095,666.9036666666667,39.74676550637186,-8.486056746120425,-4.2694072091834885,-4.216649536936937
2025-02-28 00:00:00+00:00,605.41,606.33,559.71,588.07,600999.319,643.7935,664.9488333333334,36.33675210736207,-11.545349327059625,-5.724595632758716,-5.820753694300909
2025-03-01 00:00:00+00:00,588.07,609.48,586.4,607.93,292254.356,643.3995000000001,663.3760000000001,42.4289408096393,-12.226386542017053,-7.0249538146103845,-5.201432727406669
2025-03-02 00:00:00+00:00,607.94,635.01,601.5,623.94,469069.23,643.664,661.9776666666666,46.844911408186064,-11.343479670066131,-7.888658985701534,-3.4548206843645968
2025-03-03 00:00:00+00:00,623.94,624.36,567.5,576.1,497949.879,640.3635,659.8084999999999,37.571063579602885,-14.338769389534036,-9.178681066468034,-5.160088323066002
2025-03-04 00:00:00+00:00,576.09,588.75,546.83,584.01,488869.851,634.7175,657.6273333333334,39.696792835252005,-15.891104418866007,-10.52116573694763,-5.369938681918377
2025-03-05 00:00:00+00:00,584.01,606.06,580.57,598.24,206205.988,631.3934999999999,655.7078333333333,43.42870355276313,-15.791069419979408,-11.575146473553986,-4.215922946425422
2025-03-06 00:00:00+00:00,598.25,612.9,589.2,596.5,223701.39,628.233,653.828,43.077651204944836,-15.671542632589876,-12.394425705361163,-3.277116927228713
2025-03-07 00:00:00+00:00,596.49,610.2,577.23,594.77,289363.933,624.861,651.5838333333334,42.70800534732813,-15.537308908765226,-13.023002346041977,-2.514306562723249
2025-03-08 00:00:00+00:00,594.77,602.77,590.11,593.1,117220.631,620.8610000000001,649.8353333333333,42.33039731454854,-15.388296060654511,-13.496061088964485,-1.8922349716900264
2025-03-09 00:00:00+00:00,593.1,593.1,550.2,554.65,246382.904,615.2180000000001,647.4789999999999,34.719009954724456,-18.16341937269715,-14.429532745711018,-3.7338866269861306
2025-03-10 00:00:00+00:00,554.65,573.4,523.01,531.49,410154.62,609.3835,644.9125,31.092461537995078,-21.97819211720116,-15.939264620009048,-6.0389274971921125
2025-03-11 00:00:00+00:00,531.49,566.0,507.0,551.61,691870.521,604.2950000000001,642.5525,37.22688732005835,-23.111496209137954,-17.37371093783483,-5.7377852713031245
2025-03-12 00:00:00+00:00,551.61,574.95,544.63,569.87,367224.211,599.9705,640.4386666666667,42.25152957352346,-22.27939546966809,-18.35484784420148,-3.9245476254666087
2025-03-13 00:00:00+00:00,569.87,613.71,567.99,579.8,647497.028,596.587,638.5463333333333,44.837414838933775,-20.581431694075718,-18.800164614176328,-1.78126707989939
2025-03-14 00:00:00+00:00,579.8,589.81,576.61,587.76,213012.082,592.5465,636.865,46.89042042919423,-18.38158620956233,-18.71644893325353,0.3348627236912023
2025-03-15 00:00:00+00:00,587.76,619.96,587.49,619.83,254324.009,590.617,635.5473333333334,54.27418076392554,-13.890293180846015,-17.751217782772027,3.860924601926012
2025-03-16 00:00:00+00:00,619.82,622.8,593.06,602.2,255774.316,590.017,633.6741666666666,50.14669943076524,-11.619561683352117,-16.524886562888046,4.905324879535929
2025-03-17 00:00:00+00:00,602.21,643.72,602.04,631.69,591668.184,590.427,632.4006666666667,56.15338691114203,-7.355603254451239,-14.691029901200684,7.335426646749445
2025-03-18 00:00:00+00:00,631.68,643.33,620.28,627.81,443437.833,591.2389999999999,630.8348333333332,55.210831172006394,-4.240586214663267,-12.600941163893202,8.360354949229935
2025-03-19 00:00:00+00:00,627.81,628.2,604.36,618.7,399993.645,591.9035,629.3211666666667,52.962943852246276,-2.478443676770553,-10.576441666468673,8.09799798969812
2025-03-20 00:00:00+00:00,618.71,637.75,616.55,630.47,578472.125,594.0235,628.4424999999999,55.48469581113977,-0.13068591999683576,-8.487290517174307,8.356604597177471
2025-03-21 00:00:00+00:00,630.47,637.8,624.92,635.17,262205.569,595.3855,627.6535,56.487875206481704,2.0851435010650903,-6.3728037135264275,8.457947214591517
2025-03-22 00:00:00+00:00,635.16,636.1,623.79,627.01,140206.083,595.539,626.5668333333332,54.20397371443951,3.1464897027397,-4.468945030273202,7.615434733012902
2025-03-23 00:00:00+00:00,627.01,629.14,619.5,623.79,155602.578,597.9235000000001,625.3713333333333,53.28837535618483,3.6853052202598064,-2.8380949801666007,6.523400200426407
2025-03-24 00:00:00+00:00,623.8,639.5,618.0,637.08,307575.991,600.577,624.4936666666667,56.550583170443296,5.1256272898808675,-1.245350526157107,6.370977816037975
2025-03-25 00:00:00+00:00,637.08,644.88,627.05,629.82,554571.557,602.1560000000001,623.6498333333333,54.31889307696092,5.61652774568222,0.1270251282107583,5.489502617471461
2025-03-26 00:00:00+00:00,629.82,634.01,615.3,617.99,222093.835,603.2305,622.5096666666666,50.80085431030086,4.9934266470003195,1.1003054319686705,3.893121215031649
2025-03-27 00:00:00+00:00,618.0,642.5,617.2,637.36,743401.847,605.36,622.0095,55.84366107975791,5.993522063736577,2.0789487583222517,3.9145733054143257
2025-03-28 00:00:00+00:00,637.36,637.51,616.0,619.81,317817.16,606.6955,621.0106666666668,50.7664656761757,5.308770358174115,2.7249130782926247,2.5838572798814905
2025-03-29 00:00:00+00:00,619.81,623.84,596.97,602.99,254422.261,609.1125,620.0390000000001,46.411276143753966,3.3700187899052025,2.8539342206151406,0.516084569290062
2025-03-30 00:00:00+00:00,603.0,613.37,593.58,602.2,195649.405,612.648,618.9428333333333,46.210755549481426,1.7496291704363784,2.633073210579388,-0.8834440401430097
2025-03-31 00:00:00+00:00,602.2,608.89,587.26,604.81,254764.269,615.308,617.7308333333334,47.025091831589876,0.6683594780270141,2.2401304640689133,-1.5717709860418991
2025-04-01 00:00:00+00:00,604.81,618.54,604.46,611.13,565603.069,617.371,616.6251666666667,49.03707320909615,0.3177537705493023,1.8556551253649913,-1.537901354815689
2025-04-02 00:00:00+00:00,611.12,614.0,584.85,590.68,399507.957,617.915,615.5875,43.305687934346444,-1.5918974677372262,1.1661446067445478,-2.758042074481774
2025-04-03 00:00:00+00:00,590.67,610.58,578.46,592.67,507928.514,618.1605,615.1686666666667,43.991700228421216,-2.9111752473893375,0.35068063591777077,-3.261855883307108
2025-04-04 00:00:00+00:00,592.68,600.0,585.0,597.71,177145.405,617.0545,614.8436666666665,45.78109153243538,-3.5095703710779844,-0.4213695654813803,-3.088200805596604
2025-04-05 00:00:00+00:00,597.71,599.0,588.71,593.13,85938.079,616.601,615.1843333333334,44.39309623538194,-4.303759480850317,-1.1978475485551678,-3.1059119322951494
2025-04-06 00:00:00+00:00,593.13,593.78,544.17,555.54,332256.265,612.7935,614.9508333333334,35.01103382440223,-7.8755742024001165,-2.5333928793241576,-5.342181323075959
2025-04-07 00:00:00+00:00,555.55,567.6,520.0,554.6,727293.86,609.133,614.6655,34.81289788026892,-10.659240161421735,-4.158562335743673,-6.500677825678062
2025-04-08 00:00:00+00:00,554.6,566.0,547.64,553.72,212191.86,605.884,614.2656666666667,34.61539785155209,-12.788901637448134,-5.884630196084565,-6.904271441363569
2025-04-09 00:00:00+00:00,553.72,585.97,534.3,582.32,378370.127,603.4765,613.7645,45.44743637346814,-12.030215880631772,-7.113747332994007,-4.916468547637765
2025-04-10 00:00:00+00:00,582.32,583.58,566.17,578.03,369219.863,600.6195,613.1348333333334,44.262894378728916,-11.640929707848272,-8.019183807964861,-3.621745899883411
2025-04-11 00:00:00+00:00,578.03,590.36,575.7,585.93,174700.72,598.5654999999999,612.5895,47.002277413326446,-10.573073820820241,-8.529961810535937,-2.043112010284304
2025-04-12 00:00:00+00:00,585.93,600.48,584.0,597.29,151268.708,597.2405,611.8425000000001,50.75066622346633,-8.709732897127878,-8.565916027854326,-0.14381686927355197
2025-04-13 00:00:00+00:00,597.3,598.67,580.32,584.28,144896.285,594.6004999999999,609.965,46.678823669153395,-8.188428949538434,-8.490418612191148,0.3019896626527139
2025-04-14 00:00:00+00:00,584.29,593.1,583.14,584.54,153827.795,592.3365,608.6286666666667,46.77073740397958,-7.665943760406549,-8.325523641834229,0.6595798814276801
2025-04-15 00:00:00+00:00,584.53,590.84,579.38,579.52,141640.579,590.413,607.2921666666666,45.15237297678867,-7.569683925498111,-8.174355698567005,0.604671773068894
2025-04-16 00:00:00+00:00,579.52,587.0,576.0,582.8,174537.948,587.685,605.9686666666668,46.45604212178543,-7.146350049994339,-7.968754568852473,0.8224045188581339
2025-04-17 00:00:00+00:00,582.8,592.97,581.0,590.49,151848.259,586.2189999999999,604.5918333333334,49.48746081296863,-6.1197910301553975,-7.598961861113059,1.4791708309576617
2025-04-18 00:00:00+00:00,590.5,596.08,587.08,591.71,191575.748,585.655,603.3285,49.971379237908664,-5.148443752160006,-7.108858239322449,1.960414487162443
2025-04-19 00:00:00+00:00,591.7,594.49,587.7,591.73,96609.003,585.1315,602.3876666666667,49.97983928710865,-4.327149517238695,-6.5525164949056975,2.2253669776670026
2025-04-20 00:00:00+00:00,591.74,595.23,587.5,592.77,115343.598,584.5295,601.3775,50.449078311178845,-3.5514101648959695,-5.952295228903752,2.400885064007783
2025-04-21 00:00:00+00:00,592.77,608.52,592.53,597.34,171926.422,583.84,600.3938333333334,52.55530096823362,-2.5386068527768657,-5.269557553678375,2.7309507009015093
2025-04-22 00:00:00+00:00,597.32,619.9,595.0,618.51,285468.164,585.2315000000001,599.9111666666666,60.85588046690935,-0.027395062908226464,-4.221125055524346,4.193729992616119
2025-04-23 00:00:00+00:00,618.5,619.99,601.38,605.71,314125.448,585.8835,598.8634999999999,54.63225255657371,0.9193081349991417,-3.1930384174196487,4.11234655241879
2025-04-24 00:00:00+00:00,605.72,606.78,592.59,601.55,204214.28,586.0754999999999,597.9156666666667,52.744326984628906,1.3186988668638833,-2.2906909605629426,3.609389827426826
2025-04-25 00:00:00+00:00,601.56,610.35,597.2,599.91,257426.554,586.4145000000001,597.6774999999999,51.98168395225251,1.4857577152836257,-1.535401225393629,3.021158940677255
2025-04-26 00:00:00+00:00,599.9,609.25,599.34,607.23,137533.142,588.999,597.4064999999999,55.102173857557034,2.1836441895123926,-0.7915921424124248,2.975236331924817
2025-04-27 00:00:00+00:00,607.23,608.68,597.0,603.46,121784.476,591.442,597.2713333333334,53.185176928749605,2.4047957668767594,-0.15231456055458803,2.5571103274313476
2025-04-28 00:00:00+00:00,603.46,608.27,598.2,606.16,143778.008,594.064,597.2838333333333,54.40850684823181,2.7660422076394298,0.43135679308421554,2.334685414555214
2025-04-29 00:00:00+00:00,606.16,610.75,598.1,601.0,236809.997,594.9979999999999,597.4993333333333,51.63169038322745,2.6059242656997412,0.8662702876073207,1.7396539780924205
2025-04-30 00:00:00+00:00,601.0,604.44,591.42,599.88,210580.664,596.0905,597.3651666666666,51.022995952146815,2.361433863716229,1.1653030028291025,1.1961308608871266
2025-05-01 00:00:00+00:00,599.88,605.28,598.14,599.63,156229.229,596.7755,596.9599999999999,50.8788087918033,2.123027607304948,1.3568479237242717,0.7661796835806765
2025-05-02 00:00:00+00:00,599.64,603.61,595.12,600.69,141344.865,596.9455,597.3698333333334,51.5045747659409,1.9966064365290777,1.484799626285233,0.5118068102438447
2025-05-03 00:00:00+00:00,600.69,601.2,595.23,599.36,100770.294,597.6995000000001,597.6256666666667,50.632995016590094,1.7687082949066735,1.5415813600095212,0.2271269348971523
2025-05-04 00:00:00+00:00,599.36,600.49,584.7,586.03,143960.835,597.774,597.4221666666667,42.81309589408782,0.5066375765995872,1.3345926033275344,-0.8279550267279472
2025-05-05 00:00:00+00:00,586.02,599.98,583.55,597.61,201100.589,598.6785,597.4406666666667,50.03274540932505,0.43582276793631536,1.1548386362492906,-0.7190158683129753
2025-05-06 00:00:00+00:00,597.61,603.18,593.23,602.57,214613.107,599.667,597.5706666666666,52.78241852610845,0.7710439546765429,1.078079699934741,-0.3070357452581982
2025-05-07 00:00:00+00:00,602.57,609.07,597.89,602.7,194088.591,600.2775,597.7306666666667,52.855645591780224,1.035265181271484,1.0695167962020897,-0.0342516149306058
2025-05-08 00:00:00+00:00,602.7,629.33,600.8,629.17,384267.525,602.1505,598.9726666666667,64.81937776466529,3.342045171552172,1.5240224712721062,1.818022700280066
2025-05-09 00:00:00+00:00,629.17,671.15,623.12,666.29,480734.869,605.8785,601.2193333333333,74.56658786966408,8.072405048022233,2.8336989866221316,5.2387060614001015
2025-05-10 00:00:00+00:00,666.29,678.95,648.83,663.9,444595.43,609.435,603.0908333333333,73.16108554382342,11.495878967786325,4.566134982854971,6.9297439849313545
2025-05-11 00:00:00+00:00,663.9,668.49,647.83,651.15,319998.959,612.1255,604.4454999999999,66.01264365632568,13.029986694464355,6.258905325176848,6.771081369287508
2025-05-12 00:00:00+00:00,651.15,693.0,647.31,660.07,586386.945,614.2035,605.7833333333333,68.34309008263124,14.795000022266663,7.966124264594811,6.828875757671852
2025-05-13 00:00:00+00:00,660.08,672.0,640.66,664.13,416309.75,617.1245,607.0561666666667,69.37247890661965,16.333115877128648,9.63952258710158,6.693593290027069
2025-05-14 00:00:00+00:00,664.12,667.33,647.15,652.47,290029.994,619.6705000000001,607.6001666666667,63.033231506571134,16.421917576782562,10.996001585037776,5.425915991744786
2025-05-15 00:00:00+00:00,652.47,661.0,642.29,651.88,313560.813,622.269,608.4281666666667,62.72091064969042,16.25728167107809,12.048257602245839,4.209024068832251
2025-05-16 00:00:00+00:00,651.88,659.97,644.0,646.76,200793.607,624.2455,608.6793333333334,59.9451128340123,15.53459221024309,12.74552452384529,2.7890676863978
2025-05-17 00:00:00+00:00,646.76,646.9,635.05,639.51,141777.711,626.048,608.8743333333333,56.15529024820082,14.21300255049789,13.03902012917581,1.17398242132208
2025-05-18 00:00:00+00:00,639.5,655.19,634.39,651.53,189475.296,628.3165,609.4214999999999,60.60247509171551,13.974457916218853,13.22610768658442,0.7483502296344327
2025-05-19 00:00:00+00:00,651.54,653.53,633.51,649.62,210901.52,630.7475000000001,609.7406666666667,59.56852772660522,13.475946217952128,13.276075392857962,0.1998708250941661
2025-05-20 00:00:00+00:00,649.62,653.75,640.14,650.0,169584.291,633.2535,609.9878333333332,59.71578538247469,12.96211572822233,13.213283459930835,-0.2511677317085059
2025-05-21 00:00:00+00:00,650.0,678.0,648.49,673.31,470531.895,636.9375,610.7595,67.52853012379609,14.271312743639442,13.424889316672557,0.8464234269668847
2025-05-22 00:00:00+00:00,673.31,690.02,673.0,686.57,390007.996,641.2315,611.8058333333333,70.9767908770356,16.192178636132894,13.978347180564624,2.21383145556827
2025-05-23 00:00:00+00:00,686.57,691.35,652.19,656.98,343668.707,644.1125,612.1375,56.546105063110446,15.152148453486461,14.213107435148993,0.939041018337468
2025-05-24 00:00:00+00:00,656.99,677.47,655.4,668.01,165142.039,648.2115,612.774,59.82509930826178,15.044521974735062,14.37939034306621,0.6651316316688529
2025-05-25 00:00:00+00:00,668.0,671.67,657.1,669.44,169208.322,651.803,613.6315,60.24395109179021,14.90282576517518,14.484077427488003,0.4187483376871768
2025-05-26 00:00:00+00:00,669.45,678.33,668.22,674.29,180148.252,655.389,614.247,61.70232327020932,15.008872031016608,14.589036348193726,0.41983568282288175
2025-05-27 00:00:00+00:00,674.3,697.73,666.56,686.91,326163.491,659.5995,615.3653333333333,65.27213668783293,15.92763908224822,14.856756895004626,1.070882187243594
2025-05-28 00:00:00+00:00,686.9,689.22,680.04,686.89,211875.743,662.4855,616.7636666666666,65.26175454120383,16.464363819455343,15.17827827989477,1.286085539560574
2025-05-29 00:00:00+00:00,686.89,691.24,673.33,675.02,260985.136,662.922,617.9773333333334,59.239285866697564,15.750351988840407,15.292693021683897,0.4576589671565099
2025-05-30 00:00:00+00:00,675.02,678.5,653.22,655.36,218723.509,662.4950000000001,618.8198333333332,50.86658022510911,13.443130731363226,14.922780563619764,-1.4796498322565377
2025-05-31 00:00:00+00:00,655.36,661.42,645.04,658.01,158379.39,662.838,619.6011666666667,51.85435974807722,11.693676689392646,14.276959788774342,-2.5832830993816955
2025-06-01 00:00:00+00:00,658.01,662.48,647.58,660.77,131807.448,662.8729999999999,620.7693333333333,52.91606429058404,10.409931480562136,13.5035541271319,-3.0936226465697647
2025-06-02 00:00:00+00:00,660.77,667.0,650.05,665.93,143785.605,662.963,621.9903333333333,54.9176692698661,9.697140431130151,12.742271387931552,-3.045130956801401
2025-06-03 00:00:00+00:00,665.93,673.43,657.11,661.59,158377.459,663.419,623.0550000000001,52.881408745045924,8.681966356149246,11.930210381575092,-3.248244025425846
2025-06-04 00:00:00+00:00,661.6,671.76,660.84,663.23,124473.802,663.9865,624.2233333333332,53.58181211775026,7.918488475680874,11.12786600039625,-3.209377524715375
2025-06-05 00:00:00+00:00,663.24,670.92,625.44,633.32,271543.149,663.3145,625.5196666666666,41.4734943930245,4.84409995422368,9.871112791161735,-5.027012836938056
2025-06-06 00:00:00+00:00,633.33,651.51,629.38,642.7,169535.957,663.4739999999999,626.9879999999999,45.6235007704592,3.1284496886463558,8.52258017065866,-5.394130482012304
2025-06-07 00:00:00+00:00,642.71,653.81,639.69,650.82,90666.37,663.4385,628.6063333333333,48.99517280652434,2.3963766920985563,7.297339474946639,-4.900962782848083
2025-06-08 00:00:00+00:00,650.82,656.39,646.49,652.0,72300.314,663.5575,629.7676666666666,49.485360047788205,1.8896371456053203,6.215799009078376,-4.326161863473056
2025-06-09 00:00:00+00:00,652.0,667.74,648.01,665.58,127272.158,664.3365,631.2268333333334,54.86182882195209,2.5543894992575815,5.483517107114218,-2.9291276078566364
2025-06-10 00:00:00+00:00,665.58,674.0,657.26,673.51,176645.056,664.3465,632.6864999999999,57.69351371409283,3.678689611101845,5.122551607911744,-1.4438619968098987
2025-06-11 00:00:00+00:00,673.51,674.8,662.2,667.43,177934.085,663.3895,633.8554999999999,54.85225658317505,4.032614888346302,4.9045642639986555,-0.8719493756523535
2025-06-12 00:00:00+00:00,667.42,669.93,651.91,654.75,152793.975,663.278,635.03,49.38942426185232,3.252441075493948,4.574139626297715,-1.3216985508037666
2025-06-13 00:00:00+00:00,654.76,659.42,639.01,655.35,223303.917,662.645,636.2101666666666,49.64497835341692,2.6519921785242104,4.189710136743014,-1.5377179582188036
2025-06-14 00:00:00+00:00,655.35,655.36,639.0,645.61,93690.143,661.4535,637.3116666666666,45.61807756433223,1.3743528184651268,3.626638673087437,-2.2522858546223103
2025-06-15 00:00:00+00:00,645.61,652.0,642.77,648.19,79324.646,660.1485,638.4014999999999,46.847952734769486,0.5635031452737849,3.014011567524707,-2.450508422250922
2025-06-16 00:00:00+00:00,648.19,659.46,646.26,650.74,124203.787,658.3399999999999,639.4056666666667,48.097351732561286,0.1252191774427729,2.43625308950832,-2.311033912065547
2025-06-17 00:00:00+00:00,650.74,659.0,640.11,648.08,182982.263,656.3995,640.3451666666666,46.85995444995732,-0.43178642900534214,1.8626451858055877,-2.2944316148109296
2025-06-18 00:00:00+00:00,648.09,654.31,637.35,644.77,143725.674,654.887,641.2291666666666,45.29824440187178,-1.127311773897759,1.2646537938649185,-2.3919655677626777
2025-06-19 00:00:00+00:00,644.77,646.5,638.66,644.65,80404.985,654.3515,642.0938333333332,45.23937994761533,-1.6689648301650095,0.6779300690589329,-2.3468948992239422
2025-06-20 00:00:00+00:00,644.65,651.02,638.0,641.61,143279.622,653.5315,642.8316666666666,43.69043789820566,-2.3168244630790014,0.07897916263134608,-2.3958036257103474
2025-06-21 00:00:00+00:00,641.61,644.84,621.94,628.97,143508.116,651.9415,643.006,37.882576905881685,-3.806323326893903,-0.6980813352737039,-3.108241991620199
2025-06-22 00:00:00+00:00,628.98,635.51,601.25,615.81,243515.033,649.4355,643.1743333333335,32.968691492388814,-5.979733281998051,-1.7544117246185733,-4.225321557379478
2025-06-23 00:00:00+00:00,615.81,642.79,615.05,640.49,219674.329,648.3805,643.8233333333334,46.88379647407334,-5.64562731198555,-2.5326548420919686,-3.112972469893581
2025-06-24 00:00:00+00:00,640.5,644.09,636.17,643.53,131607.231,647.3955,644.5503333333334,48.30727630263618,-5.07701861967405,-3.041527597608385,-2.035491022065665
2025-06-25 00:00:00+00:00,643.53,652.64,641.85,646.07,169433.154,648.0330000000001,645.1976666666667,49.52444345510168,-4.371048634305453,-3.3074318049477984,-1.0636168293576542
2025-06-26 00:00:00+00:00,646.06,650.0,641.12,642.3,103057.286,648.013,645.845,47.728108392089055,-4.068866467600174,-3.4597187374782736,-0.6091477301218999
2025-06-27 00:00:00+00:00,642.3,648.44,639.16,645.71,81302.955,647.7574999999999,646.5041666666667,49.51194112589167,-3.5137224171318167,-3.4705194734089826,-0.043202943722834064
2025-06-28 00:00:00+00:00,645.72,649.18,644.25,648.6,57714.965,647.5875,647.2975,51.03698457119005,-2.8081967659999236,-3.338054931927171,0.5298581659272474
2025-06-29 00:00:00+00:00,648.61,656.0,646.72,654.9,73235.796,647.0535,648.2145,54.27915040207951,-1.7208681588053878,-3.0146175773028148,1.293749418497427
2025-06-30 00:00:00+00:00,654.9,660.0,651.17,656.9,110702.196,646.2230000000001,649.1690000000001,55.291273866910416,-0.6898173336950322,-2.5496575285812586,1.8598401948862264
2025-07-01 00:00:00+00:00,656.9,659.1,644.0,646.33,85803.055,645.168,649.9296666666667,49.10442500797983,-0.7173436976834182,-2.183194762401691,1.4658510647182728
2025-07-02 00:00:00+00:00,646.34,664.85,643.71,659.71,112807.955,645.4159999999999,650.9354999999999,55.84044555314209,0.3366153470287827,-1.6792327405155965,2.015848087544379
2025-07-03 00:00:00+00:00,659.7,664.57,656.7,663.59,99001.436,645.828,652.2281666666667,57.59319262797543,1.4680463325208848,-1.0497769259083003,2.517823258429185
2025-07-04 00:00:00+00:00,663.58,664.17,650.21,653.6,89027.412,646.2275000000001,653.1613333333333,51.88315000775978,1.5408421606697402,-0.5316531085926922,2.0724952692624323
2025-07-05 00:00:00+00:00,653.6,656.75,652.0,656.16,51648.289,646.626,654.0545000000001,53.16459979120188,1.784532998556415,-0.06841588716287078,1.8529488857192857
2025-07-06 00:00:00+00:00,656.17,664.99,653.54,663.13,82399.119,647.2455,655.0616666666666,56.556961070192905,2.5111337063187875,0.4474940315334609,2.0636396747853265
2025-07-07 00:00:00+00:00,663.13,663.5,656.77,661.06,83232.984,647.8945000000001,655.5931666666667,55.2764300614111,2.886662651644656,0.9353277555556999,1.951334896088956
2025-07-08 00:00:00+00:00,661.06,662.6,657.36,660.63,86374.042,648.6875,655.4988333333333,54.99786116246183,3.1136820515251884,1.3709986147495976,1.7426834367755908
2025-07-09 00:00:00+00:00,660.63,671.5,659.05,668.68,123551.595,649.889,655.5785000000001,59.14848100904619,3.8982279397332604,1.8764444797463302,2.0217834599869304
2025-07-10 00:00:00+00:00,668.69,687.7,667.25,685.8,214967.536,652.0985,656.1560000000001,66.27292592517779,5.834174399842368,2.6679904637655376,3.1661839360768305
2025-07-11 00:00:00+00:00,685.8,697.24,682.83,689.99,268353.904,655.1495,656.6546666666667,67.75509866600311,7.618700265741609,3.658132424160752,3.9605678415808567
2025-07-12 00:00:00+00:00,689.98,697.0,679.63,685.86,134785.185,658.6519999999999,657.0168333333332,64.73527313799535,8.600551582149933,4.646616255758588,3.9539353263913446
2025-07-13 00:00:00+00:00,685.86,694.12,685.12,692.0,84925.723,661.2275,657.6756666666665,67.08408789530458,9.761596897488175,5.669612384104506,4.091984513383669
2025-07-14 00:00:00+00:00,692.01,707.54,686.05,689.12,253634.996,663.5070000000001,658.2963333333333,64.90052720575218,10.330260926343158,6.601742092552237,3.728518833790921
2025-07-15 00:00:00+00:00,689.13,693.21,675.3,689.92,188962.491,665.6995,659.0156666666666,65.23899724097899,10.721889314461919,7.425771536934174,3.296117777527745
2025-07-16 00:00:00+00:00,689.93,715.56,685.2,708.61,238334.938,669.015,660.1673333333333,72.02600221221687,12.3974740708004,8.42011204370742,3.9773620270929797
2025-07-17 00:00:00+00:00,708.61,727.85,706.14,720.65,409572.675,672.7620000000001,661.3193333333334,75.36313294146065,14.52942823521596,9.641975282009128,4.887452953206832
2025-07-18 00:00:00+00:00,720.64,765.56,718.73,729.92,556430.085,676.828,662.6576666666666,77.58070883454309,16.77367234425708,11.068314694458717,5.705357649798362
2025-07-19 00:00:00+00:00,729.92,742.5,718.76,733.2,188095.81,680.743,664.0443333333334,78.32415221234902,18.60248271636317,12.57514829883961,6.02733441752356
2025-07-20 00:00:00+00:00,733.2,761.29,731.5,756.82,253255.203,685.7389999999999,665.4361666666667,82.75819177058712,21.707533774664512,14.401625394004592,7.30590838065992
2025-07-21 00:00:00+00:00,756.82,781.99,746.06,766.22,338419.952,691.7335,666.7636666666668,84.14795674778196,24.642744332881534,16.44984918177998,8.192895151101553
2025-07-22 00:00:00+00:00,766.22,788.35,745.0,786.68,359074.056,698.082,668.9253333333332,86.66706472229222,28.29371848153744,18.818623041731474,9.475095439805965
2025-07-23 00:00:00+00:00,786.69,809.84,752.47,776.74,709087.1566,703.7395,670.7375,80.01440722966272,30.03879830191977,21.062658093769134,8.976140208150635
2025-07-24 00:00:00+00:00,776.74,786.16,742.62,770.74,363436.737,709.5965,672.4258333333333,76.21153832774364,30.585071115017854,22.96714069801888,7.617930416998973
2025-07-25 00:00:00+00:00,770.74,786.0,752.22,785.45,284068.121,716.0609999999999,674.2785,78.86379895795243,31.837962109724344,24.741304980359974,7.09665712936437
2025-07-26 00:00:00+00:00,785.44,798.0,778.28,793.29,128764.391,722.5690000000001,676.0514999999999,80.13503368045457,33.08215918979647,26.409475822247273,6.672683367549197
2025-07-27 00:00:00+00:00,793.3,847.12,791.04,844.0,397296.2555,731.716,678.67,86.00022423355017,37.72519497401481,28.672619652600783,9.052575321414029
2025-07-28 00:00:00+00:00,844.0,861.1,820.64,824.07,517734.6912,739.888,681.1541666666667,76.44693859488973,39.34312677106334,30.806721076293297,8.536405694770043
2025-07-29 00:00:00+00:00,824.07,835.06,800.12,805.1,427366.132,746.7090000000001,683.6498333333334,68.63201647868478,38.64910607905199,32.37519807684504,6.2739080022069516
2025-07-30 00:00:00+00:00,805.11,811.64,766.21,793.51,369598.736,752.0945,685.9081666666666,64.30666567600787,36.7403536157492,33.24822918462587,3.4921244311233295
2025-07-31 00:00:00+00:00,793.51,814.8,781.38,783.14,335026.145,756.7520000000001,687.9476666666667,60.625143982318065,33.998962328366815,33.39837581337406,0.6005865149927558
2025-08-01 00:00:00+00:00,783.13,795.4,744.69,757.08,393831.558,760.313,689.4668333333334,52.49222100887767,29.384835680664082,32.59566778683207,-3.2108321061679845
2025-08-02 00:00:00+00:00,757.08,770.11,732.36,736.42,209282.992,762.534,690.7139999999999,47.097908677678085,23.78681809992065,30.833897849449784,-7.047079749529132
2025-08-03 00:00:00+00:00,736.43,755.53,730.01,751.21,142700.965,765.6385,692.1803333333335,50.98141859610798,20.30966109962401,28.729050499484632,-8.419389399860624
2025-08-04 00:00:00+00:00,751.21,770.0,750.47,768.63,171505.406,769.574,694.4355,55.156946719055625,18.743573294837574,26.731955058555222,-7.988381763717648
2025-08-05 00:00:00+00:00,768.62,769.79,745.11,755.13,179458.96,771.9,696.3093333333333,51.49599163004284,16.226056373197594,24.6307753214837,-8.404718948286106
2025-08-06 00:00:00+00:00,755.13,774.84,746.26,769.55,163684.71,774.345,698.2881666666667,54.936593180560855,15.219043897574238,22.748429036701808,-7.5293851391275695
2025-08-07 00:00:00+00:00,769.55,788.68,764.17,788.67,188106.802,777.2825,700.566,59.081231310459955,15.781879776814435,21.355119184724334,-5.573239407909899
2025-08-08 00:00:00+00:00,788.67,798.5,780.74,793.5,195309.718,780.2975,702.698,60.080072103829124,16.428296721782544,20.369754692135977,-3.941457970353433
2025-08-09 00:00:00+00:00,793.5,819.44,792.81,798.83,202384.753,782.398,704.7866666666667,61.20547723179476,17.17271687272023,19.730347128252827,-2.5576302555325974
2025-08-10 00:00:00+00:00,798.83,815.5,793.68,807.22,162735.303,784.448,707.1165000000001,62.974912464627934,18.229539305816957,19.430185563765654,-1.2006462579486978
2025-08-11 00:00:00+00:00,807.22,827.59,792.0,805.09,316220.572,785.3685,709.6221666666667,62.1992871230946,18.679875521994404,19.280123555411407,-0.6002480334170031
2025-08-12 00:00:00+00:00,805.09,839.9,797.73,832.47,268762.259,788.155,712.5741666666667,67.705483844876,21.003986511626408,19.624896146654407,1.3790903649720008
2025-08-13 00:00:00+00:00,832.48,858.89,828.23,848.01,395861.313,792.0184999999999,715.9475000000001,70.34571216983001,23.82516764012314,20.464950445348155,3.360217194774986
2025-08-14 00:00:00+00:00,848.02,869.4,820.6,840.42,592656.9793,794.767,719.1513333333334,67.44542728687495,25.15851276769024,21.403662909816575,3.7548498578736655
2025-08-15 00:00:00+00:00,840.42,853.53,812.57,827.81,252091.108,796.493,722.1025000000001,62.81198715960813,24.910523762021285,22.10503508025752,2.805488681763766
2025-08-16 00:00:00+00:00,827.8,839.79,825.06,838.71,114512.1,796.2284999999999,725.2796666666667,65.04724947840376,25.30186543835441,22.744401151876897,2.557464286477515
2025-08-17 00:00:00+00:00,838.71,864.0,838.04,855.38,164953.856,797.794,728.7898333333334,68.19575461136819,26.64993238775105,23.52550739905173,3.124424988699321
2025-08-18 00:00:00+00:00,855.38,858.51,825.0,846.99,233741.603,799.8885,732.1621666666667,65.02115629696374,26.733119514625855,24.167029822166555,2.5660896924593004
2025-08-19 00:00:00+00:00,847.0,851.95,823.0,824.11,211802.026,801.4185,735.2038333333334,57.20102577695759,24.6684584942044,24.267315556574125,0.40114293763027575
2025-08-20 00:00:00+00:00,824.1,881.02,818.57,869.05,392159.8615,805.714,739.2051666666667,65.88098251986679,26.3546818144531,24.68478880814992,1.6698930063031803
2025-08-21 00:00:00+00:00,869.05,883.86,833.46,839.49,277889.676,809.8345,742.9331666666666,57.60531888044849,25.0173960190416,24.75131025032826,0.26608576871333867
2025-08-22 00:00:00+00:00,839.49,900.71,839.23,900.21,430842.5317,818.024,747.2618333333334,66.82416626818282,28.528327136379858,25.50671362753858,3.021613508841277
2025-08-23 00:00:00+00:00,900.2,900.21,875.55,880.42,209279.872,824.4845000000001,751.2099999999999,62.08552000376751,29.375258044421116,26.28042251091509,3.094835533506025
2025-08-24 00:00:00+00:00,880.42,886.66,859.34,876.51,289492.317,829.8785,755.0506666666666,61.162687363485055,29.392138293804805,26.902765667493036,2.48937262631177
2025-08-25 00:00:00+00:00,876.51,880.75,832.76,839.32,320570.155,834.0880000000001,758.3343333333333,53.08093897871168,26.10368677074291,26.742949888143013,-0.6392631174001018
2025-08-26 00:00:00+00:00,839.32,868.0,829.59,863.7,194882.089,838.7955,761.9675,57.08432037559791,25.174630030215894,26.42928591655759,-1.2546558863416948
2025-08-27 00:00:00+00:00,863.7,867.1,852.9,855.18,135243.457,842.1209999999999,765.4105,55.30825801053275,23.480188082165114,25.839466349679096,-2.3592782675139823
2025-08-28 00:00:00+00:00,855.18,881.36,850.85,873.47,232414.922,846.1195,769.0533333333333,58.30715599043786,23.344084697428343,25.34039001922895,-1.9963053218006053
2025-08-29 00:00:00+00:00,873.48,878.0,850.19,862.3,180524.219,849.293,772.4766666666667,55.842678798567476,22.08036740514251,24.688385496411662,-2.6080180912691517
2025-08-30 00:00:00+00:00,862.3,864.0,851.61,862.0,101039.981,852.0319999999999,776.0711666666667,55.774493406212656,20.81471576696822,23.913651550522975,-3.0989357835547544
2025-08-31 00:00:00+00:00,862.0,867.7,857.0,857.65,94241.193,854.6600000000001,779.3701666666668,54.73094940031064,19.238895073048525,22.978700255028087,-3.7398051819795626
2025-09-01 00:00:00+00:00,857.66,869.15,840.0,845.68,254185.715,855.3205,782.405,51.85578976119512,16.830159257891523,21.748992055600777,-4.918832797709253
2025-09-02 00:00:00+00:00,845.68,856.68,840.71,851.8,164333.169,855.51,785.7083333333334,53.20920590447763,15.239381519430708,20.447069948366764,-5.207688428936056
2025-09-03 00:00:00+00:00,851.8,864.06,848.91,854.76,116453.022,856.2270000000001,789.0183333333333,53.88444824555165,14.055502875116076,19.168756533716625,-5.113253658600549
2025-09-04 00:00:00+00:00,854.76,856.72,841.1,843.63,108195.902,857.018,792.0266666666666,50.90945596054132,12.079922707916694,17.75098976855664,-5.671067060639945
2025-09-05 00:00:00+00:00,843.62,857.73,842.22,850.14,120856.951,857.5895,795.178,52.559304066429,10.913756791074775,16.383543173060268,-5.469786381985493
2025-09-06 00:00:00+00:00,850.14,865.0,849.55,860.85,144234.054,857.863,798.5149999999999,55.22537233552625,10.730079713308896,15.252850481109995,-4.522770767801099
2025-09-07 00:00:00+00:00,860.86,884.05,860.55,880.05,136538.058,859.516,802.0378333333333,59.60779460747398,11.995516991830755,14.601383783254148,-2.6058667914233933
2025-09-08 00:00:00+00:00,880.05,885.85,870.01,878.08,177574.781,862.2145,805.2425000000001,58.970025853712094,12.69310440956906,14.219727908517132,-1.526623498948073
2025-09-09 00:00:00+00:00,878.08,884.83,871.38,880.01,150610.03,862.7625,808.4095000000001,59.42802232106159,13.24895660968241,14.025573648750187,-0.7766170390677782
2025-09-10 00:00:00+00:00,880.0,907.38,877.04,893.77,306830.178,865.4765000000001,811.8746666666667,62.630757211439615,14.631131904817607,14.146685299963673,0.4844466048539342
2025-09-11 00:00:00+00:00,893.77,904.53,888.38,902.77,179913.182,865.6045,815.3875,64.59917360068584,16.265244949099383,14.570397229790817,1.6948477193085658
2025-09-12 00:00:00+00:00,902.77,929.9,901.41,924.8,240267.9372,867.8235000000001,819.3155,68.91540359629417,19.117552947336094,15.479828373299874,3.63772457403622
2025-09-13 00:00:00+00:00,924.81,943.86,922.11,933.68,251751.2324,870.682,823.3781666666667,70.477908715773,21.842779408093293,16.75241858025856,5.090360827834733
2025-09-14 00:00:00+00:00,933.68,944.95,921.91,926.51,159814.975,875.0414999999999,827.0098333333334,67.52642203301991,23.157041969562897,18.03334325811943,5.123698711443467
2025-09-15 00:00:00+00:00,926.51,935.72,910.64,919.68,175249.087,877.8405,830.327,64.74491774355045,23.377993640576847,19.102273334610913,4.275720305965933
2025-09-16 00:00:00+00:00,919.68,959.0,916.66,955.65,284918.8385,882.8640000000001,834.0891666666666,71.42144565461042,26.154089751592664,20.512636618007264,5.641453133585401
2025-09-17 00:00:00+00:00,955.65,995.44,946.1,989.98,362193.1958,888.6895000000001,838.3688333333333,76.07781866855464,30.76961702088886,22.56403269858358,8.205584322305278
2025-09-18 00:00:00+00:00,989.97,1006.88,979.48,981.04,402672.5617,894.6265,842.1058333333333,72.75344766993973,33.32195756497117,24.7156176718611,8.606339893110071
2025-09-19 00:00:00+00:00,981.05,1002.99,973.9,984.1,333582.761,900.7315000000001,845.7371666666666,73.18535646922773,35.186019728397696,26.80969808316842,8.376321645229275
2025-09-20 00:00:00+00:00,984.1,1048.0,982.9,1043.77,380966.0766,910.0375,850.0220000000002,79.88231713587928,41.00548701053083,29.6488558686409,11.356631141889928
2025-09-21 00:00:00+00:00,1043.77,1083.47,1039.2,1047.8,464411.2823,920.1434999999999,854.5396666666667,80.24123835500136,45.41908118302206,32.80290093151714,12.616180251504922
2025-09-22 00:00:00+00:00,1047.8,1050.55,976.89,992.9,588730.396,927.1985000000001,858.2423333333334,63.59560691149963,43.979941789013765,35.038309103016466,8.941632685997298
2025-09-23 00:00:00+00:00,992.9,1027.37,962.38,1015.98,420071.07,935.2595000000001,862.0845,66.72110799518617,44.19235460807829,36.86911820402883,7.32323640404946
2025-09-24 00:00:00+00:00,1015.98,1034.5,991.46,1018.49,363049.882,944.0024999999999,865.8378333333334,67.05240097334502,44.055386251412756,38.30637181350562,5.749014437907135
2025-09-25 00:00:00+00:00,1018.49,1019.9,939.55,945.9,635121.254,948.7905000000001,867.5361666666668,51.183102226069046,37.65536390643081,38.17617023209066,-0.520806325659855
2025-09-26 00:00:00+00:00,945.9,966.23,932.01,960.8,384757.514,953.7879999999999,869.815,53.610055478540865,33.400584417838786,37.22105306924029,-3.820468651401505
2025-09-27 00:00:00+00:00,960.81,985.79,955.56,968.45,245246.415,958.208,872.5375,54.85113030352973,30.296690694094877,35.836180594211214,-5.539489900116337
2025-09-28 00:00:00+00:00,968.46,993.65,962.68,993.01,188486.48,963.9545,875.8625,58.67367450183549,29.478805973849944,34.56470567013896,-5.085899696289019
2025-09-29 00:00:00+00:00,993.01,1036.0,991.12,1029.79,291982.5,971.4435,879.9733333333334,63.63861548515252,31.436089387061543,33.93898241352348,-2.5028930264619405
2025-09-30 00:00:00+00:00,1029.79,1034.01,992.93,1008.51,258830.971,977.1804999999998,884.1638333333334,59.20659303584415,30.913777652260706,33.333941461270925,-2.4201638090102193
2025-10-01 00:00:00+00:00,1008.51,1036.2,1003.35,1026.5,269007.811,983.3669999999998,888.9985,61.638890102710036,31.587365009299788,32.9846261708767,-1.397261161576914
2025-10-02 00:00:00+00:00,1026.5,1099.22,1022.01,1090.22,380679.445,991.6379999999999,894.6486666666666,68.74691337306056,36.8382113430564,33.75534320531264,3.082868137743759
2025-10-03 00:00:00+00:00,1090.22,1192.42,1083.84,1189.4,744996.7206,1004.424,901.6615,76.15346403491914,48.444108483828245,36.69309626101577,11.751012222812477
2025-10-04 00:00:00+00:00,1189.4,1190.47,1134.93,1150.75,337438.509,1015.6360000000001,908.2551666666666,69.26464505480735,53.90178734359142,40.1348344775309,13.766952866060521
2025-10-05 00:00:00+00:00,1150.75,1189.0,1143.14,1167.38,306730.178,1028.021,914.8856666666667,70.50112751611138,58.89009086798035,43.88588575562079,15.004205112359557
2025-10-06 00:00:00+00:00,1167.38,1239.94,1161.85,1223.19,587477.5601,1041.398,922.1276666666668,74.24571274395228,66.57927350540217,48.42456330557707,18.154710199825104
2025-10-07 00:00:00+00:00,1223.17,1349.99,1204.61,1304.43,1351678.4887,1057.1205,930.6431666666667,78.52009398777743,78.32550749762254,54.404752143986165,23.920755353636373
2025-10-08 00:00:00+00:00,1304.43,1334.19,1264.32,1307.4,826555.123,1073.4385,939.1193333333333,78.65953764433425,86.87272207844921,60.89834613087878,25.974375947570437
2025-10-09 00:00:00+00:00,1307.4,1320.0,1224.38,1255.35,925627.604,1087.001,946.5881666666667,70.07391606924966,88.42711843575262,66.40410059185355,22.02301784389907
2025-10-10 00:00:00+00:00,1255.35,1278.52,860.11,1102.47,1505025.673,1089.9360000000001,951.5445,52.08984402744739,76.4416783346569,68.41161614041422,8.030062194242674
2025-10-11 00:00:00+00:00,1102.57,1182.76,1073.0,1135.07,1050905.245,1094.2995,956.5878333333333,54.75634030358994,68.78081582428672,68.48545607718873,0.29535974709799007
2025-10-12 00:00:00+00:00,1135.07,1319.8,1107.43,1302.65,1205248.016,1109.7869999999998,964.1651666666666,65.412896128446,75.36309373411882,69.86098360857474,5.502110125544078
2025-10-13 00:00:00+00:00,1302.65,1375.11,1251.28,1294.55,1483076.9719,1123.7154999999998,971.734,64.62061783157408,79.01515655539333,71.69181819793846,7.3233383574548725
2025-10-14 00:00:00+00:00,1294.54,1318.26,1143.01,1208.52,1398659.782,1133.217,978.0791666666667,56.757620173563964,74.1132096882393,72.17609649599862,1.9371131922406732
2025-10-15 00:00:00+00:00,1208.55,1222.76,1148.92,1162.57,707327.747,1144.0504999999998,983.4768333333334,53.04499001239777,65.76253097820995,70.89338339244088,-5.1308524142309295
2025-10-16 00:00:00+00:00,1162.57,1195.0,1122.31,1144.83,716826.497,1153.252,988.3009999999999,51.64055642418187,57.05538918570028,68.12578455109276,-11.070395365392486
2025-10-17 00:00:00+00:00,1144.83,1156.3,1021.0,1071.15,1066221.771,1158.387,992.037,46.1726359534415,43.705743745007794,63.241776389875774,-19.53603264486798
2025-10-18 00:00:00+00:00,1071.15,1131.05,1069.41,1092.43,419996.517,1163.358,996.509,47.888839177555724,34.446098527998174,57.48264081750026,-23.036542289502087
2025-10-19 00:00:00+00:00,1092.42,1133.76,1068.04,1109.88,409987.572,1167.3625,1000.5228333333332,49.31591069839085,28.190865397543348,51.62428573350888,-23.43342033596553
2025-10-20 00:00:00+00:00,1109.88,1143.2,1088.19,1100.19,481311.055,1171.9465,1004.8678333333334,48.52128912504907,22.195786843511314,45.738585955509365,-23.54279911199805
2025-10-21 00:00:00+00:00,1100.2,1114.53,1052.46,1057.16,541524.501,1173.4795000000001,1007.4836666666666,45.04992909712956,13.813251943987552,39.353519153205006,-25.540267209217454
2025-10-22 00:00:00+00:00,1057.16,1083.8,1053.25,1071.82,397249.062,1172.5595,1010.6736666666667,46.455426661850936,8.257781558959095,33.13437163435583,-24.876590075396734
2025-10-23 00:00:00+00:00,1071.83,1161.9,1071.83,1126.72,774946.718,1169.4254999999998,1014.8438333333332,51.462273726650714,8.19058645320797,28.14561459812626,-19.95502814491829
2025-10-24 00:00:00+00:00,1126.71,1144.17,1097.39,1109.01,342712.642,1167.3385,1019.3386666666667,49.84313119455828,6.631837165759407,23.842859111652892,-17.211021945893485
2025-10-25 00:00:00+00:00,1109.0,1120.89,1100.96,1116.53,162716.583,1164.7959999999998,1023.5525,50.55451942494072,5.9349043945019275,20.2612681682227,-14.326363773720772
2025-10-26 00:00:00+00:00,1116.53,1143.35,1114.48,1138.19,240939.545,1160.5459999999998,1028.2693333333334,52.638193615223756,7.049103455260365,17.61883522563023,-10.569731770369867
2025-10-27 00:00:00+00:00,1138.19,1182.6,1131.44,1138.88,494467.695,1152.2685,1032.6928333333333,52.70656578829545,7.896762509071095,15.674420682318404,-7.777658173247309
2025-10-28 00:00:00+00:00,1138.88,1148.94,1074.0,1103.45,351579.17,1142.0710000000001,1036.712,48.810127416817366,5.6445664685059,13.668449839555903,-8.023883371050003
2025-10-29 00:00:00+00:00,1103.45,1121.35,1082.59,1107.7,459713.496,1134.6885,1040.807,49.29436862860602,4.154731206313727,11.765706112907468,-7.610974906593741
2025-10-30 00:00:00+00:00,1107.7,1129.55,1043.48,1079.05,508291.657,1133.5175000000002,1044.497,46.126626829523026,0.6546639073733331,9.54349767180064,-8.888833764427307
2025-10-31 00:00:00+00:00,1079.06,1104.93,1071.43,1088.9,537669.646,1131.209,1048.5506666666668,47.37864542102928,-1.3092596334759037,7.372946210745331,-8.682205844221235
2025-11-01 00:00:00+00:00,1088.9,1096.93,1081.8,1094.53,163493.548,1120.803,1052.5961666666667,48.12078712147813,-2.3839090215092256,5.42157516429442,-7.805484185803645
2025-11-02 00:00:00+00:00,1094.54,1094.92,1071.74,1083.25,132402.548,1110.238,1056.4043333333334,46.699688610501745,-4.098532798213228,3.5175535717928903,-7.616086370006117
2025-11-03 00:00:00+00:00,1083.25,1087.24,960.18,993.54,685198.885,1099.489,1058.9028333333333,37.2722534717911,-12.551545354910559,0.3037337864522005,-12.85527914136276
2025-11-04 00:00:00+00:00,993.54,1002.12,880.8,936.77,985275.518,1088.199,1060.3466666666668,32.76463067858569,-23.559899405258648,-4.468992851889969,-19.09090655336868
2025-11-05 00:00:00+00:00,936.79,969.27,900.39,959.33,526144.027,1078.924,1061.988,36.07326900674271,-30.116531217864576,-9.59850052508489,-20.518030692779686
2025-11-06 00:00:00+00:00,959.32,965.23,925.07,950.4,312622.425,1072.8865,1063.1605,35.33209874755019,-35.622649803605555,-14.803330380789024,-20.81931942281653
2025-11-07 00:00:00+00:00,950.4,995.6,925.7,991.15,452713.504,1067.8225,1065.0449999999998,41.26280636673108,-36.279892002649376,-19.098642705161097,-17.18124929748828
2025-11-08 00:00:00+00:00,991.14,1007.41,980.05,991.03,301705.689,1061.88,1066.8953333333332,41.25080892820238,-36.39095193634296,-22.55710455139747,-13.83384738494549
2025-11-09 00:00:00+00:00,991.01,1007.16,975.84,996.63,256660.748,1056.702,1068.6096666666667,42.09691140392502,-35.61652935520442,-25.16898951215886,-10.447539843045561
2025-11-10 00:00:00+00:00,996.63,1019.56,976.22,991.98,281128.796,1053.4429999999998,1070.0965,41.56165299840417,-34.9748418132275,-27.13015997237259,-7.844681840854911
2025-11-11 00:00:00+00:00,991.99,1008.6,956.08,958.08,283951.869,1047.7559999999999,1070.6511666666668,37.78929041653478,-36.777794971926596,-29.05968697228339,-7.718107999643205
2025-11-12 00:00:00+00:00,958.08,978.61,937.9,952.86,216987.116,1039.063,1070.9708333333333,37.22894371626862,-38.18765519629858,-30.88528061708643,-7.302374579212149
2025-11-13 00:00:00+00:00,952.87,972.2,905.72,927.15,334345.078,1029.9699999999998,1070.9815,34.51435464658837,-40.90799975731602,-32.88982444513235,-8.018175312183672
2025-11-14 00:00:00+00:00,927.15,934.04,887.88,915.25,438193.008,1019.906,1070.9076666666667,33.30390128601394,-43.52242356144859,-35.0163442683956,-8.506079293052991
2025-11-15 00:00:00+00:00,915.26,945.22,914.91,932.28,161984.705,1009.6105000000001,1070.5181666666667,36.72400783935421,-43.71626074632229,-36.75632756398094,-6.959933182341352
2025-11-16 00:00:00+00:00,932.27,949.77,908.16,926.56,252157.877,998.9945,1069.4611666666667,36.05524259973145,-43.82623277724815,-38.170308606634386,-5.6559241706137655
2025-11-17 00:00:00+00:00,926.59,939.55,891.72,907.36,332891.856,989.1899999999999,1068.2331666666666,33.82837382918643,-44.944572883788396,-39.525161462065185,-5.419411421723211
2025-11-18 00:00:00+00:00,907.36,939.99,884.4,932.79,357275.458,980.4445,1067.378,39.18585465391407,-43.27997242157585,-40.27612365396732,-3.003848767608531
2025-11-19 00:00:00+00:00,932.79,941.06,872.38,897.77,296358.274,971.3805,1064.9446666666668,34.985107900921605,-44.2761974449528,-41.07613841216442,-3.2000590327883813
2025-11-20 00:00:00+00:00,897.78,917.0,865.57,866.51,301802.981,960.2609999999999,1061.9231666666667,31.716656095273933,-47.04581878868146,-42.27007448746783,-4.775744301213628
2025-11-21 00:00:00+00:00,866.51,877.33,790.79,830.46,654486.049,947.0575000000001,1059.2158333333332,28.419249845890945,-51.55539882962364,-44.127139355899,-7.428259473724644
2025-11-22 00:00:00+00:00,830.47,842.93,813.77,833.78,167225.62,934.5840000000001,1056.1791666666668,29.149789353155313,-54.236176367915846,-46.14894675830237,-8.087229609613473
2025-11-23 00:00:00+00:00,833.78,855.46,833.28,843.6,167524.177,927.0869999999999,1053.2643333333333,31.380549043543297,-54.93506274272704,-47.90616995518731,-7.028892787539732
2025-11-24 00:00:00+00:00,843.6,876.3,830.01,864.92,248464.802,923.4945,1051.9146666666666,36.08566481868909,-53.155841950995296,-48.95610435434891,-4.199737596646386
2025-11-25 00:00:00+00:00,864.9,867.66,837.47,862.57,158750.859,918.6565,1050.2775,35.794323168684585,-51.34356535404311,-49.43359655428775,-1.9099687997553545
2025-11-26 00:00:00+00:00,862.58,897.25,851.72,891.78,159649.392,915.7254999999999,1048.9996666666666,42.0564432681149,-47.00843622134221,-48.94856448769865,1.9401282663564388
2025-11-27 00:00:00+00:00,891.77,904.86,883.8,895.74,141249.084,910.9550000000002,1047.3785,42.869949500263466,-42.760361416846195,-47.71092387352816,4.950562456681965
2025-11-28 00:00:00+00:00,895.75,906.5,876.15,887.19,174843.677,905.7629999999999,1045.0018333333333,41.51471814726133,-39.626851397177234,-46.094109378257976,6.467257981080742
2025-11-29 00:00:00+00:00,887.2,889.0,868.25,872.9,80059.932,899.5765000000001,1042.7416666666666,39.27970791557157,-37.86017714932052,-44.447322932470485,6.587145783149964
2025-11-30 00:00:00+00:00,872.9,899.75,869.56,875.31,106230.587,893.743,1040.2218333333333,39.86767754875415,-35.85232493633521,-42.72832333324344,6.87599839690823
2025-12-01 00:00:00+00:00,875.3,877.12,801.7,826.61,342746.385,887.1695,1035.8283333333334,32.92874289150065,-37.75554813201529,-41.733768292997816,3.9782201609825236
2025-12-02 00:00:00+00:00,826.6,885.0,820.46,876.61,233149.68,883.357,1030.6151666666667,43.75297599679433,-34.82781077100083,-40.35257678859842,5.524766017597592
2025-12-03 00:00:00+00:00,876.6,922.63,873.6,920.76,227309.929,883.0375,1026.7820000000002,51.23642217800546,-28.615163997886953,-38.00509423045612,9.38993023256917
2025-12-04 00:00:00+00:00,920.77,928.24,886.79,899.92,165779.563,882.2710000000001,1022.3243333333334,47.99070334426739,-25.08405710729471,-35.42088680582384,10.33682969852913
2025-12-05 00:00:00+00:00,899.92,907.92,870.18,883.57,137493.999,879.8354999999999,1016.664,45.5526112658338,-23.33593567327182,-33.00389657931344,9.667960906041621
2025-12-06 00:00:00+00:00,883.57,897.9,878.01,890.38,81289.981,878.0265000000002,1009.7631666666665,46.765716399792666,-21.157140411022965,-30.634545345655347,9.477404934632382
2025-12-07 00:00:00+00:00,890.38,906.0,870.23,894.37,131888.814,877.3770000000001,1002.8793333333334,47.50372318524073,-18.89070947437756,-28.28577817139979,9.395068697022232
2025-12-08 00:00:00+00:00,894.38,913.29,888.93,897.12,121354.06,875.5935,996.9088333333333,48.03840558814807,-16.680363760773616,-25.96469528927456,9.284331528500942
2025-12-09 00:00:00+00:00,897.13,928.0,881.78,897.3,209645.573,875.5699999999999,993.4893333333333,48.07568445159612,-14.7441628311891,-23.72058879765747,8.97642596646837
2025-12-10 00:00:00+00:00,897.3,915.0,884.27,893.43,186333.021,876.9159999999999,989.462,47.29013435622995,-13.367889591985318,-21.65004895652304,8.282159364537723
2025-12-11 00:00:00+00:00,893.43,894.7,859.54,885.91,182476.864,879.6885,982.5163333333334,45.72659495012209,-12.737158255378517,-19.867470816294137,7.13031256091562
2025-12-12 00:00:00+00:00,885.92,896.07,870.58,881.58,110640.466,882.0785,975.6335,44.80794915935885,-12.443255832049772,-18.382627819445265,5.939371987395493
2025-12-13 00:00:00+00:00,881.59,904.22,880.32,896.82,92401.054,884.7395,970.4385000000001,48.71334747337913,-10.855460419674841,-16.87719433949118,6.021733919816338
2025-12-14 00:00:00+00:00,896.82,899.5,870.11,877.27,110914.028,885.357,965.6835,44.375461214483366,-11.047296373857762,-15.711214746364496,4.663918372506734
2025-12-15 00:00:00+00:00,877.27,895.42,840.75,858.6,210867.871,885.1584999999999,960.913,40.65241225974011,-12.561044812333193,-15.081180759558237,2.520135947225043
2025-12-16 00:00:00+00:00,858.61,878.44,847.0,875.63,240835.336,884.351,957.6543333333334,45.17117769274291,-12.245365727807325,-14.514017753208055,2.26865202540073
2025-12-17 00:00:00+00:00,875.64,876.16,833.39,843.07,378073.209,881.7175,953.4983333333333,39.04930289135865,-14.455869399728044,-14.502388082512052,0.046518682784007837
2025-12-18 00:00:00+00:00,843.07,853.49,818.39,830.07,432024.878,878.8615,948.8348333333334,36.89908595784732,-17.06004328058077,-15.013919122125795,-2.046124158454976
2025-12-19 00:00:00+00:00,830.08,862.33,822.38,856.17,1227346.957,878.025,944.7678333333333,43.61236515779148,-16.823882722495682,-15.375911842199773,-1.4479708802959088
2025-12-20 00:00:00+00:00,856.17,859.7,850.9,854.17,57015.132,876.9680000000001,941.3846666666667,43.23279977880568,-16.60667564453729,-15.622064602667278,-0.9846110418700125
2025-12-21 00:00:00+00:00,854.17,859.91,845.5,858.64,69986.817,878.5695,937.8316666666667,44.39755076278068,-15.890668097481125,-15.675785301630048,-0.21488279585107684
2025-12-22 00:00:00+00:00,858.63,871.0,850.85,858.66,147275.988,877.6719999999999,933.364,44.40304735798458,-15.147007847252212,-15.570029810754482,0.4230219635022703
2025-12-23 00:00:00+00:00,858.67,861.46,838.24,844.3,103894.874,873.8489999999999,928.9521666666666,41.24998368468044,-15.537279641548707,-15.563479776913328,0.02620013536462018
2025-12-24 00:00:00+00:00,844.3,850.0,835.21,846.58,84917.781,871.182,924.453,41.95476058585449,-15.484104783615066,-15.547604778253676,0.06349999463860989
2025-12-25 00:00:00+00:00,846.57,847.99,826.81,829.64,72777.087,868.4855,919.3104999999999,38.28038760300472,-16.61732556690231,-15.761548935983402,-0.855776630918907
2025-12-26 00:00:00+00:00,829.63,847.16,821.21,834.72,120232.786,865.7025,914.2411666666667,39.97803385578363,-16.91056321116548,-15.991351791019818,-0.9192114201456629
2025-12-27 00:00:00+00:00,834.72,846.54,834.0,845.04,89882.366,863.2360000000001,909.9343333333333,43.384913953926784,-16.124346969933754,-16.017950826802604,-0.10639614313114976
2025-12-28 00:00:00+00:00,845.05,867.22,839.2,859.32,91601.986,861.3460000000001,905.7946666666667,47.800104572059496,-14.185467043385643,-15.651454070119213,1.4659870267335702
2025-12-29 00:00:00+00:00,859.32,872.12,846.0,852.46,127151.447,859.1039999999999,902.0181666666666,45.94636370562354,-13.051980297020009,-15.131559315499372,2.0795790184793628
2025-12-30 00:00:00+00:00,852.46,864.05,848.7,861.65,73233.047,857.515,898.2306666666667,48.81039672288125,-11.282074951041182,-14.361662442607734,3.079587491566553
2025-12-31 00:00:00+00:00,861.66,877.29,857.69,864.3,149994.618,856.4345,894.3934999999999,49.63902975109203,-9.5554303073136,-13.400416015548908,3.844985708235308
2026-01-01 00:00:00+00:00,864.31,874.51,856.14,864.39,80713.662,855.575,890.7458333333333,49.668828555077184,-8.086572762429455,-12.337647364925019,4.251074602495564
2026-01-02 00:00:00+00:00,864.4,891.14,859.64,881.25,129071.742,854.7965,888.8743333333334,55.03626453547775,-5.498646506324462,-10.969847193204908,5.4712006868804455
2026-01-03 00:00:00+00:00,881.25,884.24,868.65,878.63,79965.205,854.8645,887.9053333333334,54.07127009807502,-3.6174091659991063,-9.499359587763749,5.8819504217646426
2026-01-04 00:00:00+00:00,878.64,902.85,878.47,895.43,118687.107,856.7060000000001,886.8403333333333,59.03167107057956,-0.7621102906331316,-7.751909728337626,6.9897994377044945
2026-01-05 00:00:00+00:00,895.43,916.55,890.59,910.31,140352.785,858.4399999999999,886.1721666666667,62.85794940241647,2.6706407973672412,-5.667399623196653,8.338040420563894
2026-01-06 00:00:00+00:00,910.31,923.93,891.66,917.64,166897.189,862.1685,884.947,64.61133800110903,5.914412837283635,-3.351037131100595,9.26544996838423
2026-01-07 00:00:00+00:00,917.64,920.27,892.64,900.3,148651.79,865.68,883.4348333333334,57.67500772309402,7.005181098331718,-1.2797934852141326,8.28497458354585
2026-01-08 00:00:00+00:00,900.31,905.0,875.1,892.26,134522.755,867.4844999999999,881.6953333333333,54.74058868268767,7.1385729712516195,0.40387980607901786,6.734693165172602
2026-01-09 00:00:00+00:00,892.27,901.06,885.28,896.86,81581.367,869.619,880.1100000000001,56.11629036921714,7.528682581416888,1.8288403611465918,5.6998422202702965
2026-01-10 00:00:00+00:00,896.87,915.91,896.81,907.93,124912.493,872.0835000000001,879.2741666666666,59.32080453990577,8.631603984464618,3.189393085810197,5.442210898654421
2026-01-11 00:00:00+00:00,907.93,917.33,898.75,904.32,98621.081,874.3665000000001,878.4651666666667,57.8375588918027,9.10937312947965,4.373389094544088,4.735984034935562
2026-01-12 00:00:00+00:00,904.32,910.81,894.0,905.78,108522.173,877.4405,878.109,58.29177040986667,9.496350401164136,5.397981355868097,4.098369045296039
2026-01-13 00:00:00+00:00,905.79,952.96,902.25,943.73,311914.997,882.298,878.5836666666667,67.95523901218435,12.718667632242614,6.862118611143002,5.856549021099612
2026-01-14 00:00:00+00:00,943.73,954.68,928.5,948.47,183208.698,888.2395,878.8534999999999,68.92372098507533,15.47645272630973,8.584985434176348,6.891467292133383
2026-01-15 00:00:00+00:00,948.48,948.85,924.05,931.2,131201.468,893.0635,878.9308333333333,61.6168313937554,16.083076914239314,10.084603730188942,5.998473184050372
2026-01-16 00:00:00+00:00,931.21,939.43,923.69,938.16,77470.383,897.7194999999999,879.4441666666667,63.305209929361205,16.930283022568915,11.453739588664936,5.476543433903979
2026-01-17 00:00:00+00:00,938.17,959.52,935.5,947.12,86187.331,902.1094999999999,879.6830000000001,65.41436360135702,18.115868628552676,12.786165396642485,5.329703231910191
2026-01-18 00:00:00+00:00,947.11,953.33,931.7,932.51,76848.25,906.1119999999999,880.262,59.41723773924191,17.672827509268814,13.763497819167752,3.909329690101062
2026-01-19 00:00:00+00:00,932.51,932.51,901.0,923.6,209440.56,909.2094999999999,881.2135000000001,56.04279545516103,16.413546546761268,14.293507564686454,2.1200389820748136
2026-01-20 00:00:00+00:00,923.6,933.13,884.0,884.2,163760.229,910.2045,882.1091666666667,44.112430377503294,12.096861501528679,13.854178352054898,-1.7573168505262196
2026-01-21 00:00:00+00:00,884.19,893.69,864.54,883.36,201618.221,911.1529999999999,882.9354999999999,43.897872156055776,8.509978785161138,12.785338438676147,-4.275359653515009
2026-01-22 00:00:00+00:00,883.35,897.58,878.18,888.06,98786.472,911.4934999999999,883.6764999999999,45.4953004762411,5.9776919984324195,11.423809150627402,-5.446117152194983
2026-01-23 00:00:00+00:00,888.06,904.99,883.1,891.63,96135.61,912.1434999999999,884.1216666666667,46.735900197374484,4.210371102865224,9.981121541074966,-5.770750438209742
2026-01-24 00:00:00+00:00,891.62,894.24,886.53,887.17,51272.563,911.7305,884.5316666666666,45.34722781591844,2.4219530667044182,8.469287846200857,-6.047334779496438
2026-01-25 00:00:00+00:00,887.18,887.75,856.0,866.02,120780.226,909.516,884.1023333333334,39.37268814389145,-0.6940092472872266,6.63662842750324,-7.3306376747904665
2026-01-26 00:00:00+00:00,866.02,881.44,864.91,879.41,102700.704,907.6045,883.8301666666667,44.369801537555844,-2.0592331770836836,4.897456106585856,-6.956689283669539
2026-01-27 00:00:00+00:00,879.41,901.22,876.2,898.36,138529.639,907.5075,884.0163333333334,50.5782404976618,-1.593705108666768,3.599223863535331,-5.192928972202099
2026-01-28 00:00:00+00:00,898.35,909.43,894.41,902.91,110273.24,908.04,884.5165,51.964426943993445,-0.8478502959907246,2.70980903163012,-3.557659327620845
2026-01-29 00:00:00+00:00,902.92,906.67,852.81,868.69,270228.686,906.6314999999998,884.4061666666668,42.34482539698232,-2.9836295704354825,1.571121311217,-4.554750881652483
2026-01-30 00:00:00+00:00,868.69,869.77,831.83,858.81,295951.354,904.1754999999999,884.9428333333333,40.04015755638059,-5.411107582374484,0.17467553249870305,-5.585783114873188
2026-01-31 00:00:00+00:00,858.81,860.85,750.0,781.38,407306.151,898.0285,883.3556666666667,27.436955237617653,-13.428064912726882,-2.545872556546414,-10.882192356180468
2026-02-01 00:00:00+00:00,781.39,789.72,739.63,758.54,259125.52,890.6665,880.6519999999999,24.942912886581396,-21.378124759439174,-6.312322997124966,-15.065801762314209
2026-02-02 00:00:00+00:00,758.54,781.58,728.44,773.94,306663.484,882.177,878.5523333333333,29.590308615873994,-26.134688744647406,-10.276796146629454,-15.857892598017951
2026-02-03 00:00:00+00:00,773.94,783.57,736.08,754.78,243948.823,872.4925,876.4058333333334,27.323505346284875,-31.091943277279142,-14.439825572759393,-16.65211770451975
2026-02-04 00:00:00+00:00,754.78,765.33,687.3,697.27,424472.167,860.7959999999999,873.1873333333334,21.90039111121257,-39.209200323901996,-19.393700522987913,-19.815499800914083
2026-02-05 00:00:00+00:00,697.27,703.0,602.17,608.3,799178.67,844.3030000000001,868.4195,16.458145460054666,-52.21936809178135,-25.9588340367466,-26.260534055034746
2026-02-06 00:00:00+00:00,608.3,669.65,570.06,657.21,593322.593,829.8075000000001,864.4209999999999,27.172379875704692,-57.91577454135313,-32.35022213766791,-25.565552403685217
2026-02-07 00:00:00+00:00,657.21,663.88,630.83,647.0,217520.601,815.5319999999999,860.2493333333333,26.4109092620361,-62.53323515521868,-38.38682474117807,-24.14641041404061
2026-02-08 00:00:00+00:00,647.01,653.0,632.3,639.93,124172.092,801.3485,856.0243333333333,25.870273407927726,-66.00226287086593,-43.90991236711564,-22.092350503750296
2026-02-09 00:00:00+00:00,639.93,646.15,616.01,636.39,148751.241,788.958,851.8656666666666,25.58783512267283,-68.25039270083607,-48.778008433859725,-19.47238426697635
2026-02-10 00:00:00+00:00,636.38,642.0,613.8,619.85,153549.27,775.7825,847.5035,24.255394639660153,-70.55339592715643,-53.13308593251907,-17.420309994637357
2026-02-11 00:00:00+00:00,619.85,624.14,587.14,608.11,236351.539,761.7850000000001,842.6916666666667,23.32688113018868,-72.49024009675611,-57.00451676536648,-15.485723331389629
2026-02-12 00:00:00+00:00,608.11,620.87,600.6,614.29,121298.457,747.9179999999999,838.3086666666666,24.955442557275816,-72.68861954477006,-60.1413373212472,-12.547282223522863
2026-02-13 00:00:00+00:00,614.29,622.81,592.49,618.94,211419.814,734.5065,834.3143333333334,26.22519266902944,-71.64474453059563,-62.44201876311689,-9.20272576747874
2026-02-14 00:00:00+00:00,618.93,637.24,615.7,632.77,113845.924,722.844,830.2666666666667,30.017822204272008,-68.90718154763158,-63.735051320019835,-5.172130227611746
2026-02-15 00:00:00+00:00,632.77,642.49,608.82,615.16,132426.591,709.6315000000001,826.4681666666667,28.041084678083266,-67.38188654334203,-64.46441836468428,-2.9174681786577565
2026-02-16 00:00:00+00:00,615.17,631.24,604.49,627.19,105660.883,696.0730000000001,823.0868333333333,31.366142408361668,-64.4593119782337,-64.46339708739416,0.004085109160456568
2026-02-17 00:00:00+00:00,627.19,631.86,609.3,617.74,91934.084,681.8145000000001,819.1129999999999,30.186165796622532,-62.18881268103223,-64.00848020612177,1.8196675250895424
2026-02-18 00:00:00+00:00,617.76,626.57,601.3,604.8,97256.01,668.62,814.9568333333334,28.59959545853178,-60.733477759509356,-63.35347971679929,2.6200019572899365
2026-02-19 00:00:00+00:00,604.8,614.8,596.0,607.83,109354.363,656.071,810.7766666666666,29.533552266178873,-58.659429285273404,-62.41466963049412,3.755240345220713
2026-02-20 00:00:00+00:00,607.82,629.74,601.23,625.91,159590.806,648.2974999999999,806.8974999999999,34.997385385919316,-54.92369980505691,-60.91647566540668,5.9927758603497665
2026-02-21 00:00:00+00:00,625.9,634.8,624.0,625.61,81656.565,641.6510000000001,803.2526666666668,34.94896181211104,-51.39486673873273,-59.01215388007189,7.617287141339162
2026-02-22 00:00:00+00:00,625.61,626.87,610.02,614.8,68568.879,633.694,799.3896666666666,33.16809714300642,-48.90675118262436,-56.99107334058239,8.084322157958027
2026-02-23 00:00:00+00:00,614.8,616.0,583.13,596.41,245062.961,625.7755,795.5025,30.33607439113466,-47.86703955111352,-55.16626658268862,7.2992270315751
2026-02-24 00:00:00+00:00,596.4,602.9,577.06,583.6,168285.85,620.092,791.3171666666666,28.509972273218864,-47.528837679689104,-53.63878080208872,6.1099431223996135
2026-02-25 00:00:00+00:00,583.61,640.55,581.51,629.42,221645.31,621.1479999999999,787.7235,41.966552092667,-43.06706883250831,-51.52443840817264,8.45736957566433
2026-02-26 00:00:00+00:00,629.42,633.83,614.2,625.74,126675.344,619.5745,783.8305,41.29426254654535,-39.37414943562874,-49.094380613663866,9.720231178035128
2026-02-27 00:00:00+00:00,625.74,633.65,605.25,614.03,128167.72,617.926,779.8566666666667,39.1453112220656,-36.9662593162999,-46.668756354191075,9.702497037891177
2026-02-28 00:00:00+00:00,614.03,621.49,588.64,617.14,172105.1,616.7864999999999,775.7814999999999,40.03779966735916,-34.41037663800762,-44.21708041095439,9.806703772946769
2026-03-01 00:00:00+00:00,617.14,632.16,610.89,617.96,169960.927,615.865,771.6758333333333,40.28646741890595,-31.950350304439553,-41.76373438965142,9.813384085211865
2026-03-02 00:00:00+00:00,617.96,652.87,612.96,637.79,202581.15,616.762,767.8991666666666,46.107061528277335,-28.0769923473199,-39.02638598118512,10.94939363386522
2026-03-03 00:00:00+00:00,637.79,643.29,621.0,633.56,150191.056,618.0345,763.771,45.09723493752297,-25.05978035986368,-36.233064856920834,11.173284497057153
2026-03-04 00:00:00+00:00,633.57,666.16,626.2,657.99,199919.683,620.2194999999999,760.0936666666665,51.67954259189219,-20.461454382684337,-33.07874276207353,12.617288379389194
2026-03-05 00:00:00+00:00,658.0,665.42,646.14,647.85,128037.624,621.665,755.9673333333334,49.05090820873708,-17.43448725660153,-29.949891660979134,12.515404404377605
2026-03-06 00:00:00+00:00,647.85,651.62,624.77,627.31,115031.736,621.392,751.2506666666667,44.15190080168477,-16.502766718997123,-27.260466672582734,10.757699953585611
2026-03-07 00:00:00+00:00,627.31,630.19,617.8,620.26,63118.814,621.6469999999999,746.2943333333334,42.57994789946341,-16.147113685614727,-25.037796075189135,8.890682389574408
2026-03-08 00:00:00+00:00,620.27,624.27,607.86,611.98,81939.554,620.8865,741.4889999999999,40.74513498354716,-16.34496827557882,-23.299230515267073,6.954262239688251
2026-03-09 00:00:00+00:00,611.99,643.0,611.01,634.64,121341.376,621.7315,737.1953333333332,47.422441741120785,-14.506079783094037,-21.540600368832465,7.034520585738427
2026-03-10 00:00:00+00:00,634.64,652.36,634.38,642.0,100783.446,623.5915,732.9476666666667,49.41628329927811,-12.312921223077751,-19.695064539681525,7.3821433166037735
2026-03-11 00:00:00+00:00,642.01,656.29,635.02,651.46,120145.814,625.7729999999999,728.6731666666667,51.939069301765734,-9.699672536762137,-17.69598613909765,7.996313602335512
2026-03-12 00:00:00+00:00,651.47,657.7,641.63,651.72,101534.056,627.0635,724.4631666666666,52.00991086364006,-7.520977155326591,-15.660984342343438,8.140007187016847
2026-03-13 00:00:00+00:00,651.72,679.0,650.34,655.73,231981.0,628.5695,720.2956666666666,53.15674013562711,-5.408426903144118,-13.610472854503573,8.202045951359455
2026-03-14 00:00:00+00:00,655.72,658.27,650.11,657.7,55240.265,630.7145,715.5285,53.741590076238154,-3.5345094474096186,-11.595280173084783,8.060770725675164
2026-03-15 00:00:00+00:00,657.7,679.0,654.46,673.77,92999.094,634.5825000000001,710.9501666666667,58.31377931410999,-0.7441238687298437,-9.425048912213795,8.68092504348395
2026-03-16 00:00:00+00:00,673.77,687.82,670.13,679.71,226915.256,639.388,706.7586666666667,59.891832262003355,1.924401856660097,-7.155158758439017,9.079560615099114
2026-03-17 00:00:00+00:00,679.7,686.53,663.4,668.61,147117.033,641.3475000000001,702.2661666666667,55.65215996386894,3.107726549126255,-5.102581696925963,8.210308246052218
2026-03-18 00:00:00+00:00,668.62,676.47,644.43,652.27,144505.186,642.674,697.352,50.03691191606541,2.695941319017038,-3.5428770937373626,6.238818412754401
2026-03-19 00:00:00+00:00,652.28,656.4,633.32,639.15,117679.658,643.9300000000001,692.4626666666667,46.02163560695867,1.2959848986292855,-2.575104695264033,3.8710895938933185
2026-03-20 00:00:00+00:00,639.16,647.65,636.38,642.11,96688.002,645.1785,687.7711666666667,47.053924539519954,0.4205092427855561,-1.9759819076541154,2.3964911504396715
2026-03-21 00:00:00+00:00,642.11,646.38,627.76,630.7,54236.699,645.8154999999999,683.5461666666666,43.593112260351155,-1.180396290912995,-1.8168647843058914,0.6364684933928964
2026-03-22 00:00:00+00:00,630.7,637.7,622.16,626.41,102353.579,645.2465,679.2636666666666,42.332412862048,-2.763437420837249,-2.006179311612163,-0.7572581092250861
2026-03-23 00:00:00+00:00,626.41,650.85,620.33,639.11,257556.874,645.5240000000001,675.1145,47.2004614963084,-2.959114232933757,-2.1967662958764818,-0.7623479370572754
2026-03-24 00:00:00+00:00,639.12,640.17,626.99,638.3,101174.299,644.5395000000001,670.8923333333332,46.92836401385376,-3.1433155616937256,-2.3860761490399307,-0.7572394126537949
2026-03-25 00:00:00+00:00,638.31,652.8,637.5,647.66,117518.94,644.53,666.9005,50.480808784315364,-2.5051449154324246,-2.4098899023184295,-0.09525501311399509
2026-03-26 00:00:00+00:00,647.67,648.47,623.01,628.86,94718.073,644.6075,662.9478333333334,44.09622031863939,-3.4763201080716044,-2.6231759434690645,-0.85314416460254
2026-03-27 00:00:00+00:00,628.86,631.87,605.86,613.95,131734.63,644.292,658.5234999999999,39.79725269105734,-5.386997878850821,-3.1759403305454157,-2.211057548305405
2026-03-28 00:00:00+00:00,613.95,619.0,609.9,611.08,70087.882,644.247,653.7355,39.00890908292706,-7.051523222010019,-3.9510569088383365,-3.1004663131716823
2026-03-29 00:00:00+00:00,611.08,615.3,596.42,606.09,83411.719,642.8195,648.7885,37.61378502319872,-8.673341958422498,-4.895513918755169,-3.7778280396673285
2026-03-30 00:00:00+00:00,606.09,621.4,605.09,609.29,122880.083,641.184,644.4651666666666,39.11753409968133,-9.58988550451852,-5.83438823590784,-3.7554972686106805
2026-03-31 00:00:00+00:00,609.29,619.77,598.82,617.43,139130.615,639.4825000000001,640.4421666666666,42.888636903864565,-9.549344003545116,-6.577379389435295,-2.9719646141098206
2026-04-01 00:00:00+00:00,617.42,621.9,609.58,610.81,126557.565,637.437,637.5993333333333,40.681682736131556,-9.936847454309031,-7.249273002410043,-2.687574451898988
2026-04-02 00:00:00+00:00,610.81,613.6,570.31,583.52,297618.319,633.8265,634.6823333333334,33.116410545840736,-12.304186654146179,-8.26025573275727,-4.043930921388908
2026-04-03 00:00:00+00:00,583.52,590.31,581.93,588.31,76506.375,630.357,631.5885,35.38762435447008,-13.636612675054039,-9.335527121216625,-4.301085553837414
2026-04-04 00:00:00+00:00,588.32,596.58,587.1,593.36,59665.434,626.3365,628.8981666666666,37.78626543596814,-14.12228419941141,-10.292878536855582,-3.8294056625558284
2026-04-05 00:00:00+00:00,593.36,604.06,587.13,601.5,78031.95,622.426,627.3019999999999,41.55271055323013,-13.692513636450144,-10.972805556774496,-2.719708079675648
2026-04-06 00:00:00+00:00,601.5,610.29,596.25,600.11,104959.549,619.001,627.1655,41.09518913074055,-13.31064195736144,-11.440372836891886,-1.8702691204695547
2026-04-07 00:00:00+00:00,600.1,624.85,592.2,620.1,163526.892,617.3925,626.547,49.676701823334916,-11.265122642322012,-11.405322797977911,0.14020015565589894
2026-04-08 00:00:00+00:00,620.11,621.46,599.45,601.16,162114.686,615.4929999999999,625.783,43.24790086209204,-11.045013519230565,-11.333260942228444,0.28824742299787864
2026-04-09 00:00:00+00:00,601.15,612.1,596.94,603.03,107305.176,613.539,625.168,44.01821922437583,-10.597520462458192,-11.186112846274394,0.5885923838162022
2026-04-10 00:00:00+00:00,603.03,610.34,597.4,605.54,104265.932,612.281,624.6538333333334,45.09546144085943,-9.925923105015954,-10.934074898022706,1.0081517930067516
2026-04-11 00:00:00+00:00,605.54,614.12,603.4,607.05,94267.47,611.313,624.4405,45.77151643424094,-9.166171065937192,-10.580494131605603,1.4143230656684107
2026-04-12 00:00:00+00:00,607.06,607.44,589.1,592.19,103774.251,608.967,624.1751666666665,40.487961407892065,-9.651879057360475,-10.394771116756576,0.7428920593961017
2026-04-13 00:00:00+00:00,592.19,617.97,591.6,614.71,138504.5,607.7875,624.1821666666667,49.92226543782972,-8.125959346283366,-9.941008762661934,1.8150494163785673
2026-04-14 00:00:00+00:00,614.71,625.38,610.86,613.75,173382.031,606.092,624.0956666666666,49.56157249276928,-6.914415876393491,-9.335690185408245,2.4212743090147537
2026-04-15 00:00:00+00:00,613.75,627.64,610.45,622.59,114943.22,605.7785,623.9259999999999,52.93380976310591,-5.1812189597972065,-8.504795940286037,3.3235769804888307
2026-04-16 00:00:00+00:00,622.58,637.4,614.89,635.77,131546.701,606.8695,624.2695,57.49657706679897,-2.712859905942196,-7.346408733417269,4.633548827475074
2026-04-17 00:00:00+00:00,635.77,645.67,626.66,643.12,153486.838,608.4715,624.535,59.83500303700504,-0.16171979359478428,-5.909470945452773,5.7477511518579885
2026-04-18 00:00:00+00:00,643.12,648.79,628.03,629.9,119665.359,609.662,624.7376666666667,54.07257433652681,0.7842927707069975,-4.570718202220819,5.355010972927817
2026-04-19 00:00:00+00:00,629.9,630.43,615.0,616.06,100590.742,610.0005,624.9253333333332,48.776542599670975,0.4124873123029147,-3.5740770993160726,3.9865644116189873
2026-04-20 00:00:00+00:00,616.07,632.08,615.97,629.26,92147.711,610.592,625.2825,53.45858791681159,1.1694774823589569,-2.6253661829810673,3.794843665340024
2026-04-21 00:00:00+00:00,629.26,640.7,625.0,631.72,105373.239,611.6375,625.3793333333334,54.29699955182722,1.9454728864499202,-1.71119836909487,3.65667125554479
2026-04-22 00:00:00+00:00,631.73,654.19,631.19,637.47,134986.339,614.3349999999999,625.5769999999999,56.27953051406022,2.989965321148702,-0.7709656310461557,3.7609309521948577
2026-04-23 00:00:00+00:00,637.47,640.38,631.0,638.54,98409.256,616.8465,625.9726666666667,56.656322483941835,3.859582296241456,0.15514395441136664,3.7044383418300892
2026-04-24 00:00:00+00:00,638.55,640.49,632.04,636.21,70625.818,618.9889999999999,626.636,55.53396215317194,4.311053347425286,0.9863258330141507,3.3247275144111352
2026-04-25 00:00:00+00:00,636.21,638.5,627.15,628.53,58918.337,620.3405,627.3848333333334,51.88542095955324,4.002991597242499,1.5896589858598205,2.4133326113826783
2026-04-26 00:00:00+00:00,628.52,638.06,627.0,635.76,54446.34,622.123,627.4905,54.89007490711906,4.292766675050984,2.1302805236980533,2.162486151352931
2026-04-27 00:00:00+00:00,635.77,639.81,618.38,626.83,103945.488,622.4595,627.5086666666666,50.68033654256042,3.75851334085462,2.455927087129367,1.302586253725253
2026-04-28 00:00:00+00:00,626.83,627.58,619.0,624.55,62347.742,623.629,627.684,49.633676135968265,3.1152263885259117,2.587786947408676,0.5274394411172358
2026-04-29 00:00:00+00:00,624.56,629.61,610.26,617.39,101813.172,624.347,627.6881666666667,46.39337668204963,2.0045573929575085,2.4711410365184427,-0.4665836435609343
2026-04-30 00:00:00+00:00,617.39,620.53,613.47,615.38,78612.445,624.839,627.6451666666667,45.49544287992674,0.9511892922363359,2.1671506876620215,-1.2159613954256856
2026-05-01 00:00:00+00:00,615.38,622.84,613.79,615.34,88053.74,625.2535,627.2710000000001,45.47657927272692,0.11187024703031057,1.7560945995356794,-1.6442243525053688
2026-05-02 00:00:00+00:00,615.34,621.81,614.15,618.03,51973.994,626.5455000000001,627.0121666666668,47.06610538881143,-0.3324038795216211,1.3383949037242193,-1.6707987832458404
2026-05-03 00:00:00+00:00,618.03,622.27,615.09,617.27,72850.13,626.6735,626.3335000000001,46.652292929728794,-0.7373206011276352,0.9232518027538484,-1.6605724038814835
2026-05-04 00:00:00+00:00,617.28,639.0,615.61,622.63,206649.001,627.1175000000001,625.9131666666667,49.991728176266925,-0.6185821852790241,0.614885005147274,-1.233467190426298
2026-05-05 00:00:00+00:00,622.64,635.0,622.58,630.42,147021.795,627.509,625.965,54.45408272285458,0.10292035916393161,0.5124920759506055,-0.4095717167866739
2026-05-06 00:00:00+00:00,630.41,664.26,628.97,647.74,241695.256,628.1075,626.423,62.472170204210215,2.048679670517572,0.8197295948639989,1.2289500756535732
2026-05-07 00:00:00+00:00,647.74,653.49,633.68,637.02,144173.809,627.8025,626.8403333333334,55.91142083794125,2.694631499407137,1.1947099757726267,1.4999215236345105
2026-05-08 00:00:00+00:00,637.02,651.53,634.76,649.36,107752.676,628.7755,627.0856666666666,60.99005831250853,4.154398527746025,1.7866476861673064,2.3677508415787187
2026-05-09 00:00:00+00:00,649.37,656.0,646.23,649.75,98352.892,630.4599999999999,627.2148333333333,61.14240435088521,5.281858182111364,2.4856897853561177,2.796168396755246
2026-05-10 00:00:00+00:00,649.76,666.66,644.84,663.55,119277.217,632.1745,627.4163333333332,66.17601681779254,7.205858102971888,3.4297234488792716,3.7761346540926164
2026-05-11 00:00:00+00:00,663.56,673.0,649.46,670.6,183665.245,634.1184999999999,627.731,68.42623649218275,9.193540569709171,4.5824868730452515,4.6110536966639195
2026-05-12 00:00:00+00:00,670.6,671.47,650.49,664.95,161617.089,635.4925000000001,627.8846666666667,64.71071012369839,10.19535970382276,5.705061439200753,4.490298264622007
2026-05-13 00:00:00+00:00,664.95,685.68,663.77,671.68,226062.768,637.1495,628.1176666666668,67.00870154029349,11.400940396318333,6.844237230624269,4.556703165694064
2026-05-14 00:00:00+00:00,671.68,687.66,665.42,678.27,159800.03,639.2525,628.1926666666666,69.12860814122251,12.741256432930868,8.023641071085589,4.717615361845279
2026-05-15 00:00:00+00:00,678.28,689.98,669.16,672.38,166504.371,641.4449999999999,628.0704999999999,65.10211485773618,13.176304536454154,9.054173764159302,4.122130772294852
2026-05-16 00:00:00+00:00,672.37,674.92,650.7,656.2,129778.336,642.467,627.8636666666666,55.53306690618987,12.07628462284481,9.658595935896404,2.4176886869484058
2026-05-17 00:00:00+00:00,656.2,657.6,640.01,649.48,95811.952,643.5995,627.8171666666666,52.10737524518182,10.540755805938943,9.835027909904912,0.7057278960340305
2026-05-18 00:00:00+00:00,649.48,649.7,634.3,643.53,126181.22,644.5485000000001,627.8901666666667,49.212660131050015,8.742939715133048,9.61661027095054,-0.8736705558174922
2026-05-19 00:00:00+00:00,643.53,647.19,636.1,640.02,80953.937,645.68,627.8553333333333,47.53503365634449,6.954759704215235,9.08424015760348,-2.129480453388245
2026-05-20 00:00:00+00:00,640.03,651.77,637.52,649.5,82942.653,647.386,628.1686666666667,52.26780716032534,6.230746764559285,8.513541478994641,-2.282794714435356
2026-05-21 00:00:00+00:00,649.5,659.82,646.33,658.58,103055.678,649.548,628.7048333333333,56.33112265254645,6.316824982611706,8.074198179718055,-1.7573731971063484
2026-05-22 00:00:00+00:00,658.58,664.2,648.31,650.44,123907.62,651.1685,628.8936666666666,52.05313717234869,5.662933843107339,7.591945312395912,-1.9290114692885725
2026-05-23 00:00:00+00:00,650.45,663.93,635.29,656.26,113009.638,653.118,629.193,54.701963821211706,5.550364615938861,7.183629173104502,-1.6332645571656412
2026-05-24 00:00:00+00:00,656.26,662.6,649.68,656.57,73668.177,654.8149999999999,629.3415,54.84505801816835,5.423646678801788,6.831632674243959,-1.4079859954421714
2026-05-25 00:00:00+00:00,656.58,673.07,655.76,663.15,114244.753,656.4514999999999,629.913,57.886064580957544,5.787458589263565,6.62279785724788,-0.835339267984315
2026-05-26 00:00:00+00:00,663.15,668.01,653.45,656.43,122333.282,656.886,630.621,53.89414556104885,5.470474090744915,6.392333103947288,-0.921859013202373
2026-05-27 00:00:00+00:00,656.43,659.9,646.57,648.84,101737.594,657.477,631.2503333333333,49.72329363025445,4.554312741868557,6.0247290315315425,-1.4704162896629853
2026-05-28 00:00:00+00:00,648.83,649.38,628.22,638.24,145257.685,656.921,631.7861666666668,44.53918364785328,2.939037465775982,5.407590718380431,-2.4685532526044485
2026-05-29 00:00:00+00:00,638.23,645.0,630.86,643.1,115255.263,656.5885000000001,632.3496666666667,47.254466608595244,2.0277074065493252,4.73161405601421,-2.7039066494648845
2026-05-30 00:00:00+00:00,643.11,729.0,642.66,718.74,566380.966,659.348,634.0381666666667,71.02840630077104,7.324554711638939,5.2502021871391555,2.0743525244997834
2026-05-31 00:00:00+00:00,718.74,745.74,703.0,710.55,380165.732,661.3455000000001,635.7005,67.48175181697164,10.737702261647769,6.347702202040878,4.390000059606891
2026-06-01 00:00:00+00:00,710.54,729.57,674.07,693.1,533342.526,662.7529999999999,637.5268333333333,60.54492618330955,11.897430943145878,7.4576479502618795,4.439782992883998
2026-06-02 00:00:00+00:00,693.1,695.51,642.47,650.69,310137.34,661.7035,638.5665000000001,47.7088822211749,9.287333118756806,7.823584983960865,1.4637481347959405
2026-06-03 00:00:00+00:00,650.7,657.51,616.21,620.63,300913.443,658.8215,639.0210000000001,41.063568129983324,4.738597408836313,7.206587468935955,-2.467990060099642
2026-06-04 00:00:00+00:00,620.63,624.57,588.1,604.53,401431.765,655.429,639.0715,38.009817049850916,-0.16355845972054794,5.732558283204654,-5.896116742925202
2026-06-05 00:00:00+00:00,604.5,608.0,556.46,572.22,534838.035,651.23,638.6066666666667,32.746728945056745,-6.579850852923528,3.2700764559790185,-9.849927308902547
2026-06-06 00:00:00+00:00,572.17,584.43,559.68,574.53,226190.523,647.4825,637.8471666666667,33.45616360348508,-11.347603003120525,0.3465405641591097,-11.694143567279635
2026-06-07 00:00:00+00:00,574.54,610.54,573.6,604.44,192844.362,645.528,637.9018333333333,41.989086306013,-12.567721035290447,-2.2363117557308017,-10.331409279559645
2026-06-08 00:00:00+00:00,604.44,610.44,591.55,601.86,121475.506,643.6200000000001,637.8823333333333,41.49480781741604,-13.586244040149722,-4.5062982126145865,-9.079945827535136
2026-06-09 00:00:00+00:00,601.86,605.68,583.84,593.44,134636.725,640.817,637.6806666666666,39.8462659405008,-14.901084069140325,-6.585255383919734,-8.315828685220591
2026-06-10 00:00:00+00:00,593.44,598.52,580.68,586.53,114846.002,637.2145,637.3386666666667,38.49463816660669,-16.312641538359344,-8.530732614807658,-7.781908923551686
2026-06-11 00:00:00+00:00,586.51,607.33,586.51,605.76,115805.929,634.9805,637.5648333333334,44.17034959878074,-15.698646489589464,-9.96431538976402,-5.734331099825445
2026-06-12 00:00:00+00:00,605.77,613.39,596.58,603.83,105336.327,632.359,637.3835,43.73414456475673,-15.192654397367164,-11.009983191284649,-4.1826712060825155
2026-06-13 00:00:00+00:00,603.84,612.33,599.33,609.65,73491.153,630.013,637.3151666666668,45.48256397129425,-14.158812679559105,-11.63974908893954,-2.519063590619565
2026-06-14 00:00:00+00:00,609.66,617.24,602.79,616.79,122027.611,627.695,637.2185000000001,47.632485289615545,-12.617896089486521,-11.835378489048939,-0.7825176004375827
2026-06-15 00:00:00+00:00,616.79,632.9,612.66,617.87,170537.642,625.767,636.9201666666667,47.96674066585135,-11.18067772302527,-11.704438335844205,0.5237606128189363
2026-06-16 00:00:00+00:00,617.87,619.5,601.33,604.94,192189.417,623.572,636.2838333333333,44.31945094925001,-10.958689798042542,-11.555288628283872,0.5965988302413301
2026-06-17 00:00:00+00:00,604.94,608.4,603.1,604.21,14321.117,621.8705,635.8556666666666,44.115497874756436,-10.718115899004374,-11.387854082427973,0.6697381834235987
