date,open,high,low,close,volume,MA20,MA60,MA200,RSI,MACD,SIGNAL,HIST,BB_UPPER,BB_LOWER,VOL_MA20
2021-07-03 00:00:00+00:00,18.277,18.894,17.864,18.543,3457947.186,,,,,0.0,0.0,0.0,,,
2021-07-04 00:00:00+00:00,18.543,19.925,18.002,19.242,4719545.203,,,,100.0,0.05576068376068122,0.011152136752136244,0.044608547008544976,,,
2021-07-05 00:00:00+00:00,19.238,19.242,17.767,18.362,5293286.65,,,,91.17086385070733,0.028612949570209878,0.014644299315750972,0.013968650254458906,,,
2021-07-06 00:00:00+00:00,18.364,20.271,18.317,20.073,8365971.342,,,,92.54844487868425,0.1435073122463919,0.04041690190187916,0.10309041034451275,,,
2021-07-07 00:00:00+00:00,20.073,21.274,19.62,19.788,7382310.549,,,,90.02868374043774,0.2091538093602523,0.0741642833935538,0.1349895259666985,,,
2021-07-08 00:00:00+00:00,19.786,19.873,18.138,18.353,7810651.198,,,,78.44731112468352,0.14372979645105133,0.0880773860050533,0.05565241044599803,,,
2021-07-09 00:00:00+00:00,18.365,18.877,17.617,18.656,5274715.584,,,,79.05985092693655,0.1150046604515218,0.093462840894347,0.021541819557174796,,,
2021-07-10 00:00:00+00:00,18.656,18.988,17.734,18.204,4080693.184,,,,75.60777908611753,0.055131637540764444,0.0857966002236305,-0.03066496268286606,,,
2021-07-11 00:00:00+00:00,18.209,18.581,17.861,18.383,2750998.477,,,,76.05370372081188,0.02187349551619988,0.07301197928214438,-0.0511384837659445,,,
2021-07-12 00:00:00+00:00,18.382,18.609,17.0,17.518,3787713.432,,,,69.44663133952923,-0.07343557297046388,0.04372246883162273,-0.11715804180208661,,,
2021-07-13 00:00:00+00:00,17.514,17.766,16.663,16.87,3654707.118,,,,64.89816783813752,-0.19896335514126662,-0.00481469596295514,-0.19414865917831148,,,
2021-07-14 00:00:00+00:00,16.873,17.419,16.014,16.936,5451319.438,,,,65.14854119056511,-0.2897789866979785,-0.06180755410995982,-0.22797143258801872,,,
2021-07-15 00:00:00+00:00,16.936,17.238,15.517,15.764,6244804.485,,,,57.32868670505469,-0.4511213876418658,-0.13967032081634104,-0.3114510668255248,,,
2021-07-16 00:00:00+00:00,15.764,16.33,15.125,15.234,5213696.453,,,,54.162575085468156,-0.6146674694338863,-0.23466975053985012,-0.37999771889403616,,,
2021-07-17 00:00:00+00:00,15.234,15.678,15.02,15.352,5177561.722,,,,54.76161007376841,-0.7263840011007581,-0.33301260065203175,-0.3933714004487263,,,
2021-07-18 00:00:00+00:00,15.352,16.078,15.155,15.47,3946695.121,,,,55.389457567707865,-0.7962202125081248,-0.42565412302325034,-0.37056608948487446,,,
2021-07-19 00:00:00+00:00,15.475,15.641,14.404,14.528,5829694.304,,,,49.48507077520242,-0.9170067574853178,-0.5239246499156639,-0.3930821075696539,,,
2021-07-20 00:00:00+00:00,14.529,14.783,13.384,13.742,7700512.325,,,,45.159411676949425,-1.063890725686985,-0.6319178650699282,-0.43197286061705675,,,
2021-07-21 00:00:00+00:00,13.744,15.797,13.46,15.297,8493449.369,,,,53.76935976384223,-1.0428010628741973,-0.7140945046307821,-0.3287065582434152,,,
2021-07-22 00:00:00+00:00,15.3,16.176,14.961,16.071,5864766.171,17.119300000000003,,,57.35801007637214,-0.9526504602388286,-0.7618056957523914,-0.19084476448643717,20.714032373904907,13.524567626095099,5525051.96555
2021-07-23 00:00:00+00:00,16.073,16.572,15.23,16.502,5208073.46,17.017249999999997,,,59.2547142274054,-0.8367814643252061,-0.7768008494669545,-0.05998061485825157,20.56002737799032,13.474472622009673,5612558.27925
2021-07-24 00:00:00+00:00,16.507,17.132,16.307,16.683,5410931.847,16.8893,,,60.05819557695758,-0.7220261944290627,-0.7658459184593762,0.043819724030313534,20.2831516231562,13.495448376843795,5647127.61145
2021-07-25 00:00:00+00:00,16.687,17.062,16.156,16.746,4708980.418,16.808500000000002,,,60.3512676235177,-0.6188643596736334,-0.7364496067022277,0.1175852470285943,20.13452648816873,13.482473511831273,5617912.29985
2021-07-26 00:00:00+00:00,16.745,19.958,16.662,18.028,14210837.673,16.70625,,,65.84353631986659,-0.42871916880059047,-0.6749035191219003,0.2461843503213098,19.737202977200408,13.675297022799594,5910155.616400001
2021-07-27 00:00:00+00:00,18.03,19.58,17.602,19.489,8327513.617,16.691300000000002,,,70.8066407639205,-0.15831231932683565,-0.5715852791628874,0.4132729598360517,19.66368706093268,13.718912939067323,5957415.7698
2021-07-28 00:00:00+00:00,19.483,19.987,18.611,19.109,7596790.315,16.7291,,,68.03748840417352,0.025035637603622263,-0.45226109580958546,0.4772967334132077,19.802562991480457,13.655637008519541,5946722.725649999
2021-07-29 00:00:00+00:00,19.106,19.472,18.608,19.37,4161840.776,16.7648,,,68.93609681384176,0.18921952821747468,-0.32396497100417343,0.5131844992216481,19.941804664774672,13.587795335225332,5891078.98525
2021-07-30 00:00:00+00:00,19.372,22.666,18.823,22.269,12896563.782,16.968049999999998,,,76.75372946476732,0.5469565419096085,-0.14978066842141705,0.6967372103310255,20.91432680098596,13.021773199014035,6331872.51515
2021-07-31 00:00:00+00:00,22.269,23.375,21.266,22.713,7637055.914,17.18455,,,77.6801945928097,0.8564205094244173,0.051459567147749824,0.8049609422766675,21.830632757549633,12.53846724245037,6576175.387
2021-08-01 00:00:00+00:00,22.722,23.94,21.789,22.062,8728644.337,17.41175,,,73.08118742474466,1.0371866320138068,0.24860498012096122,0.7885816518928456,22.522060318366194,12.301439681633807,6823221.932249999
2021-08-02 00:00:00+00:00,22.065,23.975,21.401,23.472,7225124.74,17.74185,,,76.34747288809555,1.2794713533358184,0.4547782547639327,0.8246930985718857,23.483455603835914,12.000244396164085,7001742.813350001
2021-08-03 00:00:00+00:00,23.474,24.431,22.039,23.942,9465472.392,18.09215,,,77.33471321384901,1.4922075725671817,0.6622641183245825,0.8299434542425992,24.419368007149743,11.764931992850256,7202450.461050001
2021-08-04 00:00:00+00:00,23.942,25.0,22.869,24.193,8225660.808,18.5136,,,77.8660439361166,1.6618988261237604,0.8621910598844181,0.7997077662393423,25.272536673767554,11.754663326232448,7301493.2772
2021-08-05 00:00:00+00:00,24.188,24.335,22.468,24.057,7144781.467,18.95475,,,76.81528945406393,1.7650597931424592,1.0427648065360264,0.7222949866064328,25.94756582411549,11.961934175884512,7398047.5279
2021-08-06 00:00:00+00:00,24.051,24.391,22.996,23.89,7433704.425,19.38165,,,75.4685566741955,1.812447333762318,1.1967013119812848,0.6157460217810331,26.484176009104083,12.279123990895917,7510854.663049999
2021-08-07 00:00:00+00:00,23.889,25.157,23.626,24.694,6218217.158,19.842850000000002,,,77.51263092956107,1.893056405942982,1.3359723307736244,0.5570840751693575,27.06635782584196,12.619342174158046,7624430.764900001
2021-08-08 00:00:00+00:00,24.688,24.946,22.565,23.029,5179399.165,20.2679,,,65.36570485186334,1.8018178567290555,1.4291414359647108,0.3726764207643447,27.184342695490216,13.351457304509784,7591916.00795
2021-08-09 00:00:00+00:00,23.026,24.691,22.072,24.197,5994876.946,20.79065,,,69.03194665723603,1.8029749152454464,1.503908131820858,0.29906678342458837,27.21826234907644,14.363037650923559,7506634.239
2021-08-10 00:00:00+00:00,24.198,25.518,23.736,24.537,6592102.333,21.25265,,,70.02659949511155,1.8104572270147514,1.5652179508596367,0.24523927615511476,27.354405002456254,15.150894997543745,7411566.8872
2021-08-11 00:00:00+00:00,24.536,27.313,24.459,25.906,7843592.877,21.7444,,,73.6907647960108,1.9048954231073445,1.6331534453091783,0.2717419777981662,27.679463248188675,15.809336751811323,7510508.222499999
2021-08-12 00:00:00+00:00,25.902,26.902,24.085,24.944,6385288.818,22.166500000000003,,,67.45079587508917,1.8804365120903448,1.6826100586654116,0.1978264534249332,27.73994046348393,16.593059536516076,7569368.9904
2021-08-13 00:00:00+00:00,24.941,27.771,24.715,27.748,4895829.581,22.719749999999998,,,74.28569083406494,2.063524983377988,1.7587930436079269,0.3047319397700612,28.202064324261233,17.237435675738762,7543613.877100001
2021-08-14 00:00:00+00:00,27.748,27.955,26.371,27.144,5869978.184,23.23965,,,70.83517477380792,2.1352720764565944,1.8340888501776604,0.301183226278934,28.3143170935146,18.164982906485402,7601663.7654
2021-08-15 00:00:00+00:00,27.139,27.983,25.901,27.901,4492523.836,23.7333,,,72.55575079151592,2.2275380658890427,1.912778693319937,0.3147593725691056,28.600626005107927,18.865973994892073,7115748.073549999
2021-08-16 00:00:00+00:00,27.901,30.51,27.638,27.944,9364186.799,24.15605,,,72.6544374872255,2.277871384494077,1.9857972315547652,0.2920741529393116,28.943447475664613,19.36865252433539,7167581.73265
2021-08-17 00:00:00+00:00,27.95,30.299,25.881,26.146,9870163.634,24.5079,,,62.5293841411061,2.14791747303655,2.0182212798511223,0.1296961931854277,28.76482592841359,20.25097407158641,7281250.3986
2021-08-18 00:00:00+00:00,26.145,26.922,24.847,25.341,8437887.642,24.80645,,,58.59236879255537,1.957407514224684,2.006058526725835,-0.04865101250115078,28.35949064007153,21.253409359928472,7495052.7419
2021-08-19 00:00:00+00:00,25.341,27.132,24.479,27.096,7978787.57,25.047800000000002,,,63.92514623977876,1.9258409366458764,1.9900150087098432,-0.06417407206396675,28.533739735566282,21.561860264433722,7249163.931299999
2021-08-20 00:00:00+00:00,27.101,29.048,26.647,28.678,6765096.705,25.346049999999998,,,67.93409590967215,2.005361812484182,1.9930843694647111,0.012277443019470757,28.9986348094192,21.693465190580795,7205565.97085
2021-08-21 00:00:00+00:00,28.681,29.156,27.648,27.844,5165729.464,25.63515,,,63.90240278639785,1.9782814523861632,1.9901237860490018,-0.0118423336628386,29.113370020355227,22.156929979644772,7027420.2272000015
2021-08-22 00:00:00+00:00,27.85,28.663,26.785,27.982,4266944.356,25.86065,,,64.28015494381,1.945528675074197,1.9812047638540409,-0.03567608877984396,29.333445834770583,22.387854165229417,6879511.208
2021-08-23 00:00:00+00:00,27.981,29.3,27.78,28.552,6106352.511,26.09115,,,65.8689181223508,1.9431664857263726,1.9735971082285073,-0.030430622502134685,29.635189970147053,22.547110029852945,6711555.213950001
2021-08-24 00:00:00+00:00,28.556,28.923,25.712,25.728,6394087.605,26.167899999999996,,,53.235392155826,1.693895066884327,1.9176566999596714,-0.22376163307534447,29.60918434744935,22.72661565255064,6619976.5538
2021-08-25 00:00:00+00:00,25.728,26.879,25.279,26.612,5810278.155,26.295650000000002,,,56.07542812343796,1.5498118177415954,1.8440877235160562,-0.29427590577446083,29.601012750138015,22.99028724986199,6553251.3882
2021-08-26 00:00:00+00:00,26.612,26.94,23.88,24.39,5809610.757,26.32065,,,48.15851149586249,1.2420108468435416,1.7236723481815535,-0.4816615013380119,29.559753720167034,23.081546279832967,6472046.7048
2021-08-27 00:00:00+00:00,24.38,26.14,24.0,26.04,5116792.068,26.38795,,,53.41781139207853,1.1183262018739093,1.6026031189200247,-0.4842769170461154,29.543933300019177,23.231966699980823,6416975.450300001
2021-08-28 00:00:00+00:00,26.05,26.2,25.36,25.73,2939678.44,26.523000000000003,,,52.34338974409892,0.9839484748820482,1.4788721901124295,-0.49492371523038137,29.301011375066693,23.744988624933313,6304989.41405
2021-08-29 00:00:00+00:00,25.74,26.57,25.14,25.76,3384982.599,26.60115,,,52.44307860573834,0.8698468543057203,1.3570671229510878,-0.4872202686453675,29.19485316536028,24.007446834639723,6174494.6967
2021-08-30 00:00:00+00:00,25.77,26.49,24.3,25.04,4514605.77,26.626299999999997,,,49.753154452286346,0.7131023156284755,1.2282741614865653,-0.5151718458580898,29.148216104869455,24.10438389513054,6070619.86855
2021-08-31 00:00:00+00:00,25.03,27.537,24.69,26.7,7673601.309,26.666000000000004,21.843233333333334,,55.42939347649207,0.7145918956889972,1.1255377083270517,-0.4109458126380545,29.166215270731694,24.165784729268314,6062120.29015
2021-09-01 00:00:00+00:00,26.7,29.81,26.09,29.72,8266693.87,26.9048,22.02951666666667,,63.506425658271866,0.9485271291188795,1.0901355924854172,-0.14160846336653776,29.605781495678922,24.20381850432108,6156190.54275
2021-09-02 00:00:00+00:00,29.72,30.88,28.75,29.95,7084187.065,27.0149,22.20798333333333,,64.04088884138636,1.1393478717876562,1.099978048345865,0.039369823441791185,30.008103026859345,24.021696973140656,6265608.41695
2021-09-03 00:00:00+00:00,29.95,31.75,29.05,30.75,6866886.796,27.1952,22.41445,,65.9109798582983,1.3396849451402595,1.147919427704744,0.1917655174355155,30.603438993967405,23.786961006032595,6315453.84755
2021-09-04 00:00:00+00:00,30.75,31.17,29.39,29.88,4242332.29,27.294150000000002,22.5779,,62.12700565360571,1.411975416340841,1.2007306254319634,0.2112447909088775,30.88844104414208,23.699858955857923,6302944.27025
2021-09-05 00:00:00+00:00,29.89,33.61,29.54,33.55,5891988.187,27.574449999999995,22.807266666666667,,69.96134496916106,1.745285894730575,1.3096416792916856,0.4356442154388893,32.08525110290843,23.063648897091557,6129334.3396499995
2021-09-06 00:00:00+00:00,33.54,36.33,32.44,34.81,10355273.267,28.00765,23.081549999999996,,72.09554646813619,2.0870501054948356,1.4651233645323156,0.62192674096252,33.45367795714455,22.561622042855454,6153589.8213
2021-09-07 00:00:00+00:00,34.8,35.34,23.79,28.26,22716428.307,28.1536,23.241616666666665,,51.57970855185514,1.8085229189939618,1.533803275424645,0.2747196435693169,33.46062803459714,22.84657196540286,6867516.854550001
2021-09-08 00:00:00+00:00,28.25,29.19,25.18,27.16,13670715.16,28.156799999999997,23.39088333333333,,49.05506126545838,1.4819443777867924,1.5234314958970745,-0.04148711811028205,33.46134995640535,22.852250043594644,7152113.23405
2021-09-09 00:00:00+00:00,27.17,30.18,26.46,28.01,10379368.4,28.123399999999997,23.551333333333332,,51.04892284602868,1.2769960121368804,1.4741443991450358,-0.1971483870081554,33.422812057955106,22.823987942044887,7332826.8188
2021-09-10 00:00:00+00:00,28.01,29.56,25.62,26.39,9834554.01,28.0507,23.6992,,47.253107257649994,0.9726405004494971,1.3738436194059283,-0.4012031189564311,33.403077905193165,22.69832209480683,7566268.0461
2021-09-11 00:00:00+00:00,26.39,27.71,26.25,26.99,4993779.99,28.001099999999997,23.867866666666668,,48.77240675442156,0.7709643531109478,1.2532677661469322,-0.48230341303598445,33.373453447047204,22.62874655295279,7602609.8278
2021-09-12 00:00:00+00:00,27.0,29.77,26.36,29.42,6990717.38,28.0445,24.07593333333333,,54.489763737492204,0.7980162108586875,1.1622174550892834,-0.36420124423059597,33.44788825182866,22.641111748171337,7646828.071249999
2021-09-13 00:00:00+00:00,29.42,29.95,25.17,26.96,13538132.86,28.106099999999998,24.262533333333334,,48.578880549383925,0.6138771682296067,1.0525493977173481,-0.4386722294877414,33.42995386350903,22.78224613649097,8004030.334000001
2021-09-14 00:00:00+00:00,26.96,30.85,26.73,30.8,10233565.39,28.315500000000004,24.521966666666668,,56.50958560127318,0.7689377226571992,0.9958270627053184,-0.22688934004811923,33.716701625564454,22.914298374435557,8225194.69575
2021-09-15 00:00:00+00:00,30.78,31.46,29.57,30.67,9772286.29,28.6295,24.777266666666666,,56.19360966230519,0.8712907186029533,0.9709197938848454,-0.09962907528189213,33.80689500134962,23.452104998650377,8423328.4724
2021-09-16 00:00:00+00:00,30.68,32.11,29.04,29.8,9659752.1,28.817500000000003,25.016099999999998,,54.01679580629654,0.8721508639324966,0.9511660078943757,-0.07901514396187903,33.87684333683731,23.758156663162694,8650476.474000001
2021-09-17 00:00:00+00:00,29.81,30.12,27.38,27.72,7110390.59,28.916999999999994,25.235966666666666,,49.117851622629765,0.6969597998581207,0.9003247662871247,-0.20336496642900392,33.80491612039323,24.02908387960676,8859012.081500001
2021-09-18 00:00:00+00:00,27.73,29.46,27.39,28.39,4567816.67,29.048499999999997,25.4801,,50.6698188073611,0.6052065753000448,0.8413011280897087,-0.23609455278966385,33.72661618068642,24.370383819313577,8918153.785050001
2021-09-19 00:00:00+00:00,28.39,28.8,26.93,27.36,3892742.39,29.164499999999997,25.68115,,48.23414682467816,0.44425796260867045,0.7618924949935011,-0.31763453238483064,33.54485831867669,24.784141681323305,8887060.61605
2021-09-20 00:00:00+00:00,27.37,27.43,23.0,23.57,12265514.894,29.008,25.80613333333333,,40.516453138311604,0.010759671040116103,0.6116659302028241,-0.600906259162708,33.92068806255802,24.095311937441977,9116656.295300001
2021-09-21 00:00:00+00:00,23.57,24.39,20.82,21.42,11263574.24,28.593,25.8881,,36.90863336513296,-0.5005083314257277,0.38923107787711375,-0.8897394093028415,34.49721578196462,22.68878421803538,9266500.3138
2021-09-22 00:00:00+00:00,21.42,24.5,21.03,24.45,7772096.46,28.318,26.017550000000004,,44.42002816432173,-0.6536612298656301,0.18065261632856502,-0.8343138461941951,34.4516664402297,22.1843335597703,9300895.78355
2021-09-23 00:00:00+00:00,24.45,25.48,23.39,25.41,6813474.989,28.051,26.16195,,46.589675554552464,-0.689622489556541,0.006597595151543817,-0.6962200847080848,34.20283517334462,21.89916482665538,9298225.1932
2021-09-24 00:00:00+00:00,25.42,25.5,21.35,23.26,10530560.3,27.72,26.24915,,42.580681989250984,-0.8814482914276951,-0.17101158216430398,-0.7104367092633911,34.14872615686809,21.291273843131904,9612636.593700001
2021-09-25 00:00:00+00:00,23.26,24.7,22.03,24.51,6978838.89,27.268,26.332833333333333,,45.51610091154467,-0.9219790673503603,-0.32120507920151525,-0.600773988148845,33.2491657726567,21.286834227343302,9666979.12885
2021-09-26 00:00:00+00:00,24.5,25.38,22.36,24.6,11996414.44,26.7575,26.42435,,45.73122017210714,-0.9360475776333566,-0.4441735788878835,-0.49187399874547305,31.735370528649774,21.779629471350226,9749036.1875
2021-09-27 00:00:00+00:00,24.59,25.47,22.96,23.01,5674010.84,26.494999999999997,26.485016666666663,,42.535957073996805,-1.0632403127253554,-0.5679869256553779,-0.49525338706997746,31.6777425172393,21.312257482760696,8896915.31415
2021-09-28 00:00:00+00:00,23.02,23.75,22.0,22.1,6277178.15,26.242,26.4822,,40.77978247650091,-1.2233686343760581,-0.699063267399514,-0.5243053669765442,31.75376414589739,20.730235854102613,8527238.46365
2021-09-29 00:00:00+00:00,22.09,23.93,22.01,22.85,5352492.64,25.983999999999998,26.484483333333333,,42.87320036518707,-1.2750547139100732,-0.8142615567016258,-0.4607931572084474,31.62219616544156,20.345803834558435,8275894.675650001
2021-09-30 00:00:00+00:00,22.85,24.4,22.72,24.0,5584599.18,25.8645,26.516783333333333,,46.02391159928642,-1.2092810757796322,-0.8932654605172272,-0.31601561526240496,31.56418586853696,20.16481413146304,8063396.93415
2021-10-01 00:00:00+00:00,24.0,26.7,23.59,26.31,7425309.08,25.8305,26.564083333333333,,51.777245074457845,-0.9596945379192583,-0.9065512759976335,-0.053143261921624774,31.51100517119736,20.14999482880264,8184973.38865
2021-10-02 00:00:00+00:00,26.32,27.81,25.82,26.89,5235579.85,25.704,26.61321666666667,,53.12816858209357,-0.7069450334654732,-0.8666300274912014,0.15968499402572822,31.16767422162046,20.240325778379542,8097216.51215
2021-10-03 00:00:00+00:00,26.88,28.16,26.5,27.57,4506819.77,25.734500000000004,26.669500000000003,,54.729423116602554,-0.44662054953768404,-0.782628131900498,0.3360075823628139,31.23258139263143,20.236418607368577,7645650.85765
2021-10-04 00:00:00+00:00,27.56,27.67,25.59,26.6,5539695.96,25.5245,26.711883333333333,,52.000427318032344,-0.3149518450411257,-0.6890928745286236,0.37414102948749783,30.531540942512844,20.517459057487155,7410957.38615
2021-10-05 00:00:00+00:00,26.62,27.49,26.19,27.23,5119998.39,25.3525,26.767549999999996,,53.61807616882118,-0.15794699855475258,-0.5828636993338494,0.4249167007790968,29.851237044993837,20.85376295500616,7178342.991149999
2021-10-06 00:00:00+00:00,27.23,28.19,25.2,26.8,6976264.13,25.2025,26.802650000000003,,52.32196131626811,-0.06743953195084273,-0.4797788658572481,0.41233933390640537,29.278237356601856,21.126762643398145,7044168.592650001
2021-10-07 00:00:00+00:00,26.8,27.71,25.9,26.83,6025827.07,25.157999999999998,26.866,,52.4083983914446,0.006632580424877688,-0.382496576600823,0.38912915702570067,29.141202731471232,21.174797268528764,6989940.41665
2021-10-08 00:00:00+00:00,26.84,27.46,26.12,26.39,4972738.23,25.058,26.90255,,50.949458631305625,0.029490986640329453,-0.3000990639525925,0.32959005059292196,28.805039364618402,21.310960635381598,7010186.494649999
2021-10-09 00:00:00+00:00,26.4,27.89,26.05,27.45,4731175.38,25.0625,26.9511,,54.25340592096125,0.1316223192975663,-0.21375478730256076,0.34537710660012705,28.820786178565953,21.304213821434047,7052108.144149999
2021-10-10 00:00:00+00:00,27.45,27.49,25.44,25.56,3914402.57,25.162,26.94533333333333,,48.03995947220662,0.05937054494870253,-0.15912972085230812,0.21850026580101065,28.861878916937673,21.462121083062325,6634552.52795
2021-10-11 00:00:00+00:00,25.55,26.76,24.63,25.22,4293243.83,25.352,26.94993333333333,,46.997211300331614,-0.025036065096117,-0.13231098970106991,0.10727492460495291,28.62993593592064,22.074064064079362,6286036.007449999
2021-10-12 00:00:00+00:00,25.22,25.27,23.53,24.65,5370932.72,25.362000000000002,26.898300000000003,,45.224919495744814,-0.1363513742184601,-0.13311906660454795,-0.003232307613912161,28.630073438587317,22.093926561412687,6165977.8204499995
2021-10-13 00:00:00+00:00,24.63,25.67,24.16,25.66,6207286.13,25.3745,26.87356666666667,,48.901961343357534,-0.14144056086167822,-0.134783365455974,-0.006657195405704225,28.6451236408367,22.1038763591633,6135668.3774999995
2021-10-14 00:00:00+00:00,25.67,27.88,25.38,26.72,7753968.37,25.547500000000003,26.853883333333332,,52.50549118903697,-0.059257552552388404,-0.11967820287525689,0.06042065032286849,28.7169029406183,22.378097059381705,5996838.7809999995
2021-10-15 00:00:00+00:00,26.71,27.38,26.01,27.01,7635027.67,25.672499999999996,26.838316666666667,,53.47223827056678,0.02894004714922005,-0.08995455287036151,0.11889460001958156,28.865479016529846,22.479520983470145,6029648.22
2021-10-16 00:00:00+00:00,27.01,28.7,26.92,27.23,6223161.96,25.804000000000002,26.85638333333333,,54.23331473916288,0.11526078711886356,-0.048911484872516495,0.16417227199138007,29.025964618055255,22.58203538194475,5740985.596
2021-10-17 00:00:00+00:00,27.22,27.63,25.58,26.54,4590060.14,25.9805,26.87636666666667,,51.3938382306555,0.12653474821053834,-0.013822238255905533,0.14035698646644387,28.94756909255581,23.01343090744419,5686788.061
2021-10-18 00:00:00+00:00,26.54,26.74,25.26,25.71,4419668.63,26.161,26.853266666666666,,48.12948582083395,0.06771480606628799,0.00248517060853317,0.06522963545775481,28.543468467787132,23.77853153221287,5593912.585
2021-10-19 00:00:00+00:00,25.71,26.29,25.36,25.91,3568771.92,26.314,26.807133333333336,,48.97057728683814,0.0368135430636265,0.009350845099551836,0.02746269796407466,28.15860727527568,24.46939272472432,5504726.549000001
2021-10-20 00:00:00+00:00,25.9,27.66,25.85,27.49,4477050.21,26.4885,26.801233333333336,,55.15686875994313,0.13822351030583135,0.03512537814080774,0.10309813216502361,28.065348439134205,24.911651560865792,5449349.1005
2021-10-21 00:00:00+00:00,27.48,29.34,27.19,28.26,9719211.48,26.586000000000002,26.805866666666667,,57.839342155356675,0.27752506856903025,0.08360531622645224,0.19391975234257802,28.338054793663716,24.83394520633629,5564044.2205
2021-10-22 00:00:00+00:00,28.27,30.04,28.02,28.67,7699280.53,26.675,26.807833333333335,,59.23756821797534,0.41620833993114914,0.15012592096739164,0.2660824189637575,28.64683670723516,24.70316329276484,5687229.2545
2021-10-23 00:00:00+00:00,28.68,31.46,28.3,31.36,8142359.19,26.8645,26.9017,,66.97599766395157,0.7347071042184936,0.2670421576176121,0.46766494660088154,29.688351802060446,24.040648197939554,5869006.2255
2021-10-24 00:00:00+00:00,31.37,31.53,28.72,29.7,5743439.15,27.0195,26.953166666666668,,59.47271973695738,0.8434487901505321,0.38232348412419614,0.46112530602633595,30.097171035052323,23.94182896494768,5879193.385
2021-10-25 00:00:00+00:00,29.71,32.9,29.53,32.38,7440428.58,27.276999999999997,27.086333333333332,,66.07969880763366,1.1328224894972827,0.5324232851988135,0.6003992042984692,31.142871699888662,23.411128300111333,5995214.8945
2021-10-26 00:00:00+00:00,32.38,33.82,31.31,32.52,6553789.22,27.563,27.194333333333336,,66.38796662145714,1.357798208478382,0.6974982698547273,0.6602999386236547,32.042964732004044,23.08303526799595,5974091.149
2021-10-27 00:00:00+00:00,32.52,33.91,27.91,28.88,12021487.77,27.665499999999998,27.24683333333333,,52.92137640328916,1.2282173819424536,0.8036420922722726,0.424575289670181,32.16744391346673,23.16355608653327,6273874.183999999
2021-10-28 00:00:00+00:00,28.89,30.85,28.61,30.19,7186569.57,27.8555,27.320666666666668,,56.352836103087625,1.2171985875688094,0.88635339133158,0.3308451962372294,32.44596174148093,23.26503825851907,6384565.751
2021-10-29 00:00:00+00:00,30.19,31.96,29.94,30.96,5402654.58,28.031,27.419333333333334,,58.27781639854715,1.2561189214633153,0.9603064973579272,0.2958124241053881,32.81052257029927,23.251477429700728,6418139.711
2021-10-30 00:00:00+00:00,30.96,31.12,29.16,29.79,3768896.65,28.2425,27.470833333333335,,54.35507079272087,1.1789639816773771,1.0040379942218172,0.17492598745555998,32.9395794117196,23.5454205882804,6410864.415
2021-10-31 00:00:00+00:00,29.78,30.68,28.65,30.0,4380461.27,28.4815,27.4755,,54.94132158098882,1.1218316045610202,1.0275967162896578,0.0942348882713624,33.02294591512441,23.940054084875594,6415225.2870000005
2021-11-01 00:00:00+00:00,30.0,31.87,29.14,31.66,4961708.55,28.832,27.504000000000005,,59.38230961775755,1.1967070173096168,1.0614187764936496,0.13528824081596724,33.215813864661705,24.448186135338297,6394764.078500001
2021-11-02 00:00:00+00:00,31.67,32.48,31.0,32.26,4634421.26,29.162,27.529166666666672,,60.88301144833943,1.2895956510321973,1.1070541514013592,0.1825414996308381,33.53465868780084,24.789341312199156,6316120.835
2021-11-03 00:00:00+00:00,32.27,32.78,30.54,31.96,4908993.56,29.424,27.56383333333333,,59.69539901759109,1.3237437754469532,1.150392076210478,0.1733516992364752,33.80790875817463,25.040091241825372,6173872.0945
2021-11-04 00:00:00+00:00,31.97,32.11,30.2,31.0,3782722.68,29.6235,27.521333333333335,,55.93530031914809,1.2588314082454453,1.1720799426174715,0.08675146562797376,33.91194155842192,25.33505844157808,5981256.845000001
2021-11-05 00:00:00+00:00,30.99,33.71,30.66,32.86,6695588.25,29.905,27.488833333333336,,61.05387488777091,1.342004551797018,1.206064864453381,0.13593968734363715,34.26653413376535,25.543465866234655,6004878.1595
2021-11-06 00:00:00+00:00,32.86,33.2,30.72,32.05,4479318.72,30.180500000000002,27.552000000000003,,57.89966196824704,1.3272598118240744,1.2303038539275197,0.09695595789655465,34.34882568305312,26.012174316946883,5999341.0885
2021-11-07 00:00:00+00:00,32.05,32.59,31.71,32.34,2854681.46,30.512,27.638333333333332,,58.72189549727735,1.3237161003145097,1.2489863032049178,0.07472979710959193,34.2363769948812,26.787623005118803,5921091.7299999995
2021-11-08 00:00:00+00:00,32.34,34.82,32.18,34.46,6265144.9,30.9395,27.745833333333334,,64.22284818615051,1.4749714135156822,1.2941833252670707,0.18078808824861148,34.40672064483937,27.472279355160634,6055910.379
2021-11-09 00:00:00+00:00,34.46,35.62,33.38,33.82,5454354.68,31.256,27.869666666666667,,61.55588783248871,1.5256133664395009,1.3404693335015567,0.18514403293794413,34.55760203537621,27.95439796462379,6104775.602500001
2021-11-10 00:00:00+00:00,33.82,38.31,31.9,34.21,13584912.625,31.553500000000003,27.99,,62.57576814679219,1.579015313984499,1.3881785295981452,0.19083678438635365,34.793341199812176,28.31365880018783,6298060.65975
2021-11-11 00:00:00+00:00,34.21,36.95,33.34,34.69,7608988.9,31.8545,28.077833333333334,,63.8470007404902,1.6411505684543997,1.438772937369396,0.20237763108500362,35.085409933749375,28.623590066250628,6293546.07825
2021-11-12 00:00:00+00:00,34.68,35.46,32.67,34.26,5997062.19,31.9995,28.1995,,61.82108829659422,1.6368274707489974,1.4783838440453163,0.15844362670368106,35.38521395720318,28.613786042796825,6186281.22825
2021-11-13 00:00:00+00:00,34.26,34.58,33.19,34.0,3374260.7,32.2145,28.252833333333335,,60.569606606521745,1.5940463831365186,1.501516351863557,0.09253003127296155,35.53429201155742,28.894707988442587,6067822.305749999
2021-11-14 00:00:00+00:00,34.0,34.43,32.53,33.75,2898724.84,32.283,28.304166666666667,,59.32599650845829,1.5224196463103645,1.5056970107529186,0.01672263555744591,35.669491399664324,28.89650860033568,5840737.11875
2021-11-15 00:00:00+00:00,33.75,34.5,31.98,32.04,4212705.79,32.259,28.3415,,51.5322016651225,1.3125420645085555,1.467066021504046,-0.1545239569954906,35.64523625873925,28.872763741260744,5723682.947249999
2021-11-16 00:00:00+00:00,32.05,32.06,28.0,29.16,10287002.12,32.273,28.3655,,41.616000498577115,0.9034067276039117,1.3543341627240193,-0.4509274351201076,35.60512304694777,28.940876953052243,5636958.66475
2021-11-17 00:00:00+00:00,29.16,29.74,28.03,29.18,5076689.07,32.2225,28.378666666666668,,41.69989975728915,0.5741593072073528,1.198299191620686,-0.6241398844133332,35.7065199482782,28.738480051721798,5531464.639749999
2021-11-18 00:00:00+00:00,29.19,29.72,25.82,26.55,7061894.53,32.002,28.365166666666667,,34.64871829197929,0.09985823074615041,0.9786109994457789,-0.8787527686996285,36.251774582257326,27.75222541774268,5614426.63725
2021-11-19 00:00:00+00:00,26.55,28.85,26.08,28.27,5005660.19,31.926,28.443500000000004,,41.60332224077371,-0.13567518506529197,0.7557537625435647,-0.8914289476088567,36.38071166294749,27.471288337052506,5676264.814250001
2021-11-20 00:00:00+00:00,28.27,28.72,27.26,28.36,4535914.25,31.844,28.559166666666666,,41.95142590536891,-0.31148426941824425,0.542306156151203,-0.8537904255694473,36.49361675840068,27.194383241599326,5684037.46325
2021-11-21 00:00:00+00:00,28.37,29.26,27.69,28.98,3837676.91,31.71,28.634666666666664,,44.40982484928351,-0.3962180617811768,0.35460131256472704,-0.7508193743459038,36.52464848145743,26.895351518542565,5627835.88125
2021-11-22 00:00:00+00:00,29.0,29.09,26.31,26.77,4773826.99,31.4355,28.65733333333333,,38.199629978696144,-0.6343859268885303,0.15680386467407556,-0.7911897915626059,36.6985465511907,26.172453448809296,5634806.167749999
2021-11-23 00:00:00+00:00,26.77,27.57,26.17,26.94,4650554.32,31.184499999999996,28.718666666666664,,38.90734191452122,-0.800193958788725,-0.034595700018484554,-0.7655982587702405,36.79115131785456,25.57784868214543,5621884.205750001
2021-11-24 00:00:00+00:00,26.94,27.15,25.15,25.58,4968971.25,30.9135,28.736499999999996,,35.41345814608695,-1.0294715455049612,-0.2335708691157799,-0.7959006763891814,37.030366109373354,24.796633890626644,5681196.63425
2021-11-25 00:00:00+00:00,25.58,27.61,25.37,26.41,5650379.16,30.590999999999998,28.766666666666666,,39.012928012978,-1.1311622867156288,-0.41308915263574975,-0.718073134079879,36.93911436569949,24.242885634300503,5628936.17975
2021-11-26 00:00:00+00:00,26.41,26.59,22.9,23.96,10693190.38,30.186500000000002,28.782500000000002,,33.14152749341052,-1.393385376989336,-0.6091483975064671,-0.784236979482869,37.115595972780305,23.257404027219696,5939629.76275
2021-11-27 00:00:00+00:00,23.96,24.99,23.78,24.1,3976318.59,29.7745,28.81583333333333,,33.755052901326565,-1.5717836912836702,-0.8016754562619077,-0.7701082350217625,37.11036934180266,22.43863065819734,5995711.61925
2021-11-28 00:00:00+00:00,24.09,25.01,22.63,24.76,4563690.39,29.289499999999997,28.847666666666665,,36.703908973759134,-1.6409928128386824,-0.9695389275772627,-0.6714538852614197,36.60471284721095,21.974287152789046,5910638.89375
2021-11-29 00:00:00+00:00,24.76,25.61,24.54,24.99,4733398.72,28.848000000000003,28.864166666666666,,37.74395116216899,-1.6581681324292035,-1.1072647685476509,-0.5509033638815526,36.08158168544465,21.614418314555362,5874591.095749999
2021-11-30 00:00:00+00:00,24.99,26.52,24.11,25.31,5806301.22,28.403,28.847500000000004,,39.23984161110471,-1.6272010109411035,-1.2112520170263414,-0.41594899391476203,35.35180450149521,21.454195498504788,5485660.5254999995
2021-12-01 00:00:00+00:00,25.31,26.9,24.96,25.32,4642138.01,27.934500000000003,28.82133333333333,,39.28893474916747,-1.583597699109216,-1.2857211534429163,-0.29787654566629973,34.36906439862094,21.499935601379065,5337317.981000001
2021-12-02 00:00:00+00:00,25.32,25.33,24.16,24.55,3910782.56,27.449,28.771,,36.82185617323609,-1.5928133642083466,-1.3471395955960024,-0.24567376861234425,33.343858437655655,21.55414156234435,5233003.999500001
2021-12-03 00:00:00+00:00,24.54,25.85,22.44,23.31,5725480.6,26.914500000000004,28.716166666666666,,33.205746306624974,-1.6807992743092797,-1.4138715313386578,-0.26692774297062183,32.2483296748209,21.580670325179106,5350564.9945
2021-12-04 00:00:00+00:00,23.31,23.36,15.32,20.64,20782013.826,26.258999999999997,28.606333333333335,,27.046572775546352,-1.9435711494674521,-1.5198114549644168,-0.4237596945030353,31.284940310031537,21.233059689968456,6244729.4438000005
2021-12-05 00:00:00+00:00,20.65,20.93,18.46,19.48,7454749.61,25.631,28.484333333333332,,24.886792673445072,-2.2198332037997233,-1.6598158047314784,-0.5600173990682449,30.748569344913648,20.513430655086353,6406831.6348
2021-12-06 00:00:00+00:00,19.49,20.01,17.21,19.8,8513440.09,25.163,28.367166666666666,,26.627427674643144,-2.3854535232475165,-1.8049433484346862,-0.5805101748128303,30.605679854630424,19.720320145369577,6318153.5333
2021-12-07 00:00:00+00:00,19.79,21.18,19.7,21.09,7483015.81,24.758499999999998,28.278833333333335,,33.33427510037569,-2.385122394344819,-1.920979157616713,-0.464143236728106,30.149129926084687,19.36787007391531,6438469.8703000005
2021-12-08 00:00:00+00:00,21.08,23.2,20.75,22.91,11114837.71,24.576500000000003,28.203166666666668,,41.46397098810717,-2.2124968956963293,-1.9792827052326365,-0.23321419046369285,29.958682735656588,19.194317264343418,6641117.0293000005
2021-12-09 00:00:00+00:00,22.91,23.05,20.25,20.25,8209134.24,24.1755,28.11466666666667,,34.78694693302772,-2.26422909025154,-2.0362719822364173,-0.2279571080151226,29.59214277943449,18.75885722056551,6801290.7318
2021-12-10 00:00:00+00:00,20.25,20.88,18.46,18.56,7767639.78,23.685499999999998,28.003666666666668,,31.334517489501607,-2.413771646210737,-2.111771915031281,-0.301999731179456,29.269797538634535,18.10120246136546,6962877.008300001
2021-12-11 00:00:00+00:00,18.55,20.22,18.16,19.97,5569559.09,23.235,27.925666666666665,,36.956219684703136,-2.390948615737617,-2.1676072551725483,-0.22334136056506892,28.481638924111294,17.988361075888704,7049471.117299999
2021-12-12 00:00:00+00:00,19.97,20.8,19.2,20.41,3211538.08,22.916999999999998,27.838166666666666,,38.64433562071056,-2.3107203312844575,-2.19622987039493,-0.11449046088952741,28.037508177905757,17.79649182209424,6971356.6718
2021-12-13 00:00:00+00:00,20.41,20.56,17.3,17.78,7022411.65,22.458999999999996,27.68916666666667,,32.962731488742534,-2.431330987837857,-2.2432500938835154,-0.18808089395434147,27.695544280343636,17.222455719656356,7089949.5383
2021-12-14 00:00:00+00:00,17.78,18.61,17.44,18.44,5679303.2,22.102,27.546333333333337,,35.524572798328265,-2.445469468182111,-2.2836939687432345,-0.16177549943887648,27.411796982936323,16.792203017063677,7125466.135799999
2021-12-15 00:00:00+00:00,18.43,20.0,17.26,19.69,7026159.04,21.766000000000002,27.420666666666666,,40.18670318745323,-2.328962927503884,-2.2927477604953643,-0.03621516700851979,26.785376056842093,16.74662394315791,7194255.129799999
2021-12-16 00:00:00+00:00,19.7,20.34,18.69,18.76,4943919.45,21.506,27.290999999999997,,37.98595259210316,-2.285330020391271,-2.291264212474546,0.005934192083274947,26.58224034103978,16.429759658960222,6906791.5833
2021-12-17 00:00:00+00:00,18.77,19.23,17.74,18.25,5458704.38,21.213500000000003,27.166666666666668,,36.795916894981225,-2.2657848080336223,-2.2861683315863615,0.020383523552739202,26.332145426282196,16.09485457371781,6980910.8728
2021-12-18 00:00:00+00:00,18.26,20.0,17.81,19.54,5362509.6,20.952499999999997,27.0605,,41.76551663772559,-2.121744715069269,-2.253283608282943,0.13153889321367362,25.84868576036485,16.056314239635142,7020851.833299999
2021-12-19 00:00:00+00:00,19.53,20.38,18.8,18.86,4918775.96,20.646,26.916666666666668,,39.9809480270361,-2.03895837767476,-2.2104185621613066,0.17146018448654665,25.25168084000613,16.04031915999387,7030120.6953
2021-12-20 00:00:00+00:00,18.86,19.2,18.04,18.78,5052339.6,20.3195,26.758666666666667,,39.76567505394788,-1.9572430605972961,-2.159783461848505,0.20254040125120865,24.45854566295173,16.18045433704827,6992422.6143
2021-12-21 00:00:00+00:00,18.79,19.67,18.37,19.42,3667347.22,20.0245,26.604499999999998,,42.43598791216484,-1.819862193250593,-2.0917992081289225,0.27193701487832955,23.48056987776571,16.56843012223429,6943683.0748
2021-12-22 00:00:00+00:00,19.41,20.83,19.2,19.93,5032493.39,19.7935,26.414,,44.545723498620156,-1.6508046795943443,-2.003600302422007,0.35279562282766275,22.556963587601523,17.03003641239848,6999768.6163
2021-12-23 00:00:00+00:00,19.92,22.22,19.57,22.17,7579889.52,19.7365,26.2885,,52.73875551058501,-1.3208501639993422,-1.8670502747374742,0.546200110738132,22.24251895443739,17.23048104556261,7092489.062299999
2021-12-24 00:00:00+00:00,22.18,22.66,21.2,21.48,5593044.19,19.7785,26.10683333333333,,50.27473048119199,-1.1023291029035462,-1.7141060403706887,0.6117769374671425,22.370366315996925,17.186633684003077,6333040.5805
2021-12-25 00:00:00+00:00,21.48,22.39,21.29,22.1,3223439.24,19.9095,25.93316666666667,,52.4256084083246,-0.8691022988780261,-1.5451052920721562,0.67600299319413,22.686040833483183,17.13295916651682,6121475.062
2021-12-26 00:00:00+00:00,22.11,23.58,21.12,22.98,6566168.47,20.0685,25.834833333333336,,55.37601987032421,-0.6062710159648326,-1.3573384368506916,0.751067420885859,23.149287399350936,16.987712600649065,6024111.481000001
2021-12-27 00:00:00+00:00,22.99,24.49,22.75,23.02,6523023.34,20.165,25.715333333333334,,55.51107877433823,-0.39024911606458446,-1.1639205726934703,0.7736714566288858,23.479751876083565,16.850248123916433,5976111.8575
2021-12-28 00:00:00+00:00,23.02,23.02,20.32,20.37,9022968.5,20.038,25.538833333333333,,45.65295293736821,-0.4279499168143701,-1.0167264415176502,0.5887765247032801,23.107928989406677,16.968071010593324,5871518.397
2021-12-29 00:00:00+00:00,20.38,20.97,19.53,19.74,6951841.9,20.0125,25.371333333333332,,43.66753156762152,-0.5028670693469444,-0.9139545670835091,0.4110874977365647,23.08343389704166,16.941566102958337,5808653.779999999
2021-12-30 00:00:00+00:00,19.74,20.44,19.17,19.93,6009325.13,20.081,25.203500000000002,,44.45213272083723,-0.540675470113527,-0.8392987476895127,0.2986232775759857,23.079545647476372,17.082454352523627,5720738.0475
2021-12-31 00:00:00+00:00,19.94,20.63,19.04,19.51,5579016.19,20.058,25.000999999999998,,43.025549986699616,-0.5976401662114021,-0.7909670313938907,0.19332686518248854,23.066638230163193,17.049361769836807,5721210.9025
2022-01-01 00:00:00+00:00,19.52,20.79,19.5,20.76,3459474.38,20.075499999999998,24.80933333333333,,48.339399123125524,-0.5357448122571853,-0.7399225875665496,0.20417777530936432,23.096171945114115,17.05482805488588,5733607.717499999
2022-01-02 00:00:00+00:00,20.75,22.2,20.57,21.87,5108786.84,20.28,24.641166666666667,,52.56980143478064,-0.3925989387915543,-0.6704578578115505,0.27785891901999626,23.203586838115047,17.356413161884955,5637926.477
2022-01-03 00:00:00+00:00,21.86,23.75,21.25,23.72,7982877.02,20.544,24.519833333333334,,58.64772284827592,-0.12839520386786063,-0.5620453270228125,0.4336501231549519,23.69965777612205,17.388342223877952,5753105.168
2022-01-04 00:00:00+00:00,23.72,24.49,22.71,23.42,10784755.22,20.7305,24.3625,,57.36399276223374,0.05613359362355652,-0.43840954289353873,0.49454313651709525,24.096129064528586,17.364870935471412,5941034.977
2022-01-05 00:00:00+00:00,23.43,27.48,22.29,25.24,24289357.8,21.054499999999997,24.249000000000002,,62.69838576538569,0.34525292392454077,-0.28167704952992284,0.6269299734544636,24.822536491330677,17.286463508669318,6908306.8944999995
2022-01-06 00:00:00+00:00,25.24,25.98,23.34,25.38,17086946.69,21.410999999999998,24.133,,63.08103367509065,0.5790045026626345,-0.10954073909141138,0.6885452417540459,25.393295318029498,17.428704681970498,7489719.01
2022-01-07 00:00:00+00:00,25.39,27.33,22.65,25.98,22033325.64,21.733,23.991666666666667,,64.74996758039528,0.8034081099057317,0.07304903070801724,0.7303590791977145,26.08259354422913,17.38340645577087,8323259.812000001
2022-01-08 00:00:00+00:00,25.98,27.33,23.51,25.32,15635153.07,22.056,23.85,,61.45879242434367,0.917417681279602,0.2419227608223342,0.6754949204572678,26.463282155705464,17.648717844294538,8859078.6675
2022-01-09 00:00:00+00:00,25.31,28.68,25.08,27.54,18630446.63,22.494,23.738833333333336,,67.45165214306991,1.173380534278735,0.42821431551361433,0.7451662187651206,27.240069531728317,17.747930468271683,9537984.019
2022-01-10 00:00:00+00:00,27.54,28.51,25.07,27.98,18516507.58,22.922000000000004,23.627000000000002,,68.49719631653113,1.395649088232144,0.6217012700573203,0.7739478181748236,28.013344026875416,17.830655973124593,10280442.037
2022-01-11 00:00:00+00:00,27.98,28.71,25.84,26.59,13498246.97,23.255000000000003,23.499166666666667,,61.748965474618075,1.4430030938853022,0.7859616348229168,0.6570414590623854,28.391015965707272,18.118984034292733,10703729.716
2022-01-12 00:00:00+00:00,26.6,27.25,25.61,26.75,10319762.43,23.484,23.378333333333334,,62.21047265308406,1.476422863626265,0.9240538805835865,0.5523689830426786,28.810955603344187,18.157044396655817,10840723.3615
2022-01-13 00:00:00+00:00,26.76,26.76,24.43,24.86,7890385.69,23.653,23.230166666666666,,53.93269259283147,1.3350118813592005,1.0062454807387093,0.3287664006204911,28.92914290936097,18.376857090639028,10955590.436500002
2022-01-14 00:00:00+00:00,24.86,25.89,23.91,25.72,6488595.95,23.834,23.124833333333335,,56.75258090466347,1.2776099792256375,1.0605183804360951,0.21709159878954232,29.132941026280633,18.535058973719366,11118848.272
2022-01-15 00:00:00+00:00,25.72,26.22,25.11,25.17,4141482.21,23.9435,23.058333333333334,,54.4567509060755,1.1742026772209861,1.0832552397930733,0.09094743742791289,29.257813784488086,18.629186215511915,10997613.959
2022-01-16 00:00:00+00:00,25.17,26.34,24.65,25.5,4415951.38,24.067500000000003,22.997,,55.616884045247765,1.1061291194997267,1.087830015734404,0.018299103765322622,29.405514143855385,18.72948585614462,10892260.361
2022-01-17 00:00:00+00:00,25.51,25.62,23.27,23.79,4471877.32,24.238500000000002,22.951,,48.694850313687034,0.9037794190685453,1.0510198964012323,-0.14724047733268697,29.30392505620211,19.173074943797893,10664705.802
2022-01-18 00:00:00+00:00,23.79,24.34,22.04,22.96,4910863.58,24.3995,22.8625,24.84557,45.72041912732428,0.6687330222171184,0.9745625215644096,-0.3058294993472912,29.072235708340475,19.726764291659524,10562656.886
2022-01-19 00:00:00+00:00,22.96,23.15,21.22,21.55,5688676.47,24.4805,22.749000000000002,24.860605,41.12473941670656,0.3644803406700845,0.8525460853855447,-0.48806574471546016,28.889225325987113,20.071774674012886,10546624.453
2022-01-20 00:00:00+00:00,21.54,22.98,20.04,20.17,5603272.17,24.5135,22.60216666666667,24.865245,37.18512717082646,0.011866640419043506,0.6844101963922445,-0.672543555973201,28.780514295734218,20.246485704265783,10547837.252
2022-01-21 00:00:00+00:00,20.18,20.51,17.1,17.42,14621190.27,24.3465,22.446333333333335,24.860535,30.84408669227173,-0.4839061063921086,0.45074693583537395,-0.9346530422274826,29.380549165433344,19.312450834566654,11105923.046500001
2022-01-22 00:00:00+00:00,17.41,17.82,14.24,15.85,18934134.953,24.0455,22.2615,24.83942,27.91714605064334,-0.9920596133650363,0.1621856259952919,-1.1542452393603282,30.225365613425595,17.865634386574406,11797190.45215
2022-01-23 00:00:00+00:00,15.86,16.88,15.15,16.64,9533639.18,23.691499999999998,22.112500000000004,24.82368,31.442549159021,-1.315860114687247,-0.13342352214121586,-1.1824365925460312,30.66549247203494,16.717507527965054,11874728.560150001
2022-01-24 00:00:00+00:00,16.63,16.65,13.48,15.58,14743580.999,23.2995,21.932000000000002,24.809815,29.36714807024299,-1.6391128138463849,-0.4345613804822497,-1.2045514333641352,31.120398861384153,15.478601138615842,12072669.8491
2022-01-25 00:00:00+00:00,15.58,16.03,14.59,15.49,7694012.53,22.812,21.790833333333335,24.793985000000003,29.190969073722073,-1.8808736144542983,-0.7238238272766595,-1.1570497871776388,31.277245655029745,14.34675434497026,11242902.5856
2022-01-26 00:00:00+00:00,15.5,16.8,14.68,15.23,9794747.0,22.3045,21.643000000000004,24.779115,28.65612722948417,-2.0695936307202807,-0.9929777879653838,-1.0766158427548969,31.293859209643358,13.315140790356642,10878292.601100001
2022-01-27 00:00:00+00:00,15.23,15.71,14.29,15.22,8536301.47,21.7665,21.484,24.7633,28.634396403547754,-2.1946638015187503,-1.2333149906760572,-0.9613488108426931,31.093180599227132,12.439819400772867,10203441.3926
2022-01-28 00:00:00+00:00,15.22,16.28,14.74,16.15,6246161.02,21.308,21.336666666666666,24.756459999999997,33.67199223916889,-2.193454803693978,-1.4253429532796416,-0.7681118504143365,30.79112311424879,11.824876885751207,9733991.7901
2022-01-29 00:00:00+00:00,16.14,16.75,15.96,16.23,3920458.64,20.7425,21.185333333333332,24.75326,34.1029079712509,-2.1611291808546937,-1.572500198794652,-0.5886289820600417,30.018281099185103,11.466718900814895,8998492.3906
2022-01-30 00:00:00+00:00,16.23,18.1,16.01,17.77,7593446.41,20.232,21.0595,24.75743,41.92463669323489,-1.9883255825520685,-1.6556652755461354,-0.3326603070059331,28.966331342466894,11.497668657533104,8452339.3321
2022-01-31 00:00:00+00:00,17.76,17.88,16.45,17.15,7695443.58,19.759999999999998,20.93616666666667,24.76436,39.87268275015063,-1.879737856445427,-1.7004797917259937,-0.17925806471943329,28.079394208714927,11.44060579128507,8162199.1626
2022-02-01 00:00:00+00:00,17.15,17.91,16.8,16.98,5923564.6,19.2715,20.83066666666667,24.773089999999996,39.304636109396114,-1.7868017421858617,-1.7177441818179675,-0.06905756036789423,27.019496579761725,11.523503420238274,7942389.2711
2022-02-02 00:00:00+00:00,16.98,17.38,15.56,15.78,4741039.26,18.8175,20.749666666666666,24.775229999999997,35.46391937525223,-1.789352629963286,-1.7320658714470314,-0.05728675851625464,26.260539365742957,11.37446063425704,7784921.949599999
2022-02-03 00:00:00+00:00,15.78,16.33,15.26,16.3,5327213.34,18.3465,20.696666666666665,24.77938,38.27848795775183,-1.7294782243192373,-1.7315483420214728,0.00207011770223553,25.147244885672396,11.545755114327601,7726852.8191
2022-02-04 00:00:00+00:00,16.31,17.55,16.0,17.5,5829149.36,17.963,20.658333333333335,24.79424,44.314046857462145,-1.567132428167131,-1.6986651592506044,0.1315327310834733,24.00395389818522,11.922046101814782,7811236.1766
2022-02-05 00:00:00+00:00,17.5,18.32,17.42,17.76,5007027.59,17.576,20.602833333333333,24.814329999999998,45.55628671392414,-1.4013386285816622,-1.639199853116816,0.23786122453515368,22.52988897735901,12.62211102264099,7840789.9871000005
2022-02-06 00:00:00+00:00,17.75,18.17,17.17,18.07,3114467.57,17.29,20.522166666666667,24.828195,47.07234359185699,-1.2307441858456798,-1.557508719662589,0.3267645338169092,21.356925128398487,13.223074871601511,7772919.499600001
2022-02-07 00:00:00+00:00,18.06,19.4,17.65,18.88,6242937.28,17.086000000000002,20.499333333333333,24.842239999999997,50.918226127354835,-1.0184466117836308,-1.4496962980867976,0.43124968630316673,20.318530896990627,13.853469103009376,7839523.1846
2022-02-08 00:00:00+00:00,18.89,19.54,17.72,18.38,6603587.99,16.927500000000002,20.496333333333332,24.85163,48.57200443358092,-0.8803964143072847,-1.335836321330895,0.45543990702361037,19.515587131454232,14.33941286854577,7885268.760600001
2022-02-09 00:00:00+00:00,18.38,18.75,17.75,18.67,3742482.7,16.8525,20.474666666666668,24.861565,50.01075347847707,-0.7390705169761631,-1.2164831604599489,0.47741264348378576,19.128504173985405,14.576495826014595,7792229.2871
2022-02-10 00:00:00+00:00,18.67,18.75,17.35,17.5,5796638.84,16.8565,20.426166666666667,24.865335,44.59071428533506,-0.7132559761386617,-1.1158377235956916,0.4025817474570299,19.136756783785323,14.576243216214678,7351001.715600001
2022-02-11 00:00:00+00:00,17.51,17.81,15.89,16.21,4468507.35,16.8745,20.4,24.856244999999998,39.50678760433134,-0.7878086182045649,-1.0502319025174662,0.2624232843129013,19.12822114512843,14.620778854871574,6627720.335449999
2022-02-12 00:00:00+00:00,16.2,16.38,15.56,15.95,4161869.44,16.84,20.3585,24.83855,38.55272204709146,-0.8579816726071421,-1.0117818565354013,0.15380018392825923,19.12788985748855,14.552110142511449,6359131.8484499995
2022-02-13 00:00:00+00:00,15.96,16.33,15.52,15.6,2671296.28,16.841,20.290333333333333,24.821005,37.24866499531456,-0.9311032203857188,-0.9956461293054649,0.06454290891974612,19.12670251782663,14.555297482173374,5755517.6125
2022-02-14 00:00:00+00:00,15.61,16.12,15.2,15.9,3638626.12,16.8615,20.24266666666667,24.803655,39.148647805487364,-0.9538496954784996,-0.9872868425400719,0.0334371470615723,19.105338452295303,14.617661547704696,5552748.292
2022-02-15 00:00:00+00:00,15.91,17.45,15.81,17.34,4132749.5,16.967,20.227500000000003,24.77901,47.38380775011739,-0.8459291310015757,-0.9590153002323728,0.11308616923079706,19.08919791725442,14.844802082745577,5269648.417
2022-02-16 00:00:00+00:00,17.34,17.41,16.49,17.12,3608928.92,17.062,20.187166666666666,24.751044999999998,46.35172951185808,-0.7692856217276152,-0.9210693645314213,0.15178374280380613,19.02717276594172,15.096827234058281,5023279.7895
2022-02-17 00:00:00+00:00,17.13,17.45,15.45,15.59,4927491.83,17.034,20.13266666666667,24.718685,39.85082980825828,-0.8225217825901545,-0.9013598481431679,0.07883806555301343,19.065200630169016,15.00279936983098,4957346.33
2022-02-18 00:00:00+00:00,15.6,16.06,15.03,15.19,3855947.82,16.982,20.072833333333335,24.677274999999998,38.3369938350363,-0.8867663897321414,-0.8984411564609627,0.011674766728821284,19.142033333075908,14.821966666924093,4954120.789
2022-02-19 00:00:00+00:00,15.18,15.68,14.84,15.51,3219793.29,16.869,20.00766666666667,24.635115,40.291130663790476,-0.9014678182367462,-0.8990464888161195,-0.0024213294206266722,19.087971833980546,14.650028166019453,4735438.132999999
2022-02-20 00:00:00+00:00,15.52,15.53,14.39,14.6,3837683.54,16.741500000000002,19.918833333333332,24.58715,36.72671413906771,-0.9753054865154382,-0.9142982883559833,-0.06100719815945499,19.164863571567206,14.318136428432796,4542550.130999999
2022-02-21 00:00:00+00:00,14.61,15.31,13.38,13.51,7372976.51,16.568,19.7745,24.534415000000003,32.96487503774033,-1.1089924860327542,-0.9532371278913375,-0.15575535814141672,19.36611079123021,13.769889208769795,4615020.7265
2022-02-22 00:00:00+00:00,13.5,14.2,13.02,13.99,5856340.62,16.478500000000004,19.64966666666667,24.484915,36.07029448452429,-1.1628043234205947,-0.9951505669971891,-0.16765375642340563,19.47890180642509,13.478098193574919,4670785.7945
2022-02-23 00:00:00+00:00,13.98,14.66,13.3,13.35,5114288.86,16.331,19.503833333333333,24.428195000000002,33.82060471411319,-1.242767394611402,-1.0446739325200318,-0.19809346209137013,19.627439897829003,13.034560102170996,4660139.5705
2022-02-24 00:00:00+00:00,13.34,13.95,11.4,13.27,15759305.0,16.1195,19.342,24.3794,33.53901425490838,-1.2976356994519325,-1.095266285906412,-0.20236941354552052,19.62495560519583,12.61404439480417,5156647.3525
2022-02-25 00:00:00+00:00,13.27,14.49,13.08,14.36,6030934.14,15.9495,19.197666666666667,24.330215,40.77448226488145,-1.238884249404462,-1.123989878606022,-0.11489437079844,19.45000553491904,12.448994465080961,5207842.680000001
2022-02-26 00:00:00+00:00,14.36,15.05,14.09,14.72,5169319.32,15.782,19.1035,24.281129999999997,42.982334320457404,-1.150017623305681,-1.129195427545954,-0.02082219575972699,19.17969686699664,12.384303133003359,5310585.2675
2022-02-27 00:00:00+00:00,14.71,14.86,13.47,13.64,6636801.7,15.52,19.001833333333334,24.2198,38.36204861205297,-1.1534410060111302,-1.1340445432389892,-0.01939646277214102,18.724353288886658,12.315646711113342,5330278.4885
2022-02-28 00:00:00+00:00,13.64,15.15,13.31,15.13,6565276.42,15.357499999999998,18.921833333333332,24.170730000000002,46.85044519378312,-1.0241181177488912,-1.1120592581409696,0.08794114039207845,18.28269315601529,12.432306843984705,5328362.91
2022-03-01 00:00:00+00:00,15.12,15.73,14.72,15.35,6417303.01,15.191500000000001,18.8525,24.108739999999997,47.98935876958015,-0.8935760472556975,-1.0683626159639152,0.17478656870821774,17.69190216765197,12.69109783234803,5462103.9255
2022-03-02 00:00:00+00:00,15.34,15.87,14.91,15.28,6289045.87,15.0805,18.761166666666668,24.04942,47.63955948398593,-0.7867003390658098,-1.0120301605842943,0.22532982151848446,17.34731693129345,12.81368306870655,5486724.277
2022-03-03 00:00:00+00:00,15.29,15.38,14.46,14.89,4619929.39,15.014499999999998,18.644833333333334,23.984364999999997,45.64336488921851,-0.7251116749390771,-0.954646463455251,0.22953478851617382,17.22201874284198,12.806981257158018,5494295.379
2022-03-04 00:00:00+00:00,14.89,14.98,13.54,13.73,6010183.64,14.9035,18.478333333333335,23.913295,40.242117946502105,-0.7611306796837827,-0.9159433067009572,0.15481262701717458,17.1348249427187,12.672175057281297,5586711.089
2022-03-05 00:00:00+00:00,13.74,14.27,13.41,14.03,2774984.85,14.825,18.321833333333334,23.852715000000003,42.14879329207007,-0.756745219815004,-0.8841036893237666,0.12735846950876262,17.06324484808937,12.58675515191063,5591895.5175
2022-03-06 00:00:00+00:00,14.02,14.12,13.25,13.32,3535626.53,14.696000000000002,18.123166666666666,23.79261,38.978979192360995,-0.801323617697701,-0.8675476749985536,0.06622405730085257,16.968675955783972,12.423324044216033,5586745.538
2022-03-07 00:00:00+00:00,13.31,13.67,12.42,12.68,7302965.91,14.463000000000003,17.9115,23.720530000000004,36.32691817563966,-0.8781719508798975,-0.8696725301748224,-0.008499420705075145,16.55168475361854,12.374315246381464,5745256.3585
2022-03-08 00:00:00+00:00,12.67,13.56,12.58,13.08,6877422.56,14.261000000000001,17.6965,23.64254,39.11513840795052,-0.8964642694599103,-0.8750308780318401,-0.021433391428070214,16.041448258163797,12.480551741836205,5908681.040499999
2022-03-09 00:00:00+00:00,13.08,14.46,13.05,14.01,6462680.43,14.181999999999999,17.508,23.57337,45.13110053741583,-0.826391706872057,-0.8653030437998835,0.038911336927826556,15.856629511264648,12.507370488735349,5985440.4705
2022-03-10 00:00:00+00:00,14.0,14.11,12.96,13.17,5469282.04,14.081,17.268500000000003,23.49931,41.173810739886925,-0.829082528697846,-0.8580589407794761,0.028976412081630043,15.743887849495106,12.418112150504893,6066107.1815
2022-03-11 00:00:00+00:00,13.18,13.65,12.8,13.05,4657580.01,13.958000000000002,17.01966666666667,23.421799999999998,40.62577331678022,-0.8313151380633759,-0.8527101802362561,0.02139504217288024,15.541939392779422,12.374060607220581,6137996.5175
2022-03-12 00:00:00+00:00,13.04,13.46,13.02,13.15,2499460.74,13.885499999999999,16.795666666666666,23.35891,41.32663702214002,-0.8156134486709767,-0.8452908339232004,0.02967738525222363,15.477975745497687,12.29302425450231,6071085.3775
2022-03-13 00:00:00+00:00,13.15,13.43,12.59,12.7,2732503.8,13.844999999999999,16.561500000000002,23.28935,39.09047265423891,-0.8299142510140118,-0.8422155173413627,0.012301266327350846,15.513022781618528,12.17697721838147,5839061.742000001
2022-03-14 00:00:00+00:00,12.71,13.44,12.6,13.41,4643719.7,13.815999999999999,16.37066666666667,23.234450000000002,44.218976160821164,-0.7750226944336092,-0.828776952759812,0.05375425832620284,15.493073641793467,12.13892635820653,5778430.6959999995
2022-03-15 00:00:00+00:00,13.41,13.8,12.87,13.69,3454099.55,13.833000000000002,16.170166666666667,23.172700000000006,46.14480375909103,-0.7008481393414581,-0.8031911900761413,0.1023430507346832,15.497681350889238,12.168318649110766,5695421.2305
2022-03-16 00:00:00+00:00,13.69,14.78,13.66,14.66,6546791.14,13.902499999999998,15.995000000000001,23.117350000000002,52.29003724786948,-0.5573683809149408,-0.7540266282439012,0.19665824732896042,15.583343538226691,12.221656461773305,5234795.5375
2022-03-17 00:00:00+00:00,14.66,14.93,14.23,14.4,4152174.08,13.904500000000002,15.81,23.06055,50.62262965686951,-0.4593444290888673,-0.6950901884128944,0.23574575932402708,15.587609919167026,12.221390080832979,5140857.5345
2022-03-18 00:00:00+00:00,14.41,15.27,14.12,15.01,4421110.43,13.919,15.663666666666668,23.0104,54.30425629366953,-0.32864937362298186,-0.6218020254549119,0.29315265183193007,15.63464448531694,12.20335551468306,5103447.09
2022-03-19 00:00:00+00:00,15.0,15.4,14.83,15.01,3285256.26,13.9875,15.531166666666667,22.95195,54.30425629366953,-0.2225076706383362,-0.5419431544915968,0.3194354838532606,15.761522265925219,12.213477734074782,4935869.818
2022-03-20 00:00:00+00:00,15.01,15.13,14.42,14.54,2883923.42,13.958000000000002,15.414333333333333,22.87605,50.91214150050778,-0.1743053942755708,-0.4684156024483916,0.2941102081728208,15.673710931362987,12.242289068637017,4751802.168
2022-03-21 00:00:00+00:00,14.54,15.28,14.3,15.0,3719572.96,13.9405,15.328166666666666,22.8013,53.944383951638066,-0.09785853508222786,-0.39430418897515884,0.296445653892931,15.60545014940341,12.27554985059659,4616915.665499999
2022-03-22 00:00:00+00:00,14.99,15.86,14.98,15.43,4500280.54,13.948000000000002,15.295,22.7247,56.640680187817765,-0.0025470808984735527,-0.3159527673598218,0.31340568646134825,15.63817868877774,12.257821311222264,4527477.399
2022-03-23 00:00:00+00:00,15.43,15.98,15.13,15.83,3827078.04,13.995000000000001,15.294666666666666,22.654449999999997,59.04278339791551,0.10406499381413781,-0.23194921512502992,0.3360142089391677,15.833145804880138,12.156854195119864,4487834.831499999
2022-03-24 00:00:00+00:00,15.84,16.44,15.6,16.17,5204988.98,14.117,15.286833333333334,22.567549999999997,61.01956847795873,0.2135295538446531,-0.1428534613310933,0.35638301517574644,16.178873904970544,12.055126095029458,4447575.0985
2022-03-25 00:00:00+00:00,16.16,16.46,15.47,15.59,4654254.07,14.194999999999999,15.287,22.47145,56.04979275075246,0.25059119428058985,-0.06416453020875668,0.3147557244893465,16.35356897040574,12.03643102959426,4541538.5595
2022-03-26 00:00:00+00:00,15.6,15.96,15.49,15.83,2425031.02,14.3205,15.292666666666666,22.409299999999998,57.58905815087249,0.29591765109756984,0.007851906052508628,0.2880657450450612,16.55162953456282,12.089370465437176,4486008.784
2022-03-27 00:00:00+00:00,15.83,16.91,15.63,16.87,3937478.83,14.529999999999998,15.32,22.35785,63.54695727312979,0.41102051440320864,0.08848562772264863,0.32253488668056,16.888838697325138,12.171161302674856,4317734.43
2022-03-28 00:00:00+00:00,16.86,17.37,16.34,16.5,5918598.6,14.700999999999999,15.341333333333333,22.300299999999996,60.30135451314428,0.4670011564300989,0.1641887334641387,0.30281242296596017,17.109907636253123,12.292092363746875,4269793.232
2022-03-29 00:00:00+00:00,16.5,17.52,16.47,16.98,4496577.65,14.8495,15.355166666666667,22.25325,62.94538867563707,0.5438292815915649,0.24011684308962394,0.3037124385019409,17.429790487522414,12.26920951247759,4171488.093
2022-03-30 00:00:00+00:00,16.98,17.58,16.53,17.22,4866676.4,15.051999999999998,15.371666666666668,22.2044,64.2282686373341,0.6169700716002122,0.3154874887917416,0.3014825828084706,17.70785842996171,12.396141570038285,4141357.8109999998
2022-03-31 00:00:00+00:00,17.21,18.05,16.64,16.91,5770687.14,15.245,15.357333333333335,22.141849999999998,61.27720974576965,0.642513766659981,0.38089274436538945,0.2616210222945915,17.851418999316635,12.638581000683361,4197013.1675
2022-04-01 00:00:00+00:00,16.91,17.37,16.16,17.34,4521915.84,15.4545,15.3605,22.09375,63.76423685164567,0.6895065332548374,0.44261550214327905,0.2468910311115583,18.02701997076773,12.88198002923227,4298135.9225
2022-04-02 00:00:00+00:00,17.34,17.87,17.1,17.4,3634084.25,15.6895,15.367500000000001,22.026750000000003,64.11061253782776,0.7232529283561675,0.49874298738585676,0.22450994097031074,18.0636312095162,13.315368790483802,4343214.944999999
2022-04-03 00:00:00+00:00,17.4,18.32,17.15,18.08,3430897.49,15.922999999999998,15.405833333333334,21.963800000000003,67.86029289104818,0.7956952273289364,0.5581334353744727,0.2375617919544637,18.272911487694568,13.573088512305429,4282573.8345
2022-04-04 00:00:00+00:00,18.07,18.08,16.82,17.5,3811139.33,16.1135,15.425833333333335,21.9023,61.91806452985405,0.7971164561272133,0.6059300395250208,0.1911864166021925,18.321904627779734,13.905095372220263,4300425.8235
2022-04-05 00:00:00+00:00,17.51,17.66,16.66,16.74,2337093.84,16.2175,15.413166666666665,21.847399999999997,55.108456173642125,0.7285192256286876,0.6304478767457542,0.09807134888293345,18.33640419792849,14.09859580207151,4089940.9585
2022-04-06 00:00:00+00:00,16.75,16.79,15.27,15.41,4629748.58,16.267999999999997,15.374,21.7825,45.64732927659337,0.5603758772252405,0.6164334768416515,-0.05605759961641099,18.255285585918386,14.280714414081608,4113819.6835000003
2022-04-07 00:00:00+00:00,15.41,15.88,15.1,15.75,2867861.76,16.305,15.335333333333333,21.724449999999997,48.10034888939108,0.4493760928382109,0.5830220000409634,-0.1336459072027525,18.223588022478772,14.386411977521227,4036157.25
2022-04-08 00:00:00+00:00,15.74,15.91,15.01,15.13,2321153.06,16.311,15.272833333333333,21.68225,44.18432102643831,0.30783066526616665,0.527983733086004,-0.22015306781983734,18.214038622834284,14.407961377165716,3987952.09
2022-04-09 00:00:00+00:00,15.12,15.47,15.12,15.43,1366727.9,16.3555,15.223666666666666,21.6523,46.455877813792036,0.21735683266395434,0.4658583530015941,-0.24850152033763978,18.127949999294486,14.583050000705514,3912092.3140000002
2022-04-10 00:00:00+00:00,15.43,15.93,15.17,15.24,1611326.85,16.3675,15.166500000000001,21.60625,45.201193922882645,0.1288390796831429,0.3984544983379039,-0.269615418654761,18.106003666950123,14.628996333049876,3806680.0085
2022-04-11 00:00:00+00:00,15.23,15.28,13.51,13.76,3982122.72,16.284,15.104166666666666,21.548000000000002,36.851953554634164,-0.06004336586800996,0.3067549254967212,-0.36679829136473113,18.328146765767812,14.239853234232188,3780772.1174999997
2022-04-12 00:00:00+00:00,13.76,14.33,13.63,13.98,2649528.63,16.191499999999998,15.067,21.501600000000003,38.665576470356726,-0.18979407544947868,0.20744512530748122,-0.3972392007569599,18.464113253503324,13.918886746496671,3721894.647000001
2022-04-13 00:00:00+00:00,13.98,14.22,13.68,14.19,2228609.09,16.092499999999998,15.037666666666667,21.45,40.424457158032006,-0.2725355820965021,0.11144898382668456,-0.38398456592318664,18.526976329726565,13.658023670273428,3573075.6525
2022-04-14 00:00:00+00:00,14.2,14.33,13.33,13.65,2905294.96,15.995500000000002,15.005166666666668,21.395249999999997,37.45041020872121,-0.37733265332027877,0.013692656397291891,-0.39102530971757066,18.64723509234971,13.343764907650293,3485627.6969999997
2022-04-15 00:00:00+00:00,13.64,14.19,13.63,14.11,1819449.78,15.9095,14.975333333333335,21.35075,41.405098066480136,-0.4184433768908118,-0.07273455026032885,-0.34570882663048297,18.685767098101135,13.133232901898864,3455348.6350000002
2022-04-16 00:00:00+00:00,14.11,14.28,13.83,14.14,1517456.04,15.773000000000001,14.922,21.31095,41.66414082106692,-0.4434908853646977,-0.14688581728120265,-0.29660506808349507,18.614626998745415,12.93137300125459,3334347.4954999997
2022-04-17 00:00:00+00:00,14.14,14.62,13.65,13.73,2635685.7,15.6345,14.8655,21.26535,39.1188083387637,-0.49076752721329875,-0.2156621592676219,-0.27510536794567686,18.588679920045294,12.680320079954706,3170201.8504999997
2022-04-18 00:00:00+00:00,13.72,14.06,13.14,14.06,3940066.58,15.488499999999998,14.84,21.21565,42.18056518769025,-0.4958900525680363,-0.2717077379277048,-0.2241823146403315,18.450872528902934,12.526127471097062,3142376.297
2022-04-19 00:00:00+00:00,14.06,14.42,13.83,14.24,2269575.91,15.339500000000001,14.824166666666667,21.1553,43.83962039026281,-0.4798932840845058,-0.313344847159065,-0.1665484369254408,18.237599204650998,12.441400795349004,3012521.2725
2022-04-20 00:00:00+00:00,14.24,14.5,13.7,14.02,3259324.92,15.194999999999999,14.799333333333333,21.09095,42.24415112894244,-0.47944119157935283,-0.3465641160431226,-0.13287707553623024,18.053387657403853,12.336612342596144,2886953.1615000004
2022-04-21 00:00:00+00:00,14.02,14.37,13.34,13.57,2982911.59,15.006499999999999,14.782166666666667,21.02095,39.108903737319054,-0.5095207066641549,-0.37915543416732905,-0.1303652724968259,17.769862263619924,12.243137736380074,2810002.949
2022-04-22 00:00:00+00:00,13.57,13.88,13.47,13.58,2458584.25,14.8155,14.783333333333333,20.95585,39.21686314825566,-0.5264830537344221,-0.40862095808074766,-0.11786209565367439,17.413856980862825,12.217143019137174,2751227.949
2022-04-23 00:00:00+00:00,13.58,13.68,13.18,13.31,1566301.36,14.577000000000002,14.772,20.88625,37.29422840075587,-0.5553112965531835,-0.4379590257752348,-0.11735227077794863,16.778327781135403,12.375672218864601,2657998.1425
2022-04-24 00:00:00+00:00,13.32,13.63,13.21,13.26,1809966.78,14.365,14.7705,20.818550000000002,36.93312554734776,-0.5755577968065921,-0.46547877998150633,-0.11007901682508581,16.182740355495923,12.547259644504077,2557939.5149999997
2022-04-25 00:00:00+00:00,13.27,13.51,12.53,13.44,4158403.4,14.2,14.773333333333333,20.7516,39.214904558834824,-0.5705024018848288,-0.4864835043621708,-0.08401889752265801,15.696088232691638,12.70391176730836,2649004.993
2022-04-26 00:00:00+00:00,13.44,13.51,12.14,12.37,3283715.22,14.048000000000002,14.740166666666665,20.681499999999996,31.840208420426535,-0.6453962958705155,-0.5182660626638398,-0.1271302332066757,15.636340013976337,12.459659986023667,2581703.325
2022-04-27 00:00:00+00:00,12.36,12.8,12.3,12.74,3202787.51,13.897500000000003,14.707166666666666,20.607950000000002,36.30115627876254,-0.6672032350801516,-0.5480534971471022,-0.1191497379330494,15.379065050883122,12.415934949116883,2598449.6125
2022-04-28 00:00:00+00:00,12.74,12.99,12.4,12.66,3668346.34,13.773999999999997,14.690833333333334,20.543450000000004,35.75624753752312,-0.6830667545739662,-0.575056148632475,-0.10801060594149114,15.235675750636322,12.312324249363673,2665809.2765
2022-04-29 00:00:00+00:00,12.66,12.73,11.83,11.97,3050465.77,13.601000000000003,14.638166666666667,20.4772,31.38090050276324,-0.7427539364614386,-0.6085957061982677,-0.13415823026317086,15.056745856940083,12.145254143059923,2749996.17
2022-04-30 00:00:00+00:00,11.98,12.25,10.65,10.95,4336325.59,13.386500000000002,14.564833333333333,20.4087,26.264490741657184,-0.8624204870973653,-0.6593606623780872,-0.20305982471927808,15.060850919012543,11.71214908098746,2886246.107
2022-05-01 00:00:00+00:00,10.96,11.5,10.81,11.31,4020103.97,13.264,14.498666666666667,20.33695,30.567289632038367,-0.9176302291956269,-0.7110145757415951,-0.20661565345403177,15.155532711849864,11.372467288150135,2888145.1695
2022-05-02 00:00:00+00:00,11.3,11.45,10.77,11.17,3937746.95,13.123500000000002,14.436666666666667,20.2592,29.83807498522586,-0.9615964917604121,-0.7611309589453585,-0.20046553281505353,15.190713341674746,11.056286658325257,2952556.0855
2022-05-03 00:00:00+00:00,11.17,11.5,10.8,11.12,3860280.78,12.970000000000002,14.393166666666668,20.179750000000002,29.566787819751042,-0.9890732331799974,-0.8067194137922863,-0.1823538193877111,15.150467839707346,10.789532160292659,3034139.67
2022-05-04 00:00:00+00:00,11.13,12.23,11.08,12.2,4762067.09,12.897499999999999,14.362666666666666,20.1046,41.86248937428208,-0.9131752587004112,-0.8280105827739113,-0.0851646759264999,15.079131270402492,10.715868729597506,3126978.2764999997
2022-05-05 00:00:00+00:00,12.2,12.29,10.63,10.91,6346341.8,12.7375,14.3225,20.02645,34.18582546605029,-0.9462104609320701,-0.8516505584055432,-0.0945599025265269,15.00754735633377,10.467452643666231,3353322.8775000004
2022-05-06 00:00:00+00:00,10.91,11.03,10.4,10.79,5327741.571,12.57,14.291,19.95185,33.569139723725314,-0.9708823662596409,-0.8754969199763628,-0.09538544628327805,14.895089245598518,10.244910754401483,3543837.15405
2022-05-07 00:00:00+00:00,10.78,10.84,10.0,10.21,2641029.994,12.394000000000002,14.243166666666667,19.87335,30.687675324120903,-1.0254158263737274,-0.9054807012558358,-0.11993512511789162,14.869264834315278,9.918735165684726,3544104.36875
2022-05-08 00:00:00+00:00,10.21,10.38,9.84,10.0,4021452.062,12.191,14.176333333333334,19.785899999999998,29.693837860470836,-1.0732079580713876,-0.9390261526189462,-0.1341818054524414,14.750928905262365,9.631071094737637,3548173.6428500004
2022-05-09 00:00:00+00:00,10.0,10.16,8.01,8.1,11098749.49,11.884,14.091833333333334,19.6851,22.571397618437956,-1.2499885973436697,-1.001218641563891,-0.24876995577977867,14.830831518766837,8.937168481233163,3989632.3218500004
2022-05-10 00:00:00+00:00,8.1,9.33,7.89,8.59,13985725.048,11.6125,14.0175,19.5847,27.407352908893543,-1.3351587438123396,-1.0680066620135809,-0.2671520817987587,14.718390371535605,8.506609628464396,4525952.32825
2022-05-11 00:00:00+00:00,8.58,8.85,6.54,6.95,18694665.891,11.2815,13.914166666666667,19.46265,22.371165158290324,-1.5174982176118696,-1.1579049731332387,-0.35959324447863095,14.857773339664835,7.705226660335165,5311540.0433
2022-05-12 00:00:00+00:00,6.95,7.43,5.53,6.56,20649629.965,10.9305,13.811833333333333,19.346950000000003,21.365721308446822,-1.674174463835298,-1.2611588712736506,-0.41301559256164744,14.892673519672929,6.968326480327072,6221092.32905
2022-05-13 00:00:00+00:00,6.57,7.8,6.48,7.15,9752518.3,10.6225,13.7075,19.2208,26.73064644047993,-1.7307820702629364,-1.3550835110715078,-0.3756985591914286,14.751106907904562,6.493893092095439,6630403.17605
2022-05-14 00:00:00+00:00,7.14,7.44,6.64,7.26,5661831.53,10.3225,13.600333333333335,19.0945,27.720772784512718,-1.7466338180878633,-1.433393572474779,-0.3132402456130843,14.512415870276772,6.132584129723226,6822996.41355
2022-05-15 00:00:00+00:00,7.26,7.99,7.01,7.96,5054597.35,10.0485,13.488666666666665,18.9899,33.847190276510034,-1.6833081638984133,-1.483376490759506,-0.19993167313890736,14.101598937849543,5.995401062150458,6867806.1110499995
2022-05-16 00:00:00+00:00,7.97,7.97,7.16,7.42,7682510.94,9.800999999999998,13.372333333333334,18.87605,31.620584242935493,-1.657587971426354,-1.5182187868928756,-0.13936918453347835,13.861359097419463,5.740640902580533,7087745.897049999
2022-05-17 00:00:00+00:00,7.42,7.98,7.3,7.72,5287316.89,9.55,13.250833333333333,18.75985,34.20994858332418,-1.594615308134271,-1.5334980911411549,-0.06111721699311623,13.470851948237392,5.62914805176261,7191972.36605
2022-05-18 00:00:00+00:00,7.72,7.81,6.78,6.81,5450468.13,9.2575,13.114166666666668,18.644949999999998,30.444000579159493,-1.5996980897927902,-1.546738090871482,-0.052959998921308094,13.078227025056469,5.436772974943532,7281078.45555
2022-05-19 00:00:00+00:00,6.81,7.26,6.64,7.22,5891795.13,9.02,12.992166666666668,18.53105,33.97083330657688,-1.552743595766926,-1.547939191850571,-0.00480440391635506,12.725547193060262,5.314452806939737,7423144.9235499995
2022-05-20 00:00:00+00:00,7.23,7.37,6.75,6.87,5326415.7,8.815999999999999,12.856666666666667,18.4071,32.45783418698804,-1.5261810309800863,-1.543587559676474,0.017406528696387813,12.523308457627543,5.108691542372455,7472649.42905
2022-05-21 00:00:00+00:00,6.86,7.12,6.77,7.06,2165477.61,8.6035,12.717166666666666,18.2811,34.17184823371802,-1.4728208331444703,-1.5294342143700734,0.05661338122560311,12.200194454634236,5.006805545365766,7379918.1110499995
2022-05-22 00:00:00+00:00,7.05,7.41,6.92,7.33,5525822.44,8.4115,12.575500000000002,18.15795,36.63277630657475,-1.3926916658015305,-1.502085704656365,0.10939403885483445,11.845991374278963,4.977008625721037,7459321.88555
2022-05-23 00:00:00+00:00,7.32,7.68,6.98,7.02,5136136.21,8.2065,12.423,18.03805,35.01426803323346,-1.3387706182729984,-1.4694226873796918,0.13065206910669347,11.45422089317979,4.95877910682021,7523114.6570500005
2022-05-24 00:00:00+00:00,7.03,7.81,6.72,7.23,5997773.04,7.958000000000001,12.283666666666667,17.9099,37.043483046575204,-1.2645160013401249,-1.4284413501717785,0.16392534883165366,10.660181341064375,5.2558186589356275,7584899.95455
2022-05-25 00:00:00+00:00,7.23,7.4,6.94,6.96,4738917.15,7.760499999999999,12.135833333333332,17.78445,35.50826977734347,-1.2134673299387,-1.3854465461251628,0.17197921618646284,10.12737536638421,5.393624633615787,7504528.722050001
2022-05-26 00:00:00+00:00,6.96,7.09,6.22,6.57,6011561.06,7.549499999999999,11.964166666666667,17.6556,33.35776983794565,-1.1907543557075124,-1.3465081080416328,0.15575375233412037,9.517214156069507,5.581785843930493,7538719.696500001
2022-05-27 00:00:00+00:00,6.57,6.71,6.2,6.29,6403701.79,7.3534999999999995,11.794,17.51475,31.865626668338734,-1.1817256225553567,-1.3135516109443777,0.13182598838902093,8.972095378714602,5.734904621285397,7726853.286299999
2022-05-28 00:00:00+00:00,6.29,6.66,6.21,6.58,3597414.0,7.182499999999999,11.620666666666667,17.37855,35.10349685865678,-1.1380509669796748,-1.278451482151437,0.14040051517176222,8.287830267384464,6.077169732615534,7705651.3832
2022-05-29 00:00:00+00:00,6.58,6.75,6.34,6.71,2495176.05,7.1129999999999995,11.445500000000001,17.24105,36.5589347328644,-1.0804933198251696,-1.2388598496861836,0.15836652986101396,8.15161638731352,6.074383612686478,7275472.711200001
2022-05-30 00:00:00+00:00,6.72,7.52,6.65,7.46,5964086.79,7.0565,11.288,17.1049,44.31769252738449,-0.963255923110669,-1.1837390643710806,0.22048314126041157,7.865036331896207,6.247963668103792,6874390.7983
2022-05-31 00:00:00+00:00,7.45,7.73,7.18,7.59,5256209.91,7.088500000000001,11.125499999999999,16.97155,45.56049656451479,-0.8500556160196995,-1.1170023747008044,0.26694675868110496,7.927720471626012,6.2492795283739895,6202467.99925
2022-06-01 00:00:00+00:00,7.59,7.77,6.75,6.93,6436515.03,7.106999999999999,10.950999999999999,16.836199999999998,40.6053759157434,-0.8043282458940721,-1.0544675489394582,0.250139303045386,7.914517182477369,6.299482817522629,5491812.2524999995
2022-06-02 00:00:00+00:00,6.93,7.25,6.81,7.19,3846549.94,7.108999999999999,10.769499999999999,16.7034,43.22498874836968,-0.7385950841615259,-0.9912930559838717,0.2526979718223459,7.917131177468231,6.3008688225317675,5196513.8345
2022-06-03 00:00:00+00:00,7.19,7.22,6.69,6.85,3738907.2,7.088500000000001,10.592,16.57745,40.697178201578126,-0.7058002128991427,-0.9341944873669259,0.22839427446778315,7.9010583055979335,6.275941694402068,5100367.618
2022-06-04 00:00:00+00:00,6.86,7.44,6.68,7.4,3007035.99,7.060499999999999,10.436333333333334,16.46865,46.180202240210754,-0.6281882742987097,-0.8729932447532828,0.24480497045457306,7.784805874611116,6.336194125388882,4997989.55
2022-06-05 00:00:00+00:00,7.41,7.89,7.25,7.64,5204882.16,7.0715,10.306833333333334,16.36095,48.421238761888276,-0.5410770600186137,-0.8066100078063491,0.2655329477877354,7.8234647598100455,6.319535240189955,4874108.111
2022-06-06 00:00:00+00:00,7.64,8.2,7.62,7.97,6805688.94,7.0840000000000005,10.177166666666666,16.268050000000002,51.416814090633984,-0.4403366264941093,-0.7333553315439012,0.2930187050497919,7.8853588459586526,6.2826411540413485,4950026.7135
2022-06-07 00:00:00+00:00,7.98,9.0,7.31,8.71,11449915.03,7.179,10.070166666666665,16.17025,57.39262177313268,-0.2973595161658613,-0.6461561684682933,0.34879665230243195,8.23722303887045,6.1207769611295495,5249999.0585
2022-06-08 00:00:00+00:00,8.72,9.0,8.23,8.7,12751229.89,7.253,9.958,16.07195,57.290070055587904,-0.18274942099511637,-0.5534748189736579,0.37072539797854154,8.502113285493447,6.003886714506553,5592970.7965
2022-06-09 00:00:00+00:00,8.71,9.64,8.49,9.27,12151419.13,7.373,9.8585,15.9734,61.51165602956958,-0.045402486932623276,-0.45186035256545104,0.40645786563282776,8.885284364792637,5.860715635207363,5934220.968
2022-06-10 00:00:00+00:00,9.27,9.54,8.0,8.04,12553253.98,7.422,9.763166666666667,15.87975,50.021661298005654,-0.035396741021180844,-0.368567630256597,0.33317088923541616,8.953921669014537,5.890078330985463,6453609.7865
2022-06-11 00:00:00+00:00,8.04,8.42,6.94,7.04,12079552.59,7.407500000000001,9.6475,15.780249999999999,42.9906750748741,-0.10692617951197292,-0.31623934010767224,0.20931316059569932,8.948095664019695,5.8669043359803075,6781296.294
2022-06-12 00:00:00+00:00,7.04,7.14,6.25,6.27,10758386.83,7.37,9.5155,15.683699999999998,38.502937912336,-0.22317373183938116,-0.29762621845401405,0.07445248661463288,8.981384497876366,5.758615502123634,7062408.825
2022-06-13 00:00:00+00:00,6.26,6.35,5.3,5.93,23703953.67,7.3050000000000015,9.386833333333332,15.5813,36.68206434301752,-0.33883009070741466,-0.30586699290469416,-0.0329630978027205,9.034294653896858,5.5757053461031445,7947717.8565
2022-06-14 00:00:00+00:00,5.92,6.88,5.39,6.74,22195143.72,7.294,9.264,15.4952,43.5333029539791,-0.36096735089510457,-0.31688706450277626,-0.044080286392328305,9.034694114425692,5.553305885574307,8820529.184999999
2022-06-15 00:00:00+00:00,6.73,7.38,5.83,7.33,28804901.14,7.332000000000001,9.1505,15.41135,47.95109828583004,-0.32713224305474764,-0.31893610021317054,-0.008196142841577103,9.040702431670377,5.623297568329624,9960196.189
2022-06-16 00:00:00+00:00,7.33,7.51,6.2,6.36,16785768.12,7.335499999999999,9.027666666666667,15.31935,42.11698465570051,-0.37427417003959906,-0.33000371417845625,-0.04427045586114281,9.035917301722215,5.635082698277784,10479299.5055
2022-06-17 00:00:00+00:00,6.36,6.74,6.26,6.36,8044145.27,7.3245000000000005,8.899333333333335,15.2262,42.11698465570052,-0.4069434955116096,-0.34539167044508695,-0.061551825066522625,9.047026922865433,5.601973077134568,10701636.069
2022-06-18 00:00:00+00:00,6.36,6.47,5.41,5.92,15948947.65,7.284999999999999,8.760666666666667,15.129250000000003,39.583376376557645,-0.4630013032687508,-0.36891359700981974,-0.09408770625893104,9.096038376179877,5.473961623820123,11374324.649
2022-06-19 00:00:00+00:00,5.92,6.82,5.83,6.6,9867779.28,7.242,8.637,15.03565,45.08181399564824,-0.4473998557477792,-0.38461084875741164,-0.06278900699036755,9.075080467408954,5.408919532591045,11569509.2735
2022-06-20 00:00:00+00:00,6.6,7.29,6.31,6.98,10165932.01,7.211499999999999,8.527166666666666,14.947799999999999,47.93349314520128,-0.39976453525986244,-0.38764158605790183,-0.012122949201960609,9.040699551715509,5.382300448284489,11814995.378500002
2022-06-21 00:00:00+00:00,6.98,7.57,6.75,6.86,9463662.53,7.208000000000001,8.415166666666666,14.865549999999999,47.101722481872706,-0.3674603435925796,-0.38360533756483745,0.016144993972257826,9.039606944733565,5.376393055266437,11966352.7535
2022-06-22 00:00:00+00:00,6.86,7.03,6.44,6.63,8513601.16,7.1800000000000015,8.303833333333333,14.795499999999999,45.47299164171561,-0.3563107878009184,-0.37814642761205364,0.021835639811135232,9.028891559826109,5.331108440173894,12199705.3145
2022-06-23 00:00:00+00:00,6.62,7.09,6.61,6.99,6672460.2,7.186999999999999,8.199333333333334,14.73305,48.47616275783635,-0.3147969103253896,-0.36547652415472087,0.05067961382933128,9.031896745077137,5.342103254922861,12346382.964499999
2022-06-24 00:00:00+00:00,6.99,7.44,6.95,7.26,6466777.49,7.1800000000000015,8.096333333333332,14.670350000000001,50.67058559558531,-0.2571459019291735,-0.3438103997096114,0.08666449778043789,9.022671972977346,5.337328027022658,12519370.039500002
2022-06-25 00:00:00+00:00,7.27,7.38,6.79,7.26,5651119.11,7.161,8.011166666666666,14.6012,50.67058559558531,-0.20904729532895594,-0.3168577788334803,0.10781048350452438,8.99210786137688,5.32989213862312,12541681.887
2022-06-26 00:00:00+00:00,7.27,7.49,6.68,6.7,5600782.15,7.097499999999999,7.9105,14.52015,45.96186041788204,-0.21365326115124805,-0.2962168752970339,0.08256361414578584,8.899841532561515,5.295158467438484,12481436.5475
2022-06-27 00:00:00+00:00,6.7,6.99,6.41,6.55,6501336.11,6.9895,7.808666666666666,14.451649999999999,44.76196208255461,-0.2267929407994682,-0.2823320883975208,0.05553914759805256,8.645307657910834,5.333692342089165,12234007.6015
2022-06-28 00:00:00+00:00,6.56,7.26,6.27,6.32,10657624.7,6.8705,7.7145,14.390449999999998,42.912065170725356,-0.25285060501617096,-0.2764357917212508,0.023585186705079864,8.350209093030156,5.390790906969843,12129327.342
2022-06-29 00:00:00+00:00,6.32,6.49,6.13,6.23,6958633.85,6.718500000000001,7.635833333333333,14.32175,42.17751949895592,-0.27756415270713575,-0.27666146391842783,-0.0009026887887079171,7.732231226704637,5.704768773295364,11869688.078
2022-06-30 00:00:00+00:00,6.23,6.32,5.88,6.27,6704771.13,6.63,7.551833333333334,14.25105,42.64740777095195,-0.290572611408523,-0.27944369341644687,-0.011128917992076104,7.4590235219799625,5.800976478020037,11577263.9355
2022-07-01 00:00:00+00:00,6.27,6.43,5.93,6.08,6544501.16,6.581999999999999,7.467,14.192549999999999,40.94532565030064,-0.3126097501471188,-0.2860769047625813,-0.026532845384537485,7.421609433008019,5.742390566991979,11300511.364
2022-07-02 00:00:00+00:00,6.07,6.29,5.98,6.22,2769828.44,6.5795,7.385333333333333,14.13145,42.75816992478355,-0.31514471924263354,-0.2918904676585918,-0.023254251584041763,7.423098838308855,5.735901161691146,10901083.444500001
2022-07-03 00:00:00+00:00,6.23,6.25,6.01,6.22,2777067.0,6.593999999999999,7.285666666666667,14.064099999999998,42.75816992478355,-0.31353941332894664,-0.29622025679266273,-0.01731915653628391,7.401648438366627,5.786351561633372,9854739.111000001
2022-07-04 00:00:00+00:00,6.22,6.46,6.02,6.43,4520606.05,6.5785,7.211,14.002450000000001,45.6600919915228,-0.2919564595409714,-0.2953674973423245,0.0034110378013531006,7.386244390259721,5.770755609740279,8971012.2275
2022-07-05 00:00:00+00:00,6.43,6.56,6.06,6.31,5814668.1,6.527500000000001,7.136333333333334,13.94275,44.27870987864128,-0.28129224834479505,-0.2925524475428186,0.011260199198023568,7.264734698041292,5.790265301958709,7821500.575499999
2022-07-06 00:00:00+00:00,6.31,6.42,6.17,6.34,3956691.82,6.5265,7.071833333333333,13.876750000000001,44.728903994768665,-0.2673383250618109,-0.2875096230466171,0.020171297984806213,7.264694418832894,5.788305581167107,7180046.760500001
2022-07-07 00:00:00+00:00,6.34,6.76,6.31,6.64,4475514.81,6.5405,7.015833333333333,13.81565,49.1530386710824,-0.2294275495544964,-0.275893208348193,0.046465658793696574,7.276148693328573,5.804851306671426,7001615.237499999
2022-07-08 00:00:00+00:00,6.64,6.84,6.33,6.36,6115037.79,6.5625,6.986833333333333,13.75355,45.49291712146949,-0.21944699837862736,-0.26460396635427985,0.045156967975652496,7.247156848352548,5.877843151647452,6509919.744499999
2022-07-09 00:00:00+00:00,6.35,6.59,6.34,6.48,2687603.38,6.5565,6.951666666666667,13.68885,47.303969200595006,-0.19955400815960012,-0.2515939747153439,0.05203996655574378,7.241840061572386,5.871159938427613,6150910.9495
2022-07-10 00:00:00+00:00,6.49,6.49,6.1,6.2,3373071.93,6.5175,6.939166666666666,13.6202,43.65884980724957,-0.20403039464714912,-0.24208125870170497,0.03805086405455585,7.1906678839606295,5.844332116039371,5811267.945499999
2022-07-11 00:00:00+00:00,6.2,6.43,5.98,6.04,4876457.92,6.4765,6.9305,13.539549999999998,41.68227948333509,-0.21797593511862168,-0.23726019398508832,0.019284258866466647,7.1610224612794084,5.791977538720591,5581907.715
2022-07-12 00:00:00+00:00,6.05,6.24,5.92,5.94,3787474.63,6.442,6.910333333333333,13.46185,40.44968608637393,-0.23439508010204335,-0.23668717120847935,0.002292091106435995,7.160793433467509,5.723206566532491,5345601.388499999
2022-07-13 00:00:00+00:00,5.95,6.19,5.7,6.175,6781550.56,6.40125,6.892250000000001,13.382224999999998,44.595998781539805,-0.22584147483147987,-0.23451803193307946,0.008676557101599591,7.082586003742645,5.719913996257355,5351055.9065
2022-07-14 00:00:00+00:00,6.176,6.387,5.993,6.275,7059352.99,6.352,6.864166666666667,13.298699999999998,46.309147696322746,-0.2085890322425037,-0.2293322319949643,0.02074319975246061,6.908968580797862,5.795031419202139,5380684.681500001
2022-07-15 00:00:00+00:00,6.275,6.457,6.121,6.325,9989551.15,6.30525,6.845916666666667,13.215225,47.18844875756895,-0.18870647429111198,-0.22120708045419385,0.03250060616308187,6.6750130998301085,5.9354869001698916,5597606.2835
2022-07-16 00:00:00+00:00,6.325,6.618,6.142,6.595,6864043.49,6.3,6.827166666666667,13.14635,51.780806235126065,-0.1494400089526593,-0.20685366615388695,0.05741365720122765,6.64962837412883,5.95037162587117,5660769.350500001
2022-07-17 00:00:00+00:00,6.596,6.715,6.32,6.347,5345851.61,6.2898499999999995,6.81945,13.079385,47.679596894978104,-0.1367561399957209,-0.19283416092225375,0.05607802092653286,6.6211651218944985,5.9585348781055005,5602995.1255
2022-07-18 00:00:00+00:00,6.347,7.149,6.329,7.037,10405880.84,6.3257,6.8164,13.01492,57.714565542240464,-0.07021742625457872,-0.16831081398871878,0.09809338773414006,6.790558731224849,5.860841268775151,5590407.9325
2022-07-19 00:00:00+00:00,7.037,7.37,6.734,7.254,11657400.23,6.3769,6.8228,12.95364,60.29384332340876,2.4784525571419636e-05,-0.13464369428586073,0.13466847881143215,6.990189784682569,5.763610215317431,5825346.2515
2022-07-20 00:00:00+00:00,7.255,7.581,6.83,6.867,9617554.21,6.406750000000001,6.819583333333333,12.884175,53.971113651794276,0.02418577833308877,-0.10287779976207083,0.1270635780951596,7.053522255122311,5.75997774487769,5970985.4055
2022-07-21 00:00:00+00:00,6.867,7.055,6.645,6.994,6368824.05,6.452450000000001,6.813983333333334,12.809795000000001,55.61599864285195,0.05297076461153605,-0.07170808688734946,0.12467885149888551,7.12889644281422,5.776003557185781,5962201.55
2022-07-22 00:00:00+00:00,6.994,7.285,6.744,6.782,6994223.62,6.480549999999999,6.810016666666667,12.725105,52.25876885461271,0.058007767939534105,-0.04576491592197275,0.10377268386150686,7.162704960398309,5.798395039601689,6173421.309
2022-07-23 00:00:00+00:00,6.783,7.03,6.608,6.844,4232714.82,6.511749999999999,6.803583333333334,12.642225000000002,53.14947872981051,0.06623894982967826,-0.023364142771642546,0.08960309260132081,7.20043247400092,5.823067525999079,6246203.7
2022-07-24 00:00:00+00:00,6.844,7.247,6.841,7.094,4994618.62,6.54495,6.805816666666667,12.551495,56.660695133336695,0.09187604162589302,-0.00031610589213543205,0.09219214751802846,7.277303050103594,5.812596949896406,6269904.328500001
2022-07-25 00:00:00+00:00,7.093,7.145,6.411,6.431,6144463.03,6.551,6.8035,12.45675,46.671071156007685,0.05802617290069456,0.011352349866430567,0.046673823034264,7.277464864942578,5.824535135057422,6286394.075
2022-07-26 00:00:00+00:00,6.431,6.448,6.077,6.341,5500963.87,6.551049999999999,6.80435,12.358554999999999,45.49839792386788,0.023664866373537485,0.013814853167851951,0.009850013205685534,7.277456903874156,5.824643096125842,6363607.6775
2022-07-27 00:00:00+00:00,6.341,6.869,6.187,6.86,5426141.68,6.562049999999999,6.8090166666666665,12.266255000000001,52.854958236952235,0.03787563913575287,0.018627010361432137,0.019248628774320733,7.300081564362962,5.824018435637036,6411139.021
2022-07-28 00:00:00+00:00,6.86,7.295,6.677,7.217,6859329.18,6.604899999999999,6.817466666666666,12.164640000000002,57.14043219464725,0.07705643672283635,0.030312895633712984,0.04674354108912337,7.389102244319698,5.8206977556803,6448353.5905
2022-07-29 00:00:00+00:00,7.218,8.118,7.11,7.883,12769838.65,6.675050000000001,6.824516666666667,12.064155000000001,63.75886704128537,0.1600037119067581,0.05625105888832201,0.10375265301843609,7.63363071647414,5.7164692835258615,6952465.353999999
2022-07-30 00:00:00+00:00,7.883,8.21,7.668,7.82,8374838.83,6.75605,6.8283499999999995,11.970305000000002,62.77140510362509,0.21814184816872828,0.08862921674440327,0.129512631424325,7.809463779099218,5.702636220900782,7202553.698999999
2022-07-31 00:00:00+00:00,7.82,8.092,7.578,7.651,6185487.29,6.836600000000002,6.840366666666666,11.87481,60.083192503170366,0.24772424155723716,0.12044822170697006,0.1272760198502671,7.904948707115857,5.7682512928841465,7268005.1674999995
2022-08-01 00:00:00+00:00,7.652,7.88,7.407,7.57,5133233.8,6.9181,6.846699999999999,11.78836,58.78379396951352,0.2616167236529945,0.14868192209617495,0.11293480155681954,7.948438177491324,5.887761822508676,7335293.126
2022-08-02 00:00:00+00:00,7.572,7.665,7.02,7.177,7189977.1,6.9682,6.85215,11.695644999999999,52.815589198214624,0.238169332432828,0.16657940416350558,0.07158992826932242,7.945196949839741,5.99120305016026,7355714.453
2022-08-03 00:00:00+00:00,7.179,7.638,7.05,7.284,4537931.2,7.018649999999999,6.850216666666666,11.606214999999999,54.17960939483005,0.22562030133517297,0.17838758359783907,0.047232717737333896,7.950413333683061,6.086886666316937,7229643.363500001
2022-08-04 00:00:00+00:00,7.284,7.54,7.176,7.364,3904773.33,7.070600000000001,6.845616666666667,11.515535,55.221876536845194,0.2195990342206553,0.1866298737224023,0.03296916049825299,7.95660844239555,6.184591557604452,6925404.472499999
2022-08-05 00:00:00+00:00,7.364,7.9,7.348,7.878,5243900.93,7.134750000000001,6.844083333333334,11.435975000000001,61.31113082890489,0.253381813156909,0.19998026160930366,0.05340155154760534,8.058703434971811,6.2107965650281916,6844397.3445
2022-08-06 00:00:00+00:00,7.88,8.11,7.735,7.792,3210801.4,7.207000000000001,6.828783333333333,11.360135,59.84475817330391,0.2701018614613009,0.21400458157970312,0.05609727988159777,8.098681108915192,6.315318891084809,6737644.834000001
2022-08-07 00:00:00+00:00,7.792,8.375,7.658,8.343,4206785.59,7.2722999999999995,6.8228333333333335,11.294099999999998,65.5326435246862,0.32407794646945653,0.23601925455765382,0.08805869191180271,8.287365534828291,6.257234465171709,6427690.0715
2022-08-08 00:00:00+00:00,8.343,8.78,8.224,8.608,8106496.09,7.340000000000001,6.811800000000001,11.236290000000002,67.88849651767609,0.38381330712861583,0.2655780650718462,0.11823524205676961,8.509947349241095,6.170052650758906,6250144.8645
2022-08-09 00:00:00+00:00,8.605,8.953,8.27,8.742,9851012.47,7.433749999999999,6.8235,11.1929,69.0408170728125,0.43693003348974013,0.29984845875542504,0.1370815747343151,8.730667711343433,6.136832288656565,6261817.7775
2022-08-10 00:00:00+00:00,8.74,9.3,8.297,9.055,9014475.12,7.5367999999999995,6.857083333333333,11.158925000000002,71.60407826291738,0.4985351036189414,0.3395857877281283,0.15894931589081307,8.995063570139608,6.0785364298603906,6394100.331
2022-08-11 00:00:00+00:00,9.056,9.227,8.823,8.958,6036670.62,7.6456,6.901883333333333,11.120515000000001,69.67870247290354,0.533381980744454,0.37834502633139344,0.15503695441306053,9.184820633956143,6.106379366043857,6346222.681
2022-08-12 00:00:00+00:00,8.96,9.5,8.8,9.324,7821288.89,7.769600000000001,6.95845,11.089234999999999,72.6653582341399,0.5838018191676397,0.4194363848986427,0.16436543426899702,9.425676375049289,6.113523624950715,6525651.3845
2022-08-13 00:00:00+00:00,9.326,9.482,9.06,9.144,3780601.51,7.872099999999999,6.998516666666666,11.057505,69.06243209830994,0.6022925550357456,0.45600761892606334,0.1462849361096823,9.600414774569844,6.143785225430154,6464950.529
2022-08-14 00:00:00+00:00,9.147,9.369,8.677,8.765,4419480.65,7.9888,7.022433333333334,11.02518,62.08253861221174,0.5796822477525163,0.48074254469135397,0.09893970306116234,9.624861319143157,6.352738680856843,6378701.409999999
2022-08-15 00:00:00+00:00,8.768,9.057,8.493,8.646,5174239.24,8.104049999999999,7.060533333333334,10.99231,60.031021722418956,0.5458686765448295,0.4937677710620491,0.0521009054827804,9.576089330315762,6.632010669684236,6362365.1785
2022-08-16 00:00:00+00:00,8.644,8.826,8.37,8.452,3458071.07,8.18365,7.095400000000001,10.953819999999999,56.73925743573145,0.49768005321635833,0.494550227492911,0.0031298257234473326,9.546087855462224,6.821212144537777,6263961.648
2022-08-17 00:00:00+00:00,8.45,8.749,7.99,8.061,5048616.87,8.22585,7.131083333333334,10.912975,50.70450756415276,0.42306298305056167,0.48025277860444116,-0.057189795553879486,9.516291672450372,6.935408327549627,6173426.032500001
2022-08-18 00:00:00+00:00,8.061,8.241,7.615,7.649,3942547.81,8.21415,7.1485666666666665,10.862369999999999,45.243901841186414,0.3269149880995741,0.4495852205034678,-0.12267023240389369,9.520953011167524,6.907346988832475,5732061.4905
2022-08-19 00:00:00+00:00,7.647,7.701,6.816,6.899,8503684.17,8.168099999999999,7.147216666666667,10.811115000000003,37.356871974475204,0.1880307756667534,0.39727433153612496,-0.20924355586937154,9.587291586783298,6.7489084132167,5738503.7575
2022-08-20 00:00:00+00:00,6.898,7.207,6.66,6.9,5183524.99,8.130550000000001,7.147883333333334,10.760715,37.3725482033381,0.07715532973600592,0.33325053117610115,-0.25609520144009523,9.639391207681076,6.621708792318926,5688405.6425
2022-08-21 00:00:00+00:00,6.899,7.177,6.88,7.082,3494331.78,8.10615,7.155416666666667,10.717225000000001,40.30069924698933,0.003926358368770977,0.2673856966146351,-0.26345933824586415,9.665402548497669,6.546897451502329,5606460.5415
2022-08-22 00:00:00+00:00,7.083,7.088,6.68,7.044,3717077.28,8.0995,7.156316666666667,10.670945,39.88142680949714,-0.05652285120235323,0.20260398705123744,-0.2591268382535907,9.675590162394423,6.523409837605579,5432815.5505
2022-08-23 00:00:00+00:00,7.043,7.355,6.772,7.241,4171438.41,8.09735,7.156000000000001,10.61965,43.18162379079453,-0.08752410826004642,0.1445783679889807,-0.2321024762490271,9.67799483992973,6.516705160070272,5414490.911
2022-08-24 00:00:00+00:00,7.243,7.376,7.016,7.124,2677109.42,8.08535,7.153733333333334,10.566469999999999,41.71692668630395,-0.12014875002023206,0.09163294438713813,-0.2117816944073702,9.691520510872515,6.479179489127485,5353107.7155
2022-08-25 00:00:00+00:00,7.123,7.372,6.998,7.124,3854369.74,8.04765,7.160799999999999,10.51174,41.71692668630395,-0.14434015025946323,0.04443832545781787,-0.1887784757172811,9.706064456641181,6.38923554335882,5283631.1559999995
2022-08-26 00:00:00+00:00,7.125,7.187,6.404,6.504,5882866.0,7.98325,7.160033333333334,10.449860000000001,34.52071636815833,-0.21110731397670168,-0.006670802429086041,-0.20443651154761563,9.771335218885397,6.195164781114602,5417234.386
2022-08-27 00:00:00+00:00,6.501,6.614,6.414,6.529,3261835.63,7.89255,7.163516666666666,10.390605,35.00755765490264,-0.2590176865303597,-0.05714017924934078,-0.20187750728101894,9.779724446095647,6.005375553904352,5369986.888
2022-08-28 00:00:00+00:00,6.531,6.634,6.226,6.255,3410582.54,7.7749,7.1639333333333335,10.32853,32.183270234635955,-0.3154600845535347,-0.10880416031017957,-0.2066559242433551,9.759843717085293,5.789956282914707,5135191.2105
2022-08-29 00:00:00+00:00,6.255,6.734,6.2,6.7,3497049.43,7.6728000000000005,7.171099999999999,10.27453,40.56922649992334,-0.32058777434885943,-0.15116088311791553,-0.1694268912309439,9.658330014881757,5.6872699851182436,4817493.0585
2022-08-30 00:00:00+00:00,6.699,6.827,6.366,6.556,3526118.71,7.5478499999999995,7.179033333333334,10.22626,38.893215872259915,-0.33243895268595036,-0.18741649703152252,-0.14502245565442784,9.483626978372332,5.612073021627668,4543075.238
2022-08-31 00:00:00+00:00,6.558,6.9,6.545,6.627,3745292.73,7.4313,7.185816666666667,10.179644999999999,40.204890879387705,-0.3322717681616085,-0.21638755125753972,-0.1158842169040688,9.29269335982384,5.569906640176161,4428506.3435
2022-09-01 00:00:00+00:00,6.627,6.961,6.445,6.925,3358074.69,7.311349999999999,7.197566666666666,10.136270000000001,45.493347256785114,-0.30458213050679284,-0.23402646710739033,-0.0705556633994025,8.96726017570285,5.655439824297149,4205345.6335
2022-09-02 00:00:00+00:00,6.924,7.24,6.787,6.926,3995703.78,7.200450000000001,7.205833333333333,10.0914,45.51076301590918,-0.27933717644097644,-0.24308860897410758,-0.03624856746686886,8.632518779771493,5.768381220228509,4216100.7469999995
2022-09-03 00:00:00+00:00,6.926,6.966,6.721,6.859,1632727.92,7.10515,7.2149833333333335,10.038995,44.48518712166421,-0.2617197659741288,-0.24681484037411183,-0.014904925600016994,8.349435702721117,5.8608642972788845,4076763.1105000004
2022-09-04 00:00:00+00:00,6.859,7.278,6.79,7.156,4063993.58,7.03065,7.228583333333334,9.989175,49.87724955465795,-0.22124208237789045,-0.24170028877486757,0.020458206396977124,8.056183670825174,6.005116329174824,4021250.8274999997
2022-09-05 00:00:00+00:00,7.153,7.424,7.094,7.375,4038036.05,6.9768,7.240833333333334,9.9481,53.46634913265758,-0.16953743474690164,-0.22726771796927442,0.05773028322237278,7.789073500734908,6.164526499265092,4050249.0765
2022-09-06 00:00:00+00:00,7.375,7.568,6.576,6.659,5614260.23,6.906700000000001,7.245816666666667,9.905445,42.700720248673974,-0.18421285401325616,-0.2186567451780708,0.03444389116481464,7.5587994095965145,6.254600590403487,4078531.2445
2022-09-07 00:00:00+00:00,6.656,7.15,6.57,7.085,4855936.5,6.8785,7.2559,9.86332,49.24843262860982,-0.1596284918542663,-0.2068510945133099,0.0472226026590436,7.442600168406386,6.314399831593613,4124200.679
2022-09-08 00:00:00+00:00,7.086,7.5,7.006,7.406,5886218.74,6.90385,7.276,9.827350000000001,53.55525654464546,-0.11294127373136398,-0.18806913035692074,0.07512785662555677,7.513116534446231,6.294583465553769,3993327.4074999997
2022-09-09 00:00:00+00:00,7.406,8.099,7.392,7.742,7480952.81,6.945949999999999,7.304366666666667,9.79851,57.610226845151466,-0.048272470088274844,-0.16010979830319158,0.11183732821491674,7.6563106056054435,6.235589394394554,4108198.7985
2022-09-10 00:00:00+00:00,7.746,8.034,7.616,7.904,6041837.88,6.987050000000001,7.3371,9.76808,59.448534047132455,0.015867162054751915,-0.12491440623160288,0.1407815682863548,7.810290784944567,6.163809215055434,4235574.103499999
2022-09-11 00:00:00+00:00,7.906,8.173,7.732,8.028,5046847.02,7.03625,7.367983333333332,9.74147,60.84812434381951,0.07582992613199835,-0.08476553975888264,0.16059546589088097,7.976520998168167,6.095979001831833,4302062.5905
2022-09-12 00:00:00+00:00,8.029,8.3,7.609,7.762,6491820.37,7.0623000000000005,7.392766666666666,9.71393,56.354779463577344,0.10072576777505926,-0.047667278252094256,0.14839304602715353,8.051417404556288,6.073182595443712,4418081.6885
2022-09-13 00:00:00+00:00,7.759,7.963,7.02,7.025,7208485.39,7.057350000000001,7.404433333333333,9.677255,46.17957731462807,0.06029116202218621,-0.026075590197238166,0.08636675221942437,8.04617359902875,6.068526400971253,4644650.487
2022-09-14 00:00:00+00:00,7.024,7.54,6.982,7.456,5913599.99,7.073949999999999,7.418783333333334,9.640934999999999,51.67474456849004,0.06230631521270258,-0.008399209115250019,0.0707055243279526,8.077725766790657,6.070174233209342,4747611.999500001
2022-09-15 00:00:00+00:00,7.454,7.605,7.011,7.566,7092549.47,7.12705,7.4391,9.610565,52.99387683563897,0.07195002423418817,0.007670637554637619,0.06427938667955055,8.116868867266222,6.137231132733778,4808096.173
2022-09-16 00:00:00+00:00,7.568,7.803,7.419,7.656,6626471.8,7.183400000000001,7.449416666666667,9.573195,54.09790760142314,0.08586518059878046,0.02330954616346619,0.06255563443531427,8.158830653607012,6.207969346392988,4976327.9815
2022-09-17 00:00:00+00:00,7.657,8.143,7.641,8.092,5062423.99,7.27525,7.463383333333334,9.536905,59.10849354126157,0.13056947483771886,0.04476153189831672,0.08580794293940214,8.22942228527988,6.32107771472012,5058920.054
2022-09-18 00:00:00+00:00,8.092,8.14,7.402,7.523,5466342.65,7.316399999999999,7.474316666666667,9.498119999999998,51.24653107729293,0.11871592217776783,0.05955240995420694,0.059163512223560887,8.238226968577205,6.3945730314227935,5157384.715
2022-09-19 00:00:00+00:00,7.524,7.677,7.005,7.301,7816123.17,7.35365,7.479433333333334,9.460175,48.53413113929946,0.09036666100911361,0.06571526016518828,0.024651400843925336,8.207242707323728,6.5000572926762725,5371884.938
2022-09-20 00:00:00+00:00,7.3,7.337,6.81,6.883,5309023.06,7.36645,7.481116666666666,9.42594,43.83010472393741,0.03378115256063463,0.05932843864427755,-0.02554728608364292,8.18294457438262,6.549955425617381,5450071.4545
2022-09-21 00:00:00+00:00,6.884,7.318,6.519,6.68,8284440.77,7.3542000000000005,7.4783833333333325,9.38919,41.71552230215383,-0.02713092559769592,0.04203656579588286,-0.06916749139357878,8.203511627140623,6.504888372859378,5696389.7585
2022-09-22 00:00:00+00:00,6.679,7.176,6.638,7.123,4570101.39,7.364050000000001,7.478866666666666,9.358205,47.65096554966537,-0.03920584807960559,0.025788083020785172,-0.06499393110039076,8.197693682874316,6.530406317125684,5725109.639
2022-09-23 00:00:00+00:00,7.123,7.492,6.963,7.449,7636318.05,7.393549999999999,7.495833333333334,9.33205,51.560278536203505,-0.02221376913432671,0.016187712589762794,-0.038401481724089505,8.194742230364387,6.592357769635611,6025289.1455
2022-09-24 00:00:00+00:00,7.45,7.874,7.371,7.629,6935588.81,7.417199999999999,7.5173000000000005,9.304795,53.61978932735567,0.005711235955386584,0.014092417262887551,-0.008381181307500967,8.216870582175103,6.617529417824896,6168868.907
2022-09-25 00:00:00+00:00,7.629,8.078,7.563,7.865,8545949.27,7.4417,7.53405,9.27407,56.246426835362534,0.04635092671279217,0.020544119152868474,0.0258068075599237,8.26439121789179,6.61900878210821,6394264.568
2022-09-26 00:00:00+00:00,7.866,7.957,7.465,7.945,6539945.09,7.5059999999999985,7.5461833333333335,9.247945,57.132677252868696,0.08404469096189526,0.03324423351467383,0.050800457447221434,8.273086175078323,6.738913824921673,6440548.811
2022-09-27 00:00:00+00:00,7.942,8.399,7.651,8.056,11918766.06,7.554550000000001,7.549066666666667,9.222975,58.39200111138489,0.12147376903783869,0.0508901406193068,0.07058362841853189,8.3317530558331,6.777346944166901,6793690.289
2022-09-28 00:00:00+00:00,8.056,8.54,7.722,7.795,16016947.82,7.574,7.54865,9.1962,54.348991513171235,0.12859371603138037,0.06643085570172153,0.06216286032965884,8.354820850129089,6.793179149870911,7300226.743000001
2022-09-29 00:00:00+00:00,7.795,7.949,7.57,7.899,7686852.42,7.58185,7.552783333333334,9.172194999999999,55.66622758845728,0.1410028629233988,0.08134525714605698,0.05965760577734183,8.37236559756675,6.79133440243325,7310521.7235
2022-09-30 00:00:00+00:00,7.904,7.919,7.505,7.585,5589081.1,7.565899999999999,7.5530333333333335,9.14307,50.89159161493404,0.12406982572571046,0.08989017086198767,0.03417965486372279,8.342522920081754,6.789277079918245,7287883.8845
2022-10-01 00:00:00+00:00,7.584,7.646,7.313,7.394,3432480.55,7.5342,7.55665,9.11159,48.184256362266105,0.09415283275628816,0.09074270324084777,0.0034101295154403966,8.284084151050216,6.784315848949785,7207165.561
2022-10-02 00:00:00+00:00,7.393,7.545,7.09,7.11,4104285.81,7.501599999999999,7.55375,9.07384,44.40186170957795,0.046985355840003074,0.08199123376067884,-0.03500587792067576,8.2655932983975,6.737606701602498,7087788.833
2022-10-03 00:00:00+00:00,7.111,7.354,7.01,7.33,5135856.74,7.51685,7.553183333333333,9.038490000000001,47.81900403946196,0.02704519180769971,0.07100202537008302,-0.04395683356238331,8.2538814172383,6.7798185827617,6984157.4004999995
2022-10-04 00:00:00+00:00,7.328,7.83,7.323,7.723,6319868.05,7.530200000000001,7.5506,9.002055,53.33641658561124,0.042464776206234234,0.06529457553731327,-0.022829799331079037,8.271996090577662,6.78840390942234,7004470.803499999
2022-10-05 00:00:00+00:00,7.724,7.943,7.585,7.875,6151566.03,7.54565,7.551983333333334,8.96638,55.304843425035756,0.06618707422552905,0.06547307527495642,0.000713998950572628,8.302503823400732,6.788796176599269,6957421.6315
2022-10-06 00:00:00+00:00,7.876,7.939,7.595,7.632,4060166.94,7.544449999999999,7.540133333333333,8.93184,51.560258804104656,0.06463403621528307,0.06530526746302176,-0.000671231247738685,8.300676017799113,6.788223982200886,6829106.3885
2022-10-07 00:00:00+00:00,7.63,7.802,7.473,7.606,4087837.73,7.520150000000001,7.523433333333333,8.89487,51.16111240213177,0.060606624256084096,0.06436553882163423,-0.0037589145655501366,8.234510770196895,6.805789229803108,6780377.075499999
2022-10-08 00:00:00+00:00,7.606,7.656,7.339,7.455,2060120.82,7.51675,7.501983333333333,8.854995,48.79839930208766,0.04471498668969076,0.06043542839524554,-0.015720441705554776,8.23167121943351,6.80182878056649,6610065.983999999
2022-10-09 00:00:00+00:00,7.455,7.657,7.417,7.63,1649107.98,7.533199999999999,7.478233333333334,8.813995,51.58877613287447,0.04571481495887397,0.05749130570797123,-0.011776490749097257,8.24262613427777,6.823773865722228,6301715.2245
2022-10-10 00:00:00+00:00,7.628,7.733,7.321,7.335,3592487.93,7.5558,7.451183333333334,8.769820000000001,46.944357400185716,0.022444426110412863,0.050481929788459556,-0.028037503678046694,8.207372743441827,6.9042272565581735,6215888.467999999
2022-10-11 00:00:00+00:00,7.334,7.384,7.068,7.135,4132067.46,7.57855,7.4147,8.727545,44.04898323892174,-0.011997552914570164,0.037986033247853615,-0.04998358616242378,8.13035267306014,7.026747326939861,6008269.8025
2022-10-12 00:00:00+00:00,7.135,7.278,7.087,7.145,2205045.13,7.579649999999999,7.381383333333333,8.68412,44.23418454313722,-0.038047564368165254,0.022779313724649843,-0.0608268780928151,8.127892017722386,7.031407982277611,5890016.989499999
2022-10-13 00:00:00+00:00,7.145,7.157,6.306,7.027,7403456.5,7.558549999999999,7.352416666666667,8.634905,42.44865641252555,-0.0674366324372988,0.004736124492260112,-0.07217275692955892,8.155591866200611,6.961508133799388,5878373.912
2022-10-14 00:00:00+00:00,7.026,7.25,6.796,6.887,4417987.63,7.521449999999999,7.323099999999999,8.58684,40.3667410413565,-0.10086183810471372,-0.016383468027134654,-0.08447837007757907,8.18489298172209,6.858007018277908,5752493.853
2022-10-15 00:00:00+00:00,6.886,6.991,6.818,6.886,1997815.4,7.472500000000001,7.297,8.53637,40.351517501703114,-0.12598002672613973,-0.03830277976693567,-0.08767724695920406,8.170873968584372,6.774126031415629,5425087.1595
2022-10-16 00:00:00+00:00,6.886,7.237,6.876,7.173,2251234.69,7.4338999999999995,7.2822000000000005,8.486135,46.578461057999675,-0.12132926252097587,-0.05490807631774371,-0.06642118620323215,8.108477764232022,6.759322235767977,5210651.6395
2022-10-17 00:00:00+00:00,7.167,7.374,7.067,7.328,3223224.95,7.397499999999999,7.27685,8.438225,49.636386530995125,-0.10393815936854178,-0.06471409292790334,-0.039224066440638444,8.009542972344477,6.785457027655521,4775874.584
2022-10-18 00:00:00+00:00,7.33,7.372,6.963,7.127,3812172.36,7.3641000000000005,7.28065,8.38716,45.96220664376695,-0.10516235878622382,-0.07280374609956744,-0.03235861268665638,7.958378688828949,6.769821311171052,4165635.8109999998
2022-10-19 00:00:00+00:00,7.126,7.135,6.698,6.772,2898811.58,7.30775,7.2785166666666665,8.33402,40.289742854879975,-0.1332421462640525,-0.08489142613246445,-0.04835072013158806,7.902189862388315,6.7133101376116855,3926233.769
2022-10-20 00:00:00+00:00,6.773,6.912,6.601,6.657,3053738.2,7.26135,7.2714333333333325,8.276905000000001,38.62666623246079,-0.16289733991461297,-0.10049260888889416,-0.06240473102571881,7.904831553734236,6.617868446265764,3799466.6240000003
2022-10-21 00:00:00+00:00,6.658,6.847,6.444,6.809,3884356.73,7.2321,7.267516666666666,8.22345,42.032569018307946,-0.17214972992670852,-0.11482403309645706,-0.05732569683025146,7.901466237568207,6.562733762431793,3822060.4329999997
2022-10-22 00:00:00+00:00,6.81,6.931,6.725,6.868,1242501.08,7.220000000000001,7.2613,8.17409,43.34679522316169,-0.1727303804498419,-0.12640530256713403,-0.04632507788270787,7.906292648945197,6.5337073510548045,3678971.1965000005
2022-10-23 00:00:00+00:00,6.87,7.092,6.799,7.066,2603397.53,7.206799999999999,7.2603333333333335,8.13237,47.63727784102427,-0.15542199689446257,-0.13220864143259975,-0.023213355461862817,7.8942764286840745,6.519323571315924,3552348.236
2022-10-24 00:00:00+00:00,7.067,7.086,6.791,6.906,3517550.87,7.16595,7.2566999999999995,8.088149999999999,44.691843094538875,-0.1528536394434461,-0.13633764103476903,-0.01651599840867707,7.822267446055031,6.509632553944968,3412232.3770000003
2022-10-25 00:00:00+00:00,6.908,7.28,6.814,7.063,5408134.51,7.125349999999999,7.266016666666667,8.047815,48.08394218077672,-0.1365752552360293,-0.1363851638750211,-0.00019009136100822666,7.6960763004244575,6.554623699575541,3375060.801
2022-10-26 00:00:00+00:00,7.063,7.29,7.027,7.157,4195506.95,7.1016,7.276483333333333,8.00645,50.05886722468423,-0.11476654675174469,-0.13206144045036583,0.01729489369862114,7.623456072108185,6.5797439278918155,3381827.8015
2022-10-27 00:00:00+00:00,7.158,7.365,6.858,6.892,4318895.49,7.065899999999999,7.2871,7.96471,44.87604632863683,-0.11751167205036239,-0.12915148677036514,0.01163981472000275,7.5403874708526795,6.591412529147319,3393380.6894999994
2022-10-28 00:00:00+00:00,6.893,7.2,6.83,7.109,3195848.02,7.0486,7.293916666666666,7.931455,49.48793533940365,-0.10101270558004405,-0.12352373053230092,0.022511024952256875,7.489091725230076,6.608108274769925,3450167.0495000007
2022-10-29 00:00:00+00:00,7.108,7.661,7.076,7.636,5922885.58,7.048900000000001,7.311916666666666,7.899735,58.55636164500779,-0.04489513691435221,-0.1077980118087112,0.06290287489435899,7.490980490404371,6.60681950959563,3663855.9295
2022-10-30 00:00:00+00:00,7.637,7.932,7.48,7.782,6277383.29,7.071250000000001,7.331166666666666,7.867695,60.663345246951955,0.011229968301380566,-0.08399241578669285,0.09522238408807342,7.604685609981351,6.537814390018651,3798100.6974999993
2022-10-31 00:00:00+00:00,7.783,8.333,7.664,7.857,8476588.97,7.107350000000001,7.3467,7.838730000000001,61.73943320320142,0.061057558219104635,-0.05498242098553336,0.11603997920463799,7.741391410316539,6.473308589683463,4015326.7730000005
2022-11-01 00:00:00+00:00,7.854,7.923,7.63,7.684,3790469.73,7.1343000000000005,7.359333333333334,7.8065999999999995,57.8109070117953,0.08559988583875633,-0.026865959620675423,0.11246584545943175,7.816447227507517,6.452152772492484,4094598.003
2022-11-02 00:00:00+00:00,7.683,8.0,7.338,7.437,8337674.08,7.1548,7.368966666666666,7.773085000000001,52.658922846652565,0.08414900422066207,-0.004662966852407923,0.08881197107307,7.847379699382098,6.4622203006179015,4141308.882
2022-11-03 00:00:00+00:00,7.436,8.02,7.388,7.72,8014383.31,7.1964500000000005,7.3783666666666665,7.743035,57.34888454269828,0.10462880917263195,0.017195388352600056,0.0874334208200319,7.919135678560333,6.473764321439668,4321128.665999999
2022-11-04 00:00:00+00:00,7.72,8.898,7.66,8.715,11886503.72,7.287899999999999,7.4007,7.71631,68.98336839020548,0.19885510867434508,0.05352733241694906,0.145327776257396,8.252651346200786,6.323148653799211,4815563.082
2022-11-05 00:00:00+00:00,8.715,9.008,8.562,8.663,6375166.7,7.362400000000001,7.4341,7.688425,67.94030863562693,0.2662648292677181,0.09607483178710288,0.17018999748061522,8.49557419666892,6.229225803331081,5021759.6825
2022-11-06 00:00:00+00:00,8.664,8.772,8.094,8.101,5402107.02,7.401050000000001,7.451033333333333,7.658829999999999,57.77297291919356,0.2712124470628936,0.13110235484226104,0.14011009222063256,8.578750212276564,6.223349787723437,5130703.786
2022-11-07 00:00:00+00:00,8.101,9.261,7.895,8.956,11376076.89,7.4925,7.476866666666667,7.63576,66.08775193451046,0.34020317385896615,0.17292251864560207,0.16728065521336408,8.842343916901612,6.142656083098388,5508899.0125
2022-11-08 00:00:00+00:00,8.956,9.47,6.578,7.708,36115113.39,7.5393,7.476299999999999,7.6064,50.467029887221635,0.2908232227862717,0.196502659473736,0.09432056331253572,8.850323127178273,6.228276872821727,7169714.103
2022-11-09 00:00:00+00:00,7.708,7.9,5.775,6.231,23647479.31,7.518000000000001,7.448416666666666,7.571005,38.7834246545207,0.13099764034713868,0.18340165564841654,-0.05240401530127786,8.897712288847314,6.138287711152687,8199401.158499999
2022-11-10 00:00:00+00:00,6.232,7.51,6.087,7.21,18632257.98,7.53805,7.434783333333334,7.540755000000001,47.465106467053246,0.08238218242078332,0.1631977610028899,-0.08081557858210658,8.887284816477955,6.188815183522046,8936796.220999999
2022-11-11 00:00:00+00:00,7.209,7.339,6.513,7.044,11210254.17,7.546850000000001,7.422816666666667,7.508775000000001,46.26694395194085,0.03011215490103858,0.13658063978251964,-0.10646848488148106,8.880697258870484,6.213002741129518,9435183.875500001
2022-11-12 00:00:00+00:00,7.045,7.074,6.158,6.281,15181553.03,7.507600000000001,7.410416666666666,7.47833,41.12793570861352,-0.0720494011888011,0.0948546315882555,-0.1669040327770566,8.938410315868701,6.076789684131301,10064091.650500001
2022-11-13 00:00:00+00:00,6.28,6.545,5.94,6.078,7288028.03,7.466200000000001,7.387449999999999,7.4450199999999995,39.85942054146709,-0.16746316278410323,0.04239107271378375,-0.20985423549788698,9.007864373330422,5.92453562666958,10252615.5085
2022-11-14 00:00:00+00:00,6.077,6.438,5.69,6.291,12214030.16,7.427600000000001,7.3662,7.413175,41.88484658433741,-0.22331766930140073,-0.010750675689253149,-0.2125669936121476,9.044533566970602,5.8106664330294,10592910.291
2022-11-15 00:00:00+00:00,6.291,6.672,6.207,6.421,9028489.34,7.3908000000000005,7.3456166666666665,7.38543,43.14341827756158,-0.25416302148103487,-0.0594331448476095,-0.19472987663342536,9.063241640236292,5.718358359763709,10834559.410500001
2022-11-16 00:00:00+00:00,6.421,6.564,6.077,6.179,6291977.07,7.35515,7.313733333333333,7.361575,41.348260948177035,-0.2947380065621603,-0.10649411719051967,-0.18824388937164066,9.097535981921414,5.612764018078586,10933213.4895
2022-11-17 00:00:00+00:00,6.18,6.342,6.029,6.225,4888412.25,7.31095,7.2921000000000005,7.33615,41.84361137795074,-0.3194991714369779,-0.14909512803981134,-0.17040404339716658,9.119657878568631,5.502242121431369,11017841.701000001
2022-11-18 00:00:00+00:00,6.224,6.44,6.069,6.183,5216596.13,7.2383,7.273466666666667,7.311215,41.4989875564506,-0.33860835563876357,-0.1869977735596018,-0.15161058207916178,9.104749795734195,5.3718502042658045,10982527.2285
2022-11-19 00:00:00+00:00,6.184,6.22,5.99,6.146,2913602.05,7.156499999999999,7.261183333333333,7.286345,41.17724350831729,-0.35267272097476443,-0.22013276304263432,-0.1325399579321301,9.063427319012499,5.2495726809875,10814338.1665
2022-11-20 00:00:00+00:00,6.146,6.252,5.709,5.768,4952741.6,7.0520499999999995,7.245983333333333,7.254185,37.94089453249016,-0.3898265944320327,-0.254071529320514,-0.1357550651115187,9.021866994036799,5.0822330059632,10638145.798
2022-11-21 00:00:00+00:00,5.767,5.896,5.528,5.876,7858097.01,6.961650000000001,7.2252,7.2290149999999995,39.406248535633026,-0.4058779016201264,-0.2844328037804365,-0.12144509783968988,8.972678818788072,4.950621181211929,10841527.161999999
2022-11-22 00:00:00+00:00,5.874,6.485,5.837,6.422,11891787.33,6.910900000000001,7.208083333333334,7.207174999999999,46.308575680815714,-0.37027276734731895,-0.301600796493813,-0.06867197085350596,8.922612593785736,4.899187406214264,11019232.8245
2022-11-23 00:00:00+00:00,6.423,6.809,6.343,6.707,9877403.25,6.860250000000001,7.192716666666667,7.18966,49.5397053069729,-0.3154223314658058,-0.30436510348821155,-0.01105722797759423,8.83866157244799,4.881838427552012,11112383.8215
2022-11-24 00:00:00+00:00,6.708,6.978,6.586,6.831,6713104.24,6.76605,7.175483333333333,7.173814999999999,50.92353993523771,-0.25896204886387064,-0.2952844925633434,0.03632244369947274,8.552322484811905,4.979777515188095,10853713.8475
2022-11-25 00:00:00+00:00,6.83,6.993,6.661,6.848,5761022.33,6.6753,7.1572,7.167555,51.121448531299244,-0.21041952490094307,-0.27831149903086333,0.06789197412992026,8.237185539979187,5.113414460020813,10823006.628999999
2022-11-26 00:00:00+00:00,6.848,7.299,6.824,7.156,8067345.14,6.62805,7.1422,7.160385,54.686802220460656,-0.14541988903368175,-0.251733177031427,0.10631328799774525,8.06688515038939,5.189214849610609,10956268.535
2022-11-27 00:00:00+00:00,7.157,7.278,6.858,6.902,4986550.69,6.52535,7.127316666666667,7.160145,51.359640212211076,-0.11309914994641268,-0.22400637161442416,0.11090722166801148,7.504735986215873,5.545964013784128,10636792.225
2022-11-28 00:00:00+00:00,6.904,7.347,6.53,7.194,13592230.54,6.49965,7.115566666666666,7.163315,54.76672739994554,-0.06319430707238194,-0.19184395870601573,0.1286496516336338,7.375002106295534,5.624297893704465,9510648.0825
2022-11-29 00:00:00+00:00,7.194,7.513,7.123,7.318,9043323.82,6.554,7.111116666666667,7.164155000000001,56.170749769215675,-0.013483170267116762,-0.15617180101823594,0.14268863075111918,7.488842446616564,5.619157553383436,8780440.308
2022-11-30 00:00:00+00:00,7.317,7.75,7.272,7.672,8332281.04,6.5771,7.11575,7.166215000000001,59.988978304106936,0.05385727219019465,-0.11416598637654982,0.16802325856674447,7.594800132650109,5.559399867349891,8265441.461
2022-12-01 00:00:00+00:00,7.673,7.812,7.441,7.681,7617442.3,6.60895,7.125266666666666,7.16482,60.08418485040999,0.1067210687343545,-0.06998857535436896,0.17670964408872347,7.718803949849285,5.499096050150715,8085800.8675
2022-12-02 00:00:00+00:00,7.681,7.726,7.479,7.61,5062435.56,6.675400000000001,7.129933333333333,7.16577,58.893612246215284,0.1412585609699848,-0.027739148089498216,0.168997709059483,7.855664106035627,5.495135893964374,7579844.994
2022-12-03 00:00:00+00:00,7.611,7.633,7.207,7.235,3708734.4,6.73325,7.1217999999999995,7.163345,52.92820028462926,0.13679353567345665,0.005167388663092756,0.1316261470103639,7.9041000971499695,5.56239990285003,7400880.3125
2022-12-04 00:00:00+00:00,7.238,7.47,7.185,7.444,3401151.78,6.790900000000001,7.114616666666667,7.1665149999999995,55.62594626885785,0.14840876046194929,0.03381566302286406,0.11459309743908522,7.982332734146628,5.599467265853373,6960236.3935
2022-12-05 00:00:00+00:00,7.442,7.594,7.16,7.275,5610549.45,6.8336000000000015,7.108666666666666,7.16679,52.98176180455124,0.1423362583963872,0.05551978209756869,0.0868164762988185,8.030146764650727,5.637053235349275,6789339.398999999
2022-12-06 00:00:00+00:00,7.275,7.336,6.957,7.132,5417019.69,6.88125,7.100766666666667,7.168100000000001,50.78208496917384,0.124549127052755,0.06932565108860596,0.055223475964149046,8.045187433883855,5.717312566116144,6745591.529999999
2022-12-07 00:00:00+00:00,7.132,7.158,6.77,6.881,4586810.78,6.914049999999999,7.0912,7.167205,47.08675191796073,0.08917118509346711,0.07329475788957819,0.015876427203888918,8.038467266852543,5.789632733147456,6730511.456499999
2022-12-08 00:00:00+00:00,6.881,7.069,6.775,7.0,3737485.32,6.954899999999999,7.080699999999999,7.1655549999999995,48.9822455134089,0.06993010595050997,0.07262182750176455,-0.002691721551254578,8.028319750142577,5.881480249857422,6656555.915999999
2022-12-09 00:00:00+00:00,7.001,7.054,6.796,6.863,3053488.23,6.99075,7.072833333333333,7.16477,46.89927869214234,0.04312948718095022,0.06672335943760169,-0.023593872256651466,7.999667414854241,5.981832585145759,6663550.225
2022-12-10 00:00:00+00:00,6.863,6.921,6.694,6.858,2430271.44,7.04525,7.068216666666666,7.162909999999999,46.821022506465155,0.021241486866554915,0.057626984923392334,-0.03638549805683742,7.8881819960685915,6.202318003931409,6537426.716999999
2022-12-11 00:00:00+00:00,6.857,6.96,6.646,6.7,2014728.27,7.086450000000001,7.0608,7.16161,44.30520558060817,-0.00875328815887233,0.0443509303069394,-0.05310421846581173,7.760360223988473,6.4125397760115295,6245258.28
2022-12-12 00:00:00+00:00,6.698,6.728,6.457,6.701,3916237.64,7.1004000000000005,7.055366666666667,7.162265,44.32559577262191,-0.03207394337071534,0.029065955571408456,-0.061139898942123794,7.728724884113462,6.472075115886539,5846480.795500001
2022-12-13 00:00:00+00:00,6.702,7.101,6.466,6.926,6912945.43,7.11135,7.056016666666666,7.165445,48.862056646774555,-0.03203087901109747,0.01684658865490727,-0.04887746766600474,7.71916815536902,6.50353184463098,5698257.9045
2022-12-14 00:00:00+00:00,6.926,6.965,6.687,6.718,3469806.01,7.105700000000001,7.053216666666667,7.166135000000001,45.19578199193163,-0.04822470745856311,0.0038323294322131947,-0.0520570368907763,7.725813570240321,6.48558642975968,5536092.993
2022-12-15 00:00:00+00:00,6.719,6.732,6.386,6.456,4035740.38,7.0861,7.041266666666667,7.164865,41.020578263364676,-0.08126289547343202,-0.013186715548915848,-0.06807617992451617,7.7600023371351305,6.41219766286487,5449828.8955
2022-12-16 00:00:00+00:00,6.456,6.543,5.778,5.893,6985610.0,7.02295,7.0173499999999995,7.15703,33.79566620146147,-0.15113312374179433,-0.040775997187491544,-0.11035712655430278,7.872604629832718,6.173295370167281,5395742.138499999
2022-12-17 00:00:00+00:00,5.892,6.067,5.789,6.03,4125251.26,6.979349999999999,6.999066666666667,7.14923,36.71657256824056,-0.19322366584672945,-0.07126553091933913,-0.12195813492739033,7.932541119343943,6.026158880656055,5352677.167
2022-12-18 00:00:00+00:00,6.03,6.064,5.914,5.949,2206062.25,6.9171000000000005,6.98535,7.144325,35.713319335433496,-0.2304601456628852,-0.10310445386804834,-0.12735569179483686,7.964087277857828,5.8701127221421725,4783368.7525
2022-12-19 00:00:00+00:00,5.95,6.066,5.671,5.79,4022803.84,6.8407,6.9709,7.137325,33.76308267881544,-0.269691460098187,-0.13642185511407606,-0.13326960498411095,7.97857575771528,5.70282424228472,4532342.7535
2022-12-20 00:00:00+00:00,5.789,6.12,5.752,6.013,3550497.69,6.75775,6.957633333333334,7.133140000000001,38.81004061480806,-0.2795656641703106,-0.16505061692532297,-0.11451504724498762,7.882936184591733,5.6325638154082664,4293253.586
2022-12-21 00:00:00+00:00,6.014,6.044,5.885,5.989,2101320.78,6.67315,6.942983333333333,7.126085000000001,38.47030097725915,-0.28603046036162905,-0.18924658561258417,-0.09678387474904487,7.76178791500943,5.584512084990569,4017447.5099999993
2022-12-22 00:00:00+00:00,5.988,6.04,5.856,6.005,2921902.73,6.5929,6.925299999999999,7.11791,38.85459125627479,-0.28655951196039275,-0.2087091708821459,-0.07785034107824684,7.628814842058003,5.556985157941997,3910420.8684999994
2022-12-23 00:00:00+00:00,6.005,6.053,5.924,5.941,2227204.91,6.5282,6.9092166666666675,7.1077650000000006,37.83662890032056,-0.28881378871771,-0.22473009444925873,-0.06408369426845129,7.557234226834094,5.499165773165906,3836344.394
2022-12-24 00:00:00+00:00,5.94,5.962,5.88,5.916,1051133.66,6.4518,6.8901,7.093795,37.42416474952168,-0.2892829367330698,-0.23764066290602098,-0.051642273827048835,7.422770359998708,5.480829640001293,3718843.4880000004
2022-12-25 00:00:00+00:00,5.915,5.996,5.887,5.99,1728090.48,6.38755,6.8706499999999995,7.080245,39.52562675780865,-0.28045069729515415,-0.2462026697838476,-0.03424802751130654,7.3004527275652125,5.474647272434788,3524720.5394999995
2022-12-26 00:00:00+00:00,5.989,6.048,5.94,6.048,1779029.19,6.33335,6.856583333333333,7.064135,41.192596995208,-0.26570805161251254,-0.25010374614958064,-0.0156043054629319,7.190005420805817,5.4766945791941835,3342821.0145
2022-12-27 00:00:00+00:00,6.048,6.068,5.846,5.903,2483617.2,6.28445,6.836483333333334,7.053450000000001,38.34676111961387,-0.26269648531856227,-0.252622293983377,-0.010074191335185279,7.12191629185656,5.446983708143439,3237661.3355
2022-12-28 00:00:00+00:00,5.905,5.913,5.625,5.675,3313018.41,6.2181999999999995,6.8038,7.046625000000001,34.33049674812362,-0.27553133810457187,-0.25720410280761596,-0.0183272352969559,7.027938871486333,5.408461128513666,3216437.9899999998
2022-12-29 00:00:00+00:00,5.676,5.731,5.5,5.601,3568750.37,6.1551,6.76745,7.043280000000001,33.118111281195,-0.2883503100810234,-0.2634333442622975,-0.024916965818725934,6.950577441538065,5.359622558461935,3242201.097
2022-12-30 00:00:00+00:00,5.6,5.642,5.413,5.475,3416846.41,6.0859499999999995,6.7277499999999995,7.041005,31.103926283155104,-0.305158902825184,-0.2717784559748748,-0.033380446850309164,6.865277267581423,5.306622732418576,3291529.8455
2022-12-31 00:00:00+00:00,5.475,5.627,5.387,5.575,2312337.82,6.0297,6.6926000000000005,7.03518,34.50827741415601,-0.3068732258831419,-0.27879740995652824,-0.02807581592661368,6.785674364642024,5.273725635357976,3306410.323
2023-01-01 00:00:00+00:00,5.575,5.64,5.505,5.628,1468070.67,5.97605,6.662450000000001,7.02667,36.30469721842177,-0.30049130547689096,-0.2831361890606008,-0.017355116416290173,6.684659758608995,5.267440241391005,3184001.9745
2023-01-02 00:00:00+00:00,5.63,5.76,5.548,5.691,2634300.76,5.9143,6.628633333333332,7.023325,38.465376615494115,-0.28704118201926576,-0.2839171876523338,-0.003123994366931948,6.482318696871751,5.346281303128249,2970069.741
2023-01-03 00:00:00+00:00,5.691,5.724,5.567,5.621,2144096.39,5.859450000000001,6.577066666666667,7.019630000000001,36.96494846590017,-0.2788162570080859,-0.28289700152348424,0.00408074451539836,6.305128572511477,5.413771427488524,2903784.2600000002
2023-01-04 00:00:00+00:00,5.621,5.895,5.61,5.809,3831647.37,5.8271,6.5295,7.019075,43.355620505479365,-0.2541976832015127,-0.27715713785908996,0.02295945465757726,6.178920920349912,5.475279079650088,2893579.6095
2023-01-05 00:00:00+00:00,5.809,5.818,5.606,5.66,2841645.64,5.81545,6.488816666666667,7.014375,39.902749581896764,-0.24389882699178855,-0.27050547568562966,0.026606648693841106,6.1731523762792975,5.457747623720703,2686381.3915
2023-01-06 00:00:00+00:00,5.661,5.73,5.523,5.712,2697540.01,5.79955,6.434749999999999,7.008035000000001,41.64930640150081,-0.22890230059395034,-0.2621848406672938,0.03328254007334347,6.145777945139978,5.453322054860022,2614995.8290000004
2023-01-07 00:00:00+00:00,5.713,5.846,5.691,5.83,1991098.15,5.7936,6.40345,7.002885,45.51866686154712,-0.20513120668574114,-0.2507741138709833,0.045642907185242165,6.133380164217763,5.4538198357822365,2604247.6240000003
2023-01-08 00:00:00+00:00,5.832,5.977,5.755,5.963,2333904.16,5.80225,6.398983333333334,6.99955,49.57724623647305,-0.1735597660831747,-0.23533124431342162,0.06177147823024692,6.149939444757606,5.454560555242394,2519802.6399999997
2023-01-09 00:00:00+00:00,5.965,6.255,5.931,6.065,5682130.67,5.80485,6.3799,6.994925,52.49975220858095,-0.13870966571269516,-0.21600692859327633,0.07729726288058117,6.159512247773644,5.450187752226356,2626384.289
2023-01-10 00:00:00+00:00,6.064,6.3,5.968,6.166,3453264.89,5.8137,6.365266666666667,6.989455,55.26468891501832,-0.10176773903254421,-0.1931590906811299,0.0913913516485857,6.194193942127671,5.4332060578723285,2693981.4945
2023-01-11 00:00:00+00:00,6.167,6.305,6.01,6.284,3599580.1,5.82765,6.365316666666667,6.984575000000001,58.31742444834993,-0.062251782356843144,-0.16697762901627258,0.10472584665942944,6.252990463623977,5.402309536376023,2727865.3630000004
2023-01-12 00:00:00+00:00,6.284,6.412,6.05,6.387,5862705.97,5.849950000000001,6.370466666666667,6.98301,60.83007101931351,-0.022366041002866766,-0.13805531141359142,0.11568927041072466,6.338754858809592,5.361145141190409,2909640.416
2023-01-13 00:00:00+00:00,6.386,6.618,6.26,6.605,4441199.22,5.8844,6.3757,6.983285,65.56181334881654,0.02652866850241775,-0.10513851543038959,0.13166718393280735,6.4737475714685475,5.295052428531453,3079143.694
2023-01-14 00:00:00+00:00,6.604,7.107,6.45,6.856,10425339.64,5.9277,6.38295,6.985965,70.04816802650396,0.08455696035410831,-0.06719942027349,0.15175638062759833,6.653235691744993,5.202164308255006,3514006.152
2023-01-15 00:00:00+00:00,6.857,6.926,6.6,6.694,5652541.29,5.959999999999999,6.391533333333333,6.988284999999999,64.2320760656289,0.1161340327694882,-0.03053272966489437,0.14666676243438256,6.757983458472601,5.1620165415273975,3707681.757
2023-01-16 00:00:00+00:00,6.694,6.948,6.413,6.669,7143088.32,5.9983,6.398933333333333,6.990279999999999,63.35780861781398,0.13755613756479246,0.0030850437810429968,0.13447109378374947,6.853166328729764,5.143433671270237,3940655.313
2023-01-17 00:00:00+00:00,6.67,6.995,6.543,6.804,6038879.49,6.05475,6.409283333333333,6.9939,66.04543538844396,0.16354147736094404,0.035176330497023206,0.12836514686392084,6.96413218038178,5.145367819618221,4076948.367
2023-01-18 00:00:00+00:00,6.807,6.985,6.256,6.334,8425216.27,6.091399999999999,6.412416666666667,6.99447,51.80024890389293,0.14454376378401523,0.05704981715442162,0.08749394662959362,6.983600291412151,5.199199708587847,4319771.662
2023-01-19 00:00:00+00:00,6.333,6.545,6.314,6.506,3290241.13,6.14295,6.424716666666667,6.995899999999999,55.576439991139466,0.1417330905965759,0.07398647184285248,0.06774661875372343,7.00537715054429,5.28052284945571,4313441.398
2023-01-20 00:00:00+00:00,6.506,6.971,6.414,6.941,4178985.33,6.21125,6.442466666666666,6.998455,63.38859803097121,0.17261665900417533,0.09371250927511705,0.07890414972905828,7.098934825822748,5.323565174177252,4406773.7735
2023-01-21 00:00:00+00:00,6.942,7.11,6.802,6.853,6497547.24,6.272499999999999,6.44965,7.001169999999999,61.04965847471723,0.18782610252575171,0.112535227925244,0.07529087460050772,7.1598052462349004,5.385194753765098,4658247.602
2023-01-22 00:00:00+00:00,6.853,7.271,6.777,6.984,6817766.36,6.337149999999999,6.454266666666666,7.00439,63.22503022077977,0.20805200725034112,0.13163858379026344,0.07641342346007768,7.233927625722227,5.440372374277771,4867420.882
2023-01-23 00:00:00+00:00,6.983,7.234,6.848,7.015,6475146.95,6.40685,6.457333333333334,7.006265,63.74110409125989,0.22400048522829152,0.15011096407786906,0.07388952115042247,7.286679364136033,5.527020635863968,5083973.41
2023-01-24 00:00:00+00:00,7.015,7.2,6.525,6.661,5392217.62,6.449450000000001,6.454216666666667,7.007770000000001,54.35979199929408,0.20570370318562148,0.16122951189941956,0.04447419128620192,7.291040274418631,5.6078597255813705,5162001.9225
2023-01-25 00:00:00+00:00,6.661,7.099,6.51,6.954,6744418.44,6.514150000000001,6.450850000000001,7.01014,59.652841960869715,0.2123976351671697,0.1714631365529696,0.04093449861420009,7.30015108778299,5.728148912217011,5357140.5625
2023-01-26 00:00:00+00:00,6.955,7.316,6.824,7.169,7008005.12,6.587000000000001,6.455299999999999,7.014984999999999,63.040074326545124,0.23237268005109346,0.1836450452525944,0.048727634798499064,7.331073921056277,5.842926078943724,5572663.818000001
2023-01-27 00:00:00+00:00,7.17,7.496,6.922,7.384,6803663.45,6.664700000000001,6.458466666666667,7.021705,66.1045626204992,0.26252551943250246,0.19942114008857603,0.06310437934392643,7.400858162351056,5.928541837648946,5813292.083
2023-01-28 00:00:00+00:00,7.384,7.509,7.12,7.211,4021763.73,6.7271,6.456683333333332,7.028059999999999,61.6734056461284,0.2693572252791059,0.21340835712668202,0.055948868152423864,7.425359235525101,6.028840764474899,5897685.0615
2023-01-29 00:00:00+00:00,7.21,7.518,7.144,7.372,5028035.0,6.79245,6.451683333333333,7.034045,64.08615422647244,0.2844834082041743,0.2276233673421805,0.05686004086199378,7.475082690395145,6.109817309604854,5864980.278
2023-01-30 00:00:00+00:00,7.373,7.439,6.748,6.914,5014854.05,6.82985,6.4389,7.037240000000001,53.72491180198115,0.2565568175249071,0.23341005737872583,0.023146760146181278,7.450220300704446,6.209479699295555,5943059.736
2023-01-31 00:00:00+00:00,6.915,7.074,6.855,6.952,3336356.54,6.863250000000001,6.427933333333333,7.040375,54.38388645109738,0.2347846246277614,0.23368497082853296,0.0010996537992284394,7.432276141751092,6.29422385824891,5929898.558
2023-02-01 00:00:00+00:00,6.952,7.277,6.67,7.214,5493548.16,6.9046,6.427583333333333,7.04347,58.74593576350047,0.23595131538210357,0.23413823973924708,0.0018130756428564876,7.448836860196131,6.360363139803869,5911440.6675
2023-02-02 00:00:00+00:00,7.214,7.484,7.035,7.099,5767987.46,6.9293,6.421833333333334,7.047230000000001,56.20536500676012,0.2250026962821483,0.23231113104782733,-0.007308434765679023,7.461615357655731,6.396984642344268,5977780.079499999
2023-02-03 00:00:00+00:00,7.1,7.338,7.012,7.294,4395091.81,6.9512,6.42215,7.048515,59.410789335563,0.2294161406194224,0.23173213296214637,-0.002315992342723977,7.505246785024654,6.397153214975346,5676267.687999999
2023-02-04 00:00:00+00:00,7.293,7.364,7.126,7.237,3211192.96,6.978350000000001,6.4239,7.04843,58.07277090979546,0.2257125298794591,0.23052821234560894,-0.004815682466149829,7.532538875741983,6.424161124258019,5554200.271500001
2023-02-05 00:00:00+00:00,7.24,7.252,6.861,6.985,3416697.21,6.994149999999999,6.425633333333334,7.04902,52.44880431888251,0.2001360538879844,0.22444978065408405,-0.024313726766099664,7.529870178821151,6.458429821178848,5367880.716
2023-02-06 00:00:00+00:00,6.985,7.063,6.765,6.832,3504454.35,6.99555,6.422833333333333,7.04821,49.32548003838132,0.16561162336602564,0.21268214919647238,-0.04707052583044674,7.52941832645903,6.461681673540969,5241159.459000001
2023-02-07 00:00:00+00:00,6.831,7.214,6.814,7.197,4543771.59,7.0387,6.4284,7.050285,56.04953261067995,0.16579206528339618,0.20330413241385717,-0.037512067130460985,7.483845414439122,6.593554585560879,5047087.225
2023-02-08 00:00:00+00:00,7.199,7.3,6.952,7.136,4910694.89,7.0702,6.433033333333333,7.0517449999999995,54.74220216562962,0.15917797202454587,0.19447890033599494,-0.03530092831144907,7.443462695693242,6.696937304306758,5128109.913
2023-02-09 00:00:00+00:00,7.137,7.817,6.818,6.984,18751956.03,7.072349999999998,6.437766666666666,7.051195,51.51766080892846,0.1400566400180452,0.18359444827240498,-0.043537808254359794,7.44309804112252,6.701601958877477,5856758.448
2023-02-10 00:00:00+00:00,6.983,7.12,6.777,6.89,6619057.31,7.0742,6.440916666666666,7.053489999999999,49.572931161929496,0.11598087687884195,0.17007173399369238,-0.05409085711485043,7.440898568303978,6.707501431696023,5862833.9515
2023-02-11 00:00:00+00:00,6.889,7.036,6.853,7.003,2293574.29,7.075149999999999,6.442200000000001,7.056800000000001,51.92245912726743,0.10481062511019168,0.15701951221699226,-0.05220888710680058,7.441006406252763,6.709293593747235,5636624.348
2023-02-12 00:00:00+00:00,7.003,7.09,6.685,6.808,3320809.33,7.064800000000001,6.443700000000001,7.05654,47.784863056184165,0.07930902472039314,0.14147741471767245,-0.062168389997279305,7.448170108375947,6.681429891624055,5478907.467
2023-02-13 00:00:00+00:00,6.81,6.847,6.4,6.669,5424849.87,7.0652,6.4472499999999995,7.0538,45.03024123497029,0.047337012737269646,0.12264933432159189,-0.07531232158432224,7.446897052642779,6.683502947357221,5480539.079499999
2023-02-14 00:00:00+00:00,6.669,6.832,6.527,6.808,4395799.03,7.057900000000001,6.4625,7.048425,48.243329469418136,0.032836581551206834,0.10468678376751488,-0.07185020221630804,7.453167959738939,6.662632040261063,5363108.108999999
2023-02-15 00:00:00+00:00,6.808,7.31,6.726,7.281,5174614.29,7.0634999999999994,6.48335,7.045730000000001,57.374030356762056,0.05883383254159913,0.09551619352233173,-0.0366823609807326,7.4679717542625,6.659028245737499,5271438.567500001
2023-02-16 00:00:00+00:00,7.28,7.495,6.997,7.011,8199081.68,7.044849999999999,6.50105,7.04253,51.76064600074267,0.05699311656493755,0.0878115781308529,-0.030818461565915348,7.421961800393701,6.667738199606298,5341209.479
2023-02-17 00:00:00+00:00,7.011,7.711,6.972,7.65,8097968.31,7.066799999999999,6.53205,7.04293,61.38882607980598,0.10587582494145753,0.09142442749297383,0.0144513974484837,7.522877011036716,6.610722988963282,5545019.708
2023-02-18 00:00:00+00:00,7.649,8.256,7.495,7.989,11389046.79,7.09765,6.564983333333333,7.046989999999999,65.34105084768555,0.17001041612030932,0.10714162521844092,0.0628687909018684,7.69402279448026,6.50127720551974,5863070.2975
2023-02-19 00:00:00+00:00,7.986,8.289,7.82,8.014,9416026.58,7.1526499999999995,6.598733333333333,7.0506400000000005,65.62053215967158,0.22031517654681299,0.12977633548411535,0.09053884106269763,7.863110773017207,6.442189226982792,6083128.924000001
2023-02-20 00:00:00+00:00,8.01,8.4,7.721,8.017,8065377.47,7.2059,6.632266666666666,7.053904999999999,65.65632120596737,0.25745634011120355,0.15531233640953301,0.10214400370167054,8.002631046210842,6.409168953789157,6319579.9705
2023-02-21 00:00:00+00:00,8.019,8.077,7.505,7.64,5893974.86,7.227199999999999,6.660583333333333,7.052715000000001,57.548735638860215,0.25354749287406086,0.17495936770243858,0.07858812517162228,8.046126761069772,6.408273238930225,6339601.3055
2023-02-22 00:00:00+00:00,7.641,7.752,7.294,7.717,6496942.59,7.258100000000001,6.6906,7.052339999999999,58.67127369989818,0.2537380257466806,0.190715099311287,0.06302292643539359,8.101613817311987,6.414586182688014,6376049.062000001
2023-02-23 00:00:00+00:00,7.717,8.21,7.67,7.935,10150106.82,7.29015,6.723016666666667,7.050300000000001,61.75473545806633,0.26838601559563635,0.2062492825681569,0.06213673302747946,8.183899243354224,6.396400756645775,6663799.8125
2023-02-24 00:00:00+00:00,7.937,8.149,7.22,7.466,9713019.08,7.301599999999999,6.746650000000001,7.0445899999999995,52.65324139736252,0.23939072541352946,0.21287757113723144,0.026513154276298023,8.198195204089476,6.405004795910521,6988891.1185
2023-02-25 00:00:00+00:00,7.466,7.491,7.168,7.373,4277893.98,7.321000000000001,6.7711500000000004,7.037745,51.04665350516738,0.20652671486728025,0.21160739988324123,-0.005080685015960984,8.206070618649301,6.435929381350699,7031950.9569999995
2023-02-26 00:00:00+00:00,7.371,7.548,7.293,7.497,2541969.05,7.354249999999999,6.801516666666667,7.029955,53.101420069866194,0.18831671555193008,0.20694926301697902,-0.018632547465048943,8.212911021588999,6.495588978410998,6983826.692
2023-02-27 00:00:00+00:00,7.494,7.508,7.121,7.274,4004585.73,7.3580999999999985,6.829400000000001,7.021535,49.109231017886316,0.1541143888455796,0.19638228818269915,-0.04226789933711955,8.214593992971501,6.501606007028497,6956867.398999999
2023-02-28 00:00:00+00:00,7.274,7.422,7.096,7.195,4034405.79,7.3610500000000005,6.858066666666668,7.01089,47.73994617580789,0.11925941049905919,0.18095771264597119,-0.06169830214691199,8.214866016479117,6.507233983520884,6913052.944
2023-03-01 00:00:00+00:00,7.196,7.547,7.146,7.536,3750777.74,7.388650000000001,6.89075,7.00285,53.736248050976876,0.11779457663213844,0.16832508544320463,-0.05053050881106619,8.227484256570555,6.549815743429446,6162994.0295
2023-03-02 00:00:00+00:00,7.536,7.585,7.163,7.275,2870686.88,7.4079,6.9182,6.995400000000001,49.09317450008941,0.09448401361239078,0.15355687107704186,-0.059072857464651074,8.217229080162253,6.598570919837745,5975575.507999999
2023-03-03 00:00:00+00:00,7.275,7.276,6.655,6.958,5309534.51,7.40565,6.9393166666666675,6.986959999999999,44.10822005178342,0.049856261803614466,0.13281674922235637,-0.0829604874187419,8.219705593922356,6.591594406077643,6126373.518999999
2023-03-04 00:00:00+00:00,6.958,7.011,6.708,6.857,2738464.51,7.408099999999999,6.9599166666666665,6.978985,42.62319799276969,0.006266356405813411,0.10750667065904777,-0.10124031425323436,8.21521136777788,6.600988632222119,6097256.278
2023-03-05 00:00:00+00:00,6.857,7.017,6.807,6.945,1968494.16,7.421900000000001,6.9788499999999996,6.9734050000000005,44.38026478576601,-0.02093674732643258,0.08181798706195172,-0.1027547343883843,8.186298822602629,6.657501177397372,5924438.492500001
2023-03-06 00:00:00+00:00,6.946,6.981,6.819,6.854,2608480.81,7.424199999999999,6.99875,6.96943,42.91666837291508,-0.04927038418415908,0.05560031281272956,-0.10487069699688864,8.181439618612421,6.666960381387578,5835072.5815
2023-03-07 00:00:00+00:00,6.857,6.974,6.667,6.881,3015787.65,7.4042,7.018233333333333,6.96934,43.51191284532531,-0.06875377050648979,0.03072949614888569,-0.09948326665537548,8.195858916450943,6.612541083549059,5727131.2495
2023-03-08 00:00:00+00:00,6.884,6.948,6.494,6.577,4098815.39,7.3825,7.030683333333333,6.967724999999999,38.627851455572035,-0.1074857253686421,0.003086451845380131,-0.11057217721402222,8.237351449081228,6.527648550918773,5522117.9350000005
2023-03-09 00:00:00+00:00,6.578,6.69,6.007,6.16,5988809.54,7.308,7.033966666666667,6.963115,33.13381500894786,-0.1698713227635622,-0.03150510307640834,-0.13836621968715387,8.30457413171136,6.311425868288638,5416659.9965
2023-03-10 00:00:00+00:00,6.161,6.264,5.89,6.215,6622037.72,7.2193,7.036466666666667,6.958969999999999,34.457920294505044,-0.21242560764261853,-0.06768920398965038,-0.14473640365296814,8.271852535504157,6.166747464495842,5178309.543
2023-03-11 00:00:00+00:00,6.214,6.392,5.92,6.162,5658192.38,7.1267,7.0364,6.953575,33.76406553496476,-0.24757297491090835,-0.10366595817390198,-0.14390701673700637,8.208751218749004,6.044648781250995,4990417.833
2023-03-12 00:00:00+00:00,6.161,6.574,6.07,6.551,4811076.25,7.053399999999999,7.040850000000001,6.950709999999999,42.8587504564515,-0.24125740254377614,-0.13118424704787682,-0.11007315549589933,8.081554929957633,6.025245070042366,4827702.772
2023-03-13 00:00:00+00:00,6.552,6.885,6.395,6.761,7817274.03,7.009450000000001,7.047083333333333,6.948895,47.0829460985365,-0.2168077956744412,-0.1483089567731897,-0.0684988389012515,8.008277207276702,6.010622792723299,4923867.7305
2023-03-14 00:00:00+00:00,6.76,7.2,6.608,6.96,8906153.46,6.9716,7.053,6.951174999999999,50.795061344275084,-0.1793067327919191,-0.15450851197693558,-0.024798220814983535,7.916210480566548,6.026989519433451,5044328.273999999
2023-03-15 00:00:00+00:00,6.959,7.11,6.379,6.546,6800328.84,6.902150000000001,7.047833333333333,6.9512599999999996,43.896100459016274,-0.1809078176242238,-0.1597883731063932,-0.0211194445178306,7.752793820876957,6.051506179123044,4876839.375
2023-03-16 00:00:00+00:00,6.546,6.678,6.443,6.656,3617223.3,6.861649999999999,7.0472,6.953264999999999,45.9949141182851,-0.17132567249142205,-0.162095832983399,-0.009229839508023058,7.677472597135024,6.045827402864974,4572049.586
2023-03-17 00:00:00+00:00,6.656,7.258,6.597,7.207,6885611.19,6.853350000000001,7.056166666666667,6.9558,55.063223809310124,-0.11791144855556457,-0.15325895609783213,0.035347507542267564,7.651377887981451,6.05532211201855,4702435.446500001
2023-03-18 00:00:00+00:00,7.206,7.299,6.85,6.922,5649288.39,6.824600000000001,7.058133333333333,6.95763,50.353461817836056,-0.09745402013225135,-0.142097968904716,0.04464394877246464,7.567316473491823,6.08188352650818,4857801.413500001
2023-03-19 00:00:00+00:00,6.922,7.281,6.916,7.081,3603006.94,6.8149500000000005,7.070583333333333,6.9599,52.78006976033645,-0.06763177256262054,-0.1272047296362969,0.05957295707367635,7.538836310131726,6.091063689868275,4837722.474
2023-03-20 00:00:00+00:00,7.081,7.48,6.91,7.05,8993047.32,6.8077,7.07965,6.960524999999999,52.243908346541325,-0.04596896580507348,-0.11095757687005221,0.06498861106497873,7.5190109306035735,6.096389069396426,5085654.5505
2023-03-21 00:00:00+00:00,7.05,7.47,6.838,7.375,6546284.62,6.79965,7.086883333333334,6.962769999999999,57.157578056321825,-0.002546892524316391,-0.08927544000090505,0.08672854747658866,7.480814965332276,6.1184850346677235,5225429.8945
2023-03-22 00:00:00+00:00,7.375,7.723,7.001,7.173,12062579.73,6.794550000000001,7.092216666666667,6.96434,53.4747722528311,0.015388314661738178,-0.0683426890683764,0.08373100373011458,7.462807577582268,6.126292422417734,5685024.5370000005
2023-03-23 00:00:00+00:00,7.173,7.637,7.086,7.61,5950130.81,6.8271500000000005,7.102650000000001,6.96661,59.54727273660683,0.06412514861478158,-0.04184912153174481,0.10597427014652638,7.582110734075706,6.072189265924295,5717054.352
2023-03-24 00:00:00+00:00,7.608,7.659,7.111,7.191,4842235.46,6.843850000000001,7.105583333333333,6.96569,52.475146855226605,0.06815400543138495,-0.019848496139118862,0.08800250157050381,7.615309208251566,6.072390791748435,5822242.899499999
2023-03-25 00:00:00+00:00,7.191,7.254,6.97,7.075,3022565.33,6.850350000000001,7.112483333333333,6.967770000000001,50.68058522590882,0.06128027210614384,-0.0036227424900663226,0.06490301459621016,7.627279926052624,6.073420073947378,5874946.458
2023-03-26 00:00:00+00:00,7.074,7.29,7.049,7.261,1964988.21,6.870700000000001,7.1175999999999995,6.96865,53.43065960462012,0.07003412466208125,0.011108630940363193,0.05892549372171806,7.668000219488332,6.073399780511671,5842771.828
2023-03-27 00:00:00+00:00,7.26,7.274,6.747,6.87,4551721.99,6.870150000000001,7.112616666666667,6.9659699999999996,47.44189736411986,0.04490356327813405,0.017867617407917365,0.027035945870216686,7.667436215857355,6.072863784142647,5919568.545
2023-03-28 00:00:00+00:00,6.871,7.046,6.75,6.947,4084989.03,6.88865,7.105333333333333,6.961995000000001,48.662240871886816,0.030845105632271164,0.020463115052788125,0.010381990579483039,7.674964256513351,6.102335743486649,5918877.227
2023-03-29 00:00:00+00:00,6.947,7.499,6.927,7.382,5824927.72,6.94975,7.108183333333334,6.959385,55.016678887337285,0.05417998803927482,0.027206489650085465,0.026973498389189353,7.68856658752099,6.21093341247901,5910683.136
2023-03-30 00:00:00+00:00,7.382,7.558,7.132,7.233,5273756.88,7.00065,7.105866666666667,6.9554100000000005,52.61438343034889,0.059958827668246784,0.03375695725371773,0.026201870414529052,7.666653986471683,6.334646013528317,5843269.094
2023-03-31 00:00:00+00:00,7.23,7.69,7.225,7.588,6318296.29,7.071949999999999,7.1171,6.954540000000001,57.388427057186526,0.09212220540982585,0.04543000688493935,0.0466921985248865,7.664871402882534,6.479028597117464,5876274.2895
2023-04-01 00:00:00+00:00,7.588,7.636,7.427,7.548,2706651.34,7.1218,7.127033333333333,6.957155,56.69531517668111,0.11308072409157788,0.05896015032626706,0.05412057376531082,7.698569139254352,6.545030860745649,5771053.044
2023-04-02 00:00:00+00:00,7.545,7.546,7.191,7.255,2630646.16,7.146499999999999,7.127716666666667,6.95615,51.76362260289822,0.1048393273426198,0.06813598572953761,0.0367033416130822,7.701239037743163,6.591760962256834,5511721.6505
2023-04-03 00:00:00+00:00,7.255,7.441,7.022,7.245,5219378.14,7.16075,7.1301499999999995,6.954545,51.59865287858187,0.09638992160092652,0.0737867729038154,0.022603148697111122,7.710210781126566,6.611289218873434,5327382.884500001
2023-04-04 00:00:00+00:00,7.244,7.477,7.202,7.37,4364091.42,7.201949999999999,7.1314166666666665,6.953115,53.58973130003902,0.09864306614403429,0.07875803155185918,0.01988503459217511,7.679748064035661,6.724151935964337,5205571.0135
2023-04-05 00:00:00+00:00,7.37,7.606,7.217,7.321,5169868.03,7.235200000000001,7.132816666666668,6.949260000000001,52.67497376652196,0.09537538091548381,0.08208150142458412,0.01329387949089969,7.643967709091895,6.826432290908106,5283203.25
2023-04-06 00:00:00+00:00,7.322,7.333,7.113,7.201,2983063.07,7.234899999999999,7.136416666666666,6.947650000000001,50.40576488808549,0.0821556801704304,0.08209633717375338,5.9342996677022586e-05,7.643758850945206,6.826041149054792,5088075.844
2023-04-07 00:00:00+00:00,7.2,7.308,7.106,7.267,1893828.83,7.25215,7.143666666666666,6.94748,51.639739295127555,0.07612707496937343,0.0809024847328774,-0.004775409763503963,7.635033938023313,6.869266061976687,4900302.865999999
2023-04-08 00:00:00+00:00,7.267,7.297,7.076,7.13,1440334.33,7.254600000000001,7.14255,6.948715,48.91884027972534,0.05960748884353784,0.0766434855550095,-0.017035996711471657,7.633680149831459,6.875519850168542,4792169.2354999995
2023-04-09 00:00:00+00:00,7.129,7.255,7.05,7.203,1281793.0,7.26225,7.143666666666666,6.9513300000000005,50.41797150246633,0.05180886736211665,0.07167656191643093,-0.01986769455431428,7.630527001720502,6.893972998279498,4406606.5195
2023-04-10 00:00:00+00:00,7.203,7.367,7.131,7.343,2638647.13,7.26065,7.149649999999999,6.9524300000000006,53.25155447410555,0.05627651301214609,0.06859655213557397,-0.012320039123427884,7.627227836204321,6.894072163795679,4211224.6450000005
2023-04-11 00:00:00+00:00,7.344,7.453,7.28,7.301,3009556.43,7.267049999999999,7.1565,6.95169,52.286161046822286,0.05578505005405354,0.06603425171926988,-0.01024920166521634,7.631747943504269,6.9023520564957295,3758573.4799999995
2023-04-12 00:00:00+00:00,7.3,7.372,7.1,7.23,3823180.7,7.248050000000001,7.160283333333333,6.949695,50.61564532319701,0.04910045599795243,0.0626474925750064,-0.013547036577053972,7.577158173700137,6.918941826299865,3652225.9744999995
2023-04-13 00:00:00+00:00,7.23,7.546,7.167,7.458,3853982.96,7.2614,7.171116666666666,6.94766,55.529242201948826,0.061491723264562204,0.06241633871291757,-0.0009246154483553634,7.601641326114631,6.921158673885369,3602813.3494999995
2023-04-14 00:00:00+00:00,7.458,7.899,7.457,7.743,7807389.3,7.2948,7.189016666666666,6.946650000000001,60.782030959649404,0.09323426345048702,0.06857992366043146,0.02465433979005556,7.683053319362824,6.9065466806371765,3842054.5480000004
2023-04-15 00:00:00+00:00,7.743,8.089,7.613,8.005,4830720.05,7.331999999999999,7.208966666666667,6.946395,64.88796967986383,0.13794156116367073,0.08245225116107932,0.05548931000259141,7.827836263292894,6.836163736707104,3985341.1399999997
2023-04-16 00:00:00+00:00,8.005,8.19,7.902,8.14,4303246.65,7.3955,7.223283333333333,6.94812,66.81582966237895,0.18216589343281875,0.1023949796154272,0.07977091381739154,7.959067742153753,6.831932257846248,3972917.3729999997
2023-04-17 00:00:00+00:00,8.136,8.299,7.861,8.16,7702069.05,7.456150000000001,7.2424333333333335,6.949425,67.10399623354351,0.21633406380399922,0.12518279645314162,0.0911512673508576,8.07223157738752,6.8400684226124815,4153771.3739999994
2023-04-18 00:00:00+00:00,8.161,8.798,8.03,8.578,9356075.46,7.515950000000001,7.2579,6.954390000000001,72.48240782619261,0.27398338174376846,0.154942913511267,0.11904046823250147,8.300718876801515,6.731181123198487,4330328.761
2023-04-19 00:00:00+00:00,8.578,8.6,7.63,7.752,10140445.27,7.5419,7.25395,6.956180000000001,53.77288605553594,0.2501361706510643,0.17398156493922645,0.07615460571183785,8.32183612558742,6.761963874412579,4573663.1805
2023-04-20 00:00:00+00:00,7.752,7.967,7.453,7.512,7428716.2,7.5381,7.245583333333333,6.958189999999999,49.754271745369856,0.209456604459902,0.1810765728433616,0.028380031616540402,8.31784121347811,6.758358786521891,4629184.176
2023-04-21 00:00:00+00:00,7.512,7.609,7.006,7.113,6884596.68,7.51635,7.230516666666667,6.957105,43.882720432688906,0.14336911978637268,0.17353508223196384,-0.030165962445591166,8.317740360558641,6.714959639441359,4838081.443000001
2023-04-22 00:00:00+00:00,7.113,7.242,7.08,7.175,3015617.24,7.5123500000000005,7.222766666666667,6.954365,44.969470450393004,0.09490320877678204,0.1578087075409275,-0.06290549876414545,8.31969485196619,6.705005148033811,4857329.9969999995
2023-04-23 00:00:00+00:00,7.174,7.174,6.866,7.082,4150416.52,7.5042,7.212183333333333,6.950400000000001,43.605362042647215,0.04843101970913466,0.13593316997456892,-0.08750215026543426,8.325348610177418,6.683051389822581,4803881.915999999
2023-04-24 00:00:00+00:00,7.082,7.269,6.996,7.068,4023418.3,7.4891000000000005,7.197733333333333,6.94758,43.391973897013486,0.010352455400189697,0.11081702705969308,-0.10046457165950338,8.330423457414748,6.647776542585254,4786848.26
2023-04-25 00:00:00+00:00,7.069,7.3,6.948,7.274,3659091.95,7.486750000000001,7.194533333333333,6.94592,47.46574687476817,-0.0031661058720633406,0.08802040047334181,-0.09118650634540515,8.330198368304963,6.6433016316950395,4711309.455999999
2023-04-26 00:00:00+00:00,7.275,7.503,6.703,7.004,7272868.62,7.4769000000000005,7.188383333333333,6.943665000000001,43.0888625532613,-0.03525995181616981,0.06336433001543948,-0.09862428183160929,8.337885458643932,6.61591454135607,4925799.7335
2023-04-27 00:00:00+00:00,7.004,7.232,6.982,7.17,5324313.93,7.47205,7.182933333333334,6.941364999999999,46.36357791230937,-0.04676071485709343,0.041339321040932894,-0.08810003589802633,8.338783978794128,6.605316021205874,5097323.9885
2023-04-28 00:00:00+00:00,7.17,7.187,6.949,7.04,3510662.05,7.46755,7.179033333333333,6.939889999999999,44.217759478855925,-0.06560876892212342,0.01994970304832163,-0.08555847197044505,8.342238853247997,6.592861146752003,5200840.374500001
2023-04-29 00:00:00+00:00,7.04,7.22,6.992,7.185,2390310.55,7.46665,7.178866666666666,6.94014,47.155575111177285,-0.06806113300245098,0.0023475358381671065,-0.07040866884061808,8.342462143097077,6.590837856902922,5256266.252
2023-04-30 00:00:00+00:00,7.185,7.305,7.014,7.025,2775030.59,7.450749999999999,7.17035,6.939539999999999,44.37819764682412,-0.08197040818786494,-0.014516052967039304,-0.06745435522082563,8.346288245970706,6.555211754029291,5263085.425
2023-05-01 00:00:00+00:00,7.025,7.082,6.797,6.898,3285344.74,7.430600000000001,7.164066666666667,6.938895,42.25100265096469,-0.10206490688654668,-0.03202582375094078,-0.0700390831356059,8.356335469773244,6.504864530226758,5276874.8405
2023-05-02 00:00:00+00:00,6.896,7.013,6.8,6.987,2077200.39,7.41845,7.16455,6.939394999999999,44.267139223303666,-0.10954561205632185,-0.047529781412017,-0.062015830644304853,8.360630338362187,6.476269661637814,5189575.825
2023-05-03 00:00:00+00:00,6.987,7.151,6.819,7.129,3262366.57,7.401999999999999,7.169083333333334,6.94061,47.42119405906377,-0.10283054502915157,-0.058589934135443916,-0.04424061089370765,8.352297216662386,6.451702783337613,5159995.0055
2023-05-04 00:00:00+00:00,7.129,7.162,6.959,6.998,1740570.99,7.364749999999999,7.169966666666667,6.939735,44.896889278394625,-0.1068477370160803,-0.0682414947115712,-0.0386062423045091,8.317063787570182,6.4124362124298155,4856654.090000001
2023-05-05 00:00:00+00:00,6.997,7.28,6.888,7.226,2888965.91,7.325799999999999,7.176166666666666,6.939225,49.89597050748934,-0.09058943743870351,-0.07271108325699767,-0.017878354181705844,8.23282780552542,6.41877219447458,4759566.382999999
2023-05-06 00:00:00+00:00,7.226,7.279,6.866,6.92,2603213.92,7.264799999999999,7.176816666666666,6.9381900000000005,44.11181138910712,-0.1012293515881808,-0.07841473692323431,-0.022814614664946498,8.106325899777445,6.423274100222552,4674564.7465
2023-05-07 00:00:00+00:00,6.92,6.989,6.858,6.911,1677014.89,7.20235,7.182383333333333,6.938884999999999,43.95043362727295,-0.10912980453619614,-0.08455775044582668,-0.024572054090369458,7.948891432203347,6.4558085677966535,4373312.0385
2023-05-08 00:00:00+00:00,6.911,6.913,6.394,6.582,5298917.35,7.102549999999999,7.189416666666667,6.93851,38.41749434935083,-0.14032098784833202,-0.09571039792632775,-0.04461058992200427,7.567273778169567,6.637826221830431,4170454.133
2023-05-09 00:00:00+00:00,6.582,6.633,6.452,6.522,2199712.78,7.04105,7.194533333333334,6.937075,37.490548071457525,-0.16794574984105015,-0.11015746830927223,-0.057788281531777924,7.469873728350218,6.612226271649782,3773417.5085
2023-05-10 00:00:00+00:00,6.521,6.696,6.3,6.588,4297013.06,6.994850000000001,7.201633333333333,6.935675,39.2275863252149,-0.1824102129425702,-0.12460801723593182,-0.05780219570663839,7.409632002980084,6.580067997019919,3616832.3515
2023-05-11 00:00:00+00:00,6.588,6.592,6.212,6.36,3969206.65,6.9572,7.198449999999999,6.932145,35.5521787407485,-0.20985205482618063,-0.1416568247539816,-0.06819523007219905,7.451354874504096,6.4630451254959045,3471062.85
2023-05-12 00:00:00+00:00,6.36,6.64,6.224,6.623,3322966.84,6.929599999999999,7.19615,6.9307300000000005,42.27128342692224,-0.2079805400076289,-0.15492156780471106,-0.05305897220291783,7.433576745491446,6.425623254508552,3486430.3299999996
2023-05-13 00:00:00+00:00,6.623,6.636,6.475,6.491,1742486.51,6.90005,7.188333333333333,6.92787,40.016301919136644,-0.21467401939471564,-0.166872058122712,-0.047801961272003646,7.433274708726202,6.366825291273798,3366033.8295
2023-05-14 00:00:00+00:00,6.49,6.61,6.41,6.547,1193769.45,6.874,7.18835,6.92482,41.44345889708506,-0.21300453436300604,-0.17609855337077082,-0.036905980992235216,7.422544984478151,6.3254550155218485,3224551.3869999996
2023-05-15 00:00:00+00:00,6.547,6.711,6.453,6.635,2328720.13,6.842049999999999,7.188,6.923535,43.709927186429375,-0.20224918814884152,-0.18132868032638497,-0.020920507822456552,7.367637851834615,6.316462148165383,3158032.796
2023-05-16 00:00:00+00:00,6.635,6.728,6.552,6.659,2297423.01,6.824800000000001,7.178866666666666,6.921285,44.3426449805719,-0.1896032708796369,-0.18298359843703535,-0.00661967244260156,7.350640508135425,6.298959491864577,2909260.5154999997
2023-05-17 00:00:00+00:00,6.658,6.812,6.552,6.758,3299636.01,6.8042,7.176133333333334,6.916895,46.989608093886034,-0.1696373440062766,-0.1803143475508836,0.010677003544606989,7.306067153733052,6.302332846266948,2808026.6194999996
2023-05-18 00:00:00+00:00,6.758,6.767,6.428,6.531,2274544.86,6.77875,7.166966666666667,6.91064,42.0512804983332,-0.1701695968091279,-0.1782853974025325,0.008115800593404582,7.281827677894882,6.275672322105117,2746220.7600000002
2023-05-19 00:00:00+00:00,6.531,6.555,6.458,6.51,1421337.78,6.744999999999999,7.157966666666667,6.903905,41.61555608211177,-0.17032256300157034,-0.17669283052234006,0.006370267520769718,7.2245502059181055,6.265449794081893,2697772.1215
2023-05-20 00:00:00+00:00,6.51,6.543,6.471,6.503,757320.01,6.7189,7.143433333333333,6.898,41.46133654394137,-0.1690598149984801,-0.17516622741756807,0.006106412419087964,7.191421279939952,6.246378720060047,2596886.5925000003
2023-05-21 00:00:00+00:00,6.505,6.545,6.356,6.43,1279377.69,6.6955,7.13105,6.892964999999999,39.80469883797764,-0.17196723676245895,-0.17452642928654627,0.002559192524087317,7.176502494791954,6.214497505208046,2496588.2399999998
2023-05-22 00:00:00+00:00,6.43,6.608,6.334,6.533,2602323.99,6.6728000000000005,7.1131,6.887030000000001,43.25016429771398,-0.16406886650047703,-0.17243491672933242,0.008366050228855393,7.139264403782409,6.206335596217592,2522844.42
2023-05-23 00:00:00+00:00,6.534,6.635,6.474,6.504,1751271.68,6.64155,7.10165,6.8759749999999995,42.51235198526473,-0.1583243443123088,-0.1696128022459277,0.011288457933618906,7.063163318096178,6.219936681903821,2447289.6755
2023-05-24 00:00:00+00:00,6.505,6.509,6.206,6.32,3090108.04,6.60765,7.089066666666667,6.864259999999999,38.07427997739359,-0.16669744693625255,-0.16902973118399267,0.002332284247740124,7.018050426408233,6.197249573591766,2514766.528
2023-05-25 00:00:00+00:00,6.321,6.345,6.164,6.278,1856294.47,6.560249999999999,7.072683333333333,6.855145,37.12165344275867,-0.17470831142012688,-0.1701654472312195,-0.0045428641889073695,6.883829897391735,6.236670102608263,2463132.956
2023-05-26 00:00:00+00:00,6.279,6.458,6.235,6.344,1704644.17,6.5314499999999995,7.063916666666667,6.842085,39.67589062314961,-0.17372869457507,-0.17087809669998963,-0.0028505978750803795,6.8227487984802515,6.240151201519748,2418204.4685
2023-05-27 00:00:00+00:00,6.344,6.441,6.327,6.438,1100851.23,6.5078000000000005,7.055433333333332,6.835735000000001,43.21399029368807,-0.1634827988181149,-0.1693990371236147,0.00591623830549981,6.743496075478638,6.272103924521363,2389396.2854999998
2023-05-28 00:00:00+00:00,6.437,6.659,6.419,6.631,2028825.98,6.510250000000001,7.042916666666667,6.837735,49.7329285439387,-0.13819632437812857,-0.16315849457451748,0.02496217019638891,6.749964726281121,6.270535273718881,2225891.717
2023-05-29 00:00:00+00:00,6.636,6.678,6.527,6.637,2236832.15,6.516,7.032983333333333,6.83487,49.92538467961305,-0.11633146463878852,-0.15379308858737167,0.037461623948583156,6.762000812998726,6.269999187001274,2227747.6855
2023-05-30 00:00:00+00:00,6.637,6.672,6.536,6.613,2395564.78,6.51725,7.016733333333334,6.832714999999999,49.115338104832844,-0.09978969174171226,-0.1429924092182398,0.04320271747652754,6.764949717391914,6.269550282608085,2132675.2715
2023-05-31 00:00:00+00:00,6.611,6.636,6.396,6.478,2604021.56,6.523149999999999,6.998900000000001,6.8337,44.719951280131,-0.09646163956603448,-0.13368625528779876,0.037224615721764276,6.761012376167471,6.285287623832527,2064416.0169999998
2023-06-01 00:00:00+00:00,6.478,6.513,6.317,6.344,2163580.25,6.5092,6.983716666666667,6.835030000000001,40.81549351550797,-0.10344437202593415,-0.12763787863542583,0.024193506609491683,6.754607905325057,6.263792094674943,2006446.6875
2023-06-02 00:00:00+00:00,6.344,6.481,6.306,6.45,2147074.04,6.50715,6.970466666666667,6.835825,44.91277721471884,-0.09928048011245316,-0.1219663989308313,0.022685918818378142,6.753813556278652,6.260486443721349,2026676.064
2023-06-03 00:00:00+00:00,6.451,6.459,6.361,6.421,868599.69,6.50085,6.95465,6.835825,44.01500618182234,-0.09720016046385815,-0.11701315123743668,0.019812990773578523,6.749548431832671,6.252151568167329,2010417.5760000001
2023-06-04 00:00:00+00:00,6.421,6.532,6.393,6.452,1209935.67,6.4917,6.940166666666666,6.83719,45.27432355685896,-0.09198965178802077,-0.1120084513475535,0.02001879955953273,6.733348587821297,6.250051412178703,1954478.3530000001
2023-06-05 00:00:00+00:00,6.45,6.492,5.961,6.054,4495305.78,6.461450000000001,6.92105,6.836335,34.53401618004199,-0.1186083170501071,-0.11332842448806422,-0.005279892562042879,6.757173164456252,6.16572683554375,2064372.4915
2023-06-06 00:00:00+00:00,6.054,6.312,6.003,6.261,3709908.32,6.4366,6.904283333333334,6.836725,42.21242399761454,-0.12159891442581472,-0.11498252247561433,-0.00661639195020039,6.711244788765438,6.161955211234563,2084886.107
2023-06-07 00:00:00+00:00,6.261,6.269,5.829,5.917,2998801.55,6.4059,6.8840666666666674,6.83558,34.888963772236124,-0.1499978278748637,-0.12198558355546421,-0.0280122443193995,6.757857895203394,6.053942104796606,2121098.9415
2023-06-08 00:00:00+00:00,5.919,6.036,5.883,5.995,1426456.09,6.3801499999999995,6.863933333333334,6.836715000000001,37.53522117265162,-0.16431608966115796,-0.13045168477660296,-0.033864404884555,6.771075197443188,5.989224802556811,2121354.857
2023-06-09 00:00:00+00:00,5.994,6.081,5.92,5.993,1267537.07,6.35465,6.841433333333334,6.8373,37.49314372276319,-0.1738210971614027,-0.1391255672535629,-0.034695529907839806,6.775577677868762,5.9337223221312385,2146865.71
2023-06-10 00:00:00+00:00,5.992,6.007,4.761,5.233,14028655.59,6.2948,6.806966666666667,6.831354999999999,25.702191729630016,-0.23991395378226343,-0.159283244559303,-0.08063070922296042,6.9377123112804515,5.651887688719549,2784329.605
2023-06-11 00:00:00+00:00,5.233,5.254,5.089,5.175,2454695.33,6.2269,6.772716666666667,6.823695,25.054625758180578,-0.29358882488086113,-0.18614436062361464,-0.10744446425724649,7.0233528611261,5.430447138873899,2776948.172
2023-06-12 00:00:00+00:00,5.175,5.198,5.003,5.16,2746808.8,6.1597,6.734416666666666,6.81534,24.880038375227727,-0.33349262617029396,-0.21561401373295053,-0.11787861243734343,7.069959325684682,5.249440674315318,2826725.028
2023-06-13 00:00:00+00:00,5.16,5.412,5.11,5.3,2495494.52,6.108700000000001,6.693700000000001,6.8076,29.797055522081166,-0.3497877112127803,-0.2424487532289165,-0.10733895798386378,7.08892734097551,5.128472659024491,2796994.352
2023-06-14 00:00:00+00:00,5.299,5.507,5.142,5.25,3786780.65,6.0573,6.647783333333334,6.798069999999999,29.06532988099329,-0.36255693497868613,-0.2664703895788705,-0.09608654539981565,7.1022968612373445,5.012303138762655,2893518.661
2023-06-15 00:00:00+00:00,5.25,5.419,5.163,5.312,2895922.21,6.0057,6.600650000000001,6.790120000000001,31.31763153248822,-0.3634837406644671,-0.2858730597959898,-0.07761068086847728,7.090146052137166,4.921253947862834,2953082.563
2023-06-16 00:00:00+00:00,5.312,5.398,5.128,5.324,2176359.41,5.95,6.553383333333333,6.78077,31.76919906739353,-0.35911034066712233,-0.30052051597021634,-0.05858982469690599,7.05416466163153,4.84583533836847,3006857.972
2023-06-17 00:00:00+00:00,5.325,5.396,5.221,5.279,1878846.73,5.8824,6.4984,6.770575,30.94748861577561,-0.3551812057328254,-0.3114526539227382,-0.043728551810087224,6.977021651528897,4.787778348471102,2999359.0094999997
2023-06-18 00:00:00+00:00,5.282,5.302,5.04,5.156,1966918.59,5.80835,6.455133333333333,6.757994999999999,28.757972762565302,-0.3578671404055802,-0.3207355512193066,-0.03713158918627363,6.8890488988593575,4.727651101140642,2985863.3315
2023-06-19 00:00:00+00:00,5.157,5.194,4.993,5.133,3234945.88,5.73435,6.415483333333333,6.745255000000001,28.354007024196378,-0.35772800500211854,-0.328134041975869,-0.02959396302624956,6.786839102079355,4.681860897920645,3027832.3865
2023-06-20 00:00:00+00:00,5.134,5.281,5.0,5.267,4247080.66,5.673800000000001,6.384716666666667,6.73354,34.157067242974804,-0.34285286467174725,-0.3310778065150447,-0.011775058156702545,6.68678975315439,4.660810246845612,3109985.3415
2023-06-21 00:00:00+00:00,5.267,5.588,5.242,5.556,5295791.26,5.6344,6.357733333333333,6.725145,44.58241387644309,-0.3042372662400119,-0.32570969846003817,0.02147243222002626,6.600257422188068,4.668542577811933,3266595.892
2023-06-22 00:00:00+00:00,5.555,5.823,5.507,5.558,4647546.09,5.589799999999999,6.332333333333334,6.715715,44.64773198401721,-0.270356244491615,-0.31463900766635355,0.04428276317473856,6.480333907268984,4.699266092731015,3391619.4945
2023-06-23 00:00:00+00:00,5.557,6.154,5.551,6.07,6720273.6,5.57225,6.3157000000000005,6.70969,58.222987614439525,-0.1998869967458159,-0.291688605482246,0.09180160873643012,6.408765600569266,4.735734399430735,3684203.19
2023-06-24 00:00:00+00:00,6.071,6.196,5.912,6.133,3204444.17,5.5563,6.296683333333334,6.704694999999999,59.537957097134836,-0.13737249213875558,-0.26082538281354795,0.12345289067479237,6.335297329902841,4.77730267009716,3783928.6149999998
2023-06-25 00:00:00+00:00,6.133,6.378,6.059,6.157,3200149.72,5.56145,6.282566666666667,6.701075,60.05379024739476,-0.08491386326269712,-0.2256430789033778,0.14072921564068067,6.354770735891705,4.768129264108294,3719170.812
2023-06-26 00:00:00+00:00,6.157,6.259,6.005,6.057,3875112.66,5.55125,6.264016666666667,6.696360000000001,56.80429392208331,-0.05082332652775001,-0.19067912842825224,0.13985580190050223,6.312946494672093,4.789553505327906,3727431.029
2023-06-27 00:00:00+00:00,6.058,6.255,6.046,6.198,3250133.19,5.565300000000001,6.249983333333334,6.693035,60.08394077281325,-0.012287170094070099,-0.15500073676141582,0.14271356666734572,6.362980662919542,4.767619337080459,3739997.611
2023-06-28 00:00:00+00:00,6.2,6.205,5.703,5.815,4135037.15,5.5563,6.22715,6.68782,49.16445723042108,-0.012507706562336907,-0.12650213072160005,0.11399442415926314,6.338292352901073,4.774307647098928,3875426.664
2023-06-29 00:00:00+00:00,5.814,6.183,5.787,5.891,4221854.85,5.5512,6.2082500000000005,6.683775000000001,51.06493738437574,-0.006475275515396284,-0.1024967596803593,0.09602148416496302,6.3229975382156605,4.779402461784339,4023142.5529999994
2023-06-30 00:00:00+00:00,5.891,6.452,5.721,6.313,8723371.76,5.6052,6.1985,6.6818349999999995,60.00574966479228,0.03198859810275145,-0.07559968812373716,0.10758828622648861,6.429715033213931,4.780684966786069,3757878.3614999996
2023-07-01 00:00:00+00:00,6.313,6.524,6.122,6.503,5141414.75,5.6716,6.190433333333333,6.6797200000000005,63.26048776473248,0.07691626434941767,-0.0450964976291062,0.12201276197852387,6.558382814445447,4.7848171855545525,3892214.3325000005
2023-07-02 00:00:00+00:00,6.503,6.565,6.333,6.54,4086985.57,5.7406,6.180616666666666,6.6788300000000005,63.876990794737324,0.11419103118826524,-0.013238991865631912,0.12743002305389714,6.671092643708594,4.810107356291406,3959223.171
2023-07-03 00:00:00+00:00,6.541,6.692,6.468,6.628,3237642.64,5.807,6.174449999999999,6.679690000000001,65.36558169103866,0.14911352906840758,0.019231512321175988,0.1298820167472316,6.790285716359101,4.8237142836409,3996330.5770000005
2023-07-04 00:00:00+00:00,6.628,6.63,6.392,6.521,2606479.19,5.87055,6.1627,6.68283,62.018995946468394,0.16623954844380773,0.04863311954570234,0.11760642889810538,6.8658418114783455,4.875258188521654,3937315.5039999997
2023-07-05 00:00:00+00:00,6.523,6.571,6.214,6.299,3023680.6,5.9199,6.15235,6.684175,55.65261946895212,0.16005350039383703,0.07091719571532928,0.08913630467850775,6.89723431332163,4.94256568667837,3943703.4235
2023-07-06 00:00:00+00:00,6.299,6.507,6.08,6.08,3733833.93,5.957700000000001,6.1385,6.684830000000001,50.18024069059642,0.13591282456672094,0.08391632148560761,0.051996503081113324,6.897686191385743,5.017713808614259,4021577.1495
2023-07-07 00:00:00+00:00,6.08,6.223,6.012,6.156,2063365.14,6.00155,6.131399999999999,6.686660000000001,51.94616762018896,0.12151300362448847,0.09143565791338379,0.03007734571110468,6.8912806277721845,5.111819372227815,4030803.0700000003
2023-07-08 00:00:00+00:00,6.157,6.222,6.094,6.196,1286251.86,6.0535499999999995,6.125966666666667,6.687574999999999,52.89260369903571,0.11203721224667618,0.09555596878004227,0.016481243466633905,6.856902842775764,5.250197157224235,3996769.7335
2023-07-09 00:00:00+00:00,6.198,6.24,6.123,6.15,1197225.34,6.1044,6.118666666666667,6.6883799999999995,51.63317209008455,0.09966686615583598,0.09637814825520102,0.003288717900634952,6.788074600958611,5.420725399041389,3894883.7065
2023-07-10 00:00:00+00:00,6.149,6.303,6.02,6.167,2162467.25,6.1494,6.11545,6.68919,52.08722528734895,0.09019532017405751,0.09514158263897234,-0.004946262464914822,6.714950139241367,5.583849860758633,3790653.036
2023-07-11 00:00:00+00:00,6.169,6.238,6.121,6.206,1065079.1,6.181900000000001,6.1085,6.690515,53.173283753228404,0.08485783747979792,0.09308483360713746,-0.008226996127339542,6.6777204917063635,5.686079508293638,3579117.4280000003
2023-07-12 00:00:00+00:00,6.205,6.35,6.196,6.252,2069557.14,6.216600000000001,6.104516666666667,6.692195000000001,54.48380991011787,0.08337852383067901,0.09114357165184578,-0.007765047821166771,6.621759425406777,5.811440574593224,3450217.9805
2023-07-13 00:00:00+00:00,6.252,7.198,6.211,7.124,6685843.19,6.269299999999999,6.114133333333333,6.697865,71.03353598330878,0.1508305883639256,0.10308097499426175,0.04774961336966385,6.829140727346595,5.709459272653404,3448496.46
2023-07-14 00:00:00+00:00,7.125,7.343,6.687,6.958,7159768.77,6.31055,6.119516666666667,6.702414999999999,66.10587045315177,0.18871661512514226,0.12020810302043786,0.0685085121047044,6.9412332723292876,5.679866727670713,3646262.69
2023-07-15 00:00:00+00:00,6.957,7.02,6.832,6.918,1900374.37,6.3486,6.123833333333334,6.70749,64.93689367340879,0.21305789973720568,0.13877806236379142,0.07427983737341426,7.027609396102874,5.669590603897126,3581273.9225000003
2023-07-16 00:00:00+00:00,6.918,6.921,6.567,6.607,2658534.07,6.3761,6.121316666666667,6.71215,56.56206058830595,0.2048915797069153,0.1520007658324162,0.05289081387449909,7.050174743627143,5.702025256372857,3520444.993
2023-07-17 00:00:00+00:00,6.608,7.265,6.45,7.186,8290250.05,6.4254999999999995,6.132233333333333,6.720075,65.48642760474179,0.24234655313381737,0.17006992329269643,0.07227662984112093,7.180125072467124,5.670874927532875,3772450.836
2023-07-18 00:00:00+00:00,7.186,7.3,6.757,6.911,8507881.88,6.4803,6.138916666666666,6.727255,59.259095348228286,0.24699251176590487,0.18545444098733813,0.06153807077856674,7.208343158058662,5.752256841941337,3991093.0725000002
2023-07-19 00:00:00+00:00,6.913,7.048,6.773,6.915,4134376.74,6.531499999999999,6.145783333333333,6.733955,59.319691766421556,0.2481368666854511,0.19799092612696073,0.050145940558490365,7.229997673579551,5.833002326420448,3986719.1670000004
2023-07-20 00:00:00+00:00,6.916,8.464,6.884,8.361,24470179.81,6.6339,6.177966666666666,6.74762,74.23733153382642,0.3615560978425263,0.23070396047007385,0.13085213737245244,7.6854805057132225,5.582319494286777,4774059.5695
2023-07-21 00:00:00+00:00,8.361,8.449,8.042,8.133,8987313.71,6.7154,6.204633333333333,6.759830000000001,69.88566866027466,0.4281089872351913,0.27018496582309737,0.15792402141209394,7.950424598943722,5.4803754010562775,4966354.5175
2023-07-22 00:00:00+00:00,8.128,8.383,7.76,7.881,6296766.28,6.78245,6.2275833333333335,6.771129999999999,65.32760875288035,0.45527026539485593,0.3072020257374491,0.14806823965740684,8.113943368363554,5.450956631636446,5076843.553
2023-07-23 00:00:00+00:00,7.88,8.099,7.817,7.89,3092197.0,6.84555,6.25375,6.781535,65.41436770062245,0.47208015266644576,0.34017765112324844,0.13190250154319733,8.258883148976611,5.432216851023389,5069571.271
2023-07-24 00:00:00+00:00,7.89,7.89,7.435,7.586,5711968.64,6.8988,6.27555,6.791165000000001,59.95696640090789,0.45561974921636494,0.3632660707418717,0.09235367847449322,8.33920099972062,5.45839900027938,5224845.7435
2023-07-25 00:00:00+00:00,7.584,7.643,7.34,7.392,3513090.68,6.953449999999999,6.293016666666667,6.7995649999999985,56.70570189907473,0.4220553903968849,0.37502393467287437,0.04703145572401052,8.381562667122651,5.525337332877347,5249316.2475000005
2023-07-26 00:00:00+00:00,7.391,7.835,7.275,7.742,5983258.79,7.03655,6.31475,6.809125,60.832296087056655,0.4188690079554469,0.3837929493293889,0.035076058626058004,8.444975571337087,5.628124428662913,5361787.4905
2023-07-27 00:00:00+00:00,7.741,8.145,7.68,7.989,5477383.07,7.1282,6.337383333333333,6.819254999999999,63.47793162977676,0.431302822191296,0.39329492390177034,0.038007898289525666,8.53405285147352,5.722347148526479,5532488.387
2023-07-28 00:00:00+00:00,7.987,8.092,7.763,7.77,3119106.93,7.2069,6.3562666666666665,6.827780000000001,59.63190379465942,0.41865919719440914,0.39836777856029815,0.02029141863411099,8.570802327879916,5.8429976721200845,5624131.1405
2023-07-29 00:00:00+00:00,7.77,7.897,7.724,7.842,1906734.68,7.291499999999999,6.3767499999999995,6.83616,60.47968372711132,0.4097257679553179,0.40063937643930214,0.009086391516015757,8.59106292652425,5.991937073475747,5659606.6075
2023-07-30 00:00:00+00:00,7.843,7.863,7.343,7.555,2980351.07,7.360899999999999,6.394699999999999,6.842515,55.478174123096615,0.37516281606765034,0.3955440643649718,-0.020381248297321464,8.556970549757118,6.1648294502428795,5700500.7985
2023-07-31 00:00:00+00:00,7.555,7.716,7.433,7.547,3457040.23,7.42795,6.41475,6.848315,55.34079215277764,0.34317004389277983,0.38506926027053345,-0.04189921637775362,8.501621174054849,6.354278825945151,5820098.8549999995
2023-08-01 00:00:00+00:00,7.55,7.648,7.139,7.641,3839827.85,7.497400000000001,6.4346000000000005,6.853494999999999,56.69767195290245,0.32169228741511624,0.37239386569945004,-0.050701578284333804,8.427982054413441,6.5668179455865605,5908612.3905
2023-08-02 00:00:00+00:00,7.643,7.715,7.334,7.351,4200718.29,7.508750000000001,6.450100000000001,6.85597,51.499091634376555,0.2780650732241803,0.3535281072043961,-0.07546303398021581,8.426284059311339,6.591215940688663,5784356.1455
2023-08-03 00:00:00+00:00,7.35,7.409,7.07,7.125,3398269.99,7.517100000000001,6.461316666666667,6.858125,47.81934214862158,0.22268688463328612,0.3273598626901741,-0.10467297805688797,8.417309731116225,6.616890268883777,5596281.2065
2023-08-04 00:00:00+00:00,7.125,7.265,7.007,7.143,3081770.63,7.5283500000000005,6.479466666666666,6.860495000000001,48.1371930533772,0.17819757010043968,0.2975274041722272,-0.11932983407178749,8.403608424693159,6.653091575306843,5655351.0195
2023-08-05 00:00:00+00:00,7.143,7.246,7.103,7.231,1621170.15,7.55955,6.495633333333333,6.86263,49.74878582947936,0.14833047102085395,0.26768801754195254,-0.11935754652109859,8.340632447630439,6.778467552369561,5603482.8235
2023-08-06 00:00:00+00:00,7.231,7.275,7.076,7.102,1700576.48,7.55535,6.515383333333333,6.86647,47.42243675958587,0.11294934814059854,0.23674028366168176,-0.12379093552108322,8.34527512936123,6.765424870638769,5273999.145
2023-08-07 00:00:00+00:00,7.101,7.397,6.94,7.324,3324085.3,7.575999999999999,6.537533333333332,6.87056,51.6156349461693,0.10165132482255768,0.20972249189385697,-0.1080711670712993,8.317581553166178,6.834418446833819,5014809.316
2023-08-08 00:00:00+00:00,7.328,7.534,7.29,7.461,3984515.4,7.6033,6.561999999999999,6.87316,54.05104902201834,0.10256995242440503,0.1882919839999666,-0.08572203157556157,8.28316972281193,6.92343027718807,5007316.249
2023-08-09 00:00:00+00:00,7.458,7.919,7.378,7.678,5356202.6,7.5691500000000005,6.6027499999999995,6.8772850000000005,57.684282634657585,0.11943132786830901,0.1745198527736351,-0.05508852490532609,8.155539043209677,6.982760956790324,4051617.3885
2023-08-10 00:00:00+00:00,7.678,7.735,7.559,7.619,3233781.21,7.54345,6.643483333333334,6.88046,56.37897799206292,0.12657421372472122,0.16493072496385233,-0.038356511239131114,8.070822534359111,7.016077465640889,3763940.7635000004
2023-08-11 00:00:00+00:00,7.619,7.642,7.405,7.492,1848871.59,7.523999999999999,6.68235,6.882845,53.568991392972556,0.12059699650424971,0.1560639792719318,-0.03546698276768209,8.028331240353348,7.019668759646651,3541546.0290000006
2023-08-12 00:00:00+00:00,7.492,7.539,7.385,7.442,1315001.68,7.501600000000001,6.71805,6.886749999999999,52.460404720145085,0.11055106282434402,0.14696139598241426,-0.03641033315807024,7.977936603670494,7.025263396329508,3452686.2630000003
2023-08-13 00:00:00+00:00,7.443,7.56,7.313,7.369,2060255.56,7.49075,6.7533666666666665,6.888825,50.80722821076115,0.09559711406858451,0.1366885395996483,-0.04109142553106379,7.968785092850239,7.012714907149761,3270100.609
2023-08-14 00:00:00+00:00,7.368,7.636,7.307,7.412,3793787.02,7.491750000000001,6.788366666666666,6.89004,51.77133057542691,0.08622183097995695,0.12659519787571005,-0.040373366895753104,7.96903770149286,7.014462298507141,3284135.426
2023-08-15 00:00:00+00:00,7.412,7.434,6.8,7.043,6078471.09,7.456800000000001,6.8170166666666665,6.8883350000000005,43.8324356774967,0.04845804131245757,0.11096776656305957,-0.062509725250602,7.957467394580801,6.956132605419201,3288896.041
2023-08-16 00:00:00+00:00,7.041,7.072,6.6,6.762,6063000.38,7.395450000000001,6.841733333333334,6.88609,38.935933478857564,-0.004097156191280149,0.08795478201219162,-0.09205193820347177,7.920344837082925,6.870555162917078,3318176.9065
2023-08-17 00:00:00+00:00,6.763,6.871,5.6,6.189,8367039.19,7.3164,6.858950000000001,6.880175,31.265942403227157,-0.09093559120200023,0.052176707369353245,-0.1431122985713535,8.033035025655519,6.599764974344481,3580573.5195
2023-08-18 00:00:00+00:00,6.187,6.287,6.065,6.176,4839502.37,7.2331,6.876333333333333,6.876485,31.116179603389753,-0.15897213611123195,0.009946938673236205,-0.16891907478446816,8.064160503210363,6.402039496789637,3727211.904
2023-08-19 00:00:00+00:00,6.175,6.264,6.114,6.181,2324385.09,7.1644000000000005,6.891566666666666,6.87263,31.252575152164795,-0.21006661276534455,-0.03405577161447995,-0.1760108411508646,8.098445908933947,6.230354091066054,3694413.6049999995
2023-08-20 00:00:00+00:00,6.18,6.236,6.118,6.22,1272820.99,7.098050000000001,6.902633333333333,6.867660000000001,32.37732158954222,-0.2445928652691034,-0.07616319034540464,-0.16842967492369876,8.100015164063214,6.096084835936788,3585202.643
2023-08-21 00:00:00+00:00,6.22,6.256,6.002,6.174,3063645.91,7.0247,6.9129,6.863035,31.718171608676002,-0.27252548058949433,-0.11543564839422257,-0.15708983219527176,8.070753555032534,5.978646444967467,3546393.546
2023-08-22 00:00:00+00:00,6.175,6.255,5.865,6.112,3937580.0,6.96275,6.913600000000001,6.857125,30.807792166958706,-0.2962501737255341,-0.1515985534604849,-0.14465162026504919,8.069179731160629,5.8563202688393705,3533236.6315000006
2023-08-23 00:00:00+00:00,6.116,6.435,6.103,6.352,3611220.57,6.9241,6.917249999999999,6.8527,38.20201976260223,-0.2923165267668688,-0.1797421481217617,-0.11257437864510711,8.058802410324475,5.789397589675526,3543884.1604999998
2023-08-24 00:00:00+00:00,6.351,6.368,5.984,6.084,3008240.96,6.87115,6.916033333333333,6.8481950000000005,33.851671911456194,-0.3072822845426515,-0.20525017540593968,-0.10203210913671182,8.057701688716575,5.684598311283425,3540207.6769999997
2023-08-25 00:00:00+00:00,6.084,6.085,5.913,6.014,3107452.3,6.8103,6.915316666666667,6.844105,32.80098698772768,-0.3210898465089471,-0.2284181096265412,-0.09267173688240593,8.04080267776878,5.57979732223122,3614521.7845000005
2023-08-26 00:00:00+00:00,6.014,6.043,5.955,6.006,1636733.49,6.7555,6.912116666666666,6.838150000000001,32.67616242479836,-0.32888677002659694,-0.24851184170655236,-0.08037492832004459,8.026124492128229,5.48487550787177,3611329.6350000002
2023-08-27 00:00:00+00:00,6.005,6.045,5.953,6.03,1327983.29,6.6908,6.9157,6.83262,33.49383789025261,-0.32933294349453845,-0.2646760620641496,-0.06465688143038884,7.970789781207688,5.410810218792313,3511524.5345000005
2023-08-28 00:00:00+00:00,6.029,6.051,5.85,5.981,3374414.54,6.6168,6.917199999999999,6.827605,32.622671429679,-0.32983825953358625,-0.27770850155803695,-0.05212975797554931,7.8811541592433985,5.352445840756601,3481019.4915
2023-08-29 00:00:00+00:00,5.981,6.318,5.842,6.194,5586925.4,6.5426,6.915216666666667,6.824125,39.93605411772654,-0.3094838688572441,-0.2840635750178784,-0.025420293839365726,7.720348597959709,5.3648514020402915,3492555.6314999997
2023-08-30 00:00:00+00:00,6.193,6.198,5.881,5.925,3206141.49,6.4578999999999995,6.905583333333333,6.818734999999999,34.79885060174317,-0.3114685044372356,-0.28954456090174985,-0.021923943535485768,7.554692578383002,5.361107421616997,3491173.6454999996
2023-08-31 00:00:00+00:00,5.925,6.064,5.73,5.879,4186968.01,6.37725,6.894566666666666,6.81409,33.99356747695016,-0.3131434353966345,-0.29426433580072675,-0.018879099595907722,7.392182879552147,5.3623171204478535,3608078.4665
2023-09-01 00:00:00+00:00,5.878,6.034,5.817,5.941,3668052.2,6.3022,6.883116666666667,6.81045,36.138632464658365,-0.30594124813808143,-0.2965997182681977,-0.009341529869883736,7.207121565659693,5.397278434340307,3725730.9925000006
2023-09-02 00:00:00+00:00,5.941,5.999,5.89,5.972,1272779.56,6.23235,6.873966666666666,6.8062700000000005,37.23691272797247,-0.294339064409721,-0.2961475874965024,0.0018085230867813662,7.002779042804054,5.461920957195947,3686357.1925
2023-09-03 00:00:00+00:00,5.972,6.064,5.948,6.027,1783671.76,6.1631,6.869433333333333,6.8,39.23366277482612,-0.2775072787033448,-0.2924195257378709,0.014912247034526094,6.714912975559609,5.611287024440391,3585851.4295
2023-09-04 00:00:00+00:00,6.03,6.164,5.944,6.012,2785879.47,6.111549999999999,6.8683000000000005,6.795005,38.870457364737845,-0.26235408729574594,-0.2864064380494459,0.024052350753699936,6.490481906806401,5.732618093193598,3421221.8485
2023-09-05 00:00:00+00:00,6.013,6.154,5.906,6.137,2961423.42,6.080299999999999,6.867983333333333,6.78744,43.55953551082492,-0.2375206286453979,-0.2766292761686363,0.03910864752323839,6.315237523601331,5.845362476398668,3266143.0005
2023-09-06 00:00:00+00:00,6.138,6.35,6.094,6.302,4754687.99,6.0859499999999995,6.86975,6.779005,49.108825410966446,-0.20219503421967833,-0.2617424277788447,0.059547393559166384,6.336019970200197,5.835880029799802,3085525.4405
2023-09-07 00:00:00+00:00,6.301,6.47,6.195,6.387,3097345.2,6.096500000000001,6.8737,6.7708699999999995,51.741173145452336,-0.16543344275542893,-0.24248063077416157,0.07704718801873264,6.376846571221999,5.816153428778002,2998417.582
2023-09-08 00:00:00+00:00,6.388,6.404,6.144,6.28,2003043.64,6.10145,6.875583333333333,6.762185000000001,48.35075269316495,-0.14328195721784986,-0.22264089606289922,0.07935893884504935,6.390936769984282,5.811963230015718,2982350.5094999997
2023-09-09 00:00:00+00:00,6.28,6.293,6.157,6.165,1037278.42,6.098699999999999,6.8749,6.75481,44.94219744860387,-0.1334677510876343,-0.20480626706784624,0.07133851598021193,6.3846532129491305,5.812746787050868,2970573.381
2023-09-10 00:00:00+00:00,6.165,6.165,5.949,6.015,2940010.89,6.09075,6.87095,6.7463000000000015,40.89278605551729,-0.13622337020398767,-0.19108968769507453,0.05486631749108686,6.376728233430324,5.804771766569676,2964391.63
2023-09-11 00:00:00+00:00,6.016,6.035,5.737,5.829,4285220.96,6.0766,6.849366666666667,6.73577,36.500931824340384,-0.15166753480849415,-0.18320525711775848,0.03153772230926433,6.38416293664212,5.76903706335788,2981773.6780000003
2023-09-12 00:00:00+00:00,5.827,6.077,5.808,5.957,3107349.35,6.05685,6.832683333333334,6.728225,41.18248137324926,-0.15182843260622825,-0.17692989221545244,0.02510145960922419,6.3409741101982,5.7727258898018,2956580.117
2023-09-13 00:00:00+00:00,5.958,6.094,5.927,6.02,2998925.26,6.053649999999999,6.817716666666667,6.7214599999999995,43.394536206957724,-0.1451986125605087,-0.17058363628446369,0.025385023723954986,6.337920487381153,5.769379512618846,2956114.332
2023-09-14 00:00:00+00:00,6.021,6.213,6.006,6.151,3421841.03,6.0605,6.810116666666667,6.714729999999999,47.79143412560459,-0.12789948161231823,-0.1620468053500346,0.03414732373771637,6.347210655532578,5.773789344467422,2971833.7685000002
2023-09-15 00:00:00+00:00,6.152,6.381,6.099,6.367,2517925.91,6.07855,6.796466666666666,6.710195,54.11965774793588,-0.09565771825846614,-0.14876898793172091,0.053111269673254774,6.3933422965955895,5.76375770340441,3015893.3895
2023-09-16 00:00:00+00:00,6.367,6.421,6.184,6.281,1902334.13,6.0911,6.785966666666667,6.705625,51.44591082397076,-0.07616735986717504,-0.13424866231881175,0.0580813024516367,6.416968010083729,5.765231989916271,3044610.9315
2023-09-17 00:00:00+00:00,6.279,6.282,6.051,6.146,1503567.78,6.099349999999999,6.773149999999999,6.698675000000001,47.48039590026197,-0.07079836272451523,-0.12155860239995245,0.05076023967543722,6.421989287743962,5.776710712256037,2951068.5935000004
2023-09-18 00:00:00+00:00,6.146,6.84,6.099,6.567,7921921.79,6.117999999999999,6.74325,6.6951350000000005,58.280359587782115,-0.0322010189492179,-0.10368708570980555,0.07148606676058765,6.498331960260949,5.73766803973905,3067818.4129999997
2023-09-19 00:00:00+00:00,6.566,6.969,6.515,6.846,5536761.2,6.16405,6.7218,6.694575000000001,63.619553212556305,0.020662438640536962,-0.07881718083973704,0.099479619480274,6.648525995273192,5.679574004726807,3184349.3985
2023-09-20 00:00:00+00:00,6.846,7.045,6.741,6.905,4549051.69,6.21535,6.705533333333333,6.694815,64.64984198098875,0.06655076081324474,-0.049743592509140684,0.11629435332238541,6.7790351159964795,5.65166488400352,3202453.5825
2023-09-21 00:00:00+00:00,6.907,6.946,6.605,6.664,4270233.81,6.2515,6.6851,6.69341,57.48810093428374,0.08251966552618395,-0.023290940902075757,0.10581060642825971,6.832634579934782,5.6703654200652185,3232562.663
2023-09-22 00:00:00+00:00,6.665,6.972,6.593,6.958,3083344.65,6.3008,6.674633333333333,6.693929999999999,62.88902945605972,0.11754351206166369,0.004875949690672135,0.11266756237099156,6.942827912162695,5.6587720878373045,3323090.9175
2023-09-23 00:00:00+00:00,6.959,7.232,6.917,7.189,6314709.67,6.3589,6.67125,6.69547,66.491213940672,0.1620716708907528,0.03631509393068827,0.12575657696006454,7.0947559369849555,5.623044063015045,3549642.813
2023-09-24 00:00:00+00:00,7.189,7.25,6.95,6.972,3149084.7,6.4068999999999985,6.658416666666667,6.697445,60.54582491785908,0.17780089309712466,0.06461225376397556,0.1131886393331491,7.170692092127182,5.643107907872815,3567803.0745000006
2023-09-25 00:00:00+00:00,6.972,7.509,6.908,7.494,4956186.61,6.47475,6.650166666666666,6.704114999999999,67.96611772012177,0.22973916242579673,0.0976376354963398,0.13210152692945692,7.361740388897219,5.587759611102782,3667541.234
2023-09-26 00:00:00+00:00,7.494,7.576,7.248,7.356,3877254.09,6.52745,6.643266666666666,6.709820000000001,64.51181342882262,0.2568048815587929,0.12947108470883043,0.12733379684996246,7.489216390552328,5.565683609447672,3623669.539
2023-09-27 00:00:00+00:00,7.355,7.901,7.271,7.645,7180632.89,6.590349999999999,6.639983333333333,6.7172350000000005,68.16126324984455,0.29813779675918806,0.16320442711890196,0.1349333696402861,7.6650626639228125,5.5156373360771855,3827833.9235
2023-09-28 00:00:00+00:00,7.641,8.07,7.572,7.807,7218442.3,6.6667000000000005,6.644183333333333,6.723515000000001,70.022254827378,0.34004663007278335,0.19857286770967825,0.1414737623631051,7.853491489688097,5.479908510311904,4088603.8564999998
2023-09-29 00:00:00+00:00,7.81,8.082,7.674,7.946,4632422.26,6.755750000000001,6.650833333333334,6.729439999999999,71.55838259129439,0.3800943299045425,0.23487716014865112,0.14521716975589138,8.041726496673293,5.469773503326707,4268361.0485
2023-09-30 00:00:00+00:00,7.947,8.276,7.939,8.191,5316780.65,6.8645499999999995,6.659999999999999,6.735595000000001,74.0795774860265,0.42668333313564144,0.2732383947460492,0.15344493838959222,8.246082551189492,5.483017448810507,4387199.5365
2023-10-01 00:00:00+00:00,8.19,8.26,7.778,8.054,5741530.2,6.975800000000001,6.671716666666667,6.743135,70.32549268611179,0.44739342588780584,0.30806940097440055,0.1393240249134053,8.364184471245691,5.587415528754311,4460014.998500001
2023-10-02 00:00:00+00:00,8.053,8.103,7.352,7.47,7388633.58,7.05145,6.677466666666666,6.747205,57.05278835760947,0.4119338868658504,0.32884229815269056,0.08309158871315986,8.372803771703929,5.730096228296072,4674079.21
2023-10-03 00:00:00+00:00,7.472,7.744,7.366,7.409,4753914.76,7.120900000000001,6.6819,6.748215,55.86674202997418,0.3745916966137113,0.3379921778448947,0.036599518768816564,8.361655076554683,5.880144923445319,4761828.6850000005
2023-10-04 00:00:00+00:00,7.408,7.78,7.2,7.674,5466659.39,7.19705,6.689283333333334,6.751975,59.7785967631576,0.3622057447453546,0.3428348912249867,0.01937085352036788,8.375744443015762,6.018355556984239,4864069.603
2023-10-05 00:00:00+00:00,7.673,7.793,7.451,7.465,3846525.19,7.251950000000001,6.695333333333333,6.753895,55.59331772307687,0.33170158593401755,0.34060823016679287,-0.008906644232775318,8.37169434135487,6.132205658645131,4930499.567
2023-10-06 00:00:00+00:00,7.469,7.764,7.432,7.639,3176035.64,7.31985,6.700583333333333,6.75684,58.21617433317042,0.31790258303699837,0.33606710074083396,-0.018164517703835592,8.357539023742792,6.282160976257208,4994184.6425
2023-10-07 00:00:00+00:00,7.64,7.68,7.47,7.524,2235442.95,7.38875,6.7016333333333336,6.757585000000001,55.86752110839062,0.29429478779817053,0.3277126381523013,-0.03341785035413075,8.277884607354975,6.4996153926450235,5030778.401
2023-10-08 00:00:00+00:00,7.521,7.948,7.5,7.673,5220385.39,7.44405,6.70155,6.760085,58.21944135184212,0.2843309050577991,0.31903629153340085,-0.03470538647560173,8.256104794946932,6.631995205053069,4895701.581
2023-10-09 00:00:00+00:00,7.671,7.696,7.134,7.276,5400392.17,7.46555,6.695833333333334,6.758415,50.49755291661688,0.24161469031753313,0.3035519712902273,-0.061937280972694186,8.234769988037433,6.6963300119625675,4888883.1295
2023-10-10 00:00:00+00:00,7.276,7.392,7.174,7.259,3315249.53,7.48325,6.69195,6.758755,50.1905654285876,0.20403800138635564,0.283649177309453,-0.07961117592309735,8.215462776449792,6.751037223550208,4827193.021500001
2023-10-11 00:00:00+00:00,7.259,7.43,7.1,7.391,3701911.87,7.519600000000001,6.6911000000000005,6.760335,52.600122697969354,0.18280227072647115,0.26347979599285665,-0.0806775252663855,8.150724520198926,6.888475479801077,4798776.924500001
2023-10-12 00:00:00+00:00,7.39,7.416,7.115,7.197,3425077.36,7.53155,6.688233333333333,6.760014999999999,48.85915406548288,0.14860558977383942,0.24050495474905323,-0.09189936497521381,8.127773271934538,6.935326728065462,4815863.5600000005
2023-10-13 00:00:00+00:00,7.198,7.403,7.107,7.256,4244477.6,7.5349,6.6856333333333335,6.761945000000001,50.023280156436364,0.12482636008418346,0.2173692358160793,-0.09254287573189585,8.124098404611154,6.945701595388847,4712351.956499999
2023-10-14 00:00:00+00:00,7.257,7.373,7.205,7.331,1522386.46,7.552849999999999,6.690433333333333,6.763864999999999,51.533592864907384,0.11075629283349286,0.19604664721956205,-0.08529035438606919,8.09211775352911,7.0135822464708895,4631017.044499999
2023-10-15 00:00:00+00:00,7.331,7.568,7.285,7.423,2299972.73,7.5493,6.7014499999999995,6.76407,53.394182123695195,0.10580958723442357,0.17799923522253439,-0.07218964798811081,8.090999953845605,7.007600046154394,4498206.3505
2023-10-16 00:00:00+00:00,7.422,7.832,7.411,7.525,4491818.19,7.55775,6.723716666666666,6.76553,55.43678179456339,0.10886490806438953,0.16417236979090544,-0.055307461726515905,8.09235111297708,7.023148887022919,4528934.5555
2023-10-17 00:00:00+00:00,7.525,7.559,7.262,7.32,2869585.65,7.541500000000001,6.742783333333334,6.76419,50.63368809974766,0.09366477585921196,0.15007085100456674,-0.056406075145354784,8.084201206923598,6.9987987930764035,4313382.1935
2023-10-18 00:00:00+00:00,7.32,7.483,7.28,7.356,2301928.23,7.518949999999999,6.762366666666667,6.76323,51.429533382987806,0.08356023038952465,0.13676872688155833,-0.053208496492033686,8.053061027780107,6.984838972219892,4067556.4899999998
2023-10-19 00:00:00+00:00,7.356,7.435,7.215,7.304,2421707.11,7.48685,6.780433333333333,6.763475000000001,50.171363192320555,0.07054316222507406,0.12352361395026148,-0.05298045172518742,7.990754068247433,6.982945931752566,3957020.7325000004
2023-10-20 00:00:00+00:00,7.304,7.71,7.261,7.57,4329807.55,7.455799999999999,6.8037,6.7651,56.08917776725239,0.08076006708512029,0.11497090457723326,-0.03421083749211297,7.8460310085017655,7.065568991498233,3907672.0774999997
2023-10-21 00:00:00+00:00,7.57,9.171,7.52,8.914,15593852.19,7.4988,6.8504,6.77282,73.32637627167642,0.19505809719387202,0.130988343100561,0.064069754093311,8.204905544516057,6.792694455483943,4400288.176999999
2023-10-22 00:00:00+00:00,8.914,10.288,8.839,10.19,18639585.65,7.6348,6.914366666666667,6.787165,80.96586567101524,0.3841741253737334,0.18162549955519552,0.2025486258185379,9.003356407312594,6.266243592687406,4962835.780499999
2023-10-23 00:00:00+00:00,10.189,11.058,9.789,10.577,24657322.01,7.793200000000001,6.98925,6.8040449999999995,82.5941235302543,0.5588356958807612,0.25706753882030864,0.30176815706045257,9.662342969383669,5.924057030616332,5958006.143
2023-10-24 00:00:00+00:00,10.578,11.15,9.661,10.372,17094050.82,7.928099999999999,7.061883333333332,6.81957,78.75108972566764,0.6729570323648346,0.3402454375292139,0.33271159483562074,10.107114355160707,5.749085644839291,6539375.714500001
2023-10-25 00:00:00+00:00,10.371,11.788,10.337,11.058,17153705.46,8.10775,7.146083333333334,6.83921,81.80244655387729,0.8094229565917868,0.4340809413417285,0.3753420152500583,10.664186885588315,5.551313114411684,7204734.728
2023-10-26 00:00:00+00:00,11.059,11.392,10.348,10.928,10983527.2,8.272200000000002,7.227716666666667,6.857835,79.47337979271362,0.8967461398853622,0.5266139810504552,0.370132158834907,11.096029144972574,5.448370855027429,7595109.306
2023-10-27 00:00:00+00:00,10.927,11.434,10.605,11.185,11720249.83,8.455250000000001,7.31445,6.877044999999999,80.6465180831974,0.9754438346038583,0.6163799517611359,0.3590638828427224,11.525250317589004,5.385249682410999,8069349.65
2023-10-28 00:00:00+00:00,11.184,11.666,10.819,10.923,7686066.07,8.617750000000001,7.393266666666666,6.895155,75.88505039536281,1.00508511867557,0.6941209851440228,0.3109641335315473,11.844954974896487,5.390545025103515,8192633.6839999985
2023-10-29 00:00:00+00:00,10.923,11.297,10.75,11.081,5275457.69,8.808,7.4792000000000005,6.91441,76.77556462480598,1.0294583740744816,0.7611884629301146,0.26826991114436705,12.143196126166597,5.472803873833403,8186386.959999999
2023-10-30 00:00:00+00:00,11.085,11.854,10.89,11.22,9454805.93,9.00605,7.568216666666667,6.93322,77.5606330347775,1.0479108291696466,0.818532936178021,0.2293778929916256,12.419304545151405,5.592795454848594,8493364.78
2023-10-31 00:00:00+00:00,11.22,12.026,10.92,11.353,12476688.51,9.20415,7.658416666666667,6.951269999999999,78.31594163472427,1.0610355637408482,0.8670334616905865,0.1940021020502617,12.678813970803045,5.729486029196956,8932103.612
2023-11-01 00:00:00+00:00,11.352,11.786,10.647,11.638,10588892.04,9.4262,7.75285,6.969435000000001,79.87888678022091,1.0819619448010105,0.9100191583126713,0.17194278648833916,12.92692275965933,5.925477240340669,9290294.346
2023-11-02 00:00:00+00:00,11.639,11.749,10.806,11.007,8003890.51,9.61375,7.83585,6.98377,68.16424576507308,1.0356910246082496,0.935153531571787,0.10053749303646253,13.030208978240028,6.1972910217599715,9478264.9915
2023-11-03 00:00:00+00:00,11.007,11.596,10.5,11.46,8887394.75,9.8202,7.9266499999999995,7.00027,71.40630393957619,1.023772884575651,0.9528774021725599,0.07089548240309118,13.158050182377416,6.482349817622584,9846515.406
2023-11-04 00:00:00+00:00,11.457,11.626,11.147,11.496,5234888.3,10.02385,8.015966666666667,7.01486,71.65336040523857,1.0056401778882815,0.9634299573157044,0.04221022057257717,13.246845207876829,6.80085479212317,9993261.1845
2023-11-05 00:00:00+00:00,11.496,12.559,11.356,12.231,11907068.54,10.25915,8.114783333333333,7.037255,76.17878522294725,1.0386058330148344,0.9784651324555305,0.06014070055930398,13.404255039580883,7.1140449604191165,10364023.702
2023-11-06 00:00:00+00:00,12.231,13.255,12.118,12.984,10027182.42,10.54235,8.224733333333333,7.064615,79.74622097259078,1.1126660376522768,1.0053053134948797,0.10736072415739706,13.596546737277604,7.488153262722397,10721903.5405
2023-11-07 00:00:00+00:00,12.984,13.34,12.528,13.04,11935472.54,10.826550000000001,8.3374,7.09425,79.9862689487648,1.1624776961271692,1.0367397900213375,0.1257379061058317,13.693974801105906,7.959125198894096,11203580.756000001
2023-11-08 00:00:00+00:00,13.04,14.98,12.81,14.919,12601104.84,11.2073,8.4833,7.13297,85.98740998328599,1.338148053096079,1.0970214426362859,0.2411266104597931,14.124524783933756,8.290075216066244,11712550.6425
2023-11-09 00:00:00+00:00,14.918,15.99,13.589,14.603,18901164.92,11.55895,8.626433333333333,7.170574999999999,81.55827620512422,1.4353239959851543,1.1646819533060597,0.27064204267909453,14.32946168378649,8.788438316213508,12441118.511
2023-11-10 00:00:00+00:00,14.603,15.644,14.122,15.493,12832103.89,11.887899999999998,8.7875,7.2127,84.05016040969406,1.5660991763571097,1.2449653979162698,0.3211337784408399,14.87773283144686,8.898067168553137,12303031.096
2023-11-11 00:00:00+00:00,15.502,16.6,14.708,16.477,11922184.55,12.20225,8.962833333333332,7.258715,86.26062295736466,1.729206805692888,1.3418136794715936,0.3873931262212944,15.692125578011005,8.712374421988994,11967161.041
2023-11-12 00:00:00+00:00,16.477,16.543,15.371,16.025,9480541.7,12.47465,9.129583333333333,7.303820000000001,80.7262354860807,1.8012346428568975,1.4336978721486546,0.36753677070824287,16.25311801097981,8.69618198902019,11208322.0255
2023-11-13 00:00:00+00:00,16.025,16.3,14.304,14.358,10117089.62,12.673950000000001,9.266366666666666,7.33976,64.33276096345912,1.7041597615140933,1.4877902500217424,0.21636951149235095,16.407997748757076,8.939902251242925,10859473.9655
2023-11-14 00:00:00+00:00,14.354,14.91,13.361,13.945,12808258.53,12.818299999999999,9.392666666666665,7.3742849999999995,61.02623438843054,1.5757374497895142,1.505379689975297,0.07035775981421732,16.514327548598335,9.122272451401663,10642201.618999999
2023-11-15 00:00:00+00:00,13.947,15.389,13.93,15.027,9561100.03,13.023249999999999,9.538433333333334,7.413494999999999,65.96211142470891,1.543477946873793,1.512999341354996,0.030478605518796886,16.73183813431714,9.314661865682858,10571080.2605
2023-11-16 00:00:00+00:00,15.027,15.22,13.55,13.866,11515683.62,13.157300000000001,9.6671,7.4477,57.541175969248194,1.4079985306649085,1.4919991792169787,-0.08400064855207012,16.78331175397956,9.53128824602044,10560851.95
2023-11-17 00:00:00+00:00,13.866,14.269,12.853,13.702,10376868.15,13.29625,9.786016666666665,7.481719999999999,56.444981921034895,1.2727255005221654,1.4481444434780162,-0.1754189429558508,16.779302274944776,9.813197725055225,10695392.054000001
2023-11-18 00:00:00+00:00,13.707,13.81,12.921,13.75,5989655.98,13.4297,9.901083333333332,7.515535,56.70495535509554,1.1560674227690502,1.3897290393362232,-0.233661616567173,16.764385718324597,10.095014281675406,10731101.9685
2023-11-19 00:00:00+00:00,13.751,15.054,13.369,14.908,8024107.07,13.614099999999999,10.034466666666667,7.55443,62.51755823675912,1.1438701547542856,1.3405572624198356,-0.1966871076655501,16.84591601580258,10.382283984197416,10659567.0255
2023-11-20 00:00:00+00:00,14.911,15.393,14.365,14.477,7852547.72,13.7703,10.164683333333333,7.591825,59.325106211371654,1.0868965669392487,1.2898251233237183,-0.2029285563844696,16.84819630104689,10.692403698953111,10428359.986
2023-11-21 00:00:00+00:00,14.475,14.663,13.3,13.359,9307600.94,13.85635,10.271366666666667,7.62249,51.91888102173436,0.940687669740127,1.2199976326070001,-0.27930996286687315,16.783519299852358,10.929180700147642,10364295.431
2023-11-22 00:00:00+00:00,13.362,14.621,13.24,14.212,7341318.89,14.0166,10.388416666666666,7.65895,56.39205622241646,0.8834620360970522,1.1526905133050105,-0.2692284772079583,16.637122497518043,11.396077502481958,10331166.85
2023-11-23 00:00:00+00:00,14.213,14.887,14.122,14.398,5780105.38,14.163499999999999,10.512183333333333,7.696385,57.32438633941693,0.8433968013499467,1.0908317709139979,-0.2474349695640512,16.50927752568274,11.817722474317257,10175802.3815
2023-11-24 00:00:00+00:00,14.398,14.843,14.208,14.482,4360537.63,14.312800000000001,10.62865,7.735885,57.76356615476617,0.8090961553076284,1.034484647792724,-0.22538849248509574,16.31547007767088,12.310129922329121,10132084.848
2023-11-25 00:00:00+00:00,14.481,14.975,14.376,14.762,3318038.65,14.43935,10.752083333333333,7.7770850000000005,59.26829623282074,0.7953381431057256,0.9866553468553244,-0.19131720374959882,16.205760402482483,12.672939597517518,9702633.3535
2023-11-26 00:00:00+00:00,14.763,15.333,14.364,14.766,5240707.85,14.528449999999998,10.870766666666666,7.817975000000001,59.290608957635605,0.775814479493345,0.9444871733829286,-0.1686726938895836,16.167407531481015,12.88949246851898,9463309.625
2023-11-27 00:00:00+00:00,14.768,15.3,13.88,14.186,6146071.04,14.58575,10.977083333333333,7.857105000000001,54.61850470938154,0.7054091649310141,0.8966715716925457,-0.1912624067615316,16.086885020575554,13.084614979424448,9173839.55
2023-11-28 00:00:00+00:00,14.186,14.712,13.765,14.521,5394866.99,14.565850000000001,11.086666666666668,7.896595,56.738941132943765,0.668933101784674,0.8511238777109714,-0.1821907759262974,16.059319018760807,13.072380981239196,8813527.6575
2023-11-29 00:00:00+00:00,14.524,14.993,14.376,14.511,4845528.8,14.561249999999998,11.192,7.936694999999999,56.653843846495526,0.6319340995841536,0.8072859220856079,-0.1753518225014543,16.05479971460556,13.067700285394434,8110745.8515
2023-11-30 00:00:00+00:00,14.514,14.832,14.268,14.412,4398464.68,14.507200000000001,11.297966666666667,7.97602,55.762194248881215,0.587847313249453,0.763398200318377,-0.17555088706892397,15.938922263568724,13.075477736431278,7689063.891
2023-12-01 00:00:00+00:00,14.411,15.048,14.271,14.988,4634512.61,14.432750000000002,11.423266666666667,8.017784999999998,59.73306193108399,0.5925559870527586,0.7292297576652533,-0.13667377061249475,15.571990426774931,13.293509573225073,7324680.294
2023-12-02 00:00:00+00:00,14.987,16.199,14.919,15.992,6568892.92,14.431099999999997,11.566316666666667,8.06445,65.53949459251945,0.6695835122598766,0.7173005085841779,-0.047716996324301375,15.56116989164313,13.301030108356864,7179097.855000001
2023-12-03 00:00:00+00:00,15.992,16.29,15.666,15.705,4379093.89,14.498450000000002,11.700166666666666,8.109185,62.75379887953634,0.6994075446898389,0.7137219158053102,-0.014314371115471292,15.75638854778298,13.240511452217024,6892198.0685
2023-12-04 00:00:00+00:00,15.706,16.396,15.11,15.813,8826925.32,14.591849999999999,11.8393,8.155595,63.38449785340965,0.723418880129957,0.7156613086702397,0.007757571459717338,15.945313006512691,13.238386993487307,6693131.408
2023-12-05 00:00:00+00:00,15.812,16.088,15.178,15.729,7193745.83,14.626949999999999,11.974133333333333,8.20169,62.498062822435315,0.7272862354732954,0.7179862940308509,0.009299941442444504,16.057923441402174,13.195976558597824,6574763.698000001
2023-12-06 00:00:00+00:00,15.72,16.164,15.232,15.268,8057101.19,14.69705,12.1032,8.245515000000001,57.726654657248474,0.6852531237283532,0.7114396599703514,-0.026186536241998182,16.1092854584128,13.284814541587203,6401834.5765
2023-12-07 00:00:00+00:00,15.266,15.802,14.658,15.691,9080106.82,14.7965,12.236833333333333,8.29182,60.69206226860957,0.6782556359084886,0.7048028551579788,-0.026547219249490217,16.194502217451188,13.398497782548812,6336996.51
2023-12-08 00:00:00+00:00,15.688,17.324,15.55,16.925,10827786.35,14.955250000000001,12.39765,8.343779999999999,67.79047940526434,0.7634826111389827,0.7165388063541795,0.0469438047848032,16.549199167946863,13.36130083205314,6578903.0285
2023-12-09 00:00:00+00:00,16.926,17.299,16.023,16.196,8430393.84,15.019649999999999,12.546600000000002,8.392240000000001,60.80469145688809,0.763401379639923,0.7259113210113283,0.03749005862859478,16.702365100662767,13.33693489933723,6599217.367
2023-12-10 00:00:00+00:00,16.195,16.454,15.791,16.367,4766574.66,15.11415,12.6962,8.442475,61.799119430867684,0.7682790315464718,0.7343848631183569,0.03389416842811488,16.874827628073508,13.353472371926495,6444918.714
2023-12-11 00:00:00+00:00,16.368,16.462,13.78,14.768,14107495.09,15.1846,12.822383333333333,8.484925,49.22305286123707,0.6357896815411017,0.7146658268029059,-0.0788761452618042,16.761935271905934,13.607264728094066,6684913.421499999
2023-12-12 00:00:00+00:00,14.767,15.138,14.17,14.523,7450890.25,15.200149999999999,12.9435,8.52582,47.62390063123257,0.5051978582429797,0.6727722330909207,-0.16757437484794102,16.744614991509543,13.655685008490455,6690391.989499999
2023-12-13 00:00:00+00:00,14.527,14.959,13.857,14.77,8205912.53,15.21875,13.067483333333334,8.56748,49.408395358687024,0.416828790322878,0.6215835445373121,-0.20475475421443412,16.73278604646606,13.70471395353394,6811682.347
2023-12-14 00:00:00+00:00,14.773,15.586,14.21,15.37,8398653.34,15.26315,13.199933333333332,8.611175000000001,53.54858334824615,0.3907068278176933,0.5754082011933884,-0.18470137337569514,16.739779577788077,13.786520422211922,7013588.132499998
2023-12-15 00:00:00+00:00,15.372,15.394,14.257,14.281,5588024.0,15.239099999999999,13.312533333333333,8.649395,46.16428796312775,0.2789166084439145,0.5161098826434937,-0.23719327419957914,16.762522055767406,13.715677944232594,7127087.4
2023-12-16 00:00:00+00:00,14.281,14.801,14.086,14.32,3975469.06,15.216800000000001,13.429200000000002,8.68793,46.44909407696137,0.1912642529978612,0.4511407567143672,-0.259876503716506,16.779813064564266,13.653786935435734,7063825.460499999
2023-12-17 00:00:00+00:00,14.32,14.372,13.91,14.013,3560218.31,15.20815,13.54015,8.725605,44.4553854925132,0.09592107704442476,0.3800968207803787,-0.28417574373595395,16.795609514443935,13.620690485556064,6934532.823999999
2023-12-18 00:00:00+00:00,14.016,14.681,13.633,14.674,8220244.73,15.215799999999998,13.662983333333333,8.767255,49.48308190322994,0.07285823460746421,0.3186491035457958,-0.24579086893833157,16.7913703221369,13.640229677863097,7075801.711
2023-12-19 00:00:00+00:00,14.669,14.808,13.923,14.1,4715602.5,15.195250000000001,13.771816666666666,8.805505,45.62128263313439,0.008169588998933719,0.25655320063642334,-0.24838361163748962,16.817096463139645,13.573403536860358,7069305.396
2023-12-20 00:00:00+00:00,14.1,14.805,13.975,14.253,5093239.98,15.187299999999999,13.860800000000001,8.844664999999999,46.81281054191647,-0.030400370825399037,0.1991624863440589,-0.22956285716945793,16.825898193578453,13.548701806421546,7104044.161
2023-12-21 00:00:00+00:00,14.252,15.311,14.179,15.305,6978195.1,15.203149999999999,13.946050000000001,8.88893,54.23773094155676,0.023647670575197566,0.16405952319028663,-0.14041185261508907,16.839861859185536,13.566438140814462,7221228.2855
2023-12-22 00:00:00+00:00,15.306,15.729,14.969,15.479,6378166.47,15.1775,14.02775,8.936055,55.348038992639765,0.07960385491383981,0.14716838953499725,-0.06756453462115744,16.779672212965437,13.575327787034563,7211691.9629999995
2023-12-23 00:00:00+00:00,15.478,15.9,14.894,15.682,6241227.2,15.17635,14.11625,8.98316,56.66892953288703,0.13873073603484265,0.14548085883496634,-0.006750122800123687,16.7770383862884,13.575661613711597,7304798.6285
2023-12-24 00:00:00+00:00,15.682,15.95,15.11,15.262,5937006.95,15.1488,14.186316666666668,9.029885,53.16473746228393,0.1499699649924935,0.14637868006647176,0.0035912849260217317,16.723464992942485,13.574135007057514,7160302.710000001
2023-12-25 00:00:00+00:00,15.263,15.802,15.12,15.585,5182592.13,15.1416,14.263933333333334,9.077835,55.446460966210445,0.18283295104202324,0.15366953426158206,0.02916341678044118,16.70687638453998,13.57632361546002,7059745.025
2023-12-26 00:00:00+00:00,15.586,15.9,14.3,15.092,6443612.14,15.132799999999998,14.329049999999999,9.12333,51.33555625984865,0.16716910306325516,0.15636944802191668,0.01079965504133848,16.69711360027283,13.568486399727165,6979070.5725
2023-12-27 00:00:00+00:00,15.092,16.75,14.646,16.709,8604959.81,15.183699999999998,14.425483333333334,9.18071,61.435133495363004,0.2819832494837282,0.181492208314279,0.10049104116944921,16.878184476175147,13.48921552382485,6955313.222
2023-12-28 00:00:00+00:00,16.711,17.672,15.975,16.005,12399584.63,15.137699999999999,14.50755,9.23486,55.98724910197579,0.3125643243204639,0.207706631515516,0.10485769280494789,16.68408133718645,13.59131866281355,7033903.136
2023-12-29 00:00:00+00:00,16.006,16.224,15.116,15.54,7020535.98,15.1049,14.579550000000001,9.286760000000001,52.665245011663416,0.2958678521917495,0.2253388756507627,0.0705289765409868,16.586575119585444,13.623224880414556,6963410.243000001
2023-12-30 00:00:00+00:00,15.539,15.623,15.017,15.167,2951588.48,15.044900000000002,14.643116666666666,9.336095,50.09741138580821,0.24965987143914425,0.23020307480843902,0.019456796630705236,16.409873684727483,13.679926315272521,6872660.934
2023-12-31 00:00:00+00:00,15.17,15.528,14.77,14.941,3495890.27,15.053549999999998,14.698166666666667,9.38455,48.5527237796295,0.1925834207476278,0.22267914399627678,-0.03009572324864898,16.413578746019184,13.693521253980812,6342080.693000001
2024-01-01 00:00:00+00:00,14.942,15.58,14.81,15.548,3173937.89,15.104800000000001,14.773850000000001,9.43573,52.765332960164784,0.19409237338820517,0.21696178987466247,-0.022869416486457295,16.45822951053926,13.751370489460742,6128233.075
2024-01-02 00:00:00+00:00,15.547,16.063,15.017,15.166,5675020.93,15.124600000000001,14.835616666666665,9.48494,49.991112684336784,0.16258978786856026,0.20608738947344205,-0.04349760160488178,16.469417519219075,13.779782480780925,6001688.495
2024-01-03 00:00:00+00:00,15.165,15.578,12.2,14.148,10147635.17,15.063500000000001,14.879816666666667,9.529285,43.43690459125409,0.05484742271364418,0.17583939612148247,-0.1209919734078383,16.467888336607267,13.659111663392734,6089137.5865
2024-01-04 00:00:00+00:00,14.148,14.777,13.975,14.526,4365827.16,15.07575,14.918066666666666,9.576134999999999,46.25462085574378,-3.730694007764157e-05,0.14066405550917047,-0.1407013624492481,16.456701248233813,13.694798751766186,6028027.7445
2024-01-05 00:00:00+00:00,14.53,14.655,13.705,14.091,6076419.59,15.0643,14.936516666666666,9.620925,43.56504149632892,-0.07773859305692454,0.09698352579595146,-0.174722118852876,16.473632054555818,13.65496794544418,6133075.271
2024-01-06 00:00:00+00:00,14.092,14.098,13.18,13.436,3565461.87,15.03545,14.943116666666667,9.66177,39.81123711032884,-0.18998047143272068,0.039590726350217036,-0.22957119778293772,16.549422717719352,13.521477282280651,6133337.449
2024-01-07 00:00:00+00:00,13.435,13.741,13.0,13.151,3045099.87,14.959299999999999,14.913649999999999,9.699745,38.26620625575934,-0.2984892881495682,-0.028025276549740012,-0.2704640115998282,16.677735113700393,13.240864886299605,5874580.206
2024-01-08 00:00:00+00:00,13.155,14.402,12.527,14.139,6343630.56,14.961249999999998,14.905916666666666,9.74265,46.07868307875912,-0.3012869161966769,-0.08267760447912739,-0.21860931171754952,16.67586457768167,13.24663542231833,5955981.609
2024-01-09 00:00:00+00:00,14.143,14.25,13.242,13.716,6089402.93,14.9344,14.876299999999999,9.78088,43.538266076674134,-0.3337889106359029,-0.13289986571048248,-0.2008890449254204,16.708329355977426,13.160470644022576,6005789.7565
2024-01-10 00:00:00+00:00,13.716,15.363,13.563,15.072,6108662.9,14.922749999999999,14.852883333333333,9.825575,52.566348512596974,-0.24727863379329307,-0.1557756193270446,-0.09150301446624848,16.689838099104986,13.155661900895012,5962313.1465
2024-01-11 00:00:00+00:00,15.073,15.695,14.597,15.022,5971021.52,14.899899999999999,14.836166666666667,9.8699,52.234686831006385,-0.1806705407252256,-0.16075460360668078,-0.019915937118544808,16.649356818557823,13.150443181442174,5941955.898999999
2024-01-12 00:00:00+00:00,15.021,15.304,13.59,14.151,5199803.58,14.82335,14.832716666666666,9.910369999999999,46.70633001433275,-0.1959072707633478,-0.16778513703801418,-0.02812213372533362,16.56317577001217,13.08352422998783,5889884.718
2024-01-13 00:00:00+00:00,14.155,14.43,13.788,14.345,2403223.09,14.7775,14.839383333333334,9.951105,48.02578111589061,-0.19013653480160997,-0.17225541659073335,-0.017881118210876623,16.517001595284817,13.037998404715184,5713195.525
2024-01-14 00:00:00+00:00,14.345,15.434,14.267,14.755,6981289.71,14.736,14.83485,9.995805,50.79824003571734,-0.15074195209880337,-0.16795272369234734,0.017210771593543978,16.435607837119612,13.03639216288039,5803130.404
2024-01-15 00:00:00+00:00,14.755,16.018,14.75,15.185,7120605.92,14.740650000000002,14.856833333333332,10.042275,53.594125596876786,-0.08385739924505486,-0.15113365880288887,0.067276259557834,16.444631604947194,13.03666839505281,5836980.093
2024-01-16 00:00:00+00:00,15.185,15.365,14.739,15.271,3995089.65,14.66875,14.882983333333334,10.087065,54.15522943061001,-0.023638933057700484,-0.1256347136538512,0.10199578059615072,16.13988858966393,13.19761141033607,5606486.585
2024-01-17 00:00:00+00:00,15.267,16.395,15.267,15.761,8906227.12,14.656550000000001,14.916500000000001,10.133355,57.32159305774076,0.06289848555698008,-0.08792807381168495,0.15082655936866501,16.086634819162267,13.226465180837735,5431818.7095
2024-01-18 00:00:00+00:00,15.761,15.773,14.189,14.658,6730412.48,14.61245,14.912333333333333,10.173945,49.10063862549285,0.041993061559285394,-0.061943846737490885,0.10393690829677628,15.984042865976765,13.240857134023237,5417312.534500001
2024-01-19 00:00:00+00:00,14.658,16.415,14.461,16.118,9958120.37,14.66,14.939683333333333,10.221395,57.74022905727606,0.14160285117295146,-0.021234507155402413,0.1628373583283539,16.16467737405677,13.155322625943231,5767639.129
2024-01-20 00:00:00+00:00,16.118,16.61,15.624,15.781,8343648.47,14.702000000000002,14.98005,10.267695000000002,55.40261498156783,0.19114781054351226,0.021241956384380527,0.16990585415913173,16.280776108255505,13.123223891744498,6010027.039
2024-01-21 00:00:00+00:00,15.781,15.912,15.365,15.396,3466755.98,14.694399999999998,14.999783333333333,10.31318,52.773983526953806,0.19707451306411095,0.05640846772032661,0.14066604534378435,16.258205281995934,13.130594718004062,6024667.9435
2024-01-22 00:00:00+00:00,15.393,15.974,14.507,14.598,8999991.39,14.666,15.003116666666667,10.35577,47.72007476524613,0.13581395791000261,0.07228956575826181,0.0635243921517408,16.215076499078847,13.116923500921153,6190916.4665
2024-01-23 00:00:00+00:00,14.597,14.886,13.561,14.3,7634724.2,14.673599999999999,15.000083333333333,10.396490000000002,45.950394450077155,0.062497979280315974,0.07033124846267265,-0.007833269182356675,16.213903009150595,13.133296990849404,6065270.918
2024-01-24 00:00:00+00:00,14.298,14.442,13.911,14.243,4902671.9,14.659450000000001,14.991433333333333,10.436725,45.602040089159644,-0.00020255074898578584,0.05622448862034097,-0.056427039369326755,16.210081674511514,13.10881832548849,6092113.154999999
2024-01-25 00:00:00+00:00,14.242,14.261,13.506,13.744,3983863.76,14.642100000000003,14.9744,10.474695000000002,42.56013683970796,-0.08913085717366265,0.02715341946154025,-0.1162842766352029,16.22520996459449,13.058990035405513,5987485.3635
2024-01-26 00:00:00+00:00,13.744,14.3,13.637,14.187,4124078.3,14.679649999999999,14.974416666666665,10.514795,46.00373680144653,-0.12244926411979229,-0.0027671172547262604,-0.11968214686506604,16.18001159308294,13.179288406917058,6015416.185
2024-01-27 00:00:00+00:00,14.188,14.4,14.091,14.345,2101656.52,14.739350000000002,14.971483333333333,10.555489999999999,47.21912202498212,-0.13455400729274558,-0.029124495262330127,-0.10542951203041545,16.077958422952136,13.400741577047866,5968244.0175
2024-01-28 00:00:00+00:00,14.341,14.7,14.201,14.48,3924457.9,14.756400000000003,14.970966666666667,10.59663,48.290111523451706,-0.13173517066423024,-0.04964663034271015,-0.08208854032152009,16.072484404587495,13.440315595412512,5847285.3845
2024-01-29 00:00:00+00:00,14.479,15.081,14.265,15.004,5591006.51,14.8208,14.980833333333333,10.63603,52.33314470346252,-0.08622485512150035,-0.05696227529846819,-0.029262579823032167,16.050134551697965,13.591465448302035,5822365.5635
2024-01-30 00:00:00+00:00,15.004,15.805,14.895,15.475,6613663.41,14.840950000000001,14.98895,10.678615,55.68696295470585,-0.01201335599119524,-0.0479724914370136,0.03595913544581836,16.09897010715189,13.582929892848115,5847615.589
2024-01-31 00:00:00+00:00,15.474,16.06,15.083,15.429,9675848.46,14.8613,14.979566666666667,10.721170000000003,55.27789437578873,0.04259694510509604,-0.02985860412859167,0.07245554923368772,16.14331514811583,13.579284851884172,6032856.936
2024-02-01 00:00:00+00:00,15.427,17.382,15.147,17.19,15982416.79,15.01325,15.004316666666666,10.774085,65.67365663498785,0.22537599074914283,0.021188314846955235,0.2041876759021876,16.60537786860808,13.42112213139192,6571987.5965
2024-02-02 00:00:00+00:00,17.192,18.88,17.132,17.828,18593885.47,15.1874,15.037899999999999,10.827295,68.52798932897453,0.41690514627368813,0.10033168113230181,0.3165734651413863,17.1644711064599,13.210328893540101,7381520.7155
2024-02-03 00:00:00+00:00,17.827,18.148,17.502,17.658,7618053.39,15.332549999999998,15.07005,10.88103,66.93094513810779,0.5486512920974924,0.18999560332533993,0.3586556887721525,17.570387123205933,13.09471287679406,7413358.899499999
2024-02-04 00:00:00+00:00,17.661,18.711,17.532,18.153,7542592.91,15.480949999999998,15.118133333333333,10.93722,69.18300626860996,0.6851059500267134,0.2890176726656146,0.39608827736109875,18.031725997613012,12.930174002386984,7434458.249000001
2024-02-05 00:00:00+00:00,18.154,19.794,17.806,19.164,11701737.55,15.6756,15.176016666666666,10.991235000000001,73.19776975787802,0.8648569674923205,0.40418553163095583,0.4606714358613647,18.68542713124836,12.665772868751638,7819790.643999999
2024-02-06 00:00:00+00:00,19.163,19.333,18.21,18.287,7718020.78,15.8019,15.198716666666666,11.042005,65.25590260414933,0.9258715029141804,0.5085227258876008,0.4173487770265796,19.020234345589156,12.583565654410842,7760380.327
2024-02-07 00:00:00+00:00,18.287,19.077,18.021,18.817,6288753.44,16.00985,15.2424,11.096685,67.54747815411044,1.0054028739379817,0.607898755497677,0.39750411844030464,19.436388677732804,12.583311322267196,7738297.375
2024-02-08 00:00:00+00:00,18.818,19.271,17.969,18.212,6386966.04,16.11455,15.27315,11.148295000000001,62.48144098910649,1.0079940862906724,0.6879178216562761,0.3200762646343963,19.67332402907222,12.555775970927783,7559739.658500001
2024-02-09 00:00:00+00:00,18.209,18.625,17.973,18.47,5692887.07,16.249,15.33485,11.202715000000001,63.730685900897036,1.019118322905566,0.7541579219061342,0.26496040099943186,19.947640723292672,12.550359276707324,7427201.588500001
2024-02-10 00:00:00+00:00,18.47,19.17,17.986,19.084,4237108.87,16.4334,15.410866666666665,11.261175000000001,66.5824245714489,1.0652000658613332,0.816366350697174,0.2488337151641592,20.307138886398903,12.559661113601095,7465719.233
2024-02-11 00:00:00+00:00,19.083,20.676,18.829,20.146,8729373.41,16.7108,15.500466666666666,11.323195,70.85144507101231,1.1738829121558894,0.8878696629889171,0.28601324916697224,20.807260794393024,12.614339205606974,7452188.334000001
2024-02-12 00:00:00+00:00,20.147,20.856,19.751,20.465,9061699.87,17.01905,15.585383333333333,11.385575,72.00818368297975,1.271103000709676,0.9645163305330688,0.3065866701766071,21.268441837663275,12.769658162336727,7523537.117500002
2024-02-13 00:00:00+00:00,20.467,20.592,19.45,19.87,6228394.6,17.3004,15.678533333333332,11.446074999999999,66.69196674787375,1.2853226940129616,1.0286776032290474,0.2566450907839142,21.522365438039415,13.078434561960584,7589823.2525
2024-02-14 00:00:00+00:00,19.869,20.43,19.702,20.24,5075660.98,17.6252,15.777199999999999,11.508064999999998,68.2611768633158,1.3113315968116837,1.0852084019455748,0.22612319486610888,21.69971413545216,13.55068586454784,7644413.113499999
2024-02-15 00:00:00+00:00,20.24,20.524,19.65,19.932,4869032.92,17.91245,15.875850000000002,11.569949999999999,65.49503674523487,1.2921951919182426,1.1266057599401085,0.16558943197813414,21.78176991311129,14.04313008688871,7681660.844500001
2024-02-16 00:00:00+00:00,19.931,20.31,19.116,19.551,4600202.39,18.17275,15.957133333333333,11.62997,62.140488740632264,1.2320832485753073,1.1477012576671484,0.0843819909081589,21.735367233158744,14.610132766841256,7806588.137999999
2024-02-17 00:00:00+00:00,19.555,20.273,19.218,20.032,3715998.41,18.450349999999997,16.056,11.691925,64.60522026114154,1.2093165322972226,1.1600243125931633,0.04929221970405928,21.66719256842012,15.233507431579874,7796165.163499999
2024-02-18 00:00:00+00:00,20.031,20.373,19.752,20.119,2893117.13,18.7061,16.153766666666666,11.755765000000002,65.04844095384784,1.1846381473808059,1.164947079550692,0.019691067830113873,21.581488105978018,15.830711894021979,7661270.694499999
2024-02-19 00:00:00+00:00,20.12,20.245,19.647,19.832,4131134.93,18.923949999999998,16.229216666666666,11.8193,62.27791510336843,1.1289084937012106,1.1577393623807959,-0.028830868679585286,21.42265986511038,16.425240134889616,7537144.2705
2024-02-20 00:00:00+00:00,19.832,19.883,18.378,19.281,5699014.63,19.11655,16.292583333333333,11.87999,57.237563440530536,1.0284261896080658,1.1318767278262498,-0.10345053821818406,21.034291846547656,17.198808153452344,7338302.578999999
2024-02-21 00:00:00+00:00,19.281,19.287,18.0,18.594,4953060.58,19.18675,16.341116666666668,11.936805,51.627151406604064,0.8831773623030905,1.082136854721618,-0.1989594924185274,20.910209993733545,17.463290006266455,6786834.7685
2024-02-22 00:00:00+00:00,18.594,19.014,18.078,18.121,4209962.51,19.2014,16.388766666666665,11.991900000000001,48.12921818944129,0.721581530513685,1.0100257898800313,-0.2884442593663463,20.882881537216523,17.519918462783476,6067638.6205
2024-02-23 00:00:00+00:00,18.12,18.286,17.56,17.935,4920946.76,19.21525,16.427933333333335,12.044955,46.786783918435226,0.5719143514135681,0.9224035021867387,-0.35048915077317067,20.849554117965823,17.58094588203418,5932783.289
2024-02-24 00:00:00+00:00,17.936,18.564,17.756,18.533,2305801.67,19.23425,16.485283333333335,12.100314999999998,51.47317988385112,0.49583990224494556,0.8370907821983802,-0.3412508799534346,20.827022409982057,17.641477590017942,5670943.727
2024-02-25 00:00:00+00:00,18.533,18.859,18.37,18.722,2002911.08,19.21215,16.518833333333333,12.155535,52.88545648661635,0.4456637394804126,0.7588053736547867,-0.31314163417437413,20.82039852246164,17.60390147753836,5186002.4035
2024-02-26 00:00:00+00:00,18.721,19.264,18.128,19.083,4454205.75,19.25195,16.570133333333334,12.212855000000001,55.546627165477105,0.4300708627904761,0.6930584714819246,-0.26298760869144844,20.805102468368787,17.698797531631214,5022811.652000001
2024-02-27 00:00:00+00:00,19.083,19.362,18.662,19.023,4823735.82,19.262249999999998,16.628183333333332,12.27051,54.99067741005091,0.4081668042694062,0.636080138039421,-0.22791333377001477,20.80643442875197,17.718065571248026,4949560.771
2024-02-28 00:00:00+00:00,19.022,20.87,18.006,19.43,13518121.88,19.32315,16.699233333333332,12.33045,58.057311488238376,0.4188212677726213,0.592628363986061,-0.1738070962134397,20.791037362845007,17.85526263715499,5306118.563
2024-02-29 00:00:00+00:00,19.43,20.455,18.801,19.274,8082763.33,19.36335,16.771449999999998,12.389975,56.46918221249711,0.4099514455284421,0.5560929802945372,-0.14614153476609515,20.778673040863847,17.948026959136154,5425612.376
2024-03-01 00:00:00+00:00,19.274,20.1,19.266,20.051,4054690.97,19.411700000000003,16.8465,12.45317,62.03907483755385,0.4603132492342432,0.5369370340824784,-0.07662378484823518,20.851406095006933,17.971993904993074,5416491.481000001
2024-03-02 00:00:00+00:00,20.052,21.69,19.956,21.398,7764412.97,19.4743,16.950366666666667,12.524945,69.35869459549559,0.6019777592688875,0.5499451791197603,0.05203258014912726,21.129086040550295,17.819513959449704,5368243.459
2024-03-03 00:00:00+00:00,21.397,21.536,19.38,20.507,5670314.05,19.4764,17.05635,12.59367,60.98241537497758,0.635031403777294,0.5669624240512671,0.06806897972602688,21.136308358916278,17.816491641083726,5198674.168
2024-03-04 00:00:00+00:00,20.507,20.895,19.82,20.416,6487639.07,19.503700000000002,17.154516666666666,12.664805,60.18300010369606,0.64643204943172,0.5828563491273577,0.06357570030436221,21.20602195544795,17.801378044552052,5211636.3915
2024-03-05 00:00:00+00:00,20.415,21.055,16.553,18.973,13545293.99,19.440350000000002,17.235883333333334,12.728789999999998,49.174722798667645,0.5328863211047654,0.5728623435228393,-0.03997602241807385,21.122535515928643,17.75816448407136,5635118.042
2024-03-06 00:00:00+00:00,18.973,20.152,18.389,20.085,6863998.61,19.448,17.3467,12.798309999999999,55.873133286568084,0.5265597667619382,0.5636018281706591,-0.037042061408720905,21.14041980607653,17.75558019392347,5734866.3265
2024-03-07 00:00:00+00:00,20.084,20.4,19.591,20.091,4703308.76,19.475,17.462366666666664,12.867665000000002,55.90690038767629,0.5160810160174236,0.5540976657400121,-0.03801664972258845,21.190207509311957,17.759792490688046,5740021.6450000005
2024-03-08 00:00:00+00:00,20.092,20.391,19.14,19.699,5624596.13,19.458350000000003,17.555033333333334,12.93529,53.050621164879516,0.4707192481575646,0.5374219822235226,-0.06670273406595795,21.158000937692833,17.758699062307173,5835451.531
2024-03-09 00:00:00+00:00,19.698,20.33,19.659,19.972,3713915.75,19.451,17.659299999999998,13.00459,54.78321278955255,0.4515928574051671,0.5202561572598515,-0.06866329985468445,21.140400130223778,17.761599869776223,5876491.461999999
2024-03-10 00:00:00+00:00,19.973,21.96,19.379,21.68,6536500.81,19.5434,17.769433333333332,13.081229999999998,63.78725810284561,0.5677121483267342,0.5297473554732282,0.03796479285350607,21.48879912614356,17.598000873856435,5996759.756
2024-03-11 00:00:00+00:00,21.682,22.868,20.661,21.277,13248286.27,19.6432,17.873683333333336,13.157195,60.715147223002354,0.6200709984980257,0.5478120840781877,0.072258914419838,21.72455548141113,17.56184451858887,6374223.3379999995
2024-03-12 00:00:00+00:00,21.277,21.341,19.516,20.704,9044025.32,19.7487,17.982899999999997,13.230644999999999,56.545178562529664,0.6083171517832504,0.5599130976192003,0.048404054164050136,21.820514383577876,17.676885616422123,6578771.575
2024-03-13 00:00:00+00:00,20.705,20.96,20.201,20.751,5205529.64,19.880200000000002,18.089666666666666,13.304369999999999,56.80722290395846,0.5959251960747132,0.5671155173103029,0.028809678764410318,21.85359439545171,17.906805604548293,6628549.931500001
2024-03-14 00:00:00+00:00,20.752,21.949,19.87,20.88,12982071.97,20.02745,18.191750000000003,13.378620000000002,57.56362312957978,0.5897158268321299,0.5716355792146683,0.01808024761746152,21.830423818445585,18.22447618155442,7031606.192
2024-03-15 00:00:00+00:00,20.88,20.998,18.452,19.63,10111374.57,20.0823,18.265833333333333,13.446865,48.66951290288008,0.47841542840181717,0.5529915490520981,-0.07457612065028096,21.762656402671844,18.401943597328156,7421884.837
2024-03-16 00:00:00+00:00,19.633,19.829,17.806,18.115,6655371.41,20.05195,18.313233333333333,13.50647,40.501556621936196,0.2649075330116659,0.4953747458440117,-0.23046721283234578,21.847467694148477,18.256432305851526,7654507.853499999
2024-03-17 00:00:00+00:00,18.114,18.832,17.383,18.666,5308088.19,20.031100000000002,18.36165,13.570174999999999,44.171314857566706,0.13856479408192612,0.4240127554915946,-0.2854479614096685,21.880030382680825,18.18216961731918,7697201.9755
2024-03-18 00:00:00+00:00,18.666,19.494,18.043,18.301,7337983.8,19.995,18.42236666666667,13.632285,42.30966752796752,0.008882422623223363,0.3409866889179204,-0.332104266294697,21.94659596228324,18.043404037716762,7822914.374500001
2024-03-19 00:00:00+00:00,18.3,18.462,16.5,16.805,11140933.14,19.863750000000003,18.433816666666665,13.686605,35.673385633734355,-0.2121608304868552,0.23035718503696528,-0.4425180155238205,22.253560777028223,17.473939222971783,7704054.9375
2024-03-20 00:00:00+00:00,16.804,18.5,16.244,18.412,8681676.8,19.82065,18.477666666666668,13.748804999999999,45.55277167774617,-0.25473134696356325,0.13333947863685958,-0.38807082560042283,22.281487196971838,17.359812803028163,7734000.611
2024-03-21 00:00:00+00:00,18.413,18.919,17.874,18.458,5074727.17,19.741,18.5287,13.81096,45.80933253639199,-0.2815118787106883,0.05036920716735001,-0.3318810858780383,22.26906131254766,17.21293868745234,7785002.421000001
2024-03-22 00:00:00+00:00,18.458,18.584,17.325,18.367,4407460.12,19.58945,18.591516666666667,13.872735,45.35403136888445,-0.30654492348451967,-0.021013618963023922,-0.2855313045214958,22.06486305442146,17.11403694557854,7617154.7785
2024-03-23 00:00:00+00:00,18.367,18.47,17.89,18.063,2509664.7,19.46725,18.65423333333333,13.932364999999999,43.7882912740423,-0.346915030660778,-0.08619390130257475,-0.26072112935820324,21.990257877514487,16.944242122485512,7459122.311
2024-03-24 00:00:00+00:00,18.063,18.628,17.97,18.518,1938843.98,19.37235,18.725483333333333,13.993445,46.75131520280767,-0.33829428807054285,-0.13661397865616837,-0.20168030941437448,21.88824636312789,16.85645363687211,7231682.5565
2024-03-25 00:00:00+00:00,18.519,19.497,18.372,19.375,3415287.99,19.39245,18.819333333333336,14.058385000000001,51.89476837596917,-0.2593202670887855,-0.1611552363426918,-0.09816503074609373,21.90167772780793,16.88322227219207,6725182.2565
2024-03-26 00:00:00+00:00,19.375,20.737,19.331,20.007,5054832.06,19.388550000000002,18.916333333333334,14.12702,55.32212541907533,-0.14407486299095495,-0.15773916167234445,0.013664298681389492,21.893699135281203,16.8834008647188,6634723.929
2024-03-27 00:00:00+00:00,20.007,20.186,19.002,19.289,4359990.06,19.34845,18.998733333333334,14.192639999999999,50.886436063177975,-0.10941735421925358,-0.14807480018172628,0.0386574459624727,21.83292881657303,16.86397118342697,6617557.994
2024-03-28 00:00:00+00:00,19.29,19.808,19.043,19.148,3051983.73,19.3209,19.076533333333334,14.258305,50.03795688888543,-0.09226497721328286,-0.1369128355880376,0.04464785837475474,21.801435821148353,16.84036417885165,6488927.374
2024-03-29 00:00:00+00:00,19.148,19.294,18.71,18.967,2573526.7,19.27065,19.142583333333334,14.323995,48.91053690714498,-0.09221379890703219,-0.1279730282518365,0.03575922934480433,21.737068559369053,16.804231440630947,6431907.9215
2024-03-30 00:00:00+00:00,18.967,19.291,18.783,18.933,2095740.16,19.1333,19.20021666666667,14.388875,48.6886157988981,-0.09383508315248079,-0.12114543923196538,0.027310356079484593,21.34000986765367,16.926590132346327,6209869.889
2024-03-31 00:00:00+00:00,18.932,19.35,18.872,19.171,1590144.42,19.028,19.262583333333332,14.45463,50.385633438781674,-0.07505021943421397,-0.1119263952724151,0.03687617583820113,21.004464115535637,17.05153588446436,5626962.7965
2024-04-01 00:00:00+00:00,19.17,19.275,17.856,18.358,3750501.14,18.9107,19.28205,14.515664999999998,44.920334973379894,-0.12433216131381641,-0.11440754848069537,-0.009924612833121044,20.74900303269076,17.07239696730924,5362286.5875
2024-04-02 00:00:00+00:00,18.358,18.486,17.366,17.952,6634337.92,18.77075,19.284116666666666,14.57359,42.444354227624785,-0.19391394299938725,-0.13030882738443375,-0.0636051156149535,20.44630792200688,17.09519207799312,5433727.0015
2024-04-03 00:00:00+00:00,17.953,18.337,17.38,17.687,3386259.96,18.6111,19.2846,14.63062,40.86121160756697,-0.26735933955646374,-0.15771892981883975,-0.10964040973762398,20.043111717829152,17.17908828217085,4953936.401
2024-04-04 00:00:00+00:00,17.683,18.26,17.395,17.791,2903628.96,18.51915,19.278566666666666,14.688844999999999,41.77901947147669,-0.3135589027899961,-0.18888692441307103,-0.12467197837692506,19.913323486335177,17.124976513664823,4593549.1205
2024-04-05 00:00:00+00:00,17.79,17.791,16.862,17.325,2837274.08,18.47965,19.247916666666665,14.742635,38.8682263762038,-0.38335561013489894,-0.22778066155743662,-0.15557494857746232,19.95951827454337,16.99978172545663,4402644.254
2024-04-06 00:00:00+00:00,17.326,17.676,17.262,17.559,1487887.06,18.4243,19.235783333333334,14.796199999999999,41.08781676033199,-0.4150042485374925,-0.26522537895344783,-0.14977886958404468,19.954113596488135,16.894486403511863,4211634.1975
2024-04-07 00:00:00+00:00,17.56,17.973,17.501,17.913,1694095.78,18.4049,19.220716666666664,14.85124,44.37803176905287,-0.40683148092086086,-0.29354659934693045,-0.11328488157393041,19.950237878911913,16.85956212108809,3929439.7964999997
2024-04-08 00:00:00+00:00,17.913,18.677,17.545,18.101,3848266.56,18.4697,19.218866666666667,14.908425,46.099700571450335,-0.3807949082192792,-0.3109962611214002,-0.06979864709787897,19.840031361386718,17.09936863861328,3564806.4675
2024-04-09 00:00:00+00:00,18.1,18.181,17.241,17.362,3030395.75,18.4172,19.2004,14.960445,40.759001954598624,-0.4150079078608364,-0.3317985904692875,-0.08320931739154891,19.87030599751015,16.96409400248985,3282242.415
2024-04-10 00:00:00+00:00,17.362,17.579,16.801,17.417,3470763.22,18.36515,19.172616666666666,15.011585,41.304020468672455,-0.4326960653251781,-0.35197808544046566,-0.08071797988471247,19.881865962202536,16.848434037797464,3202044.2175000003
2024-04-11 00:00:00+00:00,17.417,17.62,17.006,17.555,1923583.47,18.324550000000002,19.12943333333333,15.064499999999999,42.7277714984399,-0.4306147520527972,-0.367705418762932,-0.0629093332898652,19.88182383269609,16.767276167303915,3077850.3850000002
2024-04-12 00:00:00+00:00,17.554,17.869,13.368,15.156,12185442.13,18.1792,19.040950000000002,15.10281,29.38412972692626,-0.615450022257594,-0.4172543394618644,-0.19819568279572963,20.261231565562817,16.097168434437187,3561639.2564999997
2024-04-13 00:00:00+00:00,15.155,15.398,11.788,13.288,14506798.73,17.9177,18.93125,15.132469999999998,23.286070400263654,-0.9022645499421778,-0.5142563815579271,-0.3880081683842507,20.888076548520395,14.947323451479607,4190036.994
2024-04-14 00:00:00+00:00,13.288,14.256,12.717,14.098,10069683.52,17.65385,18.828883333333334,15.164735,30.06364969531886,-1.0520791850233522,-0.6218209422510121,-0.43025824277234004,20.976190516864563,14.331509483135434,4522756.7705
2024-04-15 00:00:00+00:00,14.099,14.668,13.222,13.58,7325684.02,17.3325,18.723016666666663,15.193600000000002,28.339324043179147,-1.1987877545596177,-0.7372143047127333,-0.4615734498468844,20.915330026668844,13.749669973331153,4636299.3685
2024-04-16 00:00:00+00:00,13.582,13.814,12.816,13.46,4853855.31,17.041050000000002,18.6215,15.221170000000003,27.93953314602669,-1.3096416166799436,-0.8516997671061755,-0.45794184957376816,20.879092650883376,13.203007349116628,4660992.630999999
2024-04-17 00:00:00+00:00,13.459,13.608,12.718,13.133,4828560.16,16.740299999999998,18.506516666666666,15.24588,26.82883408676524,-1.4076537124530795,-0.9628905561755563,-0.44476315627752316,20.806685672805745,12.67391432719425,4749821.452500001
2024-04-18 00:00:00+00:00,13.132,13.984,12.815,13.887,3966318.26,16.4863,18.402649999999998,15.275045,33.40299367976212,-1.4082540300821371,-1.0519632509568724,-0.35629077912526474,20.59896994056171,12.373630059438291,4819461.0305
2024-04-19 00:00:00+00:00,13.888,14.119,12.742,13.946,6021268.15,16.23695,18.30455,15.307425,33.90342510248456,-1.3879693327250529,-1.1191644673105086,-0.2688048654145443,20.33069022014097,12.143209779859031,5015737.430000001
2024-04-20 00:00:00+00:00,13.945,15.037,13.746,14.959,3117853.09,16.02635,18.232516666666665,15.345175,41.9666638505185,-1.275450332428477,-1.1504216403341023,-0.12502869209437462,19.923297640140913,12.129402359859089,5092122.863500001
2024-04-21 00:00:00+00:00,14.958,15.178,14.527,15.105,2115579.19,15.8637,18.174366666666668,15.38233,43.0450885812714,-1.1611126503450784,-1.1525598423362975,-0.008552808008780888,19.627054838438678,12.100345161561322,5010376.766000001
2024-04-22 00:00:00+00:00,15.105,16.039,15.012,15.445,4323797.19,15.73835,18.129766666666665,15.422229999999999,45.581220517434865,-1.0311772851760903,-1.1282833309042561,0.09710604572816584,19.380169834917677,12.096530165082326,4894849.7295
2024-04-23 00:00:00+00:00,15.445,15.572,15.098,15.178,2579511.45,15.6129,18.083816666666667,15.459925,43.92701530386435,-0.9389239103550739,-1.0904114467944197,0.15148753643934576,19.148893772618923,12.076906227381079,4854512.304
2024-04-24 00:00:00+00:00,15.178,15.638,14.361,14.536,4135836.88,15.450149999999999,18.017200000000003,15.494985,40.15358596448052,-0.907159312870176,-1.053761020009571,0.14660170713939502,18.86781301878927,12.03248698121073,4916122.7
2024-04-25 00:00:00+00:00,14.536,14.902,14.352,14.593,3431332.32,15.313550000000001,17.948383333333332,15.529584999999999,40.64113090691014,-0.8673875135544264,-1.0164863187185422,0.14909880516411578,18.637660556223995,11.989439443776009,4945825.612000001
2024-04-26 00:00:00+00:00,14.594,14.934,14.348,14.49,2739843.04,15.1601,17.87183333333333,15.565655000000001,40.006884080167225,-0.8345590381525803,-0.9801008626053499,0.14554182445276964,18.33543638532987,11.984763614670129,5008423.411
2024-04-27 00:00:00+00:00,14.491,14.525,13.87,14.267,2913028.82,14.977799999999998,17.79256666666667,15.600695,38.60226791907017,-0.8171172521465433,-0.9475041405135887,0.13038688836704537,17.909294813230915,12.04630518676908,5069370.063
2024-04-28 00:00:00+00:00,14.267,14.443,13.729,13.809,1626015.75,14.763200000000001,17.698883333333335,15.632785000000002,35.82062492871596,-0.8306757702085221,-0.9241384664525754,0.09346269624405323,17.357769760095067,12.168630239904935,4958257.5225
2024-04-29 00:00:00+00:00,13.809,14.186,13.714,14.074,2244207.74,14.5988,17.612216666666665,15.66717,38.578496824810934,-0.8106925490866121,-0.9014492829793828,0.09075673389277061,16.915679332205233,12.281920667794768,4918948.1219999995
2024-04-30 00:00:00+00:00,14.075,14.207,12.768,13.129,3667884.32,14.3844,17.49685,15.696535,33.11388454800664,-0.8611821331183158,-0.8933958530071695,0.03221371988885369,16.391306216044924,12.377493783955076,4928804.176999999
2024-05-01 00:00:00+00:00,13.128,13.506,12.35,13.347,4938418.64,14.173999999999998,17.362666666666666,15.726614999999999,35.38761608264106,-0.8735351447315516,-0.8894237113520459,0.015888566620494315,15.60763133336285,12.740368666637146,5079545.9355
2024-05-02 00:00:00+00:00,13.348,13.776,12.926,13.59,2408170.3,14.095699999999999,17.247383333333335,15.757449999999999,37.92089563071441,-0.8538739983347217,-0.882313768748581,0.028439770413859367,15.476323641692312,12.715076358307686,4590682.3440000005
2024-05-03 00:00:00+00:00,13.59,14.2,13.459,14.093,2185366.29,14.13595,17.142,15.79029,42.91054094067839,-0.7886138523162991,-0.8635737854621246,0.0749599331458255,15.466050368393207,12.805849631606792,3974610.722
2024-05-04 00:00:00+00:00,14.093,14.48,13.973,14.316,2150934.56,14.14685,17.064383333333335,15.82527,45.020371575059364,-0.710707882047549,-0.8330006047792096,0.12229272273166059,15.479098966972671,12.81460103302733,3578673.274
2024-05-05 00:00:00+00:00,14.317,14.662,14.11,14.371,1494724.41,14.1864,16.96915,15.860345000000002,45.55480514758066,-0.6371837414432857,-0.7938372321120248,0.15665349066873913,15.495756849754775,12.877043150245226,3287125.2934999997
2024-05-06 00:00:00+00:00,14.371,15.165,14.277,14.484,3244647.01,14.2376,16.8757,15.896245,46.70113688030285,-0.5633037595858887,-0.7477305376067976,0.1844267780209089,15.508863686258579,12.966336313741422,3206664.8785
2024-05-07 00:00:00+00:00,14.484,14.725,13.963,13.997,2558935.56,14.2808,16.78066666666667,15.928379999999999,42.54373878420309,-0.5378501697023346,-0.705754464025905,0.16790429432357046,15.453913737026273,13.107686262973726,3093183.6485
2024-05-08 00:00:00+00:00,13.997,14.121,13.689,13.9,2688746.46,14.281450000000001,16.679466666666666,15.953310000000002,41.74658417373784,-0.519516443500665,-0.668506859920857,0.14899041642019206,15.453704319676303,13.1091956803237,3029305.0585
2024-05-09 00:00:00+00:00,13.899,14.369,13.842,14.237,2293030.1,14.295999999999998,16.555416666666666,15.973545000000001,45.562903544232206,-0.47234880680704094,-0.6292752492980938,0.1569264424910528,15.45842126615085,13.133578733849145,2842893.156
2024-05-10 00:00:00+00:00,14.237,14.37,13.5,13.564,2824808.84,14.226249999999999,16.42686666666667,15.98848,39.93613337692019,-0.48369782299514696,-0.6001597640375045,0.11646194104235752,15.388581256570065,13.063918743429932,2828240.9435
2024-05-11 00:00:00+00:00,13.565,13.812,13.28,13.306,1322923.76,14.1363,16.303566666666665,16.00315,37.99878883570899,-0.5076584730229214,-0.5816595058345879,0.07400103281166648,15.29110805331438,12.98149194668562,2788608.172
2024-05-12 00:00:00+00:00,13.306,13.595,13.284,13.559,932004.7,14.042000000000002,16.1837,16.015655000000002,41.020331130798645,-0.5004634441498315,-0.5654202934976367,0.06495684934780521,15.053003264089561,13.030996735910442,2619018.5475
2024-05-13 00:00:00+00:00,13.559,13.678,13.076,13.393,2514847.72,13.95275,16.058916666666665,16.02798,39.65481546188481,-0.5023651913957039,-0.5528092730772501,0.05044408168154624,14.856302073762073,13.049197926237927,2615785.361
2024-05-14 00:00:00+00:00,13.392,13.6,12.933,12.98,2612434.88,13.874950000000002,15.948083333333333,16.036955,36.40756486697525,-0.5310760738089026,-0.5484626332235807,0.017386559414678038,14.830673490346317,12.919226509653686,2539615.261
2024-05-15 00:00:00+00:00,12.985,13.938,12.84,13.865,2926889.87,13.838550000000001,15.87725,16.051665,46.514780998120955,-0.476919915314296,-0.5341540896417237,0.05723417432742772,14.735772486343128,12.941327513656875,2514393.1385000004
2024-05-16 00:00:00+00:00,13.867,15.866,13.537,15.516,7412429.35,13.88985,15.82475,16.07384,59.459749789681226,-0.2973511881140869,-0.4867935093361964,0.18944232122210952,15.017844552291695,12.761855447708303,2748022.454
2024-05-17 00:00:00+00:00,15.516,16.765,15.478,16.231,9400608.31,13.988050000000001,15.790249999999999,16.098895,63.57171649134748,-0.09623778431775065,-0.40868236433250726,0.3124445800147566,15.505135030576648,12.470964969423354,3072401.4285
2024-05-18 00:00:00+00:00,16.231,16.567,16.05,16.329,3328563.95,14.114049999999997,15.782316666666667,16.123775000000002,64.10906086267865,0.0702440879935402,-0.3128970738672978,0.383141161860838,15.938232170179212,12.289867829820782,3157528.8385
2024-05-19 00:00:00+00:00,16.33,17.136,16.3,16.56,4967635.46,14.23835,15.75145,16.148385,65.40446314560455,0.21830545133721913,-0.2066565688263944,0.4249620201636135,16.3507070034442,12.125992996555802,3293700.2244999995
2024-05-20 00:00:00+00:00,16.56,17.46,16.362,17.262,6577697.92,14.444999999999999,15.731516666666668,16.179660000000002,69.059238212563,0.3878201325741486,-0.0877612285462858,0.4755813611204344,16.868550205793095,12.021449794206902,3439190.9045
2024-05-21 00:00:00+00:00,17.263,17.439,16.51,16.739,5456936.22,14.614600000000001,15.704383333333334,16.206055000000003,63.66316234913348,0.4744903798956859,0.024689093142108542,0.44980128675357733,17.177782662238446,12.051417337761556,3465116.7835
2024-05-22 00:00:00+00:00,16.741,16.929,16.148,16.354,4024068.18,14.752799999999999,15.6759,16.230345,59.949635773212854,0.5062748713311276,0.12100624877991237,0.3852686225512152,17.37742375208329,12.12817624791671,3545911.6774999998
2024-05-23 00:00:00+00:00,16.352,16.808,15.442,16.596,5766263.23,14.877950000000002,15.643866666666666,16.25217,61.47097366616343,0.5447125797625283,0.20574751497643556,0.33896506478609273,17.60162578650613,12.154274213493874,3724956.5245
2024-05-24 00:00:00+00:00,16.596,17.798,16.56,17.25,7298192.05,15.02465,15.60845,16.2735,65.30641590119848,0.6207909828952509,0.2887562085601987,0.33203477433505224,17.9219751301847,12.1273248698153,3982319.399
2024-05-25 00:00:00+00:00,17.25,17.472,16.912,17.443,2426265.67,15.17825,15.565716666666667,16.295514999999998,66.37034827963271,0.688718039675642,0.3687485747832874,0.31996946489235467,18.241639095430056,12.114860904569943,4028896.462
2024-05-26 00:00:00+00:00,17.442,17.915,16.991,17.042,3214720.65,15.306149999999999,15.528266666666667,16.30613,62.10859494678751,0.7021000010884766,0.4354188600443253,0.2666811410441513,18.45531422404418,12.156985775955818,4027400.1440000003
2024-05-27 00:00:00+00:00,17.042,18.867,16.878,18.786,5638537.81,15.545600000000002,15.522233333333334,16.327045000000002,70.86949952706388,0.8437058112998024,0.5170762502954207,0.3266295610043817,18.97590414978028,12.115295850219724,4181380.2564999997
2024-05-28 00:00:00+00:00,18.791,18.838,17.847,18.528,5603881.79,15.776999999999997,15.514916666666666,16.34222,68.35173174714132,0.9244544567781965,0.5985518915919759,0.3259025651862206,19.353331192716887,12.200668807283106,4327137.023
2024-05-29 00:00:00+00:00,18.539,19.22,18.036,18.453,4377221.2,15.987800000000002,15.506916666666667,16.3521,67.5998864064537,0.9712010655515471,0.6730817263838902,0.29811933916765687,19.671585205464595,12.304014794535407,4431346.578
2024-05-30 00:00:00+00:00,18.453,19.207,17.781,17.944,3752099.99,16.2068,15.486466666666667,16.361695,62.569698004017994,0.95615409447025,0.7296962000011622,0.22645789446908782,19.80802365870267,12.605576341297333,4477711.1355
2024-05-31 00:00:00+00:00,17.943,18.74,17.461,18.414,3063262.06,16.462200000000003,15.487400000000001,16.381975,65.1485360562099,0.9709616915493449,0.7779492983107987,0.19301239323854613,19.926202517320082,12.998197482679924,4564728.0505
2024-06-01 00:00:00+00:00,18.411,18.686,18.266,18.443,1410910.67,16.7064,15.495583333333334,16.404465000000002,65.30736252489456,0.9738113850836854,0.8171217156653762,0.1566896694183092,20.00181781266046,13.410982187339538,4588673.349
2024-06-02 00:00:00+00:00,18.442,18.566,18.072,18.143,1523835.06,16.943900000000003,15.503183333333334,16.420045000000002,62.151891856879274,0.9410148613845664,0.8419003448092143,0.09911451657535209,19.91899555476793,13.968804445232077,4539122.716
2024-06-03 00:00:00+00:00,18.142,18.359,17.539,17.629,2446283.0,17.17635,15.500483333333333,16.43886,57.06450671030489,0.8635929141971133,0.8462388586867942,0.0173540555103191,19.539913688585496,14.812786311414504,4530815.1219999995
2024-06-04 00:00:00+00:00,17.629,17.852,17.474,17.716,1872549.09,17.3689,15.507000000000001,16.45893,57.69570461390661,0.800033349714667,0.8369977568923688,-0.036964407177701775,19.18641697653691,15.551383023463087,4478098.083000001
2024-06-05 00:00:00+00:00,17.716,18.082,17.6,17.741,2229505.03,17.480150000000002,15.510033333333332,16.478885000000002,57.887292345662985,0.7431130829581676,0.8182208221055286,-0.07510773914736102,19.091021102850842,15.869278897149162,4218951.867000001
2024-06-06 00:00:00+00:00,17.743,17.776,17.102,17.248,2933861.04,17.531,15.49895,16.490585,52.808305841594525,0.6507212718759163,0.7847209120596063,-0.13399964018368993,19.042048113065857,16.01995188693414,3895614.5034999996
2024-06-07 00:00:00+00:00,17.248,17.722,15.3,16.318,4192706.62,17.530450000000002,15.469233333333335,16.49979,44.81950505220676,0.4967308640835455,0.7271229024643941,-0.23039203838084865,19.04325474285345,16.017645257146555,3938821.6370000006
2024-06-08 00:00:00+00:00,16.319,16.421,15.682,15.928,1915926.5,17.49885,15.445333333333334,16.512635,41.95327177475386,0.3393112469917021,0.6495605713698558,-0.31024932437815367,19.11433708134726,15.883362918652741,3786236.1890000002
2024-06-09 00:00:00+00:00,15.929,16.383,15.901,16.372,1099628.14,17.45435,15.427916666666668,16.523435000000003,46.1735696340042,0.24752879773750536,0.5691542166433857,-0.32162541890588037,19.140948977231957,15.767751022768044,3512332.7
2024-06-10 00:00:00+00:00,16.371,16.39,15.76,15.905,1775765.43,17.41265,15.400416666666667,16.53097,42.660327096126984,0.13554506914532638,0.4824323871437739,-0.3468873179984475,19.205807134776503,15.619492865223496,3328274.1605
2024-06-11 00:00:00+00:00,15.906,15.913,14.662,14.988,3486215.88,17.34435,15.397616666666668,16.5335,36.747682489173165,-0.026887140653620634,0.380568481584295,-0.40745562223791565,19.381109806653665,15.307590193346332,3301381.5455
2024-06-12 00:00:00+00:00,14.987,16.236,14.73,16.006,3534449.74,17.31485,15.442916666666667,16.53972,45.73873678252927,-0.07263446011828023,0.28992789324378,-0.3625623533620602,19.410354738720454,15.219345261279546,3189790.8710000003
2024-06-13 00:00:00+00:00,16.007,16.05,15.052,15.141,2308110.11,17.2094,15.460299999999998,16.541595,40.474143150701266,-0.17665148294537047,0.1966120180059499,-0.3732635009513204,19.50960541691386,14.909194583086137,2940286.774
2024-06-14 00:00:00+00:00,15.139,15.462,14.469,14.744,2962457.3,17.074450000000002,15.479700000000001,16.544385,38.29549328933424,-0.2878026947563903,0.09972907545348188,-0.3875317702098722,19.608779218945298,14.540120781054707,2967096.3555
2024-06-15 00:00:00+00:00,14.745,15.113,14.702,14.857,1563299.76,16.9652,15.502983333333333,16.546065,39.29708776948992,-0.36259292971082147,0.007264674420621203,-0.36985760413144264,19.677816567080548,14.252583432919451,2884525.311
2024-06-16 00:00:00+00:00,14.859,15.23,14.57,15.144,1514250.0,16.783099999999997,15.536499999999998,16.54923,41.877604503076604,-0.39416256758439694,-0.07302077398038243,-0.3211417936040145,19.47121055576214,14.094989444237854,2678310.9205
2024-06-17 00:00:00+00:00,15.141,15.22,14.017,14.523,2994665.1,16.58285,15.5471,16.549785,38.10316403474498,-0.46394319477782986,-0.15120525813987193,-0.3127379366379579,19.317482207445796,13.848217792554207,2547850.086
2024-06-18 00:00:00+00:00,14.522,14.62,12.931,13.986,5575818.39,16.3595,15.547766666666666,16.544775,35.15265938233814,-0.5561651312424534,-0.23219723276038823,-0.32396789848206514,19.175153778432257,13.543846221567742,2607779.9455
2024-06-19 00:00:00+00:00,13.986,14.503,13.913,14.345,2075689.63,16.17955,15.537533333333334,16.53654,38.576956508971904,-0.5934425443558489,-0.3044462950794804,-0.28899624927636847,19.02698607303129,13.33211392696871,2523959.4275
2024-06-20 00:00:00+00:00,14.346,14.86,14.192,14.255,1908530.59,15.9716,15.523366666666668,16.52929,38.0347157120932,-0.623065103981947,-0.3681700568599737,-0.2548950471219733,18.742366060135687,13.200833939864314,2466222.854
2024-06-21 00:00:00+00:00,14.26,14.595,13.844,13.848,3109887.06,15.74185,15.496749999999999,16.519465,35.59788685051393,-0.671640441535363,-0.4288641337950516,-0.24277630774031134,18.415120676530872,13.068579323469127,2551171.6735
2024-06-22 00:00:00+00:00,13.849,13.912,13.468,13.482,1389556.99,15.508799999999999,15.468483333333333,16.508229999999998,33.51820470287369,-0.7312406012534503,-0.48933942728673135,-0.2419011739667189,18.115983737291987,12.90161626270801,2544457.77
2024-06-23 00:00:00+00:00,13.483,13.685,13.123,13.194,1460540.28,15.287050000000002,15.446116666666667,16.49786,31.93708723822502,-0.7925770158331069,-0.5499869449960064,-0.2425900708371005,17.889611236551374,12.68448876344863,2495170.634
2024-06-24 00:00:00+00:00,13.194,13.689,12.63,13.617,3776245.24,15.0821,15.429849999999998,16.48749,36.66287583568534,-0.797856804853259,-0.599560916967457,-0.1982958878858021,17.528150032194723,12.636049967805278,2590355.4414999997
2024-06-25 00:00:00+00:00,13.617,14.291,13.571,14.198,2163785.76,14.90495,15.424983333333333,16.473855,42.56195047711128,-0.7465534281043382,-0.6289594191948332,-0.117594008909505,17.04971315475621,12.76018684524379,2587069.478
2024-06-26 00:00:00+00:00,14.197,14.293,13.857,13.915,1473178.38,14.738299999999999,15.419116666666667,16.46245,40.57939170704643,-0.720426242012115,-0.6472527837582895,-0.07317345825382549,16.632222817857105,12.844377182142892,2514035.3449999997
2024-06-27 00:00:00+00:00,13.917,14.63,13.585,14.433,2616406.14,14.644049999999998,15.429516666666668,16.45278,45.57650276704576,-0.650424301432599,-0.6478870872931515,-0.002537214139447519,16.3964662148302,12.8916337851698,2435220.321
2024-06-28 00:00:00+00:00,14.432,14.6,13.757,13.778,2211079.82,14.53655,15.424583333333334,16.44783,40.893422597811565,-0.6404179456915813,-0.6463932589728375,0.005975313281256223,16.223274811580062,12.849825188419937,2449977.987
2024-06-29 00:00:00+00:00,13.777,14.167,13.481,13.543,1485231.67,14.3951,15.431483333333334,16.44293,39.331905209521494,-0.6440264368267776,-0.6459198945436256,0.0018934577168480127,15.907932165178872,12.882267834821127,2469258.1635000003
2024-06-30 00:00:00+00:00,13.544,14.35,13.451,14.281,1645240.48,14.3139,15.447049999999999,16.440485000000002,46.27061065514307,-0.5806424747608858,-0.6328644105870777,0.052221935826191834,15.658865263491885,12.968934736508116,2462731.916
2024-07-01 00:00:00+00:00,14.279,14.579,14.22,14.338,1755091.25,14.281400000000001,15.459516666666666,16.435325,46.77692615819305,-0.5198186586151206,-0.6102552601926863,0.09043660157756572,15.590575526810595,12.972224473189408,2376175.6845
2024-07-02 00:00:00+00:00,14.338,14.754,14.245,14.415,2151743.28,14.201849999999999,15.464883333333335,16.435995000000002,47.496700678970114,-0.46009836210644117,-0.5802238805754373,0.1201255184689961,15.249394037260387,13.15430596273961,2307040.3614999996
2024-07-03 00:00:00+00:00,14.413,14.596,13.5,13.589,3543779.54,14.12425,15.452766666666665,16.43234,41.078860351223604,-0.4739574077237858,-0.558970586005107,0.08501317828132116,15.11013942077689,13.138360579223109,2368823.8329999996
2024-07-04 00:00:00+00:00,13.59,13.739,12.512,12.538,4607993.13,14.01395,15.422216666666666,16.424965,34.66120395538694,-0.5632548661678722,-0.55982744203766,-0.003427424130212242,15.175730267520407,12.852169732479592,2451100.6245
2024-07-05 00:00:00+00:00,12.539,12.549,11.053,12.311,8073983.29,13.88665,15.386000000000001,16.41315,33.44583553139442,-0.6449066656193025,-0.5768432867539885,-0.068063378865314,15.199194593528077,12.574105406471922,2776634.801
2024-07-06 00:00:00+00:00,12.312,13.283,12.187,13.18,1887193.74,13.788450000000001,15.372383333333334,16.40855,41.85165851319009,-0.6322075721340212,-0.5879161438299951,-0.044291428304026104,15.000013200992747,12.576886799007255,2795281.988
2024-07-07 00:00:00+00:00,13.18,13.195,12.289,12.352,1659445.12,13.6799,15.346583333333333,16.399045,37.05002750412249,-0.681104777270809,-0.6065538705181579,-0.07455090675265108,14.99348972285862,12.36631027714138,2728520.989
2024-07-08 00:00:00+00:00,12.355,13.526,11.772,13.121,3902970.7,13.63665,15.327983333333334,16.388125,43.53001902415868,-0.6503079462267429,-0.615304685659875,-0.03500326056686798,14.96396688379218,12.309333116207819,2644878.6045000004
2024-07-09 00:00:00+00:00,13.119,13.316,12.73,12.841,3025500.29,13.561449999999999,15.315933333333334,16.374935,41.84113912262043,-0.6411046404659864,-0.6204646766210973,-0.020639963844889087,14.890137243108693,12.232762756891304,2692369.1375
2024-07-10 00:00:00+00:00,12.841,13.168,12.69,12.79,2316344.53,13.4882,15.307333333333334,16.360475,41.5251169150733,-0.6306564135541031,-0.6225030240076984,-0.008153389546404655,14.817399849533464,12.159000150466538,2712759.8345000003
2024-07-11 00:00:00+00:00,12.791,13.191,12.291,12.347,2913398.11,13.413149999999998,15.287133333333333,16.3459,38.784840657707434,-0.650622544451581,-0.628126928096475,-0.022495616355105996,14.819854841109098,12.006445158890898,2702935.387
2024-07-12 00:00:00+00:00,12.343,12.829,12.228,12.74,3147280.64,13.376050000000001,15.276250000000001,16.331675,42.41531983759902,-0.6275005952179633,-0.6280016615207727,0.0005010663028094386,14.812361592238878,11.939738407761125,2790821.5695
2024-07-13 00:00:00+00:00,12.743,13.136,12.7,13.021,1843029.13,13.3674,15.276933333333334,16.32132,44.9301979133825,-0.5798181495766048,-0.6183649591319391,0.038546809555334294,14.810062593955973,11.924737406044027,2809946.0119999996
2024-07-14 00:00:00+00:00,13.019,13.527,12.889,13.448,2749845.4,13.358949999999998,15.269983333333334,16.305015,48.60344564422843,-0.5017898158168315,-0.5950499304689176,0.09326011465208617,14.797640025683007,11.92025997431699,2758626.0200000005
2024-07-15 00:00:00+00:00,13.448,14.511,13.405,14.394,3174140.86,13.36875,15.251283333333333,16.29696,55.659826824485954,-0.35947371596724764,-0.5479346875685837,0.188460971601336,14.832618009760367,11.904881990239634,2809143.775
2024-07-16 00:00:00+00:00,14.399,14.622,13.814,14.206,3371919.54,13.3833,15.217533333333334,16.29029,54.071045267746,-0.2588730825697976,-0.49012236656882646,0.2312492839990289,14.874132800819655,11.892467199180345,2904080.833
2024-07-17 00:00:00+00:00,14.208,14.504,13.73,13.737,2632485.26,13.348500000000001,15.174333333333333,16.28314,50.2198344528968,-0.21451790731458864,-0.4350014747179789,0.22048356740339026,14.770605832911102,11.926394167088901,2904884.789
2024-07-18 00:00:00+00:00,13.737,14.003,13.414,13.593,2447987.26,13.339250000000002,15.124883333333335,16.2764,49.064327116315845,-0.18880923260108418,-0.3857630262946,0.19695379369351584,14.752439566194068,11.926060433805935,2916730.161
2024-07-19 00:00:00+00:00,13.592,14.139,13.335,14.076,2608696.21,13.3659,15.071783333333334,16.26904,52.97287287831475,-0.12798552184148804,-0.33420752540397763,0.2062220035624896,14.813146060626796,11.918653939373204,2972903.388
2024-07-20 00:00:00+00:00,14.076,14.333,13.849,14.247,1546995.05,13.3642,15.030249999999999,16.264445,54.30962696415524,-0.06523206729375275,-0.2804124337819327,0.21518036648817995,14.807216091386294,11.921183908613706,2967991.1165000005
2024-07-21 00:00:00+00:00,14.246,15.196,13.944,14.816,3427519.11,13.3881,15.004616666666667,16.267785,58.53341557921719,0.030067443446423425,-0.21831645833626148,0.2483839017826849,14.908592670156544,11.867607329843455,3051612.5095
2024-07-22 00:00:00+00:00,14.817,14.881,13.78,13.93,1647419.89,13.36385,14.960183333333333,16.264805,50.677468916117896,0.0337115906822163,-0.16791084853256594,0.20162243921478223,14.832649547249309,11.89505045275069,3026396.3400000003
2024-07-23 00:00:00+00:00,13.93,14.17,13.494,13.91,1421942.97,13.379900000000001,14.904516666666668,16.2639,50.5126618337008,0.03458707252584503,-0.12741126432088376,0.1619983368467288,14.86511350653695,11.894686493463052,2920304.5115
2024-07-24 00:00:00+00:00,13.9,13.96,13.25,13.4,1256030.46,13.422999999999998,14.837133333333334,16.26372,46.371370788425494,-0.005804924007218659,-0.10308999625815075,0.0972850722509321,14.857137510840497,11.9888624891595,2752706.378
2024-07-25 00:00:00+00:00,13.41,13.45,12.47,12.94,1885396.08,13.45445,14.768766666666666,16.262665,42.95094216374935,-0.07408007885212875,-0.09728801277694636,0.02320793392481761,14.815384601661586,12.093515398338413,2443277.0175
2024-07-26 00:00:00+00:00,12.93,13.64,12.91,13.53,1174587.03,13.471950000000001,14.681166666666666,16.259619999999998,48.22593336571207,-0.07966226479783423,-0.09376286318112394,0.014100598383289711,14.827307882627236,12.116592117372766,2407646.682
2024-07-27 00:00:00+00:00,13.53,13.88,13.26,13.54,1460433.56,13.531349999999998,14.598033333333335,16.25874,48.31316737922977,-0.08233021942996288,-0.09147633443089173,0.00914611500092885,14.785523078167355,12.277176921832641,2397696.104
2024-07-28 00:00:00+00:00,13.55,13.65,13.19,13.3,705440.02,13.540299999999998,14.512149999999998,16.249879999999997,46.2970188297098,-0.10262756030208742,-0.09370657960513087,-0.008920980696956543,14.785152135797572,12.295447864202425,2237819.57
2024-07-29 00:00:00+00:00,13.3,13.91,13.3,13.53,1524616.75,13.57475,14.438583333333334,16.24242,48.514418198953656,-0.09901291215002495,-0.0947678461141097,-0.004245066035915249,14.777715814144269,12.37178418585573,2162775.393
2024-07-30 00:00:00+00:00,13.53,13.8,12.98,13.14,1362496.85,13.592250000000002,14.350683333333334,16.237365,45.11293695472932,-0.12616368169299363,-0.10104701322988649,-0.025116668463107145,14.75867048593112,12.425829514068884,2115083.009
2024-07-31 00:00:00+00:00,13.13,13.42,12.768,12.83,1497800.16,13.616399999999999,14.257133333333334,16.229789999999998,42.55866564013747,-0.17072723410765178,-0.11498305740543957,-0.05574417670221221,14.69541777557174,12.537382224428258,2044303.1114999999
2024-08-01 00:00:00+00:00,12.82,13.1,12.12,12.88,1870585.71,13.623399999999998,14.169416666666667,16.220415,43.11807943280993,-0.19970748475608602,-0.13192794287556886,-0.06777954188051716,14.681192493828437,12.56560750617156,1980468.3649999998
2024-08-02 00:00:00+00:00,12.88,12.96,11.76,11.93,2658270.91,13.568850000000001,14.074433333333333,16.204140000000002,35.95353567260142,-0.29592041634951904,-0.1647264375703589,-0.13119397877916014,14.83690587810624,12.300794121893762,2021230.4540000004
2024-08-03 00:00:00+00:00,11.92,12.14,11.34,11.68,1748000.69,13.48045,13.973833333333333,16.186185000000002,34.33661861427993,-0.38787162581617274,-0.2093554752195217,-0.17851615059665105,14.992844588062182,11.968055411937817,1971138.2185
2024-08-04 00:00:00+00:00,11.69,11.79,10.48,10.88,2457740.26,13.304750000000002,13.859483333333333,16.16178,29.72914167882064,-0.5193106460442785,-0.2713465093844731,-0.24796413665980538,15.13488899745341,11.474611002546593,1935318.1884999997
2024-08-05 00:00:00+00:00,10.88,10.97,8.08,9.49,17206780.72,13.068950000000001,13.730183333333335,16.13594,23.76274911639075,-0.7272550562395814,-0.3625282187554948,-0.36472683748408663,15.492793103420631,10.645106896579371,2627061.2474999996
2024-08-06 00:00:00+00:00,9.49,10.7,9.47,10.07,3797828.71,12.8856,13.62605,16.105700000000002,30.069343983019706,-0.8356188527602395,-0.45714634555644373,-0.37847250720379577,15.615074044573376,10.156125955426624,2685328.42
2024-08-07 00:00:00+00:00,10.06,10.49,9.39,9.48,2916617.05,12.679950000000002,13.518583333333334,16.074195,27.570806456109096,-0.9580620682364209,-0.5573294900924393,-0.40073257814398167,15.762221920191298,9.597678079808706,2708759.9095
2024-08-08 00:00:00+00:00,9.49,10.84,9.34,10.75,2764327.55,12.51365,13.424883333333334,16.050965,39.268772927356814,-0.9417647348546669,-0.6342165390448848,-0.3075481958097821,15.635336677102575,9.391963322897425,2716541.4765
2024-08-09 00:00:00+00:00,10.74,10.75,10.16,10.53,1744241.58,12.3278,13.3353,16.030625,38.1202078022277,-0.9358136647139226,-0.6945359641786925,-0.24127770053523012,15.457151344927524,9.198448655072475,2726403.803
2024-08-10 00:00:00+00:00,10.53,10.71,10.47,10.55,971316.1,12.1145,13.261333333333333,16.011875,38.296895904211176,-0.9188911605898191,-0.7394070034609178,-0.1794841571289013,15.115289729387865,9.113710270612135,2603593.6525
2024-08-11 00:00:00+00:00,10.56,10.84,9.94,10.0,1547361.69,11.918,13.161233333333334,15.99066,35.31092906383914,-0.9390357381496823,-0.7793327503986707,-0.15970298775101166,14.932183803287332,8.903816196712667,2598590.7424999997
2024-08-12 00:00:00+00:00,10.0,10.75,9.94,10.56,2572403.11,11.750499999999999,13.084883333333334,15.974739999999999,40.40582414713263,-0.8994449001906055,-0.8033551803570578,-0.09608971983354775,14.674247424111678,8.82675257588832,2656113.7495
2024-08-13 00:00:00+00:00,10.55,10.69,10.09,10.58,1953151.78,11.6095,13.015483333333332,15.956705,40.585802890865736,-0.8565809114740564,-0.8140003265804575,-0.04258058489359884,14.47282306944216,8.74617693055784,2690969.8154999996
2024-08-14 00:00:00+00:00,10.58,10.74,10.21,10.39,1606087.78,11.482,12.941033333333333,15.93693,39.36938087525276,-0.8283931036593923,-0.8168788819962445,-0.011514221663147861,14.3240035186466,8.639996481353398,2677004.4005
2024-08-15 00:00:00+00:00,10.39,10.69,9.98,10.17,2065975.02,11.314,12.858133333333335,15.91538,37.95101810182519,-0.8144181191475113,-0.8163867294264979,0.001968610278986649,14.04703787020957,8.58096212979043,2721573.8
2024-08-16 00:00:00+00:00,10.17,10.4,9.91,10.12,1412866.98,11.143,12.78475,15.89096,37.619298270286436,-0.7981765430296832,-0.8127446921471351,0.014568149117451856,13.721108609038737,8.564891390961265,2719195.471
2024-08-17 00:00:00+00:00,10.13,10.18,10.03,10.16,660305.04,10.986,12.720983333333333,15.864385,38.08554386113046,-0.7731647492846072,-0.8048287035746295,0.031663954290022334,13.396555122788037,8.575444877211964,2716938.722
2024-08-18 00:00:00+00:00,10.16,10.48,10.06,10.09,1294898.35,10.814,12.650066666666667,15.83769,37.556523247253295,-0.7503416658742559,-0.7939312960345548,0.04358963016029893,12.949091567122975,8.678908432877025,2705452.802
2024-08-19 00:00:00+00:00,10.09,10.2,9.94,10.19,1446198.29,10.666500000000001,12.582316666666665,15.80269,38.863004460613084,-0.7159322225655824,-0.7783314813407604,0.062399258775177935,12.528598547338362,8.80440145266164,2709637.874
2024-08-20 00:00:00+00:00,10.19,10.55,10.04,10.23,1584395.02,10.5365,12.522016666666667,15.7647,39.409099429535196,-0.6776236020523427,-0.758189905483077,0.08056630343073423,12.11819877030983,8.95480122969017,2713967.6169999996
2024-08-21 00:00:00+00:00,10.24,11.4,10.14,11.22,2603911.22,10.4535,12.484316666666667,15.73251,51.06061624288824,-0.5609131603163036,-0.7187345564497224,0.15782139613341883,11.665626643548281,9.241373356451719,2750633.8925
2024-08-22 00:00:00+00:00,11.21,11.62,11.14,11.48,2372692.02,10.431000000000001,12.45575,15.699145000000001,53.58500481336868,-0.44234044202947587,-0.6634557335656731,0.22111529153619724,11.545430796415651,9.31656920358435,2736354.948
2024-08-23 00:00:00+00:00,11.48,12.21,11.45,12.05,2511841.64,10.4495,12.429633333333333,15.663574999999998,58.62388063708962,-0.29893058648247894,-0.5905507041490342,0.29162011766655527,11.654829415553948,9.244170584446053,2774546.9954999997
2024-08-24 00:00:00+00:00,12.06,12.56,11.9,12.35,1890917.97,10.523,12.398833333333332,15.633890000000001,61.02228707475802,-0.15923419724785326,-0.504287402768798,0.34505320552094476,11.97782782486438,9.068172175135619,2746205.881
2024-08-25 00:00:00+00:00,12.34,12.39,11.94,12.1,1680258.12,10.6535,12.368583333333333,15.600305,58.00483316958779,-0.06791384446006532,-0.41701269110705147,0.34909884664698615,12.180710201642073,9.126289798357925,1969879.7510000002
2024-08-26 00:00:00+00:00,12.1,12.7,11.83,11.83,2726249.26,10.7415,12.325199999999999,15.568395,54.850269011524134,-0.017131074105416033,-0.3370363677067244,0.31990529360130837,12.325839294469347,9.157160705530654,1916300.7785
2024-08-27 00:00:00+00:00,11.83,12.06,10.9,11.16,2512859.8,10.8255,12.281566666666667,15.531844999999999,47.890143897959085,-0.030596070846296897,-0.2757483083346389,0.24515223748834203,12.308287577503814,9.342712422496186,1896112.916
2024-08-28 00:00:00+00:00,11.15,11.71,10.93,11.17,2391451.06,10.8465,12.242016666666666,15.492275,47.99621159702096,-0.03999917574760303,-0.22859848181723175,0.1885993060696287,12.336295623567082,9.35670437643292,1877469.0914999999
2024-08-29 00:00:00+00:00,11.17,11.47,10.81,10.94,1488137.35,10.867,12.186333333333334,15.446245,45.692537342707475,-0.06525802801218283,-0.19593039105622198,0.13067236304403915,12.3500792291714,9.383920770828603,1864663.8800000001
2024-08-30 00:00:00+00:00,10.94,11.2,10.5,11.11,1605908.27,10.895,12.132533333333333,15.39947,47.691001144328695,-0.07074279228771374,-0.17089287130252034,0.1001500790148066,12.374222768888997,9.415777231111003,1896393.4884999997
2024-08-31 00:00:00+00:00,11.12,11.21,10.93,11.02,762838.01,10.946000000000002,12.07595,15.355220000000001,46.71098314183483,-0.08141327378805485,-0.15299695179962727,0.07158367801157242,12.36748373188005,9.524516268119953,1857167.3045
2024-09-01 00:00:00+00:00,11.02,11.02,10.23,10.37,1509016.4,10.9365,12.022300000000001,15.30587,40.27405701089421,-0.14069740289757604,-0.15053704201921703,0.009839639121640986,12.370658638365935,9.502341361634066,1803997.969
2024-09-02 00:00:00+00:00,10.37,10.84,10.32,10.77,1315079.57,10.946,11.992833333333333,15.260060000000001,45.27209611729111,-0.1536328612836968,-0.15115620587211298,-0.002476655411583817,12.373086542575336,9.518913457424663,1772094.3585
2024-09-03 00:00:00+00:00,10.77,10.88,10.21,10.31,1596734.24,10.942,11.959483333333333,15.213854999999999,41.02078289944393,-0.198711834534544,-0.16066733160459917,-0.03804450292994482,12.375730797604497,9.508269202395503,1771626.6814999997
2024-09-04 00:00:00+00:00,10.32,10.5,9.82,10.34,2274543.36,10.9505,11.91215,15.165395,41.40722521160572,-0.22937243369649707,-0.17440835202297877,-0.054964081673518295,12.367743451210705,9.533256548789295,1782055.0984999998
2024-09-05 00:00:00+00:00,10.33,10.4,9.91,10.03,1234400.81,10.946,11.87345,15.114949999999999,38.5932386682888,-0.27550968450775315,-0.19462861851993365,-0.0808810659878195,12.374291286817794,9.517708713182206,1773131.7900000003
2024-09-06 00:00:00+00:00,10.03,10.18,9.28,9.57,2726820.88,10.9165,11.814266666666667,15.06364,34.8126157276583,-0.3452125484253159,-0.2247454045010101,-0.1204671439243058,12.430320002510083,9.402679997489916,1876457.582
2024-09-07 00:00:00+00:00,9.58,10.16,9.56,10.03,1343150.05,10.913499999999999,11.767416666666666,15.017385,41.03337110207359,-0.3591938515125772,-0.25163509390332356,-0.10755875760925365,12.434082454193007,9.392917545806991,1878870.1670000001
2024-09-08 00:00:00+00:00,10.03,10.46,9.97,10.35,1350353.58,10.921499999999998,11.726750000000001,14.976165000000002,44.96772874455172,-0.3405274211506022,-0.26941355935277933,-0.07111386179782286,12.428394488675178,9.414605511324819,1874077.9315000002
2024-09-09 00:00:00+00:00,10.35,10.83,10.27,10.53,2536489.74,10.936499999999999,11.696466666666668,14.93821,47.10561368798681,-0.30766309626699595,-0.27706346673562265,-0.030599629531373296,12.421374068734323,9.451625931265674,1921682.6675
2024-09-10 00:00:00+00:00,10.54,10.74,10.33,10.58,1474504.71,10.9045,11.660466666666668,14.901435000000001,47.713245855161546,-0.27441995744061565,-0.27653476487662126,0.002114807436005617,12.391140171662137,9.417859828337864,1865212.3420000002
2024-09-11 00:00:00+00:00,10.58,10.6,10.17,10.4,1527678.77,10.8505,11.616783333333334,14.86077,45.67885871162993,-0.2596064446001112,-0.27314910082131927,0.013542656221208094,12.328031387145339,9.372968612854661,1822961.6794999999
2024-09-12 00:00:00+00:00,10.39,10.81,10.39,10.78,1446798.84,10.787,11.572316666666666,14.82106,50.479259977598744,-0.21472854770683725,-0.26146499019842284,0.046736442491585595,12.15820530920779,9.415794690792211,1769709.5395
2024-09-13 00:00:00+00:00,10.79,11.56,10.64,11.45,2956943.65,10.742,11.52325,14.782894999999998,57.59474100809093,-0.12367345985362199,-0.23390668412946267,0.11023322427584067,11.95502267085147,9.528977329148532,1823010.8235
2024-09-14 00:00:00+00:00,11.45,11.48,11.21,11.29,1145891.32,10.7015,11.47465,14.74423,55.54229918413192,-0.06368815216402623,-0.19986297773637537,0.13617482557234914,11.776716722340026,9.626283277659972,1796292.4834999996
2024-09-15 00:00:00+00:00,11.3,11.36,10.79,10.81,1228933.57,10.6505,11.425866666666666,14.70113,49.807849393403416,-0.05425592360763076,-0.17074156691062647,0.11648564330299571,11.595666122964438,9.70533387703556,1721426.6989999998
2024-09-16 00:00:00+00:00,10.81,10.83,10.41,10.54,1891935.14,10.619499999999999,11.374983333333335,14.65746,46.87610165637472,-0.06778616136421434,-0.15015048580134405,0.08236432443712971,11.536025504282138,9.702974495717859,1690380.466
2024-09-17 00:00:00+00:00,10.54,10.92,10.43,10.63,1812776.35,10.5925,11.31755,14.610355,47.9753638422669,-0.07043479594427993,-0.13420734782993124,0.06377255188565131,11.47370088515595,9.71129911484405,1661446.7305
2024-09-18 00:00:00+00:00,10.63,10.9,10.29,10.89,1980319.05,10.59,11.2616,14.557815,51.121957604383276,-0.05096652051904016,-0.11755918236775303,0.06659266184871288,11.4675192305583,9.712480769441699,1686055.8154999998
2024-09-19 00:00:00+00:00,10.9,11.4,10.9,11.21,2838273.01,10.595,11.201500000000001,14.511330000000001,54.749529578519066,-0.009605717601614217,-0.09596848941452528,0.08636277181291106,11.48535947796361,9.70464052203639,1747674.0524999998
2024-09-20 00:00:00+00:00,11.21,11.74,11.12,11.44,2711552.15,10.616,11.16,14.46645,57.207798577878116,0.04125651508413597,-0.06852348851479304,0.109780003598929,11.563447096148186,9.668552903851813,1845109.7595
2024-09-21 00:00:00+00:00,11.44,11.55,11.21,11.5,1321660.74,10.6725,11.119833333333332,14.429085,57.8510797745118,0.08542200775720055,-0.037734389260394324,0.12315639701759487,11.686933339357314,9.658066660642685,1835741.9765
2024-09-22 00:00:00+00:00,11.5,11.55,10.84,11.13,1594550.09,10.6905,11.081999999999999,14.384310000000001,52.599906411713356,0.08953546204228324,-0.012280418999858812,0.10181588104214205,11.723814569721938,9.657185430278062,1849715.5025000002
2024-09-23 00:00:00+00:00,11.12,11.61,10.92,11.39,2250270.71,10.7445,11.056166666666666,14.340804999999998,55.64659562064347,0.11247864745603842,0.012671394291320635,0.09980725316471778,11.805150272238514,9.683849727761487,1882392.326
2024-09-24 00:00:00+00:00,11.4,12.23,11.2,12.15,2854159.21,10.834999999999999,11.033166666666665,14.30306,63.110651300431805,0.18979905030207433,0.04809692549347138,0.14170212480860295,12.041059700014733,9.628940299985265,1911373.1184999999
2024-09-25 00:00:00+00:00,12.15,12.56,12.06,12.11,2605279.51,10.939,11.009333333333332,14.26375,62.514359579819185,0.24502387816945692,0.08748231602866849,0.15754156214078843,12.206610350225821,9.671389649774179,1979917.0535
2024-09-26 00:00:00+00:00,12.11,12.75,11.87,12.56,3111496.33,11.0885,10.997000000000002,14.218150000000001,66.36461647328301,0.32139633443969196,0.13426511971087318,0.18713121472881877,12.380061458080732,9.796938541919268,1999150.8260000001
2024-09-27 00:00:00+00:00,12.56,12.88,12.44,12.67,2804745.6,11.2205,10.982666666666665,14.175115,67.25013795642678,0.3863445969370023,0.18468101515609903,0.20166358178090327,12.5896526576681,9.851347342331898,2072230.6035
2024-09-28 00:00:00+00:00,12.66,12.98,12.36,12.95,2187458.11,11.3505,10.9795,14.136344999999999,69.4545807716083,0.4551633826891752,0.23877748866271425,0.21638589402646097,12.851719171207064,9.849280828792937,2114085.83
2024-09-29 00:00:00+00:00,12.95,12.98,12.43,12.46,1484031.12,11.447,10.973333333333333,14.09489,61.63570261234075,0.4648058685897176,0.28398316464811496,0.18082270394160266,12.972766692518753,9.921233307481245,2061462.8989999997
2024-09-30 00:00:00+00:00,12.47,12.48,11.75,11.85,2055007.13,11.5105,10.956166666666666,14.04974,53.553174730863816,0.41840262114894955,0.3108670559482819,0.10753556520066765,12.99170862811409,10.029291371885911,2090488.02
2024-10-01 00:00:00+00:00,11.85,12.26,10.84,11.01,4149387.7,11.541,10.940833333333332,14.006639999999999,44.83431764219869,0.3102701324571928,0.3107476712500641,-0.0004775387928712682,12.95299008495089,10.12900991504911,2221573.4665
2024-10-02 00:00:00+00:00,11.01,11.31,10.45,10.66,3135603.43,11.535,10.923833333333334,13.969365,41.781952337349125,0.19409487627467925,0.2874171122549871,-0.09332223598030787,12.960826076349994,10.109173923650006,2306013.6959999995
2024-10-03 00:00:00+00:00,10.65,10.87,10.34,10.66,2609545.82,11.4955,10.920166666666667,13.929335000000002,41.781952337349125,0.10086246899465223,0.25010618360292014,-0.1492437146082679,12.971446814759807,10.019553185240193,2288643.8044999996
2024-10-04 00:00:00+00:00,10.66,11.25,10.59,11.08,2180620.51,11.485000000000001,10.946666666666667,13.89323,46.82066358070793,0.060171979313778934,0.21211934274509192,-0.151947363431313,12.969607692287637,10.000392307712366,2340380.264
2024-10-05 00:00:00+00:00,11.08,11.38,10.98,11.27,1206500.32,11.508,10.966666666666667,13.865555000000002,48.97224264135314,0.04276294062575836,0.17824806232122523,-0.13548512169546686,12.964043955380337,10.051956044619661,2339258.6015
2024-10-06 00:00:00+00:00,11.27,11.4,11.16,11.27,1438654.89,11.544500000000001,10.9965,13.829845,48.97224264135314,0.028636053441402964,0.14832566054526078,-0.11968960710385781,12.936857353555338,10.152142646444664,2316594.589
2024-10-07 00:00:00+00:00,11.28,11.76,11.12,11.16,2903675.63,11.571,11.003333333333332,13.793354999999998,47.67705623186916,0.008466713870282305,0.12035387121026508,-0.11188715733998278,12.911953392180212,10.230046607819787,2371139.553
2024-10-08 00:00:00+00:00,11.16,11.29,10.78,10.82,2511775.1,11.567499999999999,11.008166666666666,13.75562,43.81943180370393,-0.034554469142650035,0.08937220313968207,-0.1239266722823321,12.9158897804417,10.219110219558297,2397712.3555
2024-10-09 00:00:00+00:00,10.83,10.97,10.41,10.53,2572154.31,11.5335,11.007833333333334,13.717955,40.78800725802462,-0.09100064421953391,0.053297633667838865,-0.14429827788737276,12.948862497736753,10.118137502263247,2384406.4205
2024-10-10 00:00:00+00:00,10.54,10.75,10.25,10.56,2311977.76,11.4895,11.017166666666666,13.678165,41.24086661241453,-0.13179464869037183,0.016279177196196724,-0.14807382588656856,12.967099066052635,10.011900933947365,2364427.7010000004
2024-10-11 00:00:00+00:00,10.55,11.03,10.5,10.91,1729530.83,11.459999999999999,11.023,13.63584,46.392129289985604,-0.13433360206563982,-0.013843378656170587,-0.12049022340946924,12.958986324153633,9.961013675846365,2384821.2055
2024-10-12 00:00:00+00:00,10.9,11.15,10.83,11.01,1409186.28,11.454,11.030166666666668,13.590855,47.80019787803126,-0.12681473531332088,-0.03643764998760064,-0.09037708532572024,12.959169757867738,9.948830242132264,2375553.0149999997
2024-10-13 00:00:00+00:00,11.0,11.08,10.62,10.75,1465344.52,11.422,11.036166666666668,13.548160000000001,44.52556426172798,-0.140219443865627,-0.05719400876320592,-0.0830254351024211,12.958145826410899,9.885854173589102,2336306.7055
2024-10-14 00:00:00+00:00,10.75,11.35,10.6,11.28,2770179.29,11.3785,11.054666666666666,13.50882,51.77773226443716,-0.10684456374147011,-0.06712411975885876,-0.03972044398261135,12.87857033168436,9.878429668315642,2332107.7095000003
2024-10-15 00:00:00+00:00,11.29,11.7,10.93,11.45,4806201.65,11.3455,11.076833333333333,13.471235,53.86125606234211,-0.06591729796053514,-0.06688275539919404,0.0009654574386589038,12.808325690230939,9.88267430976906,2442153.8164999997
2024-10-16 00:00:00+00:00,11.45,11.54,11.06,11.24,2177488.42,11.2795,11.094833333333334,13.43277,50.9336624056529,-0.0498527188106781,-0.06347674808149086,0.013624029270812757,12.63214888274808,9.926851117251921,2395453.421
2024-10-17 00:00:00+00:00,11.25,11.35,10.85,11.03,1843237.65,11.197500000000002,11.1105,13.392065,48.117105696258285,-0.053450524675485056,-0.0614715034002897,0.008020978724804645,12.392705003336095,10.002294996663908,2347378.0235
2024-10-18 00:00:00+00:00,11.03,11.51,10.98,11.48,2177797.1,11.123999999999999,11.132000000000001,13.357674999999999,53.9886995245899,-0.019762759758448212,-0.05312975467192141,0.0333669949134732,12.023230782391057,10.22476921760894,2346894.973
2024-10-19 00:00:00+00:00,11.48,11.6,11.29,11.42,1040836.05,11.072,11.151833333333334,13.325015,53.12540793905341,0.002069680102573912,-0.04208986771702235,0.04415954781959626,11.74901107819565,10.394988921804348,2324735.2195
2024-10-20 00:00:00+00:00,11.42,12.04,11.27,11.98,2070368.07,11.0785,11.1645,13.296479999999999,59.61601442772024,0.06382364660220752,-0.020907164853176376,0.08473081145538389,11.787027345978712,10.369972654021288,2325503.2665
2024-10-21 00:00:00+00:00,11.98,12.03,11.54,11.71,2142895.94,11.1135,11.168333333333333,13.266075,55.617319661631036,0.0899405873457706,0.0012623855866130199,0.08867820175915758,11.872401179337361,10.35459882066264,2225178.6785
2024-10-22 00:00:00+00:00,11.7,12.35,11.59,11.97,3746862.51,11.179,11.167,13.239299999999998,58.50373355736693,0.1301183547392082,0.027033579417132053,0.10308477532207613,11.99408036413573,10.36391963586427,2255741.6325000003
2024-10-23 00:00:00+00:00,11.98,12.01,11.0,11.32,2846227.54,11.212,11.149833333333333,13.208105,49.786454108579804,0.1082619804207976,0.04327925961786516,0.06498272080293244,11.993091543930436,10.430908456069563,2267575.7185000004
2024-10-24 00:00:00+00:00,11.32,11.65,11.22,11.62,2056184.87,11.239,11.141833333333333,13.176639999999999,53.24889113534708,0.11383590959673384,0.0573905896136389,0.05644531998309494,12.037120291685179,10.440879708314823,2261353.9365
2024-10-25 00:00:00+00:00,11.62,12.1,10.8,11.13,4150315.56,11.232000000000001,11.130166666666668,13.141785,47.489008861973836,0.07781735371353271,0.06147594243361767,0.016341411279915043,12.031364747783911,10.432635252216091,2408544.6985
2024-10-26 00:00:00+00:00,11.14,11.4,10.82,11.01,2431743.17,11.219,11.127666666666666,13.110025,46.17181459731111,0.03913823040089959,0.05700840002707406,-0.01787016962617447,12.023907448095514,10.414092551904485,2458199.1125
2024-10-27 00:00:00+00:00,11.01,11.18,10.84,10.99,1292426.51,11.2105,11.124666666666666,13.07789,45.94309131638448,0.006792612644266782,0.046965242550512605,-0.04017262990624582,12.021289121781757,10.399710878218242,2377636.6565
2024-10-28 00:00:00+00:00,10.99,11.27,10.71,11.18,2232645.81,11.2285,11.128666666666666,13.046015,48.55057867809665,-0.0034701091040272303,0.03687817221960464,-0.04034828132363187,12.019556887966747,10.437443112033254,2363680.1920000003
2024-10-29 00:00:00+00:00,11.19,11.81,11.15,11.8,2413413.41,11.292,11.140166666666667,13.029235000000002,56.0076888001147,0.03798753179522052,0.03710004413472782,0.0008874876604927015,12.051857881448651,10.532142118551349,2355743.147
2024-10-30 00:00:00+00:00,11.8,12.45,11.65,12.39,3115047.04,11.383500000000002,11.163,13.024745000000001,61.69709316699968,0.11710121020009723,0.053100277347801705,0.06400093285229552,12.206817071364144,10.560182928635859,2395896.611
2024-10-31 00:00:00+00:00,12.4,12.47,11.31,11.41,2672404.77,11.4085,11.180333333333332,13.011305,50.105694206679686,0.0995737364694449,0.062394969172130346,0.03717876729731455,12.202635378886766,10.614364621113234,2443040.308
2024-11-01 00:00:00+00:00,11.41,11.73,11.13,11.25,3095385.47,11.4205,11.188333333333333,12.999655,48.50347263493085,0.07194310905688717,0.06430459714908171,0.007638511907805456,12.19724899420574,10.643751005794261,2527350.2675
2024-11-02 00:00:00+00:00,11.24,11.4,11.07,11.19,2144981.92,11.442499999999999,11.203000000000001,12.988305,47.88509778109468,0.044688992319905196,0.06038147618324641,-0.01569248386334121,12.165075255596001,10.719924744403997,2561332.1375
2024-11-03 00:00:00+00:00,11.19,11.24,10.51,10.76,3043948.92,11.4165,11.21,12.97644,43.59544634235352,-0.011475218711291646,0.0460101372043388,-0.05748535591563045,12.19578877830983,10.637211221690169,2575020.619
2024-11-04 00:00:00+00:00,10.75,10.92,10.07,10.26,3285395.24,11.357000000000001,11.213833333333334,12.958305000000001,39.19826203150573,-0.09523378611508981,0.01776135254045308,-0.11299513865554289,12.284579646175805,10.429420353824197,2498980.2985
2024-11-05 00:00:00+00:00,10.25,10.94,10.18,10.83,2451648.01,11.3365,11.234833333333333,12.942725000000001,45.89770595715512,-0.11430122455265135,-0.008651162878167806,-0.10565006167448354,12.291241326223826,10.381758673776172,2512688.278
2024-11-06 00:00:00+00:00,10.84,12.32,10.8,12.17,6021284.14,11.3935,11.2705,12.928780000000001,57.69811601185778,-0.021042935869228785,-0.011129517476380003,-0.009913418392848782,12.402802234219081,10.384197765780918,2721590.6025
2024-11-07 00:00:00+00:00,12.17,12.71,12.06,12.59,4102157.95,11.449,11.307833333333331,12.916205,60.59892209203135,0.08576675396386868,0.008249736811669734,0.07751701715219894,12.585308056822457,10.312691943177542,2817808.645
2024-11-08 00:00:00+00:00,12.59,13.75,12.52,13.69,5862824.36,11.5625,11.3605,12.90743,66.98455835190234,0.25622144823237747,0.05784407909581128,0.19837736913656617,13.060470293430289,10.064529706569711,3058908.0605
2024-11-09 00:00:00+00:00,13.69,13.84,13.28,13.78,3227868.58,11.6525,11.413833333333333,12.900440000000001,67.44938369323368,0.39402815800705326,0.12508089487805968,0.2689472631289936,13.430171229445879,9.874828770554121,3116783.086
2024-11-10 00:00:00+00:00,13.78,14.85,13.65,14.25,7213896.18,11.779499999999999,11.478,12.89901,69.8376252397698,0.5349989060298643,0.20706449710842062,0.3279344089214437,13.887660098284666,9.671339901715331,3370333.098
2024-11-11 00:00:00+00:00,14.26,14.94,13.61,14.91,7032175.76,11.9265,11.546833333333334,12.900595000000001,72.85006635755687,0.6919987923038065,0.3040513561474978,0.38794743615630867,14.438600913578039,9.414399086421962,3534598.7605
2024-11-12 00:00:00+00:00,14.91,15.34,13.66,13.95,9709186.6,12.058,11.5885,12.897894999999998,62.99477348886949,0.7305371785035746,0.38934852061871317,0.3411886578848614,14.70126010827531,9.41473989172469,3877746.7135000005
2024-11-13 00:00:00+00:00,13.95,14.38,13.05,13.48,7983731.02,12.151,11.625,12.89396,58.80072387379366,0.7149129833210193,0.45446141315917443,0.26045157016184484,14.856231228564317,9.445768771435683,4174124.021
2024-11-14 00:00:00+00:00,13.49,13.83,12.8,13.0,5553257.49,12.244499999999999,11.6615,12.889914999999998,54.78883259868221,0.6562340499635049,0.4948159405200405,0.16141810944346435,14.931315773364373,9.557684226635624,4244271.1175
2024-11-15 00:00:00+00:00,13.0,13.9,12.71,13.84,4456308.53,12.386,11.7165,12.888744999999998,59.93994215129632,0.6697906229744159,0.5298108770109157,0.13997974596350027,15.095836895460609,9.67616310453939,4345499.3855
2024-11-16 00:00:00+00:00,13.84,14.8,13.73,14.52,5856591.0,12.5625,11.781333333333333,12.8957,63.559486206643065,0.7270239423080422,0.569253490070341,0.15777045223770125,15.344519949604889,9.780480050395111,4573707.61
2024-11-17 00:00:00+00:00,14.53,14.9,13.56,13.78,4925533.75,12.692499999999999,11.8295,12.897865000000001,57.473671483236636,0.7045483498508212,0.5963124620264371,0.10823588782438409,15.446812073821626,9.938187926178372,4708352.007
2024-11-18 00:00:00+00:00,13.79,16.0,13.75,15.26,8507217.52,12.8655,11.896999999999998,12.906215,64.7444445404422,0.7969729044800538,0.6364445505171604,0.16052835396289333,15.802440414785357,9.928559585214645,5013042.2125
2024-11-19 00:00:00+00:00,15.27,15.43,14.33,14.62,4551823.82,12.976999999999999,11.95,12.90885,59.96962487775095,0.8092488614746927,0.671005412708667,0.13824344876602568,16.001289007353556,9.95271099264644,5084881.0515
2024-11-20 00:00:00+00:00,14.62,15.32,14.03,14.24,5709847.39,13.118500000000001,11.995666666666667,12.90847,57.2690112466767,0.7793311769380171,0.6926705655545371,0.08666061138348002,16.100809675402537,10.136190324597466,5236753.1825
2024-11-21 00:00:00+00:00,14.24,15.38,13.83,14.89,6056901.96,13.3005,12.058333333333334,12.911064999999999,60.54225138521889,0.7988619804840642,0.7139088485404426,0.08495313194362164,16.248560209697143,10.352439790302856,5384829.007
2024-11-22 00:00:00+00:00,14.89,16.59,14.72,16.57,10260318.34,13.5695,12.144666666666668,12.921495,67.47667638041732,0.9390771458778726,0.7589425080079286,0.180134637869944,16.675735502984207,10.463264497015793,5790595.828
2024-11-23 00:00:00+00:00,16.57,18.39,16.3,17.38,11533900.71,13.9005,12.231833333333334,12.938410000000001,70.19629972959807,1.102845983199197,0.8277232030461824,0.2751227801530146,17.146386473677033,10.654613526322963,6215093.4175
2024-11-24 00:00:00+00:00,17.39,18.34,16.1,17.91,8358817.85,14.283000000000001,12.3285,12.95846,71.85472126516058,1.2608660582150613,0.9143517740799583,0.346514284135103,17.525703193324905,11.040296806675098,6468764.5479999995
2024-11-25 00:00:00+00:00,17.91,19.06,17.14,17.34,10299574.1,14.608499999999998,12.408166666666666,12.973975000000001,67.50421966936082,1.3248320308546688,0.9964478254349005,0.3283842054197683,17.702967805616904,11.514032194383091,6861160.852500001
2024-11-26 00:00:00+00:00,17.34,17.84,16.18,17.34,6811917.35,14.867,12.485999999999999,12.992854999999999,67.50421966936082,1.359850020462856,1.0691282644404918,0.2907217560223643,17.96722644334241,11.766773556657595,6900692.512999999
2024-11-27 00:00:00+00:00,17.34,19.0,16.96,18.66,7273824.08,15.170499999999999,12.581166666666666,13.019625000000001,72.04933232488116,1.477088046275961,1.1507202208075857,0.3263678254683753,18.49967091781114,11.841329082188855,7059275.819499999
2024-11-28 00:00:00+00:00,18.66,18.69,17.48,17.93,4613852.6,15.382499999999999,12.672333333333334,13.04148,66.50904832353281,1.493874669961146,1.2193511106382977,0.27452355932284833,18.844897290895354,11.920102709104643,6996827.2315
2024-11-29 00:00:00+00:00,17.94,18.41,17.52,18.24,3855567.29,15.605500000000001,12.778833333333333,13.065715,67.64678821317337,1.514731715071063,1.2784272315248508,0.23630448354621225,19.198373362644375,12.012626637355629,7028212.167
2024-11-30 00:00:00+00:00,18.25,19.441,17.93,19.0,5052772.3,15.843,12.912,13.095815,70.30975561688516,1.574437585569477,1.3376293023337762,0.2368082832357008,19.666632304497842,12.019367695502158,6920155.972999999
2024-12-01 00:00:00+00:00,19.0,19.11,18.43,18.92,4149445.38,16.0435,13.049666666666665,13.121089999999999,69.65978806407394,1.5968916141870988,1.3894817647044408,0.20740984948265795,20.065794245825323,12.021205754174682,6776019.454000001
2024-12-02 00:00:00+00:00,18.91,26.9,18.57,25.23,36222747.77,16.607499999999998,13.292499999999999,13.169659999999999,83.00492835412498,2.099647430178834,1.5315148977993194,0.5681325323795146,22.167021112469982,11.047978887530016,8101697.5125
2024-12-03 00:00:00+00:00,25.22,26.32,22.54,24.09,22028330.36,17.137999999999998,13.509333333333332,13.208955000000001,76.46146986800608,2.3786766600278675,1.7009472502450291,0.6777294097828384,23.384908355338617,10.891091644661378,8803927.479500001
2024-12-04 00:00:00+00:00,24.1,26.59,23.6,24.07,14113341.66,17.691499999999998,13.722666666666667,13.247660000000002,76.34775700798814,2.5685864365759414,1.8744750875112117,0.6941113490647297,24.323568380226448,11.05943161977355,9231931.688000001
2024-12-05 00:00:00+00:00,24.07,24.82,22.41,23.15,9709163.86,18.157,13.920666666666667,13.28061,71.10893515464042,2.6147141938534766,2.022522908779665,0.5921912850738118,24.94742001646433,11.366579983535669,9494574.4545
2024-12-06 00:00:00+00:00,23.15,25.94,22.75,25.87,8541586.87,18.7245,14.165833333333333,13.32365,76.28917407046511,2.8380369188560692,2.1856257107949455,0.6524112080611237,26.078009298287412,11.370990701712586,9628824.248
2024-12-07 00:00:00+00:00,25.88,26.89,24.44,24.79,6873804.42,19.275,14.398666666666665,13.363904999999999,70.85659501924175,2.8945087185719878,2.327402312350354,0.5671064062216336,26.71343666370827,11.836563336291729,9726237.7815
2024-12-08 00:00:00+00:00,24.79,27.41,24.68,26.09,9422038.91,19.816499999999998,14.658,13.412585,73.3194674413233,3.0094708554597105,2.4638160209722253,0.5456548344874852,27.576799672048715,12.05620032795128,9771978.851
2024-12-09 00:00:00+00:00,26.09,27.36,19.56,22.25,19183245.38,20.198,14.852833333333335,13.440854999999999,57.78519935722959,2.7589201552382967,2.52283684782544,0.23608330741285677,27.6427124860534,12.7532875139466,10503549.929000001
2024-12-10 00:00:00+00:00,22.24,23.78,20.27,22.12,15548546.65,20.592,15.039666666666667,13.465205000000001,57.34226117426494,2.520808693181767,2.522431216896705,-0.0016225237149383176,27.55203333325347,13.631966666746528,10995484.892
2024-12-11 00:00:00+00:00,22.11,24.33,21.14,24.07,7801029.71,21.051,15.257333333333332,13.49834,62.04230856793908,2.461082519853356,2.5101614774880354,-0.04907895763467929,27.647671584973697,14.4543284150263,11082691.2795
2024-12-12 00:00:00+00:00,24.06,29.45,23.87,29.13,21001352.82,21.679,15.563666666666666,13.558779999999999,70.97806559535829,2.789888708614818,2.566106923713392,0.22378178490142586,28.818798036359247,14.539201963640748,11619743.0035
2024-12-13 00:00:00+00:00,29.14,30.94,27.53,28.99,14381820.64,22.2595,15.858833333333333,13.609799999999998,70.48366131930102,3.004538700281323,2.6537932790269783,0.3507454212543446,29.78430292100726,14.734697078992738,11762139.0
2024-12-14 00:00:00+00:00,28.99,30.77,28.71,29.12,10705069.13,22.82,16.153333333333332,13.66276,70.68783789363161,3.1488423837775166,2.7528030999770863,0.3960392838004303,30.629973111349322,15.010026888650678,11879451.564
2024-12-15 00:00:00+00:00,29.13,29.88,28.02,29.26,7150900.76,23.416,16.453666666666667,13.716795,70.92112481831714,3.2371846727414564,2.8496794145299607,0.38750525821149573,31.28133254223872,15.550667457761282,11722017.897
2024-12-16 00:00:00+00:00,29.25,30.85,28.41,28.73,11253244.27,23.9855,16.748666666666665,13.770725,68.69226428742792,3.2272285211007663,2.925189235844122,0.30203928525664425,31.655591198936254,16.315408801063743,11944084.243
2024-12-17 00:00:00+00:00,28.74,29.07,27.3,27.86,8162177.01,24.445500000000003,17.021666666666665,13.817955,65.07682004434656,3.11324887498796,2.9628011636728897,0.15044771131507018,31.88284220000663,17.008157799993377,11988501.8895
2024-12-18 00:00:00+00:00,27.86,28.4,24.72,24.86,10891198.88,24.792,17.24566666666667,13.850040000000002,54.43699134384126,2.749153723475221,2.920071675633356,-0.1709179521581352,31.60212657738455,17.981873422615454,12302369.203499999
2024-12-19 00:00:00+00:00,24.85,25.61,21.72,22.81,14916127.01,25.0205,17.426166666666667,13.873375000000001,48.590720379884296,2.2690318386891697,2.789863708244519,-0.5208318695553493,31.214763394464214,18.826236605535783,12855397.1895
2024-12-20 00:00:00+00:00,22.81,23.72,20.02,23.39,13433143.15,25.240000000000002,17.620833333333334,13.902180000000001,50.219647337956694,1.913277862418738,2.614546539079363,-0.7012686766606251,30.84879666238663,19.631203337613375,13274415.732
2024-12-21 00:00:00+00:00,23.4,24.94,21.78,22.13,8748702.92,25.4005,17.790166666666664,13.924249999999999,46.75383853810264,1.5122366802989546,2.3940845673232816,-0.8818478870243269,30.430559542391062,20.37044045760894,13504378.609000001
2024-12-22 00:00:00+00:00,22.14,22.79,21.31,22.08,4483502.54,25.243000000000002,17.9695,13.945945,46.61635414891276,1.1768085555008483,2.150629364958795,-0.9738208094579468,30.477654143303013,20.00834585669699,11917416.3475
2024-12-23 00:00:00+00:00,22.08,24.97,21.49,24.55,9215196.76,25.266,18.185000000000002,13.982455000000002,53.837945042994534,1.0976348559524638,1.940030463157529,-0.8423956072050651,30.484204288833407,20.04779571116659,11276759.6675
2024-12-24 00:00:00+00:00,24.55,25.99,23.54,25.42,8371919.06,25.3335,18.423166666666663,14.027965,56.091066100550776,1.0924972297427331,1.77052381647457,-0.6780265867318369,30.522921065976377,20.144078934023625,10989688.5375
2024-12-25 00:00:00+00:00,25.43,25.59,24.15,24.44,4716973.49,25.398000000000003,18.647,14.070525,52.955595347423944,0.997845274965961,1.6159881081728482,-0.6181428332068872,30.50873223716518,20.287267762834826,10740079.019
2024-12-26 00:00:00+00:00,24.44,24.7,22.42,22.68,4244868.44,25.2385,18.841833333333334,14.102065,47.78895888776573,0.7719174440158874,1.447173975341456,-0.6752565313255687,30.47784833734114,19.999151662658857,10525243.0975
2024-12-27 00:00:00+00:00,22.68,23.67,21.37,21.57,5144826.16,25.0775,19.014999999999997,14.13039,44.81898224356937,0.49756467111749814,1.2572521144966646,-0.7596874433791665,30.55458270888795,19.600417291112052,10438794.1845
2024-12-28 00:00:00+00:00,21.56,22.38,21.06,21.99,4644178.39,24.8725,19.184833333333334,14.1654,46.181885221190846,0.3104499382641457,1.067891679250161,-0.7574417409860152,30.487821451172618,19.25717854882738,10199901.158499999
2024-12-29 00:00:00+00:00,21.99,22.02,20.77,20.96,2537973.93,24.808,19.32766666666667,14.19017,43.35390679937827,0.07814694314241422,0.8699427320286116,-0.7917957888861974,30.570050329526754,19.045949670473245,9367637.586
2024-12-30 00:00:00+00:00,20.96,21.83,20.09,20.58,4524110.74,24.731,19.4805,14.217365,42.3241753101621,-0.13506078173236347,0.6689420292764167,-0.8040028110087801,30.673022887872396,18.788977112127608,8816415.7905
2024-12-31 00:00:00+00:00,20.57,21.2,19.82,20.01,4498064.0,24.528,19.6265,14.243695,40.76027591514335,-0.34603480228402717,0.46594666296432796,-0.8119814652483551,30.813935411694857,18.24206458830514,8651267.504999999
2025-01-01 00:00:00+00:00,20.02,21.86,19.67,21.73,4784506.5,24.158,19.802166666666665,14.27806,47.11100904258114,-0.37017644457055354,0.2987220414573517,-0.6688984860279052,30.182571686020463,18.13342831397954,7840425.189
2025-01-02 00:00:00+00:00,21.73,22.91,21.72,22.07,5942889.48,23.812,19.990666666666666,14.31269,48.291088858381045,-0.3577497945720154,0.1674276742514783,-0.5251774688234937,29.47052489611908,18.153475103880922,7418478.631
2025-01-03 00:00:00+00:00,22.07,23.9,21.63,23.48,6281911.66,23.53,20.211,14.357474999999999,52.9768750362998,-0.2314582620139376,0.08765048699839514,-0.31910874901233277,28.63762958719595,18.422370412804053,7197320.7575
2025-01-04 00:00:00+00:00,23.48,24.05,22.87,23.6,3449453.99,23.247,20.423833333333334,14.405545,53.36420692862387,-0.12030155403237686,0.04606007879224075,-0.1663616328246176,27.62899999999994,18.86500000000006,7012248.419000002
2025-01-05 00:00:00+00:00,23.6,23.83,22.85,23.58,2516610.67,22.9895,20.613999999999997,14.45172,53.28542734944304,-0.03343744887266453,0.030160573259259693,-0.06359802213192423,26.587585463131678,19.39141453686832,6575416.739
2025-01-06 00:00:00+00:00,23.58,24.78,23.01,23.83,5871853.9,22.788,20.801333333333336,14.499595,54.195685715836035,0.05494254746469096,0.035116968100345945,0.019825579364345015,25.648199993007395,19.927800006992605,6460900.5835
2025-01-07 00:00:00+00:00,23.83,23.84,21.18,21.38,7603584.68,22.613999999999997,20.9295,14.537255,44.95152498705038,-0.07188158699994318,0.013717257080288122,-0.0855988440802313,25.37035556487176,19.857644435128236,6296519.8735
2025-01-08 00:00:00+00:00,21.39,21.73,19.59,20.44,6791105.29,22.4955,21.0405,14.572045000000001,41.99203963578593,-0.2454118167144017,-0.038108557678649846,-0.20730325903575186,25.407354907099517,19.583645092900483,5890268.7875
2025-01-09 00:00:00+00:00,20.44,20.73,19.14,19.65,5470102.72,22.3085,21.130499999999998,14.604325000000001,39.63055132589495,-0.4415917765566171,-0.11880520145424331,-0.32278657510237374,25.438734975205463,19.178265024794534,5492116.766000001
2025-01-10 00:00:00+00:00,19.64,20.54,19.53,20.24,5079025.48,22.214,21.21933333333333,14.63744,42.24291536964153,-0.5431961123126925,-0.20368338362593313,-0.33951272868675936,25.471608939083936,18.95639106091606,5308632.893999999
2025-01-11 00:00:00+00:00,20.25,20.69,19.81,20.21,2575892.75,22.1205,21.323666666666664,14.6675,42.143054252180235,-0.6190035421806996,-0.28674741533688647,-0.33225612684381317,25.49343032836428,18.74756967163572,5213252.4045
2025-01-12 00:00:00+00:00,20.21,20.34,19.59,19.84,2354200.64,21.884999999999998,21.42966666666667,14.697125000000002,40.86011161181121,-0.7008583257846297,-0.36956959742643514,-0.33128872835819456,25.203804001443828,18.566195998556168,4870202.5985
2025-01-13 00:00:00+00:00,19.85,20.44,17.83,19.35,8929572.72,21.5815,21.535500000000003,14.72171,39.15990424709246,-0.7960908961206457,-0.4548738571652773,-0.34121703895536837,24.65265792495267,18.510342075047326,4898085.2815000005
2025-01-14 00:00:00+00:00,19.36,20.51,19.25,20.32,4234979.71,21.3755,21.6435,14.75442,44.11715817299025,-0.7842521304736962,-0.5207495118269612,-0.2635026186467351,24.1944251497689,18.556574850231097,4873985.5925
2025-01-15 00:00:00+00:00,20.33,22.15,20.1,22.1,7193382.93,21.3465,21.769833333333334,14.797204999999998,51.86752751405648,-0.624045096072539,-0.5414086286760768,-0.08263646739646224,24.12275845338643,18.570241546613566,5021411.317
2025-01-16 00:00:00+00:00,22.1,23.78,21.3,23.03,8100341.74,21.4195,21.924,14.84095,55.35167638113624,-0.41722710506226335,-0.5165723239533141,0.09934521889105075,24.29058672805257,18.548413271947428,5169187.096
2025-01-17 00:00:00+00:00,23.03,25.23,23.02,25.09,5333944.46,21.5745,22.087833333333332,14.89471,61.9260634354155,-0.08610500834410217,-0.43047886083147174,0.34437385248736957,24.85725174206025,18.29174825793975,5203675.399499999
2025-01-18 00:00:00+00:00,25.1,25.67,23.37,24.12,7180885.24,21.732499999999998,22.246166666666667,14.943235,57.6233925095063,0.09692347208573082,-0.32499839424803123,0.42192186633376205,25.181702081641433,18.283297918358564,5435820.965000001
2025-01-19 00:00:00+00:00,24.12,26.71,22.19,24.34,18510171.54,21.9205,22.414499999999997,14.99699,58.33055305937917,0.2567671707463042,-0.20864528124916418,0.4654124519954683,25.505158840112905,18.335841159887096,6135124.005
2025-01-20 00:00:00+00:00,24.34,26.94,23.4,25.09,21688921.29,22.174500000000002,22.5845,15.059750000000001,60.73607235922993,0.4389037760131771,-0.07913546979669592,0.518039245809873,25.89886021351313,18.450139786486872,6994666.869499999
2025-01-21 00:00:00+00:00,25.08,27.09,23.68,26.67,10509727.17,22.4215,22.752833333333335,15.131545000000001,65.28296077511257,0.7026415291309469,0.07721992998883265,0.6254215991421143,26.620215398785632,18.22278460121437,7280927.903
2025-01-22 00:00:00+00:00,26.67,27.21,25.13,25.3,4298632.85,22.583000000000002,22.884833333333333,15.192145,58.91242949733234,0.7919786117259981,0.22017166633626575,0.5718069453897324,26.95990804107187,18.206091958928134,7198715.071500001
2025-01-23 00:00:00+00:00,25.29,26.25,23.98,25.65,6658261.17,22.691499999999998,23.01383333333333,15.258635,59.98669684281422,0.8808668831412021,0.35231070969725303,0.528556173443949,27.25555641945841,18.127443580541584,7217532.547
2025-01-24 00:00:00+00:00,25.66,26.44,24.86,25.18,4571970.71,22.770500000000002,23.1445,15.318929999999998,57.80118506172486,0.9029774446985108,0.4624440566975046,0.4405333880010062,27.44800991447368,18.092990085526324,7273658.382999999
2025-01-25 00:00:00+00:00,25.17,25.44,24.68,24.93,2767936.88,22.838,23.271,15.379375,56.61952845926659,0.8900671730445637,0.5479686799669164,0.3420984930776473,27.59851509817998,18.07748490182002,7286224.6935
2025-01-26 00:00:00+00:00,24.93,26.39,24.86,24.88,3530502.68,22.8905,23.374666666666666,15.439825,56.371313827194136,0.865820468209769,0.611539037615487,0.254281430594282,27.716328322681978,18.06467167731802,7169157.1325
2025-01-27 00:00:00+00:00,24.88,25.14,22.18,24.21,9451690.74,23.032,23.479333333333333,15.49914,53.01727551560211,0.7835095687727112,0.6459331438469318,0.13757642492577937,27.838290045346778,18.225709954653222,7261562.435500001
2025-01-28 00:00:00+00:00,24.22,24.66,22.36,22.61,4338921.76,23.1405,23.552166666666665,15.54849,45.98134704762019,0.5824567607377205,0.6332378672250896,-0.05078110648736911,27.803681210289767,18.477318789710232,7138953.259000001
2025-01-29 00:00:00+00:00,22.62,24.45,22.32,23.66,5429195.02,23.341,23.629833333333334,15.601685,50.61333780738175,0.5020597543201326,0.6070022446440982,-0.10494249032396563,27.722976266480632,18.95902373351937,7136907.874000001
2025-01-30 00:00:00+00:00,23.66,25.21,23.41,24.46,4138779.01,23.552,23.72216666666667,15.656744999999999,53.859649351938266,0.49716683186395727,0.58503516208807,-0.08786833022411278,27.717432030414074,19.386567969585926,7089895.5505
2025-01-31 00:00:00+00:00,24.46,26.4,24.12,25.17,5624198.46,23.8,23.721166666666665,15.710625,56.58707319067897,0.5443058033656563,0.5768892903435873,-0.03258348697793101,27.723595290036872,19.87640470996313,7242310.836
2025-02-01 00:00:00+00:00,25.16,25.99,22.76,22.98,4595841.04,23.957,23.702666666666666,15.754494999999999,47.299562715174766,0.40033427615626493,0.5415782875061228,-0.14124401134985787,27.46330346661545,20.45069653338455,7354392.856000001
2025-02-02 00:00:00+00:00,22.98,23.33,19.29,20.46,12557348.56,24.0125,23.6425,15.78811,39.30536281999186,0.08194821607875014,0.4496522732206483,-0.3677040571418982,27.250208294457597,20.774791705542402,7535781.648
2025-02-03 00:00:00+00:00,20.47,22.05,15.4,21.64,31291131.83,24.0785,23.617333333333338,15.828344999999999,44.072012346071745,-0.07430238046151061,0.34486134248421657,-0.4191637229457272,27.05577576821488,21.101224231785118,8888589.253999999
2025-02-04 00:00:00+00:00,21.64,21.71,19.32,19.97,10301205.02,23.972,23.519,15.857815,39.36067127913263,-0.32909356144933,0.21007036169750726,-0.5391639231468373,27.3501450531319,20.593854946868102,9043980.3585
2025-02-05 00:00:00+00:00,19.98,20.27,18.96,19.19,5964659.67,23.78,23.425666666666665,15.882530000000001,37.35222176951448,-0.5871881498420741,0.05061865938959098,-0.6378068092316651,27.737327380947846,19.822672619052156,8937196.255
2025-02-06 00:00:00+00:00,19.19,19.94,18.41,18.58,4582527.29,23.454500000000003,23.300500000000003,15.90135,35.813143247893336,-0.8313683755077079,-0.1257787475898688,-0.7055896279178391,27.96020960005187,18.948790399948138,8899625.3965
2025-02-07 00:00:00+00:00,18.59,19.86,17.79,18.39,5908194.93,23.168,23.23616666666667,15.92365,35.32490279165951,-1.0283600807955082,-0.3062950142309967,-0.7220650665645115,28.16943419430862,18.166565805691377,8835990.881000001
2025-02-08 00:00:00+00:00,18.39,18.63,17.87,18.45,2487416.07,22.8735,23.175,15.94635,35.623373605532194,-1.1661927834478263,-0.47827456807436264,-0.6879182153734636,28.244217922214823,17.502782077785177,8034853.1075
2025-02-09 00:00:00+00:00,18.44,19.0,17.44,18.26,3353841.91,22.532,23.078166666666668,15.970650000000001,35.07141676019873,-1.276048117053513,-0.6378292778701927,-0.6382188391833202,28.158048702242056,16.905951297757944,7118099.1385
2025-02-10 00:00:00+00:00,18.26,19.13,17.67,18.81,3713087.79,22.139,22.906166666666664,16.0,38.06308492820307,-1.303700607860776,-0.7710035438683094,-0.5326970639924666,27.65086683438556,16.62713316561444,6778267.169499999
2025-02-11 00:00:00+00:00,18.8,19.79,18.22,18.66,4263524.03,21.807,22.733999999999998,16.02565,37.55485892506087,-1.3224744897426994,-0.8812977330431875,-0.44117675669951195,27.317180033356397,16.2968199666436,6776511.728499999
2025-02-12 00:00:00+00:00,18.65,19.51,17.64,19.2,5633560.52,21.4845,22.56866666666667,16.05395,40.62826417170097,-1.2790355141260505,-0.9608452892597602,-0.31819022486629034,26.809123836478925,16.159876163521076,6725276.6959999995
2025-02-13 00:00:00+00:00,19.2,19.34,18.18,18.56,2549414.88,21.1535,22.390333333333334,16.08025,38.226883723646395,-1.2814803564306594,-1.0249723026939401,-0.25650805373671925,26.339304759147755,15.967695240852247,6624148.9045
2025-02-14 00:00:00+00:00,18.56,19.84,18.45,19.38,3273627.94,20.875999999999998,22.2345,16.1095,42.884911941776046,-1.2033789610119818,-1.0606536343575486,-0.14272532665443327,25.81170825718047,15.940291742819525,6649433.4575
2025-02-15 00:00:00+00:00,19.39,19.67,18.73,18.99,1679060.06,20.5815,22.086666666666666,16.13875,41.290190162803974,-1.1595857998034838,-1.0804400674467356,-0.07914573235674816,25.22038898336654,15.942611016633457,6556861.3265
2025-02-16 00:00:00+00:00,19.0,19.26,18.56,18.69,1828935.06,20.305500000000002,21.983833333333333,16.16805,40.05625572581459,-1.135991889457184,-1.0915504318488254,-0.044441457608358714,24.69832813230833,15.912671867691675,6175723.5424999995
2025-02-17 00:00:00+00:00,18.7,19.8,18.36,19.12,3643081.5,20.131,21.922333333333334,16.19925,42.69948951327338,-1.0702588612433352,-1.0872921177277275,0.017033256484392245,24.41983154250659,15.842168457493411,6140931.5295
2025-02-18 00:00:00+00:00,19.12,19.2,17.28,17.88,4505341.14,19.842,21.830499999999997,16.229,37.55650940832704,-1.105479322201223,-1.0909295586224266,-0.014549763578796338,23.914176813449956,15.769823186550042,6094738.8355
2025-02-19 00:00:00+00:00,17.88,18.21,17.44,17.98,2675151.19,19.518,21.761333333333333,16.2605,38.20294158026319,-1.112498437513512,-1.0952433344006436,-0.017255103112868486,23.066372021082262,15.969627978917739,6021557.4445
2025-02-20 00:00:00+00:00,17.98,18.48,17.81,18.28,2731996.9,19.173499999999997,21.697999999999997,16.2975,40.202903940361985,-1.0813880755785412,-1.0924722826362232,0.011084207057681983,21.629865404413472,16.717134595586522,5876947.3665000005
2025-02-21 00:00:00+00:00,18.28,19.06,17.12,17.43,4587895.37,18.896,21.579333333333334,16.3372,36.589679198181734,-1.1124966173607902,-1.0964771495811365,-0.016019467779653684,20.74958463524042,17.04241536475958,5876550.083
2025-02-22 00:00:00+00:00,17.43,18.03,17.3,17.76,2055640.23,18.761,21.451666666666668,16.37565,38.88612943487559,-1.097866596052171,-1.0967550388753433,-0.0011115571768276489,20.530676806651243,16.991323193348755,5351464.6665
2025-02-23 00:00:00+00:00,17.76,18.13,17.42,17.62,1720018.44,18.56,21.338,16.41635,38.253188035455324,-1.0850611195733144,-1.0944162550149374,0.00935513544162303,19.814113232527003,17.305886767472995,3872908.997
2025-02-24 00:00:00+00:00,17.62,17.75,14.97,15.26,5293023.88,18.3245,21.214333333333332,16.4389,29.528051591938336,-1.2509250782343457,-1.1257180196588192,-0.1252070585755265,20.094058984605855,16.554941015394146,3622499.94
2025-02-25 00:00:00+00:00,15.26,15.59,14.02,15.31,10228092.27,18.130499999999998,21.110000000000003,16.4628,29.892897345491534,-1.3626313127609713,-1.1731006782792497,-0.18953063448172158,20.286519248522442,15.974480751477556,3835671.5700000003
2025-02-26 00:00:00+00:00,15.31,15.78,14.67,15.26,6144417.14,17.964499999999997,20.997833333333336,16.48635,29.727155923240588,-1.4386104843956673,-1.2262026395025332,-0.21240784489313413,20.443560104152226,15.485439895847769,3913766.0625
2025-02-27 00:00:00+00:00,15.26,15.78,14.78,15.1,3366542.39,17.8,20.900166666666667,16.51185,29.169801835103115,-1.4945074367089397,-1.2798635989438145,-0.2146438377651252,20.564481868271024,15.03551813172898,3786683.4355000006
2025-02-28 00:00:00+00:00,15.11,15.2,13.45,14.81,6722597.01,17.618000000000002,20.804,16.5331,28.139974928270234,-1.5444038245702352,-1.3327716440690986,-0.21163218050113652,20.653355662850604,14.5826443371494,3998442.4824999995
2025-03-01 00:00:00+00:00,14.81,15.14,14.22,14.75,2768879.74,17.442500000000003,20.716333333333335,16.55395,27.920346027407405,-1.5706827173439528,-1.3803538587240696,-0.19032885861988325,20.70636810395261,14.178631896047396,3969194.3739999994
2025-03-02 00:00:00+00:00,14.75,17.55,14.4,17.42,7915106.42,17.373,20.6445,16.589100000000002,47.54155914366084,-1.3603806223108954,-1.376359211441435,0.01597858913053951,20.576061660349232,14.16993833965077,4179295.3055
2025-03-03 00:00:00+00:00,17.42,17.49,14.36,14.46,8257408.33,17.163,20.517666666666667,16.61055,35.88052465812473,-1.4162364666888614,-1.3843346624909203,-0.031901804197941086,20.546643598253095,13.779356401746904,4378989.5205
2025-03-04 00:00:00+00:00,14.46,15.36,13.08,14.86,10326427.49,16.946,20.374,16.634249999999998,38.09043362954337,-1.4119498893019227,-1.3898577078531207,-0.022092181448801984,20.335922712983166,13.556077287016837,4613632.869
2025-03-05 00:00:00+00:00,14.87,16.59,14.63,16.43,8116733.84,16.8395,20.2545,16.665599999999998,45.96274160801121,-1.2672586974540145,-1.3653379057732995,0.09807920831928496,20.15287577102253,13.526124228977475,4891998.817
2025-03-06 00:00:00+00:00,16.43,17.67,16.37,17.06,8697077.04,16.7235,20.145833333333332,16.70045,48.7774357563086,-1.0891985477446369,-1.3101100341675669,0.22091148642293001,19.828903516453074,13.618096483546928,5163171.272
2025-03-07 00:00:00+00:00,17.06,17.54,15.73,15.94,10299090.47,16.571,20.014333333333333,16.729200000000002,44.354248873119246,-1.0266249427273806,-1.2534130158795298,0.22678807315214922,19.511387049352365,13.630612950647638,5594172.7924999995
2025-03-08 00:00:00+00:00,15.95,16.04,15.13,15.26,3134313.82,16.3995,19.912333333333333,16.754350000000002,41.871620761754336,-1.0201456232098458,-1.206759537345593,0.18661391413574724,19.223316389214972,13.575683610785028,5659441.7305
2025-03-09 00:00:00+00:00,15.27,15.37,13.6,13.81,4248839.69,16.134,19.80183333333333,16.7673,37.10264530668949,-1.1191131577962796,-1.1892302614357304,0.07011710363945078,18.88224598607895,13.385754013921053,5689729.64
2025-03-10 00:00:00+00:00,13.81,14.57,12.41,12.65,7677019.97,15.872499999999999,19.685166666666667,16.77315,33.78726729147206,-1.276434010730993,-1.206671011294783,-0.06976299943621012,18.888668927629716,12.85633107237028,5848313.581499999
2025-03-11 00:00:00+00:00,12.66,13.66,11.85,13.13,10016626.39,15.629999999999999,19.566666666666666,16.77855,36.32286092754527,-1.3468542344179504,-1.2347076559194166,-0.11214657849853382,18.70863606163492,12.551363938365078,6215387.3415
2025-03-12 00:00:00+00:00,13.14,13.81,12.64,13.49,6327960.06,15.3905,19.454666666666665,16.78425,38.23332259273258,-1.3579600594214885,-1.259358136619831,-0.09860192280165747,18.350226169766206,12.430773830233793,6395185.499500001
2025-03-13 00:00:00+00:00,13.49,13.6,12.71,13.04,4141753.02,15.171000000000001,19.341333333333335,16.78895,36.74910936006339,-1.3870833119522228,-1.2849031716863095,-0.10218014026591327,18.14426689013935,12.197733109860653,6372878.382
2025-03-14 00:00:00+00:00,13.04,14.71,12.99,13.66,12755289.32,14.966,19.2465,16.798099999999998,40.193905755653866,-1.344634768357185,-1.2968494910204846,-0.04778527733670046,17.756744703479498,12.175255296520502,6907860.836499999
2025-03-15 00:00:00+00:00,13.66,14.25,13.63,14.01,3408277.79,14.785500000000003,19.141333333333332,16.812350000000002,42.110617774058795,-1.268133661342759,-1.2911063250849395,0.022972663742180544,17.321634657308017,12.249365342691988,6992273.8040000005
2025-03-16 00:00:00+00:00,14.02,14.19,13.21,13.37,2780110.54,14.690999999999999,18.995833333333334,16.82335,39.61072798684703,-1.2447993619856685,-1.2818449324650854,0.03704557047941681,17.289452616462118,12.09254738353788,6866628.137
2025-03-17 00:00:00+00:00,13.38,14.24,13.34,14.03,3319483.11,14.627,18.845833333333335,16.838800000000003,43.345888966247756,-1.1596821831505046,-1.2574123826021693,0.09773019945166461,17.22436866847947,12.02963133152053,6521197.679
2025-03-18 00:00:00+00:00,14.03,14.28,13.46,13.91,2922034.37,14.5595,18.659499999999998,16.8528,42.827218649479086,-1.089351832973092,-1.223800272676354,0.13444843970326192,17.157726125647805,11.961273874352194,6360078.540499999
2025-03-19 00:00:00+00:00,13.92,15.05,13.77,15.03,5082770.6,14.556000000000001,18.508,16.87285,48.96527308028815,-0.9324907115181613,-1.1655383604447156,0.23304764892655427,17.151491475616673,11.96050852438333,6445889.950999999
2025-03-20 00:00:00+00:00,15.03,15.17,14.08,14.22,3092914.51,14.526499999999999,18.339333333333332,16.8921,45.186893543128754,-0.8635825313296177,-1.105147194621696,0.24156466329207826,17.123184616968103,11.929815383031892,6264405.826
2025-03-21 00:00:00+00:00,14.22,14.39,13.82,13.97,1751688.08,14.4875,18.154,16.9081,44.056912566748935,-0.8196962644431007,-1.048057008585977,0.22836074414287633,17.093000911532904,11.881999088467097,6213546.243
2025-03-22 00:00:00+00:00,13.96,14.5,13.93,14.25,1474759.41,14.328999999999999,17.947,16.9278,45.69486853020446,-0.7536349868033128,-0.9891726042294442,0.23553761742613144,16.56048291501386,12.097517084986135,5891528.8925
2025-03-23 00:00:00+00:00,14.25,14.5,14.21,14.47,1401116.5,14.329500000000001,17.7665,16.94845,47.0077262958721,-0.6757392850991675,-0.9264859404033889,0.25074665530422147,16.561104579668804,12.0978954203312,5548714.301000001
2025-03-24 00:00:00+00:00,14.46,15.41,14.16,15.13,3509456.58,14.343,17.591166666666666,16.97395,50.846866357089446,-0.5543595839338238,-0.852060669109476,0.2977010851756522,16.59048837594297,12.09551162405703,5207865.7555
2025-03-25 00:00:00+00:00,15.13,15.61,14.87,15.44,2219727.7,14.2935,17.42883333333333,17.0033,52.58444582109554,-0.42821469459990524,-0.7672914742075619,0.3390767796076567,16.393731177751334,12.193268822248664,4913015.4485
2025-03-26 00:00:00+00:00,15.43,16.0,14.94,15.24,3150903.48,14.202499999999997,17.267333333333333,17.02935,51.32387885768734,-0.34045770501236206,-0.681924720368522,0.34146701535616,15.94213070793739,12.462869292062605,4635706.770500001
2025-03-27 00:00:00+00:00,15.25,15.8,15.17,15.52,2499733.03,14.1815,17.111333333333334,17.0552,53.02180073630139,-0.24548618661742339,-0.5946370136183023,0.34915082700087896,15.845210010788763,12.517789989211236,4245738.8985
2025-03-28 00:00:00+00:00,15.53,15.59,14.0,14.25,3532174.05,14.131,16.945333333333334,17.073800000000002,45.302859577775585,-0.26959127976535235,-0.5296278668477123,0.26003658708236,15.720350810865476,12.541649189134525,4265631.91
2025-03-29 00:00:00+00:00,14.25,14.42,13.37,13.55,2413896.58,14.118,16.794333333333334,17.088649999999998,41.69945795960077,-0.34124522704916593,-0.4919513388880031,0.15070611183883714,15.721827920943747,12.514172079056253,4173884.7545000003
2025-03-30 00:00:00+00:00,13.56,13.87,13.19,13.41,2061395.48,14.156,16.6235,17.1037,40.997105786181685,-0.40466361620828906,-0.4744937943520603,0.06983017814377124,15.651237773733245,12.660762226266757,3893103.53
2025-03-31 00:00:00+00:00,13.42,13.72,12.96,13.51,2664605.78,14.175,16.441,17.11735,41.75178740401729,-0.44176162918243556,-0.46794736131813536,0.026185732135699802,15.62662667376938,12.723373326230622,3525502.4995
2025-04-01 00:00:00+00:00,13.5,14.4,13.49,14.04,2669710.9,14.2025,16.2555,17.1303,45.71485952285975,-0.42351350112306285,-0.45906058927912086,0.035547088156058004,15.621652916354948,12.783347083645053,3342590.0415
2025-04-02 00:00:00+00:00,14.04,14.4,12.81,12.9,6814389.49,14.1955,16.0875,17.13835,39.4909828294931,-0.49533034094978845,-0.4663145396132544,-0.02901580133653403,15.638697491682532,12.752302508317467,3476221.8649999998
2025-04-03 00:00:00+00:00,12.9,13.31,12.3,12.9,5139724.57,14.157500000000002,15.961500000000001,17.1488,39.4909828294931,-0.5459523055895321,-0.48224209280851,-0.06371021278102212,15.692216586213478,12.622783413786527,3095443.6275000004
2025-04-04 00:00:00+00:00,12.9,13.2,12.35,12.94,4559146.69,14.104,15.8165,17.1608,39.824369892836565,-0.5762008271096786,-0.5010338396687437,-0.07516698744093486,15.727581226794255,12.480418773205743,3152987.0725000002
2025-04-05 00:00:00+00:00,12.94,13.06,12.57,12.85,1414775.76,14.078,15.697833333333334,17.1719,39.29970126662424,-0.6005129071940161,-0.5209296531737982,-0.07958325402021782,15.763248943034451,12.392751056965547,3084720.3334999997
2025-04-06 00:00:00+00:00,12.84,12.96,11.0,11.28,4370640.73,13.9405,15.566,17.17385,31.5027261739572,-0.7379595464943449,-0.5643356318379076,-0.17362391465643734,16.021302489425345,11.859697510574653,3137278.2145
2025-04-07 00:00:00+00:00,11.29,11.89,10.1,11.45,13409341.29,13.8175,15.447166666666668,17.17505,33.051582611445056,-0.823674610943387,-0.6162034276590035,-0.20747118328438352,16.164744128760088,11.470255871239914,3661643.5605000006
2025-04-08 00:00:00+00:00,11.46,11.89,10.78,10.93,4384116.83,13.6125,15.322833333333334,17.1725,30.760354544798787,-0.9229251644468413,-0.677547775016571,-0.2453773894302702,16.203823021160943,11.021176978839058,3626710.8720000004
2025-04-09 00:00:00+00:00,10.93,12.82,10.44,12.65,8980891.69,13.534,15.226166666666666,17.178250000000002,44.47221025477966,-0.8529599267136874,-0.7126302053559943,-0.14032972135769306,16.142021472303988,10.925978527696014,3921109.731
2025-04-10 00:00:00+00:00,12.65,12.67,11.68,12.08,4138245.7,13.4395,15.123166666666666,17.183,41.536568184608555,-0.8338936016895495,-0.7368828846227053,-0.09701071706684417,16.113609010492773,10.765390989507226,4040437.6120000007
2025-04-11 00:00:00+00:00,12.07,12.9,12.02,12.64,3323588.23,13.359,15.020333333333333,17.18925,45.35317299698584,-0.7647801720929799,-0.7424623421167602,-0.022317829976219672,16.027594386563578,10.690405613436424,4132879.0530000003
2025-04-12 00:00:00+00:00,12.64,13.29,12.47,13.15,2468342.79,13.293000000000001,14.928499999999998,17.19425,48.6414790313179,-0.6612322694507338,-0.7262163275835549,0.06498405813282115,15.913275558027939,10.672724441972063,4186240.3675000006
2025-04-13 00:00:00+00:00,13.15,13.23,12.43,12.62,3154296.08,13.1675,14.818833333333334,17.1968,45.572456379006034,-0.6148487871019555,-0.703942819487235,0.08909403238527958,15.661195049519609,10.673804950480392,4168482.3425000003
2025-04-14 00:00:00+00:00,12.63,13.25,12.57,12.63,2801098.17,13.027000000000001,14.719999999999999,17.19715,45.642145412801895,-0.570703907346056,-0.6772950370589993,0.10659112971294327,15.299550109458224,10.754449890541778,4197550.866
2025-04-15 00:00:00+00:00,12.64,12.84,12.21,12.24,3088546.47,12.877,14.600999999999999,17.195,43.31291520246685,-0.5607248259721036,-0.6539809948416202,0.0932561688695166,14.930992210306202,10.823007789693799,4194433.0155
2025-04-16 00:00:00+00:00,12.24,12.53,11.89,12.35,2896851.83,12.718499999999999,14.490333333333332,17.192,44.178207629045694,-0.537741502092544,-0.630733096291805,0.09299159419926095,14.384888610138262,11.052111389861736,4214288.9555
2025-04-17 00:00:00+00:00,12.35,12.71,12.2,12.54,2255618.77,12.633,14.387833333333333,17.1924,45.71944198697457,-0.4984498209664796,-0.6042764412267398,0.10582662026026024,14.144583275905935,11.121416724094063,4150461.1914999997
2025-04-18 00:00:00+00:00,12.54,12.72,12.4,12.56,1155230.48,12.5835,14.278500000000001,17.19595,45.888802876129226,-0.4603899588766396,-0.5754991447567198,0.11510918588008023,14.035385326049726,11.131614673950276,4087527.8865
2025-04-19 00:00:00+00:00,12.57,13.06,12.53,12.94,1188404.07,12.56,14.196166666666667,17.2056,49.136062992824094,-0.39501097907546345,-0.5394015116204686,0.1443905325450051,13.972288922281313,11.147711077718688,4043878.3160000006
2025-04-20 00:00:00+00:00,12.93,13.6,12.87,13.28,2277566.14,12.5485,14.117833333333333,17.218700000000002,51.916457346534486,-0.31216407491128884,-0.49395402427863266,0.18178994936734383,13.933133886627981,11.16386611337202,4024526.3340000003
2025-04-21 00:00:00+00:00,13.29,13.7,12.96,13.11,2623398.74,12.501999999999999,14.031666666666666,17.230949999999996,50.432034594413004,-0.25725935996885596,-0.4466150914166774,0.18935573144782142,13.737598640335323,11.266401359664675,4022210.7260000007
2025-04-22 00:00:00+00:00,13.1,14.18,12.88,14.13,3872482.56,12.5635,13.976666666666665,17.246199999999998,58.161727358254076,-0.12994359344736317,-0.38328079182281455,0.2533371983754514,13.981234460326936,11.145765539673063,3875115.3795000003
2025-04-23 00:00:00+00:00,14.13,15.28,14.01,15.02,4479481.4,12.6695,13.931000000000001,17.26495,63.508882885622576,0.04228321614579755,-0.29816799022909213,0.3404512063748897,14.444115169550436,10.894884830449563,3842103.221
2025-04-24 00:00:00+00:00,15.02,15.15,14.15,15.06,3263326.6,12.7755,13.888333333333332,17.2839,63.73322595889678,0.17992777390515968,-0.20254883740224178,0.38247661130740146,14.83282326093848,10.71817673906152,3777312.2165
2025-04-25 00:00:00+00:00,15.06,15.36,14.71,14.92,3790777.91,12.879,13.882666666666665,17.3027,62.28979785968646,0.2745504015068789,-0.10712898962041764,0.38167939112729654,15.139176099333536,10.618823900666463,3896112.324
2025-04-26 00:00:00+00:00,14.92,15.28,14.67,14.86,2127724.28,13.057999999999998,13.875166666666667,17.3229,61.645423879695805,0.34076983451099885,-0.017549224794134344,0.3583190593051332,15.350104709649752,10.765895290350244,3783966.5015000002
2025-04-27 00:00:00+00:00,14.87,15.1,14.37,14.56,2456622.73,13.2135,13.8635,17.34305,58.39279137418876,0.36483611581609665,0.058927843327911865,0.3059082724881848,15.469844610204436,10.957155389795563,3236330.5735
2025-04-28 00:00:00+00:00,14.56,15.11,14.24,15.03,3049340.9,13.4185,13.862333333333334,17.3654,61.79395498793221,0.4170266653763157,0.13054760773759266,0.28647905763872306,15.549239542975311,11.287760457024689,3169591.7770000002
2025-04-29 00:00:00+00:00,15.03,15.24,14.47,14.6,2173196.17,13.516,13.858833333333333,17.38385,57.18800545908625,0.41886226214997535,0.1882105386200692,0.23065172352990615,15.67542029257823,11.35657970742177,2829207.001
2025-04-30 00:00:00+00:00,14.61,14.76,13.83,14.3,2127588.64,13.627,13.851333333333333,17.4003,54.15515849701035,0.3915954247259208,0.22888751584123954,0.16270790888468126,15.706500901658538,11.547499098341463,2728674.148
2025-05-01 00:00:00+00:00,14.3,15.04,14.3,14.74,2952704.48,13.732000000000003,13.806666666666667,17.42025,57.69853318436055,0.4008696070891151,0.2632839340908147,0.13758567299830043,15.813620522573387,11.650379477426618,2710129.9605
2025-05-02 00:00:00+00:00,14.74,15.03,14.49,14.65,2801948.57,13.806999999999999,13.809833333333332,17.4371,56.732629041621436,0.3963879025920267,0.2899047277910571,0.10648317480096964,15.90734378138406,11.706656218615937,2726810.2495
2025-05-03 00:00:00+00:00,14.65,14.67,14.16,14.24,1788850.74,13.888,13.799499999999998,17.45105,52.426874629673705,0.355652801888132,0.3030543426104721,0.05259845927765988,15.92292112869239,11.85307887130761,2658537.9825
2025-05-04 00:00:00+00:00,14.24,14.37,13.81,13.86,1579429.9,13.9495,13.756666666666666,17.46415,48.735041133551455,0.2893714232524527,0.30031775873886823,-0.010946335486415548,15.901273296261305,11.997726703738696,2597454.5689999997
2025-05-05 00:00:00+00:00,13.86,14.2,13.48,13.65,2448399.35,14.02,13.699833333333334,17.47725,46.774752520331425,0.21739175140680445,0.2837325572724555,-0.06634080586565105,15.815271567200552,12.224728432799447,2565447.213
2025-05-06 00:00:00+00:00,13.65,13.89,13.2,13.82,2166912.06,14.0935,13.6645,17.48895,48.5779463292319,0.17208127629803016,0.26140230107757045,-0.08932102477954029,15.721876799146543,12.465123200853458,2528950.2245
2025-05-07 00:00:00+00:00,13.82,14.09,13.46,13.82,1873337.32,14.157499999999999,13.640500000000001,17.50095,48.5779463292319,0.13462057612679068,0.23604595608741452,-0.10142537996062384,15.629748280691388,12.68525171930861,2509836.152
2025-05-08 00:00:00+00:00,13.81,15.99,13.81,15.88,5676038.21,14.3235,13.675,17.52045,65.16393789030883,0.2680673714213828,0.24245023915420819,0.02561713226717463,15.786473342203736,12.860526657796262,2735876.5385000003
2025-05-09 00:00:00+00:00,15.89,16.73,15.58,16.01,6902689.72,14.476999999999999,13.731,17.54195,65.91118583961793,0.37993517546789946,0.26994722641694646,0.109987949050953,15.971016064170259,12.982983935829738,3021590.821
2025-05-10 00:00:00+00:00,16.01,17.47,15.86,17.34,5230336.13,14.680000000000001,13.801166666666665,17.5688,72.42753372692451,0.569348011396448,0.3298273834128468,0.2395206279836012,16.529335015620166,12.830664984379839,3169229.3205
2025-05-11 00:00:00+00:00,17.34,17.42,16.3,17.1,4824652.78,14.879500000000002,13.861333333333333,17.5977,69.83335692441952,0.6921147858544714,0.4022848639011717,0.2898299219532997,16.864226429510847,12.894773570489159,3279292.0225
2025-05-12 00:00:00+00:00,17.1,17.98,16.03,16.74,6485836.98,15.01,13.923,17.6233,66.0138535149917,0.7516942839528689,0.47216674791151114,0.2795275360413577,17.119729840524347,12.900270159475653,3409959.7435000003
2025-05-13 00:00:00+00:00,16.74,17.81,16.03,17.39,5140765.42,15.128500000000003,13.985166666666666,17.654600000000002,69.28085033554662,0.8416589131302139,0.5460651809552517,0.2955937321749622,17.479595702007664,12.77740429799234,3443023.9445
2025-05-14 00:00:00+00:00,17.4,17.53,16.67,17.01,3739156.87,15.226000000000003,14.035166666666667,17.6846,65.32722148455468,0.8722390765810655,0.6112999600804145,0.26093911650065094,17.715316372018417,12.736683627981588,3466815.4579999996
2025-05-15 00:00:00+00:00,17.02,17.21,15.69,16.04,4599640.32,15.282,14.079666666666668,17.709850000000003,56.4686637544358,0.808878930263857,0.6508157541171031,0.15806317614675391,17.79157048117779,12.772429518822209,3507258.5785
2025-05-16 00:00:00+00:00,16.04,16.54,15.61,15.76,3037327.69,15.327000000000002,14.1085,17.73275,54.18456233874188,0.7276836141433787,0.6661893261223584,0.061494288021020305,17.836964939993972,12.817035060006031,3552738.7490000003
2025-05-17 00:00:00+00:00,15.76,15.79,15.07,15.32,2634568.83,15.365,14.132,17.75035,50.71313814270819,0.6206766443721392,0.6570867897723145,-0.03641014540017529,17.850256525994638,12.87974347400536,3561636.054
2025-05-18 00:00:00+00:00,15.33,16.4,14.88,15.88,4286878.87,15.407500000000002,14.146166666666666,17.7678,54.69173202703539,0.5744384014531079,0.6405571121084732,-0.06611871065536534,17.897454818866994,12.917545181133011,3623512.9525000006
2025-05-19 00:00:00+00:00,15.88,16.01,14.84,15.78,4330819.39,15.4665,14.172166666666667,17.789649999999998,53.85569268250136,0.5236883433091037,0.6171833583485994,-0.09349501503949564,17.932932849278277,13.000067150721723,3731394.1135
2025-05-20 00:00:00+00:00,15.79,16.42,15.24,15.71,4389269.1,15.537,14.201166666666666,17.81195,53.24215200265714,0.47237489783093345,0.5882216662450662,-0.11584676841413277,17.945967413644066,13.128032586355937,3844478.1365
2025-05-21 00:00:00+00:00,15.71,16.49,15.52,16.1,6093462.07,15.604999999999999,14.232,17.836499999999997,56.233744200263274,0.4578999773243222,0.5621573284609174,-0.10425735113659518,17.996857019137845,13.213142980862152,4001516.016
2025-05-22 00:00:00+00:00,16.1,16.91,16.04,16.74,4542884.36,15.7095,14.269833333333334,17.866400000000002,60.67969640675438,0.49239512533396557,0.548204887835527,-0.055809762501561444,18.107945121323187,13.311054878676813,4088562.8055
2025-05-23 00:00:00+00:00,16.74,17.16,15.42,15.53,6190632.79,15.774000000000001,14.2765,17.89275,50.28019677664622,0.4172856814630723,0.5220210465610361,-0.10473536509796377,18.07844266580859,13.469557334191409,4308651.908
2025-05-24 00:00:00+00:00,15.53,15.91,15.24,15.34,2601739.54,15.847999999999999,14.274833333333333,17.9153,48.86404001725601,0.33852716354185297,0.4853222699571995,-0.14679510641534654,17.991255467740373,13.704744532259623,4359767.390000001
2025-05-25 00:00:00+00:00,15.34,15.56,14.86,15.54,2236117.68,15.9425,14.279833333333332,17.93215,50.44620708506045,0.2889183285489665,0.44604148167555296,-0.15712315312658648,17.84264604701824,14.042353952981763,4349153.3065
2025-05-26 00:00:00+00:00,15.54,15.96,15.4,15.54,2143637.24,16.0285,14.280166666666666,17.9469,50.44620708506045,0.24675849112093218,0.40618488356462884,-0.15942639244369666,17.675427745834362,14.38157225416564,4347989.5655000005
2025-05-27 00:00:00+00:00,15.54,16.13,15.15,15.91,2513450.22,16.133000000000003,14.307833333333333,17.958,53.53102886977808,0.24043088639958476,0.3730340841316201,-0.13260319773203533,17.43530718342451,14.830692816575498,4379995.2105
2025-05-28 00:00:00+00:00,15.91,16.16,15.31,15.69,2287285.42,16.1235,14.3435,17.96755,51.478975221505706,0.21518355066178252,0.34146397743765255,-0.12628042677587004,17.435784648999242,14.811215351000756,4210557.571
2025-05-29 00:00:00+00:00,15.69,16.19,15.0,15.05,3470428.69,16.0755,14.370833333333334,17.97155,45.959470455757284,0.1418965092642246,0.301550483802967,-0.15965397453874242,17.46861844435391,14.682381555646092,4038944.519500001
2025-05-30 00:00:00+00:00,15.05,15.12,13.76,13.9,6106096.75,15.9035,14.377333333333333,17.9665,38.06235594041329,-0.008877058887870604,0.23946497526479948,-0.2483420341526701,17.468495527149848,14.33850447285015,4082732.5504999994
2025-05-31 00:00:00+00:00,13.89,14.19,13.39,13.97,3241877.57,15.747,14.376166666666668,17.9666,38.752228065515624,-0.12131928967497885,0.16730812227684383,-0.2886274119518227,17.4240819896472,14.0699180103528,4003593.79
2025-06-01 00:00:00+00:00,13.97,14.13,13.58,14.06,1673437.42,15.613000000000003,14.3955,17.9695,39.68245039043413,-0.2008530113494924,0.09367589555157657,-0.294528906901069,17.377302695117535,13.84869730488247,3762973.8120000004
2025-06-02 00:00:00+00:00,14.06,14.12,13.59,14.07,1803670.48,15.447,14.415,17.97485,39.79186965179051,-0.2600791122471957,0.022924893991822112,-0.28300400623901784,17.134354141844256,13.759645858155745,3596119.0650000004
2025-06-03 00:00:00+00:00,14.08,14.45,13.98,14.11,2397370.67,15.301999999999998,14.434500000000002,17.976200000000002,40.25871104009663,-0.30032658033232096,-0.04172540087300651,-0.25860117945931443,16.92433905210931,13.679660947890687,3529029.755
2025-06-04 00:00:00+00:00,14.12,14.48,13.7,13.83,1698210.37,15.191500000000001,14.450833333333332,17.97275,38.035474011873085,-0.3507731541274204,-0.10353495152388928,-0.2472382026035311,16.8966601097841,13.486339890215902,3383958.2575000003
2025-06-05 00:00:00+00:00,13.84,14.04,12.64,12.89,4325191.79,15.047999999999998,14.477666666666666,17.9683,31.70534100659883,-0.4612851631791113,-0.1750849938549337,-0.2862001693241776,17.002467702470135,13.093532297529862,3448351.4625
2025-06-06 00:00:00+00:00,12.89,13.69,12.82,13.56,2892254.8,14.959999999999999,14.512833333333333,17.9598,39.44158462242504,-0.48916454163067336,-0.23790090341008163,-0.2512636382205917,17.013533540022873,12.906466459977125,3461235.761
2025-06-07 00:00:00+00:00,13.57,14.08,13.48,13.83,1796907.09,14.857499999999998,14.561166666666667,17.95585,42.279174180020384,-0.48389437327641893,-0.2870995973833491,-0.19679477589306982,16.921737147228693,12.793262852771303,3336737.172
2025-06-08 00:00:00+00:00,13.82,13.98,13.55,13.73,1301631.33,14.755,14.579166666666667,17.9533,41.503497578547595,-0.4822280661809035,-0.32612529114286004,-0.15610277503804348,16.82939147703582,12.680608522964182,3185277.7690000003
2025-06-09 00:00:00+00:00,13.73,14.4,13.54,14.36,2139591.17,14.6875,14.617166666666666,17.95065,47.97879652103649,-0.425170668129649,-0.34593436654021786,-0.07923630158943112,16.72064411687879,12.654355883121209,3072793.8724999996
2025-06-10 00:00:00+00:00,14.36,15.53,14.32,15.45,4610246.8,14.655000000000001,14.664,17.94505,56.8737257232985,-0.2886707617575315,-0.3344816455836806,0.04581088382614912,16.616300588894735,12.693699411105268,2998633.109
2025-06-11 00:00:00+00:00,15.45,15.66,14.77,14.89,4342696.57,14.5625,14.693000000000001,17.9326,51.95827819995991,-0.22310906004994635,-0.31220712847693377,0.08909806842698742,16.28124227270956,12.843757727290443,2988623.7195
2025-06-12 00:00:00+00:00,14.89,14.93,13.83,13.97,3957934.78,14.4845,14.7155,17.9129,45.0670724644221,-0.24259081443802266,-0.29828386566915155,0.05569305123112889,16.161622237643638,12.807377762356364,2876988.8189999997
2025-06-13 00:00:00+00:00,13.98,13.99,12.75,13.44,6529679.32,14.389500000000002,14.729000000000001,17.8934,41.64072448658365,-0.2973689318140007,-0.29810087889812137,0.0007319470841206654,16.077237835091335,12.701762164908667,3073385.8079999997
2025-06-14 00:00:00+00:00,13.45,13.46,12.83,13.15,1849077.29,14.27,14.744166666666667,17.87245,39.855207420770746,-0.3600313436406051,-0.3104869718466181,-0.04954437179398696,15.953413199425134,12.586586800574866,3054033.7885000003
2025-06-15 00:00:00+00:00,13.16,13.33,13.0,13.3,1457954.35,14.158000000000001,14.76,17.84565,41.258249061527074,-0.3930570925800758,-0.3270009959933097,-0.06605609658676614,15.785668270870557,12.530331729129445,3019749.644
2025-06-16 00:00:00+00:00,13.3,14.17,13.17,13.56,2758548.76,14.0405,14.777,17.8238,43.70942771268825,-0.3937119432582339,-0.34034318544629455,-0.05336875781193934,15.47287529998207,12.60812470001793,3032004.571
2025-06-17 00:00:00+00:00,13.57,13.79,12.8,12.99,3726610.19,13.9055,14.784166666666666,17.79755,39.7894614443963,-0.43520834258433183,-0.35931621687390203,-0.0758921257104298,15.19209978237162,12.61890021762838,3103970.8095
2025-06-18 00:00:00+00:00,13.0,13.23,12.63,13.11,2573912.22,13.808499999999999,14.787,17.7681,40.98931688590013,-0.45318747775338863,-0.37809046904979937,-0.07509700870358926,15.025993737149676,12.591006262850321,3059144.986
2025-06-19 00:00:00+00:00,13.12,13.38,12.91,13.07,1851285.83,13.767000000000001,14.7835,17.73885,40.69818159863759,-0.46530004829605964,-0.3955323848990514,-0.06976766339700824,15.025095385890387,12.508904614109616,2846404.44
2025-06-20 00:00:00+00:00,13.07,13.29,12.3,12.51,2738596.05,13.693999999999999,14.773500000000002,17.675250000000002,36.76150147602361,-0.5141597540113025,-0.4192578587215017,-0.09490189528980086,15.061207372712225,12.326792627287773,2821240.364
2025-06-21 00:00:00+00:00,12.51,12.75,11.69,12.03,2605780.15,13.592499999999998,14.7385,17.61495,33.74819333960872,-0.5848713781014645,-0.45238056259749426,-0.13249081550397024,15.127112328895686,12.057887671104309,2867857.5005
2025-06-22 00:00:00+00:00,12.03,12.2,10.94,11.65,5918789.6,13.4715,14.682333333333332,17.55285,31.543789249967105,-0.6639204126096949,-0.4946885325999344,-0.16923188000976053,15.205146734487345,11.737853265512657,3073613.4565000003
2025-06-23 00:00:00+00:00,11.65,12.97,11.39,12.82,4411334.51,13.407,14.645000000000001,17.5012,43.730827092147656,-0.6249540389325574,-0.520741633866459,-0.10421240506609841,15.136810394233605,11.677189605766396,3174311.6485
2025-06-24 00:00:00+00:00,12.83,13.73,12.78,13.42,4188366.46,13.386500000000002,14.620000000000001,17.43895,48.76789257229164,-0.5394395975737467,-0.5244812266079166,-0.014958370965830081,15.105456369428445,11.667543630571558,3298819.453
2025-06-25 00:00:00+00:00,13.42,13.51,12.99,13.13,2471771.03,13.398500000000002,14.591166666666668,17.38065,46.596722392729056,-0.4894275469641496,-0.5174704906791632,0.02804294371501359,15.10674207886313,11.690257921136874,3206148.415
2025-06-26 00:00:00+00:00,13.14,13.57,12.88,12.94,1893346.8,13.367500000000001,14.564166666666667,17.3149,45.17758901876785,-0.4598234896835347,-0.5059410904800375,0.046117600796502844,15.085369319825759,11.649630680174244,3156203.0149999997
2025-06-27 00:00:00+00:00,12.94,13.23,12.73,13.05,1558205.31,13.3285,14.531166666666667,17.268900000000002,46.199187978753024,-0.4226143452080269,-0.48927574142563546,0.06666139621760858,15.037994369689063,11.619005630310937,3144267.926
2025-06-28 00:00:00+00:00,13.05,13.45,13.0,13.39,1200113.9,13.3115,14.511,17.22525,49.34147442238163,-0.36152325657099915,-0.4637252444547082,0.10220198788370904,15.011420880511386,11.611579119488615,3139192.0544999996
2025-06-29 00:00:00+00:00,13.4,13.88,13.24,13.7,1498678.23,13.2785,14.501000000000001,17.1734,52.08910706010018,-0.2848106001565647,-0.42794231559507956,0.14313171543851488,14.920355962013293,11.636644037986706,3107146.4074999997
2025-06-30 00:00:00+00:00,13.71,13.78,13.12,13.38,2514005.77,13.175,14.478333333333333,17.094649999999998,49.12700912238634,-0.2469894522517322,-0.3917517429264101,0.14476229067467788,14.483365392387993,11.866634607612008,3002334.3559999997
2025-07-01 00:00:00+00:00,13.37,13.44,12.78,12.9,1734062.81,13.0755,14.449166666666667,17.014200000000002,44.99385458246212,-0.25283340244308405,-0.3639680748297449,0.11113467238666086,14.123879225279941,12.027120774720059,2871902.668
2025-07-02 00:00:00+00:00,12.9,13.85,12.73,13.56,3263950.46,13.055000000000001,14.437833333333334,16.9364,51.087392476942306,-0.2018811309127404,-0.331550686046344,0.12966955513360362,14.04713910314964,12.062860896850363,2837203.4520000005
2025-07-03 00:00:00+00:00,13.55,14.08,13.43,13.67,3061053.26,13.0665,14.434666666666667,16.85845,52.040983179202804,-0.15088569161218324,-0.29541768715951183,0.1445319955473286,14.081296038619865,12.051703961380134,2663772.1489999997
2025-07-04 00:00:00+00:00,13.66,13.78,12.93,13.16,2145964.77,13.067000000000002,14.4265,16.7806,47.424549694020286,-0.14989626547514057,-0.2663134028226376,0.11641713734749704,14.081969950293393,12.05203004970661,2678616.5229999996
2025-07-05 00:00:00+00:00,13.16,13.27,12.99,13.23,900526.54,13.0635,14.416666666666666,16.707449999999998,48.10500423677147,-0.14182880892361105,-0.2414164840428323,0.09958767511922126,14.075710946393373,12.051289053606626,2650745.1325000003
2025-07-06 00:00:00+00:00,13.23,13.7,13.1,13.48,1349555.74,13.0595,14.411000000000001,16.65055,50.56577144006906,-0.11394884941544703,-0.21592295711735526,0.10197410770190823,14.064437311476974,12.054562688523026,2580295.4814999998
2025-07-07 00:00:00+00:00,13.49,13.73,13.25,13.44,1830708.82,13.081999999999999,14.370333333333331,16.6037,50.155971058671966,-0.09399789710089657,-0.19153794511406355,0.09754004801316699,14.099774041719757,12.064225958280241,2485500.4129999997
2025-07-08 00:00:00+00:00,13.43,14.0,13.2,13.96,2064962.22,13.124500000000001,14.336166666666665,16.55655,55.235017413656074,-0.03581412651712235,-0.16039318139467532,0.12457905487755297,14.212001264366428,12.036998735633574,2460052.9129999997
2025-07-09 00:00:00+00:00,13.97,14.38,13.81,14.25,3387387.4,13.1835,14.284666666666668,16.51715,57.816622029919074,0.033313490054407424,-0.12165184710485877,0.1549653371592662,14.37576297434693,11.99123702565307,2536857.9915
2025-07-10 00:00:00+00:00,14.25,15.34,14.15,15.23,3789246.68,13.3195,14.2535,16.4829,65.13414911601657,0.16527030087193673,-0.06426741750949967,0.22953771838143638,14.766710765575839,11.87228923442416,2589390.523
2025-07-11 00:00:00+00:00,15.24,15.88,15.01,15.28,5080650.86,13.482,14.229166666666666,16.43655,65.46332808551126,0.270760448368609,0.0027381556661220663,0.26802229270248695,15.039223169619124,11.924776830380875,2713134.0585000003
2025-07-12 00:00:00+00:00,15.29,15.48,14.7,15.11,2060919.92,13.654999999999998,14.191166666666668,16.385,63.27590019273216,0.3367625816110902,0.0695430408551157,0.2672195407559745,15.126074437273196,12.183925562726799,2520240.5744999996
2025-07-13 00:00:00+00:00,15.11,15.95,15.04,15.66,2764273.77,13.797,14.168666666666667,16.3411,67.10553169977698,0.4285105483211691,0.14133654234832638,0.2871740059728427,15.454698404414593,12.139301595585408,2437887.5375
2025-07-14 00:00:00+00:00,15.66,16.47,15.57,15.75,4507587.92,13.913500000000003,14.163833333333333,16.306449999999998,67.69911913276528,0.5026890345091672,0.21360704078049456,0.2890819937286727,15.765010464458333,12.061989535541672,2453848.6105
2025-07-15 00:00:00+00:00,15.76,16.2,15.14,16.11,4643980.94,14.0625,14.169666666666666,16.27915,70.02887068153852,0.5837953808443892,0.28764470879327353,0.29615067205111567,16.107355740632755,12.017644259367247,2562459.1059999997
2025-07-16 00:00:00+00:00,16.11,17.04,15.82,16.67,5287087.42,14.248999999999999,14.192166666666667,16.25255,73.25981756719585,0.685359664943558,0.36718770002333045,0.3181719649202276,16.518386701291508,11.97961329870849,2732146.137
2025-07-17 00:00:00+00:00,16.68,18.1,16.32,18.0,5904663.79,14.496500000000001,14.227500000000001,16.23775,79.03921490618124,0.8632193215461132,0.466394024327887,0.39682529721822624,17.222590790857637,11.770409209142366,2949469.0609999998
2025-07-18 00:00:00+00:00,18.0,19.17,17.32,17.83,9174118.14,14.7185,14.261666666666665,16.224,76.75566457690061,0.9791695445646855,0.5689491283752468,0.4102204161894387,17.75362948652917,11.683370513470829,3348169.273
2025-07-19 00:00:00+00:00,17.83,18.55,17.53,18.39,3650635.55,14.953,14.306333333333333,16.2159,78.9165576613391,1.10352747377223,0.6758647974546435,0.4276626763175866,18.341298097865486,11.564701902134512,3455767.139
2025-07-20 00:00:00+00:00,18.4,20.01,18.32,19.27,6911594.44,15.247499999999999,14.359166666666665,16.2036,81.78259581930946,1.2585825183220454,0.7924083416281238,0.4661741766939216,19.037760545133924,11.457239454866073,3675646.5725000002
2025-07-21 00:00:00+00:00,19.28,20.28,18.98,19.5,5619450.18,15.5775,14.405166666666666,16.19075,82.4539469624422,1.3840691484585488,0.9107405029942088,0.47332864546433995,19.632752766474486,11.522247233525515,3869915.9409999996
2025-07-22 00:00:00+00:00,19.49,19.99,18.63,19.66,5855280.76,15.882500000000002,14.474,16.17165,82.92534947436774,1.4793755492953125,1.0244675122544296,0.4549080370408829,20.194376041817417,11.570623958182587,3999482.4560000002
2025-07-23 00:00:00+00:00,19.66,19.76,17.55,18.18,5010078.18,16.107999999999997,14.521333333333333,16.14455,65.41749969104592,1.4191241476797245,1.1033988393394885,0.31572530834023604,20.405155338127656,11.810844661872336,4096933.7019999996
2025-07-24 00:00:00+00:00,18.18,18.69,17.15,17.91,4483165.69,16.345499999999998,14.560833333333333,16.116200000000003,62.81209314800222,1.3342078170956633,1.1495606348907235,0.1846471822049398,20.48690302313106,12.204096976868936,4213793.748000001
2025-07-25 00:00:00+00:00,17.92,18.49,17.23,18.28,4032429.61,16.598000000000003,14.606500000000002,16.08845,64.87653006245299,1.2819889504888273,1.1760462980103443,0.105942652478483,20.560749550501413,12.635250449498592,4370388.9015
2025-07-26 00:00:00+00:00,18.29,18.64,18.16,18.41,2049354.9,16.8445,14.648166666666667,16.073600000000003,65.59912625128274,1.2368375427428582,1.1882045469568472,0.04863299578601099,20.609153901755004,13.079846098244996,4405378.8595
2025-07-27 00:00:00+00:00,18.41,19.3,18.35,19.24,2938359.71,17.1345,14.707333333333334,16.0676,69.86225483518636,1.2535783196627648,1.2012793014980307,0.052299018164734035,20.693401375424614,13.575598624575385,4460761.404
2025-07-28 00:00:00+00:00,19.24,19.56,17.97,18.12,3736717.03,17.3425,14.7585,16.05995,59.20091074541576,1.1630637908146824,1.1936361993613611,-0.030572408546678753,20.609222363470646,14.075777636529356,4544349.1445
2025-07-29 00:00:00+00:00,18.11,18.64,17.47,17.83,3802532.57,17.5215,14.824,16.0479,56.784536994893884,1.0557596580611701,1.166060891101323,-0.11030123304015294,20.467366765486734,14.575633234513266,4565106.403
2025-07-30 00:00:00+00:00,17.84,17.95,16.77,17.71,3659853.89,17.6455,14.886333333333333,16.0354,55.77014588737449,0.9500853699145608,1.1228657868639706,-0.17278041694940982,20.39750635900415,14.893493640995846,4558636.763499999
2025-07-31 00:00:00+00:00,17.72,18.24,16.84,16.92,3516703.42,17.7275,14.934,16.020799999999998,49.5008530490382,0.7934449974929798,1.0569816289897727,-0.26353663149679285,20.283433293339108,15.171566706660892,4480439.3915
2025-08-01 00:00:00+00:00,16.93,17.03,15.67,16.07,6610546.3,17.7755,14.967333333333332,16.0044,43.796194333779184,0.593872682946234,0.9643598397810649,-0.3704871568348309,20.16354920384805,15.387450796151953,4707920.7105
2025-08-02 00:00:00+00:00,16.07,16.27,15.43,15.65,3023394.29,17.775,14.992999999999999,15.98105,41.26561281810389,0.3972405540797368,0.8509359826407993,-0.4536954285610625,20.164824261321172,15.385175738678823,4720876.736500001
2025-08-03 00:00:00+00:00,15.64,16.4,15.44,16.3,1579840.27,17.802500000000002,15.034166666666668,15.95205,46.4249649582002,0.29050893683015033,0.7388505734786696,-0.4483416366485192,20.109713687545934,15.495286312454068,4574489.354
2025-08-04 00:00:00+00:00,16.3,17.2,16.27,17.11,2701936.82,17.8525,15.104500000000002,15.92245,52.07465151555428,0.268192040844518,0.6447188669518393,-0.37652682610732136,20.051644151709777,15.653355848290222,4477387.148
2025-08-05 00:00:00+00:00,17.12,17.12,16.08,16.38,3046165.48,17.838,15.1515,15.878900000000002,47.2397058336286,0.18941735549002559,0.5536585646594766,-0.364241209169451,20.071692906377088,15.604307093622914,4365341.051
2025-08-06 00:00:00+00:00,16.39,16.91,16.03,16.67,1844029.67,17.7715,15.198833333333335,15.841650000000001,49.25535644428699,0.14867459795599558,0.4726617713187804,-0.3239871733627848,20.060449759168886,15.482550240831113,4162309.3449999997
2025-08-07 00:00:00+00:00,16.67,18.5,16.57,18.48,5571750.6,17.804000000000002,15.278,15.812350000000002,59.62351851265437,0.2594468010509168,0.4300187772652077,-0.17057197621429093,20.11371340213441,15.494286597865592,3982190.9679999994
2025-08-08 00:00:00+00:00,18.47,19.98,18.08,19.89,7663560.63,17.878999999999998,15.370166666666668,15.78635,65.53173285266664,0.45575611343524614,0.4351662444992154,0.02058986893603071,20.35162532543839,15.406374674561604,4182837.222
2025-08-09 00:00:00+00:00,19.89,21.99,19.78,21.94,7563414.97,18.0125,15.478333333333332,15.7627,71.95676511844654,0.767898667429403,0.501712729085253,0.26618593834415005,21.004815992671787,15.020184007328211,4215428.2485
2025-08-10 00:00:00+00:00,21.95,22.7,21.15,22.06,8655572.56,18.1405,15.597833333333334,15.746500000000001,72.28246865806682,1.0132764670837489,0.6040254766849522,0.40925099039879664,21.564290151279625,14.716709848720374,4367234.367500001
2025-08-11 00:00:00+00:00,22.07,22.61,20.84,21.07,7095724.29,18.211,15.716166666666668,15.723600000000001,65.52138838586791,1.1150023617749447,0.7062208537029507,0.408781508071994,21.810593865979797,14.611406134020202,4429256.544
2025-08-12 00:00:00+00:00,21.07,24.2,21.0,23.6,11374582.29,18.482,15.8855,15.715700000000002,72.58001666980554,1.3838189190199017,0.841740466766341,0.5420784522535608,22.779834803712145,14.184165196287854,4747481.7495
2025-08-13 00:00:00+00:00,23.6,24.74,23.23,23.98,11235490.05,18.785500000000003,16.066,15.71095,73.45891173848767,1.6089735559608798,0.9951870846052487,0.613786471355631,23.692953412921973,13.878046587078032,5085097.967499999
2025-08-14 00:00:00+00:00,23.98,24.31,21.51,22.46,10838260.75,18.9945,16.218666666666667,15.69885,64.54664476035138,1.6457873193082477,1.1253071315458487,0.520480187762399,24.14791236463758,13.841087635362417,5425389.524499999
2025-08-15 00:00:00+00:00,22.45,23.04,21.36,21.76,5502258.56,19.162,16.355333333333334,15.6866,60.883274342145796,1.6000341445028141,1.2202525341372419,0.37978161036557223,24.44467962307005,13.879320376929947,5598034.7075000005
2025-08-16 00:00:00+00:00,21.75,22.97,21.39,22.64,4847903.21,19.332,16.516166666666667,15.68675,63.67445899722351,1.61615306288029,1.2994326398858516,0.3167204229944385,24.82828820205051,13.835711797949493,5693511.882499999
2025-08-17 00:00:00+00:00,22.64,26.33,22.36,25.64,11607242.36,19.708000000000002,16.725,15.696650000000002,71.21517980628573,1.8496803856788233,1.409482189044446,0.4401981966343773,25.816032743854578,13.599967256145426,6087038.148999999
2025-08-18 00:00:00+00:00,25.64,26.76,24.29,25.78,16005492.4,20.1055,16.936833333333333,15.70325,71.51237953560008,2.022732500285322,1.5321322512926214,0.4906002489927006,26.689153924683445,13.521846075316553,6697186.1405
2025-08-19 00:00:00+00:00,25.79,25.81,23.42,23.56,12457022.21,20.398,17.121,15.6952,60.793452415598374,1.9581695416404372,1.6173397093621849,0.34082983227825236,27.04941368432304,13.74658631567696,7137044.5565
2025-08-20 00:00:00+00:00,23.56,26.89,23.36,26.45,14580303.4,20.8745,17.361333333333334,15.71255,67.60152540961508,2.115812015162078,1.7170341705221634,0.3987778446399144,27.81994015883802,13.929059841161983,7690224.555500001
2025-08-21 00:00:00+00:00,26.45,26.6,24.63,24.82,8579726.43,21.312,17.58083333333333,15.73435,61.15169162830481,2.085180767748408,1.7906634899674125,0.2945172777809957,28.09213746173335,14.531862538266651,7788683.562000001
2025-08-22 00:00:00+00:00,24.82,27.87,24.09,26.79,17391120.82,21.869,17.813666666666666,15.7601,65.44301442405428,2.194570180541138,1.8714448280821578,0.32312535245898033,28.526275418667915,15.211724581332083,8507069.888500001
2025-08-23 00:00:00+00:00,26.8,26.83,25.52,26.28,6342745.06,22.368000000000002,18.028,15.791649999999999,63.487784320143696,2.214581028962325,1.9400720682581913,0.27450896070413355,28.772056839223104,15.9639431607769,8745215.128
2025-08-24 00:00:00+00:00,26.28,26.62,25.21,25.82,7437373.67,22.803500000000003,18.239500000000003,15.8248,61.697289761658354,2.168326496768522,1.9857229539602577,0.18260354280826419,28.89507212876941,16.711927871230596,8981986.9705
2025-08-25 00:00:00+00:00,25.82,26.46,23.08,23.38,10082049.36,23.1535,18.4135,15.848799999999999,53.13686285678351,1.912733042807357,1.9711249717296777,-0.0583919289223207,28.48561505877361,17.82138494122639,9333781.1645
2025-08-26 00:00:00+00:00,23.38,24.76,22.88,24.38,8019450.82,23.539,18.602333333333334,15.87875,55.84108630849371,1.7704563134325682,1.9309912400702558,-0.16053492663768765,27.980927059284113,19.09707294071589,9642552.222
2025-08-27 00:00:00+00:00,24.37,24.69,23.58,23.78,7229659.66,23.804,18.7755,15.9054,53.833831792556204,1.5909465532280187,1.8629823027018084,-0.2720357494737897,27.591180481572067,20.01681951842793,9725447.675
2025-08-28 00:00:00+00:00,23.78,26.03,23.56,25.18,12872418.89,24.0685,18.966833333333334,15.94,57.658358877618944,1.5438554698400857,1.7991569361294641,-0.25530146628937844,27.441583307598627,20.695416692401373,9985890.588000001
2025-08-29 00:00:00+00:00,25.18,25.23,23.11,23.43,9640370.92,24.143,19.134333333333334,15.963099999999999,51.873483335717665,1.3497658122587737,1.7092787113553263,-0.3595128990965526,27.388138517844887,20.897861482155115,10089738.3855
2025-08-30 00:00:00+00:00,23.43,23.52,22.83,23.51,2759889.54,24.2155,19.311166666666665,15.98735,52.11002788699135,1.1887010855240234,1.6051631861890658,-0.4164621006650424,27.33355371987086,21.097446280129137,9794954.2345
2025-08-31 00:00:00+00:00,23.51,24.06,23.18,23.2,4221549.06,24.322,19.471833333333333,16.00735,51.06268578096158,1.0242349767087795,1.4889775442930087,-0.46474256758422916,27.133459407496492,21.510540592503506,9651245.473
2025-09-01 00:00:00+00:00,23.2,23.87,22.09,22.51,6922598.37,24.267500000000002,19.61916666666667,16.0271,48.71571120192811,0.8286648347400387,1.3569150023824146,-0.5282501676423759,27.173499827942276,21.361500172057728,9428646.276999999
2025-09-02 00:00:00+00:00,22.52,23.6,22.34,23.49,5570998.65,24.243,19.791333333333334,16.047649999999997,52.08427272970378,0.7441735288130786,1.2343667076685476,-0.490193178855469,27.16649174789335,21.319508252106647,9145421.707
2025-09-03 00:00:00+00:00,23.49,23.91,23.21,23.69,3694295.37,24.304499999999997,19.965666666666667,16.07115,52.7661436274049,0.6854504426445125,1.1245834546637408,-0.4391330120192283,27.125318852744805,21.48368114725519,8788223.438
2025-09-04 00:00:00+00:00,23.69,23.97,22.18,22.32,3947853.36,24.332500000000003,20.113,16.0893,47.75310614744091,0.5223431763569515,1.004135399002383,-0.4817922226454314,27.061352322864057,21.60364767713595,8710503.178
2025-09-05 00:00:00+00:00,22.32,23.24,22.04,22.28,6727388.7,24.314500000000002,20.26033333333333,16.1051,47.610881153768005,0.3854090711304359,0.8803901334279935,-0.4949810622975577,27.09208510220669,21.536914897793316,8804477.4525
2025-09-06 00:00:00+00:00,22.28,22.52,21.87,22.19,2487454.71,24.142,20.397499999999997,16.126649999999998,47.26974733214166,0.26655290240731944,0.7576226872238587,-0.4910697848165393,26.996341255000967,21.28765874499903,8348488.07
2025-09-07 00:00:00+00:00,22.2,22.61,22.12,22.47,1891346.07,23.9765,20.534499999999998,16.1491,48.50591147209285,0.19273051491875393,0.6446442527628379,-0.45191373784408395,26.81555107386262,21.137448926137385,7642780.7535000015
2025-09-08 00:00:00+00:00,22.47,23.31,22.23,23.04,3767545.95,23.950499999999998,20.66466666666667,16.1729,51.02306331552663,0.17816618836880949,0.5513486398840323,-0.3731824515152228,26.813753219678702,21.087246780321294,7208306.9405000005
2025-09-09 00:00:00+00:00,23.04,23.82,22.83,23.05,4633041.62,23.7805,20.794166666666666,16.201,51.06825438051667,0.16552272809898128,0.47418345752702207,-0.3086607294280408,26.42536275636382,21.13563724363618,6710943.8515
2025-09-10 00:00:00+00:00,23.05,23.93,22.89,23.57,3302753.17,23.718,20.935166666666664,16.23005,53.47239403502859,0.1952120657439984,0.41838917917041735,-0.22317711342641894,26.320388134003156,21.115611865996843,6447095.1885
2025-09-11 00:00:00+00:00,23.57,24.5,23.31,24.47,4025863.56,23.602,21.081999999999997,16.264300000000002,57.37584406167091,0.2880431756853241,0.3923199784733987,-0.10427680278807461,25.825570102335522,21.37842989766448,5778832.3255
2025-09-12 00:00:00+00:00,24.47,25.33,24.16,25.13,4645718.7,23.5445,21.238333333333333,16.31365,60.02445643786456,0.41014113161444854,0.3958842091016087,0.014256922512839831,25.535394020283448,21.55360597971655,5693981.0075
2025-09-13 00:00:00+00:00,25.12,25.64,24.44,24.88,4154255.78,23.4975,21.3845,16.3615,58.54057116712122,0.48118493034393595,0.4129443533500742,0.06824057699386177,25.307459944308267,21.68754005569173,5529825.113
2025-09-14 00:00:00+00:00,24.88,25.02,23.84,24.09,2601143.16,23.532999999999998,21.508166666666668,16.40565,53.99780907549978,0.46834249424489016,0.4240239815290374,0.04431851271585274,25.360119043740823,21.705880956259172,5155779.803
2025-09-15 00:00:00+00:00,24.1,24.44,22.97,23.56,3698495.94,23.491999999999997,21.600833333333334,16.447950000000002,51.131112413936314,0.410664317879597,0.4213520487991494,-0.010687730919552385,25.277582257976476,21.70641774202352,4939732.059
2025-09-16 00:00:00+00:00,23.56,23.76,23.1,23.48,2566010.45,23.477,21.695,16.491300000000003,50.69363280304146,0.3544131618340849,0.4079642714061365,-0.053551109572051614,25.25768638451592,21.69631361548408,4706549.5985
2025-09-17 00:00:00+00:00,23.49,24.24,22.75,23.99,5315579.68,23.4175,21.788333333333334,16.5375,53.429222365701996,0.3469866075325143,0.3957687386314121,-0.048782131098897785,25.039003931540215,21.795996068459786,4328707.638
2025-09-18 00:00:00+00:00,24.0,24.75,23.68,24.62,3504432.03,23.477,21.877499999999998,16.573500000000003,56.6302533250452,0.3874702290052703,0.39410903670618375,-0.006638807700913463,25.1811959981177,21.7728040018823,4021910.6935
2025-09-19 00:00:00+00:00,24.63,24.89,23.27,23.47,4258058.9,23.475,21.943666666666665,16.61855,49.88923915992599,0.3230346591733202,0.37989416119961106,-0.056859502026290865,25.1791302767102,21.770869723289803,4096819.1615000004
2025-09-20 00:00:00+00:00,23.48,23.66,23.09,23.34,1692009.53,23.482000000000003,22.005000000000003,16.66095,49.17660688031641,0.2584992735879119,0.35561518367727124,-0.09711591008935933,25.18270103192783,21.781298968072175,3970342.185
2025-09-21 00:00:00+00:00,23.33,23.49,22.9,22.96,1321893.75,23.5045,22.084666666666667,16.6936,47.06048845871731,0.17467811082341456,0.31942776910649995,-0.1447496582830854,25.164590057798186,21.844409942201814,3690306.954000001
2025-09-22 00:00:00+00:00,22.95,23.05,20.24,21.65,8224657.83,23.4125,22.147,16.716549999999998,40.57796555634693,0.0025142014116461553,0.2560450555675292,-0.25353085415588306,25.259073854466802,21.5659261455332,3822989.913
2025-09-23 00:00:00+00:00,21.66,22.05,21.17,21.52,3338803.5,23.304000000000002,22.201,16.74445,39.989273890268045,-0.1427710746393025,0.17628182952616286,-0.3190529041654654,25.319851184983744,21.28814881501626,3805215.3195
2025-09-24 00:00:00+00:00,21.52,21.97,20.98,21.6,4170756.29,23.267999999999997,22.254166666666666,16.77615,40.560755445145865,-0.24858978294544087,0.09130750703184212,-0.33989728997728297,25.376445873149304,21.15955412685069,3816360.4659999995
2025-09-25 00:00:00+00:00,21.61,21.66,19.82,20.14,6221553.31,23.161,22.269166666666667,16.8078,34.16611057982624,-0.4451304828098408,-0.015980090936494468,-0.42915039187334636,25.643215945481042,20.67878405451896,3791068.6964999996
2025-09-26 00:00:00+00:00,20.15,21.24,19.93,21.07,3841681.96,23.105,22.31833333333333,16.8499,40.591156948296934,-0.5198546153781365,-0.11675499582482288,-0.40309961955331364,25.719333567087475,20.490666432912526,3858780.0590000004
2025-09-27 00:00:00+00:00,21.07,21.15,20.73,20.91,986010.15,23.026999999999997,22.369666666666667,16.8888,39.87022029632823,-0.5852384273290454,-0.2104516821256674,-0.374786745203378,25.8006914031666,20.253308596833396,3813513.2629999993
2025-09-28 00:00:00+00:00,20.92,21.71,20.43,21.68,1599640.6,22.959,22.435833333333335,16.92975,44.93859153398149,-0.5683711754121923,-0.2820355807829724,-0.28633559462921987,25.794086594797466,20.123913405202533,3705117.9955000007
2025-09-29 00:00:00+00:00,21.68,21.9,20.9,21.74,2497335.67,22.8935,22.516166666666667,16.97325,45.32532364561037,-0.5438926028230604,-0.33440698519099005,-0.20948561763207035,25.77726333980448,20.009736660195518,3598332.6980000003
2025-09-30 00:00:00+00:00,21.73,21.87,20.96,21.3,2883237.53,22.78,22.603333333333335,17.01145,42.943308448515566,-0.553615742785162,-0.37824873670982445,-0.17536700607533756,25.726333314477554,19.83366668552245,3577356.9159999997
2025-10-01 00:00:00+00:00,21.31,22.63,21.05,22.58,3207385.07,22.685499999999998,22.718833333333333,17.054299999999998,51.00932348529407,-0.45281631406275835,-0.39316225218041123,-0.05965406188234712,25.52837512916066,19.842624870839334,3536432.9915
2025-10-02 00:00:00+00:00,22.57,23.13,21.93,22.77,3766228.87,22.5675,22.826666666666664,17.101300000000002,52.09197581978111,-0.35352540763850726,-0.3852348832720304,0.031709475633523165,25.18141564515771,19.953584354842288,3492458.5
2025-10-03 00:00:00+00:00,22.78,23.09,22.09,22.5,4104599.03,22.4485,22.9165,17.143649999999997,50.38787050422189,-0.2932430688999865,-0.36683652039762166,0.07359345149763513,24.837493721214067,20.059506278785932,3489975.6625
2025-10-04 00:00:00+00:00,22.5,22.62,21.76,22.01,2081829.77,22.3445,23.01033333333333,17.18415,47.35988862075064,-0.28175983406040217,-0.3498211831301778,0.06806134906977562,24.61685098521338,20.07214901478662,3464009.993
2025-10-05 00:00:00+00:00,22.02,22.94,21.88,22.0,2618277.27,22.2665,23.09916666666667,17.219,47.2974212346144,-0.27034978016544997,-0.33392690253723223,0.06357712237178226,24.472739107621884,20.060260892378118,3409999.0595
2025-10-06 00:00:00+00:00,22.0,23.6,21.47,23.37,5609599.65,22.261,23.18066666666667,17.26475,55.88274031512066,-0.14904162078717675,-0.29694984618722114,0.1479082254000444,24.455628898014467,20.06637110198553,3562178.5195
2025-10-07 00:00:00+00:00,23.37,23.73,21.75,21.79,5844902.56,22.151,23.212333333333333,17.30385,46.47896531532732,-0.17834102160719567,-0.27322808127121606,0.09488705966402039,24.20391889757004,20.09808110242996,3588644.6635
2025-10-08 00:00:00+00:00,21.8,22.67,21.62,22.63,2790526.23,22.051499999999997,23.22383333333333,17.34575,51.18232813135041,-0.13225546929687226,-0.2450335588763473,0.11277808957947505,23.784004256849073,20.31899574315092,3552949.3734999998
2025-10-09 00:00:00+00:00,22.63,22.67,21.32,21.99,3321045.72,21.9775,23.222666666666665,17.38335,47.7400036921806,-0.145695501312467,-0.22516594736357126,0.07947044605110426,23.583113589877765,20.371886410122233,3506098.7145
2025-10-10 00:00:00+00:00,22.0,22.78,7.9,17.31,23919723.86,21.676,23.160000000000004,17.394250000000003,31.209921768827996,-0.5278984266658568,-0.2857124432240284,-0.24218598344182846,24.166023293063766,19.18597670693623,4617484.431
2025-10-11 00:00:00+00:00,17.31,19.0,16.6,17.2,11458227.87,21.387999999999998,23.05333333333333,17.40305,30.938760916983995,-0.8301041553425428,-0.3945907856477313,-0.43551336969481147,24.477599326773632,18.298400673226364,5124301.137
2025-10-12 00:00:00+00:00,17.2,19.42,16.68,19.0,7320321.66,21.2555,22.97033333333333,17.42185,40.10862862750867,-0.913825405384479,-0.4984377095950809,-0.4153876957893981,24.511598739289102,17.9994012607109,5079084.3285
2025-10-13 00:00:00+00:00,19.0,20.19,18.73,19.84,8049413.89,21.171499999999998,22.92666666666667,17.44345,43.855165203873746,-0.9019964656123847,-0.5791494607985417,-0.322847004813843,24.48219343189611,17.860806568103886,5314614.847999999
2025-10-14 00:00:00+00:00,19.84,20.07,18.07,19.1,7462448.83,21.0465,22.882333333333335,17.4677,41.39827856301209,-0.9414809547868117,-0.6516157595961958,-0.28986519519061593,24.469903423495406,17.623096576504597,5479199.475
2025-10-15 00:00:00+00:00,19.1,19.26,17.73,18.06,4509983.09,20.9425,22.805999999999997,17.49025,38.16244028453731,-1.0446499311509712,-0.7302225939071508,-0.3144273372438203,24.588856400573047,17.29614359942695,5393620.964
2025-10-16 00:00:00+00:00,18.05,18.63,17.1,17.43,5003348.51,20.7605,22.669166666666666,17.51035,36.31089891655088,-1.1638318934744483,-0.8169444538206104,-0.34688743965383784,24.713688459964946,16.807311540035055,5451704.2915
2025-10-17 00:00:00+00:00,17.42,17.69,15.69,16.61,7835846.23,20.5455,22.516333333333332,17.525850000000002,33.998737954271604,-1.309358138674046,-0.9154271907912976,-0.3939309478827484,24.891033223897846,16.199966776102155,5794196.0955
2025-10-18 00:00:00+00:00,16.61,17.01,16.57,16.82,1907438.23,20.302500000000002,22.404,17.53975,35.13783990989086,-1.3917008306261636,-1.0106819187582707,-0.38101891186789283,24.903142889857893,15.701857110142111,5809585.977
2025-10-19 00:00:00+00:00,16.81,17.66,16.53,17.29,3899283.36,20.08,22.25133333333333,17.561700000000002,37.72822796293924,-1.4028616196983172,-1.0891178589462802,-0.313743760752037,24.809655378566173,15.350344621433823,5879683.361500001
2025-10-20 00:00:00+00:00,17.29,19.19,16.93,18.66,7350769.65,19.948,22.148666666666667,17.5905,44.66533078042416,-1.2863310513679735,-1.128560497430619,-0.15777055393735462,24.68144948214301,15.21455051785699,6103059.9675
2025-10-21 00:00:00+00:00,18.66,18.97,17.53,17.61,7395919.32,19.6995,21.99566666666667,17.61385,40.90428096992855,-1.2641338134867333,-1.1556751606418418,-0.10845865284489142,24.375641464925963,15.023358535074038,6312486.68
2025-10-22 00:00:00+00:00,17.6,17.84,16.71,17.2,4748622.1,19.421,21.844333333333335,17.6356,39.505420305015626,-1.2650432845087032,-1.1775487854152142,-0.08749449909348894,23.994833840445004,14.847166159554996,6361606.3415
2025-10-23 00:00:00+00:00,17.2,17.79,17.09,17.44,3347662.36,19.168,21.704666666666665,17.6664,40.782067813663765,-1.2321940861981808,-1.1884778455718077,-0.04371624062637314,23.589848482252627,14.746151517747373,6323759.508
2025-10-24 00:00:00+00:00,17.44,18.1,17.29,17.89,3108106.38,18.962,21.613166666666665,17.6986,43.20237595956739,-1.1565180010694434,-1.182085876671335,0.025567875601891554,23.215735299710104,14.708264700289893,6375073.3385
2025-10-25 00:00:00+00:00,17.89,18.25,17.79,18.02,1335088.7,18.762999999999998,21.507166666666663,17.734050000000003,43.91551738358157,-1.0736775582925766,-1.1604042129955832,0.08672665470300656,22.796291955710593,14.729708044289403,6310913.91
2025-10-26 00:00:00+00:00,18.02,18.69,17.69,18.55,3365251.69,18.522,21.42,17.76355,46.84574099902052,-0.9542592335153444,-1.1191752170995355,0.16491598358419113,21.957011499252914,15.086988500747081,6198696.512
2025-10-27 00:00:00+00:00,18.54,19.06,18.08,18.22,3943961.89,18.3435,21.304,17.79425,45.260130186147855,-0.8761479051740331,-1.070569754714435,0.19442184954040198,21.43447573591249,15.252524264087508,6103649.4785
2025-10-28 00:00:00+00:00,18.21,18.83,17.43,17.83,4096933.57,18.1035,21.21066666666667,17.8202,43.39090945441154,-0.8360760906026492,-1.023671021892078,0.18759493128942872,20.49131301612998,15.715686983870023,6168969.8455
2025-10-29 00:00:00+00:00,17.83,18.67,17.54,18.13,5416675.72,17.9105,21.121,17.8451,45.2635847153941,-0.7712212376979721,-0.9731810650532569,0.20195982735528473,19.50166906706978,16.319330932930217,6273751.3455
2025-10-30 00:00:00+00:00,18.14,18.43,16.32,16.8,6399161.49,17.884999999999998,21.014333333333333,17.866,39.08975909038294,-0.8177170510894847,-0.9420882622605025,0.12437121117101779,19.529305324445467,16.24069467555453,5397723.227
2025-10-31 00:00:00+00:00,16.8,17.46,16.73,17.24,3731444.08,17.887,20.926499999999997,17.88905,41.912517357694384,-0.8097269669821046,-0.915616003204823,0.10588903622271839,19.528061851363233,16.245938148636768,5011384.0375
2025-11-01 00:00:00+00:00,17.24,17.44,17.04,17.14,1754292.31,17.794,20.820666666666668,17.91355,41.442449244598826,-0.8022164798098572,-0.8929360985258299,0.09071961871597267,19.382186387046467,16.205813612953534,4733082.57
2025-11-02 00:00:00+00:00,17.15,17.64,16.99,17.58,2182107.95,17.681,20.718833333333333,17.939700000000002,44.39739520403979,-0.7520904117426035,-0.8647669611691847,0.11267654942658123,18.9628720684997,16.399127931500303,4439717.273
2025-11-03 00:00:00+00:00,17.59,17.66,14.51,15.25,8552762.39,17.4885,20.601,17.95325,34.476023242117975,-0.8901159662569462,-0.8698367621867371,-0.02027920407020911,18.996548739265304,15.980451260734693,4494232.951
2025-11-04 00:00:00+00:00,15.25,15.51,13.69,14.68,10850755.72,17.319499999999998,20.474333333333334,17.96385,32.559160326002456,-1.0335819594945974,-0.9025858016483093,-0.13099615784628815,19.235793036046324,15.40320696395367,4811271.5825000005
2025-11-05 00:00:00+00:00,14.69,15.4,13.98,15.09,5894032.13,17.2025,20.355999999999998,17.9746,35.34385375837212,-1.1014988264529357,-0.9423684066092346,-0.15913041984370113,19.349384952669713,15.055615047330287,4855805.763499999
2025-11-06 00:00:00+00:00,15.08,15.24,14.24,14.74,3839934.18,17.108999999999998,20.227166666666665,17.9819,34.0512759860453,-1.1700775817456162,-0.987910241636511,-0.18216734010910518,19.499965495359483,14.718034504640514,4656010.161
2025-11-07 00:00:00+00:00,14.74,16.23,14.31,15.79,5993232.84,17.057499999999997,20.106333333333332,17.9953,41.02000319777839,-1.1267124745618666,-1.015670688221582,-0.11104178634028461,19.51460296894526,14.600397031054737,4860299.8915
2025-11-08 00:00:00+00:00,15.79,16.03,15.12,15.51,4114455.99,16.9685,19.980666666666664,18.002200000000002,39.81187474635967,-1.1022331173716147,-1.0329831740515887,-0.06924994332002599,19.512868487463955,14.424131512536045,4871058.523
2025-11-09 00:00:00+00:00,15.52,16.13,15.02,15.93,3070400.01,16.832,19.853333333333335,18.00675,42.54537043669766,-1.0369887991470996,-1.033784299070691,-0.0032045000764087117,19.290199340981033,14.373800659018967,4657040.040999999
2025-11-10 00:00:00+00:00,15.92,16.67,15.79,16.36,4747415.9,16.7695,19.71816666666667,18.01325,45.28515611044813,-0.939751925334189,-1.0149778243233905,0.0752258989892014,19.20888906285971,14.33011093714029,4524614.87
2025-11-11 00:00:00+00:00,16.36,16.8,15.25,15.28,4143466.43,16.673499999999997,19.554,18.015050000000002,40.11146950732036,-0.9390136119441976,-0.9997849818475519,0.0607713699033543,19.18754276017723,14.159457239822762,4494357.086499999
2025-11-12 00:00:00+00:00,15.28,16.25,14.92,15.15,4424573.31,16.559,19.391833333333334,18.0165,39.52609681491305,-0.9381045218301676,-0.9874488898440751,0.049344368013907514,19.130901242271865,13.987098757728138,4548202.634
2025-11-13 00:00:00+00:00,15.15,16.02,14.14,14.54,5949252.14,16.3915,19.232666666666667,18.0164,36.81142297586377,-0.9753625905803727,-0.9850316299913346,0.009669039410961977,19.030327580574284,13.752672419425716,4690259.922
2025-11-14 00:00:00+00:00,14.55,14.61,13.58,13.81,6599254.26,16.180999999999997,19.07016666666667,18.0103,33.81805529040069,-1.0516717602213568,-0.9983596560373391,-0.05331210418401766,18.93574064114927,13.426259358850725,4953468.2
2025-11-15 00:00:00+00:00,13.81,14.34,13.79,14.14,2552274.78,15.960500000000001,18.914499999999997,18.008,36.33823716452022,-1.0731484970030802,-1.0133174242304874,-0.05983107277259281,18.62598663474411,13.295013365255894,4912819.3545
2025-11-16 00:00:00+00:00,14.14,14.54,13.4,13.73,5401879.85,15.735999999999999,18.743499999999997,18.00515,34.5765506673056,-1.1104519403847384,-1.0327443274613377,-0.07770761292340067,18.35843703451569,13.113562965484311,4985715.2524999995
2025-11-17 00:00:00+00:00,13.73,14.29,13.08,13.33,5381203.2,15.511000000000001,18.555333333333337,17.9981,32.900716853088994,-1.1589323938560092,-1.0579819407402722,-0.10095045311573703,18.148323643392942,12.873676356607062,5049928.734
2025-11-18 00:00:00+00:00,13.34,14.0,13.06,13.79,4903240.7,15.294,18.394000000000002,17.9938,36.70027941404695,-1.1470132916599294,-1.0757882109242036,-0.07122508073572575,17.740968737029426,12.847031262970575,5024256.983000001
2025-11-19 00:00:00+00:00,13.8,13.83,12.77,13.53,5275849.25,15.130500000000001,18.2305,17.99025,35.47744336179451,-1.1453443279261375,-1.0896994343245905,-0.05564489360154701,17.59006479890231,12.670935201097691,4968091.371
2025-11-20 00:00:00+00:00,13.53,14.0,12.77,12.93,7252067.4,14.914999999999997,18.063333333333336,17.985599999999998,32.76435999728504,-1.178847626107057,-1.1075290726810838,-0.07131855342597326,17.352650508173664,12.477349491826331,5144122.537
2025-11-21 00:00:00+00:00,12.94,13.22,11.61,12.11,10358430.4,14.663499999999999,17.904333333333334,17.977899999999998,29.449700024557046,-1.2570755933302031,-1.1374383768109078,-0.11963721651929538,17.16801811732303,12.158981882676969,5574329.4415
2025-11-22 00:00:00+00:00,12.12,12.31,11.74,12.17,3456903.63,14.393,17.7485,17.96965,30.00766872189422,-1.2992533386665102,-1.1698013691820284,-0.1294519694844818,16.742945531283492,12.043054468716509,5638069.2255
2025-11-23 00:00:00+00:00,12.17,12.75,12.11,12.53,4334135.56,14.257,17.59733333333333,17.9632,33.4105912585042,-1.2887743261674185,-1.1935959605791064,-0.09517836558831205,16.705575912647845,11.808424087352153,5427137.884000001
2025-11-24 00:00:00+00:00,12.52,13.21,12.3,12.97,4496999.27,14.1715,17.477833333333333,17.94865,37.415592092859264,-1.2307776716320333,-1.2010323027896919,-0.02974536884234147,16.673853092590896,11.669146907409104,5109450.0615
2025-11-25 00:00:00+00:00,12.97,13.22,12.55,13.09,4555186.5,14.071499999999997,17.344833333333334,17.93405,38.50194783838455,-1.1617400913364229,-1.193173860499038,0.0314337691626152,16.578883297383786,11.564116702616207,5042507.779999999
2025-11-26 00:00:00+00:00,13.08,13.51,12.75,13.46,3028988.41,14.007500000000002,17.220666666666666,17.914649999999998,41.85341736417139,-1.0648959461893046,-1.1675182776370914,0.10262233144778676,16.508698712617452,11.50630128738255,5001960.4915000005
2025-11-27 00:00:00+00:00,13.45,13.57,13.23,13.34,1701459.82,13.885,17.081666666666667,17.89585,41.07164517094248,-0.9864579869294339,-1.1313062194955599,0.144848232566126,16.261892929855946,11.508107070144053,4787371.8405
2025-11-28 00:00:00+00:00,13.33,13.55,13.04,13.13,2123209.77,13.766,16.938166666666667,17.8778,39.67499105893195,-0.9305141956354692,-1.0911478147235418,0.1606336190880726,16.041709999098998,11.490290000901002,4687809.529499999
2025-11-29 00:00:00+00:00,13.12,13.22,12.91,12.99,1416097.99,13.619,16.799666666666663,17.8558,38.72944760561834,-0.8872475307113028,-1.0503677579210942,0.16312022720979136,15.686915859023076,11.551084140976924,4605094.4285
2025-11-30 00:00:00+00:00,12.99,13.42,12.93,12.95,1500368.36,13.4485,16.639166666666668,17.835500000000003,38.44751225241914,-0.8464289467312707,-1.0095799956831295,0.16315104895185883,15.105874731314291,11.791125268685708,4442742.0515
2025-12-01 00:00:00+00:00,12.95,12.99,11.74,12.07,5522451.03,13.288,16.460833333333333,17.815649999999998,32.79187164153248,-0.8750020909437097,-0.9826644147352457,0.10766232379153595,14.821956974624484,11.754043025375516,4511691.2815000005
2025-12-02 00:00:00+00:00,12.07,13.59,11.98,13.47,4969655.99,13.203999999999999,16.310333333333332,17.8042,46.320457767690186,-0.7757360120110768,-0.941278734190412,0.1655427221793352,14.48384999120955,11.924150008790448,4538945.4155
2025-12-03 00:00:00+00:00,13.47,14.75,13.43,14.64,7868526.73,13.209,16.187499999999996,17.8008,54.55371215037033,-0.5957898132802573,-0.8721809500083811,0.2763911367281239,14.510290129063879,11.90770987093612,4634909.1450000005
2025-12-04 00:00:00+00:00,14.64,14.93,13.97,14.25,3758770.08,13.231,16.05833333333333,17.792650000000002,51.706801526321925,-0.47912780785548037,-0.793570321577801,0.3144425137223207,14.585959778000472,11.876040221999528,4492884.936
2025-12-05 00:00:00+00:00,14.25,14.4,13.36,13.59,3480586.8,13.2035,15.895333333333332,17.7817,47.21619953467315,-0.4349153784445505,-0.721839332951151,0.28692395450660046,14.504811261766026,11.902188738233974,4539300.537
2025-12-06 00:00:00+00:00,13.59,14.08,13.49,13.92,1853489.23,13.213,15.764166666666666,17.772750000000002,49.57430627656731,-0.3689949237386152,-0.6512704511086439,0.2822755273700287,14.53219824135688,11.893801758643118,4361881.006
2025-12-07 00:00:00+00:00,13.91,14.18,13.17,13.65,3292175.7,13.229,15.6145,17.7605,47.696778551610876,-0.3346812350232682,-0.5879526078915688,0.2532713728683006,14.561184671882652,11.896815328117347,4257429.631
2025-12-08 00:00:00+00:00,13.65,14.29,13.56,13.76,2670832.64,13.227500000000001,15.477333333333332,17.7456,48.55167702309503,-0.29520833092978194,-0.5294037524992115,0.23419542156942952,14.557219895315962,11.89778010468404,4145809.228
2025-12-09 00:00:00+00:00,13.76,15.01,13.53,14.41,3722324.34,13.2715,15.429,17.74,53.39884567932598,-0.2090662171137474,-0.4653362454221187,0.2562700283083713,14.693389939481637,11.849610060518362,4068132.9824999995
2025-12-10 00:00:00+00:00,14.41,14.89,13.94,14.1,4263150.6,13.330000000000002,15.377333333333333,17.7338,50.93417334181848,-0.16392278073806565,-0.4050535524853081,0.24113077174724246,14.786722348287109,11.873277651712895,3918687.1425000005
2025-12-11 00:00:00+00:00,14.09,14.21,13.4,14.07,3338662.89,13.428,15.295166666666665,17.72645,50.690337944103874,-0.12907908807064494,-0.3498586596023755,0.22077957153173056,14.80475851186732,12.051241488132682,3567698.767
2025-12-12 00:00:00+00:00,14.06,14.35,13.27,13.63,2772453.23,13.501,15.191666666666666,17.7169,47.12687506657729,-0.13540862699992573,-0.3069686530818856,0.17156002608195986,14.752317705460577,12.249682294539422,3533476.247
2025-12-13 00:00:00+00:00,13.64,13.97,13.6,13.74,1138943.54,13.5615,15.102333333333332,17.70605,48.10899344773007,-0.13004962044024282,-0.2715848465535571,0.14153522611331426,14.733682153079945,12.389317846920056,3373716.646
2025-12-14 00:00:00+00:00,13.74,13.8,13.09,13.28,1444630.59,13.577000000000002,15.022666666666668,17.694000000000003,44.395223978893284,-0.16106407831581748,-0.2494806929060092,0.0884166145901917,14.725444164946271,12.428555835053732,3221098.2120000003
2025-12-15 00:00:00+00:00,13.28,13.74,12.47,12.85,3683730.69,13.565000000000001,14.946333333333333,17.683,41.19398713072286,-0.21782966122897918,-0.2431504865706032,0.025320825341624026,14.738294506932995,12.391705493067008,3177525.4215
2025-12-16 00:00:00+00:00,12.86,13.13,12.55,12.93,3079222.23,13.538499999999999,14.885,17.67815,42.031477842722126,-0.2534399650928094,-0.24520838227504446,-0.008231582817764954,14.743593772284601,12.333406227715397,3180037.1125
2025-12-17 00:00:00+00:00,12.93,13.18,12.12,12.27,4482766.86,13.485,14.809166666666666,17.66965,37.31053856361886,-0.3311011437315017,-0.26238693456633594,-0.06871420916516574,14.809665995637815,12.160334004362184,3319102.4645000002
2025-12-18 00:00:00+00:00,12.26,12.88,11.74,11.93,4358098.12,13.425,14.719833333333334,17.659000000000002,35.12200733299878,-0.41529607122641643,-0.2929687618983521,-0.12232730932806435,14.907814890672169,11.942185109327832,3430846.882
2025-12-19 00:00:00+00:00,11.93,12.76,11.84,12.54,3247113.51,13.4025,14.617833333333333,17.65135,41.72634254787498,-0.42786707058879614,-0.31994842363644094,-0.1079186469523552,14.924181635559524,11.880818364440476,3522397.6580000008
2025-12-20 00:00:00+00:00,12.54,12.72,12.48,12.56,931824.28,13.383,14.533666666666667,17.6436,41.93504647974368,-0.43124472455546226,-0.34220768382024525,-0.08903704073521701,14.937028313770089,11.82897168622991,3493970.454
2025-12-21 00:00:00+00:00,12.55,12.71,12.22,12.44,1465467.53,13.401499999999999,14.454333333333333,17.63665,40.98655015322523,-0.43854921442045125,-0.3614759899402865,-0.07707322448016474,14.90039659416489,11.902603405835107,3291121.279
2025-12-22 00:00:00+00:00,12.44,12.95,12.33,12.58,2293793.13,13.357,14.373333333333333,17.6351,42.61724023186615,-0.42810630232697555,-0.3748020524176243,-0.05330424990935123,14.897390859489597,11.816609140510401,3157328.136
2025-12-23 00:00:00+00:00,12.58,12.7,12.07,12.39,2796573.57,13.244499999999999,14.281666666666668,17.62925,40.962912676827436,-0.4302025244494452,-0.38588214682398847,-0.04432037762545671,14.720975194508558,11.76802480549144,2903730.4779999997
2025-12-24 00:00:00+00:00,12.39,12.44,12.01,12.28,1615917.48,13.146,14.186,17.6215,39.99493586627726,-0.43571719962289457,-0.3958491573837697,-0.03986804223912488,14.603743461655403,11.688256538344598,2796587.848
2025-12-25 00:00:00+00:00,12.27,12.43,11.99,12.07,1333620.15,13.070000000000002,14.078,17.6132,38.14188407222599,-0.4518245126548237,-0.4070442284379805,-0.044780284216843214,14.584608860398971,11.555391139601033,2689239.5155
2025-12-26 00:00:00+00:00,12.06,12.54,12.02,12.19,1924237.68,12.983500000000001,13.9775,17.602349999999998,39.856695904735204,-0.4497225554843425,-0.4155798938472529,-0.034142661637089566,14.491641571603626,11.475358428396376,2692776.938
2025-12-27 00:00:00+00:00,12.18,12.55,12.16,12.52,1069666.97,12.926999999999998,13.889000000000001,17.587699999999998,44.41976979933033,-0.4166258932512381,-0.41578909372805,-0.0008367995231881031,14.415571126953306,11.43842887304669,2581651.5015000002
2025-12-28 00:00:00+00:00,12.52,12.6,12.32,12.5,1277287.38,12.863999999999999,13.795166666666667,17.57575,44.20089186061861,-0.38754302804579943,-0.41013988059159995,0.022596852545800516,14.31232869197535,11.415671308024647,2511974.2385
2025-12-29 00:00:00+00:00,12.5,13.03,12.25,12.3,2954854.09,12.7585,13.720166666666666,17.5674,41.97355393134788,-0.3762952786336111,-0.4033709602000022,0.027075681566391063,14.03862929034493,11.478370709655069,2473600.726
2025-12-30 00:00:00+00:00,12.31,12.61,12.26,12.42,1646109.08,12.6745,13.639833333333334,17.5623,43.80334490379537,-0.35362202449433155,-0.3934211730588681,0.039799148564536535,13.802994129359567,11.546005870640434,2342748.65
2025-12-31 00:00:00+00:00,12.42,12.55,12.19,12.21,1623004.35,12.581500000000002,13.557666666666668,17.5576,41.34618358965668,-0.3485803350747343,-0.38445300546204136,0.03587267038730707,13.52625975782153,11.636740242178474,2256965.7229999998
2026-01-01 00:00:00+00:00,12.2,12.64,12.15,12.6,1298317.35,12.53,13.474666666666668,17.554100000000002,47.26280053422645,-0.3095467569246253,-0.36947175575455815,0.05992499882993285,13.343732142660583,11.716267857339416,2183258.929
2026-01-02 00:00:00+00:00,12.61,13.43,12.58,13.27,3912084.12,12.506499999999999,13.441666666666666,17.55265,55.55701526058622,-0.22199000188480156,-0.33997540498060685,0.1179854030958053,13.19689915990605,11.816100840093949,2321915.958
2026-01-03 00:00:00+00:00,13.27,13.37,12.97,13.23,1815555.33,12.504000000000001,13.417499999999999,17.55385,55.00085808091797,-0.15405248723098275,-0.3027908214306821,0.14873833419969934,13.18345272094457,11.824547279055432,2340462.195
2026-01-04 00:00:00+00:00,13.24,13.58,13.21,13.43,1896532.62,12.533000000000001,13.389833333333334,17.555449999999997,57.30238946604338,-0.08311508985570093,-0.25885567511568586,0.17574058525998493,13.311359813967156,11.754640186032846,2251102.2915
2026-01-05 00:00:00+00:00,13.42,14.13,13.4,13.9,4109474.72,12.5815,13.375833333333333,17.5596,62.195736296728185,0.010902701134684278,-0.20490399986561184,0.21580670100029611,13.55034002807429,11.61265997192571,2302614.916
2026-01-06 00:00:00+00:00,13.91,14.24,13.47,14.04,4765607.39,12.67,13.346666666666666,17.567249999999998,63.536271914714725,0.0956072074532539,-0.1448017584018387,0.2404089658550926,13.816019197046456,11.523980802953544,2316756.9425
2026-01-07 00:00:00+00:00,14.03,14.04,13.29,13.44,3137962.62,12.7455,13.312166666666666,17.5743,54.6003228874547,0.11301834821619927,-0.09323773707823112,0.2062560852944304,13.885508333302443,11.605491666697556,2255750.1675
2026-01-08 00:00:00+00:00,13.45,13.56,13.03,13.21,2702515.67,12.779,13.266833333333333,17.5821,51.60416315388272,0.10702401863484567,-0.05318538593561575,0.16020940457046143,13.93218515425712,11.62581484574288,2228520.2755
2026-01-09 00:00:00+00:00,13.22,13.45,13.03,13.14,2260152.41,12.807999999999998,13.213166666666668,17.5837,50.69242999584834,0.0955239140496289,-0.023443525938566828,0.11896743998819573,13.966854606928331,11.649145393071665,2294936.682
2026-01-10 00:00:00+00:00,13.14,13.26,13.07,13.13,1031188.16,12.842500000000001,13.177333333333333,17.58225,50.55501507327623,0.0846275481888501,-0.0018293111130834455,0.08645685930193354,13.996551558639833,11.688448441360169,2273222.7134999996
2026-01-11 00:00:00+00:00,13.14,13.37,13.05,13.21,1177324.14,12.874,13.145,17.58265,51.68341154549191,0.08150785928722826,0.014838122966978897,0.06666973632024936,14.03205699341571,11.715943006584292,2217399.264
2026-01-12 00:00:00+00:00,13.21,13.52,12.93,13.08,2177683.73,12.9085,13.120666666666667,17.58335,49.69858946608807,0.06776442371715596,0.02542338311701431,0.042341040600141655,14.047785302283426,11.769214697716574,2186454.7720000003
2026-01-13 00:00:00+00:00,13.08,14.18,13.05,14.06,3292078.9,12.997499999999999,13.124833333333331,17.5884,61.653861290698956,0.13440116879795916,0.04721894025320328,0.08718222854475588,14.202686707526698,11.792313292473299,2270262.843
2026-01-14 00:00:00+00:00,14.06,14.4,13.85,14.11,3393667.12,13.0995,13.124333333333333,17.592,62.14816609240761,0.18906641159576232,0.0755884345217151,0.11347797707404722,14.318655035259692,11.88034496474031,2373265.1914999997
2026-01-15 00:00:00+00:00,14.11,14.22,13.56,13.8,3074233.52,13.180000000000001,13.1255,17.5925,57.22300725795773,0.20501135781517021,0.10147301918040613,0.10353833863476408,14.36030504531628,11.999694954683722,2430764.9835
2026-01-16 00:00:00+00:00,13.8,13.87,13.43,13.73,1843762.86,13.2405,13.132166666666668,17.594250000000002,56.141090624031875,0.20958347969288127,0.12309511128290115,0.08648836840998012,14.403194714875351,12.07780528512465,2469469.778
2026-01-17 00:00:00+00:00,13.73,13.9,13.63,13.75,931201.13,13.303,13.1315,17.5985,56.39476603945443,0.2123726523356133,0.1409506194934436,0.07142203284216972,14.433700667727352,12.17229933227265,2452165.4655
2026-01-18 00:00:00+00:00,13.74,13.88,13.3,13.32,1741389.83,13.354000000000003,13.127999999999998,17.5973,49.734366448386304,0.1778357060889153,0.14832763681253794,0.029508069276377363,14.38692594119767,12.321074058802335,2391492.2525000004
2026-01-19 00:00:00+00:00,13.31,13.32,12.37,12.88,4620041.93,13.377,13.127166666666666,17.59335,44.00703287467942,0.11365051223650191,0.14139221189733076,-0.027741699660828845,14.34410082204447,12.40989917795553,2540188.895
2026-01-20 00:00:00+00:00,12.88,12.91,12.03,12.12,2563317.41,13.372499999999999,13.127333333333333,17.58815,36.24332006700842,0.001441024036045846,0.11340197432507379,-0.11196095028902794,14.361860904826488,12.38313909517351,2587204.548
2026-01-21 00:00:00+00:00,12.13,12.66,11.89,12.4,2945663.72,13.3625,13.131166666666667,17.584,40.414124453766064,-0.06415263223537693,0.07789105301298366,-0.14204368524836058,14.386333482554214,12.338666517445787,2669571.8665
2026-01-22 00:00:00+00:00,12.4,12.58,12.12,12.27,1814067.05,13.3125,13.126833333333332,17.57795,39.13409652850071,-0.12518295971600324,0.03727625046718627,-0.1624592101831895,14.441763034017798,12.183236965982202,2564671.013
2026-01-23 00:00:00+00:00,12.26,12.5,12.04,12.22,1371389.49,13.262,13.114333333333333,17.571849999999998,38.627347998578955,-0.1755607609077643,-0.005291151807803839,-0.17026960909996045,14.48771774891248,12.03628225108752,2542462.721
2026-01-24 00:00:00+00:00,12.22,12.28,12.13,12.2,873927.83,13.2005,13.0995,17.56305,38.413078195439276,-0.21462529732971092,-0.04715798091218526,-0.16746731641752566,14.507090601527146,11.893909398472854,2491332.4815
2026-01-25 00:00:00+00:00,12.21,12.22,11.36,11.52,2941954.24,13.0815,13.067166666666667,17.549400000000002,31.928171568176225,-0.29703055751978624,-0.09713249623370546,-0.19989806128608079,14.536660128645318,11.626339871354682,2432956.4575000005
2026-01-26 00:00:00+00:00,11.53,12.13,11.51,11.95,2032874.78,12.976999999999999,13.044000000000002,17.533,38.94716271673935,-0.32390612538927677,-0.14248722206481973,-0.18141890332445704,14.441965528604358,11.512034471395639,2296319.827
2026-01-27 00:00:00+00:00,11.94,12.19,11.84,12.03,2172577.81,12.9065,13.025666666666666,17.51675,40.18293539905448,-0.3348894777042446,-0.1809676731927047,-0.1539218045115399,14.410737680687145,11.402262319312854,2248050.5864999997
2026-01-28 00:00:00+00:00,12.03,12.07,11.69,11.84,1644483.52,12.838,13.0065,17.500400000000003,38.20504703694431,-0.35483495911677565,-0.2157411303775189,-0.13909382873925674,14.404213267725387,11.271786732274611,2195148.9790000003
2026-01-29 00:00:00+00:00,11.85,11.87,10.83,11.13,3626057.88,12.7375,12.976166666666668,17.47775,31.88845261213436,-0.4230562341936377,-0.2572041511407427,-0.165852083052895,14.463140460814195,11.011859539185807,2263444.2525
2026-01-30 00:00:00+00:00,11.13,11.17,10.51,10.79,4786187.32,12.6205,12.954833333333333,17.452949999999998,29.38311987920345,-0.4988073045906827,-0.30552478183073073,-0.19328252275995195,14.531211647527961,10.709788352472039,2451194.2105
2026-01-31 00:00:00+00:00,10.79,10.84,8.97,9.99,9723508.97,12.4595,12.896833333333335,17.42235,24.504719357860225,-0.6162896839092724,-0.3676777622464391,-0.2486119216628333,14.664389793164048,10.254610206835952,2878503.4520000005
2026-02-01 00:00:00+00:00,9.99,10.08,9.22,9.41,5435399.92,12.276,12.809666666666667,17.38605,21.6927140971968,-0.7475788450972356,-0.4436579788165984,-0.3039208662806372,14.827418429030992,9.724581570969008,3041389.2615
2026-02-02 00:00:00+00:00,9.4,10.04,9.02,9.81,7134765.79,12.063500000000001,12.735666666666669,17.3451,27.842559478441544,-0.8100124745738757,-0.5169288779680539,-0.29308359660582184,14.69196171743074,9.435038282569263,3233523.6059999997
2026-02-03 00:00:00+00:00,9.8,9.9,9.08,9.49,5840286.03,11.8325,12.667333333333335,17.3034,26.078096374165725,-0.8752238654792333,-0.5885878754702898,-0.28663599000894346,14.512484141743926,9.152515858256073,3355854.5515
2026-02-04 00:00:00+00:00,9.49,9.78,9.02,9.25,5382703.22,11.605,12.5895,17.2577,24.808265802784717,-0.9354866490605893,-0.6579676301883497,-0.2775190188722396,14.349984517260324,8.860015482739676,3471278.0365000004
2026-02-05 00:00:00+00:00,9.26,9.36,7.85,7.92,12548184.43,11.314499999999999,12.494,17.20095,19.22227953420142,-1.0781371302247802,-0.7420015301956358,-0.33613560002914444,14.316182694756202,8.312817305243795,4006499.1149999998
2026-02-06 00:00:00+00:00,7.92,9.01,7.15,8.88,11728958.3,11.071,12.412666666666667,17.14785,31.2546468226696,-1.1010326681143905,-0.8138077577793867,-0.28722491033500375,14.032748807714595,8.109251192285404,4546386.9735
2026-02-07 00:00:00+00:00,8.88,9.05,8.58,8.91,6639108.5,10.8505,12.321,17.0941,31.59754555345826,-1.1040302243741777,-0.871852251098345,-0.23217797327583278,13.765951766021658,7.935048233978343,4791272.907000001
2026-02-08 00:00:00+00:00,8.91,9.05,8.72,8.83,2536395.22,10.648,12.233166666666667,17.04735,31.1513220634055,-1.1001789624765852,-0.9175175933739931,-0.18266136910259212,13.533921689859024,7.762078310140975,4687090.571500001
2026-02-09 00:00:00+00:00,8.83,9.02,8.44,8.83,2810980.42,10.483500000000001,12.145833333333334,17.00195,31.1513220634055,-1.0846239400499638,-0.9509388627091873,-0.1336850773407765,13.390039351187035,7.576960648812967,4699473.722
2026-02-10 00:00:00+00:00,8.84,8.89,8.47,8.57,2423078.44,10.292,12.061499999999999,16.953400000000002,29.576957502983134,-1.080817310626827,-0.9769145522927153,-0.10390275833411178,13.172795723406766,7.411204276593233,4673344.458000001
2026-02-11 00:00:00+00:00,8.57,8.62,8.13,8.33,4013442.3,10.094999999999999,11.971333333333336,16.903,28.162088419057355,-1.0846632014135213,-0.9984642821168765,-0.0861989192966448,12.946515386596868,7.2434846134031305,4783313.220500001
2026-02-12 00:00:00+00:00,8.32,8.6,8.17,8.41,2312895.87,9.904499999999999,11.890166666666666,16.84885,29.3748778409623,-1.0689337631248819,-1.0125581783184776,-0.056375584806404255,12.670489696292929,7.1385103037070685,4830388.5395
2026-02-13 00:00:00+00:00,8.41,8.91,8.3,8.77,2312791.37,9.733,11.822166666666668,16.8021,34.7160357446665,-1.0157105990739534,-1.013188662469573,-0.0025219366043804925,12.32849686957982,7.137503130420183,4902331.7165
2026-02-14 00:00:00+00:00,8.76,9.21,8.75,9.09,2831707.88,9.6115,11.758166666666666,16.7584,39.12320894194187,-0.936909423830933,-0.9979328147418449,0.06102339091091191,12.085680874551942,7.137319125448057,4896819.3985
2026-02-15 00:00:00+00:00,9.1,9.25,8.6,8.79,3072824.5,9.4535,11.700166666666666,16.713800000000003,36.62683870769668,-0.8884252047792103,-0.976031292749318,0.08760608797010772,11.703604664231998,7.203395335768002,4948816.8845
2026-02-16 00:00:00+00:00,8.79,8.99,8.65,8.94,1897487.0,9.299,11.650333333333332,16.6739,38.731894757365886,-0.8283486775474707,-0.9464947697089486,0.11814609216147798,11.220602456284485,7.377397543715514,4935062.344
2026-02-17 00:00:00+00:00,8.93,9.0,8.66,8.82,1822045.86,9.148,11.588333333333333,16.637649999999997,37.654319126395585,-0.781412951909525,-0.913478406149064,0.13206545423953897,10.682895436177509,7.613104563822491,4943940.461000001
2026-02-18 00:00:00+00:00,8.83,9.0,8.52,8.6,1800699.08,9.0215,11.522333333333334,16.6024,35.693685147832156,-0.7532848141372384,-0.8814396877466989,0.12815487360946054,10.273015481325949,7.76998451867405,4852672.521
2026-02-19 00:00:00+00:00,8.6,8.76,8.35,8.58,1710735.8,8.911,11.458,16.5638,35.51265252811578,-0.7242580986274714,-0.8500033699228535,0.12574527129538215,9.875839883088643,7.946160116911357,4698899.945
2026-02-20 00:00:00+00:00,8.58,9.02,8.45,8.95,3124444.03,8.859,11.3975,16.523,41.43086644344322,-0.6637470468904478,-0.8127521053163724,0.1490050584259246,9.6881899661709,8.0298100338291,4368946.698000001
2026-02-21 00:00:00+00:00,8.95,9.05,8.85,8.87,1904565.08,8.831999999999999,11.338833333333332,16.48545,40.56404363035297,-0.6151558006931719,-0.7732328443917323,0.15807704369856046,9.621901259651162,8.042098740348836,4192404.9560000002
2026-02-22 00:00:00+00:00,8.87,8.9,8.6,8.69,1310299.33,8.776,11.279,16.445549999999997,38.60683244516708,-0.5844343878526495,-0.7354731530839158,0.15103876523126636,9.427257245639911,8.124742754360089,3901181.633
2026-02-23 00:00:00+00:00,8.69,8.7,8.17,8.26,4307602.85,8.7145,11.2155,16.39445,34.343740707928006,-0.5880066782157414,-0.705979858110281,0.11797317989453959,9.314749114950178,8.11425088504982,3824547.4739999995
2026-02-24 00:00:00+00:00,8.27,8.34,8.05,8.19,2590017.43,8.6615,11.148833333333332,16.33595,33.691518826409535,-0.5896885959849367,-0.6827216056852121,0.0930330097002754,9.250338687586392,8.072661312413608,3684913.1845
2026-02-25 00:00:00+00:00,8.2,9.59,8.18,9.27,5682666.11,8.729,11.094666666666667,16.2726,49.59610198868965,-0.4981323937131119,-0.6458037632907921,0.14767136957768023,9.269921436068561,8.188078563931438,3341637.2685000002
2026-02-26 00:00:00+00:00,9.27,9.34,8.86,9.09,3368687.02,8.7395,11.037833333333333,16.207749999999997,47.54905173569353,-0.4350825783296237,-0.6036595262985585,0.16857694796893474,9.299552676092596,8.179447323907404,2923623.7045
2026-02-27 00:00:00+00:00,9.1,9.3,8.55,8.71,2186732.81,8.7295,10.978000000000002,16.14595,43.46993850794323,-0.41103975911658175,-0.5651355728621632,0.15409581374558146,9.2841341136267,8.174865886373299,2701004.92
2026-02-28 00:00:00+00:00,8.71,8.95,8.21,8.85,4572875.45,8.7305,10.9185,16.0722,45.33072414028976,-0.3763504875494803,-0.5273785557996267,0.15102806825014636,9.28592686287078,8.17507313712922,2802828.9315
2026-03-01 00:00:00+00:00,8.85,9.21,8.54,8.67,3557448.24,8.7225,10.859499999999999,15.995649999999998,43.35474360926212,-0.35924236324420633,-0.4937513172885426,0.13450895404433627,9.276571295050081,8.16842870494992,2840152.3225000002
2026-03-02 00:00:00+00:00,8.67,9.27,8.59,8.96,3615246.46,8.741999999999999,10.798833333333334,15.928149999999999,47.33765269705259,-0.318610728950965,-0.45872319962102714,0.14011247067006216,9.300662688926401,8.183337311073597,2899760.7235
2026-03-03 00:00:00+00:00,8.95,9.02,8.56,8.8,2444530.23,8.7655,10.724333333333334,15.86335,45.43930736996191,-0.29590946870468393,-0.42616045343775855,0.13025098473307462,9.29144581469813,8.239554185301868,2821315.12
2026-03-04 00:00:00+00:00,8.81,9.64,8.68,9.35,4234226.0,8.8125,10.659666666666668,15.7969,52.492108593543904,-0.2308767494951507,-0.38710371264923704,0.15622696315408635,9.370025784155754,8.254974215844246,2917381.6265000002
2026-03-05 00:00:00+00:00,9.35,9.49,9.07,9.21,3411090.96,8.8345,10.589333333333334,15.714749999999999,50.695708793939914,-0.1884622059606702,-0.3473754113115237,0.15891320535085351,9.417714368820327,8.251285631179673,2972296.606
2026-03-06 00:00:00+00:00,9.2,9.3,8.67,8.8,2220301.94,8.82,10.504333333333333,15.629850000000001,45.757065613871006,-0.18579027349393407,-0.31505838374800577,0.1292681102540717,9.39138428399676,8.24861571600324,2941726.309
2026-03-07 00:00:00+00:00,8.8,8.86,8.64,8.7,1183315.17,8.8155,10.415333333333335,15.55555,44.61544319707294,-0.18955681901436705,-0.28995807080127806,0.100401251786911,9.389171508790954,8.241828491209047,2847250.8425000003
2026-03-08 00:00:00+00:00,8.7,8.78,8.4,8.52,2230662.96,8.794500000000001,10.333333333333334,15.4659,42.557209635215486,-0.20470659890628085,-0.2729077764222786,0.06820117751599775,9.3790502544679,8.209949745532102,2863909.6405
2026-03-09 00:00:00+00:00,8.51,9.1,8.51,8.87,3227979.6,8.797,10.261000000000001,15.38615,47.617504787163014,-0.18632301792237982,-0.2555908247222988,0.06926780679991901,9.382392176236143,8.211607823763858,2934206.3275
2026-03-10 00:00:00+00:00,8.87,9.19,8.85,8.99,3158638.13,8.8165,10.191833333333333,15.297150000000002,49.26765375968294,-0.1602239385996942,-0.23651744749777792,0.07629350889808373,9.400324459917954,8.232675540082045,3002103.2800000003
2026-03-11 00:00:00+00:00,8.98,9.18,8.86,8.99,2870982.98,8.837,10.122833333333334,15.2107,49.26765375968294,-0.13795002814916302,-0.21680396362805496,0.07885393547889194,9.414930791703032,8.259069208296967,3060115.639
2026-03-12 00:00:00+00:00,8.99,9.11,8.83,9.05,2618504.7,8.841999999999999,10.053500000000001,15.12685,50.177775434483415,-0.11414055382866906,-0.1962712816681778,0.08213072783950875,9.425458653203886,8.258541346796111,3034818.6725
2026-03-13 00:00:00+00:00,9.06,9.6,9.02,9.08,4660242.88,8.852500000000001,9.986833333333333,15.05535,50.65444479486711,-0.09179249783593235,-0.17537552490172872,0.08358302706579637,9.445083327472599,8.259916672527403,3172602.5625
2026-03-14 00:00:00+00:00,9.08,9.18,8.92,9.17,1876782.32,8.876500000000002,9.905333333333335,14.9793,52.13398685571113,-0.06605778162697007,-0.15351197624677698,0.08745419461980691,9.47960115237703,8.273398847622973,3200926.7120000003
2026-03-15 00:00:00+00:00,9.17,9.56,9.11,9.5,3028709.92,8.9385,9.8285,14.9079,57.20117715035065,-0.018817673125623102,-0.12657311562254622,0.10775544249692312,9.530184882347447,8.346815117652552,3136982.0655
2026-03-16 00:00:00+00:00,9.5,10.08,9.41,9.92,6674046.47,9.025,9.763833333333332,14.831600000000002,62.62429874565848,0.05191252781560962,-0.09087598693491505,0.14278851475052468,9.658071875854969,8.391928124145032,3341183.5175
2026-03-17 00:00:00+00:00,9.92,10.03,9.68,9.79,3821697.74,9.051,9.698166666666667,14.7634,60.08641033520612,0.09636596128448893,-0.05342759729103426,0.14979355857552318,9.760306703759758,8.341693296240242,3248135.0990000004
2026-03-18 00:00:00+00:00,9.79,9.93,9.08,9.22,3501468.16,9.057500000000001,9.622666666666666,14.691949999999999,50.43524103279516,0.08462587683663791,-0.025816902465499825,0.11044277930213774,9.770490182259572,8.34450981774043,3254774.156
2026-03-19 00:00:00+00:00,9.23,9.34,8.89,9.04,3762569.79,9.074000000000002,9.551333333333334,14.62115,47.82294537746697,0.06010443315998337,-0.008632635340403188,0.06873706850038656,9.769108624603767,8.378891375396236,3333566.005
2026-03-20 00:00:00+00:00,9.05,9.21,8.96,9.12,2825699.88,9.0875,9.488666666666667,14.554200000000002,49.08516444958586,0.04658929143998414,0.002411750015674277,0.04417754142430986,9.775129987710354,8.399870012289647,3246207.2265
2026-03-21 00:00:00+00:00,9.11,9.17,8.76,8.82,1541020.98,9.095,9.433666666666666,14.48085,44.716589397061334,0.01153794916431572,0.004236989845402566,0.007300959318913154,9.76735407338585,8.422645926614152,3145385.8635
2026-03-22 00:00:00+00:00,8.82,8.97,8.57,8.68,3112411.45,9.081,9.371666666666668,14.405800000000001,42.802128999874,-0.02722350645524685,-0.0020551094147273174,-0.02516839704051953,9.775316930514112,8.386683069485887,3120244.1130000004
2026-03-23 00:00:00+00:00,8.69,9.29,8.58,9.11,6135696.2,9.0965,9.318999999999999,14.339749999999999,49.897315481982226,-0.022979934573646332,-0.0062400744465111214,-0.01673986012713521,9.77876900852856,8.414230991471442,3304802.4115000004
2026-03-24 00:00:00+00:00,9.1,9.27,9.01,9.25,3558808.47,9.0915,9.2695,14.2746,51.9856463178628,-0.008225228004603125,-0.006637105158129522,-0.0015881228464736021,9.767703371774012,8.415296628225988,3271031.535
2026-03-25 00:00:00+00:00,9.25,9.5,9.17,9.37,2945718.74,9.0995,9.222333333333333,14.210500000000001,53.76454547850944,0.01300111164925788,-0.0027094617966520428,0.015710573445909922,9.784845898067935,8.414154101932066,3247762.9239999996
2026-03-26 00:00:00+00:00,9.37,9.39,8.81,8.91,3050140.21,9.105,9.178833333333333,14.1427,46.632270573456076,-0.007211882771782641,-0.0036099459916781626,-0.003601936780104478,9.782362532177965,8.427637467822036,3289254.8375
2026-03-27 00:00:00+00:00,8.92,8.98,8.48,8.57,3065203.64,9.0985,9.122499999999999,14.070349999999998,42.178489299996464,-0.050088594836450895,-0.012905675760632711,-0.03718291907581818,9.793547480391478,8.403452519608521,3383349.261
2026-03-28 00:00:00+00:00,8.57,8.7,8.37,8.44,2100702.76,9.0945,9.062666666666667,13.997300000000001,40.58249906918108,-0.09348102058698693,-0.029020744725903557,-0.06446027586108337,9.803597313489863,8.385402686510137,3376851.2509999997
2026-03-29 00:00:00+00:00,8.43,8.59,8.2,8.42,1505046.94,9.072,9.005666666666665,13.92155,40.329665257489985,-0.12800806616832539,-0.04881820901438792,-0.07918985715393746,9.834695220909726,8.309304779090272,3290704.618
2026-03-30 00:00:00+00:00,8.42,8.93,8.4,8.62,2979309.11,9.0535,8.963833333333332,13.842299999999998,44.08144220034556,-0.13764597292101577,-0.0665837617957135,-0.07106221112530227,9.840806166620416,8.266193833379583,3281738.1670000004
2026-03-31 00:00:00+00:00,8.63,8.89,8.5,8.78,2519101.5,9.043,8.930333333333332,13.76055,46.95486017873588,-0.13086489162559012,-0.07943998776168883,-0.05142490386390129,9.838967336012308,8.24703266398769,3264144.093
2026-04-01 00:00:00+00:00,8.78,9.2,8.74,8.94,3121335.95,9.0375,8.912833333333333,13.68085,49.736374722788725,-0.1112972080850092,-0.08581143182635291,-0.025485776258656292,9.834717034438258,8.240282965561741,3289285.6555
2026-04-02 00:00:00+00:00,8.94,9.01,8.42,8.63,3321091.67,9.015,8.899833333333333,13.60355,44.83132203035724,-0.11942740236990801,-0.09253462593506394,-0.02689277643484407,9.831321015286587,8.198678984713414,3222328.0949999997
2026-04-03 00:00:00+00:00,8.63,8.81,8.59,8.65,1234713.25,8.988999999999999,8.8805,13.528999999999998,45.20676972369853,-0.12284077507323587,-0.09859585576269833,-0.024244919310537544,9.816958936178914,8.161041063821084,3190224.6415
2026-04-04 00:00:00+00:00,8.65,8.78,8.61,8.69,766284.03,8.9485,8.867166666666666,13.455049999999998,45.998320554648615,-0.12092429186275844,-0.10306154298271036,-0.017862748880048074,9.75137670286197,8.145623297138028,3077103.347
2026-04-05 00:00:00+00:00,8.7,8.87,8.47,8.82,1344492.41,8.8935,8.859999999999998,13.3792,48.597317292347235,-0.10767434869941894,-0.1039841041260521,-0.0036902445733668493,9.56211872543214,8.22488127456786,2810625.6440000003
2026-04-06 00:00:00+00:00,8.83,9.15,8.72,8.81,2682459.36,8.8445,8.874833333333333,13.300149999999999,48.40433208063554,-0.09686400179139554,-0.1025600836591208,0.005696081867725258,9.371850926801581,8.317149073198419,2753663.725
2026-04-07 00:00:00+00:00,8.8,9.42,8.57,9.29,5126596.75,8.848,8.881666666666666,13.22925,57.19181460910468,-0.048999895219109746,-0.09184804597111859,0.042848150752008846,9.386092928775772,8.30990707122423,2834920.1545
2026-04-08 00:00:00+00:00,9.29,9.34,8.84,8.85,3690230.33,8.8385,8.880666666666666,13.156799999999999,48.960110560547,-0.046040838557413366,-0.08268660448837754,0.03664576593096418,9.369358738270819,8.30764126172918,2831303.1815
2026-04-09 00:00:00+00:00,8.85,9.19,8.68,8.95,3835280.7,8.83,8.882666666666665,13.08675,50.69695769862806,-0.03522059942295286,-0.0731934034752926,0.03797280405233974,9.34784167464437,8.31215832535563,2881782.2225
2026-04-10 00:00:00+00:00,8.95,9.18,8.88,9.09,2333686.56,8.843499999999999,8.886999999999999,13.02395,53.103033698806364,-0.015173738569195905,-0.06158947049407326,0.04641573192487736,9.373529244474762,8.313470755525236,2921415.5015000002
2026-04-11 00:00:00+00:00,9.09,9.28,8.95,9.06,1746125.68,8.8625,8.895166666666666,12.961650000000002,52.51165021500539,-0.0016877508510777517,-0.049609126565474164,0.04792137571439641,9.394961266195478,8.330038733804523,2853101.213
2026-04-12 00:00:00+00:00,9.06,9.09,8.68,8.73,2866517.68,8.8435,8.901833333333334,12.8973,46.39145566944626,-0.017427358754533273,-0.04317277300328599,0.025745414248752714,9.366310673187234,8.320689326812767,2689642.287
2026-04-13 00:00:00+00:00,8.73,9.44,8.69,9.36,3781621.19,8.849,8.917666666666666,12.843399999999999,56.75400763112027,0.02069605224708404,-0.030399007953211987,0.05109506020029603,9.390771169405026,8.307228830594974,2700782.923
2026-04-14 00:00:00+00:00,9.36,9.39,8.93,9.02,3609432.01,8.8315,8.921833333333334,12.78315,51.0219231583533,0.023206461980578297,-0.019677913966453933,0.04288437594703223,9.325312717534173,8.337687282465827,2733968.5865
2026-04-15 00:00:00+00:00,9.02,9.37,8.99,9.26,2334789.83,8.849,8.924666666666667,12.7249,54.51420171099183,0.04405414525348128,-0.006931502122466888,0.05098564737594817,9.376367044854424,8.321632955145576,2698201.0675
2026-04-16 00:00:00+00:00,9.26,9.68,9.11,9.59,4082356.17,8.9,8.937999999999999,12.664449999999999,58.85809300221535,0.08621054502281034,0.011696907306588556,0.07451363771622178,9.501631116215329,8.298368883784672,2749058.694
2026-04-17 00:00:00+00:00,9.6,9.87,9.34,9.62,3135331.69,8.959,8.949333333333332,12.60385,59.23919208960851,0.12064976940022909,0.03348747972531667,0.08716228967491242,9.59884060514984,8.319159394850159,2800790.1405
2026-04-18 00:00:00+00:00,9.61,9.65,9.26,9.28,2589699.09,9.001999999999999,8.957,12.54375,53.22208525308389,0.11913463443210581,0.0506169106666745,0.0685177237654313,9.605741666607933,8.398258333392064,2855022.748
2026-04-19 00:00:00+00:00,9.29,9.38,9.0,9.06,2962475.44,9.024000000000001,8.964666666666666,12.47615,49.704060339269624,0.0990400456743803,0.060301537668215666,0.03873850800616463,9.601975778037914,8.446024221962087,2854181.0645
2026-04-20 00:00:00+00:00,9.06,9.41,9.05,9.29,2478133.2,9.0495,8.976499999999998,12.40875,53.18787631821407,0.10051533886220732,0.068344297907014,0.03217104095519331,9.627166859010051,8.471833140989949,2852132.6495000003
2026-04-21 00:00:00+00:00,9.29,9.49,9.24,9.4,2477296.66,9.072500000000002,8.984000000000002,12.343250000000001,54.80040108615081,0.10930065017617885,0.07653556836084698,0.03276508181533187,9.667273065965958,8.477726934034045,2819930.685
2026-04-22 00:00:00+00:00,9.4,9.56,9.28,9.29,2289309.75,9.1055,8.991000000000001,12.279649999999998,52.840214967560335,0.10616320861104356,0.0824610964108863,0.023702112200157263,9.670919313429026,8.540080686570972,2768341.589
2026-04-23 00:00:00+00:00,9.29,9.39,9.14,9.35,2304122.04,9.1405,9.002,12.2164,53.810720485031695,0.10728158677384414,0.08742519448347787,0.019856392290366273,9.674596433238943,8.606403566761056,2821812.0285
2026-04-24 00:00:00+00:00,9.35,9.45,9.24,9.38,1230308.17,9.175,9.020666666666667,12.14645,54.31693675243284,0.10932838918887278,0.09180583342455685,0.017522555764315925,9.676378100836654,8.673621899163347,2845013.2355
2026-04-25 00:00:00+00:00,9.38,9.45,9.28,9.34,833162.6,9.200999999999999,9.039833333333332,12.084200000000001,53.47540136704622,0.10649521855462041,0.09474371045056958,0.011751508104050831,9.679451669449042,8.722548330550955,2819446.745
2026-04-26 00:00:00+00:00,9.35,9.54,9.3,9.48,1246448.8,9.2345,9.043333333333331,12.01845,56.04238981195619,0.11422996841605126,0.09864096204366593,0.015589006372385333,9.692123207451923,8.776876792548078,2747646.2169999997
2026-04-27 00:00:00+00:00,9.48,9.6,9.15,9.33,1926098.43,9.2365,9.047333333333334,11.955149999999998,52.68809172320542,0.10702237963607786,0.10031724556214833,0.006705134073929531,9.69542374094024,8.777576259059758,2587621.301
2026-04-28 00:00:00+00:00,9.32,9.34,9.15,9.24,1122921.4,9.256,9.056166666666666,11.9148,50.72629465156218,0.09297629293226883,0.09884905503617243,-0.005872762103903598,9.679339107570502,8.832660892429498,2459255.8545
2026-04-29 00:00:00+00:00,9.24,9.42,8.91,9.11,1885066.76,9.264,9.0605,11.87435,47.94909227214795,0.07054159488304812,0.09318756300554758,-0.022645968122499457,9.669581064645024,8.858418935354974,2361745.1575
2026-04-30 00:00:00+00:00,9.12,9.19,9.02,9.11,1204783.23,9.265,9.067833333333335,11.8249,47.949092272147944,0.05216065943271353,0.08498218229098077,-0.03282152285826724,9.668955443085734,8.861044556914267,2305299.991
2026-05-01 00:00:00+00:00,9.11,9.28,9.06,9.1,1306158.03,9.267,9.070166666666665,11.771199999999999,47.716033882466334,0.03636749736270417,0.07525924530532545,-0.03889174794262128,9.667254918768766,8.866745081231233,2283301.6085
2026-05-02 00:00:00+00:00,9.09,9.25,9.06,9.17,1264435.03,9.288999999999998,9.076333333333334,11.72155,49.56405626283801,0.029163538505999398,0.06604010394546024,-0.03687656543946084,9.609118727972287,8.968881272027708,2203197.4760000003
2026-05-03 00:00:00+00:00,9.18,9.22,9.07,9.13,1338148.69,9.2775,9.072666666666667,11.6769,48.508923820927706,0.01999617998856884,0.05683131915408197,-0.03683513916551313,9.603068733140322,8.951931266859678,2081023.8509999998
2026-05-04 00:00:00+00:00,9.13,9.66,9.09,9.36,6132997.73,9.2945,9.075166666666666,11.636550000000002,54.50608809848488,0.030933478244273616,0.051651750972120304,-0.02071827272784669,9.599358983791847,8.989641016208152,2207202.1369999996
2026-05-05 00:00:00+00:00,9.35,9.85,9.35,9.76,3715634.06,9.3195,9.091166666666668,11.6023,62.6529001639944,0.07105890020251238,0.055533180818198725,0.01552571938431365,9.684929883833552,8.954070116166447,2276244.3485
2026-05-06 00:00:00+00:00,9.76,10.26,9.75,9.99,4810816.94,9.3395,9.112666666666666,11.568150000000001,66.38087791662447,0.12003398691962275,0.06843334203848353,0.05160064488113922,9.79471313689151,8.884286863108489,2312667.3869999996
2026-05-07 00:00:00+00:00,9.99,10.13,9.8,9.85,2649305.39,9.350999999999999,9.134833333333331,11.53095,62.304092198492036,0.14586878150516824,0.08392042993182047,0.06194835157334777,9.844027382605276,8.857972617394722,2288366.0719999997
2026-05-08 00:00:00+00:00,9.85,10.5,9.77,10.34,4564781.91,9.404,9.159333333333333,11.48935,69.3899397595776,0.20353571422598016,0.10784348679065242,0.09569222743532774,10.057035986756183,8.750964013243816,2387120.213
2026-05-09 00:00:00+00:00,10.34,10.61,10.28,10.37,2407310.32,9.4695,9.182333333333332,11.45315,69.7646729215361,0.24879002659440985,0.1360327947514039,0.11275723184300596,10.225978023473674,8.713021976526326,2359361.957
2026-05-10 00:00:00+00:00,10.38,10.87,10.28,10.72,3089040.35,9.541,9.211166666666665,11.42075,73.79526774692144,0.30933069837486826,0.17069237547609678,0.13863832289877148,10.46734550789576,8.614654492104242,2389907.3145
2026-05-11 00:00:00+00:00,10.71,10.76,10.4,10.6,3055981.1,9.600999999999999,9.237,11.38655,70.33337343481817,0.34366506289374676,0.20528691295962676,0.13837814993412,10.632521206761481,8.569478793238517,2418841.5365000004
2026-05-12 00:00:00+00:00,10.59,10.6,10.09,10.28,3241110.31,9.6505,9.257,11.348500000000001,61.982908454800366,0.34112172953510367,0.23245387627472214,0.10866785326038153,10.712149188761838,8.58885081123816,2466431.5645
2026-05-13 00:00:00+00:00,10.29,10.81,10.03,10.21,4519819.65,9.6935,9.274333333333335,11.30945,60.29645735723943,0.3296576167380483,0.2518946243673874,0.07776299237066087,10.772504633909735,8.614495366090265,2577216.4450000003
2026-05-14 00:00:00+00:00,10.21,10.77,10.09,10.48,4564747.64,9.7485,9.290666666666665,11.269100000000002,64.3280701464405,0.3384574415638504,0.26920718780668,0.06925025375717037,10.869308190547649,8.627691809452351,2743938.4184999997
2026-05-15 00:00:00+00:00,10.48,10.57,9.96,10.07,2721083.62,9.785,9.293166666666668,11.228349999999999,55.16722631074346,0.3087882736460177,0.27712340497454757,0.031664868671470114,10.897735368359747,8.672264631640253,2838334.4695
2026-05-16 00:00:00+00:00,10.07,10.1,9.61,9.72,2595532.92,9.797,9.292,11.1878,48.78086708074331,0.25410401646086633,0.27251952727181133,-0.018415510810945,10.901465481578626,8.692534518421375,2905788.6755000004
2026-05-17 00:00:00+00:00,9.71,9.85,9.34,9.57,2565815.45,9.809000000000001,9.297833333333333,11.145,46.30672757517442,0.1963986409857661,0.2572953500146023,-0.060896709028836205,10.898016069669639,8.719983930330363,2937774.5265
2026-05-18 00:00:00+00:00,9.57,9.62,9.31,9.6,2891343.19,9.827,9.307166666666665,11.109000000000002,46.88694481806442,0.1513428779669752,0.2361048556050769,-0.0847619776381017,10.889376581066578,8.764623418933422,3026195.616
2026-05-19 00:00:00+00:00,9.61,9.83,9.43,9.45,2071257.97,9.844,9.312666666666667,11.070049999999998,44.30875441932316,0.10235226160789956,0.20935433680564147,-0.10700207519774191,10.870204657950213,8.817795342049786,3035505.1765
2026-05-20 00:00:00+00:00,9.45,9.702,9.38,9.636,2376629.51,9.8703,9.326266666666667,11.03253,48.11838535017635,0.07764049937092743,0.1830115693186987,-0.10537106994777126,10.845610637693817,8.894989362306184,3094097.4905000003
2026-05-21 00:00:00+00:00,9.635,9.858,9.52,9.757,2527652.98,9.90315,9.344216666666664,10.993415,50.49105228496256,0.0670470617280472,0.1598186678005684,-0.09277160607252119,10.81463741625912,8.99166258374088,3155172.238
2026-05-22 00:00:00+00:00,9.755,10.034,9.363,9.42,3220426.02,9.915650000000001,9.349383333333332,10.964265000000001,44.40070109708568,0.031100099908375256,0.13407495422212976,-0.1029748543137545,10.7927869961407,9.038513003859302,3252971.7875
2026-05-23 00:00:00+00:00,9.42,9.784,9.059,9.565,2926211.26,9.9374,9.354633333333332,10.938690000000001,47.343770198467816,0.014149060307113714,0.11008977543912656,-0.09594071513201284,10.755091237569985,9.119708762430015,3332374.916
2026-05-24 00:00:00+00:00,9.566,9.651,9.25,9.431,1792800.33,9.940949999999999,9.355649999999999,10.910395000000001,44.97447732417658,-0.009982370267175966,0.08607534629786605,-0.09605771656504201,10.74914464858333,9.132755351416668,3115365.046
2026-05-25 00:00:00+00:00,9.431,9.672,9.368,9.506,1446609.84,9.92825,9.365583333333332,10.884224999999999,46.58569651677432,-0.02279209655452874,0.06430185772738709,-0.08709395428191583,10.755184791866162,9.101315208133839,3001913.835
2026-05-26 00:00:00+00:00,9.506,9.686,9.341,9.386,2173457.1,9.898050000000001,9.379183333333334,10.852205,44.34815710650191,-0.04214111747419658,0.043013262687070355,-0.08515438016126693,10.757245780947933,9.03885421905207,2870045.8430000003
2026-05-27 00:00:00+00:00,9.386,9.484,9.099,9.136,2170733.63,9.862350000000001,9.390783333333333,10.820335,40.034048651929005,-0.07676338608676758,0.01905793293230277,-0.09582131901907034,10.783654352534342,8.94104564746566,2846117.255
2026-05-28 00:00:00+00:00,9.135,9.153,8.762,9.004,3033197.69,9.79555,9.400516666666668,10.785705,37.935679216999354,-0.1135442132209814,-0.007462496298354066,-0.10608171692262734,10.761301412113234,8.829798587886767,2769538.044
2026-05-29 00:00:00+00:00,9.004,9.146,8.795,9.022,1804362.15,9.72815,9.407216666666667,10.749015,38.40975484504619,-0.13963125199313353,-0.03389624743730996,-0.10573500455582358,10.712112453551297,8.744187546448702,2739390.6355
2026-05-30 00:00:00+00:00,9.022,9.315,9.019,9.191,1810225.21,9.6517,9.414066666666667,10.71857,42.82552717623376,-0.14499709431327368,-0.056116416812502706,-0.08888067750077097,10.54933937079357,8.75406062920643,2675449.8785
2026-05-31 00:00:00+00:00,9.192,9.301,8.993,9.148,1489356.43,9.5791,9.417533333333333,10.68856,42.00041171871452,-0.15097891272007047,-0.07508891599401626,-0.0758899967260542,10.388767561409411,8.76943243859059,2597118.645
2026-06-01 00:00:00+00:00,9.15,9.214,8.847,9.057,2341895.34,9.51795,9.424650000000002,10.661145,40.23372373558215,-0.16120422443228932,-0.09231197768167088,-0.06889224675061845,10.290523485177072,8.74537651482293,2552157.8965
2026-06-02 00:00:00+00:00,9.058,9.073,8.246,8.374,3545280.43,9.42615,9.42005,10.633964999999998,30.025318088873547,-0.22186275384291854,-0.1182221329139204,-0.10364062092899813,10.280022654438955,8.572277345561044,2503430.9355
2026-06-03 00:00:00+00:00,8.374,8.616,8.105,8.334,3833638.15,9.318850000000001,9.414116666666667,10.604935000000001,29.552401617163255,-0.2700497754171387,-0.14858766141456406,-0.12146211400257464,10.155201427331004,8.482498572668998,2466875.461
2026-06-04 00:00:00+00:00,8.334,8.399,7.799,8.018,6626895.71,9.21625,9.40075,10.576375,26.060291941366046,-0.3299336267882005,-0.18485685448929134,-0.14507677229890914,10.155916722832401,8.2765832771676,2662166.0654999996
2026-06-05 00:00:00+00:00,8.017,8.041,7.119,7.366,8169750.85,9.09855,9.376683333333334,10.546555000000001,20.640718535571295,-0.42510264279927945,-0.23290601215128898,-0.19219663064799047,10.307472077719883,7.889627922280116,2940876.9620000003
2026-06-06 00:00:00+00:00,7.367,7.469,6.996,7.394,4160221.87,8.989749999999999,9.345083333333333,10.514575,21.39671823704066,-0.49258716938574487,-0.28484224359818017,-0.2077449257875647,10.386456107238933,7.593043892761065,3020597.283
2026-06-07 00:00:00+00:00,7.395,8.035,7.373,7.918,3242185.42,8.90565,9.329550000000001,10.486514999999999,34.05717524665407,-0.4980455629291498,-0.32748290746437414,-0.17056265546477567,10.347088625123705,7.464211374876294,3038139.3945
2026-06-08 00:00:00+00:00,7.918,8.128,7.722,7.998,2747819.9,8.83305,9.313683333333334,10.461855,35.7584257338405,-0.4902645827944472,-0.36003924253038877,-0.1302253402640584,10.303480069740994,7.362619930259006,3071967.4909999995
2026-06-09 00:00:00+00:00,7.997,8.028,7.65,7.838,2516406.38,8.743149999999998,9.292816666666665,10.440494999999999,33.87604242662448,-0.4913448452781495,-0.386300363079941,-0.1050444821982085,10.226024138286348,7.260275861713649,3078956.3345
2026-06-10 00:00:00+00:00,7.838,7.901,7.481,7.561,2121138.84,8.63335,9.267833333333332,10.417449999999999,30.84838601358524,-0.5086886994146305,-0.41077803034687893,-0.09791066906775153,10.124862289590153,7.141837710409847,3058630.6275000004
2026-06-11 00:00:00+00:00,7.56,7.988,7.56,7.887,1989382.71,8.5567,9.253783333333333,10.394235000000002,37.88455171887102,-0.49047446890145174,-0.4267173180577935,-0.06375715084365824,10.036143151999577,7.077256848000422,2997078.462
2026-06-12 00:00:00+00:00,7.888,8.011,7.753,7.867,1277280.29,8.4718,9.228900000000001,10.368719999999998,37.63157346282209,-0.47221004933811805,-0.43581586431385844,-0.03639418502425962,9.904183831240225,7.039416168759775,2914631.9135000003
2026-06-13 00:00:00+00:00,7.867,8.05,7.858,7.987,1101007.63,8.399600000000001,9.211683333333331,10.343205000000001,40.211313750649204,-0.44294635823478856,-0.43724196309804453,-0.005704395136744034,9.775777808278573,7.023422191721431,2880042.2785
2026-06-14 00:00:00+00:00,7.987,8.184,7.783,8.181,1281649.82,8.33335,9.1937,10.31681,44.22769524670806,-0.39949535969816274,-0.42969264241806815,0.030197282719905405,9.614381658468437,7.052318341531562,2871794.2775
2026-06-15 00:00:00+00:00,8.181,8.6,8.105,8.3,2679280.93,8.279050000000002,9.1722,10.29161,46.59747327091049,-0.3514070234122251,-0.4140355186168996,0.0626284952046745,9.465581158460825,7.092518841539178,2897085.4689999996
2026-06-16 00:00:00+00:00,8.299,8.484,8.094,8.277,1683716.24,8.236099999999999,9.149816666666668,10.267345,46.1889724489396,-0.31156109585586655,-0.393540634064693,0.08197953820882642,9.355745283113528,7.116454716886469,2872734.5995
2026-06-17 00:00:00+00:00,8.277,8.418,7.937,8.092,2003833.12,8.1905,9.130016666666666,10.242854999999999,42.929028011453,-0.2915500575042351,-0.3731425187526014,0.08159246124836628,9.254223178274483,7.126776821725518,2821266.371
2026-06-18 00:00:00+00:00,8.093,8.137,7.772,8.016,1944282.09,8.1402,9.112616666666666,10.218185,41.629169183467965,-0.27861206383838066,-0.3542364277697573,0.07562436393137661,9.134784455940446,7.145615544059553,2828262.368
2026-06-19 00:00:00+00:00,8.015,8.044,7.764,7.95,1395665.73,8.07815,9.090283333333334,10.197584999999998,40.48278408680082,-0.2705653501248104,-0.33750221224076793,0.06693686211595751,8.95004248763729,7.206257512362712,2807534.394
2026-06-20 00:00:00+00:00,7.949,8.017,7.824,7.987,1100953.38,8.020100000000001,9.066733333333332,10.17017,41.45610680364267,-0.2582260120287092,-0.3216469721983562,0.06342096016964699,8.740837927403803,7.2993620725962,2788114.2415
2026-06-21 00:00:00+00:00,7.989,8.011,7.769,7.783,810700.71,7.9563999999999995,9.041616666666666,10.135885,37.78692731546209,-0.2618891971439741,-0.3096954171874798,0.04780622004350571,8.50361418110125,7.409185818898748,2711554.5100000002
2026-06-22 00:00:00+00:00,7.784,8.155,7.782,7.874,1811967.26,7.931399999999999,9.017016666666667,10.104004999999999,40.32424178671825,-0.2545154624377677,-0.2986594262375374,0.0441439637997697,8.44464785435334,7.418152145646658,2624888.8515
2026-06-23 00:00:00+00:00,7.873,7.916,7.479,7.635,2137775.28,7.89645,8.987933333333332,10.07423,36.15375071271856,-0.2649033858168046,-0.29190821815339085,0.027004832336586237,8.390100270939154,7.402799729060846,2540095.7079999996
2026-06-24 00:00:00+00:00,7.636,7.7,7.123,7.426,3068067.09,7.8668499999999995,8.956033333333334,10.04176,32.94494891099423,-0.2866955948936374,-0.2908656935014402,0.004170098607802819,8.397411692923917,7.336288307076082,2362154.277
2026-06-25 00:00:00+00:00,7.427,7.553,7.01,7.248,2447276.45,7.86095,8.918833333333334,10.009749999999999,30.464966302001656,-0.31470150690661214,-0.2956328561824746,-0.019068650724137548,8.415730488119664,7.306169511880336,2076030.557
2026-06-26 00:00:00+00:00,7.248,7.402,7.016,7.354,2237870.38,7.85895,8.8859,9.97772,33.66723973934867,-0.32460127834804275,-0.30142654061558827,-0.023174737732454487,8.420694238954251,7.297205761045748,1979912.9825
2026-06-27 00:00:00+00:00,7.355,7.478,7.248,7.297,893777.5,7.8279,8.853516666666668,9.942155,32.79268814434863,-0.3332053582141423,-0.3077823041352991,-0.02542305407884321,8.439586488324112,7.216213511675887,1862492.5865000002
2026-06-28 00:00:00+00:00,7.296,7.358,7.16,7.268,1202857.43,7.7914,8.822816666666665,9.907995,32.33251085425502,-0.33846262468229327,-0.31391836824469793,-0.024544256437595335,8.443889202974484,7.138910797025517,1785244.4630000002
2026-06-29 00:00:00+00:00,7.269,7.501,7.179,7.38,2327543.93,7.7685,8.793983333333331,9.874545,36.06413112047308,-0.3297899687848922,-0.31709268835273685,-0.012697280432155345,8.444562275236736,7.092437724763265,1775801.3405000002
2026-06-30 00:00:00+00:00,7.379,7.397,7.121,7.201,2050584.78,7.7505,8.762333333333334,9.8424,32.93782178035323,-0.3335160649474984,-0.32037736367168923,-0.013138701275809184,8.46573716346277,7.035262836537231,1772273.6375
2026-07-01 00:00:00+00:00,7.202,7.539,7.076,7.358,2182908.79,7.72405,8.732133333333334,9.810490000000001,38.013400758249496,-0.3201104016566916,-0.3203239712686897,0.0002135696119981434,8.456068162341797,6.992031837658203,1781949.9415
2026-07-02 00:00:00+00:00,7.359,7.944,7.306,7.747,2820823.47,7.71805,8.709083333333332,9.782824999999999,48.42827888419307,-0.274928068290313,-0.31124479067301436,0.03631672238270134,8.447244754505448,6.988855245494552,1859127.1005
2026-07-03 00:00:00+00:00,7.747,8.04,7.721,7.975,2022350.48,7.7174499999999995,8.686,9.75845,53.37322629010711,-0.21820768666947288,-0.2926373698723061,0.07442968320283322,8.445777803944253,6.989122196055745,1905194.243
2026-07-04 00:00:00+00:00,7.975,8.176,7.883,8.006,1115987.28,7.7087,8.656766666666668,9.73383,54.0187942048312,-0.16880900948312227,-0.26787169779446934,0.09906268831134707,8.418510988924698,6.998889011075303,1896911.116
2026-07-05 00:00:00+00:00,8.006,8.151,7.833,8.063,984056.66,7.6968499999999995,8.62465,9.712795,55.245776904226204,-0.12363558422905108,-0.23902447508138572,0.11538889085233464,8.373938258647463,7.019761741352536,1812149.9024999999
