date,open,high,low,close,volume,MA20,MA60,RSI,MACD,SIGNAL,HIST
2021-06-19 00:00:00+00:00,1.4164,1.4411,1.3834,1.3839,145492869.0,,,,0.0,0.0,0.0
2021-06-20 00:00:00+00:00,1.384,1.46,1.306,1.4263,269372753.54,,,100.0,0.0033823361823361875,0.0006764672364672375,0.00270586894586895
2021-06-21 00:00:00+00:00,1.4262,1.4371,1.1672,1.174,512064782.95,,,68.59987554449285,-0.014132726195404288,-0.0022853714499070678,-0.01184735474549722
2021-06-22 00:00:00+00:00,1.1738,1.2634,1.0001,1.1567,907361654.28,,,67.04529505880592,-0.02907435368570921,-0.007643167897067496,-0.021431185788641713
2021-06-23 00:00:00+00:00,1.1563,1.31,1.108,1.2512,490479573.3,,,70.92170115856452,-0.0329109637856837,-0.012696727074790738,-0.020214236710892963
2021-06-24 00:00:00+00:00,1.2513,1.3998,1.2006,1.3604,427028527.81,,,74.63471896835497,-0.02683069006018579,-0.01552351967186975,-0.01130717038831604
2021-06-25 00:00:00+00:00,1.3604,1.3971,1.2431,1.2521,548380704.22,,,65.67764591304265,-0.030400496228981888,-0.01849891498329218,-0.01190158124568971
2021-06-26 00:00:00+00:00,1.252,1.2923,1.1968,1.2521,307404658.42,,,65.67764591304265,-0.03285090851246597,-0.021369313689126937,-0.011481594823339034
2021-06-27 00:00:00+00:00,1.252,1.3499,1.241,1.338,242097878.29,,,69.090029745402,-0.027543956215908327,-0.022604242194483214,-0.004939714021425113
2021-06-28 00:00:00+00:00,1.3379,1.3506,1.3042,1.326,220547816.19,,,68.07185768248505,-0.02402946132583139,-0.022889286020752853,-0.001140175305078539
2021-06-29 00:00:00+00:00,1.3261,1.42,1.319,1.373,287571860.2,,,69.94034876500693,-0.017252811923909706,-0.021761991201384223,0.004509179277474518
2021-06-30 00:00:00+00:00,1.3731,1.3993,1.2825,1.3853,263769140.47,,,70.42808913594217,-0.010765661401903603,-0.0195627252414881,0.008797063839584496
2021-07-01 00:00:00+00:00,1.3853,1.3862,1.302,1.3313,196824530.3,,,65.41017302532066,-0.009868142771820354,-0.01762380874755455,0.007755665975734197
2021-07-02 00:00:00+00:00,1.3312,1.3959,1.285,1.3946,235621261.45,,,68.26458290232924,-0.004002928542873985,-0.014899632706618439,0.010896704163744454
2021-07-03 00:00:00+00:00,1.3947,1.4444,1.3579,1.4045,197443853.76,,,68.69962734178029,0.0014276857794386366,-0.011634169009407025,0.013061854788845662
2021-07-04 00:00:00+00:00,1.4045,1.4955,1.3815,1.4615,185325977.32,,,71.15170336614253,0.010213179213963475,-0.007264699364732925,0.0174778785786964
2021-07-05 00:00:00+00:00,1.4615,1.4616,1.3764,1.4039,210256310.91,,,65.56223522057248,0.012385139264215805,-0.0033347316389431792,0.015719870903158985
2021-07-06 00:00:00+00:00,1.4039,1.4578,1.3888,1.4157,173402604.28,,,66.14891614789687,0.014886986719379491,0.0003096120327213546,0.014577374686658137
2021-07-07 00:00:00+00:00,1.4156,1.4416,1.4,1.404,125167776.95,,,64.96710236876692,0.015744138010810982,0.0033965172283392806,0.012347620782471702
2021-07-08 00:00:00+00:00,1.404,1.4065,1.3194,1.327,175680408.72,1.341075,,57.66529485098695,0.010093824771781001,0.004735978737027625,0.005357846034753377
2021-07-09 00:00:00+00:00,1.3268,1.3746,1.2859,1.3504,160293985.2,1.3394,,59.16724454493285,0.007418578504486462,0.005272498690519392,0.0021460798139670695
2021-07-10 00:00:00+00:00,1.3504,1.366,1.3158,1.3356,93476664.31,1.3348650000000002,,57.771195287650706,0.004057418853421035,0.005029482723099722,-0.0009720638696786863
2021-07-11 00:00:00+00:00,1.3356,1.3669,1.3231,1.3485,71704260.26,1.34359,,58.68620801376294,0.0024068530999830084,0.00450495679847638,-0.0020981036984933712
2021-07-12 00:00:00+00:00,1.3485,1.3736,1.2916,1.3126,112067630.51,1.351385,,55.107560272153336,-0.0017775713860435083,0.0032484511615724024,-0.005026022547615911
2021-07-13 00:00:00+00:00,1.3126,1.3216,1.25,1.265,125015668.98,1.352075,,50.69355508508454,-0.008832860412006927,0.0008321888468565369,-0.009665049258863464
2021-07-14 00:00:00+00:00,1.2649,1.2894,1.198,1.2635,165466902.33,1.34723,,50.55613048852018,-0.014379507251015111,-0.002210150372717793,-0.012169356878297318
2021-07-15 00:00:00+00:00,1.2634,1.29,1.205,1.2258,133685795.15,1.345915,,47.100168499925616,-0.021568709107776307,-0.006081862119729496,-0.015486846988046811
2021-07-16 00:00:00+00:00,1.2258,1.245,1.1655,1.1708,159173625.74,1.34185,,42.53223893566882,-0.03134294179774266,-0.01113407805533213,-0.020208863742410533
2021-07-17 00:00:00+00:00,1.1705,1.1948,1.1497,1.1721,124485807.1,1.333555,,42.67375826270435,-0.03853992818677332,-0.01661524808162037,-0.02192468010515295
2021-07-18 00:00:00+00:00,1.1721,1.2186,1.1666,1.1813,108584207.61,1.32632,,43.72984299145843,-0.04300548814186267,-0.02189329609366883,-0.02111219204819384
2021-07-19 00:00:00+00:00,1.1814,1.1921,1.1156,1.1225,138646747.17,1.313795,,38.80887512679107,-0.050704653483977014,-0.027655567571730467,-0.023049085912246546
2021-07-20 00:00:00+00:00,1.1226,1.1362,1.0202,1.0539,283618751.18,1.297225,,34.00155674876643,-0.06163129694593006,-0.034450713446570386,-0.027180583499359673
2021-07-21 00:00:00+00:00,1.0541,1.2222,1.0366,1.1711,287296624.78,1.289215,,46.25132270142655,-0.060140418781409855,-0.03958865451353828,-0.020551764267871572
2021-07-22 00:00:00+00:00,1.1711,1.2081,1.1492,1.1856,158912321.76,1.278765,,47.54843513686018,-0.057130295788906604,-0.043096982768611944,-0.01403331302029466
2021-07-23 00:00:00+00:00,1.1857,1.2089,1.1465,1.2077,131335875.06,1.2689249999999999,,49.54694486334049,-0.05235791685416591,-0.04494916958572274,-0.007408747268443171
2021-07-24 00:00:00+00:00,1.2075,1.2487,1.1964,1.2327,142716783.01,1.257485,,51.78495875322912,-0.046027900117783016,-0.0451649156921348,-0.0008629844256482153
2021-07-25 00:00:00+00:00,1.2332,1.2388,1.19,1.2284,107934124.51,1.24871,,51.36293367467367,-0.040886970764573816,-0.044309326706622604,0.003422355942048788
2021-07-26 00:00:00+00:00,1.2283,1.3991,1.2221,1.2551,415073283.88,1.24068,,53.876467178402486,-0.03426331419707851,-0.04230012420471378,0.008036810007635273
2021-07-27 00:00:00+00:00,1.2549,1.3158,1.2136,1.2799,233094192.34,1.2344750000000002,,56.14359218132648,-0.026705026980983204,-0.039181104759967667,0.012476077778984462
2021-07-28 00:00:00+00:00,1.2797,1.32,1.2573,1.2875,201236980.03,1.2325,,56.843666327010276,-0.019872693384543894,-0.035319422484882915,0.015446729100339021
2021-07-29 00:00:00+00:00,1.2875,1.2987,1.256,1.2856,130840990.64,1.22926,,56.60041495997038,-0.01444482297839289,-0.031144502583584914,0.016699679605192023
2021-07-30 00:00:00+00:00,1.2856,1.3179,1.2467,1.3108,181649929.84,1.2280200000000001,,59.1003266686843,-0.00801734818179689,-0.02651907170322731,0.01850172352143042
2021-07-31 00:00:00+00:00,1.3109,1.3329,1.287,1.3193,122070136.42,1.2265599999999999,,59.93856716840716,-0.0022121488604549544,-0.02165768713467284,0.019445538274217886
2021-08-01 00:00:00+00:00,1.3193,1.3879,1.2984,1.3142,200978816.46,1.22664,,59.15517811118301,0.0019544562928521803,-0.016935258449167837,0.018889714742020017
2021-08-02 00:00:00+00:00,1.3145,1.35,1.2927,1.3083,124737501.38,1.228805,,58.20738026754847,0.004725962252932092,-0.012603014308747851,0.01732897656167994
2021-08-03 00:00:00+00:00,1.3082,1.3827,1.2613,1.3696,250226135.48,1.23411,,64.56070644355472,0.011733541426750316,-0.007735703161648218,0.019469244588398535
2021-08-04 00:00:00+00:00,1.3697,1.3938,1.323,1.3765,182865692.1,1.241645,,65.20195978658776,0.01764052178883868,-0.0026604581715508387,0.02030097996038952
2021-08-05 00:00:00+00:00,1.3766,1.3974,1.338,1.3859,160752874.44,1.2524000000000002,,66.10183889980783,0.022817323818522528,0.0024350982264638344,0.020382225592058694
2021-08-06 00:00:00+00:00,1.3859,1.425,1.3613,1.4025,165384665.39,1.2639200000000002,,67.69082525905738,0.027937412886582136,0.007535561158487495,0.02040185172809464
2021-08-07 00:00:00+00:00,1.4027,1.485,1.3945,1.4727,245578409.2,1.2784900000000001,,73.37478356926397,0.037230503605015564,0.01347454964779311,0.023755953957222454
2021-08-08 00:00:00+00:00,1.4726,1.4941,1.407,1.4255,201134603.12,1.29364,,65.08411435006053,0.04032189372794748,0.018844018463823983,0.021477875264123494
2021-08-09 00:00:00+00:00,1.4256,1.499,1.3933,1.4745,204393100.93,1.31467,,69.00010577019101,0.04619324617494058,0.024313864006047306,0.021879382168893277
2021-08-10 00:00:00+00:00,1.4745,1.701,1.457,1.678,356506024.51,1.340015,,79.35564954695144,0.06650050810720054,0.032751192826277954,0.033749315280922586
2021-08-11 00:00:00+00:00,1.678,1.895,1.67,1.7934,488863450.17,1.370405,,82.85358710830934,0.09085861351729374,0.04437267696448111,0.04648593655281263
2021-08-12 00:00:00+00:00,1.7934,1.869,1.6792,1.8324,431637639.2,1.40164,,83.84954088830708,0.1120182845534945,0.057901798482283794,0.0541164860712107
2021-08-13 00:00:00+00:00,1.833,2.1495,1.8212,2.1386,589994492.03,1.446935,,89.16893634236004,0.15174602357554923,0.07667064350093689,0.07507538007461234
2021-08-14 00:00:00+00:00,2.1386,2.25,2.0835,2.1878,599325581.5,1.494905,,89.75294727328908,0.18506723194239494,0.09834996118922851,0.08671727075316643
2021-08-15 00:00:00+00:00,2.1875,2.2499,2.03,2.1667,370249371.15,1.5404849999999999,,87.57213716215443,0.20738137260653433,0.12015624347268967,0.08722512913384466
2021-08-16 00:00:00+00:00,2.1667,2.2,2.0463,2.0714,313643255.53,1.58006,,78.3162863159393,0.21489836175813615,0.13910466712977898,0.07579369462835717
2021-08-17 00:00:00+00:00,2.0717,2.1414,1.9059,1.9239,361700269.73,1.61188,1.3951516666666668,66.58580443852412,0.20657237477710466,0.15259820865924412,0.053974166117860545
2021-08-18 00:00:00+00:00,1.924,2.1643,1.87,2.1043,486614298.9,1.652815,1.4071583333333335,72.09168281722486,0.21208594765775413,0.16449575645894612,0.047590191198808
2021-08-19 00:00:00+00:00,2.1045,2.455,2.0462,2.4411,661367609.97,1.70933,1.4240716666666666,79.03672596629696,0.2408560010809666,0.17976780538335024,0.061088195697616365
2021-08-20 00:00:00+00:00,2.4411,2.5817,2.3666,2.4557,619099859.32,1.76615,1.4454333333333333,79.27746671144948,0.26181651585891386,0.19617754747846297,0.06563896838045088
2021-08-21 00:00:00+00:00,2.4557,2.5288,2.3805,2.4341,297136052.16,1.8221450000000001,1.4667233333333334,77.85300284909826,0.27353183067515285,0.21164840411780098,0.06188342655735188
2021-08-22 00:00:00+00:00,2.4347,2.7212,2.4306,2.7049,485497408.99,1.891975,1.4909516666666667,82.17681308974451,0.30119560347220453,0.2295578439886817,0.07163775948352283
2021-08-23 00:00:00+00:00,2.705,2.9719,2.6849,2.9152,653707062.88,1.969255,1.516865,84.67847722864582,0.3362131393847414,0.25088890306789363,0.08532423631684777
2021-08-24 00:00:00+00:00,2.9152,2.947,2.5872,2.7187,641652294.22,2.036365,1.5413083333333333,74.19878769847082,0.34414182832607665,0.2695394881195302,0.07460234020654644
2021-08-25 00:00:00+00:00,2.7191,2.797,2.6,2.739,460928567.06,2.10402,1.56609,74.54921244616702,0.34805129312825,0.2852418491212742,0.0628094440069758
2021-08-26 00:00:00+00:00,2.7389,2.785,2.47,2.528,407754722.33,2.160295,1.5859233333333334,64.71124240316465,0.3303159587923088,0.29425667105548114,0.03605928773682765
2021-08-27 00:00:00+00:00,2.529,2.9473,2.494,2.946,472662823.39,2.23396,1.6129233333333335,72.46379932690091,0.3460011987423002,0.30460557659284493,0.04139562214945525
2021-08-28 00:00:00+00:00,2.947,2.95,2.772,2.847,243063514.39,2.305035,1.63749,68.61880802985766,0.34644973489978836,0.3129744082542336,0.03347532664555475
2021-08-29 00:00:00+00:00,2.847,2.935,2.719,2.851,274365688.0,2.37386,1.6619183333333332,68.69109360465433,0.34317209530921833,0.31901394566523056,0.02415814964398777
2021-08-30 00:00:00+00:00,2.85,2.884,2.72,2.734,240691753.9,2.4266599999999996,1.6852966666666667,64.04410190430224,0.3273600176207756,0.32068316005633957,0.006676857564436034
2021-08-31 00:00:00+00:00,2.735,2.881,2.702,2.767,251908426.3,2.47534,1.70817,64.76807201603673,0.31387351780651684,0.31932123160637504,-0.0054477137998582
2021-09-01 00:00:00+00:00,2.768,2.904,2.72,2.869,196563544.1,2.52717,1.7325783333333333,66.98108618366771,0.3078670177491172,0.31703038883492346,-0.009163371085806282
2021-09-02 00:00:00+00:00,2.87,3.101,2.834,2.96,397432179.47,2.5682400000000003,1.7575533333333335,68.86034862759017,0.3069118736272327,0.3150066857933853,-0.008094812166152598
2021-09-03 00:00:00+00:00,2.96,3.03,2.9,2.966,203828698.4,2.60715,1.7835883333333333,68.98568622624651,0.3031446026072122,0.31263426915615067,-0.009489666548938458
2021-09-04 00:00:00+00:00,2.965,2.967,2.8,2.83,192271347.0,2.640315,1.8071599999999999,62.81409604625422,0.2858893947982821,0.30728529428457696,-0.021395899486294834
2021-09-05 00:00:00+00:00,2.831,2.956,2.813,2.91,169097774.6,2.682245,1.83226,64.80849350148253,0.2754941249217895,0.3009270604120195,-0.025432935490230013
2021-09-06 00:00:00+00:00,2.911,2.927,2.8,2.833,186970542.2,2.7277,1.85736,61.39535207616888,0.2580676983812693,0.29235518800586946,-0.034287489624600154
2021-09-07 00:00:00+00:00,2.833,2.875,2.0,2.514,964890684.8,2.748185,1.8767533333333335,49.7141613190684,0.2160262793152632,0.2770894062677482,-0.061063126952485
2021-09-08 00:00:00+00:00,2.514,2.564,2.2,2.47,547581870.5,2.7496300000000002,1.8956600000000001,48.347771064945185,0.17711603612320426,0.25709473223883944,-0.07997869611563518
2021-09-09 00:00:00+00:00,2.47,2.623,2.39,2.518,411631907.8,2.752745,1.9151516666666668,49.9634506400745,0.14844144631605571,0.23536407505428272,-0.08692262873822701
2021-09-10 00:00:00+00:00,2.518,2.586,2.269,2.383,322102115.0,2.75019,1.9329916666666667,45.6394678749071,0.11351472841796495,0.21099420572701919,-0.09747947730905424
2021-09-11 00:00:00+00:00,2.384,2.8,2.367,2.638,561119335.07,2.746845,1.955875,53.77680941622424,0.10519875595173422,0.18983511577196222,-0.08463635982022799
2021-09-12 00:00:00+00:00,2.637,2.789,2.501,2.581,466822310.1,2.7301349999999998,1.977833333333333,51.90638988645503,0.09293753813971017,0.17045560024551182,-0.07751806210580164
2021-09-13 00:00:00+00:00,2.58,2.593,2.309,2.402,378841930.8,2.7143,1.9974366666666665,46.44339477173878,0.06799285138510802,0.14996305047343106,-0.08197019908832304
2021-09-14 00:00:00+00:00,2.401,2.438,2.32,2.396,214309623.2,2.69715,2.0178566666666664,46.26761455352174,0.04719581359862346,0.12940960309846955,-0.08221378949984609
2021-09-15 00:00:00+00:00,2.396,2.582,2.355,2.505,276853578.3,2.696,2.040071666666667,49.97202338945378,0.039059150790424546,0.11133951263686055,-0.072280361846436
2021-09-16 00:00:00+00:00,2.504,2.56,2.381,2.417,196390696.8,2.66955,2.0606666666666666,47.146044524263914,0.02521921097442359,0.09411545230437315,-0.06889624132994956
2021-09-17 00:00:00+00:00,2.417,2.442,2.313,2.35,130098585.4,2.6447,2.081125,45.05684661544566,0.008743825523432225,0.07704112694818496,-0.06829730142475274
2021-09-18 00:00:00+00:00,2.35,2.439,2.31,2.371,115231963.9,2.6207000000000003,2.103076666666667,45.866555965268056,-0.002588671060944847,0.06111516734635901,-0.06370383840730386
2021-09-19 00:00:00+00:00,2.371,2.397,2.259,2.283,127205837.0,2.59815,2.121608333333333,43.00635672857577,-0.018457850196158088,0.0452005638378556,-0.06365841403401368
2021-09-20 00:00:00+00:00,2.283,2.293,1.97,2.079,458599973.03,2.5637499999999998,2.1364983333333334,37.21303756206092,-0.046954126154559184,0.02676962583937264,-0.07372375199393183
2021-09-21 00:00:00+00:00,2.08,2.229,1.9101,1.986,450988800.97,2.5196,2.14947,34.90461595417345,-0.07616398194926655,0.006182904281644804,-0.08234688623091135
2021-09-22 00:00:00+00:00,1.986,2.268,1.967,2.257,262894741.0,2.48445,2.166541666666667,45.5116649103325,-0.07656299737874672,-0.010366276050433502,-0.06619672132831322
2021-09-23 00:00:00+00:00,2.257,2.346,2.179,2.327,190056984.8,2.4524999999999997,2.184851666666667,47.874367982734704,-0.07041905793029102,-0.022376832426405008,-0.04804222550388601
2021-09-24 00:00:00+00:00,2.327,2.345,2.063,2.277,382004501.6,2.42485,2.2018833333333334,46.32905760279476,-0.06879153775921854,-0.03165977349296771,-0.037131764266250825
2021-09-25 00:00:00+00:00,2.277,2.459,2.235,2.3,328389858.73,2.39435,2.2188849999999998,47.173762214259376,-0.06489770813505347,-0.03830736042138486,-0.026590347713668604
2021-09-26 00:00:00+00:00,2.299,2.301,2.147,2.207,231090029.9,2.36305,2.2342099999999996,44.14811945599849,-0.0685262153168611,-0.04435113140048011,-0.024175083916380985
2021-09-27 00:00:00+00:00,2.206,2.277,2.128,2.13,150915484.2,2.34385,2.248283333333333,41.75992697890515,-0.0767305874357489,-0.05082702260753387,-0.025903564828215028
2021-09-28 00:00:00+00:00,2.129,2.173,2.029,2.037,151911770.2,2.3221999999999996,2.2603866666666668,39.01479426795951,-0.08970289507948426,-0.05860219710192395,-0.031100697977560307
2021-09-29 00:00:00+00:00,2.037,2.15,2.02,2.066,136138441.2,2.2996000000000003,2.272831666666667,40.33197393429173,-0.09653073844617754,-0.06618790537077468,-0.030342833075402864
2021-09-30 00:00:00+00:00,2.066,2.137,2.051,2.115,124916940.9,2.2862,2.2861783333333334,42.588309179689496,-0.09687129107311732,-0.07232458251124321,-0.024546708561874103
2021-10-01 00:00:00+00:00,2.115,2.275,2.092,2.256,197157573.9,2.2671,2.3019733333333336,48.610370323435234,-0.08478629622444522,-0.07481692525388361,-0.009969370970561608
2021-10-02 00:00:00+00:00,2.255,2.322,2.192,2.247,147408004.5,2.2504,2.316596666666667,48.26238439883298,-0.07506971853703037,-0.07486748391051297,-0.00020223462651740298
2021-10-03 00:00:00+00:00,2.247,2.309,2.221,2.251,136980609.8,2.24285,2.3311716666666666,48.439051552061784,-0.06628243153364766,-0.0731504734351399,0.006868041901492247
2021-10-04 00:00:00+00:00,2.251,2.253,2.15,2.191,149496124.6,2.2325999999999997,2.3445899999999997,45.90682476522607,-0.06342877440525774,-0.07120613362916348,0.007777359223905739
2021-10-05 00:00:00+00:00,2.191,2.258,2.175,2.233,131834376.0,2.2190000000000003,2.3584316666666667,47.957731494592835,-0.0571197407644366,-0.0683888550562181,0.011269114291781498
2021-10-06 00:00:00+00:00,2.232,2.251,2.111,2.209,192646609.5,2.2085999999999997,2.370703333333333,46.864298461516135,-0.05344035838756023,-0.06539915572248653,0.011958797334926302
2021-10-07 00:00:00+00:00,2.209,2.375,2.15,2.278,254708498.4,2.205,2.3849116666666665,50.367930392841934,-0.044444370959665136,-0.061208198769922256,0.01676382781025712
2021-10-08 00:00:00+00:00,2.278,2.313,2.213,2.237,138317391.4,2.1982999999999997,2.3976199999999994,48.32874359309931,-0.040160399374167266,-0.05699863889077126,0.016838239516603994
2021-10-09 00:00:00+00:00,2.238,2.3,2.22,2.268,108667313.3,2.19755,2.4074533333333332,49.97777317556808,-0.033873408537960614,-0.05237359282020913,0.01850018428224852
2021-10-10 00:00:00+00:00,2.269,2.277,2.16,2.189,110373473.1,2.20305,2.4140466666666667,45.95298325507921,-0.03486367601913232,-0.048871609459993776,0.014007933440861459
2021-10-11 00:00:00+00:00,2.189,2.25,2.107,2.171,124908952.1,2.2123,2.41969,45.06252827575461,-0.03667811719647052,-0.04643291100728912,0.009754793810818604
2021-10-12 00:00:00+00:00,2.171,2.173,2.071,2.118,150529530.2,2.20535,2.4193466666666668,42.45394697446088,-0.04190962390582165,-0.04552825358699562,0.0036186296811739765
2021-10-13 00:00:00+00:00,2.117,2.2,2.078,2.19,133035035.4,2.1985,2.4193833333333337,46.94698603227121,-0.0397871904284659,-0.044380040955289676,0.004592850526823775
2021-10-14 00:00:00+00:00,2.189,2.225,2.155,2.172,109132237.4,2.19325,2.4194716666666665,45.98044016373868,-0.03910679735727918,-0.043325392235687585,0.004218594878408408
2021-10-15 00:00:00+00:00,2.172,2.243,2.136,2.218,205811006.8,2.1891499999999997,2.4219150000000003,48.87711733758323,-0.03445854868489873,-0.041552023525529815,0.007093474840631088
2021-10-16 00:00:00+00:00,2.217,2.25,2.169,2.179,103000332.9,2.1877500000000003,2.4261666666666666,46.59579205722024,-0.03353517951212304,-0.03994865472284846,0.006413475210725425
2021-10-17 00:00:00+00:00,2.178,2.189,2.089,2.158,109914412.1,2.18915,2.427061666666667,45.36787388417417,-0.03410478851337162,-0.03877988148095309,0.004675092967581472
2021-10-18 00:00:00+00:00,2.158,2.176,2.105,2.128,96988762.8,2.1937,2.4218433333333333,43.600216790235045,-0.03655556720650521,-0.03833501862606352,0.001779451419558306
2021-10-19 00:00:00+00:00,2.127,2.157,2.093,2.11,94391775.6,2.1959,2.4160816666666665,42.529497135443926,-0.03949500273865825,-0.038567015448582466,-0.000927987290075781
2021-10-20 00:00:00+00:00,2.11,2.208,2.092,2.19,135969738.8,2.1996499999999997,2.4120133333333333,48.5741425921671,-0.0349661274121269,-0.03784683784129136,0.0028807104291644556
2021-10-21 00:00:00+00:00,2.19,2.298,2.131,2.137,265787667.1,2.1937,2.4025483333333333,45.183541703051304,-0.03524730910886564,-0.03732693209480621,0.0020796229859405685
2021-10-22 00:00:00+00:00,2.136,2.21,2.125,2.156,130738721.4,2.18915,2.389895,46.621996660859416,-0.033550259907064284,-0.03657159765725783,0.003021337750193545
2021-10-23 00:00:00+00:00,2.157,2.175,2.131,2.166,74106470.8,2.1849,2.3806833333333333,47.40428479469204,-0.031040603012124635,-0.03546539872823119,0.004424795716106558
2021-10-24 00:00:00+00:00,2.167,2.169,2.093,2.12,97230595.4,2.18135,2.370366666666667,44.19560749957322,-0.03239012421395726,-0.034850343825376405,0.002460219611419144
2021-10-25 00:00:00+00:00,2.119,2.178,2.114,2.144,105874037.9,2.1769,2.363966666666667,46.240188284638684,-0.031163793255689853,-0.034113033711439096,0.0029492404557492427
2021-10-26 00:00:00+00:00,2.145,2.202,2.122,2.137,142897864.5,2.1733000000000002,2.350483333333334,45.71410129902346,-0.0304062542626804,-0.03337167782168736,0.0029654235590069605
2021-10-27 00:00:00+00:00,2.138,2.156,1.804,1.912,397889032.1,2.155,2.3348999999999998,32.7975082698817,-0.04741494873524976,-0.036180332004399844,-0.011234616730849918
2021-10-28 00:00:00+00:00,1.912,2.058,1.905,1.987,253879713.5,2.1425,2.3205000000000005,38.98607634809934,-0.05421760168401146,-0.03978778594032217,-0.01442981574368929
2021-10-29 00:00:00+00:00,1.987,2.048,1.979,2.015,154761692.9,2.1298500000000002,2.3085166666666668,41.16441948110073,-0.05669583289248292,-0.043169395330754326,-0.013526437561728596
2021-10-30 00:00:00+00:00,2.016,2.019,1.924,1.955,122995185.8,2.11815,2.2949833333333336,38.031037028498574,-0.06277768545874984,-0.04709105335635343,-0.015686632102396417
2021-10-31 00:00:00+00:00,1.957,2.029,1.918,1.964,146413161.5,2.1078,2.2799,38.78375800580268,-0.06610930572623808,-0.05089470383033036,-0.015214601895907717
2021-11-01 00:00:00+00:00,1.965,2.019,1.911,1.949,144061135.4,2.0993500000000003,2.26305,37.9562419473745,-0.06916274832069469,-0.05454831272840323,-0.014614435592291461
2021-11-02 00:00:00+00:00,1.949,1.996,1.933,1.971,124263204.0,2.0884,2.246466666666667,39.97900871921085,-0.06901188142665715,-0.05744102646805402,-0.011570854958603133
2021-11-03 00:00:00+00:00,1.971,2.144,1.95,2.063,335561983.7,2.08295,2.233683333333333,47.66330095255937,-0.060768189342420786,-0.05810645904292737,-0.0026617302994934172
2021-11-04 00:00:00+00:00,2.063,2.103,1.933,1.983,174549100.4,2.0712,2.218233333333333,42.56065060224549,-0.05999870763149584,-0.058484908760641066,-0.001513798870854774
2021-11-05 00:00:00+00:00,1.983,2.017,1.959,1.982,108180863.7,2.06135,2.20405,42.49940298194852,-0.05879186346901655,-0.05854629970231617,-0.000245563766700381
2021-11-06 00:00:00+00:00,1.982,2.04,1.942,2.005,105480654.3,2.0537,2.1955666666666662,44.478445380709985,-0.055341579712441025,-0.05790535570434115,0.002563775991900122
2021-11-07 00:00:00+00:00,2.004,2.035,1.974,2.021,82637102.7,2.04835,2.188083333333333,45.87405848484094,-0.05073133939361529,-0.05647055244219598,0.005739213048580688
2021-11-08 00:00:00+00:00,2.02,2.14,2.008,2.125,189974471.1,2.0491,2.1815333333333333,53.97277587538969,-0.03824489652965024,-0.05282542125968684,0.014580524730036598
2021-11-09 00:00:00+00:00,2.126,2.378,2.105,2.27,581074544.2,2.0530999999999997,2.17965,62.416393838226746,-0.016459280080336924,-0.04555219302381686,0.02909291294347994
2021-11-10 00:00:00+00:00,2.269,2.331,1.932,2.097,479840587.6,2.0511,2.1706333333333334,50.51058346863946,-0.013003776821412849,-0.039042509783336066,0.026038732961923217
2021-11-11 00:00:00+00:00,2.097,2.153,2.058,2.079,151168963.6,2.04725,2.162266666666667,49.453597402929894,-0.011584179945373307,-0.03355084381574351,0.021966663870370204
2021-11-12 00:00:00+00:00,2.079,2.099,1.991,2.045,160252178.8,2.0412,2.1563166666666667,47.43443297965196,-0.013052197436278057,-0.029451114539850422,0.016398917103572365
2021-11-13 00:00:00+00:00,2.046,2.08,2.021,2.05,82511465.5,2.0377,2.1505500000000004,47.77214904699269,-0.013654750200533972,-0.026291841671987136,0.012637091471453164
2021-11-14 00:00:00+00:00,2.05,2.07,2.009,2.04,59859608.6,2.0324999999999998,2.1428,47.12011334601499,-0.014768946808420669,-0.023987262699273842,0.009218315890853174
2021-11-15 00:00:00+00:00,2.04,2.095,2.011,2.017,93079577.9,2.0265,2.1361333333333334,45.57920824476893,-0.017308343617352673,-0.02265147888288961,0.0053431352655369385
2021-11-16 00:00:00+00:00,2.018,2.018,1.759,1.874,268941429.22,2.0246000000000004,2.1282,37.39191788803932,-0.03050806084808455,-0.0242227952759286,-0.006285265572155949
2021-11-17 00:00:00+00:00,1.874,1.893,1.795,1.876,207985172.0,2.01905,2.1199500000000002,37.56084876952646,-0.040342505278451846,-0.02744673727643325,-0.012895768002018596
2021-11-18 00:00:00+00:00,1.877,1.907,1.701,1.786,221759905.97,2.0076,2.111666666666667,33.2173400501277,-0.05476729786317325,-0.03291084939378125,-0.021856448469391998
2021-11-19 00:00:00+00:00,1.786,1.894,1.754,1.863,144849476.6,2.003,2.1080666666666668,39.64765638979729,-0.05930219464193609,-0.03818911844341222,-0.021113076198523872
2021-11-20 00:00:00+00:00,1.862,1.956,1.86,1.922,128183408.0,2.0009,2.107,44.08992362437941,-0.057472815256158105,-0.0420458578059614,-0.015426957450196704
2021-11-21 00:00:00+00:00,1.921,1.924,1.832,1.835,87455485.3,1.9951999999999999,2.0999666666666665,39.475760239852754,-0.062324750891162406,-0.0461016364230016,-0.016223114468160806
2021-11-22 00:00:00+00:00,1.835,1.839,1.757,1.776,144285714.0,1.9854500000000002,2.0907833333333334,36.67281080979137,-0.0701224240993148,-0.050905793958264244,-0.01921663014105055
2021-11-23 00:00:00+00:00,1.776,1.816,1.738,1.751,144774307.8,1.9698499999999999,2.0820166666666666,35.521869303464655,-0.07742689827551041,-0.056210014821713485,-0.02121688345379693
2021-11-24 00:00:00+00:00,1.751,1.754,1.586,1.666,290146559.06,1.954,2.07145,31.86063833308644,-0.08904804586910497,-0.06277762103119178,-0.026270424837913198
2021-11-25 00:00:00+00:00,1.665,1.749,1.619,1.675,216037163.1,1.9386500000000002,2.0625833333333334,32.652160803964605,-0.09642019232141874,-0.06950613528923717,-0.026914057032181568
2021-11-26 00:00:00+00:00,1.676,1.685,1.495,1.533,337429397.07,1.9150500000000001,2.0526333333333335,27.26974977984777,-0.11242492025617845,-0.07808989228262543,-0.03433502797355302
2021-11-27 00:00:00+00:00,1.532,1.585,1.531,1.543,107756518.0,1.89115,2.0444,28.167758778524373,-0.12288532054402523,-0.08704897793490539,-0.035836342609119845
2021-11-28 00:00:00+00:00,1.543,1.6,1.416,1.594,228010819.22,1.8646,2.0365333333333333,32.729642409349424,-0.12561201227331797,-0.09476158480258791,-0.030850427470730066
2021-11-29 00:00:00+00:00,1.595,1.636,1.557,1.601,153848484.7,1.8311500000000003,2.0279666666666665,33.355251807661006,-0.12575842873047516,-0.10096095358816537,-0.02479747514230979
2021-11-30 00:00:00+00:00,1.602,1.629,1.544,1.554,185671961.6,1.8039999999999998,2.0162666666666667,31.253584976738367,-0.12818928574129096,-0.1064066200187905,-0.021782665722500455
2021-12-01 00:00:00+00:00,1.553,1.622,1.531,1.548,157458493.8,1.77745,2.0046166666666667,30.985179276049763,-0.12911158925983557,-0.11094761386699953,-0.01816397539283604
2021-12-02 00:00:00+00:00,1.547,1.76,1.517,1.719,441382037.0,1.76115,1.9957500000000001,45.38175430581155,-0.11472180894804196,-0.11170245288320801,-0.0030193560648339446
2021-12-03 00:00:00+00:00,1.72,1.729,1.509,1.556,276255974.6,1.73645,1.9851666666666667,37.377767615478255,-0.11514324250492125,-0.11239061080755067,-0.0027526316973705833
2021-12-04 00:00:00+00:00,1.557,1.558,1.188,1.42,612957918.54,1.7054500000000001,1.9716166666666666,32.2646272307431,-0.1250102546363232,-0.11491453957330518,-0.010095715063018026
2021-12-05 00:00:00+00:00,1.419,1.435,1.284,1.378,270618794.7,1.6735,1.9577666666666667,30.860605389394337,-0.13466662876051183,-0.11886495741074651,-0.015801671349765317
2021-12-06 00:00:00+00:00,1.378,1.442,1.255,1.42,338310628.7,1.6507999999999998,1.9434666666666667,33.95565444198364,-0.13734707425655146,-0.12256138077990751,-0.014785693476643949
2021-12-07 00:00:00+00:00,1.42,1.479,1.365,1.378,229514365.2,1.6259000000000001,1.92915,32.393978441795156,-0.14123235691861602,-0.12629557600764924,-0.014936780910966785
2021-12-08 00:00:00+00:00,1.378,1.423,1.337,1.396,187594478.2,1.6064,1.9146166666666666,33.79921635768004,-0.14123099881147416,-0.12928266056841423,-0.011948338243059936
2021-12-09 00:00:00+00:00,1.396,1.409,1.287,1.289,174568058.8,1.5776999999999999,1.8996166666666667,29.829928076578838,-0.14815607723110436,-0.13305734390095225,-0.015098733330152103
2021-12-10 00:00:00+00:00,1.288,1.334,1.207,1.211,192968833.1,1.54215,1.8836166666666665,27.31193787883757,-0.1581155423492635,-0.1380689835906145,-0.020046558758648997
2021-12-11 00:00:00+00:00,1.211,1.362,1.192,1.354,179118114.1,1.5181,1.8708833333333332,37.69552042532528,-0.15270924815580678,-0.14099703650365297,-0.011712211652153803
2021-12-12 00:00:00+00:00,1.354,1.415,1.319,1.346,149463677.1,1.4966000000000002,1.8568166666666668,37.373865078156186,-0.14737144788280432,-0.14227191877948325,-0.0050995291033210655
2021-12-13 00:00:00+00:00,1.345,1.357,1.2,1.223,184388318.4,1.4702,1.8410000000000002,32.7471351283005,-0.15132192974432312,-0.14408192097245123,-0.007240008771871892
2021-12-14 00:00:00+00:00,1.223,1.284,1.198,1.266,175476318.0,1.4502,1.8251333333333333,35.74202726540898,-0.1492623707498515,-0.14511801092793128,-0.004144359821920213
2021-12-15 00:00:00+00:00,1.267,1.331,1.204,1.311,170247496.3,1.432,1.8106666666666666,38.81288107619524,-0.14235801688523853,-0.14456601211939274,0.002207995234154214
2021-12-16 00:00:00+00:00,1.311,1.331,1.236,1.24,117662885.3,1.41735,1.7953666666666666,35.89792517744982,-0.14099012691284663,-0.14385083507808352,0.002860708165236897
2021-12-17 00:00:00+00:00,1.24,1.259,1.182,1.218,138092226.1,1.4011,1.7802,35.020268632963266,-0.14006667890698,-0.1430940038438628,0.0030273249368828192
2021-12-18 00:00:00+00:00,1.218,1.267,1.2,1.242,81211094.1,1.3835000000000002,1.7657333333333334,36.83456399391073,-0.13583244837352937,-0.14164169274979613,0.005809244376266759
2021-12-19 00:00:00+00:00,1.242,1.312,1.24,1.243,124074683.5,1.3656000000000001,1.74995,36.913602595462685,-0.1308873110795319,-0.1394908164157433,0.008603505336211403
2021-12-20 00:00:00+00:00,1.244,1.261,1.201,1.237,123106967.7,1.34975,1.73495,36.61753911708534,-0.12599995495369898,-0.13679264412333444,0.010792689169635467
2021-12-21 00:00:00+00:00,1.238,1.289,1.227,1.28,122949048.2,1.33635,1.7203499999999998,40.31229039069141,-0.11730473343113812,-0.1328950619848952,0.015590328553757082
2021-12-22 00:00:00+00:00,1.279,1.369,1.276,1.327,161174698.1,1.31675,1.7063666666666666,44.144887164284,-0.10540614410797922,-0.127397278409512,0.021991134301532794
2021-12-23 00:00:00+00:00,1.327,1.49,1.307,1.475,216795659.8,1.3127,1.6956166666666668,54.13250240278487,-0.08307641009002853,-0.11853310474561532,0.03545669465558679
2021-12-24 00:00:00+00:00,1.475,1.491,1.381,1.392,126360588.3,1.3113000000000001,1.6830833333333333,48.85631034452648,-0.0712559471404659,-0.10907767322458545,0.037821726084119545
2021-12-25 00:00:00+00:00,1.393,1.46,1.381,1.452,87587873.9,1.315,1.6716666666666666,52.46333447849937,-0.0563965422980397,-0.0985414470392763,0.0421449047412366
2021-12-26 00:00:00+00:00,1.453,1.467,1.407,1.455,103769249.9,1.31675,1.6640499999999998,52.64317776573215,-0.04387254656909567,-0.08760766694524018,0.04373512037614451
2021-12-27 00:00:00+00:00,1.455,1.594,1.45,1.516,181374841.1,1.32365,1.6562,56.26623849252145,-0.02869423029634377,-0.07582497961546089,0.04713074931911712
2021-12-28 00:00:00+00:00,1.516,1.54,1.376,1.4,233458767.4,1.32385,1.64595,48.64471850137419,-0.025728948540810537,-0.06580577340053083,0.04007682485972029
2021-12-29 00:00:00+00:00,1.4,1.438,1.323,1.332,151404808.3,1.326,1.6355666666666666,44.81267698559956,-0.02853701612789039,-0.058352021946002745,0.029815005818112354
2021-12-30 00:00:00+00:00,1.333,1.378,1.297,1.359,134171567.8,1.3334000000000001,1.6254833333333332,46.61107262729679,-0.028258014765883077,-0.05233322050997881,0.024075205744095732
2021-12-31 00:00:00+00:00,1.359,1.383,1.281,1.308,120612337.3,1.3311,1.6148,43.71338575040701,-0.03178577136526872,-0.048223730681036796,0.016437959315768073
2022-01-01 00:00:00+00:00,1.308,1.38,1.306,1.38,69007607.5,1.3328,1.6049499999999999,48.57400971657376,-0.02844386247458508,-0.04426775703974646,0.01582389456516138
2022-01-02 00:00:00+00:00,1.379,1.391,1.342,1.377,81011860.4,1.3405,1.5935166666666667,48.38651687111889,-0.02574072744656153,-0.04056235112110947,0.014821623674547944
2022-01-03 00:00:00+00:00,1.378,1.378,1.31,1.319,87155825.9,1.34315,1.58245,44.787153995106536,-0.02795632561609751,-0.03804114602010708,0.01008482040400957
2022-01-04 00:00:00+00:00,1.319,1.352,1.295,1.309,94479305.9,1.3430499999999999,1.5712333333333333,44.17697959603889,-0.03017132332025141,-0.036467181480135946,0.0062958581598845376
2022-01-05 00:00:00+00:00,1.31,1.353,1.193,1.23,158740088.2,1.34255,1.5583166666666666,39.58838133977783,-0.03786488193951443,-0.03674672157201164,-0.0011181603675027851
2022-01-06 00:00:00+00:00,1.23,1.297,1.186,1.28,175754407.6,1.34565,1.5459666666666665,43.58253853848341,-0.03947248619176347,-0.03729187449596201,-0.002180611695801457
2022-01-07 00:00:00+00:00,1.279,1.285,1.189,1.21,209806013.2,1.34405,1.5307166666666667,39.63194137952814,-0.0458662218743886,-0.03900674397164733,-0.006859477902741273
2022-01-08 00:00:00+00:00,1.209,1.254,1.124,1.181,169730473.68,1.3409499999999999,1.5125666666666668,38.091439437995845,-0.05266625727388785,-0.041738646632095436,-0.010927610641792415
2022-01-09 00:00:00+00:00,1.182,1.206,1.147,1.17,114093699.4,1.3376,1.4971166666666667,37.49607608909803,-0.058271227945588144,-0.04504516289479398,-0.013226065050794163
2022-01-10 00:00:00+00:00,1.17,1.181,1.069,1.123,189250644.14,1.3297500000000002,1.4811833333333333,34.98032101187907,-0.06574781490551773,-0.04918569329693873,-0.016562121608579
2022-01-11 00:00:00+00:00,1.123,1.196,1.122,1.187,115267098.7,1.3227499999999999,1.4668833333333333,40.804540479975046,-0.06575086377833395,-0.05249872739321778,-0.013252136385116166
2022-01-12 00:00:00+00:00,1.188,1.314,1.186,1.312,145608592.7,1.3146,1.4545833333333333,50.18942964027272,-0.05503244493192705,-0.05300547090095964,-0.00202697403096741
2022-01-13 00:00:00+00:00,1.312,1.354,1.227,1.233,179029543.6,1.3066499999999999,1.4411333333333332,45.30119370672498,-0.05230966726101638,-0.05286631017297099,0.0005566429119546121
2022-01-14 00:00:00+00:00,1.232,1.309,1.22,1.292,143281596.5,1.2986499999999999,1.42905,49.27470188055317,-0.044873762621288504,-0.0512678006626345,0.006394038041345994
2022-01-15 00:00:00+00:00,1.293,1.319,1.251,1.291,80421836.4,1.2904499999999999,1.4193333333333336,49.20945233887634,-0.038616301577384604,-0.04873750084558452,0.010121199268199918
2022-01-16 00:00:00+00:00,1.292,1.422,1.286,1.41,247977037.4,1.28515,1.4115666666666666,56.578189017700645,-0.02378078307771725,-0.043746157292011076,0.019965374214293827
2022-01-17 00:00:00+00:00,1.411,1.607,1.386,1.603,545675409.1,1.2953000000000001,1.4085166666666666,65.3567575804273,0.003509503873050157,-0.034295025058998826,0.037804528932048984
2022-01-18 00:00:00+00:00,1.602,1.638,1.411,1.458,455949108.3,1.3016,1.4017666666666666,56.16903065850728,0.013283836909998348,-0.024779252665199394,0.038063089575197745
2022-01-19 00:00:00+00:00,1.458,1.534,1.326,1.337,329948716.4,1.3005,1.3920166666666667,49.868901749712435,0.011137985734843703,-0.017595804985190776,0.02873379072003448
2022-01-20 00:00:00+00:00,1.336,1.427,1.251,1.259,261063307.3,1.29805,1.3824166666666666,46.26633896937901,0.0031076124695819107,-0.01345512149423624,0.01656273396381815
2022-01-21 00:00:00+00:00,1.259,1.282,1.101,1.12,408519522.4,1.28505,1.3714833333333334,40.63300411744644,-0.014307723991458854,-0.013625641993680764,-0.0006820819977780904
2022-01-22 00:00:00+00:00,1.12,1.155,0.917,1.071,554287709.12,1.26975,1.3601500000000002,38.83777163159683,-0.03169799929294137,-0.017240113453532886,-0.014457885839408484
2022-01-23 00:00:00+00:00,1.071,1.17,1.051,1.124,257147931.5,1.26,1.3511166666666665,41.831380102957866,-0.04073370787053654,-0.02193883233693362,-0.01879487553360292
2022-01-24 00:00:00+00:00,1.124,1.125,0.951,1.065,437410320.0,1.2478,1.3409499999999999,39.512859372646325,-0.052055317635085085,-0.027962129396563912,-0.024093188238521173
2022-01-25 00:00:00+00:00,1.066,1.074,0.991,1.043,218828333.3,1.23845,1.3327833333333332,38.65257395267564,-0.06208728747756531,-0.034787161012764196,-0.027300126464801115
2022-01-26 00:00:00+00:00,1.043,1.157,1.022,1.077,336503954.9,1.2283,1.3250166666666667,40.797846751656586,-0.0665272947618154,-0.04113518776257444,-0.025392106999240965
2022-01-27 00:00:00+00:00,1.078,1.08,1.004,1.042,184762461.8,1.2199,1.3158166666666666,39.2752700805192,-0.07203980993025283,-0.047316112196110115,-0.024723697734142715
2022-01-28 00:00:00+00:00,1.042,1.059,1.008,1.048,137690073.1,1.21325,1.3066,39.69079152973328,-0.07505913309720236,-0.052864716376328565,-0.022194416720873793
2022-01-29 00:00:00+00:00,1.049,1.084,1.037,1.059,89531278.4,1.2077,1.29835,40.49470551154443,-0.07569183206735142,-0.05743013951453314,-0.018261692552818273
2022-01-30 00:00:00+00:00,1.059,1.077,1.024,1.035,72352160.1,1.2033,1.2897999999999998,39.264907539649265,-0.07723948132239866,-0.06139200787610625,-0.015847473446292414
2022-01-31 00:00:00+00:00,1.035,1.06,1.006,1.051,101218950.1,1.1965,1.2786666666666666,40.56089620854247,-0.07629545174931707,-0.06437269665074842,-0.011922755098568646
2022-02-01 00:00:00+00:00,1.052,1.096,1.034,1.096,124526330.3,1.1857,1.2710000000000001,44.169273968908044,-0.07109662001258021,-0.06571748132311478,-0.005379138689465435
2022-02-02 00:00:00+00:00,1.096,1.103,1.022,1.027,126857788.7,1.1754,1.26445,40.14495849628157,-0.07171751685687355,-0.06691748842986654,-0.004800028427007011
2022-02-03 00:00:00+00:00,1.027,1.062,1.016,1.061,98542208.5,1.16385,1.2591666666666665,42.90541669570186,-0.06867443014676877,-0.06726887677324699,-0.0014055533735217868
2022-02-04 00:00:00+00:00,1.061,1.139,1.045,1.138,135205051.6,1.1562,1.2544666666666666,48.678122990985926,-0.05936518067136731,-0.06568813755287106,0.00632295688150375
2022-02-05 00:00:00+00:00,1.138,1.178,1.097,1.125,152710784.3,1.14195,1.25025,47.799415257578715,-0.05243211990663532,-0.06303693402362393,0.010604814116988603
2022-02-06 00:00:00+00:00,1.125,1.15,1.097,1.143,107099317.0,1.11895,1.2460333333333333,49.167662378968,-0.04496682022023135,-0.05942291126294541,0.014456091042714059
2022-02-07 00:00:00+00:00,1.142,1.209,1.125,1.199,267801841.6,1.106,1.2445333333333333,53.271335412439214,-0.03413825983663599,-0.054365980977683526,0.02022772114104754
2022-02-08 00:00:00+00:00,1.198,1.263,1.133,1.176,271657090.8,1.09795,1.2439500000000001,51.434739124464876,-0.027100062842803307,-0.048912797350707485,0.021812734507904177
2022-02-09 00:00:00+00:00,1.176,1.215,1.152,1.195,137109784.2,1.09475,1.2412999999999998,52.879966428312784,-0.019761303798144336,-0.04308249864019486,0.023321194842050523
2022-02-10 00:00:00+00:00,1.194,1.225,1.143,1.15,183604520.1,1.09625,1.2380333333333333,49.149420192109524,-0.0173761073523504,-0.03794122038262597,0.02056511303027557
2022-02-11 00:00:00+00:00,1.15,1.164,1.068,1.079,131818725.2,1.09665,1.2356333333333331,43.88849135814418,-0.020973163044650356,-0.03454760891503085,0.013574445870380494
2022-02-12 00:00:00+00:00,1.079,1.092,1.029,1.059,149173437.2,1.0934,1.2321833333333336,42.50819290524631,-0.02514780026175556,-0.03266764718437579,0.007519846922620234
2022-02-13 00:00:00+00:00,1.058,1.076,1.032,1.042,99247994.0,1.0922500000000002,1.2276999999999998,41.31867137828467,-0.029488068163911807,-0.032031731380283,0.0025436632163711934
2022-02-14 00:00:00+00:00,1.043,1.055,1.018,1.049,138982742.3,1.09255,1.2245166666666667,42.03791736437298,-0.031994112039801514,-0.03202420751218671,3.0095472385194277e-05
2022-02-15 00:00:00+00:00,1.05,1.115,1.049,1.107,153934616.3,1.09405,1.2226666666666666,47.75218145645158,-0.028966150836697624,-0.03141259617708889,0.002446445340391269
2022-02-16 00:00:00+00:00,1.108,1.112,1.066,1.082,100925929.7,1.09605,1.2199999999999998,45.662533950780485,-0.028258019970029746,-0.030781680935677066,0.0025236609656473195
2022-02-17 00:00:00+00:00,1.083,1.094,1.008,1.02,114535761.9,1.0946500000000001,1.2162833333333334,40.88424741998281,-0.03232705681272541,-0.031090756111086734,-0.0012363007016386734
2022-02-18 00:00:00+00:00,1.019,1.043,0.983,0.995,133614248.4,1.09145,1.21225,39.107188694123636,-0.03714095112751292,-0.03230079511437197,-0.004840156013140952
2022-02-19 00:00:00+00:00,0.996,1.019,0.973,0.996,92102940.7,1.0895,1.2075166666666668,39.22098916907194,-0.04040948996528071,-0.033922534084553715,-0.006486955880726994
2022-02-20 00:00:00+00:00,0.997,0.998,0.919,0.931,156774619.1,1.0835000000000001,1.2009166666666669,34.683653323425546,-0.04769498916905568,-0.03667702510145411,-0.011017964067601568
2022-02-21 00:00:00+00:00,0.931,0.993,0.851,0.856,283488504.31,1.0715,1.1905999999999999,30.324443150634437,-0.05884237470854825,-0.04111009502287294,-0.017732279685675312
2022-02-22 00:00:00+00:00,0.856,0.897,0.813,0.888,264842040.57,1.06455,1.1822000000000001,34.12855734262966,-0.0643528064023553,-0.04575863729876941,-0.01859416910358589
2022-02-23 00:00:00+00:00,0.888,0.96,0.863,0.866,237719675.9,1.0548,1.1724333333333334,32.80257300745443,-0.06969171663080975,-0.05054525316517748,-0.01914646346563227
2022-02-24 00:00:00+00:00,0.866,0.899,0.746,0.853,560130978.58,1.04055,1.1624,32.011117237138194,-0.07411745294505978,-0.05525969312115395,-0.018857759823905834
2022-02-25 00:00:00+00:00,0.852,0.91,0.823,0.898,210840757.4,1.0292000000000001,1.1521000000000001,37.621678018741164,-0.07315052324317517,-0.05883785914555819,-0.01431266409761698
2022-02-26 00:00:00+00:00,0.898,0.93,0.881,0.887,142052119.7,1.0164,1.14355,36.8217739077526,-0.0724368259184145,-0.06155765250012945,-0.010879173418285044
2022-02-27 00:00:00+00:00,0.886,0.915,0.832,0.856,162004634.9,0.99925,1.1356166666666667,34.58974015302783,-0.07352510492701048,-0.06395114298550565,-0.009573961941504824
2022-02-28 00:00:00+00:00,0.857,0.97,0.842,0.962,227929558.7,0.98855,1.1290000000000002,46.52598456284606,-0.06508401178642886,-0.0641777167456903,-0.0009062950407385667
2022-03-01 00:00:00+00:00,0.962,1.011,0.939,0.963,234764266.6,0.9769500000000001,1.1232499999999999,46.624939854710846,-0.057649149504931274,-0.0628720032975385,0.005222853792607229
2022-03-02 00:00:00+00:00,0.964,0.977,0.927,0.939,149491898.8,0.9663999999999999,1.1159000000000001,44.49670288113032,-0.053081674503701715,-0.06091393753877115,0.007832263035069432
2022-03-03 00:00:00+00:00,0.938,0.946,0.883,0.903,114772747.9,0.9576,1.1079999999999999,41.441021331243775,-0.051770043952838685,-0.05908515882158466,0.0073151148687459755
2022-03-04 00:00:00+00:00,0.902,0.903,0.826,0.844,147015719.3,0.9468500000000001,1.1000833333333335,36.96120162101099,-0.054858993875064654,-0.058239925832280666,0.0033809319572160115
2022-03-05 00:00:00+00:00,0.844,0.883,0.818,0.864,78739554.5,0.9379500000000001,1.0926666666666665,39.35447077655121,-0.05505849602068258,-0.057603639869961046,0.0025451438492784667
2022-03-06 00:00:00+00:00,0.865,0.872,0.819,0.823,76546559.4,0.9266499999999999,1.0858833333333335,36.311056670808796,-0.057858009143082034,-0.057654513724585243,-0.00020349541849679076
2022-03-07 00:00:00+00:00,0.822,0.847,0.777,0.793,132873670.6,0.91095,1.0777666666666665,34.22542368422117,-0.0617851717416219,-0.058480645327992575,-0.0033045264136293273
2022-03-08 00:00:00+00:00,0.793,0.821,0.787,0.802,124187499.5,0.89695,1.0709666666666666,35.42375721317656,-0.063439955296129,-0.059472507321619864,-0.003967447974509139
2022-03-09 00:00:00+00:00,0.802,0.863,0.799,0.849,114971836.5,0.8884000000000001,1.0654333333333332,41.42538586096669,-0.06026418793517441,-0.059630843444330776,-0.0006333444908436306
2022-03-10 00:00:00+00:00,0.849,0.854,0.785,0.807,115081098.3,0.8789999999999999,1.0593833333333333,38.024471836757584,-0.06043970709186053,-0.05979261617383673,-0.0006470909180237988
2022-03-11 00:00:00+00:00,0.806,0.819,0.782,0.788,101514757.7,0.8686,1.0537999999999998,36.56212783736057,-0.06140412002553919,-0.06011491694417723,-0.0012892030813619615
2022-03-12 00:00:00+00:00,0.788,0.802,0.786,0.789,50466434.4,0.8615,1.0471666666666666,36.70010919070673,-0.061380180073002055,-0.0603679695699422,-0.0010122105030598572
2022-03-13 00:00:00+00:00,0.789,0.821,0.78,0.786,88733691.2,0.858,1.0384,36.444012528495854,-0.06090125070764674,-0.06047462579748311,-0.00042662491016362547
2022-03-14 00:00:00+00:00,0.787,0.816,0.776,0.802,104141955.4,0.8536999999999999,1.0312166666666667,38.89313214509395,-0.0585556365244464,-0.06009082794287578,0.0015351914184293797
2022-03-15 00:00:00+00:00,0.803,0.817,0.781,0.8,95462205.5,0.8503999999999999,1.0230166666666667,38.692419786956236,-0.056210148072942556,-0.05931469196888914,0.003104543895946582
2022-03-16 00:00:00+00:00,0.8,0.84,0.792,0.838,160796978.5,0.8496500000000001,1.0154666666666665,44.54783851998938,-0.050700604151417306,-0.057591874405394775,0.006891270253977469
2022-03-17 00:00:00+00:00,0.839,0.858,0.827,0.835,106462948.2,0.8465,1.0058833333333332,44.189015374532275,-0.04604554148752815,-0.055282607821821456,0.009237066334293303
2022-03-18 00:00:00+00:00,0.835,0.86,0.82,0.851,82865732.3,0.8447000000000001,0.99335,46.65684906590193,-0.04059732382792802,-0.052345551023042766,0.011748227195114744
2022-03-19 00:00:00+00:00,0.851,0.916,0.85,0.903,114266368.8,0.84705,0.9841,53.80593375349934,-0.03171798151538752,-0.048220037121511725,0.016502055606124208
2022-03-20 00:00:00+00:00,0.902,0.916,0.864,0.879,93008770.9,0.8429,0.9764666666666667,50.44556202224614,-0.026314303276042117,-0.04383889035241781,0.01752458707637569
2022-03-21 00:00:00+00:00,0.879,0.93,0.863,0.917,115815047.2,0.8406,0.9707666666666667,55.21479714851562,-0.01874943510246918,-0.038820999302428084,0.020071564199958904
2022-03-22 00:00:00+00:00,0.917,0.988,0.907,0.975,172058469.4,0.8424000000000001,0.9683500000000002,61.331928088966734,-0.00798209468041089,-0.032653218378024644,0.024671123697613755
2022-03-23 00:00:00+00:00,0.975,1.11,0.957,1.108,362447245.1,0.85265,0.9689666666666666,71.0850559593928,0.01115450644434035,-0.023891673413551646,0.035046179857892
2022-03-24 00:00:00+00:00,1.108,1.19,1.076,1.131,390982460.0,0.867,0.9690833333333334,72.38235164741423,0.027855210955819665,-0.013542296539677385,0.041397507495497046
2022-03-25 00:00:00+00:00,1.13,1.167,1.072,1.096,290456883.7,0.8785999999999999,0.9695999999999999,67.42486454746967,0.03783034741403479,-0.00326776774893495,0.04109811516296974
2022-03-26 00:00:00+00:00,1.096,1.16,1.079,1.152,143117986.1,0.8950500000000001,0.9714166666666666,70.86339246006347,0.0496817466629037,0.007322135133432781,0.042359611529470924
2022-03-27 00:00:00+00:00,1.152,1.186,1.104,1.184,135043361.8,0.9145999999999999,0.9732000000000001,72.64060530426877,0.060953563776257935,0.018048420861997812,0.04290514291426012
2022-03-28 00:00:00+00:00,1.184,1.246,1.157,1.17,261105698.6,0.933,0.9753333333333333,70.61134534573695,0.06797332289610802,0.028033401268819855,0.03993992162728817
2022-03-29 00:00:00+00:00,1.17,1.243,1.166,1.191,180298618.0,0.9501,0.9777166666666666,71.88029651642573,0.07437372308520895,0.03730146563209767,0.03707225745311128
2022-03-30 00:00:00+00:00,1.191,1.218,1.161,1.189,146032640.3,0.9692000000000001,0.9798833333333333,71.563375233673,0.07838117368253639,0.04551740724218542,0.03286376644035097
2022-03-31 00:00:00+00:00,1.189,1.228,1.133,1.141,177164788.1,0.9868500000000001,0.98165,64.24254694150873,0.07679862160143913,0.05177365011403617,0.025024971487402965
2022-04-01 00:00:00+00:00,1.141,1.175,1.104,1.165,191221298.9,1.00565,0.9835499999999999,66.10937235665085,0.07659806231737232,0.0567385325547034,0.019859529762668915
2022-04-02 00:00:00+00:00,1.165,1.195,1.145,1.155,107106263.9,1.0241,0.9845333333333333,64.59610078759601,0.07477029578635253,0.06034488520103323,0.014425410585319293
2022-04-03 00:00:00+00:00,1.156,1.2,1.142,1.186,78660058.3,1.0433,0.9871833333333334,67.10954955513128,0.07495913630152096,0.06326773542113077,0.011691400880390182
2022-04-04 00:00:00+00:00,1.186,1.245,1.16,1.212,253235570.3,1.0638999999999998,0.9897000000000001,69.09150178685275,0.0763269271746414,0.0658795737718329,0.010447353402808501
2022-04-05 00:00:00+00:00,1.212,1.219,1.163,1.171,108831679.5,1.0805500000000001,0.99025,62.677484688386215,0.0732580803980305,0.06735527509707243,0.005902805300958075
2022-04-06 00:00:00+00:00,1.17,1.173,1.047,1.052,206766772.7,1.0914,0.9890333333333333,48.580776218404885,0.06052598585341462,0.06598941724834087,-0.005463431394926249
2022-04-07 00:00:00+00:00,1.052,1.101,1.038,1.089,99287570.5,1.1033,0.9881333333333333,52.18189900641299,0.05281251023181066,0.06335403584503484,-0.010541525613224176
2022-04-08 00:00:00+00:00,1.089,1.1,1.019,1.024,88048109.3,1.10935,0.9852166666666666,46.07682075161922,0.0409821517222142,0.05887965902047071,-0.01789750729825651
2022-04-09 00:00:00+00:00,1.025,1.047,1.021,1.045,49693999.1,1.1176499999999998,0.9830333333333333,48.18597950266444,0.032921532927262964,0.05368803380182916,-0.020766500874566197
2022-04-10 00:00:00+00:00,1.044,1.07,1.023,1.027,51995282.7,1.12315,0.9802333333333333,46.506833559474856,0.024795161701278268,0.047909459381718984,-0.023114297680440717
2022-04-11 00:00:00+00:00,1.026,1.033,0.917,0.92,159034131.6,1.1204,0.9763999999999999,38.02431037729145,0.00961016815725868,0.04024960113682693,-0.030639432979568247
2022-04-12 00:00:00+00:00,0.919,0.982,0.915,0.955,115179052.5,1.11275,0.9743333333333334,41.76588744758308,0.00039559864946814294,0.03227880063935517,-0.031883201989887026
2022-04-13 00:00:00+00:00,0.954,0.981,0.934,0.974,83269578.6,1.1049,0.9729166666666667,43.75114675248121,-0.005312632146088125,0.024760514082266514,-0.03007314622835464
2022-04-14 00:00:00+00:00,0.974,0.985,0.923,0.933,84093379.2,1.09675,0.9711,40.539463447040085,-0.012995005195072684,0.017209410226798675,-0.03020441542187136
2022-04-15 00:00:00+00:00,0.933,0.959,0.929,0.956,42541809.7,1.08695,0.96955,43.06442988561363,-0.017031109376526965,0.010361306306133548,-0.027392415682660515
2022-04-16 00:00:00+00:00,0.955,0.962,0.937,0.951,36809858.4,1.0753,0.9669500000000001,42.64051750107743,-0.02039807294460072,0.004209430455986695,-0.024607503400587413
2022-04-17 00:00:00+00:00,0.95,0.963,0.912,0.914,42819442.0,1.0625,0.96415,39.538832784692,-0.02575511764386529,-0.0017834791639837018,-0.023971638479881586
2022-04-18 00:00:00+00:00,0.914,0.939,0.874,0.937,118870539.6,1.0497999999999998,0.9627666666666668,42.34629056306056,-0.027823968987803482,-0.006991577128747658,-0.020832391859055825
2022-04-19 00:00:00+00:00,0.936,0.957,0.927,0.952,75432689.7,1.03795,0.96205,44.16714264568148,-0.027931200451141835,-0.011179501793226495,-0.016751698657915343
2022-04-20 00:00:00+00:00,0.952,0.976,0.93,0.937,93644303.6,1.0277500000000002,0.9610666666666667,42.71434267305137,-0.028893490623829732,-0.014722299559347143,-0.014171191064482589
2022-04-21 00:00:00+00:00,0.937,0.971,0.891,0.91,105007978.4,1.0150000000000001,0.9607166666666667,40.15403088208839,-0.031471997276233954,-0.018072239102724506,-0.013399758173509448
2022-04-22 00:00:00+00:00,0.91,0.924,0.891,0.906,82391016.7,1.00255,0.96155,39.773670121815954,-0.033452627875397045,-0.021148316857259014,-0.012304311018138031
2022-04-23 00:00:00+00:00,0.906,0.913,0.881,0.886,34559067.5,0.98755,0.9615166666666667,37.843428309542,-0.03621861905279944,-0.0241623772963671,-0.01205624175643234
2022-04-24 00:00:00+00:00,0.886,0.899,0.877,0.886,49191017.0,0.9712500000000001,0.96185,37.843428309542,-0.03797295836212833,-0.026924493509519348,-0.01104846485260898
2022-04-25 00:00:00+00:00,0.885,0.9039,0.8261,0.8974,171944524.5,0.9575699999999999,0.96259,39.77554413927591,-0.03800529875135039,-0.02914065455788556,-0.008864644193464832
2022-04-26 00:00:00+00:00,0.8975,0.903,0.815,0.8259,176710067.0,0.946265,0.9613883333333334,32.87349746467214,-0.04330123154915855,-0.03197276995614016,-0.01132846159301839
2022-04-27 00:00:00+00:00,0.8258,0.8562,0.8187,0.8401,148780516.9,0.9338200000000001,0.9606066666666667,35.275627944442164,-0.04582424178619726,-0.03474306432215158,-0.011081177464045681
2022-04-28 00:00:00+00:00,0.8401,0.8526,0.8258,0.8432,134885232.9,0.9247799999999999,0.9603933333333333,35.815623189465924,-0.04703145217947602,-0.03720074189361647,-0.00983071028585955
2022-04-29 00:00:00+00:00,0.8432,0.8495,0.7891,0.8048,139320128.3,0.9127700000000001,0.9577733333333333,32.228722185142075,-0.050504549186409786,-0.03986150335217513,-0.010643045834234657
2022-04-30 00:00:00+00:00,0.805,0.8179,0.7351,0.7556,147364161.34,0.8992000000000001,0.9543166666666667,28.315854896745705,-0.056574872491712225,-0.043204177180082556,-0.013370695311629668
2022-05-01 00:00:00+00:00,0.7555,0.8002,0.7451,0.7895,137793227.3,0.892675,0.951825,34.240092944409454,-0.057981822403368355,-0.04615970622473972,-0.011822116178628633
2022-05-02 00:00:00+00:00,0.7894,0.7968,0.7636,0.7809,128907016.8,0.88397,0.9497899999999999,33.48407665231167,-0.05910941196488406,-0.04874964737276859,-0.010359764592115475
2022-05-03 00:00:00+00:00,0.7808,0.7994,0.7605,0.7711,96429722.5,0.8738250000000001,0.9485750000000001,32.60072072213808,-0.06010100592943468,-0.05101991908410181,-0.009081086845332868
2022-05-04 00:00:00+00:00,0.7712,0.8992,0.7677,0.8985,256649760.0,0.8721,0.9491499999999999,50.779706081826816,-0.050030021076254316,-0.050821939482532316,0.0007919184062779999
2022-05-05 00:00:00+00:00,0.8986,0.9058,0.7716,0.7884,364970629.3,0.86372,0.9485733333333334,40.59048093438246,-0.050352411620614435,-0.05072803391014874,0.0003756222895343053
2022-05-06 00:00:00+00:00,0.7884,0.7997,0.7625,0.7832,244058670.2,0.85533,0.9484100000000001,40.18040340091371,-0.05044599496311186,-0.050671626120741366,0.00022563115762950364
2022-05-07 00:00:00+00:00,0.7832,0.7858,0.7467,0.7604,126808896.0,0.84765,0.9477166666666667,38.35089877206727,-0.051763235531015805,-0.05088994800279626,-0.0008732875282195449
2022-05-08 00:00:00+00:00,0.7605,0.7663,0.7254,0.7403,175139530.39,0.837815,0.945905,36.761761454070566,-0.05380878599839334,-0.05147371560191568,-0.002335070396477658
2022-05-09 00:00:00+00:00,0.7404,0.7542,0.5976,0.6019,472342566.94,0.8203099999999999,0.9424866666666667,28.12116222664541,-0.06583867555547396,-0.05434670759262734,-0.01149196796284662
2022-05-10 00:00:00+00:00,0.6025,0.701,0.5833,0.6286,436850308.6,0.80489,0.93983,31.467751281306832,-0.07238358987449178,-0.05795408404900023,-0.014429505825491552
2022-05-11 00:00:00+00:00,0.6286,0.6631,0.4727,0.5187,623456066.51,0.785325,0.9353250000000001,26.08439397868166,-0.08545343910022385,-0.06345395505924496,-0.021999484040978887
2022-05-12 00:00:00+00:00,0.5186,0.5508,0.4019,0.4733,815465798.46,0.76369,0.9301133333333333,24.23956874844906,-0.09834117351810245,-0.07043139875101646,-0.02790977476708599
2022-05-13 00:00:00+00:00,0.4733,0.6094,0.4689,0.529,458070252.8,0.7458400000000001,0.9255633333333333,30.714032309879343,-0.10287439936096354,-0.07691999887300588,-0.025954400487957663
2022-05-14 00:00:00+00:00,0.5289,0.5572,0.4888,0.5372,253441055.6,0.7283999999999999,0.9211833333333332,31.64023335129997,-0.10459958314826534,-0.08245591572805777,-0.02214366742020757
2022-05-15 00:00:00+00:00,0.5374,0.5999,0.5148,0.5981,195264575.4,0.7134349999999999,0.917185,38.24311459968487,-0.09990108516796603,-0.08594494961603942,-0.01395613555192661
2022-05-16 00:00:00+00:00,0.5982,0.6146,0.5444,0.5569,280903516.1,0.699985,0.91255,35.72881982442148,-0.09836806156325328,-0.0884295720054822,-0.009938489557771088
2022-05-17 00:00:00+00:00,0.5569,0.5999,0.5511,0.5778,178084619.6,0.68687,0.9079966666666668,37.95719402966799,-0.09437873467564917,-0.0896194045395156,-0.004759330136133569
2022-05-18 00:00:00+00:00,0.5776,0.5863,0.5026,0.5059,203077123.9,0.670005,0.9013783333333333,33.636531541811024,-0.09591326506655029,-0.09087817664492254,-0.005035088421627754
2022-05-19 00:00:00+00:00,0.5059,0.5467,0.4917,0.5334,205816006.7,0.656435,0.8956183333333333,36.608706318146524,-0.09382877161136971,-0.09146829563821197,-0.0023604759731577357
2022-05-20 00:00:00+00:00,0.5334,0.545,0.5012,0.5162,174293262.6,0.6444650000000001,0.8889383333333333,35.53668692804489,-0.09249842748994486,-0.09167432200855856,-0.0008241054813862975
2022-05-21 00:00:00+00:00,0.5162,0.5388,0.5086,0.5286,85487336.0,0.63142,0.8814983333333333,36.96968516715055,-0.08941284816415662,-0.09122202723967818,0.0018091790755215553
2022-05-22 00:00:00+00:00,0.5286,0.5488,0.5219,0.5416,104514258.8,0.619455,0.8720583333333334,38.512889623152596,-0.08493938461074257,-0.08996549871389106,0.005026114103148488
2022-05-23 00:00:00+00:00,0.5416,0.5595,0.5039,0.5134,189427959.8,0.60657,0.861765,36.42928605895406,-0.08271613670295952,-0.08851562631170476,0.00579948960874524
2022-05-24 00:00:00+00:00,0.5133,0.5255,0.4927,0.5219,170905795.6,0.5877399999999999,0.8521966666666667,37.52642057195407,-0.0793535790919846,-0.08668321686776073,0.007329637775776138
2022-05-25 00:00:00+00:00,0.5218,0.5328,0.5071,0.5146,133554250.3,0.5740500000000001,0.8415733333333333,36.93682933671662,-0.07639711852393316,-0.08462599719899522,0.008228878675062057
2022-05-26 00:00:00+00:00,0.5145,0.521,0.4614,0.4789,243664954.1,0.558835,0.8298216666666666,34.114048387830806,-0.07605804407860595,-0.08291240657491736,0.006854362496311411
2022-05-27 00:00:00+00:00,0.4788,0.4839,0.4454,0.4566,268406015.6,0.5436449999999999,0.8179316666666667,32.446031363574576,-0.07670454650373582,-0.08167083456068105,0.0049662880569452394
2022-05-28 00:00:00+00:00,0.4566,0.4693,0.4481,0.4646,105935970.4,0.52986,0.805825,33.69848165790523,-0.07569876297352429,-0.0804764202432497,0.004777657269725413
2022-05-29 00:00:00+00:00,0.4646,0.4827,0.4559,0.482,88626528.9,0.523865,0.7940416666666666,36.45788534218473,-0.07266005778064044,-0.07891314775072786,0.0062530899700874165
2022-05-30 00:00:00+00:00,0.4819,0.5777,0.4772,0.5698,259278313.4,0.520925,0.7845216666666667,48.17808861465337,-0.062447282398402026,-0.07561997468026269,0.01317269228186066
2022-05-31 00:00:00+00:00,0.5698,0.6893,0.5678,0.6268,663619489.7,0.52633,0.7755516666666668,54.09745556038882,-0.049187161715469996,-0.07033341208730415,0.021146250371834152
2022-06-01 00:00:00+00:00,0.6266,0.6314,0.5359,0.5516,355477399.6,0.530245,0.765495,46.54388732878911,-0.04423650121783995,-0.06511402991341131,0.020877528695571357
2022-06-02 00:00:00+00:00,0.5517,0.5981,0.5487,0.5871,306125734.2,0.53315,0.7555133333333334,50.08699409002803,-0.03702175010182962,-0.05949557395109498,0.022473823849265356
2022-06-03 00:00:00+00:00,0.5872,0.6055,0.539,0.56,206257910.9,0.5342899999999999,0.7446466666666666,47.49880970431206,-0.03310909039439314,-0.054218277239754614,0.021109186845361477
2022-06-04 00:00:00+00:00,0.56,0.5718,0.5449,0.5665,108779268.9,0.53271,0.7345716666666667,48.190337681098335,-0.02914778617467073,-0.04920417902673784,0.02005639285206711
2022-06-05 00:00:00+00:00,0.5666,0.5808,0.5538,0.5674,95277593.6,0.533235,0.726495,48.29189542855144,-0.02564023687232786,-0.04449139059585585,0.01885115372352799
2022-06-06 00:00:00+00:00,0.5675,0.6472,0.5651,0.6091,341502376.8,0.5347999999999999,0.7184966666666667,52.898831717382464,-0.0192734647765056,-0.039447805431985804,0.020174340655480204
2022-06-07 00:00:00+00:00,0.6091,0.645,0.5715,0.6141,338812294.7,0.54021,0.711665,53.43454945963357,-0.013666751997425397,-0.03429159474507373,0.02062484274764833
2022-06-08 00:00:00+00:00,0.614,0.6696,0.6087,0.6408,394267374.7,0.54558,0.7049283333333333,56.29331265493295,-0.006988367318688127,-0.02883094925979661,0.021842581941108483
2022-06-09 00:00:00+00:00,0.6407,0.6579,0.6258,0.6323,192310885.5,0.551385,0.6983499999999999,55.13288665046956,-0.002354437814621191,-0.023535646970761527,0.021181209156140336
2022-06-10 00:00:00+00:00,0.6323,0.6361,0.57,0.5744,272263844.1,0.5536749999999999,0.6925899999999999,47.890896427646794,-0.0033158384844875766,-0.019491685273506736,0.01617584678901916
2022-06-11 00:00:00+00:00,0.5744,0.6175,0.543,0.554,300758115.7,0.554295,0.6859066666666666,45.61730155691778,-0.005658635721739191,-0.01672507536315323,0.011066439641414037
2022-06-12 00:00:00+00:00,0.5541,0.561,0.4893,0.4904,397530507.9,0.553145,0.6778466666666667,39.34581754047023,-0.012503179019053179,-0.01588069609433322,0.0033775170752800426
2022-06-13 00:00:00+00:00,0.4904,0.4985,0.4366,0.4644,761583537.4,0.55027,0.6700366666666666,37.10028725773477,-0.0197973006449369,-0.016664017004453958,-0.0031332836404829416
2022-06-14 00:00:00+00:00,0.4642,0.52,0.4369,0.4831,609069303.4,0.548695,0.6621549999999999,39.76307223533023,-0.02379472014504591,-0.018090157632572348,-0.005704562512473563
2022-06-15 00:00:00+00:00,0.4831,0.5393,0.4483,0.5348,628287744.0,0.55149,0.6552183333333333,46.50569145718581,-0.02253122009362074,-0.018978370124782026,-0.0035528499688387144
2022-06-16 00:00:00+00:00,0.5347,0.5472,0.4673,0.4762,360176076.1,0.55247,0.6479216666666667,40.91528757436907,-0.025959176234599757,-0.020374531346745575,-0.005584644887854182
2022-06-17 00:00:00+00:00,0.4762,0.504,0.4717,0.4872,221261441.4,0.5536000000000001,0.640425,42.31701811061027,-0.027471572912180386,-0.021793939659832538,-0.005677633252347849
2022-06-18 00:00:00+00:00,0.4871,0.4953,0.4206,0.4549,383466178.7,0.552245,0.6321399999999999,39.36389220915535,-0.03092007090273874,-0.02361916590841378,-0.00730090499432496
2022-06-19 00:00:00+00:00,0.4548,0.49,0.4359,0.4848,304390171.7,0.547995,0.6246033333333333,43.30794275223367,-0.030884334902147814,-0.025072199707160587,-0.005812135194987227
2022-06-20 00:00:00+00:00,0.4849,0.5088,0.4613,0.4915,309797825.1,0.54123,0.6176283333333333,44.18405099509881,-0.02996990544411049,-0.02605174085455057,-0.00391816458955992
2022-06-21 00:00:00+00:00,0.4915,0.5114,0.4751,0.4813,269304587.0,0.537715,0.61055,43.09224684499508,-0.029725609937738096,-0.026786514671188075,-0.002939095266550021
2022-06-22 00:00:00+00:00,0.4813,0.4815,0.4559,0.4594,203592970.7,0.53133,0.6034399999999999,40.763210745736366,-0.03094246548188806,-0.027617704833328073,-0.0033247606485599865
2022-06-23 00:00:00+00:00,0.4594,0.4831,0.4563,0.48,160787911.2,0.5273300000000001,0.5966733333333334,43.83808109093628,-0.029899916800160686,-0.028074147226694598,-0.0018257695734660885
2022-06-24 00:00:00+00:00,0.48,0.5097,0.4762,0.4981,241562561.8,0.52391,0.5900183333333334,46.46743697520829,-0.02729849071846363,-0.027919015925048408,0.0006205252065847773
2022-06-25 00:00:00+00:00,0.4982,0.5078,0.4783,0.4984,142417111.7,0.52046,0.58456,46.51213517771745,-0.02492531084569849,-0.027320274909178426,0.002394964063479936
2022-06-26 00:00:00+00:00,0.4985,0.526,0.4885,0.4899,211856675.9,0.5145000000000001,0.5787233333333333,45.35656965101834,-0.023459995437170922,-0.026548219014776924,0.0030882235776060023
2022-06-27 00:00:00+00:00,0.4899,0.5088,0.4756,0.4856,157303921.4,0.508075,0.5727633333333333,44.75086081708462,-0.022387625867103134,-0.02571610038524217,0.0033284745181390366
2022-06-28 00:00:00+00:00,0.4855,0.4975,0.4671,0.4694,163559982.8,0.499505,0.5671733333333333,42.45079242208945,-0.022584628330815204,-0.025089805974356776,0.0025051776435415715
2022-06-29 00:00:00+00:00,0.4693,0.4772,0.4588,0.4662,166130162.2,0.49119999999999997,0.56235,41.99167664269193,-0.02273687096385668,-0.02461921897225676,0.0018823480084000782
2022-06-30 00:00:00+00:00,0.4662,0.4677,0.4352,0.4599,212174584.9,0.485475,0.5568566666666667,41.050375032851974,-0.02309960384200771,-0.024315295946206954,0.0012156921041992438
2022-07-01 00:00:00+00:00,0.4599,0.475,0.4427,0.4487,182788187.1,0.4802099999999999,0.55132,39.36112011716526,-0.024014000212729925,-0.024255036799511548,0.00024103658678162332
2022-07-02 00:00:00+00:00,0.4487,0.4617,0.4408,0.4559,109165380.7,0.47848500000000005,0.5460666666666666,41.04080857633782,-0.023882384831241832,-0.02418050640585761,0.000298121574615777
2022-07-03 00:00:00+00:00,0.4558,0.46,0.4436,0.4561,90832805.9,0.47807000000000005,0.5386933333333334,41.08962338031316,-0.023491149021457824,-0.024042634928977655,0.000551485907519831
2022-07-04 00:00:00+00:00,0.456,0.4765,0.4445,0.4695,196991430.2,0.47739000000000004,0.5333783333333333,44.410496710001716,-0.02184797396796373,-0.023603702736774874,0.0017557287688111448
2022-07-05 00:00:00+00:00,0.4695,0.4717,0.4447,0.4571,171538047.7,0.473505,0.5279433333333333,42.04832851425812,-0.021300780134394626,-0.023143118216298823,0.0018423380819041976
2022-07-06 00:00:00+00:00,0.4571,0.4656,0.447,0.4623,139221841.0,0.47280999999999995,0.522975,43.40773276135861,-0.020214508268955766,-0.022557396226830215,0.0023428879578744483
2022-07-07 00:00:00+00:00,0.4623,0.4827,0.4609,0.4776,142206515.1,0.47233,0.5185966666666667,47.32312628934669,-0.017912562981002633,-0.0216284295776647,0.003715866596662065
2022-07-08 00:00:00+00:00,0.4775,0.493,0.46,0.4661,170807637.3,0.4728899999999999,0.5163333333333333,44.81344950565061,-0.016822291738520845,-0.020667202009835926,0.0038449102713150815
2022-07-09 00:00:00+00:00,0.4661,0.4849,0.4653,0.478,100774030.7,0.47255,0.5138233333333333,47.892912363598995,-0.014827095844969329,-0.019499180776862607,0.004672084931893278
2022-07-10 00:00:00+00:00,0.4781,0.4798,0.4552,0.4624,115262368.1,0.47109499999999993,0.512885,44.39552872170113,-0.014339382870306838,-0.018467221195551456,0.004127838325244618
2022-07-11 00:00:00+00:00,0.4625,0.4628,0.4316,0.4347,162045832.1,0.468765,0.5122416666666667,38.955725628978215,-0.01600354640445667,-0.0179744862373325,0.0019709398328758287
2022-07-12 00:00:00+00:00,0.4347,0.4425,0.4156,0.4171,139595801.6,0.46665,0.5103766666666667,35.942255721330596,-0.018528990239993326,-0.018085387037864664,-0.0004436032021286618
2022-07-13 00:00:00+00:00,0.4171,0.4422,0.4023,0.4383,265120837.4,0.464565,0.5087283333333333,41.78403981662463,-0.01860528965256486,-0.018189367560804706,-0.00041592209176015416
2022-07-14 00:00:00+00:00,0.4383,0.4465,0.417,0.4416,208166850.3,0.46174,0.50612,42.66061595866333,-0.01818979443845342,-0.01818945293633445,-3.415021189723255e-07
2022-07-15 00:00:00+00:00,0.4417,0.4536,0.4326,0.4421,187707381.7,0.45892499999999997,0.5042066666666666,42.8011480925835,-0.017617086855449327,-0.018074979720157425,0.0004578928647080982
2022-07-16 00:00:00+00:00,0.4421,0.4591,0.4316,0.4578,147996093.0,0.45732,0.5022066666666666,47.17883711351529,-0.015715198158161803,-0.0176030234077583,0.001887825249596499
2022-07-17 00:00:00+00:00,0.4578,0.466,0.4421,0.4478,153582187.8,0.45542999999999995,0.5012383333333333,44.82558430441613,-0.014843744641390544,-0.01705116765448475,0.0022074230130942063
2022-07-18 00:00:00+00:00,0.4478,0.4998,0.4457,0.4904,383712607.4,0.45648,0.5005216666666666,55.100093263680144,-0.010593531833192116,-0.015759640490226223,0.005166108657034107
2022-07-19 00:00:00+00:00,0.4904,0.526,0.4733,0.5152,386358308.6,0.45893000000000006,0.500505,59.79406300236397,-0.005164521435507385,-0.013640616679282456,0.00847609524377507
2022-07-20 00:00:00+00:00,0.5152,0.5487,0.4868,0.491,389779718.7,0.460485,0.4998783333333333,53.87527585670367,-0.0027826526460334455,-0.011469023872632654,0.008686371226599208
2022-07-21 00:00:00+00:00,0.491,0.5023,0.4756,0.4993,261898181.1,0.46301500000000007,0.4991733333333333,55.50217579598324,-0.00022269672669028573,-0.00921975844344418,0.008997061716753895
2022-07-22 00:00:00+00:00,0.4994,0.5114,0.477,0.4828,200329666.4,0.46435999999999994,0.4986633333333333,51.605338881141236,0.0004692652810764919,-0.007281953698540046,0.007751218979616538
2022-07-23 00:00:00+00:00,0.4827,0.5186,0.473,0.517,199660186.4,0.467405,0.49858166666666665,58.16222508327706,0.003734258132961299,-0.005078711332239778,0.008812969465201076
2022-07-24 00:00:00+00:00,0.5171,0.5368,0.5095,0.512,233306136.5,0.46952999999999995,0.4985383333333333,56.94743033179883,0.0058508849185352485,-0.002892792082084772,0.00874367700062002
2022-07-25 00:00:00+00:00,0.512,0.5154,0.4741,0.4752,200850290.9,0.470435,0.4984766666666667,48.858924631409685,0.00450692146086773,-0.0014128493734942718,0.005919770834362002
2022-07-26 00:00:00+00:00,0.4752,0.4774,0.451,0.4677,213068947.5,0.470705,0.4986616666666667,47.38184384441968,0.0028043071112892615,-0.0005694180765375653,0.0033737251878268267
2022-07-27 00:00:00+00:00,0.4678,0.5122,0.4588,0.5111,290166822.0,0.47237999999999997,0.4994366666666667,55.723411002334494,0.004900500346106229,0.0005245656079911937,0.004375934738115036
2022-07-28 00:00:00+00:00,0.5112,0.5242,0.4885,0.513,306444781.5,0.474725,0.49995333333333336,56.05188487702441,0.006638537776847697,0.0017473600417624944,0.004891177735085203
2022-07-29 00:00:00+00:00,0.5131,0.5454,0.5064,0.5218,320668702.7,0.4769150000000001,0.49915333333333334,57.62008162132971,0.008626589464444556,0.003123205926298907,0.005503383538145649
2022-07-30 00:00:00+00:00,0.5219,0.556,0.509,0.5263,271896568.2,0.48011,0.49747833333333336,58.43682115052227,0.010444845465103714,0.004587533834059869,0.005857311631043844
2022-07-31 00:00:00+00:00,0.5263,0.5443,0.5125,0.5161,174783511.5,0.48418,0.4968866666666667,55.811286037697386,0.010936700218154627,0.005857367110878821,0.0050793331072758055
2022-08-01 00:00:00+00:00,0.5161,0.5262,0.5007,0.5124,158798003.7,0.488945,0.4956416666666667,54.84860357920804,0.010902265050679927,0.006866346698839043,0.004035918351840884
2022-08-02 00:00:00+00:00,0.5125,0.5155,0.4886,0.4963,182796003.4,0.491845,0.49457999999999996,50.74676796701514,0.00946671310977315,0.007386419981025865,0.002080293128747286
2022-08-03 00:00:00+00:00,0.4963,0.5167,0.489,0.5005,124963960.7,0.49478999999999995,0.49348000000000003,51.760272327106186,0.008569152892711984,0.007622966563363089,0.0009461863293488953
2022-08-04 00:00:00+00:00,0.5006,0.5112,0.4934,0.4997,102892954.2,0.49767,0.49235166666666663,51.54271008960055,0.007704464370596242,0.00763926612480972,6.519824578652203e-05
2022-08-05 00:00:00+00:00,0.4998,0.5193,0.4993,0.5174,112189883.6,0.50065,0.49082333333333333,55.95396122853809,0.00835116750146736,0.007781646400141248,0.0005695211013261123
2022-08-06 00:00:00+00:00,0.5174,0.5234,0.51,0.5112,78090180.3,0.5038199999999999,0.4891083333333333,54.09627182365418,0.008268086848999268,0.007878934489912852,0.00038915235908641536
2022-08-07 00:00:00+00:00,0.5114,0.5385,0.5063,0.5276,111026235.8,0.50568,0.48722166666666666,58.06253296145878,0.009417034066022734,0.008186554405134829,0.0012304796608879048
2022-08-08 00:00:00+00:00,0.5276,0.5496,0.523,0.5371,161524833.4,0.506775,0.48563500000000004,60.20739872175779,0.010967724517354394,0.008742788427578743,0.0022249360897756507
2022-08-09 00:00:00+00:00,0.5371,0.5374,0.5057,0.5129,143030490.2,0.5078699999999999,0.48461,52.79936330782776,0.010127180289567383,0.009019666799976471,0.0011075134895909122
2022-08-10 00:00:00+00:00,0.5128,0.5389,0.502,0.5374,168972340.2,0.509775,0.4843333333333334,58.38234488390198,0.011307640734582458,0.00947726158689767,0.001830379147684788
2022-08-11 00:00:00+00:00,0.5374,0.5476,0.5286,0.5303,155468308.4,0.51215,0.48499833333333336,56.30392191731824,0.011537259137547773,0.009889261097027691,0.0016479980405200816
2022-08-12 00:00:00+00:00,0.5302,0.542,0.5205,0.5402,106913181.8,0.5133099999999999,0.48626166666666665,58.52129667464656,0.012375424448844874,0.010386493767391128,0.0019889306814537457
2022-08-13 00:00:00+00:00,0.5403,0.5677,0.5378,0.5593,193063122.5,0.5156750000000001,0.48753166666666664,62.47743950571523,0.014414722918392853,0.011192139597591473,0.0032225833208013796
2022-08-14 00:00:00+00:00,0.5592,0.5948,0.5567,0.5695,236011611.2,0.52039,0.48811,64.428626591746,0.016661868751589703,0.01228608542839112,0.004375783323198584
2022-08-15 00:00:00+00:00,0.5695,0.5824,0.5427,0.5499,190761668.9,0.5245,0.4893383333333333,58.16912752083187,0.016669041484133285,0.013162676639539555,0.0035063648445937297
2022-08-16 00:00:00+00:00,0.5499,0.5704,0.5475,0.557,146450653.2,0.526795,0.4905016666666667,59.69665407437147,0.01705108232605046,0.013940357776841735,0.003110724549208724
2022-08-17 00:00:00+00:00,0.5569,0.5834,0.5304,0.5384,234245028.0,0.528065,0.49189333333333335,54.12098701503287,0.015672327061728608,0.01428675163381911,0.0013855754279094978
2022-08-18 00:00:00+00:00,0.5384,0.5441,0.5075,0.5119,132313932.3,0.52757,0.49234500000000003,47.33727080814826,0.012299543569035176,0.013889310020862324,-0.001589766451827148
2022-08-19 00:00:00+00:00,0.5119,0.5121,0.4461,0.45,328230521.1,0.5237550000000001,0.4916533333333334,35.98956598040196,0.004578991903032681,0.012027246397296397,-0.007448254494263716
2022-08-20 00:00:00+00:00,0.4499,0.4632,0.4347,0.4508,211122393.3,0.52049,0.491145,36.20242546412452,-0.0014582379424453729,0.009330149529348044,-0.010788387471793417
2022-08-21 00:00:00+00:00,0.4508,0.4726,0.4468,0.4626,169047210.7,0.518,0.49119833333333335,39.40329480941307,-0.005230332688133998,0.006418053085851636,-0.011648385773985633
2022-08-22 00:00:00+00:00,0.4627,0.4632,0.4374,0.4615,189193918.6,0.5162599999999999,0.49089000000000005,39.20582091442693,-0.008213821931187582,0.003491678082443792,-0.011705500013631374
2022-08-23 00:00:00+00:00,0.4614,0.47,0.4457,0.4658,124261125.9,0.5145250000000001,0.49035166666666663,40.46194417271292,-0.010114688752028034,0.0007704047155494271,-0.010885093467577461
2022-08-24 00:00:00+00:00,0.4659,0.4691,0.4536,0.4578,103361101.6,0.5124299999999999,0.489675,38.853497764018975,-0.012126881403660528,-0.001809052508292564,-0.010317828895367963
2022-08-25 00:00:00+00:00,0.4578,0.4741,0.4574,0.4645,119929958.0,0.509785,0.4892516666666667,40.969921900409425,-0.013030714604755356,-0.004053384927585123,-0.008977329677170232
2022-08-26 00:00:00+00:00,0.4645,0.482,0.4257,0.4316,375988353.5,0.5058050000000001,0.48835166666666663,34.6311665984408,-0.016214849282482013,-0.0064856777985645014,-0.009729171483917512
2022-08-27 00:00:00+00:00,0.4315,0.4514,0.4258,0.4499,188501508.5,0.5019199999999999,0.48802666666666666,40.17559890537862,-0.01706492802676951,-0.008601527844205504,-0.008463400182564007
2022-08-28 00:00:00+00:00,0.4498,0.4544,0.4274,0.4293,131217761.8,0.49653,0.48741166666666663,36.42980396056617,-0.019179776866005915,-0.010717177648565586,-0.008462599217440329
2022-08-29 00:00:00+00:00,0.4293,0.453,0.4236,0.4504,144932469.0,0.493405,0.48725333333333337,42.35797576678218,-0.018934945878330667,-0.012360731294518604,-0.006574214583812063
2022-08-30 00:00:00+00:00,0.4503,0.4628,0.4385,0.4531,153120426.8,0.48919000000000007,0.48732666666666663,43.08932857361018,-0.018311959254045773,-0.01355097688642404,-0.004760982367621734
2022-08-31 00:00:00+00:00,0.4531,0.4631,0.4446,0.4462,115611898.1,0.484985,0.487165,41.63547314277061,-0.01816560837457415,-0.014473903184054062,-0.0036917051905200875
2022-09-01 00:00:00+00:00,0.4461,0.4624,0.4407,0.4575,126696718.0,0.48084999999999994,0.48718833333333333,44.913487209465515,-0.016942506023141124,-0.014967623751871474,-0.00197488227126965
2022-09-02 00:00:00+00:00,0.4575,0.4665,0.4487,0.4543,106798749.5,0.4755999999999999,0.486935,44.157143784091154,-0.016046428613635033,-0.015183384724224185,-0.0008630438894108479
2022-09-03 00:00:00+00:00,0.4544,0.486,0.4535,0.4803,182225091.7,0.47114,0.48732166666666665,51.328841797170156,-0.013087434305746937,-0.014764194640528736,0.0016767603347817989
2022-09-04 00:00:00+00:00,0.4803,0.51,0.4756,0.5035,199924106.3,0.46882,0.4880083333333333,56.675552915411174,-0.008769277120868835,-0.013565211136596757,0.004795934015727922
2022-09-05 00:00:00+00:00,0.5035,0.5076,0.4826,0.4984,141753954.4,0.46589,0.48835500000000004,55.23898035497058,-0.005693008362108287,-0.011990770581699063,0.006297762219590776
2022-09-06 00:00:00+00:00,0.4985,0.5122,0.4592,0.4625,233944338.0,0.462095,0.488295,46.335589319211486,-0.006081766361801744,-0.0108089697377196,0.004727203375917857
2022-09-07 00:00:00+00:00,0.4625,0.4821,0.4536,0.4787,139305299.9,0.46043500000000004,0.4883066666666666,50.23366862809674,-0.005024733269119397,-0.00965212244399956,0.004627389174880163
2022-09-08 00:00:00+00:00,0.4787,0.4831,0.4627,0.479,113848178.5,0.46188499999999993,0.48858333333333337,50.30565697211778,-0.004115379897141835,-0.008544773934628016,0.0044293940374861805
2022-09-09 00:00:00+00:00,0.4791,0.505,0.4783,0.5022,179504511.2,0.46445499999999995,0.48970833333333336,55.64865226445474,-0.0015053123846564542,-0.007136881624633704,0.005631569239977249
2022-09-10 00:00:00+00:00,0.5022,0.5242,0.4945,0.5121,194060696.5,0.46692999999999996,0.4912916666666666,57.736849880154196,0.0013465104514464588,-0.005440203209417672,0.0067867136608641306
2022-09-11 00:00:00+00:00,0.5121,0.5199,0.5,0.5098,129240731.5,0.469345,0.49248333333333333,57.06463343847734,0.0033820239503710714,-0.0036757577774599232,0.007057781727830994
2022-09-12 00:00:00+00:00,0.5098,0.5197,0.4958,0.5012,168685217.5,0.471115,0.4934766666666667,54.50910681458085,0.004252218014196674,-0.0020901626191286043,0.0063423806333252775
2022-09-13 00:00:00+00:00,0.5013,0.509,0.4612,0.4635,232872260.6,0.47140000000000004,0.4938333333333333,44.99613569739122,0.0018781282577728375,-0.001296504443748316,0.003174632701521154
2022-09-14 00:00:00+00:00,0.4635,0.4871,0.462,0.4809,139528796.3,0.47222,0.49421833333333337,49.386551216911144,0.0013847174428222586,-0.0007602600664342013,0.00214497750925646
2022-09-15 00:00:00+00:00,0.4807,0.482,0.4619,0.4662,131971420.4,0.47395,0.49452500000000005,46.04285051967017,-0.000190287810404699,-0.0006462656152283008,0.00045597780482360185
2022-09-16 00:00:00+00:00,0.4662,0.4747,0.454,0.4746,102993446.9,0.475185,0.49426166666666665,48.20102473382523,-0.000752012293013915,-0.0006674149507854238,-8.459734222849126e-05
2022-09-17 00:00:00+00:00,0.4746,0.4883,0.4723,0.4859,100281140.5,0.47801499999999997,0.49377333333333334,51.038154011268304,-0.0002821153800380283,-0.0005903550366359447,0.0003082396565979164
2022-09-18 00:00:00+00:00,0.4859,0.4904,0.4403,0.4477,128727598.1,0.47788,0.4930516666666666,42.55303235206425,-0.0029580409851989176,-0.0010638922263485394,-0.0018941487588503782
2022-09-19 00:00:00+00:00,0.4477,0.457,0.4332,0.4527,182324362.8,0.47786,0.492275,43.86844352167886,-0.004621993627587695,-0.0017755125065963707,-0.0028464811209913243
2022-09-20 00:00:00+00:00,0.4527,0.4545,0.4373,0.4422,107529839.9,0.47766000000000003,0.4915983333333333,41.708591874565755,-0.006710594773304379,-0.0027625289599379726,-0.003948065813366406
2022-09-21 00:00:00+00:00,0.4423,0.4645,0.4313,0.4389,285433830.3,0.47673000000000004,0.49029666666666666,41.02494934264782,-0.008533737041050427,-0.003916770576160463,-0.0046169664648899635
2022-09-22 00:00:00+00:00,0.4388,0.4666,0.4343,0.4584,155204297.3,0.476935,0.48940333333333336,46.59536789482702,-0.00830931873753471,-0.004795280208435313,-0.003514038529099397
2022-09-23 00:00:00+00:00,0.4583,0.4825,0.446,0.4618,210001077.3,0.47600999999999993,0.48918,47.526030815045445,-0.007767574269110344,-0.00538973902057032,-0.0023778352485400245
2022-09-24 00:00:00+00:00,0.4619,0.4689,0.4504,0.4511,122469926.2,0.47339000000000003,0.4889033333333333,44.875618305076294,-0.008108172485938925,-0.005933425713644041,-0.0021747467722948834
2022-09-25 00:00:00+00:00,0.451,0.4628,0.4385,0.4464,112039917.9,0.47079000000000004,0.487825,43.722210717387156,-0.00865755088959741,-0.006478250748834716,-0.0021793001407626935
2022-09-26 00:00:00+00:00,0.4462,0.4507,0.4365,0.4473,125876450.8,0.47002999999999995,0.48672999999999994,44.018928041595096,-0.008917519144434172,-0.006966104427954608,-0.0019514147164795635
2022-09-27 00:00:00+00:00,0.4473,0.4633,0.4373,0.4411,148327423.1,0.46814999999999996,0.485385,42.36195393460141,-0.009514160721363907,-0.007475715686636468,-0.0020384450347274386
2022-09-28 00:00:00+00:00,0.4414,0.4431,0.4251,0.4361,126497310.3,0.466005,0.4838816666666667,41.02090538920082,-0.010272051863159493,-0.008034982921941073,-0.0022370689412184192
2022-09-29 00:00:00+00:00,0.4362,0.4394,0.4277,0.4381,120381859.1,0.4628,0.48258166666666663,41.81437246906549,-0.010589236639629906,-0.008545833665478841,-0.002043402974151065
2022-09-30 00:00:00+00:00,0.4382,0.4415,0.4293,0.4347,120942156.5,0.45892999999999995,0.48128666666666664,40.80924085627168,-0.010988293240686509,-0.009034325580520376,-0.0019539676601661327
2022-10-01 00:00:00+00:00,0.4346,0.4364,0.4275,0.43,61750878.7,0.45494,0.4801816666666667,39.39933578239688,-0.011550650483785674,-0.009537590561173436,-0.0020130599226122377
2022-10-02 00:00:00+00:00,0.4301,0.4328,0.4176,0.4194,79897439.7,0.45085,0.47883,36.3492017365693,-0.012705196466455626,-0.010171111742229875,-0.0025340847242257512
2022-10-03 00:00:00+00:00,0.4195,0.4288,0.4158,0.4276,97901531.3,0.449055,0.4776283333333334,40.20561109342752,-0.01281083566693536,-0.010699056527170974,-0.002111779139764387
2022-10-04 00:00:00+00:00,0.4276,0.4377,0.4253,0.4355,89193827.3,0.44678499999999993,0.47626333333333337,43.74201122172712,-0.012117409562844739,-0.010982727134305727,-0.0011346824285390113
2022-10-05 00:00:00+00:00,0.4356,0.4367,0.4236,0.4309,86070134.7,0.4450200000000001,0.474925,42.17778292856626,-0.011802988432143002,-0.011146779393873183,-0.0006562090382698192
2022-10-06 00:00:00+00:00,0.4309,0.437,0.4255,0.4288,87385034.1,0.44272999999999996,0.47327833333333336,41.44906035087574,-0.011589661467266865,-0.011235355808551919,-0.0003543056587149464
2022-10-07 00:00:00+00:00,0.4288,0.4304,0.4215,0.424,85765776.0,0.439635,0.47139333333333333,39.758184772179,-0.011673355025073107,-0.011322955651856158,-0.00035039937321694817
2022-10-08 00:00:00+00:00,0.4239,0.4271,0.4188,0.4219,57044040.1,0.438345,0.46987666666666666,39.00843180318147,-0.011773418581473127,-0.011413048237779553,-0.0003603703436935741
2022-10-09 00:00:00+00:00,0.4219,0.4242,0.419,0.423,50765905.1,0.43685999999999997,0.46797,39.65041550786915,-0.011629896654647254,-0.011456417921153095,-0.000173478733494159
2022-10-10 00:00:00+00:00,0.423,0.4268,0.3982,0.4012,108015329.8,0.43481,0.4658183333333333,32.37698764333098,-0.013123947604801955,-0.011789923857882868,-0.0013340237469190875
2022-10-11 00:00:00+00:00,0.4011,0.4016,0.3837,0.3908,157186233.63,0.432405,0.46332833333333334,29.58845806320798,-0.014974569316691777,-0.012426852949644651,-0.0025477163670471255
2022-10-12 00:00:00+00:00,0.3907,0.3954,0.376,0.3814,100681651.0,0.42855499999999996,0.46036333333333335,27.299816689428155,-0.017003693799606145,-0.013342221119636951,-0.0036614726799691945
2022-10-13 00:00:00+00:00,0.3814,0.3824,0.349,0.3768,269611367.28,0.42430500000000004,0.4571516666666667,26.230570268293818,-0.018766640972264326,-0.014427105090162427,-0.004339535882101899
2022-10-14 00:00:00+00:00,0.3769,0.389,0.3606,0.3667,135534544.8,0.420085,0.4540983333333333,24.00721866442626,-0.020739700540902295,-0.0156896241803104,-0.005050076360591894
2022-10-15 00:00:00+00:00,0.3667,0.37,0.3612,0.3641,62954187.6,0.41597,0.4508833333333333,23.45604078299621,-0.02225660247597877,-0.017003019839444078,-0.005253582636534693
2022-10-16 00:00:00+00:00,0.3641,0.3749,0.3638,0.3703,61182203.2,0.41212,0.44808166666666666,27.717757477293773,-0.02269683501797909,-0.018141782875151082,-0.004555052142828007
2022-10-17 00:00:00+00:00,0.3703,0.3758,0.366,0.3723,66215062.2,0.40868000000000004,0.44575499999999996,29.089297331926247,-0.022623549003671917,-0.019038136100855252,-0.003585412902816665
2022-10-18 00:00:00+00:00,0.3724,0.3743,0.3569,0.3624,95363501.1,0.404995,0.444295,26.417193254758686,-0.023098056553674307,-0.019850120191419064,-0.003247936362255243
2022-10-19 00:00:00+00:00,0.3624,0.3624,0.347,0.3497,92329214.7,0.400575,0.44261000000000006,23.44228674156247,-0.024219701425571616,-0.020724036438249573,-0.0034956649873220426
2022-10-20 00:00:00+00:00,0.3496,0.3557,0.3364,0.3402,111680559.0,0.39585,0.44057,21.492536882456562,-0.025580309784743904,-0.02169529110754844,-0.0038850186771954634
2022-10-21 00:00:00+00:00,0.3402,0.3499,0.33,0.3492,127159385.38,0.39181,0.4386983333333333,27.63328612524188,-0.02563685126518095,-0.022483603139074944,-0.003153248126106005
2022-10-22 00:00:00+00:00,0.3492,0.3544,0.343,0.3513,71962552.0,0.388405,0.43679,29.02823248981956,-0.025221470929168044,-0.023031176697093567,-0.0021902942320744766
2022-10-23 00:00:00+00:00,0.3513,0.3638,0.346,0.3621,85104357.9,0.38513,0.435195,35.87428209548456,-0.0237470678632985,-0.023174354930334554,-0.0005727129329639452
2022-10-24 00:00:00+00:00,0.3621,0.3652,0.3533,0.3573,92438606.2,0.38122,0.43340833333333334,34.291075145442704,-0.02270419289302117,-0.023080322522871878,0.00037612962985070914
2022-10-25 00:00:00+00:00,0.3572,0.4173,0.3569,0.4,319472649.0,0.37967500000000004,0.4328816666666667,53.81688361995086,-0.01822212056140199,-0.0221086821305779,0.0038865615691759114
2022-10-26 00:00:00+00:00,0.4001,0.4122,0.3945,0.403,197702684.6,0.378385,0.4321,54.83240642345599,-0.014263549696898026,-0.020539655643841928,0.006276105946943902
2022-10-27 00:00:00+00:00,0.403,0.4194,0.3861,0.3884,170796279.1,0.37660499999999997,0.43141833333333335,49.16623532435266,-0.012164230077165383,-0.018864570530506622,0.006700340453341239
2022-10-28 00:00:00+00:00,0.3884,0.4115,0.3777,0.4044,139227634.2,0.37573,0.43065166666666665,54.69184911429564,-0.009104487012392859,-0.01691255382688387,0.007808066814491012
2022-10-29 00:00:00+00:00,0.4044,0.44,0.4008,0.42,200912371.4,0.37557999999999997,0.43010000000000004,59.333326134587296,-0.005359053135293057,-0.014601853688565708,0.00924280055327265
2022-10-30 00:00:00+00:00,0.4201,0.4216,0.3981,0.4056,117123022.0,0.3758,0.4294233333333333,53.84949493699673,-0.0035122425120918677,-0.01238393145327094,0.008871688941179073
2022-10-31 00:00:00+00:00,0.4057,0.4163,0.3975,0.4055,122659161.8,0.376535,0.42855666666666664,53.81229954625766,-0.0020332627644318313,-0.010313797715503118,0.008280534951071287
2022-11-01 00:00:00+00:00,0.4055,0.4154,0.3985,0.4011,88819285.6,0.37751999999999997,0.42767,52.10684697808724,-0.0012023440132516439,-0.008491506975052824,0.0072891629618011804
2022-11-02 00:00:00+00:00,0.4012,0.4093,0.38,0.3856,168322996.7,0.37795999999999996,0.42609166666666665,46.51431554072529,-0.0017741046040563035,-0.007148026500853521,0.0053739218967972175
2022-11-03 00:00:00+00:00,0.3856,0.3992,0.3842,0.3895,90983702.8,0.3791,0.42419166666666663,48.025851944093276,-0.0018907363535009547,-0.006096568471383008,0.004205832117882054
2022-11-04 00:00:00+00:00,0.3894,0.4263,0.3881,0.4216,233382097.9,0.381975,0.4229116666666667,58.43727656747923,0.000600116108939952,-0.004757231555318417,0.005357347664258369
2022-11-05 00:00:00+00:00,0.4216,0.4378,0.42,0.4264,165672546.7,0.38478,0.4223100000000001,59.73612721030606,0.0029277057463629186,-0.00322024409498215,0.006147949841345068
2022-11-06 00:00:00+00:00,0.4263,0.431,0.4014,0.4021,112501696.2,0.38627,0.4210333333333333,51.04017591858133,0.002779490154641795,-0.0020202972450573614,0.004799787399699156
2022-11-07 00:00:00+00:00,0.4021,0.4161,0.3975,0.4041,138637231.9,0.388355,0.41978499999999996,51.66385397027699,0.0027912358858614428,-0.0010579906188736008,0.0038492265047350436
2022-11-08 00:00:00+00:00,0.404,0.4156,0.3463,0.3722,379698137.7,0.38948,0.41761833333333337,42.388788442266005,0.00022390008113776227,-0.0008016124788713283,0.0010255125600090904
2022-11-09 00:00:00+00:00,0.3721,0.3766,0.31,0.3175,397998672.0,0.388345,0.414375,31.834854302902045,-0.006153629681322548,-0.0018720159193615724,-0.004281613761960975
2022-11-10 00:00:00+00:00,0.3174,0.3793,0.3119,0.3687,361917813.6,0.38932,0.4120233333333333,45.51039115808444,-0.006995812490300624,-0.002896775233549383,-0.004099037256751241
2022-11-11 00:00:00+00:00,0.3688,0.3741,0.342,0.3556,191115121.1,0.389535,0.40959666666666666,43.126365660847405,-0.008620932212544952,-0.004041606629348497,-0.004579325583196455
2022-11-12 00:00:00+00:00,0.3557,0.3569,0.3362,0.3397,118816381.9,0.388415,0.40753333333333336,40.36266696132825,-0.011064305986809908,-0.005446146500840779,-0.005618159485969129
2022-11-13 00:00:00+00:00,0.3397,0.3453,0.3251,0.3298,146747692.7,0.38704,0.40501499999999996,38.69971995637589,-0.013642284801555327,-0.007085374160983689,-0.006556910640571637
2022-11-14 00:00:00+00:00,0.3299,0.3419,0.3142,0.3323,180688535.9,0.38365499999999997,0.4027833333333333,39.37894167794217,-0.01530717094072559,-0.00872973351693207,-0.00657743742379352
2022-11-15 00:00:00+00:00,0.3322,0.3449,0.3292,0.3373,103952732.7,0.38037,0.400495,40.7919494438742,-0.016038267819668384,-0.010191440377479334,-0.00584682744218905
2022-11-16 00:00:00+00:00,0.3373,0.3443,0.3237,0.332,102897046.5,0.37755,0.39792999999999995,39.73469038093951,-0.016851084259641602,-0.011523369153911788,-0.005327715105729814
2022-11-17 00:00:00+00:00,0.332,0.3345,0.3186,0.325,75533614.5,0.37358,0.395885,38.32195297832201,-0.017854275666918162,-0.012789550456513064,-0.005064725210405099
2022-11-18 00:00:00+00:00,0.3251,0.3325,0.3206,0.326,80892957.7,0.36888,0.39377333333333336,38.657489500968026,-0.018357012231970504,-0.013903042811604554,-0.004453969420365951
2022-11-19 00:00:00+00:00,0.326,0.3322,0.3213,0.328,49281576.1,0.365,0.39187,39.36792765465245,-0.01838215327602044,-0.014798864904487731,-0.0035832883715327096
2022-11-20 00:00:00+00:00,0.328,0.3312,0.31,0.312,87909126.7,0.360325,0.389755,35.79621502412385,-0.01946872072334138,-0.01573283606825846,-0.0037358846550829203
2022-11-21 00:00:00+00:00,0.312,0.3133,0.2953,0.3046,162743368.09,0.35550000000000004,0.38719166666666666,34.24856501118022,-0.020688467632514862,-0.016723962381109743,-0.003964505251405119
2022-11-22 00:00:00+00:00,0.3046,0.3169,0.2982,0.3126,119265124.3,0.35185,0.384705,37.39961713702602,-0.020770167146738905,-0.017533203334235574,-0.003236963812503331
2022-11-23 00:00:00+00:00,0.3126,0.3204,0.3093,0.3185,130172804.6,0.3483,0.382495,39.69497579951051,-0.020126824405498622,-0.018051927548488184,-0.002074896857010438
2022-11-24 00:00:00+00:00,0.3185,0.3213,0.3116,0.3163,77452139.6,0.34303500000000003,0.38032666666666665,39.1189837573044,-0.019568914002469906,-0.01835532483928453,-0.001213589163185376
2022-11-25 00:00:00+00:00,0.3162,0.3173,0.3073,0.3146,81668650.3,0.337445,0.37811500000000003,38.652252726329046,-0.019044409680980534,-0.01849314180762373,-0.0005512678733568047
2022-11-26 00:00:00+00:00,0.3147,0.3228,0.3109,0.3138,66377188.0,0.33303000000000005,0.37599333333333335,38.41994609223158,-0.01848026060082808,-0.0184905655662646,1.0304965436521568e-05
2022-11-27 00:00:00+00:00,0.3138,0.3196,0.3114,0.3126,50910598.2,0.328455,0.373935,38.050523559784594,-0.01792338869357668,-0.018377130191727018,0.0004537414981503375
2022-11-28 00:00:00+00:00,0.3126,0.3139,0.3,0.3066,118919688.1,0.32517500000000005,0.37174333333333337,36.177431808696774,-0.017761470376572663,-0.01825399822869615,0.0004925278521234859
2022-11-29 00:00:00+00:00,0.3066,0.3128,0.3042,0.3092,63045432.9,0.32476,0.3696516666666667,37.61066078934201,-0.01722479397007004,-0.01804815737697093,0.0008233634069008886
2022-11-30 00:00:00+00:00,0.3093,0.3209,0.3084,0.3187,103696273.3,0.32226,0.3677966666666667,42.67604500028728,-0.015850192295800813,-0.017608564360736906,0.0017583720649360923
2022-12-01 00:00:00+00:00,0.3186,0.32,0.3125,0.3145,69894876.1,0.32020499999999996,0.36604833333333336,41.087772655516886,-0.014927638935096466,-0.01707237927560882,0.0021447403405123536
2022-12-02 00:00:00+00:00,0.3144,0.32,0.3106,0.3191,62310109.4,0.319175,0.36423999999999995,43.56509124428123,-0.01366777360764887,-0.01639145814201683,0.00272368453436796
2022-12-03 00:00:00+00:00,0.3192,0.3265,0.3162,0.3196,88483029.8,0.318665,0.3623083333333333,43.841523420507876,-0.012485055489475982,-0.015610177611508663,0.00312512212203268
2022-12-04 00:00:00+00:00,0.3196,0.3241,0.3181,0.3221,58073868.4,0.318155,0.360495,45.284650677645104,-0.011216714451141363,-0.014731484979435203,0.0035147705282938396
2022-12-05 00:00:00+00:00,0.3222,0.329,0.3163,0.3193,68934870.6,0.31725499999999995,0.35867,43.923248412016356,-0.010318535980068488,-0.01384889517956186,0.0035303591994933717
2022-12-06 00:00:00+00:00,0.3193,0.3211,0.3135,0.3183,54889434.1,0.31657,0.3569083333333333,43.42117906024082,-0.009577016824896645,-0.012994519508628817,0.0034175026837321727
2022-12-07 00:00:00+00:00,0.3183,0.3199,0.3067,0.3102,80392338.0,0.31583,0.3550466666666667,39.48420659400154,-0.009533068577113613,-0.012302229322325777,0.0027691607452121642
2022-12-08 00:00:00+00:00,0.3103,0.3158,0.3072,0.3145,55078149.3,0.315255,0.3532383333333333,42.466495507891075,-0.009046977288085734,-0.01165117891547777,0.0026042016273920363
2022-12-09 00:00:00+00:00,0.3144,0.3166,0.3088,0.3118,50246553.9,0.314445,0.35174833333333333,41.09696800934972,-0.00877842169368398,-0.011076627471119012,0.0022982057774350324
2022-12-10 00:00:00+00:00,0.3119,0.315,0.3106,0.3126,23073305.7,0.31447499999999995,0.350445,41.696934001316286,-0.00840415823147539,-0.01054213362319029,0.0021379753917149004
2022-12-11 00:00:00+00:00,0.3126,0.315,0.3051,0.3074,38521495.3,0.314615,0.34921166666666664,38.92182396779769,-0.008429972804030239,-0.010119701459358279,0.0016897286553280398
2022-12-12 00:00:00+00:00,0.3073,0.3079,0.3004,0.3069,59718587.9,0.31433,0.34804666666666667,38.65542174423207,-0.008394015870230975,-0.009774564341532819,0.0013805484713018436
2022-12-13 00:00:00+00:00,0.3069,0.3187,0.2991,0.3142,125438617.5,0.31411500000000003,0.3471716666666667,44.61572894738224,-0.007687850000499541,-0.009357221473326164,0.0016693714728266227
2022-12-14 00:00:00+00:00,0.3142,0.3157,0.3053,0.3079,91418405.6,0.313695,0.346235,40.920543604496366,-0.007549539418795437,-0.008995685062420019,0.0014461456436245818
2022-12-15 00:00:00+00:00,0.308,0.3086,0.2962,0.3003,88292967.3,0.31298000000000004,0.34506833333333337,36.945288350521835,-0.007961409596448421,-0.0087888299692257,0.0008274203727772784
2022-12-16 00:00:00+00:00,0.3003,0.3013,0.255,0.2632,218355848.5,0.31045,0.34325000000000006,24.455688573546013,-0.011152915751630077,-0.009261647125706575,-0.001891268625923502
2022-12-17 00:00:00+00:00,0.2633,0.2678,0.2587,0.2672,164203460.7,0.30818,0.3416633333333333,27.30894749301943,-0.013207196462936222,-0.010050756993152506,-0.003156439469783716
2022-12-18 00:00:00+00:00,0.2672,0.2713,0.2627,0.2659,90386512.2,0.306145,0.34026666666666666,26.952653104368707,-0.014769869995008678,-0.010994579593523741,-0.003775290401484936
2022-12-19 00:00:00+00:00,0.266,0.2694,0.2488,0.2529,109679881.16,0.30333,0.3388116666666666,23.632230126232074,-0.016862906295122382,-0.01216824493384347,-0.004694661361278912
2022-12-20 00:00:00+00:00,0.2529,0.2621,0.2512,0.2587,79578969.4,0.30033000000000004,0.33730333333333334,27.89995810975367,-0.01784790161521005,-0.013304176270116787,-0.0045437253450932615
2022-12-21 00:00:00+00:00,0.2586,0.2593,0.2478,0.2534,93178931.7,0.297275,0.33567166666666665,26.445596033908643,-0.01883901872792587,-0.014411144761678606,-0.004427873966247265
2022-12-22 00:00:00+00:00,0.2534,0.2569,0.2465,0.2566,78100191.4,0.29415,0.33391333333333334,28.856946221818532,-0.019145574656943443,-0.015358030740731573,-0.0037875439162118694
2022-12-23 00:00:00+00:00,0.2567,0.264,0.2554,0.2594,74119327.5,0.29114,0.3322816666666667,30.98883098324177,-0.018944208793274075,-0.016075266351240076,-0.002868942442033999
2022-12-24 00:00:00+00:00,0.2594,0.2604,0.2566,0.2592,32054310.5,0.287995,0.329935,30.917563220193543,-0.018586509512128258,-0.016577514983417713,-0.002008994528710544
2022-12-25 00:00:00+00:00,0.2591,0.2599,0.2546,0.2591,46627019.2,0.284985,0.3275366666666667,30.87932387873711,-0.018102425921348753,-0.016882497171003923,-0.00121992875034483
2022-12-26 00:00:00+00:00,0.259,0.2657,0.2576,0.2652,61775474.3,0.28232999999999997,0.32548333333333335,36.07332215099881,-0.017030253012090213,-0.01691204833922118,-0.00011820467286903155
2022-12-27 00:00:00+00:00,0.2653,0.2665,0.2563,0.2603,59557924.7,0.27983499999999994,0.3230816666666667,33.871514543869026,-0.01638703773546779,-0.016807046218470505,0.0004200084830027137
2022-12-28 00:00:00+00:00,0.2603,0.2611,0.2468,0.2482,115688916.7,0.27652,0.32021833333333327,29.141344191587763,-0.016661589439134372,-0.016777954862603278,0.00011636542346890599
2022-12-29 00:00:00+00:00,0.2483,0.2484,0.2396,0.244,119235796.6,0.27313,0.31752499999999995,27.695568074196743,-0.017021861122187842,-0.016826736114520194,-0.00019512500766764862
2022-12-30 00:00:00+00:00,0.244,0.2463,0.2392,0.2458,77783257.0,0.26979000000000003,0.31486333333333333,29.314139661168582,-0.01696655419441273,-0.0168546997304987,-0.00011185446391403023
2022-12-31 00:00:00+00:00,0.2457,0.2521,0.244,0.2458,66923069.1,0.26671,0.31227499999999997,29.314139661168582,-0.016729871510891947,-0.01682973408657735,9.98625756854013e-05
2023-01-01 00:00:00+00:00,0.2458,0.25,0.2434,0.2499,49487029.5,0.26386000000000004,0.3100133333333333,33.260791055217794,-0.01602671702652786,-0.01666913067456745,0.0006424136480395921
2023-01-02 00:00:00+00:00,0.2499,0.2565,0.2466,0.2538,75458284.6,0.26083999999999996,0.30775166666666665,36.87145785416385,-0.014982060755000137,-0.01633171669065399,0.0013496559356538512
2023-01-03 00:00:00+00:00,0.2538,0.2555,0.2502,0.2529,71671057.1,0.25809,0.30494,36.38228881590381,-0.014064657000897207,-0.015878304752702632,0.001813647751805425
2023-01-04 00:00:00+00:00,0.2529,0.2708,0.2518,0.2678,148810996.5,0.256465,0.30229666666666666,48.551667305199466,-0.01199700839582063,-0.015102045481326234,0.003105037085505604
2023-01-05 00:00:00+00:00,0.2678,0.2713,0.2633,0.2692,81943632.6,0.256765,0.3000816666666667,49.52859451933039,-0.01012865682892794,-0.014107367750846577,0.003978710921918637
2023-01-06 00:00:00+00:00,0.2692,0.2798,0.2671,0.2786,171198727.6,0.257335,0.29799000000000003,55.62179091043357,-0.00779956478274213,-0.012845807157225688,0.005046242374483558
2023-01-07 00:00:00+00:00,0.2785,0.2806,0.2723,0.2768,72623368.2,0.25788,0.2964,54.27066975653099,-0.006029483381511158,-0.011482542402082782,0.005453059020571624
2023-01-08 00:00:00+00:00,0.2768,0.299,0.2742,0.2974,196047722.8,0.260105,0.29606499999999997,64.80691857948777,-0.0029306505642332503,-0.009772164034512875,0.006841513470279625
2023-01-09 00:00:00+00:00,0.2975,0.346,0.2955,0.3168,405177005.9,0.26301,0.2952,71.47294847568526,0.0010781859799501303,-0.007602094031620274,0.008680280011570405
2023-01-10 00:00:00+00:00,0.3168,0.3253,0.3063,0.3222,184082448.1,0.26645,0.2946433333333333,73.0056565497652,0.00463749454328527,-0.005154176316639166,0.009791670859924436
2023-01-11 00:00:00+00:00,0.3222,0.3235,0.3075,0.323,144048586.5,0.26976999999999995,0.294365,73.23508608225399,0.0074370953317297595,-0.002635921986965381,0.01007301731869514
2023-01-12 00:00:00+00:00,0.323,0.3351,0.3154,0.3293,248440812.5,0.273265,0.29435666666666666,75.03458112266183,0.010048325632286192,-9.907246311506622e-05,0.010147398095401258
2023-01-13 00:00:00+00:00,0.3293,0.3509,0.3237,0.3456,150546494.0,0.27758499999999997,0.29457833333333333,78.97354959390894,0.013279935404718834,0.002576729110451714,0.010703206294267121
2023-01-14 00:00:00+00:00,0.3455,0.3697,0.332,0.3525,288977177.5,0.28225500000000003,0.2948316666666667,80.38443165956994,0.01621091245828049,0.0053035657800174696,0.01090734667826302
2023-01-15 00:00:00+00:00,0.3526,0.3539,0.3385,0.3507,132983094.3,0.28653,0.29514333333333337,78.89714683848936,0.018178932514965163,0.007878639127007009,0.010300293387958154
2023-01-16 00:00:00+00:00,0.3508,0.364,0.3376,0.3504,156864828.5,0.29103500000000004,0.2955666666666667,78.63600462997505,0.01948972962473272,0.010200857226552153,0.009288872398180568
2023-01-17 00:00:00+00:00,0.3505,0.3576,0.343,0.3455,101591352.2,0.29589999999999994,0.2958916666666667,74.30966521722773,0.019903719045493817,0.012141429590340487,0.00776228945515333
2023-01-18 00:00:00+00:00,0.3455,0.3555,0.3237,0.3264,170018857.2,0.30002,0.295865,60.367654264144285,0.018477599998563077,0.013408663671985007,0.00506893632657807
2023-01-19 00:00:00+00:00,0.3264,0.343,0.3255,0.3379,80228314.7,0.304625,0.29629666666666665,64.6661829330935,0.018067078238163725,0.01434034658522075,0.0037267316529429745
2023-01-20 00:00:00+00:00,0.338,0.3657,0.3336,0.3652,130767450.6,0.310595,0.29730666666666666,72.33668459280095,0.019717329528584016,0.015415743173893406,0.00430158635469061
2023-01-21 00:00:00+00:00,0.3651,0.3807,0.3569,0.3687,228951787.0,0.31653499999999996,0.2982416666666667,73.14169571810268,0.02106476481847358,0.01654554750280944,0.00451921731566414
2023-01-22 00:00:00+00:00,0.3686,0.3872,0.3629,0.3764,205382044.0,0.32266500000000004,0.2992066666666667,74.87401565264463,0.022494638452222104,0.017735365692691973,0.004759272759530132
2023-01-23 00:00:00+00:00,0.3764,0.3836,0.3687,0.375,168920181.8,0.32877,0.30018500000000004,73.94021915509863,0.023246879749863003,0.01883766850412618,0.004409211245736823
2023-01-24 00:00:00+00:00,0.375,0.383,0.3552,0.3587,111749419.5,0.333315,0.30091999999999997,63.94142400562327,0.022271035983059018,0.01952434199991275,0.0027466939831462672
2023-01-25 00:00:00+00:00,0.3588,0.3797,0.3469,0.3732,125501560.2,0.338515,0.30191,68.07699756171021,0.022409380200143603,0.020101349639958924,0.002308030560184679
2023-01-26 00:00:00+00:00,0.3733,0.3892,0.3711,0.3796,152020632.1,0.343565,0.30302666666666667,69.72734125625873,0.0227729333024162,0.02063566637245038,0.0021372669299658184
2023-01-27 00:00:00+00:00,0.3796,0.391,0.3678,0.3898,112713613.3,0.34921499999999994,0.30441333333333337,72.19454781271088,0.023611922960294518,0.02123091769001921,0.0023810052702753076
2023-01-28 00:00:00+00:00,0.3898,0.398,0.378,0.3819,119208593.2,0.35344,0.305625,67.59930188301328,0.023369969866492146,0.0216587281253138,0.0017112417411783466
2023-01-29 00:00:00+00:00,0.3818,0.3991,0.3768,0.3975,102929204.6,0.35747500000000004,0.3069383333333333,71.46215131085656,0.0241585254782824,0.02215868759590752,0.001999837882374879
2023-01-30 00:00:00+00:00,0.3976,0.3982,0.3652,0.3725,134336665.0,0.35999,0.307905,59.267483060974605,0.022506726878080585,0.022228295452342135,0.00027843142573845056
2023-01-31 00:00:00+00:00,0.3725,0.3998,0.3681,0.3902,156301183.0,0.36335,0.30909000000000003,63.957044600971514,0.02236806157161958,0.022256248676197625,0.00011181289542195466
2023-02-01 00:00:00+00:00,0.3902,0.4018,0.371,0.397,162998963.9,0.36673500000000003,0.31038000000000004,65.59583115752838,0.022546964119872448,0.022314391764932592,0.00023257235493985562
2023-02-02 00:00:00+00:00,0.397,0.4136,0.3921,0.3981,179215658.3,0.36936,0.3116466666666667,65.86619904377726,0.022517933761724396,0.02235510016429095,0.0001628335974334441
2023-02-03 00:00:00+00:00,0.3981,0.407,0.3944,0.4038,112231580.7,0.371925,0.313055,67.30022070239903,0.022693275404067403,0.02242273521224624,0.0002705401918211628
2023-02-04 00:00:00+00:00,0.4037,0.4055,0.3975,0.3994,69665961.0,0.37436,0.31440666666666667,65.02909448950646,0.022221041358563287,0.02238239644150965,-0.0001613550829463635
2023-02-05 00:00:00+00:00,0.3993,0.4019,0.3821,0.3923,104454046.0,0.376455,0.31577500000000003,61.4268484611971,0.02103144441284277,0.022112206035776277,-0.0010807616229335064
2023-02-06 00:00:00+00:00,0.3923,0.4033,0.3795,0.3823,110247851.9,0.378295,0.31690500000000005,56.66569460470872,0.01906202863584988,0.021502170555790998,-0.002440141919941116
2023-02-07 00:00:00+00:00,0.3823,0.3998,0.3814,0.3989,107246776.8,0.38192,0.3183566666666666,61.93946952093997,0.01862602449563211,0.02092694134375922,-0.0023009168481271103
2023-02-08 00:00:00+00:00,0.3989,0.4035,0.3853,0.3942,92872527.4,0.38473499999999994,0.31971666666666665,59.723275286407784,0.01769723464793288,0.020281000004593954,-0.002583765356661074
2023-02-09 00:00:00+00:00,0.3942,0.3957,0.3543,0.3622,151503834.4,0.384585,0.32063,47.31127459037178,0.0142151658538901,0.019067833174453187,-0.004852667320563088
2023-02-10 00:00:00+00:00,0.3622,0.3656,0.3534,0.3581,104289819.1,0.384055,0.32148333333333334,45.99240204358751,0.010997987558228284,0.017453864051208207,-0.0064558764929799235
2023-02-11 00:00:00+00:00,0.358,0.3702,0.3567,0.3684,55904954.9,0.38365499999999997,0.32238666666666665,49.77991133076518,0.009173725502559016,0.01579783634147837,-0.006624110838919353
2023-02-12 00:00:00+00:00,0.3685,0.3738,0.3596,0.3641,57416092.2,0.38311,0.32332333333333335,48.25835759089787,0.007296896535837427,0.014097648380350183,-0.006800751844512756
2023-02-13 00:00:00+00:00,0.3641,0.3657,0.345,0.3593,114427322.0,0.38314,0.3243066666666667,46.54798196196405,0.005360384991701217,0.01235019570262039,-0.006989810710919173
2023-02-14 00:00:00+00:00,0.3593,0.3931,0.3545,0.3867,156990175.9,0.383815,0.32636499999999996,56.11052417570378,0.005967843069751788,0.011073725176046672,-0.0051058821062948834
2023-02-15 00:00:00+00:00,0.3868,0.42,0.3819,0.419,151591225.3,0.38578499999999993,0.328895,64.23360951194499,0.008952400332386812,0.0106494602073147,-0.0016970598749278878
2023-02-16 00:00:00+00:00,0.419,0.4213,0.3862,0.3874,174768994.0,0.38566500000000004,0.33091999999999994,53.75207034078212,0.008667909295050846,0.01025315002486193,-0.001585240729811083
2023-02-17 00:00:00+00:00,0.3874,0.4098,0.3854,0.4033,123524213.6,0.386735,0.3334266666666667,57.509169673602166,0.009614613931952343,0.010125442806280013,-0.0005108288743276707
2023-02-18 00:00:00+00:00,0.4033,0.4184,0.3976,0.406,89590271.5,0.38716,0.33588166666666663,58.13118681821563,0.010462150454516705,0.010192784335927352,0.00026936611858935366
2023-02-19 00:00:00+00:00,0.406,0.4122,0.3968,0.3995,98181230.1,0.38851,0.33831666666666665,56.00562820051131,0.010488429491232132,0.01025191336698831,0.00023651612424382268
2023-02-20 00:00:00+00:00,0.3994,0.4098,0.3893,0.4038,116906377.7,0.38919,0.34076999999999996,57.12257471621225,0.01073251216112342,0.010348033125815332,0.0003844790353080881
2023-02-21 00:00:00+00:00,0.4037,0.4059,0.3855,0.3925,119823429.0,0.38896499999999995,0.34298833333333334,53.29341502276889,0.009900012689828819,0.01025842903861803,-0.00035841634878921134
2023-02-22 00:00:00+00:00,0.3926,0.3929,0.3769,0.3888,123152287.0,0.3885,0.34514833333333333,52.062775149441016,0.008839792161722426,0.009974701663238909,-0.0011349095015164828
2023-02-23 00:00:00+00:00,0.3889,0.3949,0.3794,0.3824,81228997.5,0.38743,0.34720333333333336,49.915651246533145,0.007397855370052553,0.009459332404601638,-0.002061477034549085
2023-02-24 00:00:00+00:00,0.3824,0.3852,0.358,0.3658,136530140.7,0.38575,0.34888,44.75947691356404,0.004859610244156765,0.008539387972512663,-0.0036797777283558986
2023-02-25 00:00:00+00:00,0.3657,0.3677,0.3512,0.362,93356389.8,0.384235,0.35057499999999997,43.64796270057537,0.0025124425786354765,0.007333998893737226,-0.00482155631510175
2023-02-26 00:00:00+00:00,0.3621,0.3704,0.3577,0.3691,62253729.4,0.383575,0.35259,46.32974260157503,0.0012112434950659612,0.006109447814002974,-0.004898204318937013
2023-02-27 00:00:00+00:00,0.369,0.3702,0.3576,0.3647,71396733.7,0.381865,0.3546016666666667,44.90356585452588,-0.0001730149720619023,0.004852955256789999,-0.005025970228851901
2023-02-28 00:00:00+00:00,0.3647,0.368,0.3485,0.3517,76748794.6,0.37974,0.3563666666666666,40.89777303657484,-0.0022926133155716233,0.0034238415423176747,-0.005716454857889298
2023-03-01 00:00:00+00:00,0.3518,0.3644,0.3493,0.3601,67671797.7,0.379635,0.3582716666666667,44.35220190952109,-0.003257055170850509,0.002087662199684038,-0.005344717370534547
2023-03-02 00:00:00+00:00,0.3601,0.3615,0.3445,0.3504,81854576.8,0.37925000000000003,0.35994666666666664,41.34687169529569,-0.004749343744976708,0.0007202610107518889,-0.005469604755728597
2023-03-03 00:00:00+00:00,0.3505,0.3509,0.3212,0.3431,163025922.0,0.377985,0.361435,39.1944028546974,-0.006446728311657046,-0.0007131368537298981,-0.005733591457927148
2023-03-04 00:00:00+00:00,0.3431,0.3448,0.3303,0.3366,56432771.9,0.37661,0.36283,37.33086814383691,-0.008221639544108483,-0.0022148373918056156,-0.006006802152302868
2023-03-05 00:00:00+00:00,0.3366,0.343,0.3346,0.337,53269370.7,0.375495,0.3639833333333333,37.5277166538994,-0.009486636782705948,-0.003669197269985682,-0.005817439512720266
2023-03-06 00:00:00+00:00,0.337,0.3387,0.3291,0.3305,72882197.2,0.37268500000000004,0.36500499999999997,35.57234635423937,-0.010888140182943817,-0.0051129858525773095,-0.005775154330366508
2023-03-07 00:00:00+00:00,0.3306,0.3348,0.3209,0.3306,99209654.5,0.368265,0.3658716666666667,35.62791704081114,-0.011854125579905783,-0.0064612137980430044,-0.005392911781862779
2023-03-08 00:00:00+00:00,0.3305,0.3328,0.3133,0.3175,110501100.5,0.36477,0.36655,31.7629145951003,-0.013520876240432522,-0.007873146286520909,-0.0056477299539116135
2023-03-09 00:00:00+00:00,0.3175,0.3223,0.3012,0.3101,191520024.2,0.36011000000000004,0.3667616666666667,29.7965228834462,-0.015262964350640895,-0.009351109899344907,-0.005911854451295988
2023-03-10 00:00:00+00:00,0.3102,0.3182,0.2976,0.3149,184446629.2,0.35555499999999995,0.36672999999999994,32.7066761955287,-0.01607100529908745,-0.010695088979293416,-0.005375916319794033
2023-03-11 00:00:00+00:00,0.3149,0.3228,0.3013,0.3051,174341847.2,0.350835,0.36644499999999997,29.97467289162219,-0.01730270683648477,-0.012016612550731687,-0.005286094285753084
2023-03-12 00:00:00+00:00,0.3051,0.3311,0.3013,0.3298,148391745.7,0.34713499999999997,0.3665583333333334,42.91687336405935,-0.0161001629488447,-0.01283332263035429,-0.0032668403184904077
2023-03-13 00:00:00+00:00,0.3298,0.3517,0.3274,0.3433,290767932.5,0.344675,0.3667916666666667,48.5174707108071,-0.013897598216946083,-0.01304617774767265,-0.0008514204692734329
2023-03-14 00:00:00+00:00,0.3434,0.3677,0.3363,0.3429,243189873.1,0.34238,0.36674666666666667,48.366052487331,-0.012045473732216982,-0.012846036944581519,0.0008005632123645363
2023-03-15 00:00:00+00:00,0.3429,0.3464,0.3157,0.3241,262199199.5,0.339465,0.36627333333333334,41.768125300167874,-0.011956823794241567,-0.01266819431451353,0.0007113705202719638
2023-03-16 00:00:00+00:00,0.324,0.329,0.3171,0.3249,148328841.2,0.33742,0.36584333333333335,42.12989978287417,-0.011687290950594287,-0.012472013641729682,0.0007847226911353953
2023-03-17 00:00:00+00:00,0.3249,0.3502,0.3212,0.3494,171206542.3,0.33679000000000003,0.3658266666666667,51.9709591895835,-0.009388514039467832,-0.011855313721277313,0.002466799681809481
2023-03-18 00:00:00+00:00,0.3494,0.3572,0.335,0.3371,160274762.9,0.33519,0.36568666666666666,47.59500555929669,-0.008461682966198203,-0.011176587570261493,0.0027149046040632896
2023-03-19 00:00:00+00:00,0.337,0.3525,0.3367,0.3448,93233157.9,0.334195,0.3659933333333333,50.40999290281492,-0.00702485881516135,-0.010346241819241465,0.0033213830040801154
2023-03-20 00:00:00+00:00,0.3448,0.3461,0.3305,0.3321,124374313.8,0.333215,0.3658966666666667,46.0192225430071,-0.006832191929703302,-0.009643431841333833,0.0028112399116305316
2023-03-21 00:00:00+00:00,0.3321,0.387,0.3291,0.3696,288467612.6,0.33369,0.36597,57.72752628196805,-0.0036119293621255655,-0.00843713134549218,0.004825201983366615
2023-03-22 00:00:00+00:00,0.3695,0.3868,0.3489,0.3596,342137114.0,0.33415,0.3658183333333333,54.342603967704456,-0.0018454908335432951,-0.007118803243102404,0.0052733124095591085
2023-03-23 00:00:00+00:00,0.3597,0.3853,0.3535,0.3715,185937483.6,0.33557,0.36573666666666665,57.53371334338181,0.0005087899604576118,-0.0055932846023904,0.006102074562848012
2023-03-24 00:00:00+00:00,0.3716,0.3725,0.3552,0.3596,112029219.9,0.33672,0.36547999999999997,53.50635217596133,0.0013982260245841704,-0.004194982476995486,0.005593208501579657
2023-03-25 00:00:00+00:00,0.3597,0.3628,0.3486,0.3514,83603550.1,0.33744,0.36535833333333334,50.86417606702098,0.001425012387935909,-0.0030709835040092074,0.004495995891945116
2023-03-26 00:00:00+00:00,0.3513,0.3614,0.3487,0.3557,91774166.9,0.33869999999999995,0.36506666666666665,52.19723312571504,0.0017727793405569736,-0.002102230935095971,0.003875010275652945
2023-03-27 00:00:00+00:00,0.3558,0.3572,0.3366,0.3455,127210336.6,0.339445,0.36449833333333337,48.814150306684844,0.001211368498985843,-0.0014395110482796085,0.002650879547265452
2023-03-28 00:00:00+00:00,0.3456,0.3703,0.3427,0.3681,133375435.6,0.34197500000000003,0.36413666666666666,55.66992537354694,0.0025605609336639135,-0.0006394966518909042,0.003200057585554818
2023-03-29 00:00:00+00:00,0.3681,0.39,0.3666,0.3811,190013782.5,0.34552499999999997,0.36412333333333335,59.066239734387736,0.004625477388939758,0.0004134981562752283,0.00421197923266453
2023-03-30 00:00:00+00:00,0.3811,0.3876,0.3697,0.3761,147101987.5,0.34858500000000003,0.3637666666666667,57.24950106375411,0.005791717034652311,0.001489141931950645,0.004302575102701666
2023-03-31 00:00:00+00:00,0.3761,0.4093,0.3743,0.3989,250714301.7,0.353275,0.3642066666666667,62.859361180978084,0.008458238500271553,0.002882961245614827,0.005575277254656726
2023-04-01 00:00:00+00:00,0.3989,0.4031,0.388,0.3919,128780899.9,0.35638000000000003,0.364235,60.24549529888859,0.009892598753958703,0.004284888747283602,0.005607710006675102
2023-04-02 00:00:00+00:00,0.392,0.3928,0.3756,0.3815,102432795.5,0.35829,0.36397666666666667,56.48726112403715,0.010074019479736851,0.005442714893774252,0.004631304585962599
2023-04-03 00:00:00+00:00,0.3816,0.405,0.3708,0.3872,234427391.6,0.36050499999999996,0.363795,58.03251005906051,0.01055605543891075,0.006465383002801552,0.004090672436109197
2023-04-04 00:00:00+00:00,0.3872,0.4,0.3843,0.3894,121167900.7,0.36377000000000004,0.36355499999999996,58.64297929965505,0.010988920587107875,0.007370090519662817,0.003618830067445058
2023-04-05 00:00:00+00:00,0.3895,0.4,0.3868,0.3923,92815719.6,0.36713999999999997,0.3634366666666667,59.479705531342596,0.011434169115329407,0.008182906238796136,0.003251262876533271
2023-04-06 00:00:00+00:00,0.3922,0.3923,0.3763,0.3829,91098737.9,0.368815,0.36328,55.556141423019426,0.010902849083419486,0.008726894807720806,0.00217595427569868
2023-04-07 00:00:00+00:00,0.3829,0.3851,0.3756,0.3835,50141413.5,0.371135,0.36329999999999996,55.75675806925573,0.010410186960602086,0.009063553238297063,0.001346633722305023
2023-04-08 00:00:00+00:00,0.3835,0.3905,0.3804,0.3853,61444908.5,0.37316,0.3630733333333333,56.3927041617824,0.010049153252290943,0.009260673241095838,0.000788480011195105
2023-04-09 00:00:00+00:00,0.3852,0.393,0.384,0.3894,51708973.8,0.376025,0.3629933333333334,57.87788575280609,0.009978837346892921,0.009404306062255254,0.0005745312846376673
2023-04-10 00:00:00+00:00,0.3893,0.3977,0.3847,0.3971,76308355.7,0.3774,0.363575,60.592398912314344,0.01042427260794121,0.009608299371392445,0.0008159732365487643
2023-04-11 00:00:00+00:00,0.3971,0.413,0.394,0.4014,143695491.1,0.37949,0.3642966666666666,62.06271415733488,0.010997485161663545,0.009886136529446666,0.0011113486322168794
2023-04-12 00:00:00+00:00,0.4015,0.4075,0.3886,0.4047,138821237.2,0.38115,0.3649016666666667,63.19756094288969,0.011584503713307381,0.010225809966218809,0.0013586937470885727
2023-04-13 00:00:00+00:00,0.4047,0.4288,0.3989,0.4251,173707588.7,0.384425,0.36591833333333335,69.30946285136808,0.013539751823987756,0.010888598337772597,0.0026511534862151583
2023-04-14 00:00:00+00:00,0.4251,0.444,0.4228,0.4381,235318719.5,0.38876,0.3672316666666667,72.44945028687147,0.015954379240344374,0.011901754518286954,0.00405262472205742
2023-04-15 00:00:00+00:00,0.4381,0.4617,0.4311,0.4522,178424508.6,0.39358499999999996,0.36832333333333334,75.39040496382148,0.018789151384323466,0.013279233891494257,0.005509917492829209
2023-04-16 00:00:00+00:00,0.4521,0.4579,0.4421,0.4513,117211504.6,0.398875,0.3688616666666667,74.8412346076838,0.02072421045571088,0.014768229204337582,0.005955981251373296
2023-04-17 00:00:00+00:00,0.4512,0.4515,0.431,0.4341,144412169.8,0.402175,0.3696400000000001,65.08382181682674,0.02063202926713159,0.015940989216896385,0.004691040050235205
2023-04-18 00:00:00+00:00,0.4341,0.448,0.4277,0.4435,99428283.1,0.405295,0.37031,67.57208786030247,0.02107454224739419,0.01696769982299595,0.004106842424398242
2023-04-19 00:00:00+00:00,0.4435,0.4435,0.4071,0.4163,193374494.9,0.40730500000000003,0.3704816666666667,55.29300248484676,0.01901127415788606,0.01737641468997397,0.00163485946791209
2023-04-20 00:00:00+00:00,0.4163,0.4221,0.3934,0.4007,161012857.5,0.407395,0.3705016666666667,49.71329296659821,0.01593365643353767,0.017087863038686712,-0.0011542066051490434
2023-04-21 00:00:00+00:00,0.4008,0.4071,0.3789,0.3824,158842754.2,0.40692000000000006,0.370145,44.09227356101743,0.011881008285589079,0.016046492088067184,-0.004165483802478106
2023-04-22 00:00:00+00:00,0.3823,0.3989,0.381,0.3956,86625445.5,0.407625,0.3701966666666667,48.60626048870894,0.009623451949896111,0.01476188406043297,-0.005138432110536859
2023-04-23 00:00:00+00:00,0.3956,0.3956,0.38,0.3886,82034708.6,0.40769500000000003,0.3701933333333333,46.463803953406796,0.007186637704553855,0.013246834789257148,-0.006060197084703293
2023-04-24 00:00:00+00:00,0.3887,0.3975,0.38,0.3835,104338226.4,0.4074,0.37021166666666666,44.91061037260585,0.004788716142481664,0.011555211059902053,-0.006766494917420389
2023-04-25 00:00:00+00:00,0.3836,0.3954,0.3761,0.3945,97446645.9,0.40751,0.37068999999999996,48.879873900459636,0.003732923281684619,0.009990753504258567,-0.006257830222573948
2023-04-26 00:00:00+00:00,0.3944,0.4193,0.3778,0.4014,189713316.3,0.408435,0.37134666666666666,51.25253181266402,0.0034136220570523124,0.008675327214817317,-0.005261705157765004
2023-04-27 00:00:00+00:00,0.4014,0.4186,0.4008,0.4101,154240599.8,0.409765,0.37202999999999997,54.14259620347352,0.003818572698072009,0.007703976311468256,-0.003885403613396247
2023-04-28 00:00:00+00:00,0.41,0.4116,0.3965,0.4043,76492344.4,0.410715,0.37269,51.93212445839517,0.0036296471581520606,0.006889110480805018,-0.003259463322652957
2023-04-29 00:00:00+00:00,0.4044,0.4077,0.3991,0.4024,42315743.6,0.411365,0.37353500000000006,51.194760848849434,0.0032886981208000154,0.006169028008804017,-0.002880329888004002
2023-04-30 00:00:00+00:00,0.4025,0.415,0.3944,0.3956,75755751.4,0.41129,0.3741266666666666,48.53849283114937,0.0024416446229224564,0.005423551331627706,-0.0029819067087052493
2023-05-01 00:00:00+00:00,0.3957,0.3979,0.3801,0.3868,99050070.7,0.41056,0.37473333333333336,45.26530963460892,0.0010481794080847706,0.00454847694691912,-0.003500297538834349
2023-05-02 00:00:00+00:00,0.3867,0.3947,0.3816,0.3916,62002108.1,0.409905,0.3755416666666667,47.35085017891897,0.0003273940755699756,0.0037042603726492912,-0.0033768662970793156
2023-05-03 00:00:00+00:00,0.3917,0.3965,0.3784,0.394,102351994.9,0.40835,0.3764983333333333,48.409328195287344,-4.960177270313393e-05,0.002953487943578806,-0.00300308971628194
2023-05-04 00:00:00+00:00,0.3941,0.3964,0.3849,0.3873,57027491.2,0.40581000000000006,0.37733666666666665,45.650142907036226,-0.0008788765624019312,0.002187015042382659,-0.0030658916047845903
2023-05-05 00:00:00+00:00,0.3873,0.397,0.3812,0.3942,77772750.3,0.40291,0.37839833333333334,48.88152749590152,-0.000968150240229726,0.001555981985860182,-0.002524132226089908
2023-05-06 00:00:00+00:00,0.3941,0.3968,0.3735,0.3787,85459030.9,0.39927999999999997,0.3792,42.73485877906079,-0.0022635281902060878,0.0007920799506469282,-0.003055608140853016
2023-05-07 00:00:00+00:00,0.3787,0.3833,0.3737,0.376,54439977.1,0.39637500000000003,0.38017500000000004,41.750012613048305,-0.0034680148667949884,-5.993901284145518e-05,-0.0034080758539535333
2023-05-08 00:00:00+00:00,0.376,0.3796,0.3531,0.3653,137827919.2,0.39246499999999995,0.381095,38.01144529403617,-0.0052257407260393185,-0.001093099355481028,-0.00413264137055829
2023-05-09 00:00:00+00:00,0.3653,0.3705,0.3599,0.3633,78130879.7,0.389815,0.3819016666666667,37.338413841428526,-0.006702867929424039,-0.00221505307026963,-0.004487814859154409
2023-05-10 00:00:00+00:00,0.3633,0.3729,0.3543,0.3693,150971765.6,0.388245,0.38297166666666665,40.7289585386044,-0.007305142884447169,-0.003233071033105138,-0.004072071851342031
2023-05-11 00:00:00+00:00,0.3693,0.3696,0.3485,0.3598,98458703.7,0.387115,0.38347166666666666,37.28861812259962,-0.008451595992975847,-0.00427677602507928,-0.0041748199678965665
2023-05-12 00:00:00+00:00,0.3598,0.371,0.3533,0.3705,109723018.6,0.38586,0.38392499999999996,43.11672564821679,-0.008399938502586857,-0.0051014085205807955,-0.0032985299820060612
2023-05-13 00:00:00+00:00,0.3705,0.371,0.3622,0.3646,46531257.4,0.38466,0.3842866666666666,40.861704687767386,-0.008734395585585975,-0.0058280059335818315,-0.002906389652004143
2023-05-14 00:00:00+00:00,0.3646,0.373,0.3627,0.3711,41898265.4,0.38404,0.38506999999999997,44.31691230430884,-0.00837837882057868,-0.006338080510981201,-0.002040298309597479
2023-05-15 00:00:00+00:00,0.371,0.3758,0.3657,0.3669,69018210.5,0.38266,0.38577,42.585548978022466,-0.008339010941207314,-0.006738266597026424,-0.0016007443441808907
2023-05-16 00:00:00+00:00,0.3669,0.3704,0.3613,0.3682,66128494.6,0.38099999999999995,0.38608333333333333,43.32362237249556,-0.008109431993651883,-0.007012499676351517,-0.0010969323173003667
2023-05-17 00:00:00+00:00,0.3683,0.3807,0.3645,0.3755,94403281.2,0.37927,0.3867233333333333,47.4118093788386,-0.007254811086095325,-0.007060961958300279,-0.00019384912779504652
2023-05-18 00:00:00+00:00,0.3755,0.3803,0.3658,0.3714,80420401.0,0.377625,0.38716666666666666,45.429758596832,-0.006829625918225168,-0.007014694750285257,0.0001850688320600884
2023-05-19 00:00:00+00:00,0.3713,0.373,0.3658,0.3681,38723441.7,0.37591,0.3877666666666667,43.84112160649383,-0.0066819210041590416,-0.006948140001060014,0.0002662189969009727
2023-05-20 00:00:00+00:00,0.3681,0.3683,0.3628,0.3662,44032296.2,0.37444,0.38771,42.9107117467528,-0.006641617484544227,-0.0068868354977568574,0.0002452180132126308
2023-05-21 00:00:00+00:00,0.3663,0.3676,0.3566,0.3602,39270367.4,0.37311,0.38772,40.02218883174349,-0.007012985183027787,-0.006912065434811043,-0.00010091974821674343
2023-05-22 00:00:00+00:00,0.3602,0.3741,0.356,0.3679,62447190.2,0.371925,0.38766,45.12714281236906,-0.006609777708243947,-0.006851607889497625,0.00024183018125367804
2023-05-23 00:00:00+00:00,0.3679,0.3757,0.3657,0.3704,47769860.8,0.370745,0.38783999999999996,46.71297298459487,-0.006019119114515914,-0.006685110134501283,0.0006659910199853687
2023-05-24 00:00:00+00:00,0.3704,0.3706,0.3602,0.3638,57618648.9,0.36957,0.38804666666666665,43.16621404142571,-0.006014254186500978,-0.006550938944901222,0.0005366847584002436
2023-05-25 00:00:00+00:00,0.3639,0.3648,0.355,0.3581,50137129.0,0.367765,0.38808666666666664,40.31900365540155,-0.006396604978665843,-0.006520072151654146,0.00012346717298830287
2023-05-26 00:00:00+00:00,0.3582,0.3669,0.3535,0.3626,56982912.1,0.36696,0.38837166666666667,43.48811663415839,-0.00626429742291279,-0.006468917205905875,0.00020461978299308493
2023-05-27 00:00:00+00:00,0.3626,0.3674,0.3606,0.3667,30122750.7,0.366495,0.3883483333333333,46.28670777936602,-0.005762184125124303,-0.006327570589749561,0.0005653864646252577
2023-05-28 00:00:00+00:00,0.3667,0.3846,0.3661,0.3828,80053076.5,0.36737000000000003,0.38837666666666665,55.5877063884866,-0.004018794115459634,-0.005865815294891576,0.0018470211794319423
2023-05-29 00:00:00+00:00,0.3828,0.3863,0.3756,0.3786,66769379.2,0.368135,0.3884183333333333,53.0089795010803,-0.002942134773238403,-0.005281079190560942,0.0023389444173225393
2023-05-30 00:00:00+00:00,0.3786,0.3834,0.3744,0.3779,70137418.8,0.368565,0.38806833333333335,52.57124748816719,-0.002120910105991136,-0.0046490453736469815,0.0025281352676558453
2023-05-31 00:00:00+00:00,0.3779,0.3807,0.37,0.3744,59998056.8,0.369295,0.38777666666666666,50.33320592953478,-0.0017325328298744558,-0.004065742864892477,0.002333210035018021
2023-06-01 00:00:00+00:00,0.3744,0.3758,0.3608,0.3644,93248479.9,0.36899000000000004,0.3874916666666666,44.503689626600256,-0.0022062254730323416,-0.00369383938652045,0.0014876139134881085
2023-06-02 00:00:00+00:00,0.3644,0.3794,0.3619,0.3782,71763680.0,0.36967,0.38734166666666664,52.65321301101539,-0.0014513553162696646,-0.003245342572470293,0.0017939872562006283
2023-06-03 00:00:00+00:00,0.3782,0.3782,0.3729,0.3759,27741856.8,0.36991,0.38711666666666666,51.30105383582603,-0.0010268689505293915,-0.0028016478480821128,0.0017747788975527212
2023-06-04 00:00:00+00:00,0.376,0.3819,0.3748,0.3773,41513359.6,0.37043,0.38686666666666664,52.107280802221496,-0.0005709110406129647,-0.002355500486588283,0.0017845894459753184
2023-06-05 00:00:00+00:00,0.3773,0.3791,0.3467,0.3514,112815250.3,0.36959,0.38634166666666664,39.18332520273855,-0.002273269817281154,-0.0023390543527268574,6.578453544570356e-05
2023-06-06 00:00:00+00:00,0.3514,0.3569,0.3365,0.3531,90606305.0,0.36846999999999996,0.38583500000000004,40.23119058383374,-0.0034455079492315965,-0.0025603450720278055,-0.000885162877203791
2023-06-07 00:00:00+00:00,0.353,0.3531,0.3177,0.3223,150728402.3,0.36601500000000003,0.384785,30.109154865804896,-0.006781643147207195,-0.0034046046870636836,-0.003377038460143511
2023-06-08 00:00:00+00:00,0.3223,0.3308,0.3198,0.3228,104686899.3,0.36375,0.383675,30.415226561191503,-0.009278254562747001,-0.0045793346622003475,-0.004698919900546654
2023-06-09 00:00:00+00:00,0.3229,0.324,0.2902,0.2951,246384470.8,0.360195,0.381975,24.114673063293267,-0.01333824066252609,-0.006331115862265497,-0.007007124800260594
2023-06-10 00:00:00+00:00,0.2951,0.2953,0.22,0.2747,757333075.3,0.35592,0.3798633333333334,20.711834831924307,-0.017994489137708847,-0.008663790517354168,-0.00933069862035468
2023-06-11 00:00:00+00:00,0.2748,0.28,0.259,0.272,262186505.2,0.351125,0.37765166666666666,20.30346987139943,-0.021652866271966442,-0.011261605668276622,-0.01039126060368982
2023-06-12 00:00:00+00:00,0.2719,0.2865,0.2648,0.2748,222382051.8,0.346345,0.37514666666666663,22.02054401372152,-0.024048998029325364,-0.013819084140486371,-0.010229913888838992
2023-06-13 00:00:00+00:00,0.2747,0.2896,0.2684,0.2752,156748499.8,0.341915,0.37243166666666666,22.27816386801453,-0.0256203377477196,-0.016179334861933018,-0.009441002885786583
2023-06-14 00:00:00+00:00,0.2752,0.2773,0.256,0.2633,133531077.0,0.337175,0.36928333333333335,20.145826702955418,-0.027508762453040292,-0.018445220380154476,-0.009063542072885816
2023-06-15 00:00:00+00:00,0.2634,0.266,0.2525,0.262,140877163.2,0.332145,0.36612833333333333,19.921500705379046,-0.02877851101187512,-0.020511878506498604,-0.008266632505376514
2023-06-16 00:00:00+00:00,0.2621,0.2675,0.2535,0.2632,89417626.3,0.32697,0.36327999999999994,20.79820296641614,-0.02934964152364744,-0.02227943110992837,-0.00707021041371907
2023-06-17 00:00:00+00:00,0.2633,0.2737,0.2607,0.2667,88054261.3,0.32116500000000003,0.36033333333333334,23.431253651110822,-0.029183437320350558,-0.02366023235201281,-0.005523204968337747
2023-06-18 00:00:00+00:00,0.2667,0.2691,0.2588,0.261,65212614.6,0.315285,0.3577449999999999,22.14033221786596,-0.0291753464223789,-0.02476325516608603,-0.004412091256292869
2023-06-19 00:00:00+00:00,0.261,0.2638,0.2571,0.2634,70893812.3,0.30956,0.3554566666666667,24.038006658081756,-0.028645071827986535,-0.025539618498466133,-0.0031054533295204016
2023-06-20 00:00:00+00:00,0.2634,0.2707,0.2522,0.2705,109090810.6,0.30436500000000005,0.3535916666666667,29.5114371617708,-0.027336793193314557,-0.025899053437435822,-0.001437739755878735
2023-06-21 00:00:00+00:00,0.2706,0.289,0.2687,0.2862,189786985.2,0.300455,0.3517683333333333,39.83507219043794,-0.024747836505827292,-0.025668810051114117,0.0009209735452868247
2023-06-22 00:00:00+00:00,0.2861,0.3049,0.2856,0.2899,167726209.8,0.29603999999999997,0.35012333333333334,41.99129632088659,-0.022142268314709612,-0.024963501703833216,0.0028212333891236042
2023-06-23 00:00:00+00:00,0.2899,0.3028,0.2867,0.2966,117254934.0,0.292075,0.348675,45.78062903108592,-0.019314062258253217,-0.023833613814717217,0.004519551556464
2023-06-24 00:00:00+00:00,0.2967,0.2975,0.2843,0.2892,88286411.9,0.28767,0.34692,42.48000725215677,-0.017468441419055125,-0.0225605793355848,0.005092137916529675
2023-06-25 00:00:00+00:00,0.2893,0.305,0.2885,0.2921,103164289.5,0.284705,0.34509833333333334,44.1785105226162,-0.01559203259724401,-0.021166869987916642,0.005574837390672632
2023-06-26 00:00:00+00:00,0.292,0.2923,0.2766,0.2805,92192313.0,0.281075,0.34293833333333335,39.1930905380255,-0.014869580869645627,-0.01990741216426244,0.005037831294616813
2023-06-27 00:00:00+00:00,0.2806,0.2897,0.2775,0.2867,84320347.3,0.27929499999999996,0.3409783333333333,42.90186951976062,-0.013639516628710824,-0.018653833057152118,0.005014316428441294
2023-06-28 00:00:00+00:00,0.2868,0.2869,0.2599,0.2669,140734583.3,0.2765,0.33872,35.46293292473058,-0.01409984217636917,-0.017743034880995528,0.0036431927046263572
2023-06-29 00:00:00+00:00,0.2669,0.2782,0.2664,0.2752,88026541.6,0.275505,0.3367133333333333,40.14795076878492,-0.013637705871242578,-0.01692196907904494,0.003284263207802361
2023-06-30 00:00:00+00:00,0.2753,0.2997,0.2672,0.2869,272156267.9,0.276115,0.3350483333333333,46.08910737110993,-0.012186884482653426,-0.015974952159766638,0.003788067677113212
2023-07-01 00:00:00+00:00,0.287,0.2938,0.2812,0.2924,88196474.2,0.277135,0.333395,48.668613034172964,-0.010472572745352515,-0.014874476276883814,0.0044019035315312986
2023-07-02 00:00:00+00:00,0.2924,0.2939,0.2853,0.2916,74721548.0,0.27797499999999997,0.3316883333333333,48.30655514770909,-0.009073923119314986,-0.01371436564537005,0.004640442526055064
2023-07-03 00:00:00+00:00,0.2916,0.2993,0.2902,0.2967,71590689.3,0.27904999999999996,0.33017833333333335,50.81842067239034,-0.007467870869635296,-0.0124650666902231,0.004997195820587804
2023-07-04 00:00:00+00:00,0.2966,0.3016,0.289,0.2924,107425650.5,0.280505,0.32848166666666667,48.671014143375864,-0.006467483826500087,-0.011265550117478498,0.004798066290978412
2023-07-05 00:00:00+00:00,0.2924,0.2963,0.2797,0.2839,106289740.4,0.2816,0.3269016666666667,44.654125033094125,-0.006288063962773094,-0.010270052886537418,0.003981988923764324
2023-07-06 00:00:00+00:00,0.2839,0.2937,0.2761,0.2784,144527874.2,0.28236,0.32527500000000004,42.22569972962561,-0.0065145804346362635,-0.009518958396157188,0.0030043779615209244
2023-07-07 00:00:00+00:00,0.2783,0.2855,0.2761,0.2844,100178705.4,0.28324499999999997,0.32392666666666664,45.695257839172875,-0.0061391778933936325,-0.008843002295604478,0.002703824402210845
2023-07-08 00:00:00+00:00,0.2844,0.2931,0.2817,0.2907,106202528.4,0.28473000000000004,0.32271666666666665,49.148426937996405,-0.005272532849475375,-0.008128908406378657,0.0028563755569032817
2023-07-09 00:00:00+00:00,0.2907,0.2918,0.283,0.2844,94953544.0,0.28578000000000003,0.3213016666666667,45.99844594955225,-0.00503601570282175,-0.007510329865667276,0.002474314162845526
2023-07-10 00:00:00+00:00,0.2843,0.2927,0.2781,0.2878,122097011.3,0.286645,0.3201016666666667,47.93774306955046,-0.00452209468247694,-0.006912682829029209,0.0023905881465522685
2023-07-11 00:00:00+00:00,0.2878,0.2941,0.2874,0.2927,98565787.5,0.28697,0.318805,50.686316741430254,-0.0036770329749990505,-0.006265552858223177,0.0025885198832241267
2023-07-12 00:00:00+00:00,0.2927,0.2954,0.2848,0.289,77926024.7,0.286925,0.317545,48.59985837966265,-0.0032682007771175914,-0.00566608244200206,0.002397881664884469
2023-07-13 00:00:00+00:00,0.289,0.3673,0.2857,0.3567,508960536.5,0.28993,0.317305,71.61985416506748,0.0024899236032980276,-0.004034881232942043,0.006524804836240071
2023-07-14 00:00:00+00:00,0.3567,0.3793,0.316,0.3277,344645916.7,0.29185500000000003,0.31665166666666666,59.356641572873286,0.004659509102446502,-0.002296003165864334,0.006955512268310836
2023-07-15 00:00:00+00:00,0.3278,0.3376,0.324,0.326,87463902.2,0.29355,0.31594833333333333,58.72188613770689,0.006170614446765699,-0.0006026796433383276,0.006773294090104026
2023-07-16 00:00:00+00:00,0.3261,0.3278,0.312,0.3146,132942159.3,0.295255,0.31493333333333334,54.51200461140637,0.006374806788363163,0.0007928176430019706,0.005581989145361193
2023-07-17 00:00:00+00:00,0.3145,0.3197,0.3055,0.3118,121471436.2,0.29651,0.31394,53.497529337023735,0.00623877734900663,0.0018820095842029027,0.004356767764803727
2023-07-18 00:00:00+00:00,0.3117,0.314,0.2996,0.3095,151432242.5,0.29863999999999996,0.3129633333333333,52.63107428879917,0.005877628616188735,0.0026811333906000693,0.0031964952255886655
2023-07-19 00:00:00+00:00,0.3094,0.326,0.3069,0.3226,215253837.4,0.30101,0.3122366666666666,56.91163327659587,0.006572710052115627,0.0034594487229031813,0.0031132613292124455
2023-07-20 00:00:00+00:00,0.3226,0.3332,0.313,0.3161,166938424.7,0.30246999999999996,0.3115016666666667,54.29010597750762,0.006523868327532822,0.0040723326438291095,0.002451535683703713
2023-07-21 00:00:00+00:00,0.3161,0.3184,0.3103,0.3127,70324894.6,0.303485,0.3105816666666667,52.91701622162623,0.006140030870067259,0.00448587228907674,0.001654158580990519
2023-07-22 00:00:00+00:00,0.3128,0.3149,0.3062,0.31,58496057.3,0.304405,0.309575,51.796676680849416,0.005553947040200347,0.004699487239301462,0.0008544598008988847
2023-07-23 00:00:00+00:00,0.31,0.3191,0.3071,0.3171,50429234.4,0.30542499999999995,0.30879666666666666,54.52328449315072,0.005597853475031611,0.004879160486447492,0.000718692988584119
2023-07-24 00:00:00+00:00,0.3172,0.319,0.3,0.3053,100248697.4,0.30606999999999995,0.30791666666666667,49.51079017769318,0.004627149360155514,0.004828758261189096,-0.00020160890103358264
2023-07-25 00:00:00+00:00,0.3051,0.3078,0.3014,0.3037,61989431.0,0.30706,0.306935,48.85494240568713,0.003686259818755089,0.004600258572702295,-0.000913998753947206
2023-07-26 00:00:00+00:00,0.3037,0.3107,0.3003,0.3069,90818421.0,0.308485,0.30593833333333337,50.273686709261,0.0031623576445096724,0.00431267838706377,-0.0011503207425540979
2023-07-27 00:00:00+00:00,0.3069,0.3135,0.3053,0.3077,58397987.4,0.30965000000000004,0.3046866666666667,50.64230764526392,0.0027796723781406407,0.004006077185279145,-0.001226404807138504
2023-07-28 00:00:00+00:00,0.3078,0.3134,0.3062,0.3099,46597667.1,0.31061,0.30354166666666665,51.70262206220251,0.002623669136647633,0.003729595575552843,-0.00110592643890521
2023-07-29 00:00:00+00:00,0.3099,0.3144,0.3087,0.313,58072439.0,0.31204,0.30246,53.2273606576085,0.0027188384587069625,0.003527444152183667,-0.0008086056934767044
2023-07-30 00:00:00+00:00,0.3129,0.3181,0.3052,0.3156,60782448.0,0.31343,0.30148,54.52409069014486,0.0029698248112183245,0.0034159202839905986,-0.0004460954727722741
2023-07-31 00:00:00+00:00,0.3157,0.319,0.3063,0.307,70168122.6,0.314145,0.30052333333333336,49.62343386080039,0.002446582496961225,0.0032220527265847242,-0.0007754702296234994
2023-08-01 00:00:00+00:00,0.307,0.3106,0.2948,0.3103,87820146.1,0.31521,0.29939166666666667,51.42751615778823,0.002272001396082246,0.003032042460484229,-0.0007600410644019828
2023-08-02 00:00:00+00:00,0.3103,0.312,0.2974,0.2993,68334103.8,0.31234,0.298115,45.569321782418704,0.0012318366999965469,0.0026720013083866927,-0.0014401646083901458
2023-08-03 00:00:00+00:00,0.2993,0.3014,0.2888,0.2922,99581572.7,0.310565,0.29669666666666666,42.225854897521515,-0.00016352694166599235,0.0021048956583761555,-0.002268422600042148
2023-08-04 00:00:00+00:00,0.2923,0.2972,0.2902,0.2935,51367134.7,0.30894000000000005,0.29573166666666667,43.04978340278528,-0.0011511933054567103,0.0014536778656095825,-0.002604871171066293
2023-08-05 00:00:00+00:00,0.2936,0.2942,0.2901,0.2938,29967210.9,0.30789999999999995,0.2947433333333333,43.250913683548625,-0.0018879553476807143,0.000785351222951523,-0.002673306570632237
2023-08-06 00:00:00+00:00,0.2938,0.2958,0.2906,0.2923,28144338.0,0.306925,0.29424333333333336,42.44377024186196,-0.002563333524948197,0.00011561427337157906,-0.002678947798319776
2023-08-07 00:00:00+00:00,0.2922,0.2961,0.2818,0.291,69256542.6,0.306,0.2937133333333334,41.71715106660209,-0.0031669678971668613,-0.000540902160736109,-0.0026260657364307522
2023-08-08 00:00:00+00:00,0.291,0.3026,0.2896,0.2974,97955669.9,0.30473999999999996,0.2937516666666667,46.566954461487526,-0.0030932686970855383,-0.0010513754680059949,-0.0020418932290795434
2023-08-09 00:00:00+00:00,0.2974,0.3023,0.296,0.3013,55701452.3,0.304,0.294195,49.33371600307824,-0.0026891651221263024,-0.0013789333988300564,-0.001310231723296246
2023-08-10 00:00:00+00:00,0.3014,0.3018,0.296,0.2965,50339891.6,0.30318999999999996,0.2946033333333334,46.16532335186531,-0.0027248199836582,-0.0016481107157956853,-0.0010767092678625146
2023-08-11 00:00:00+00:00,0.2965,0.2976,0.2924,0.2933,30373249.6,0.30235500000000004,0.2949116666666667,44.13049674268022,-0.0029769732799164172,-0.0019138832286198317,-0.0010630900512965855
2023-08-12 00:00:00+00:00,0.2934,0.2946,0.2907,0.2919,35784585.7,0.301095,0.29519,43.2326825811039,-0.0032522845715156623,-0.002181563497198998,-0.001070721074316664
2023-08-13 00:00:00+00:00,0.292,0.2936,0.2868,0.2894,49756311.8,0.3003,0.29562499999999997,41.6049274940242,-0.0036303514287912564,-0.00247132108351745,-0.0011590303452738062
2023-08-14 00:00:00+00:00,0.2895,0.2927,0.2872,0.2906,39940476.2,0.29964500000000005,0.29610166666666665,42.719754972741526,-0.003789459634020942,-0.0027349487936181487,-0.0010545108404027932
2023-08-15 00:00:00+00:00,0.2906,0.2911,0.2741,0.282,68128212.8,0.2984,0.296415,37.23359659973103,-0.0045569722206366126,-0.0030993534790218413,-0.0014576187416147713
2023-08-16 00:00:00+00:00,0.282,0.2829,0.2654,0.2747,112051659.2,0.29674999999999996,0.2965483333333333,33.321793000784155,-0.005688704620741336,-0.0036172237073657408,-0.0020714809133755953
2023-08-17 00:00:00+00:00,0.2748,0.2785,0.238,0.2553,183020531.1,0.29402,0.29645333333333335,25.618733371974187,-0.008058139354490124,-0.004505406836790618,-0.003552732517699506
2023-08-18 00:00:00+00:00,0.2552,0.2674,0.2547,0.264,127151195.7,0.29157,0.29646333333333336,33.08897711919937,-0.009128686346977222,-0.005430062738827939,-0.0036986236081492825
2023-08-19 00:00:00+00:00,0.264,0.2698,0.2603,0.2688,55279750.4,0.28923,0.29643499999999995,36.856914454874875,-0.009480497394116938,-0.006240149669885739,-0.0032403477242311986
2023-08-20 00:00:00+00:00,0.2688,0.2732,0.2647,0.2703,39701431.0,0.287395,0.29617000000000004,38.03130635806745,-0.009528434853908807,-0.006897806706690353,-0.002630628147218454
2023-08-21 00:00:00+00:00,0.2703,0.2725,0.2586,0.2628,60006555.7,0.28502,0.2957183333333333,34.56926623264256,-0.010055697138886432,-0.007529384793129569,-0.0025263123457568634
2023-08-22 00:00:00+00:00,0.2629,0.2633,0.25,0.2588,81237011.7,0.282995,0.29508833333333334,32.85163001879636,-0.010673287850605229,-0.0081581654046247,-0.0025151224459805284
2023-08-23 00:00:00+00:00,0.2587,0.27,0.258,0.2681,69984062.1,0.28179000000000004,0.2947366666666667,40.28114008336221,-0.010293641965477662,-0.008585260716795292,-0.00170838124868237
2023-08-24 00:00:00+00:00,0.2681,0.2714,0.2622,0.2659,49728611.9,0.28040999999999994,0.2943,39.17686123256724,-0.01005439072253761,-0.008879086717943756,-0.0011753040045938534
2023-08-25 00:00:00+00:00,0.2659,0.2712,0.2591,0.2612,113233017.8,0.27878,0.29397833333333334,36.852499030020056,-0.010127291991202325,-0.00912872777259547,-0.0009985642186068552
2023-08-26 00:00:00+00:00,0.2612,0.2618,0.2576,0.261,47226296.0,0.27721500000000004,0.29355,36.75257297644072,-0.01008495205079768,-0.009319972628235912,-0.0007649794225617675
2023-08-27 00:00:00+00:00,0.261,0.2653,0.26,0.2634,49902951.1,0.275835,0.2934916666666666,38.89380134963717,-0.009745398512864767,-0.009405057805161684,-0.0003403407077030834
2023-08-28 00:00:00+00:00,0.2635,0.2679,0.2576,0.2676,54934617.6,0.274345,0.293365,42.55874085391715,-0.009033265131146773,-0.009330699270358702,0.0002974341392119294
2023-08-29 00:00:00+00:00,0.2676,0.2802,0.2602,0.2726,147979504.9,0.27291,0.2931266666666667,46.6601994125524,-0.007973522280727896,-0.00905926387243254,0.0010857415917046448
2023-08-30 00:00:00+00:00,0.2726,0.273,0.2605,0.2654,102074556.8,0.271355,0.2926766666666667,42.008624558863076,-0.0076267320442945374,-0.00877275750680494,0.0011460254625104034
2023-08-31 00:00:00+00:00,0.2655,0.2667,0.2492,0.2554,92935093.3,0.26946,0.29207333333333335,36.55754376442091,-0.008065836764532819,-0.008631373358350517,0.0005655365938176983
2023-09-01 00:00:00+00:00,0.2554,0.2588,0.2514,0.2551,62605625.4,0.26761999999999997,0.29138000000000003,36.404924194261035,-0.008341877935494124,-0.00857347427377924,0.00023159633828511578
2023-09-02 00:00:00+00:00,0.2551,0.2574,0.2536,0.2562,21898057.0,0.26596000000000003,0.2907766666666667,37.43628789038499,-0.008375336084418261,-0.008533846635907043,0.00015851055148878232
2023-09-03 00:00:00+00:00,0.2562,0.2569,0.2531,0.2559,33024398.4,0.264225,0.29031,37.25881556141001,-0.008330035932328395,-0.008493084495191315,0.00016304856286292017
2023-09-04 00:00:00+00:00,0.2559,0.26,0.2532,0.2561,40657488.5,0.26293,0.28993833333333335,37.47163357109887,-0.008183660759809808,-0.008431199748115015,0.00024753898830520704
2023-09-05 00:00:00+00:00,0.2562,0.2589,0.2538,0.2578,40887843.7,0.262085,0.289495,39.35466123181672,-0.007840105729947033,-0.00831298094448142,0.0004728752145343861
2023-09-06 00:00:00+00:00,0.2578,0.2612,0.2521,0.2577,57656386.6,0.262205,0.288945,39.27972638346399,-0.007489569957491005,-0.008148298747083336,0.0006587287895923315
2023-09-07 00:00:00+00:00,0.2577,0.2596,0.2531,0.2579,63998483.8,0.26189999999999997,0.2885033333333333,39.52773033603941,-0.007113628027988539,-0.007941364603264377,0.0008277365752758382
2023-09-08 00:00:00+00:00,0.258,0.2597,0.2527,0.2544,54595507.4,0.26118,0.2879466666666667,36.702564020550554,-0.007017221923358519,-0.0077565360672832056,0.0007393141439246869
2023-09-09 00:00:00+00:00,0.2544,0.2558,0.2531,0.2533,18121235.9,0.26033,0.28729,35.835668076628636,-0.00694947102174398,-0.007595123058175361,0.0006456520364313805
2023-09-10 00:00:00+00:00,0.2534,0.2534,0.2423,0.249,82463546.6,0.25964,0.28662333333333334,32.5946779076111,-0.007160213523080272,-0.007508141151156344,0.00034792762807607167
2023-09-11 00:00:00+00:00,0.2491,0.2496,0.2367,0.2421,74448945.4,0.258805,0.2847133333333333,28.189048664039035,-0.007794154644946816,-0.007565343849914439,-0.00022881079503237704
2023-09-12 00:00:00+00:00,0.2421,0.2527,0.2408,0.2455,55963149.9,0.257675,0.28334333333333334,32.995037220607514,-0.007930784815697589,-0.007638432043071069,-0.0002923527726265201
2023-09-13 00:00:00+00:00,0.2455,0.25,0.2434,0.2487,42074899.2,0.256815,0.282055,37.25152115827921,-0.007692181276363286,-0.007649181889729513,-4.29993866337729e-05
2023-09-14 00:00:00+00:00,0.2487,0.2527,0.2465,0.2513,49307776.8,0.25632,0.28099999999999997,40.555691012408424,-0.0072101735885502505,-0.0075613802294936605,0.00035120664094341007
2023-09-15 00:00:00+00:00,0.2514,0.2552,0.2451,0.2505,68762333.2,0.255795,0.27997833333333333,39.86018672153674,-0.006814182681134873,-0.007411940719821903,0.0005977580386870305
2023-09-16 00:00:00+00:00,0.2506,0.2539,0.2483,0.2503,34777177.1,0.25514000000000003,0.27899166666666664,39.676992636515436,-0.006442233307164036,-0.00721799923729033,0.000775765930126294
2023-09-17 00:00:00+00:00,0.2503,0.2513,0.2443,0.2471,42170651.7,0.254115,0.27773333333333333,36.76549027915564,-0.006332674871065314,-0.007040934364045327,0.0007082594929800137
2023-09-18 00:00:00+00:00,0.2471,0.256,0.2441,0.2516,71770689.6,0.253065,0.27665833333333334,43.08983406701605,-0.005815696895534239,-0.00679588687034311,0.000980189974808871
2023-09-19 00:00:00+00:00,0.2515,0.258,0.2506,0.2548,52966563.7,0.252535,0.2756933333333333,47.13859526354126,-0.005089110767747429,-0.006454531649823974,0.0013654208820765446
2023-09-20 00:00:00+00:00,0.2548,0.2565,0.25,0.2517,53146080.0,0.25234999999999996,0.27472166666666664,43.881641633920545,-0.004709146015005605,-0.0061054545228603,0.0013963085078546947
2023-09-21 00:00:00+00:00,0.2517,0.2531,0.2448,0.2449,58361302.0,0.25184,0.27351833333333336,37.724363616630015,-0.00490023749345575,-0.0058644111169793905,0.0009641736235236403
2023-09-22 00:00:00+00:00,0.245,0.2465,0.2427,0.2449,73938896.4,0.251275,0.27251166666666665,37.724363616630015,-0.004994109876931413,-0.005690350868969796,0.0006962409920383827
2023-09-23 00:00:00+00:00,0.245,0.2468,0.2436,0.2461,25631020.4,0.250785,0.27155166666666664,39.462843287569726,-0.004915017187324816,-0.0055352841326408,0.0006202669453159839
2023-09-24 00:00:00+00:00,0.246,0.2463,0.2416,0.2427,27611468.8,0.250115,0.2704816666666667,36.3652764232142,-0.0050682634597147835,-0.005441879998055597,0.0003736165383408131
2023-09-25 00:00:00+00:00,0.2428,0.2463,0.2404,0.2459,39187490.9,0.24951999999999996,0.2694516666666667,41.05487785453974,-0.004875299559624735,-0.0053285639103694245,0.00045326435074468947
2023-09-26 00:00:00+00:00,0.2459,0.2479,0.243,0.2455,28346745.0,0.24891000000000002,0.26837833333333333,40.65159104643742,-0.004700466879387494,-0.0052029445041730385,0.0005024776247855448
2023-09-27 00:00:00+00:00,0.2455,0.2484,0.2426,0.2446,39114830.2,0.248245,0.26723833333333336,39.706490623097395,-0.004581718005932267,-0.005078699204524884,0.0004969811985926168
2023-09-28 00:00:00+00:00,0.2447,0.2508,0.2433,0.2489,49669473.6,0.24797000000000002,0.2661266666666667,46.14833428311343,-0.004093447885636203,-0.004881648940747148,0.000788201055110945
2023-09-29 00:00:00+00:00,0.249,0.2559,0.2476,0.2494,88297074.2,0.247775,0.26516666666666666,46.85930720740844,-0.003624365051949685,-0.0046301921629876555,0.0010058271110379704
2023-09-30 00:00:00+00:00,0.2494,0.2548,0.2489,0.254,41541821.3,0.24802500000000002,0.26422833333333334,53.006342151777886,-0.0028485951389252695,-0.004273872758175179,0.0014252776192499091
2023-10-01 00:00:00+00:00,0.254,0.2679,0.2537,0.2659,78880890.4,0.24921500000000002,0.26367166666666664,64.45971081983619,-0.0012590478265679383,-0.003670907771853731,0.0024118599452857925
2023-10-02 00:00:00+00:00,0.2659,0.2696,0.2574,0.2591,91440764.3,0.24989499999999998,0.26312,56.052774822871996,-0.0005417780197173871,-0.0030450818214264623,0.002503303801709075
2023-10-03 00:00:00+00:00,0.2591,0.2646,0.2574,0.261,58464738.7,0.25051,0.26257833333333336,57.71233301547851,0.0001779265642221084,-0.002400480144296748,0.0025784067085188565
2023-10-04 00:00:00+00:00,0.2609,0.2614,0.2525,0.2589,63613390.5,0.25088999999999995,0.26199666666666666,55.22985557061198,0.0005722486563203844,-0.0018059343841733218,0.0023781830404937063
2023-10-05 00:00:00+00:00,0.259,0.264,0.2566,0.2602,49552668.7,0.251375,0.2614616666666667,56.477914576064585,0.0009783728178637818,-0.001249072943765901,0.0022274457616296827
2023-10-06 00:00:00+00:00,0.2603,0.267,0.2602,0.2646,43655463.6,0.25209000000000004,0.26102166666666665,60.49232777952007,0.0016364088667327192,-0.0006719765816661769,0.002308385448398896
2023-10-07 00:00:00+00:00,0.2646,0.2657,0.2563,0.2587,52025210.8,0.25267,0.26037666666666665,53.38197669506837,0.0016626603709264387,-0.0002050491911476538,0.0018677095620740925
2023-10-08 00:00:00+00:00,0.2588,0.2591,0.2553,0.2563,26666220.2,0.25290500000000005,0.2596266666666666,50.767868310093895,0.0014728271007543037,0.00013052606723273772,0.001342301033521566
2023-10-09 00:00:00+00:00,0.2564,0.2586,0.2488,0.2513,75592665.2,0.25273,0.25887333333333334,45.74224576066111,0.000908452577391472,0.0002861113692644846,0.0006223412081269874
2023-10-10 00:00:00+00:00,0.2513,0.2538,0.2466,0.249,64320917.1,0.252595,0.258135,43.60394290082043,0.00027245028612554734,0.00028337915263669717,-1.0928866511149835e-05
2023-10-11 00:00:00+00:00,0.2491,0.2496,0.2447,0.2481,78623427.5,0.252755,0.257405,42.76156934262235,-0.0003007418256768535,0.00016655495697398705,-0.00046729678265084053
2023-10-12 00:00:00+00:00,0.2481,0.2482,0.2422,0.246,35000900.0,0.25281,0.25668166666666664,40.78183378817292,-0.000913918074802067,-4.953964938122376e-05,-0.0008643784254208433
2023-10-13 00:00:00+00:00,0.2461,0.2498,0.2449,0.2458,35522662.0,0.252795,0.255935,40.58909978102725,-0.0013998662121531003,-0.00031960496193559907,-0.0010802612502175011
2023-10-14 00:00:00+00:00,0.2459,0.2478,0.2449,0.247,19550143.8,0.25301,0.2553516666666667,42.3495755172826,-0.0016689154227597647,-0.0005894670541004322,-0.0010794483686593324
2023-10-15 00:00:00+00:00,0.247,0.2484,0.2454,0.2473,23294593.0,0.25307999999999997,0.254895,42.80586462512643,-0.0018367583607249993,-0.0008389253154253457,-0.0009978330452996536
2023-10-16 00:00:00+00:00,0.2474,0.26,0.2472,0.2513,89063648.9,0.25337,0.2548283333333333,48.64252804830642,-0.001628239199749304,-0.0009967880922901375,-0.0006314511074591665
2023-10-17 00:00:00+00:00,0.2514,0.2519,0.2446,0.2463,44841890.9,0.253455,0.25453333333333333,42.767360041801545,-0.0018451744531187697,-0.0011664653644558641,-0.0006787090886629056
2023-10-18 00:00:00+00:00,0.2464,0.2483,0.2422,0.243,35611192.0,0.25316,0.25410333333333335,39.38612023301744,-0.0022573582048684426,-0.00138464393253838,-0.0008727142723300627
2023-10-19 00:00:00+00:00,0.243,0.247,0.2394,0.2469,47562468.3,0.253035,0.25371333333333335,44.92768268690396,-0.0022434582017678284,-0.0015564067863842697,-0.0006870514153835587
2023-10-20 00:00:00+00:00,0.247,0.2532,0.2454,0.2512,68958714.1,0.252895,0.25352,50.32061412977253,-0.0018639814676945088,-0.0016179217226463178,-0.00024605974504819097
2023-10-21 00:00:00+00:00,0.2513,0.2628,0.2495,0.2586,74687552.0,0.25253000000000003,0.25351666666666667,57.951723758300126,-0.0009551152917943728,-0.001485360436475929,0.0005302451446815562
2023-10-22 00:00:00+00:00,0.2587,0.2644,0.2553,0.2639,59063453.1,0.25277000000000005,0.2534466666666667,62.405832168788166,0.000190635874985412,-0.001150161174183661,0.001340797049169073
2023-10-23 00:00:00+00:00,0.264,0.2813,0.2616,0.2807,138213642.7,0.253755,0.2536933333333333,72.38975038936897,0.0024263026196136295,-0.000434868415424203,0.0028611710350378325
2023-10-24 00:00:00+00:00,0.2808,0.2939,0.2733,0.2792,171131052.9,0.25477000000000005,0.25399333333333335,70.58725770889433,0.004030585081990612,0.00045822228405876,0.003572362797931852
2023-10-25 00:00:00+00:00,0.2793,0.29,0.2762,0.2808,100707132.0,0.2558,0.25432333333333335,71.40515282972474,0.0053692042752261915,0.0014404186822922463,0.003928785592933946
2023-10-26 00:00:00+00:00,0.2809,0.298,0.28,0.2872,126349394.6,0.25693,0.25472,74.46401173198063,0.006867333793855512,0.0025258017046049,0.0043415320892506125
2023-10-27 00:00:00+00:00,0.2871,0.2926,0.2806,0.2893,59005757.2,0.25846,0.25508166666666665,75.39412219899853,0.008130343145558161,0.003646709992795552,0.004483633152762609
2023-10-28 00:00:00+00:00,0.2893,0.2975,0.2887,0.2909,43195418.6,0.26019000000000003,0.25538666666666665,76.10815301846326,0.009154862231415706,0.004748340440519583,0.004406521790896123
2023-10-29 00:00:00+00:00,0.2909,0.2986,0.2881,0.2954,45363693.5,0.26239500000000004,0.25588666666666665,78.03842616492291,0.010212193569550054,0.005841111066325677,0.004371082503224377
2023-10-30 00:00:00+00:00,0.2955,0.3031,0.292,0.3031,88760107.7,0.2651,0.25668166666666664,80.8843370882488,0.011538453808036586,0.006980579614667859,0.004557874193368727
2023-10-31 00:00:00+00:00,0.3031,0.3046,0.2845,0.293,115945883.2,0.267345,0.25731333333333334,68.36924721090466,0.011640356230690818,0.007912534937872452,0.003727821292818366
2023-11-01 00:00:00+00:00,0.2929,0.3087,0.2839,0.3071,144162060.8,0.27040000000000003,0.2581616666666667,74.33865647440608,0.012712327003645663,0.008872493351027095,0.0038398336526185677
2023-11-02 00:00:00+00:00,0.3072,0.3295,0.2981,0.323,201974366.4,0.27426,0.25928,79.12327119344523,0.014675696389822357,0.010033133958786147,0.00464256243103621
2023-11-03 00:00:00+00:00,0.3231,0.3296,0.3114,0.3292,134180972.4,0.27837,0.26049833333333333,80.63917191152703,0.016541291249193568,0.011334765416867633,0.005206525832325936
2023-11-04 00:00:00+00:00,0.3291,0.3306,0.3208,0.3278,63442713.4,0.282395,0.261665,79.2399913656408,0.017702753988026343,0.012608363131099375,0.005094390856926968
2023-11-05 00:00:00+00:00,0.3278,0.35,0.326,0.3419,130046711.3,0.286925,0.26306833333333335,82.52808366814554,0.01953577745590923,0.01399384599606135,0.005541931459847882
2023-11-06 00:00:00+00:00,0.3419,0.3757,0.3373,0.3624,179872075.7,0.29273,0.26481,85.99996596827376,0.02238460464634845,0.01567199772611877,0.00671260692022968
2023-11-07 00:00:00+00:00,0.3624,0.3655,0.3335,0.3512,204897945.9,0.29813999999999996,0.26642333333333335,76.99771465836255,0.023468049258272616,0.01723120803254954,0.0062368412257230756
2023-11-08 00:00:00+00:00,0.3512,0.3603,0.3486,0.3577,113764823.7,0.30368,0.26816333333333336,78.41019249146525,0.02456797823618162,0.018698562073275957,0.0058694161629056635
2023-11-09 00:00:00+00:00,0.3577,0.3864,0.3417,0.3684,275776697.4,0.30954000000000004,0.2701533333333333,80.52971515152599,0.026003330247521383,0.02015951570812504,0.005843814539396343
2023-11-10 00:00:00+00:00,0.3685,0.3886,0.3626,0.3859,191392833.4,0.315905,0.27254999999999996,83.4000638860543,0.028227570937345736,0.021773126753969183,0.006454444183376554
2023-11-11 00:00:00+00:00,0.386,0.3951,0.3694,0.3844,197565105.7,0.32192999999999994,0.274865,82.28037716668878,0.029528869814702763,0.0233242753661159,0.006204594448586863
2023-11-12 00:00:00+00:00,0.3844,0.3914,0.3705,0.3834,131765655.6,0.327065,0.27711,81.4948633938519,0.030132122555484475,0.024685844803989616,0.005446277751494859
2023-11-13 00:00:00+00:00,0.3835,0.3885,0.3529,0.3568,173268736.2,0.330945,0.27886833333333333,63.99388505544125,0.028139433135236647,0.025376562470239023,0.0027628706649976235
2023-11-14 00:00:00+00:00,0.3568,0.3719,0.34,0.3579,162292352.2,0.3348,0.28065833333333334,64.33497611977137,0.026345281217546923,0.025570306219700602,0.0007749749978463207
2023-11-15 00:00:00+00:00,0.3579,0.3794,0.3534,0.3788,127946698.0,0.33938,0.2828,70.12566921839684,0.026306611980410566,0.0257175673718426,0.0005890446085679672
2023-11-16 00:00:00+00:00,0.3787,0.4095,0.3585,0.3706,307196631.1,0.343445,0.2848583333333333,65.62371483472049,0.02532239406549852,0.025638532710573786,-0.00031613864507526457
2023-11-17 00:00:00+00:00,0.3707,0.3783,0.3527,0.3671,142430049.9,0.347255,0.2867833333333333,63.74269503008177,0.02398350659295484,0.02530752748705,-0.0013240208940951612
2023-11-18 00:00:00+00:00,0.3671,0.3777,0.3488,0.3772,112215311.8,0.35134499999999996,0.2888233333333333,66.70825762234472,0.023466902372666187,0.02493940246417324,-0.0014725000915070535
2023-11-19 00:00:00+00:00,0.3771,0.3857,0.3687,0.384,101902781.3,0.35539,0.29102833333333333,68.57205939841012,0.02333717653201084,0.02461895727774076,-0.001281780745729922
2023-11-20 00:00:00+00:00,0.384,0.3994,0.378,0.3804,132991378.7,0.35975999999999997,0.29328666666666664,66.45104658219816,0.02268240926047732,0.024231647674288075,-0.0015492384138107544
2023-11-21 00:00:00+00:00,0.3803,0.3899,0.3551,0.3566,169158003.7,0.362235,0.29514833333333335,54.4582849946577,0.020012350466421358,0.023387788232714736,-0.003375437766293378
2023-11-22 00:00:00+00:00,0.3566,0.3874,0.3553,0.3805,93647895.7,0.36511,0.2973883333333333,61.895341423142,0.01959891579339834,0.02263001374485146,-0.0030310979514531176
2023-11-23 00:00:00+00:00,0.3805,0.3874,0.376,0.3873,68175668.9,0.36801500000000004,0.29979833333333333,63.711112304720274,0.0195941004137547,0.02202283107863211,-0.0024287306648774105
2023-11-24 00:00:00+00:00,0.3872,0.3977,0.3836,0.3862,108957051.4,0.370935,0.30213666666666666,63.18657516362081,0.01927928380105659,0.021474121623117008,-0.002194837822060418
2023-11-25 00:00:00+00:00,0.3862,0.3959,0.3845,0.3941,52139797.7,0.373545,0.30461333333333335,65.39039834898176,0.019443125101067382,0.021067922318707084,-0.0016247972176397021
2023-11-26 00:00:00+00:00,0.3942,0.3956,0.3782,0.3873,64465067.7,0.37479,0.30699166666666666,61.95247873957377,0.01880746657428317,0.020615831169822303,-0.0018083645955391317
2023-11-27 00:00:00+00:00,0.3874,0.3922,0.3712,0.3777,70669351.5,0.376115,0.30913833333333335,57.36693945359788,0.017329301442765177,0.01995852522441088,-0.002629223781645703
2023-11-28 00:00:00+00:00,0.3778,0.3883,0.3693,0.3858,79174386.6,0.37752,0.31141166666666664,60.05357130293146,0.01661986378766972,0.019290792937062647,-0.0026709291493929276
2023-11-29 00:00:00+00:00,0.3857,0.3892,0.3775,0.3816,68200523.6,0.37818,0.31353833333333336,58.012163978163045,0.015539593672849406,0.01854055308422,-0.003000959411370595
2023-11-30 00:00:00+00:00,0.3817,0.3829,0.3719,0.3759,59930456.8,0.37767999999999996,0.31537166666666666,55.2664057173465,0.014061437956989054,0.01764473005877381,-0.003583292101784756
2023-12-01 00:00:00+00:00,0.376,0.3855,0.3736,0.3844,56334397.5,0.37768,0.31745999999999996,58.426422468941446,0.013421157120266647,0.016800015471072377,-0.00337885835080573
2023-12-02 00:00:00+00:00,0.3844,0.398,0.3827,0.3976,68638568.3,0.37838999999999995,0.31973666666666667,62.81897204544046,0.013819556383572296,0.01620392365357236,-0.002384367270000066
2023-12-03 00:00:00+00:00,0.3976,0.403,0.3878,0.3949,91882676.8,0.380295,0.3220033333333333,61.39016819158572,0.013758820121107185,0.015714902947079327,-0.0019560828259721427
2023-12-04 00:00:00+00:00,0.3948,0.415,0.3911,0.4068,177280730.9,0.38273999999999997,0.32444666666666666,65.15222009672505,0.014503726808678896,0.015472667719399242,-0.0009689409107203461
2023-12-05 00:00:00+00:00,0.4069,0.426,0.3969,0.4257,153779346.5,0.385085,0.32713166666666665,70.13025477716512,0.016429750831036483,0.01566408434172669,0.0007656664893097923
2023-12-06 00:00:00+00:00,0.4258,0.455,0.4162,0.4429,270929667.9,0.3887,0.3302016666666666,73.79851424817794,0.019123590155321946,0.016355985504445742,0.0027676046508762035
2023-12-07 00:00:00+00:00,0.4431,0.4599,0.4312,0.4555,180487882.7,0.39311999999999997,0.33352166666666666,76.1128173681949,0.02202134358425989,0.017489057120408574,0.004532286463851315
2023-12-08 00:00:00+00:00,0.4555,0.5719,0.4519,0.5454,514331728.7,0.40153,0.3384233333333333,85.77029947703438,0.031212217711384938,0.020233689238603848,0.01097852847278109
2023-12-09 00:00:00+00:00,0.5455,0.6474,0.5441,0.5791,716161289.8,0.411285,0.343925,87.7668969177533,0.04074566931854695,0.024336085254592466,0.016409584063954485
2023-12-10 00:00:00+00:00,0.5791,0.6167,0.5694,0.5948,307447745.2,0.42200499999999996,0.3497033333333333,88.57142510346516,0.04900298132622605,0.029269464468919183,0.019733516857306864
2023-12-11 00:00:00+00:00,0.5947,0.5984,0.5106,0.5507,403945042.2,0.43171,0.35478166666666666,73.87460380475673,0.05139599806926548,0.03369477118898845,0.017701226880277032
2023-12-12 00:00:00+00:00,0.5507,0.6075,0.5506,0.5784,348838584.3,0.441605,0.36032500000000006,76.5110518274476,0.05489484596686878,0.03793478614456451,0.016960059822304266
2023-12-13 00:00:00+00:00,0.5784,0.6788,0.5419,0.6675,493921678.8,0.45561500000000005,0.36733333333333335,82.595285137542,0.0641182185821777,0.04317147263208715,0.02094674595009055
2023-12-14 00:00:00+00:00,0.6677,0.68,0.61,0.6433,345212494.2,0.46846999999999994,0.37393333333333334,76.77823559392925,0.06868333138810717,0.04827384438329115,0.02040948700481602
2023-12-15 00:00:00+00:00,0.6433,0.6541,0.5998,0.6004,240571744.1,0.47878499999999996,0.37975166666666665,67.67857264760946,0.06805504847095101,0.05223008520082313,0.015824963270127876
2023-12-16 00:00:00+00:00,0.6004,0.6258,0.5865,0.6078,152365355.7,0.48981,0.38577666666666666,68.37484468908012,0.06737756130256989,0.05525958042117249,0.0121179808813974
2023-12-17 00:00:00+00:00,0.6078,0.6182,0.5772,0.5804,133192915.3,0.499945,0.3914,62.96607402769067,0.06389317607033318,0.05698629955100463,0.006906876519328552
2023-12-18 00:00:00+00:00,0.5805,0.6032,0.5435,0.6021,204175142.0,0.51076,0.39732,65.3067487751247,0.06216617138900438,0.05802227391860458,0.004143897470399796
2023-12-19 00:00:00+00:00,0.602,0.6173,0.5661,0.5761,198847462.1,0.5204850000000001,0.402735,60.38238764029316,0.0580305845715644,0.05802393604919655,6.648522367855292e-06
2023-12-20 00:00:00+00:00,0.576,0.61,0.5686,0.5894,198909767.8,0.53116,0.40824833333333327,61.96242595620916,0.05519010390751233,0.05745716962085971,-0.00226706571334738
2023-12-21 00:00:00+00:00,0.5893,0.6397,0.5818,0.6351,226299061.9,0.5436949999999999,0.414435,66.85410852436615,0.055981293086303285,0.05716199431394843,-0.001180701227645145
2023-12-22 00:00:00+00:00,0.6352,0.6513,0.6052,0.6226,214849930.8,0.5549449999999999,0.4201333333333333,64.41402663772692,0.0549660561969082,0.05672280669054039,-0.001756750493632192
2023-12-23 00:00:00+00:00,0.6225,0.6231,0.5964,0.613,126272911.7,0.56585,0.4256966666666667,62.52652855161866,0.05277843691095008,0.055933932734622334,-0.0031554958236722566
2023-12-24 00:00:00+00:00,0.613,0.6286,0.585,0.5919,217308386.0,0.575105,0.4308816666666667,58.47104335508755,0.04877983562524557,0.05450311331274699,-0.005723277687501416
2023-12-25 00:00:00+00:00,0.5919,0.635,0.589,0.6242,163634887.8,0.5850299999999999,0.4364983333333333,62.48262551815199,0.04766777096407826,0.05313604484301324,-0.005468273878934983
2023-12-26 00:00:00+00:00,0.624,0.6279,0.5601,0.6087,221963239.7,0.5933200000000001,0.44182166666666667,59.511770869081154,0.04501680553479814,0.051512196981370224,-0.006495391446572081
2023-12-27 00:00:00+00:00,0.6087,0.643,0.5839,0.6334,229068834.3,0.602215,0.44753000000000004,62.56623859255988,0.044397196659609506,0.05008919691701808,-0.005692000257408576
2023-12-28 00:00:00+00:00,0.6334,0.6769,0.61,0.6158,321217533.2,0.605735,0.45287,59.142453525259334,0.04200180854760016,0.0484717192431345,-0.006469910695534341
2023-12-29 00:00:00+00:00,0.6158,0.6258,0.5908,0.6083,195162581.0,0.607195,0.4579566666666667,57.69359061679532,0.039048136282662904,0.04658700265104018,-0.007538866368377278
2023-12-30 00:00:00+00:00,0.6082,0.6133,0.5929,0.6011,96059388.4,0.60751,0.4630916666666666,56.268478458592114,0.035714653610331215,0.044412532842898395,-0.00869787923256718
2023-12-31 00:00:00+00:00,0.601,0.61,0.58,0.594,104191519.8,0.609675,0.4678733333333333,54.830171386879435,0.03212956429599345,0.04195593913351741,-0.009826374837523959
2024-01-01 00:00:00+00:00,0.5939,0.624,0.5902,0.6232,91021386.4,0.611915,0.47287666666666667,59.42390568080013,0.031283929485090844,0.0398215372038321,-0.008537607718741257
2024-01-02 00:00:00+00:00,0.6233,0.637,0.6015,0.605,160535672.8,0.6087899999999999,0.4774733333333333,55.626619597577466,0.028813031220308427,0.037619836007127365,-0.008806804786818938
2024-01-03 00:00:00+00:00,0.6051,0.6188,0.5,0.5569,319806612.8,0.60447,0.4812916666666666,47.06645716745703,0.022711751597241814,0.034638219125150256,-0.011926467527908442
2024-01-04 00:00:00+00:00,0.5568,0.5791,0.5491,0.5699,149952088.0,0.602945,0.48509166666666664,49.33571685489101,0.018709760421366406,0.03145252738439349,-0.012742766963027084
2024-01-05 00:00:00+00:00,0.57,0.5726,0.522,0.5414,152848545.9,0.599625,0.488075,44.801218458580806,0.013087576332901252,0.027779537174095044,-0.014691960841193792
2024-01-06 00:00:00+00:00,0.5413,0.5429,0.5068,0.5227,120959496.4,0.5967399999999999,0.49093333333333333,42.06902358681465,0.007041847188572259,0.02363199917699049,-0.01659015198841823
2024-01-07 00:00:00+00:00,0.5227,0.53,0.4877,0.4945,111767718.9,0.59136,0.4932133333333333,38.27794612603856,-2.465680984586882e-05,0.01890066797962322,-0.018925324789469088
2024-01-08 00:00:00+00:00,0.4945,0.5487,0.4643,0.5412,216099815.2,0.589615,0.49609333333333333,46.824046131329965,-0.0018354544517991123,0.014753443493338753,-0.016588897945137866
2024-01-09 00:00:00+00:00,0.5412,0.5436,0.4964,0.5124,168923575.1,0.5857650000000001,0.4982016666666667,42.8808259008326,-0.005530689590630855,0.010696616876544832,-0.016227306467175687
2024-01-10 00:00:00+00:00,0.5123,0.5895,0.4872,0.566,279571914.5,0.58231,0.5012283333333333,51.12952789852331,-0.004087005558768175,0.007739892389482231,-0.011826897948250406
2024-01-11 00:00:00+00:00,0.5662,0.6174,0.5607,0.582,287865723.4,0.58028,0.5045383333333333,53.29764317203507,-0.001632985242536522,0.005865316863078481,-0.007498302105615003
2024-01-12 00:00:00+00:00,0.582,0.5891,0.5271,0.5476,158309249.6,0.5770099999999999,0.5077183333333334,48.33284770574021,-0.0024358697783375405,0.004205079534795277,-0.006640949313132818
2024-01-13 00:00:00+00:00,0.5477,0.554,0.531,0.5491,73966558.1,0.57487,0.5109049999999999,48.55787219293981,-0.002917493049653608,0.0027805650179055005,-0.005698058067559108
2024-01-14 00:00:00+00:00,0.5491,0.5502,0.5233,0.5251,74139564.7,0.5699150000000001,0.5133433333333334,45.16823626876171,-0.005176115349976418,0.001189228944329117,-0.006365344294305535
2024-01-15 00:00:00+00:00,0.5251,0.5416,0.5217,0.5276,63585526.0,0.56586,0.51596,45.594277312482845,-0.006687273957352136,-0.00038607163600713366,-0.0063012023213450015
2024-01-16 00:00:00+00:00,0.5276,0.5482,0.525,0.5356,74354014.5,0.56097,0.5187683333333334,47.01308177936309,-0.007156845242819121,-0.0017402263573695312,-0.00541661888544959
2024-01-17 00:00:00+00:00,0.5356,0.5395,0.5213,0.5282,63933793.0,0.5565899999999999,0.521285,45.82270324749432,-0.008033496873964707,-0.0029988804606885665,-0.005034616413276141
2024-01-18 00:00:00+00:00,0.5282,0.5283,0.4955,0.5026,92941269.5,0.5513049999999999,0.5232616666666666,41.87275978214748,-0.01067094761775167,-0.004533293892101187,-0.006137653725650482
2024-01-19 00:00:00+00:00,0.5027,0.5054,0.4713,0.5044,119926942.0,0.54647,0.5253283333333333,42.24970790233981,-0.012472130421370964,-0.006121061197955142,-0.006351069223415821
2024-01-20 00:00:00+00:00,0.5043,0.5179,0.4986,0.516,79444228.6,0.54257,0.527985,44.736888817016435,-0.012815824863849135,-0.007460013931133941,-0.005355810932715193
2024-01-21 00:00:00+00:00,0.5159,0.5205,0.5024,0.5032,54007901.7,0.53657,0.53003,42.55878261499899,-0.013960134471330932,-0.00876003803917334,-0.005200096432157592
2024-01-22 00:00:00+00:00,0.5031,0.5063,0.4767,0.4786,143854450.0,0.53025,0.5315516666666666,38.6628049967542,-0.01665997664845964,-0.010340025761030599,-0.006319950887429041
2024-01-23 00:00:00+00:00,0.4787,0.4863,0.4477,0.4773,179364936.7,0.52627,0.53307,38.462423860554146,-0.018689084033407077,-0.012009837415505896,-0.006679246617901181
2024-01-24 00:00:00+00:00,0.4773,0.4805,0.4643,0.4765,94074417.5,0.5216000000000001,0.5344433333333334,38.330767359936296,-0.020129677180777183,-0.013633805368560153,-0.00649587181221703
2024-01-25 00:00:00+00:00,0.4766,0.4841,0.4585,0.4666,85672497.7,0.51786,0.5357649999999999,36.658483331570245,-0.02181869258477631,-0.015270782811803385,-0.006547909772972926
2024-01-26 00:00:00+00:00,0.4667,0.4904,0.463,0.4849,106524727.9,0.5159699999999999,0.5375516666666666,41.72002121573277,-0.021433520122555894,-0.016503330273953887,-0.004930189848602006
2024-01-27 00:00:00+00:00,0.485,0.49,0.4754,0.4862,55368149.5,0.515555,0.539225,42.074135547017654,-0.020783786482667543,-0.01735942151569662,-0.0034243649669709227
2024-01-28 00:00:00+00:00,0.4862,0.5006,0.4834,0.4903,97129557.5,0.5130100000000001,0.5410366666666667,43.24538787230426,-0.019710818115431128,-0.017829700835643524,-0.0018811172797876044
2024-01-29 00:00:00+00:00,0.4903,0.5282,0.4836,0.526,121001422.1,0.51369,0.5435383333333333,52.29116348691044,-0.015797685427534458,-0.01742329775402171,0.0016256123264872524
2024-01-30 00:00:00+00:00,0.5261,0.5367,0.5122,0.5136,131938020.8,0.51107,0.5456916666666667,49.34903606981312,-0.013540983915050986,-0.016646834986227568,0.0031058510711765817
2024-01-31 00:00:00+00:00,0.5137,0.5203,0.4932,0.4976,132999623.5,0.5068499999999999,0.5473583333333334,45.77052743124447,-0.012894952998831033,-0.01589645858874826,0.0030015055899172277
2024-02-01 00:00:00+00:00,0.4976,0.5084,0.4858,0.5078,97823370.7,0.5048600000000001,0.54924,48.342247960249196,-0.011428177175595078,-0.015002802306117623,0.0035746251305225456
2024-02-02 00:00:00+00:00,0.5077,0.5244,0.5041,0.5146,109308591.4,0.503135,0.5510366666666666,50.043140757981774,-0.00960630805852325,-0.013923503456598749,0.004317195398075499
2024-02-03 00:00:00+00:00,0.5147,0.5257,0.5117,0.5124,62959942.6,0.5025,0.5524816666666666,49.47555619448693,-0.008244942704024982,-0.012787791306083996,0.004542848602059014
2024-02-04 00:00:00+00:00,0.5125,0.5126,0.4932,0.4934,57766921.8,0.50079,0.5533233333333333,44.75450825944922,-0.00860005597096769,-0.011950244239060737,0.0033501882680930465
2024-02-05 00:00:00+00:00,0.4933,0.5062,0.4872,0.4944,74074301.1,0.49873,0.5539716666666666,45.051697503810445,-0.008700500200384598,-0.011300295431325508,0.0025997952309409107
2024-02-06 00:00:00+00:00,0.4944,0.5042,0.4887,0.4983,74173617.7,0.49723500000000004,0.5531866666666667,46.265747976680096,-0.008368933711177085,-0.010714023087295825,0.00234508937611874
2024-02-07 00:00:00+00:00,0.4982,0.5025,0.4727,0.5022,180295685.6,0.497215,0.551905,47.51458504342454,-0.007702675821214644,-0.010111753634079589,0.0024090778128649445
2024-02-08 00:00:00+00:00,0.5023,0.5361,0.502,0.5304,228609030.6,0.498515,0.5508316666666667,55.557637399015846,-0.004843326467868558,-0.009058068200837382,0.004214741732968824
2024-02-09 00:00:00+00:00,0.5304,0.5485,0.5278,0.5407,154515283.0,0.49974999999999997,0.5506650000000001,58.08421512475866,-0.0017262484677499357,-0.007591704254219893,0.005865455786469957
2024-02-10 00:00:00+00:00,0.5407,0.5581,0.528,0.5515,115859589.7,0.502165,0.5502166666666667,60.61271416748735,0.001597117469297582,-0.0057539399095163975,0.00735105737881398
2024-02-11 00:00:00+00:00,0.5515,0.5654,0.5353,0.5414,159388533.1,0.505305,0.548115,57.14121577156164,0.0033769954260236545,-0.0039277528424083875,0.007304748268432042
2024-02-12 00:00:00+00:00,0.5415,0.5658,0.5306,0.5592,156086926.2,0.5094000000000001,0.5467133333333333,61.34327009042961,0.006152945444244606,-0.0019116131850777888,0.008064558629322396
2024-02-13 00:00:00+00:00,0.5591,0.5645,0.5338,0.5449,128760890.4,0.5128199999999999,0.5457883333333332,56.54671014620745,0.007116975282517535,-0.00010589549155872401,0.007222870774076259
2024-02-14 00:00:00+00:00,0.5448,0.5833,0.5396,0.5768,164094581.5,0.51833,0.5452716666666666,63.41841902786369,0.010335893528657047,0.0019824623124844306,0.008353431216172616
2024-02-15 00:00:00+00:00,0.5769,0.6126,0.5706,0.6087,232282054.4,0.52452,0.5457433333333335,68.74183342159662,0.01528477940778461,0.0046429257315444665,0.010641853676240143
2024-02-16 00:00:00+00:00,0.6087,0.614,0.5821,0.5986,148909729.5,0.5301400000000001,0.5456850000000001,65.49221151597796,0.018182228123251654,0.0073507862098859044,0.010831441913365748
2024-02-17 00:00:00+00:00,0.5987,0.611,0.5687,0.6096,128162404.1,0.5361049999999999,0.5462433333333333,67.30500761460728,0.021122597024278433,0.010105148372764411,0.011017448651514022
2024-02-18 00:00:00+00:00,0.6096,0.6391,0.6093,0.6193,207753370.3,0.54077,0.5467416666666668,68.8585884558916,0.0239593806701055,0.01287599483223263,0.011083385837872871
2024-02-19 00:00:00+00:00,0.6194,0.6389,0.6147,0.6308,169787705.9,0.54663,0.54667,70.63982673637585,0.02682626950179201,0.015666049766144507,0.011160219735647504
2024-02-20 00:00:00+00:00,0.6308,0.6414,0.5958,0.6216,233760627.4,0.55283,0.5466533333333333,67.3222788174636,0.028032791868477624,0.01813939818661113,0.009893393681866494
2024-02-21 00:00:00+00:00,0.6216,0.6237,0.5747,0.5988,133532235.1,0.55738,0.5464166666666668,59.82379832487325,0.02683980749059911,0.019879480047408728,0.0069603274431903825
2024-02-22 00:00:00+00:00,0.5987,0.608,0.5806,0.5858,128991781.0,0.56094,0.546315,55.99422091280452,0.024562229331399732,0.02081602990420693,0.0037461994271928006
2024-02-23 00:00:00+00:00,0.5858,0.5953,0.568,0.5824,117449758.1,0.56444,0.5456183333333333,55.0025222611962,0.022226665482096508,0.021098157019784847,0.0011285084623116615
2024-02-24 00:00:00+00:00,0.5823,0.5998,0.5697,0.5969,95375216.6,0.569615,0.5454216666666666,58.38734342076276,0.021300207588971776,0.021138567133622232,0.00016164045534954388
2024-02-25 00:00:00+00:00,0.5969,0.6007,0.5806,0.5914,78055822.8,0.574465,0.5447216666666665,56.64673216164914,0.019892866418130817,0.02088942699052395,-0.0009965605723931334
2024-02-26 00:00:00+00:00,0.5913,0.6222,0.5732,0.6191,169685875.5,0.5805049999999999,0.5447766666666667,62.68088339401591,0.020773235968974624,0.020866188786214088,-9.295281723946391e-05
2024-02-27 00:00:00+00:00,0.6192,0.63,0.6073,0.6239,194585795.4,0.58659,0.5450366666666666,63.62567377046362,0.02160915814164166,0.021014782657299603,0.0005943754843420572
2024-02-28 00:00:00+00:00,0.6238,0.661,0.5961,0.6287,355791252.9,0.591505,0.5454966666666667,64.59106133237381,0.02240073069126247,0.021291972264092178,0.0011087584271702935
2024-02-29 00:00:00+00:00,0.6287,0.7088,0.6223,0.6547,496600842.9,0.597205,0.5465083333333334,69.33809838211022,0.024839703706592053,0.022001518552592154,0.0028381851539998997
2024-03-01 00:00:00+00:00,0.6549,0.72,0.6529,0.7195,227378496.5,0.605605,0.5481133333333333,77.45164748501459,0.03163673722337057,0.023928562286747838,0.007708174936622732
2024-03-02 00:00:00+00:00,0.7196,0.7638,0.7171,0.7416,297746478.5,0.615615,0.55039,79.44896635232148,0.038364478728272644,0.026815745575052802,0.011548733153219842
2024-03-03 00:00:00+00:00,0.7414,0.7421,0.685,0.7279,205502738.3,0.62405,0.5532400000000001,75.01305924393807,0.04210542174518139,0.029873680809078526,0.012231740936102867
2024-03-04 00:00:00+00:00,0.728,0.7986,0.7219,0.7701,404835737.3,0.6353099999999999,0.5565766666666667,78.91775814477344,0.04792290790663212,0.033483526228589244,0.014439381678042873
2024-03-05 00:00:00+00:00,0.77,0.7831,0.571,0.6923,620713725.8,0.641085,0.5590916666666667,60.23059274028859,0.04572836962393245,0.03593249490765789,0.009795874716274564
2024-03-06 00:00:00+00:00,0.6923,0.7575,0.665,0.7349,295551593.1,0.647395,0.5626283333333333,65.10327454747167,0.04688617160046182,0.03812323024621868,0.008762941354243145
2024-03-07 00:00:00+00:00,0.735,0.755,0.7181,0.7427,207951361.7,0.6546000000000001,0.566765,65.92647515819515,0.04788118828748111,0.04007482185447117,0.0078063664330099425
2024-03-08 00:00:00+00:00,0.7427,0.7547,0.698,0.7228,217116920.9,0.66026,0.5697916666666667,61.91364709727829,0.04652764081107186,0.041365385645791314,0.005162255165280544
2024-03-09 00:00:00+00:00,0.7228,0.7461,0.72,0.7416,117539314.3,0.6663749999999999,0.5736116666666666,64.13467937153406,0.04643665471632308,0.042379639459897665,0.004057015256425413
2024-03-10 00:00:00+00:00,0.7416,0.744,0.7,0.7166,124973655.8,0.6706650000000001,0.5761216666666668,59.1914443145774,0.04384187467381251,0.04267208650268063,0.0011697881711318775
2024-03-11 00:00:00+00:00,0.7165,0.7882,0.685,0.7754,320630328.7,0.678355,0.579345,65.85707258029949,0.045999903134252174,0.04333764982899494,0.0026622533052572325
2024-03-12 00:00:00+00:00,0.7754,0.7764,0.704,0.7481,227151117.0,0.68582,0.5826866666666668,60.8846536647097,0.04498867297494713,0.04366785445818538,0.0013208185167617528
2024-03-13 00:00:00+00:00,0.7482,0.7731,0.7357,0.7638,168550753.8,0.69472,0.5862649999999999,62.63203012507689,0.044936128856119084,0.04392150933777212,0.001014619518346964
2024-03-14 00:00:00+00:00,0.7639,0.8104,0.7133,0.7509,416026694.0,0.703145,0.5900283333333333,60.25040178481916,0.04335380934585631,0.04380796933938896,-0.00045415999353264763
2024-03-15 00:00:00+00:00,0.7509,0.7647,0.669,0.7274,342389407.2,0.70967,0.5933583333333333,56.067734279367706,0.03974539594783433,0.042995454661078035,-0.0032500587132437073
2024-03-16 00:00:00+00:00,0.7274,0.7355,0.65,0.6591,253748203.3,0.713055,0.5954166666666667,46.05963865369098,0.03101691940012119,0.04059974760888667,-0.009582828208765479
2024-03-17 00:00:00+00:00,0.6591,0.6881,0.6288,0.6814,188639901.3,0.7161700000000001,0.59797,49.24518916702923,0.02560381761031605,0.03760056160917255,-0.011996743998856502
2024-03-18 00:00:00+00:00,0.6814,0.699,0.642,0.6603,193908706.1,0.71799,0.6005983333333333,46.44995486857527,0.019387811164054747,0.03395801152014899,-0.014570200356094243
2024-03-19 00:00:00+00:00,0.6603,0.6661,0.58,0.5864,350014516.9,0.7158749999999999,0.601965,38.25899760128267,0.008401620231353712,0.028846733262389936,-0.020445113031036223
2024-03-20 00:00:00+00:00,0.5864,0.6441,0.5689,0.6396,283086563.5,0.71512,0.604025,45.68448766848335,0.003942335366914462,0.02386585368329484,-0.019923518316380378
2024-03-21 00:00:00+00:00,0.6395,0.6484,0.6178,0.6318,162134047.4,0.710735,0.6061683333333333,44.83311825177831,-0.00021855545698412637,0.019048971855239048,-0.019267527312223174
2024-03-22 00:00:00+00:00,0.6319,0.6427,0.5987,0.6147,138778065.1,0.70439,0.6084366666666666,42.943671532342314,-0.004840124558819547,0.01427115257242733,-0.019111277131246877
2024-03-23 00:00:00+00:00,0.6147,0.6394,0.6103,0.6232,79575095.9,0.699155,0.6108683333333335,44.20247558712846,-0.007727791239074411,0.009871363810126982,-0.01759915504920139
2024-03-24 00:00:00+00:00,0.6231,0.6482,0.6224,0.6468,80674633.1,0.69299,0.6137066666666667,47.655525949525746,-0.008019521074156488,0.006293186833270288,-0.014312707907426777
2024-03-25 00:00:00+00:00,0.6469,0.6684,0.6379,0.6567,129205089.7,0.6912100000000001,0.6168750000000001,49.07913783421315,-0.007366950191965427,0.0035611594282231457,-0.010928109620188572
2024-03-26 00:00:00+00:00,0.6566,0.6837,0.6517,0.665,128211683.4,0.687715,0.6198766666666666,50.299555864926475,-0.006109614598317603,0.0016270046229149959,-0.007736619221232599
2024-03-27 00:00:00+00:00,0.665,0.671,0.6301,0.6478,141784476.2,0.68297,0.62257,47.745779333902306,-0.0064269771434845024,1.620826963509613e-05,-0.006443185413119598
2024-03-28 00:00:00+00:00,0.6478,0.658,0.6352,0.6511,92872752.8,0.6793850000000001,0.62525,48.288252341032425,-0.006339133244188,-0.0012548600331295232,-0.0050842732110584765
2024-03-29 00:00:00+00:00,0.6511,0.6678,0.635,0.6643,129589892.2,0.67552,0.627555,50.50180957150751,-0.005145077388680086,-0.002032903504239636,-0.00311217388444045
2024-03-30 00:00:00+00:00,0.6643,0.6691,0.6416,0.6436,89397036.8,0.67187,0.6297216666666666,47.09712389472917,-0.005802212232499437,-0.002786765249891596,-0.003015446982607841
2024-03-31 00:00:00+00:00,0.6435,0.6535,0.6418,0.6501,61338789.9,0.665605,0.6322633333333333,48.27632307513605,-0.005732420873867938,-0.0033758963746868646,-0.0023565244991810737
2024-04-01 00:00:00+00:00,0.6501,0.6515,0.605,0.6212,156775712.2,0.65926,0.6341533333333333,43.620778716298084,-0.0079178274062921,-0.004284282581007911,-0.003633544825284188
2024-04-02 00:00:00+00:00,0.6211,0.6214,0.5723,0.5807,194496435.1,0.6501049999999999,0.635255,38.07883845347713,-0.012770578080911643,-0.005981541680988658,-0.006789036399922985
2024-04-03 00:00:00+00:00,0.5807,0.595,0.5622,0.5693,117116217.3,0.641025,0.6362033333333333,36.66670787981646,-0.017336458773779873,-0.008252525099546902,-0.00908393367423297
2024-04-04 00:00:00+00:00,0.5693,0.5967,0.5588,0.5831,134498067.6,0.63381,0.6376983333333333,39.58734759052851,-0.019615294544274464,-0.010525078988492417,-0.009090215555782048
2024-04-05 00:00:00+00:00,0.5831,0.5849,0.5593,0.5741,106755812.6,0.62956,0.6390266666666666,38.34538883185349,-0.021895119782761485,-0.01279908714734623,-0.009096032635415256
2024-04-06 00:00:00+00:00,0.5741,0.5896,0.5714,0.5836,50089819.8,0.62467,0.6404483333333334,40.468455818956556,-0.022673955855276873,-0.014774060888932359,-0.007899894966344514
2024-04-07 00:00:00+00:00,0.5837,0.5972,0.5817,0.5892,71643798.6,0.621115,0.6418983333333333,41.74196784393116,-0.022579038751347036,-0.016335056461415295,-0.00624398228993174
2024-04-08 00:00:00+00:00,0.5893,0.6166,0.5793,0.6137,112868465.7,0.6224799999999999,0.6432866666666667,47.07617488892059,-0.020292946561643155,-0.017126634481460866,-0.003166312080182289
2024-04-09 00:00:00+00:00,0.6137,0.6242,0.5903,0.5912,140670945.7,0.62006,0.6441283333333333,43.16714904539115,-0.02006546183681357,-0.017714399952531407,-0.002351061884282163
2024-04-10 00:00:00+00:00,0.5912,0.5941,0.5572,0.5862,146079444.2,0.61778,0.6447066666666667,42.326049726092734,-0.02005742723090076,-0.018183005408205277,-0.0018744218226954823
2024-04-11 00:00:00+00:00,0.5862,0.5945,0.5755,0.5858,80939649.6,0.6163350000000001,0.6454466666666666,42.25511679738964,-0.019854466474349075,-0.018517297621434038,-0.001337168852915037
2024-04-12 00:00:00+00:00,0.5858,0.5924,0.45,0.5027,446034030.9,0.6103099999999999,0.644505,30.732256070829195,-0.026098249739451407,-0.02003348804503751,-0.006064761694413896
2024-04-13 00:00:00+00:00,0.5027,0.5164,0.3994,0.4449,475184725.6,0.600215,0.6428383333333334,25.519527283569644,-0.03530351298430978,-0.023087493032891968,-0.012216019951417814
2024-04-14 00:00:00+00:00,0.4448,0.4778,0.4322,0.4673,362259711.3,0.590745,0.6410133333333334,30.443474932832018,-0.04032639999399301,-0.02653527442511218,-0.013791125568880833
2024-04-15 00:00:00+00:00,0.4673,0.4952,0.4388,0.461,269902887.3,0.5805450000000001,0.6385516666666666,29.84584533071164,-0.044304714317887406,-0.030089162403667227,-0.014215551914220179
2024-04-16 00:00:00+00:00,0.461,0.4781,0.4391,0.4583,171457504.8,0.57107,0.6362133333333334,29.57785908063896,-0.04713211483583446,-0.03349775289010068,-0.01363436194573378
2024-04-17 00:00:00+00:00,0.4583,0.4651,0.4272,0.444,186425966.0,0.560715,0.6334533333333333,28.13686785849562,-0.04995093729478628,-0.0367883897710378,-0.013162547523748479
2024-04-18 00:00:00+00:00,0.4441,0.461,0.4343,0.458,132581719.0,0.5504,0.630765,31.64781032851178,-0.05047336586183082,-0.0395253849891964,-0.010947980872634419
2024-04-19 00:00:00+00:00,0.458,0.4758,0.4227,0.4682,213036756.4,0.54163,0.628055,34.17123361985816,-0.049493805726474494,-0.04151906913665202,-0.007974736589822472
2024-04-20 00:00:00+00:00,0.4681,0.5083,0.4643,0.5072,177539872.5,0.534485,0.6261483333333333,42.85772375033732,-0.04505120099676252,-0.04222549550867412,-0.002825705488088401
2024-04-21 00:00:00+00:00,0.5073,0.5126,0.4874,0.4993,97169818.8,0.52839,0.62449,41.6585558569551,-0.04168732320571461,-0.042117861048082225,0.00043053784236761483
2024-04-22 00:00:00+00:00,0.4994,0.5225,0.4948,0.5167,109611168.0,0.52519,0.6233383333333333,45.28956936483567,-0.037188703019500835,-0.04113202944236595,0.003943326422865115
2024-04-23 00:00:00+00:00,0.5167,0.5217,0.497,0.5,114960663.5,0.521725,0.621965,42.55225204473367,-0.034572533893327595,-0.03982013033255828,0.005247596439230687
2024-04-24 00:00:00+00:00,0.4999,0.5109,0.4688,0.4746,160604995.8,0.5163,0.6199266666666666,38.719115334018774,-0.03415505057346735,-0.038687114380740094,0.0045320638072727445
2024-04-25 00:00:00+00:00,0.4747,0.48,0.4624,0.4705,91924876.1,0.5111199999999999,0.6179116666666666,38.122156961400826,-0.03376579668385066,-0.03770285084136221,0.003937054157511555
2024-04-26 00:00:00+00:00,0.4705,0.4789,0.4607,0.4631,83089637.1,0.5050950000000001,0.6153116666666667,37.01296913773243,-0.033666343674221055,-0.036895549407933985,0.0032292057337129296
2024-04-27 00:00:00+00:00,0.4631,0.4701,0.444,0.4675,95742384.2,0.49901,0.6127049999999999,38.16500916585879,-0.03285376546241198,-0.03608719261882959,0.003233427156417612
2024-04-28 00:00:00+00:00,0.4675,0.4785,0.4583,0.4603,64574729.5,0.49134,0.6098983333333333,36.97330300201715,-0.03241708720002684,-0.03535317153506904,0.002936084335042201
2024-04-29 00:00:00+00:00,0.4602,0.4638,0.4463,0.4571,76427014.0,0.48463500000000004,0.606605,36.42886106150333,-0.031960805516391466,-0.03467469833133353,0.0027138928149420607
2024-04-30 00:00:00+00:00,0.4572,0.4632,0.4254,0.4412,126093063.6,0.47738500000000006,0.6019666666666666,33.76812327499587,-0.03250747023130518,-0.03424125271132786,0.0017337824800226775
2024-05-01 00:00:00+00:00,0.4412,0.4579,0.4184,0.4501,163802414.7,0.47059999999999996,0.5971083333333332,36.56123784263659,-0.03185534178593785,-0.033764070526249856,0.0019087287403120046
2024-05-02 00:00:00+00:00,0.4501,0.4625,0.4386,0.4578,93572218.4,0.468355,0.5926066666666666,38.95965153462194,-0.030367146089015418,-0.03308468563880297,0.0027175395497875537
2024-05-03 00:00:00+00:00,0.4577,0.4736,0.4462,0.4673,97178116.8,0.469475,0.58756,41.879218258453484,-0.02809728169867426,-0.03208720485077723,0.0039899231521029685
2024-05-04 00:00:00+00:00,0.4674,0.4759,0.4623,0.4633,61758692.4,0.469275,0.5837433333333334,40.99021637499698,-0.02631778929372125,-0.030933321739366033,0.0046155324456447835
2024-05-05 00:00:00+00:00,0.4633,0.4661,0.4521,0.458,65843432.5,0.469125,0.5791283333333334,39.785110388592486,-0.025046474283644427,-0.029755952248221716,0.00470947796457729
2024-05-06 00:00:00+00:00,0.4579,0.4757,0.4513,0.4541,100853816.9,0.4689150000000001,0.5743183333333334,38.879300828206546,-0.024076110964824704,-0.028619983991542315,0.004543873026717611
2024-05-07 00:00:00+00:00,0.454,0.4567,0.4407,0.4414,86403537.3,0.468785,0.5696283333333334,36.00456649206692,-0.02405458858153492,-0.027706904909540836,0.0036523163280059168
2024-05-08 00:00:00+00:00,0.4413,0.469,0.4363,0.4518,155420658.9,0.4684749999999999,0.5647983333333334,39.92206270155193,-0.02293397032019351,-0.026752317991671375,0.003818347671477866
2024-05-09 00:00:00+00:00,0.4517,0.4645,0.4469,0.4635,85381130.6,0.46824000000000005,0.56058,44.07008395392016,-0.02086130392945379,-0.02557411517922786,0.00471281124977407
2024-05-10 00:00:00+00:00,0.4635,0.4688,0.4431,0.4479,86117375.2,0.465275,0.5551216666666666,40.09505586031705,-0.02024412879221371,-0.02450811790182503,0.004263989109611319
2024-05-11 00:00:00+00:00,0.4479,0.4511,0.4379,0.439,44305780.0,0.46226,0.54997,37.989760782589066,-0.020239856205575946,-0.023654465562575215,0.0034146093569992694
2024-05-12 00:00:00+00:00,0.4388,0.4436,0.4331,0.4377,33671129.0,0.45831,0.544535,37.678550194132654,-0.020109558809143835,-0.02294548421188894,0.002835925402745104
2024-05-13 00:00:00+00:00,0.4378,0.4532,0.4251,0.4368,108437847.9,0.45515000000000005,0.5393000000000001,37.44982110847175,-0.019850100064826348,-0.02232640738247642,0.0024763073176500734
2024-05-14 00:00:00+00:00,0.4367,0.4386,0.426,0.4285,77134834.9,0.45284500000000005,0.5343183333333333,35.32034665660629,-0.02008271671740014,-0.02187766924946117,0.0017949525320610296
2024-05-15 00:00:00+00:00,0.4285,0.4558,0.4258,0.4524,87948334.1,0.45194,0.5308733333333333,45.015742464513636,-0.01812955065639782,-0.0211280455308485,0.0029984948744506794
2024-05-16 00:00:00+00:00,0.4525,0.4627,0.4485,0.4597,94019232.9,0.45176999999999995,0.5271783333333333,47.59944997755953,-0.015810351598274652,-0.02006450674433373,0.004254155146059077
2024-05-17 00:00:00+00:00,0.4598,0.4907,0.455,0.4824,108680341.7,0.452515,0.5242133333333333,54.72404641648928,-0.012002314141360215,-0.01845206822373903,0.006449754082378814
2024-05-18 00:00:00+00:00,0.4825,0.486,0.4755,0.482,45922360.7,0.45360000000000006,0.5224733333333333,54.58321409230223,-0.00891393933447443,-0.01654444244588611,0.007630503111411679
2024-05-19 00:00:00+00:00,0.4819,0.484,0.4645,0.4672,52848896.0,0.45410500000000004,0.5196000000000001,49.50660528569127,-0.0075733158893704355,-0.014750217134582976,0.007176901245212541
2024-05-20 00:00:00+00:00,0.4672,0.5033,0.4605,0.502,152399432.6,0.45714499999999997,0.5174366666666667,59.131670697753584,-0.0036605959151223555,-0.012532292890690851,0.008871696975568496
2024-05-21 00:00:00+00:00,0.5021,0.5106,0.4906,0.4946,140920414.1,0.45937,0.515435,56.658405821799434,-0.0011436717653254824,-0.010254568665617778,0.009110896900292296
2024-05-22 00:00:00+00:00,0.4946,0.4954,0.4746,0.4835,100783629.4,0.46065500000000004,0.5131066666666667,53.07252251384204,-4.4159434113399954e-05,-0.008212486819316904,0.008168327385203504
2024-05-23 00:00:00+00:00,0.4835,0.4885,0.444,0.4656,164392270.6,0.46057,0.5100866666666667,47.81685867538704,-0.000610135135481582,-0.006692016482549841,0.006081881347068259
2024-05-24 00:00:00+00:00,0.4655,0.4696,0.4541,0.4601,79004514.8,0.46041,0.50681,46.29970215355354,-0.0014853567233286125,-0.005650684530705595,0.004165327807376983
2024-05-25 00:00:00+00:00,0.4601,0.4647,0.4572,0.4623,52870401.3,0.460625,0.5034316666666666,47.02376310512987,-0.001978645924937239,-0.0049162768095519244,0.0029376308846146854
2024-05-26 00:00:00+00:00,0.4623,0.463,0.455,0.4581,47905238.8,0.460825,0.50027,45.75537589899025,-0.0026776201321811466,-0.004468545474077768,0.0017909253418966218
2024-05-27 00:00:00+00:00,0.4581,0.475,0.4566,0.4683,77194284.1,0.46216999999999997,0.49722333333333335,49.329927435149145,-0.0023810600936151616,-0.004051048397985247,0.0016699883043700854
2024-05-28 00:00:00+00:00,0.4683,0.4694,0.452,0.4576,103514209.4,0.46246,0.4937783333333333,45.91202547701667,-0.002975139150651951,-0.003835866548518588,0.0008607273978666371
2024-05-29 00:00:00+00:00,0.4577,0.4642,0.45,0.4512,86483314.0,0.46184499999999995,0.4905716666666667,43.95050055839612,-0.003917222296186185,-0.0038521376980521077,-6.508459813407697e-05
2024-05-30 00:00:00+00:00,0.451,0.4556,0.4432,0.4465,88752476.4,0.461775,0.4871783333333334,42.51401243567906,-0.004985609691733672,-0.004078832096788421,-0.0009067775949452512
2024-05-31 00:00:00+00:00,0.4465,0.4559,0.4436,0.447,62854052.2,0.46217500000000006,0.484275,42.7284662904808,-0.005725963238766785,-0.004408258325184094,-0.0013177049135826907
2024-06-01 00:00:00+00:00,0.447,0.4533,0.445,0.4499,31130909.6,0.46278500000000006,0.482095,44.032592806321055,-0.006009420140416444,-0.004728490688230564,-0.00128092945218588
2024-06-02 00:00:00+00:00,0.4499,0.4541,0.4406,0.4465,59363693.5,0.46326999999999996,0.48004833333333335,42.802010453100024,-0.006434243409339457,-0.005069641232452343,-0.0013646021768871147
2024-06-03 00:00:00+00:00,0.4465,0.4632,0.4434,0.4573,75171575.4,0.46471,0.47795166666666666,47.793084158779926,-0.005832218980041659,-0.005222156781970206,-0.0006100621980714531
2024-06-04 00:00:00+00:00,0.4574,0.4656,0.4526,0.4615,61587251.6,0.465165,0.476075,49.63370134976606,-0.004959040649622715,-0.0051695335555007075,0.0002104929058779929
2024-06-05 00:00:00+00:00,0.4615,0.4654,0.457,0.4613,63025277.7,0.465245,0.47403666666666666,49.54412507687981,-0.004234367705281683,-0.0049825003854569025,0.0007481326801752194
2024-06-06 00:00:00+00:00,0.4612,0.4621,0.4505,0.4582,60496507.5,0.4640350000000001,0.47185333333333335,48.095237203400394,-0.003865642547119519,-0.004759128817789426,0.0008934862706699073
2024-06-07 00:00:00+00:00,0.4582,0.49,0.4253,0.4492,239701551.5,0.462395,0.4691116666666667,44.06609428568897,-0.00425065112637002,-0.0046574332795055445,0.0004067821531355247
2024-06-08 00:00:00+00:00,0.4493,0.4493,0.4322,0.4368,89241948.8,0.460875,0.46653833333333333,39.194215874770876,-0.005493029345140399,-0.004824552492632516,-0.0006684768525078832
2024-06-09 00:00:00+00:00,0.4367,0.4462,0.4318,0.4442,42256582.2,0.45798500000000003,0.4641716666666667,43.22807060008196,-0.005813490578135572,-0.005022340109733127,-0.0007911504684024444
2024-06-10 00:00:00+00:00,0.4442,0.4513,0.4349,0.4406,86969425.3,0.45528500000000005,0.46175166666666667,41.77609710520693,-0.006285493076030546,-0.005274970702992611,-0.0010105223730379354
2024-06-11 00:00:00+00:00,0.4406,0.4419,0.4128,0.422,138567339.0,0.45221,0.4604066666666667,35.19792764034723,-0.008067426735908045,-0.0058334619095756985,-0.002233964826332347
2024-06-12 00:00:00+00:00,0.4219,0.4445,0.4144,0.4378,121613605.3,0.45082000000000005,0.46028833333333335,43.35718855107398,-0.008111193258764637,-0.006289008179413486,-0.0018221850793511511
2024-06-13 00:00:00+00:00,0.4377,0.4392,0.4191,0.421,110639835.0,0.44886499999999996,0.4595166666666667,37.893746404062384,-0.0093932189589086,-0.00690985033531251,-0.0024833686235960903
2024-06-14 00:00:00+00:00,0.4209,0.4248,0.4,0.412,116922808.4,0.44634999999999997,0.4587,35.32563905427395,-0.011008558536412694,-0.007729591975532546,-0.0032789665608801474
2024-06-15 00:00:00+00:00,0.4121,0.4158,0.4082,0.414,47189963.7,0.44414499999999996,0.4579616666666667,36.35783639226711,-0.011989140159398448,-0.008581501612305727,-0.003407638547092721
2024-06-16 00:00:00+00:00,0.414,0.4193,0.409,0.4168,37640933.2,0.44157,0.4575083333333333,37.85325134930306,-0.012397411913482315,-0.009344683672541045,-0.0030527282409412698
2024-06-17 00:00:00+00:00,0.4167,0.421,0.3901,0.4013,124025287.9,0.438755,0.4565633333333333,33.202285841377886,-0.013812469134904415,-0.01023824076501372,-0.003574228369890695
2024-06-18 00:00:00+00:00,0.4013,0.4027,0.3575,0.3837,215871708.0,0.43538000000000004,0.45515500000000003,28.865355091007714,-0.016167713748441392,-0.011424135361699256,-0.004743578386742137
2024-06-19 00:00:00+00:00,0.3836,0.3978,0.3801,0.3844,84821749.0,0.432275,0.45310833333333334,29.2611249426824,-0.01777290296134426,-0.012693888881628257,-0.005079014079716004
2024-06-20 00:00:00+00:00,0.3845,0.3974,0.3772,0.3844,81788373.7,0.42914499999999994,0.45119333333333334,29.2611249426824,-0.018827989632862474,-0.013920709031875101,-0.004907280600987373
2024-06-21 00:00:00+00:00,0.3844,0.3909,0.3736,0.376,77104500.3,0.42545,0.44884833333333335,27.158247803694252,-0.02011014597513039,-0.015158596420526159,-0.00495154955460423
2024-06-22 00:00:00+00:00,0.376,0.3912,0.3714,0.3846,76900986.8,0.4223549999999999,0.446925,32.50623529543661,-0.02019946908117931,-0.01616677095265679,-0.00403269812852252
2024-06-23 00:00:00+00:00,0.3847,0.3934,0.3785,0.38,56593832.5,0.41849,0.44534833333333335,31.187275669962574,-0.020406209758782545,-0.01701465871388194,-0.0033915510449006037
2024-06-24 00:00:00+00:00,0.3801,0.3817,0.361,0.3777,119340661.4,0.4143,0.44380166666666665,30.520452798812585,-0.02051911245765936,-0.017715549462637425,-0.0028035629950219354
2024-06-25 00:00:00+00:00,0.3777,0.3974,0.3769,0.3918,70104337.4,0.410825,0.4426133333333333,39.1149361368588,-0.019248946623928564,-0.018022228894895652,-0.0012267177290329126
2024-06-26 00:00:00+00:00,0.3918,0.3965,0.3824,0.385,80311716.8,0.407165,0.44123833333333334,36.75370550275263,-0.018576891379564753,-0.018133161391829473,-0.00044372998773527933
2024-06-27 00:00:00+00:00,0.385,0.3941,0.3777,0.3913,83592286.9,0.40427,0.44008833333333336,40.346622166098555,-0.01733608580201973,-0.017973746273867525,0.0006376604718477952
2024-06-28 00:00:00+00:00,0.3913,0.397,0.3851,0.3858,92147447.1,0.40171999999999997,0.4389,38.300984021155216,-0.016605128887395904,-0.017700022796573203,0.001094893909177299
2024-06-29 00:00:00+00:00,0.3858,0.4039,0.3832,0.3841,70624426.8,0.398715,0.43794833333333333,37.6653105317655,-0.015978822143603577,-0.01735578266597928,0.0013769605223757017
2024-06-30 00:00:00+00:00,0.384,0.3944,0.3785,0.3924,52136153.2,0.396305,0.4369866666666667,42.668334467734425,-0.014643922875463067,-0.016813410707876036,0.0021694878324129696
2024-07-01 00:00:00+00:00,0.3925,0.4086,0.3915,0.4032,70915901.7,0.395365,0.43607666666666667,48.464486093875664,-0.01256964085198592,-0.015964656736698012,0.003395015884712093
2024-07-02 00:00:00+00:00,0.4033,0.4198,0.4027,0.4184,67487705.8,0.394395,0.43526166666666666,55.31210514831929,-0.009588711735563693,-0.01468946773647115,0.005100756000907456
2024-07-03 00:00:00+00:00,0.4184,0.4235,0.4001,0.4069,98718851.9,0.39369,0.43432166666666666,49.90891731784479,-0.008061331809756489,-0.013363840551128218,0.005302508741371729
2024-07-04 00:00:00+00:00,0.407,0.4139,0.3614,0.3623,149416521.3,0.39120499999999997,0.43272666666666665,35.44687725076004,-0.01033063435438325,-0.012757199311779224,0.002426564957395974
2024-07-05 00:00:00+00:00,0.3622,0.3623,0.3165,0.3501,323282253.6,0.38801,0.4309933333333333,32.65905735933869,-0.012964069289867042,-0.01279857330739679,-0.0001654959824702526
2024-07-06 00:00:00+00:00,0.3501,0.3733,0.3464,0.3707,90921251.5,0.38570499999999996,0.429815,41.08476555795469,-0.013236258264506862,-0.012886110298818806,-0.00035014796568805587
2024-07-07 00:00:00+00:00,0.3707,0.3716,0.3444,0.3466,74443934.6,0.38297,0.4280616666666667,35.49015762426812,-0.015221178307150529,-0.013353123900485151,-0.0018680544066653777
2024-07-08 00:00:00+00:00,0.3467,0.3802,0.3301,0.3691,178789658.0,0.38224,0.4264883333333333,43.25868025917357,-0.014807982576376777,-0.013644095635663477,-0.0011638869407133
2024-07-09 00:00:00+00:00,0.3691,0.3809,0.3626,0.3754,71495085.0,0.38178999999999996,0.42528,45.24689779517915,-0.013812937686723481,-0.013677864045875478,-0.00013507364084800258
2024-07-10 00:00:00+00:00,0.3755,0.39,0.3717,0.3885,63358979.6,0.381995,0.42443833333333336,49.23055799716914,-0.011830917471904234,-0.013308474731081231,0.0014775572591769967
2024-07-11 00:00:00+00:00,0.3885,0.405,0.3844,0.3959,87567536.7,0.38299000000000005,0.4237416666666667,51.38240853853732,-0.009552913970585442,-0.012557362578982075,0.0030044486083966333
2024-07-12 00:00:00+00:00,0.396,0.4181,0.3932,0.4165,100898164.4,0.38458499999999995,0.4234033333333333,56.86358681732964,-0.006015983432850369,-0.011249086749755733,0.005233103316905364
2024-07-13 00:00:00+00:00,0.4166,0.4464,0.4115,0.4416,98135951.1,0.387665,0.4236216666666667,62.42260776542091,-0.0011740465906607822,-0.009234078717936745,0.008060032127275962
2024-07-14 00:00:00+00:00,0.4416,0.445,0.4248,0.4317,101540405.4,0.39036499999999996,0.42327666666666663,59.18296477100043,0.0018431295288969807,-0.00701863706857,0.00886176659746698
2024-07-15 00:00:00+00:00,0.4317,0.4458,0.431,0.4449,125566239.6,0.39302,0.42303,62.01373888426109,0.005239001080927785,-0.0045671094386704435,0.009806110519598229
2024-07-16 00:00:00+00:00,0.4449,0.4526,0.4264,0.4381,126834589.9,0.395675,0.4222916666666666,59.71613521172718,0.007297430347266098,-0.0021942014814831353,0.009491631828749233
2024-07-17 00:00:00+00:00,0.4381,0.457,0.4353,0.4359,105320100.0,0.397905,0.4215233333333333,58.95509605373564,0.008651499654542372,-2.5061254278033792e-05,0.008676560908820406
2024-07-18 00:00:00+00:00,0.4359,0.4498,0.4199,0.4234,80622639.4,0.399785,0.4207933333333333,54.690305792871236,0.008616636580134396,0.0017032783126044522,0.006913358267529944
2024-07-19 00:00:00+00:00,0.4235,0.4429,0.4145,0.439,80349138.6,0.40252999999999994,0.4197433333333333,58.70517351205234,0.009735571361380257,0.0033097369223596134,0.0064258344390206446
2024-07-20 00:00:00+00:00,0.4389,0.4419,0.4275,0.4373,54136437.1,0.404775,0.4187883333333334,58.10098479648203,0.01036567044798159,0.004720923627484009,0.00564474682049758
2024-07-21 00:00:00+00:00,0.4373,0.449,0.4166,0.4469,85361994.3,0.40695999999999993,0.4181783333333333,60.56896357583426,0.011507022490783447,0.006078143400143897,0.005428879090639551
2024-07-22 00:00:00+00:00,0.447,0.4504,0.4234,0.4262,79086035.0,0.40735,0.4175216666666667,53.28118341019834,0.010618827966018152,0.006986280313318749,0.003632547652699403
2024-07-23 00:00:00+00:00,0.4261,0.4296,0.4028,0.41,86052015.5,0.407505,0.4166866666666667,48.375495658757245,0.008509629088028048,0.007290950068260609,0.0012186790197674388
2024-07-24 00:00:00+00:00,0.41,0.4217,0.4038,0.4063,97197388.2,0.40970500000000004,0.4157533333333333,47.30422945260382,0.0064649903193687575,0.007125758118482239,-0.0006607677991134816
2024-07-25 00:00:00+00:00,0.4062,0.4085,0.3816,0.3948,96406178.5,0.41194,0.4146983333333333,44.039864189191924,0.0038720113374348664,0.006475008762272765,-0.0026029974248378985
2024-07-26 00:00:00+00:00,0.3948,0.4199,0.3944,0.4172,59178553.1,0.414265,0.41384666666666664,51.11605995551084,0.0035832441995957143,0.005896655849737356,-0.0023134116501416415
2024-07-27 00:00:00+00:00,0.4172,0.4292,0.4126,0.4176,171402225.1,0.41781499999999994,0.41318,51.234644783499505,0.0033480762802106656,0.005386939935832018,-0.0020388636556213525
2024-07-28 00:00:00+00:00,0.4176,0.4207,0.4043,0.4073,80650723.3,0.419725,0.41244833333333336,48.005302684174055,0.002304020773225668,0.004770356103310749,-0.002466335330085081
2024-07-29 00:00:00+00:00,0.4072,0.4272,0.403,0.4031,83989483.1,0.42111,0.41172499999999995,46.712361129967206,0.0011247291848673902,0.004041230719622077,-0.002916501534754687
2024-07-30 00:00:00+00:00,0.4031,0.4077,0.394,0.4015,66547192.1,0.42176,0.4109666666666667,46.20185092105069,6.0330029488464554e-05,0.0032450505815953545,-0.00318472055210689
2024-07-31 00:00:00+00:00,0.4015,0.4078,0.3871,0.3882,64025495.7,0.421375,0.40993833333333335,42.08455836325192,-0.001835257115375244,0.002228989042201235,-0.004064246157576478
2024-08-01 00:00:00+00:00,0.3881,0.3958,0.3681,0.3925,93185663.4,0.4201750000000001,0.40903833333333334,43.8274795992718,-0.0029564691848226188,0.001191897396796464,-0.004148366581619083
2024-08-02 00:00:00+00:00,0.3925,0.3952,0.3578,0.3636,122506209.6,0.416275,0.40747666666666665,35.9884752331631,-0.0061066328382662904,-0.00026780865021608683,-0.005838824188050203
2024-08-03 00:00:00+00:00,0.3637,0.373,0.3489,0.3646,87498771.3,0.41292,0.4058616666666667,36.41228840143261,-0.00842534643753684,-0.0018993162076802377,-0.006526030229856603
2024-08-04 00:00:00+00:00,0.3646,0.3677,0.3335,0.3442,97503415.0,0.407885,0.40391,31.78847017152127,-0.011773337474714152,-0.003874120461087021,-0.00789921701362713
2024-08-05 00:00:00+00:00,0.3442,0.346,0.2756,0.3119,592112788.2,0.40157499999999996,0.40147166666666667,26.13053337323008,-0.016838876464243757,-0.006467071661718369,-0.010371804802525388
2024-08-06 00:00:00+00:00,0.3118,0.3369,0.3114,0.331,125385161.0,0.39632999999999996,0.39950166666666664,33.65090023352488,-0.019092060841063352,-0.008992069497587366,-0.010099991343475986
2024-08-07 00:00:00+00:00,0.331,0.341,0.3161,0.3241,108079429.6,0.391365,0.3976233333333334,32.368859374622204,-0.02119023024351674,-0.011431701646773242,-0.009758528596743497
2024-08-08 00:00:00+00:00,0.3241,0.3535,0.3187,0.3516,108236428.8,0.386995,0.39607999999999993,41.87372456224339,-0.020398878860897363,-0.013225137089598066,-0.007173741771299296
2024-08-09 00:00:00+00:00,0.3515,0.3545,0.3365,0.3483,75715466.2,0.382545,0.3945416666666667,41.126777437711105,-0.01980965622367825,-0.014542040916414103,-0.005267615307264148
2024-08-10 00:00:00+00:00,0.3484,0.3524,0.3442,0.3457,32923978.4,0.37748499999999996,0.39327000000000006,40.51359022400903,-0.019329670895672668,-0.015499566912265816,-0.003830103983406852
2024-08-11 00:00:00+00:00,0.3456,0.3566,0.3269,0.3276,58078474.9,0.372555,0.39143333333333336,36.44034295268532,-0.020177207508823014,-0.01643509503157726,-0.0037421124772457556
2024-08-12 00:00:00+00:00,0.3276,0.3447,0.3263,0.339,75901662.9,0.369005,0.3900666666666667,40.4980632375602,-0.01970189052472343,-0.017088454130206494,-0.0026134363945169367
2024-08-13 00:00:00+00:00,0.3389,0.3451,0.3306,0.34,46778962.1,0.36569,0.3888666666666667,40.85476083585395,-0.019025196129491884,-0.01747580253006357,-0.0015493935994283121
2024-08-14 00:00:00+00:00,0.34,0.3457,0.3308,0.3352,52329030.8,0.36271,0.3875533333333333,39.626801395800726,-0.018661117089017132,-0.017712865441854284,-0.0009482516471628483
2024-08-15 00:00:00+00:00,0.3353,0.3419,0.3204,0.3248,73704919.9,0.35809,0.38602000000000003,37.02981498501446,-0.018992837304154964,-0.01796885981431442,-0.001023977489840542
2024-08-16 00:00:00+00:00,0.3249,0.3455,0.3202,0.3301,89181725.2,0.353715,0.3848333333333333,39.21604973633098,-0.01861349744645202,-0.018097787340741942,-0.0005157101057100787
2024-08-17 00:00:00+00:00,0.3301,0.3388,0.3274,0.3373,37562981.3,0.350215,0.38406,42.15420620072836,-0.017529815250856284,-0.017984192922764812,0.0004543776719085277
2024-08-18 00:00:00+00:00,0.3374,0.34,0.3327,0.3342,31399291.8,0.34677,0.38322333333333336,41.230115852097875,-0.016728299966547844,-0.01773301433152142,0.001004714364973576
2024-08-19 00:00:00+00:00,0.3342,0.3378,0.3276,0.3367,59429594.3,0.34353,0.38242833333333337,42.328111676646834,-0.015710266054721644,-0.017328464676161465,0.001618198621439821
2024-08-20 00:00:00+00:00,0.3367,0.3483,0.3352,0.3434,67569520.8,0.34129,0.381885,45.27878456643094,-0.014199153832581746,-0.016702602507445524,0.002503448674863778
2024-08-21 00:00:00+00:00,0.3434,0.3775,0.3423,0.3689,120694348.6,0.34011,0.38162333333333337,54.764793571374945,-0.010819232247343047,-0.015525928455425029,0.004706696208081982
2024-08-22 00:00:00+00:00,0.3689,0.3775,0.3642,0.3763,74918204.0,0.340745,0.38156166666666663,57.08949735245207,-0.0074575360509611666,-0.013912249974532257,0.00645471392357109
2024-08-23 00:00:00+00:00,0.3763,0.3926,0.3736,0.3912,103804942.5,0.342075,0.3817866666666667,61.39187909654959,-0.0035501383352664617,-0.0118398276466791,0.008289689311412638
2024-08-24 00:00:00+00:00,0.3912,0.4014,0.3877,0.3935,68874709.6,0.34454,0.38181500000000007,62.02483185476129,-0.00026485364820916235,-0.009524832846985113,0.00925997919877595
2024-08-25 00:00:00+00:00,0.3935,0.3944,0.3775,0.3849,64228390.3,0.34819,0.38181333333333334,58.18378254755403,0.0016260657350774532,-0.0072946531305726,0.008920718865650053
2024-08-26 00:00:00+00:00,0.3849,0.388,0.3659,0.3661,85653817.5,0.34994500000000006,0.3813933333333333,50.78048488248665,0.001589309517024795,-0.005517860601053122,0.007107170118077917
2024-08-27 00:00:00+00:00,0.3661,0.3729,0.3419,0.3503,95443201.9,0.351255,0.38080166666666665,45.53644156102251,0.0002820012605216915,-0.004357888228738159,0.004639889489259851
2024-08-28 00:00:00+00:00,0.3503,0.3606,0.3406,0.3502,90938224.2,0.351185,0.38023666666666667,45.50441203360213,-0.000753433997542241,-0.003636997382498976,0.002883563384956735
2024-08-29 00:00:00+00:00,0.3502,0.3676,0.3491,0.3578,80645542.3,0.35166000000000003,0.37966000000000005,48.470897953150285,-0.000949818498902355,-0.003099561605779652,0.002149743106877297
2024-08-30 00:00:00+00:00,0.3577,0.3621,0.3373,0.3469,103161060.8,0.35172000000000003,0.3787216666666666,44.71166387146785,-0.001962372527046008,-0.0028721237900329235,0.0009097512629869155
2024-08-31 00:00:00+00:00,0.3469,0.3504,0.3444,0.345,27057484.0,0.35259,0.3774983333333334,44.07005016165776,-0.0028848878194429606,-0.002874676595914931,-1.0211223528029407e-05
2024-09-01 00:00:00+00:00,0.3451,0.3458,0.3267,0.3311,63866107.4,0.352195,0.37623500000000004,39.593693309195956,-0.004683611905287377,-0.0032364636577894208,-0.0014471482474979563
2024-09-02 00:00:00+00:00,0.331,0.3374,0.325,0.3362,70472662.0,0.352005,0.37579999999999997,41.92454084914169,-0.00563265656621631,-0.003715702239474799,-0.0019169543267415108
2024-09-03 00:00:00+00:00,0.3362,0.3398,0.3172,0.3185,75474745.4,0.35117000000000004,0.37527333333333335,36.640344931860675,-0.007723986069038569,-0.0045173590053875536,-0.003206627063651015
2024-09-04 00:00:00+00:00,0.3184,0.3293,0.305,0.3231,120424863.1,0.351085,0.37448,38.79926461338099,-0.008907517889551242,-0.005395390782220292,-0.00351212710733095
2024-09-05 00:00:00+00:00,0.3231,0.3401,0.3195,0.3251,116970963.2,0.350835,0.37412166666666663,39.76035216666983,-0.009573732074972252,-0.006231059040770684,-0.003342673034201568
2024-09-06 00:00:00+00:00,0.3251,0.3319,0.3034,0.3148,132485885.1,0.34971,0.3732166666666667,36.57483061159458,-0.01080824481768139,-0.007146496196152826,-0.0036617486215285633
2024-09-07 00:00:00+00:00,0.3148,0.3278,0.3145,0.3253,44625799.5,0.349265,0.37238166666666667,41.70246742908315,-0.01081467793726626,-0.007880132544375513,-0.002934545392890746
2024-09-08 00:00:00+00:00,0.3253,0.3409,0.3237,0.339,71465766.9,0.34938,0.3715566666666667,47.64940273201828,-0.009603596444778428,-0.008224825324456097,-0.001378771120322331
2024-09-09 00:00:00+00:00,0.339,0.3489,0.3376,0.3435,80797659.4,0.349385,0.3706833333333333,49.472652512421554,-0.008186326370096697,-0.008217125533584217,3.0799163487520154e-05
2024-09-10 00:00:00+00:00,0.3434,0.3457,0.3374,0.3431,51064979.8,0.348095,0.36946,49.308262137443634,-0.0070145469512424286,-0.00797660981711586,0.0009620628658734316
2024-09-11 00:00:00+00:00,0.3431,0.3573,0.33,0.3532,76745712.0,0.34693999999999997,0.3679866666666667,53.50900498947982,-0.005210850290302549,-0.007423457911753199,0.0022126076214506497
2024-09-12 00:00:00+00:00,0.3532,0.3617,0.352,0.3564,83045574.5,0.3452,0.3667316666666667,54.78739032414169,-0.003483044071158181,-0.0066353751436341955,0.0031523310724760143
2024-09-13 00:00:00+00:00,0.3563,0.365,0.3503,0.3606,61642001.2,0.343555,0.36532666666666663,56.4789086658866,-0.0017546141949492666,-0.00565922295389721,0.003904608758947943
2024-09-14 00:00:00+00:00,0.3606,0.3617,0.351,0.3539,40948020.2,0.342005,0.3639233333333333,53.06807407707352,-0.0009149085746151808,-0.004710360078040804,0.0037954515034256233
2024-09-15 00:00:00+00:00,0.354,0.3563,0.3341,0.3385,67858002.3,0.34062500000000007,0.3623,46.166724501344035,-0.0014750832757823296,-0.00406330471758911,0.0025882214418067803
2024-09-16 00:00:00+00:00,0.3386,0.3386,0.3264,0.3303,66210102.2,0.33962499999999995,0.36074833333333334,42.962876762321635,-0.0025512875769727605,-0.0037609012894658403,0.0012096137124930797
2024-09-17 00:00:00+00:00,0.3302,0.3431,0.3284,0.3338,58973434.3,0.33880499999999997,0.358995,44.72607831567675,-0.0030861908035240138,-0.003625959192277475,0.0005397683887534612
2024-09-18 00:00:00+00:00,0.3337,0.3443,0.3272,0.3441,70247471.4,0.33812000000000003,0.35744166666666666,49.658129330371835,-0.0026484518408103064,-0.0034304577219840416,0.0007820058811737352
2024-09-19 00:00:00+00:00,0.3442,0.3564,0.3442,0.351,88788525.3,0.338325,0.35584333333333334,52.70279300691887,-0.0017248848262533256,-0.0030893431428378987,0.001364458316584573
2024-09-20 00:00:00+00:00,0.351,0.3613,0.3488,0.3522,63999487.4,0.338685,0.35461,53.2325425308338,-0.000885909133067575,-0.002648656340883834,0.0017627472078162588
2024-09-21 00:00:00+00:00,0.3522,0.36,0.3505,0.3584,40999174.4,0.34005,0.35374999999999995,55.9761276998496,0.00027609073063139533,-0.002063706926580788,0.0023397976572121833
2024-09-22 00:00:00+00:00,0.3584,0.3594,0.3427,0.3517,53113544.0,0.34082500000000004,0.35284,52.39876068325642,0.0006488702166561611,-0.0015211914979333982,0.0021700617145895594
2024-09-23 00:00:00+00:00,0.3516,0.3658,0.3453,0.3637,80568015.7,0.343085,0.35232166666666664,57.62256007406716,0.0018908043414145315,-0.0008387923300638123,0.0027295966714783438
2024-09-24 00:00:00+00:00,0.3636,0.3916,0.3584,0.3878,111968849.8,0.34631999999999996,0.35183166666666665,65.75144480979593,0.004764789147519655,0.00028192396545288106,0.004482865182066774
2024-09-25 00:00:00+00:00,0.3878,0.394,0.3788,0.3809,80684494.9,0.34911,0.35122,62.07977902478457,0.006411759703328301,0.0015078911130279652,0.004903868590300336
2024-09-26 00:00:00+00:00,0.3809,0.404,0.3779,0.4014,95788917.1,0.35344,0.35112166666666667,67.82790905081603,0.009264380398582073,0.003059188970138787,0.006205191428443286
2024-09-27 00:00:00+00:00,0.4015,0.4158,0.3993,0.4017,86996776.4,0.35726,0.3510983333333334,67.9045835268121,0.011417694272087664,0.004730890030528562,0.006686804241559102
2024-09-28 00:00:00+00:00,0.4017,0.4059,0.3922,0.4006,55901976.6,0.36034,0.3510833333333333,67.27150326207004,0.012886898084411513,0.006362091641305153,0.00652480644310636
2024-09-29 00:00:00+00:00,0.4006,0.4042,0.3926,0.3975,42444987.1,0.36304000000000003,0.3512383333333334,65.42041688484788,0.013643831007634888,0.007818439514571101,0.005825391493063787
2024-09-30 00:00:00+00:00,0.3976,0.3977,0.3707,0.3733,80942545.4,0.36455,0.35091833333333333,53.12983660483971,0.01215090003856334,0.008684931619369549,0.0034659684191937906
2024-10-01 00:00:00+00:00,0.3733,0.386,0.3424,0.352,137861330.3,0.36449000000000004,0.350725,45.098778302978616,0.009143607683438193,0.008776666832183278,0.00036694085125491514
2024-10-02 00:00:00+00:00,0.352,0.363,0.3355,0.3432,107703672.0,0.36383,0.3503683333333333,42.256812885671714,0.005981271990010362,0.008217587863748696,-0.0022363158737383343
2024-10-03 00:00:00+00:00,0.3432,0.3496,0.3318,0.3453,79813638.7,0.36306499999999997,0.35038666666666674,43.17704864313463,0.0036030172787491765,0.007294673746748793,-0.0036916564679996162
2024-10-04 00:00:00+00:00,0.3452,0.3561,0.3429,0.3517,61770930.4,0.362955,0.35105,46.00144630954122,0.002209193590111458,0.006277577715421327,-0.004068384125309869
2024-10-05 00:00:00+00:00,0.3517,0.3558,0.3454,0.351,39356208.5,0.36357999999999996,0.3513833333333334,45.73368918082838,0.0010361500324595485,0.0052292921788289716,-0.004193142146369423
2024-10-06 00:00:00+00:00,0.351,0.3585,0.3479,0.3575,37440683.0,0.36494,0.35194,48.71858745695422,0.0006238093530176458,0.004308195613666707,-0.003684386260649061
2024-10-07 00:00:00+00:00,0.3574,0.3685,0.3502,0.3512,75937962.2,0.36581,0.3519333333333333,46.07337165450712,-0.00020892262492711033,0.0034047719659479436,-0.003613694590875054
2024-10-08 00:00:00+00:00,0.3512,0.357,0.3408,0.3448,54948911.4,0.36584500000000003,0.351875,43.49003904517367,-0.0013695083896994587,0.0024499158948184632,-0.003819424284517922
2024-10-09 00:00:00+00:00,0.3447,0.348,0.3338,0.3396,69541560.1,0.365275,0.35177333333333327,41.45614958101672,-0.002678007112644154,0.0014243312933259397,-0.004102338405970094
2024-10-10 00:00:00+00:00,0.3395,0.3418,0.3315,0.3396,51099496.5,0.364645,0.3519733333333333,41.45614958101672,-0.003672665575206069,0.00040493191961953794,-0.004077597494825606
2024-10-11 00:00:00+00:00,0.3396,0.355,0.3382,0.3517,49113139.9,0.36431,0.352185,48.016867815260895,-0.0034448604894615764,-0.0003650265621966849,-0.0030798339272648913
2024-10-12 00:00:00+00:00,0.3517,0.3568,0.3509,0.3532,33454950.9,0.364385,0.352405,48.7831235966488,-0.0031074649323744596,-0.00091351423623224,-0.0021939506961422195
2024-10-13 00:00:00+00:00,0.3532,0.3596,0.3443,0.3486,50520578.7,0.36363,0.3526283333333333,46.51853853321262,-0.0031746625451138932,-0.0013657438980085707,-0.0018089186471053225
2024-10-14 00:00:00+00:00,0.3485,0.3656,0.3422,0.3643,90929339.3,0.362455,0.35328666666666664,54.31379827667881,-0.001938710104438357,-0.0014803371392945281,-0.00045837296514382887
2024-10-15 00:00:00+00:00,0.3644,0.3711,0.3475,0.3591,133653350.7,0.361365,0.35377000000000003,51.629600787395866,-0.0013630925500123792,-0.0014568882214380985,9.379567142571931e-05
2024-10-16 00:00:00+00:00,0.3592,0.3611,0.3509,0.3521,72607298.7,0.3589,0.35401666666666665,48.177911904788274,-0.001454980875746803,-0.0014565067522998396,1.525876553036586e-06
2024-10-17 00:00:00+00:00,0.3522,0.3551,0.3393,0.3432,110730558.5,0.35597500000000004,0.3541666666666667,44.13757146384827,-0.0022203636850744446,-0.0016092781388547608,-0.0006110855462196838
2024-10-18 00:00:00+00:00,0.3432,0.353,0.3426,0.3507,56351424.9,0.35347999999999996,0.3544,48.08841826232442,-0.00219642869312231,-0.0017267082497082707,-0.00046972044341403907
2024-10-19 00:00:00+00:00,0.3507,0.357,0.3492,0.3513,41140586.4,0.35117,0.3545316666666667,48.402809981324666,-0.002104782432269525,-0.0018023230862205218,-0.0003024593460490034
2024-10-20 00:00:00+00:00,0.3513,0.3658,0.3482,0.3649,58891202.7,0.35075,0.35446500000000003,55.048277182004256,-0.0009240933967607501,-0.0016266771483285675,0.0007025837515678174
2024-10-21 00:00:00+00:00,0.3649,0.3729,0.3531,0.3609,97553069.7,0.35119500000000003,0.35420833333333335,52.890613081706135,-0.0003076094698320486,-0.001362863612629264,0.0010552541427972153
2024-10-22 00:00:00+00:00,0.3609,0.3681,0.355,0.3645,91803259.8,0.35226,0.3537633333333333,54.61478930908841,0.0004660757660218673,-0.0009970757368990377,0.001463151502920905
2024-10-23 00:00:00+00:00,0.3645,0.3692,0.3423,0.3497,96931163.7,0.35248,0.3530333333333333,46.99912381505164,-0.00011369877302164211,-0.0008204003441235586,0.0007067015711019165
2024-10-24 00:00:00+00:00,0.3497,0.3551,0.3396,0.3465,94252442.0,0.35222000000000003,0.35239333333333334,45.52109386868282,-0.0008219130269956354,-0.000820702880697974,-1.2101462976613466e-06
2024-10-25 00:00:00+00:00,0.3465,0.3472,0.3141,0.3261,158570967.8,0.35097500000000004,0.3517266666666667,37.438101609544006,-0.0029947656416248747,-0.0012555154328833542,-0.0017392502087415205
2024-10-26 00:00:00+00:00,0.326,0.335,0.3206,0.3337,84287990.4,0.349785,0.35145,41.59864901905475,-0.00405674685660079,-0.0018157617176268414,-0.0022409851389739487
2024-10-27 00:00:00+00:00,0.3338,0.3424,0.3309,0.3399,37089150.4,0.34922,0.3512783333333333,44.822432656566654,-0.004347965793045194,-0.002322202532710512,-0.002025763260334682
2024-10-28 00:00:00+00:00,0.3398,0.348,0.3303,0.3437,89286920.0,0.349165,0.3510433333333333,46.76215707965719,-0.004223445406577986,-0.002702451107484007,-0.0015209942990939787
2024-10-29 00:00:00+00:00,0.3438,0.357,0.3428,0.3561,93763509.9,0.34998999999999997,0.35119666666666666,52.61589096769016,-0.0030885824780743087,-0.002779677381602068,-0.00030890509647224073
2024-10-30 00:00:00+00:00,0.3562,0.364,0.3507,0.355,94701157.4,0.35076,0.3513633333333333,52.06894180738602,-0.0022519966226589028,-0.002674141229813435,0.0004221446071545321
2024-10-31 00:00:00+00:00,0.3551,0.3613,0.3402,0.3418,91529863.7,0.350265,0.35154166666666664,45.902529261423275,-0.002623879537958451,-0.0026640888914424383,4.0209353483987124e-05
2024-11-01 00:00:00+00:00,0.3417,0.362,0.3341,0.3575,130382524.7,0.35048,0.3518966666666667,53.02785356398244,-0.0016329173828459886,-0.0024578545897231486,0.0008249372068771599
2024-11-02 00:00:00+00:00,0.3575,0.3639,0.3453,0.3482,79245372.9,0.35046,0.35239166666666666,48.917668260840756,-0.0015797941287511441,-0.0022822424975287477,0.0007024483687776036
2024-11-03 00:00:00+00:00,0.3482,0.3482,0.3275,0.3341,103816230.4,0.34895,0.352575,43.42236488068407,-0.0026449563185200753,-0.002354785261727013,-0.0002901710567930621
2024-11-04 00:00:00+00:00,0.334,0.3368,0.3201,0.3263,88647140.4,0.34730999999999995,0.35259500000000005,40.69862378557771,-0.004071565369552499,-0.0026981412832921105,-0.0013734240862603884
2024-11-05 00:00:00+00:00,0.3263,0.3382,0.326,0.3336,80194966.4,0.34638500000000005,0.3529083333333333,44.22481845312958,-0.0045605432258366,-0.003070621671801009,-0.0014899215540355908
2024-11-06 00:00:00+00:00,0.3336,0.3659,0.3335,0.363,210331494.8,0.347375,0.3535366666666667,55.66006888038605,-0.0025463743870182687,-0.002965772214844461,0.0004193978278261923
2024-11-07 00:00:00+00:00,0.3631,0.4068,0.3613,0.4065,213370214.5,0.350165,0.35466166666666665,66.57844308040302,0.002530782103645879,-0.0018664613511463935,0.004397243454792272
2024-11-08 00:00:00+00:00,0.4066,0.4587,0.4038,0.4447,478265867.0,0.354835,0.3563483333333333,72.89135299808105,0.009527063888597587,0.0004122436968024025,0.009114820191795185
2024-11-09 00:00:00+00:00,0.4447,0.4986,0.4272,0.4967,225441944.3,0.361425,0.35890833333333333,78.77000201887765,0.019048058860983097,0.004139406729638541,0.014908652131344555
2024-11-10 00:00:00+00:00,0.4968,0.6599,0.488,0.5901,1158588378.1,0.37288499999999997,0.36285666666666666,85.04368438375465,0.03374116821130252,0.010059759025971338,0.02368140918533118
2024-11-11 00:00:00+00:00,0.5903,0.6248,0.5575,0.6132,596396671.8,0.38532,0.3671366666666666,86.13498104963095,0.04671108387652362,0.017390023996081794,0.029321059880441824
2024-11-12 00:00:00+00:00,0.6131,0.6541,0.555,0.5709,695933476.4,0.39637999999999995,0.3706416666666667,75.3000414821421,0.052966019695411704,0.02450522313594778,0.028460796559463923
2024-11-13 00:00:00+00:00,0.5709,0.6098,0.5192,0.5783,603213656.1,0.40797,0.37438166666666667,75.87184533156689,0.05785332246296898,0.031174843001352023,0.026678479461616958
2024-11-14 00:00:00+00:00,0.5783,0.6,0.5417,0.5792,351116093.6,0.42062499999999997,0.37839333333333336,75.9447836239783,0.06109490357757397,0.03715885511659642,0.02393604846097755
2024-11-15 00:00:00+00:00,0.579,0.7075,0.5747,0.7071,883876827.2,0.439295,0.38467333333333337,83.5535754115934,0.07314121466648016,0.04435532702657317,0.02878588763990699
2024-11-16 00:00:00+00:00,0.7071,0.8193,0.7026,0.7416,1131924924.1,0.45938000000000007,0.39147,84.93757092169648,0.08449782632113334,0.05238382688548521,0.03211399943564813
2024-11-17 00:00:00+00:00,0.7416,0.7798,0.6893,0.7026,474262736.4,0.477325,0.397445,77.04468110072376,0.08932140723208809,0.05977134295480578,0.02955006427728231
2024-11-18 00:00:00+00:00,0.7026,0.7839,0.7002,0.7325,442341128.2,0.49614499999999995,0.40380333333333335,78.68039247561185,0.09446784347591775,0.06671064305902819,0.02775720041688956
2024-11-19 00:00:00+00:00,0.7324,0.765,0.72,0.7387,297007303.0,0.5153300000000001,0.41024499999999997,79.01431951286976,0.09791798191793899,0.07295211083081035,0.024965871087128638
2024-11-20 00:00:00+00:00,0.7386,0.8484,0.7384,0.8003,729698432.0,0.538255,0.41761,82.02648663441123,0.10441916751305036,0.07924552216725836,0.025173645345792
2024-11-21 00:00:00+00:00,0.8003,0.8239,0.7655,0.8218,486701467.7,0.56147,0.42544499999999996,82.9465358334352,0.11003782668286077,0.08540398307037884,0.02463384361248193
2024-11-22 00:00:00+00:00,0.8219,1.044,0.8123,1.0175,1031366149.7,0.594935,0.4363416666666667,88.6445145866103,0.12879731376253734,0.09408264920881054,0.03471466455372679
2024-11-23 00:00:00+00:00,1.0175,1.1542,1.0157,1.0658,919763706.7,0.63152,0.44764166666666666,89.5707125829988,0.14588013339746841,0.10444214604654212,0.0414379873509263
2024-11-24 00:00:00+00:00,1.0659,1.0978,0.9364,1.0226,581357178.0,0.666335,0.45833666666666667,83.04632362156532,0.1541555033861186,0.11438481751445742,0.03977068587166119
2024-11-25 00:00:00+00:00,1.0228,1.0778,0.9294,0.9435,504171181.2,0.6968300000000001,0.4673716666666667,72.61629874649432,0.1525723259882107,0.12202231920920809,0.030550006779002603
2024-11-26 00:00:00+00:00,0.9435,0.9899,0.8743,0.9603,479192975.7,0.7266950000000001,0.47668166666666667,73.38096978797246,0.15093339981049692,0.12780453532946587,0.023128864481031047
2024-11-27 00:00:00+00:00,0.9602,1.0419,0.9312,1.0116,383499059.9,0.75695,0.486865,75.61975924047533,0.15202160978738222,0.13264795022104914,0.01937365956633308
2024-11-28 00:00:00+00:00,1.0114,1.0491,0.9693,1.0321,254849669.5,0.78632,0.49744166666666667,76.47136565274431,0.15277708358935915,0.13667377689471116,0.01610330669464799
2024-11-29 00:00:00+00:00,1.0321,1.0996,1.0274,1.0755,351237724.5,0.81526,0.509145,78.20692695877467,0.15509003789473308,0.14035702909471556,0.014733008800017516
2024-11-30 00:00:00+00:00,1.0754,1.1498,1.0498,1.079,369560299.2,0.839705,0.5212616666666666,78.34565088472124,0.15541397602122564,0.14336841848001758,0.012045557541208063
2024-12-01 00:00:00+00:00,1.079,1.1633,1.0375,1.1496,372853685.8,0.866525,0.5347016666666666,80.97622710232929,0.15952858308874862,0.1466004514017638,0.012928131686984812
2024-12-02 00:00:00+00:00,1.1497,1.2424,1.0567,1.2022,866951754.4,0.8980899999999998,0.5489833333333334,82.6657941521297,0.16513029992981365,0.15030642110737377,0.014823878822439879
2024-12-03 00:00:00+00:00,1.2022,1.3264,1.1401,1.1914,802151381.2,0.9287449999999999,0.5629783333333334,81.07365426819673,0.16677574417931118,0.15360028572176126,0.013175458457549916
2024-12-04 00:00:00+00:00,1.1915,1.2417,1.1403,1.1871,383350912.1,0.95914,0.5769133333333333,80.40961654162493,0.1658213116775863,0.15604449091292627,0.009776820764660021
2024-12-05 00:00:00+00:00,1.1871,1.2445,1.1138,1.1597,413686149.8,0.98177,0.5902833333333333,76.13064586563647,0.1609980803821882,0.15703520880677865,0.00396287157540956
2024-12-06 00:00:00+00:00,1.1599,1.2375,1.1336,1.2278,311787487.7,1.00608,0.6048933333333333,79.10657263065026,0.1608169381378486,0.15779155467299266,0.003025383464855924
2024-12-07 00:00:00+00:00,1.2278,1.2369,1.1881,1.2103,165417822.9,1.031465,0.6193183333333333,76.46818869021854,0.15744633452034196,0.15772251064246254,-0.0002761761221205805
2024-12-08 00:00:00+00:00,1.2103,1.224,1.1723,1.1936,255648168.3,1.05452,0.6335516666666667,73.93403505380527,0.15167909425568193,0.15651382736510644,-0.004834733109424505
2024-12-09 00:00:00+00:00,1.1936,1.1936,0.91,1.0034,618530935.0,1.067755,0.6446149999999999,52.56700724984511,0.13025941491151038,0.15126294487438724,-0.021003529962876855
2024-12-10 00:00:00+00:00,1.0035,1.0378,0.91,1.0215,628873381.3,1.078815,0.6557783333333335,53.93145511636709,0.11343705172264096,0.143697766244038,-0.03026071452139703
2024-12-11 00:00:00+00:00,1.0215,1.115,0.9718,1.0868,361950376.3,1.092065,0.6680050000000001,58.56259845659056,0.10417352441828276,0.13579291787888695,-0.03161939346060419
2024-12-12 00:00:00+00:00,1.0869,1.1819,1.0728,1.1231,338015830.6,1.097345,0.6809133333333333,60.914798280660456,0.09862433893004452,0.12835920208911847,-0.02973486315907395
2024-12-13 00:00:00+00:00,1.1231,1.1308,1.0774,1.1213,180296167.7,1.10012,0.6935299999999999,60.73070388081891,0.09300917264803421,0.12128919620090162,-0.028280023552867406
2024-12-14 00:00:00+00:00,1.1213,1.1332,1.0431,1.061,138860581.3,1.1020400000000001,0.7052283333333332,54.76018390815954,0.08273963584420208,0.11357928412956171,-0.030839648285359636
2024-12-15 00:00:00+00:00,1.0609,1.1123,1.0389,1.0996,139414086.3,1.109845,0.7176866666666667,57.63162755709379,0.07683000289710629,0.10622942788307063,-0.029399424985964345
2024-12-16 00:00:00+00:00,1.0995,1.121,1.0474,1.0775,220525179.7,1.115705,0.729925,55.461137060445196,0.06956143004229198,0.0988958283149149,-0.029334398272622922
2024-12-17 00:00:00+00:00,1.0775,1.1119,1.0418,1.0522,252529517.4,1.1177350000000001,0.7416166666666667,53.00027073702685,0.061055722762397124,0.09132780720441136,-0.030272084442014235
2024-12-18 00:00:00+00:00,1.0523,1.0602,0.958,0.9681,375972520.0,1.114535,0.7518966666666667,45.73563092508271,0.04698708346604219,0.08245966245673753,-0.035472578990695336
2024-12-19 00:00:00+00:00,0.9682,0.989,0.8475,0.8806,447732655.1,1.10479,0.7604916666666667,39.64671535963673,0.02844912295219104,0.07165755455582823,-0.04320843160363719
2024-12-20 00:00:00+00:00,0.8806,0.9596,0.762,0.9501,594787205.1,1.098345,0.7703116666666666,45.81705817122673,0.019145032829348096,0.061155050210532205,-0.04201001738118411
2024-12-21 00:00:00+00:00,0.95,0.9979,0.8867,0.9052,289558064.4,1.086125,0.7793233333333334,42.77449572629352,0.008055560136757789,0.050535152195777325,-0.042479592059019536
2024-12-22 00:00:00+00:00,0.9053,0.9249,0.8589,0.8834,234703947.6,1.070185,0.7882183333333334,41.33911116597105,-0.0024636057635539776,0.03993540060391106,-0.04239900636746504
2024-12-23 00:00:00+00:00,0.8835,0.9425,0.8619,0.9264,245984682.7,1.056935,0.7978833333333333,45.242347424527054,-0.007246842799256359,0.03049895192327758,-0.037745794722533935
2024-12-24 00:00:00+00:00,0.9265,0.9507,0.8918,0.9358,165078579.2,1.04437,0.8080449999999999,46.086876824264564,-0.010161950530370611,0.022366771432547942,-0.032528721962918554
2024-12-25 00:00:00+00:00,0.9357,0.9403,0.9,0.9176,95106199.7,1.032265,0.8177766666666666,44.65096100813733,-0.0137819129917236,0.015137034547693634,-0.028918947539417234
2024-12-26 00:00:00+00:00,0.9176,0.9281,0.8507,0.8611,131074807.3,1.01393,0.8264633333333332,40.43874079422434,-0.02096812958689509,0.00791600172077589,-0.02888413130767098
2024-12-27 00:00:00+00:00,0.8611,0.9147,0.855,0.8771,134800242.8,0.99727,0.8353533333333334,42.10438466020914,-0.025083049943945057,0.0013161913878317003,-0.026399241331776756
2024-12-28 00:00:00+00:00,0.8771,0.9,0.8662,0.8895,79029125.6,0.9820650000000001,0.8442433333333333,43.42486002133955,-0.027031969882443607,-0.004353440866223362,-0.022678529016220243
2024-12-29 00:00:00+00:00,0.8895,0.9123,0.851,0.859,105900380.7,0.974845,0.8526433333333333,40.950802018037166,-0.030683893254401795,-0.00961953134385905,-0.021064361910542746
2024-12-30 00:00:00+00:00,0.859,0.9048,0.8296,0.8615,168318692.6,0.966845,0.861305,41.246284432604064,-0.03299598258280889,-0.014294821591649017,-0.018701160991159874
2024-12-31 00:00:00+00:00,0.8616,0.8791,0.8397,0.8451,107355712.5,0.95476,0.8694316666666667,39.83795832091386,-0.035739688095574484,-0.018583794892434113,-0.01715589320314037
2025-01-01 00:00:00+00:00,0.845,0.9355,0.838,0.9222,171861317.3,0.9447150000000001,0.8789983333333333,48.705172286521716,-0.03133159767856086,-0.021133355449659465,-0.010198242228901398
2025-01-02 00:00:00+00:00,0.9222,0.9828,0.9222,0.9612,194982188.5,0.9367099999999999,0.88945,52.517523442860146,-0.024409799230147855,-0.021788644205757143,-0.0026211550243907117
2025-01-03 00:00:00+00:00,0.9612,1.1194,0.9569,1.0894,388427400.9,0.9381299999999999,0.9021683333333333,62.40810163394101,-0.008481782790734194,-0.019127271922752553,0.010645489132018359
2025-01-04 00:00:00+00:00,1.0894,1.1144,1.0565,1.0707,168969002.6,0.936685,0.9144533333333332,60.430747089945505,0.002602352969954369,-0.014781346944211168,0.017383699914165537
2025-01-05 00:00:00+00:00,1.0707,1.115,1.0521,1.0911,171630835.3,0.937365,0.9265883333333332,61.85079283543763,0.012884198902460176,-0.0092482377748769,0.022132436677337074
2025-01-06 00:00:00+00:00,1.0911,1.1162,1.0575,1.0934,181395918.9,0.939425,0.9380366666666666,62.016302771856736,0.020976423505962183,-0.0032033055187090835,0.024179729024671266
2025-01-07 00:00:00+00:00,1.0934,1.1519,0.988,0.9892,365562839.2,0.94048,0.9471116666666667,51.182423998321894,0.018765187243680814,0.0011903930337688962,0.01757479420991192
2025-01-08 00:00:00+00:00,0.9893,1.0242,0.9079,0.9468,369801375.9,0.9437899999999999,0.9546133333333333,47.542884407022456,0.013436552710626382,0.0036396249691403935,0.009796927741485988
2025-01-09 00:00:00+00:00,0.9467,0.9604,0.8798,0.9045,239358339.9,0.9415099999999998,0.9598533333333333,44.16847916096592,0.005734214512813085,0.0040585428778749325,0.0016756716349381525
2025-01-10 00:00:00+00:00,0.9045,0.974,0.904,0.9303,208259628.3,0.942765,0.9651383333333333,46.65542316732774,0.001692391542870264,0.0035853126108739987,-0.0018929210680037347
2025-01-11 00:00:00+00:00,0.9303,1.0176,0.9134,0.9955,146491610.6,0.94837,0.972215,52.42303301554173,0.003707574212654441,0.0036097649312300875,9.780928142435336e-05
2025-01-12 00:00:00+00:00,0.9955,1.0369,0.9613,0.9677,196542136.0,0.950435,0.978705,49.943518696828185,0.003026505658067613,0.003493113076597593,-0.00046660741852997973
2025-01-13 00:00:00+00:00,0.9676,0.9938,0.8758,0.9444,288677979.1,0.950865,0.9847916666666667,47.898658437836446,0.0005997253870031471,0.002914435538678704,-0.002314710151675557
2025-01-14 00:00:00+00:00,0.9444,1.0109,0.938,0.9972,187168513.0,0.9548449999999999,0.9896266666666667,52.631647123798565,0.0029035331474284165,0.0029122550604286468,-8.721913000230268e-06
2025-01-15 00:00:00+00:00,0.9972,1.09,0.9879,1.0755,384217805.3,0.965565,0.9951916666666667,58.63304761509246,0.010921575886822188,0.004514119225707355,0.006407456661114833
2025-01-16 00:00:00+00:00,1.0755,1.145,1.0273,1.0892,383249639.4,0.97617,1.0016349999999998,59.597576485053295,0.01817193329361988,0.007245682039289861,0.010926251254330019
2025-01-17 00:00:00+00:00,1.0893,1.1662,1.0854,1.133,276530914.4,0.988345,1.00831,62.599997318696744,0.027139342278505563,0.011224414087133002,0.01591492819137256
2025-01-18 00:00:00+00:00,1.1331,1.1466,1.0482,1.1045,256781980.9,1.00062,1.0144066666666667,59.501524612523475,0.03158230553129626,0.015295992375965656,0.016286313155330606
2025-01-19 00:00:00+00:00,1.1044,1.152,0.9636,0.993,560820593.6,1.007195,1.0176183333333333,49.23424609526285,0.02580876043839675,0.017398545988451877,0.008410214449944872
2025-01-20 00:00:00+00:00,0.993,1.1014,0.9594,1.0094,464297968.4,1.01541,1.020745,50.58488944539477,0.022299472853493763,0.018378731361460253,0.00392074149203351
2025-01-21 00:00:00+00:00,1.0095,1.0288,0.9508,1.0058,303337850.2,1.01959,1.0205499999999998,50.26872643139734,0.019008726479527116,0.018504730385073626,0.0005039960944534898
2025-01-22 00:00:00+00:00,1.0059,1.0199,0.9759,0.9827,147886319.8,1.020665,1.0191649999999999,48.18750237481456,0.014371147679644203,0.017678013843987744,-0.003306866164343541
2025-01-23 00:00:00+00:00,0.9827,1.0118,0.9512,0.9867,192569354.5,1.01553,1.0185666666666666,48.5844635394521,0.010893031552332566,0.016321017385656708,-0.005427985833324142
2025-01-24 00:00:00+00:00,0.9867,1.01,0.9636,0.9712,124426928.3,1.010555,1.0190283333333334,47.07924562444999,0.0068074074462923795,0.014418295397783842,-0.007610887951491462
2025-01-25 00:00:00+00:00,0.9712,0.9919,0.9642,0.9766,56721656.8,1.00483,1.0193,47.687318587081805,0.0039596118367590805,0.01232655868557889,-0.00836694684881981
2025-01-26 00:00:00+00:00,0.9766,1.0003,0.9515,0.953,73197919.3,0.99781,1.0183233333333335,45.24072330827934,-0.00019931192383537688,0.009821384563696037,-0.010020696487531414
2025-01-27 00:00:00+00:00,0.953,0.9587,0.8568,0.9345,257950415.8,0.9950749999999999,1.0166966666666668,43.36262134297908,-0.0049312400904113485,0.006870859632874561,-0.01180209972328591
2025-01-28 00:00:00+00:00,0.9346,0.9684,0.9031,0.9169,124707222.9,0.99358,1.0140533333333335,41.59356605270201,-0.009986383353792427,0.0034994110355411633,-0.01348579438933359
2025-01-29 00:00:00+00:00,0.9168,0.9603,0.9018,0.9399,135142289.7,0.9953500000000002,1.011735,44.7648923912813,-0.011998402909389583,0.0003998482465550138,-0.012398251155944597
2025-01-30 00:00:00+00:00,0.9398,0.9886,0.9363,0.9595,86721138.9,0.99681,1.0085666666666666,47.3866303362805,-0.011874504807257491,-0.002055022364207487,-0.009819482443050004
2025-01-31 00:00:00+00:00,0.9595,0.9837,0.9347,0.9429,113818765.2,0.9941799999999998,1.004245,45.42028136380208,-0.012966328176729491,-0.004237283526711888,-0.008729044650017604
2025-02-01 00:00:00+00:00,0.9428,0.9576,0.8875,0.8948,88384785.8,0.9905349999999998,0.9993016666666665,40.213192461470754,-0.017511017959914388,-0.006892030413352389,-0.010618987546561999
2025-02-02 00:00:00+00:00,0.8947,0.9113,0.7513,0.8052,340523726.6,0.9835750000000001,0.9929366666666667,32.6941457420795,-0.02801969493580092,-0.011117563317842097,-0.016902131617958824
2025-02-03 00:00:00+00:00,0.8051,0.8245,0.506,0.812,1336951229.5,0.974315,0.9871416666666667,33.70723095673539,-0.03539122595752631,-0.015972295845778937,-0.01941893011174737
2025-02-04 00:00:00+00:00,0.8121,0.8198,0.715,0.7439,336202720.8,0.9577349999999999,0.9790766666666666,28.999547621307002,-0.04619580181833638,-0.022016997040290427,-0.024178804778045952
2025-02-05 00:00:00+00:00,0.744,0.7764,0.7251,0.7325,174717874.3,0.9399000000000001,0.9711133333333334,28.28732067298388,-0.05504387918144016,-0.028622373468520375,-0.026421505712919784
2025-02-06 00:00:00+00:00,0.7325,0.766,0.6978,0.7052,187578647.3,0.91851,0.9629733333333333,26.602359798391745,-0.06352663062909769,-0.03560322490063584,-0.02792340572846185
2025-02-07 00:00:00+00:00,0.7052,0.7532,0.6902,0.7072,206190185.9,0.8986449999999999,0.9580366666666666,26.94567731128653,-0.06928916659943796,-0.042340413240396266,-0.02694875335904169
2025-02-08 00:00:00+00:00,0.7072,0.718,0.6815,0.7005,106440011.1,0.8840199999999999,0.9526866666666666,26.4985153088042,-0.07354882678589314,-0.04858209594949564,-0.0249667308363975
2025-02-09 00:00:00+00:00,0.7006,0.716,0.6503,0.6814,145972643.5,0.86762,0.94593,25.21393949151485,-0.07757165084324824,-0.05438000692824616,-0.02319164391500208
2025-02-10 00:00:00+00:00,0.6815,0.7245,0.6632,0.7121,168781925.4,0.8529349999999999,0.93908,31.003615065563096,-0.0773904258073499,-0.05898209070406691,-0.018408335103282984
2025-02-11 00:00:00+00:00,0.7121,0.8213,0.7101,0.7781,364029512.7,0.8427050000000001,0.9333600000000001,41.49057575355537,-0.07110154094096399,-0.061405980751446335,-0.009695560189517657
2025-02-12 00:00:00+00:00,0.7782,0.8079,0.7448,0.7997,271335009.3,0.8333550000000001,0.9290050000000001,44.465530930575575,-0.06364100104916914,-0.0618529848109909,-0.0017880162381782444
2025-02-13 00:00:00+00:00,0.7998,0.8309,0.7693,0.8107,148408733.0,0.8253299999999999,0.92419,45.97212450192059,-0.05619310226159002,-0.06072100830111073,0.004527906039520704
2025-02-14 00:00:00+00:00,0.8107,0.8293,0.7891,0.7998,144880343.5,0.8164899999999999,0.9195616666666666,44.678666926977506,-0.050586992359508476,-0.05869420511279028,0.008107212753281808
2025-02-15 00:00:00+00:00,0.7997,0.8141,0.7745,0.7811,72649439.8,0.807895,0.9150433333333333,42.4709210335496,-0.04710998896204277,-0.05637736188264079,0.009267372920598017
2025-02-16 00:00:00+00:00,0.7811,0.7893,0.7615,0.7714,62651373.5,0.79974,0.911765,41.3300677229619,-0.04462276420377709,-0.05402644234686805,0.009403678143090961
2025-02-17 00:00:00+00:00,0.7714,0.8291,0.7705,0.8089,193681003.3,0.7943399999999999,0.91057,47.2314959172866,-0.039174109316773786,-0.051055975740849205,0.011881866424075418
2025-02-18 00:00:00+00:00,0.8089,0.814,0.7351,0.7541,173068755.8,0.78505,0.9073033333333334,40.77663488188689,-0.03883030153559719,-0.04861084089979881,0.009780539364201618
2025-02-19 00:00:00+00:00,0.7542,0.7761,0.7328,0.7738,118560241.8,0.775765,0.9051133333333332,43.75260106080693,-0.036546915934554614,-0.04619805590674997,0.009651139972195355
2025-02-20 00:00:00+00:00,0.7737,0.8111,0.7703,0.8036,123013598.3,0.7687999999999999,0.9037833333333333,48.008596674395854,-0.03196424156411315,-0.043351293038222605,0.011387051474109455
2025-02-21 00:00:00+00:00,0.8036,0.8187,0.7501,0.7621,176129521.6,0.762165,0.9010450000000001,43.115855407535946,-0.0313201036207289,-0.04094505515472387,0.009624951533994966
2025-02-22 00:00:00+00:00,0.7622,0.7845,0.7571,0.7734,70048824.6,0.760575,0.8983383333333333,44.76648988766798,-0.029557088381658936,-0.03866746180011088,0.009110373418451945
2025-02-23 00:00:00+00:00,0.7733,0.7883,0.7596,0.7697,68066469.6,0.75846,0.8958733333333334,44.31307111714355,-0.02813413241507534,-0.036560795923103774,0.008426663508028433
2025-02-24 00:00:00+00:00,0.7698,0.7774,0.67,0.6816,187852768.2,0.7553449999999999,0.8928816666666667,35.1769223982819,-0.03372658420860586,-0.03599395358020419,0.0022673693715983337
2025-02-25 00:00:00+00:00,0.6816,0.695,0.6302,0.6832,314619948.7,0.75288,0.8896499999999999,35.43726305791836,-0.03759615089346746,-0.03631439304285684,-0.001281757850610618
2025-02-26 00:00:00+00:00,0.6832,0.6954,0.6312,0.6474,188683060.2,0.74999,0.8856149999999999,32.31044230774698,-0.04305525697541357,-0.037662565829368194,-0.005392691146045375
2025-02-27 00:00:00+00:00,0.6475,0.6798,0.6263,0.6451,119338095.8,0.746885,0.8820499999999999,32.11438998920973,-0.047025151974369406,-0.039535083058368434,-0.007490068916000972
2025-02-28 00:00:00+00:00,0.6451,0.6466,0.5801,0.6328,258110432.8,0.7434999999999999,0.8782383333333333,31.030030605274348,-0.050580765982390474,-0.04174421964317284,-0.008836546339217634
2025-03-01 00:00:00+00:00,0.6328,0.677,0.6252,0.6593,101845318.3,0.7423949999999999,0.8751416666666667,36.040774512022715,-0.05067612435354785,-0.043530600585247846,-0.007145523768300001
2025-03-02 00:00:00+00:00,0.6593,1.1488,0.645,1.135,1462027409.9,0.7635400000000001,0.8786883333333333,73.39992512638423,-0.012225751289884235,-0.037269630726175125,0.02504387943629089
2025-03-03 00:00:00+00:00,1.1349,1.1747,0.8228,0.8578,1410346466.6,0.767525,0.876965,53.71167057251096,-0.004074310840690432,-0.030630566749078186,0.026556255908387755
2025-03-04 00:00:00+00:00,0.8577,0.9562,0.7576,0.9409,1103033777.6,0.774585,0.87449,57.400656405031576,0.008987636073529148,-0.02270692618455672,0.03169456225808587
2025-03-05 00:00:00+00:00,0.9409,1.0278,0.9136,0.9741,684542897.2,0.782755,0.87288,58.81292774282925,0.02176736501118237,-0.013812067945408901,0.03557943295659127
2025-03-06 00:00:00+00:00,0.9741,0.9886,0.8854,0.9065,426709138.1,0.7880900000000001,0.8698033333333334,54.82722591279741,0.02613931942089709,-0.005821790472147703,0.03196110989304479
2025-03-07 00:00:00+00:00,0.9065,0.9206,0.8064,0.8181,789791963.0,0.78994,0.865215,50.05049641338494,0.022214903993512447,-0.00021445157901567313,0.02242935557252812
2025-03-08 00:00:00+00:00,0.818,0.8392,0.7931,0.8052,195763913.6,0.79163,0.8621483333333333,49.37447723784957,0.017857998413726595,0.0034000384195327807,0.014457959994193813
2025-03-09 00:00:00+00:00,0.8052,0.8176,0.709,0.7215,341584369.9,0.7872600000000001,0.8583933333333333,45.11647202681402,0.007564035370718036,0.0042328378097698325,0.003331197560948204
2025-03-10 00:00:00+00:00,0.7216,0.7786,0.6582,0.6712,452130529.1,0.783115,0.854505,42.731522172801455,-0.004599770835294059,0.0024663160807570543,-0.0070660869160511135
2025-03-11 00:00:00+00:00,0.6711,0.7444,0.6471,0.7241,418368477.7,0.78063,0.8510683333333333,45.966558206453016,-0.009857456371796025,1.561590246438281e-06,-0.009859017962042464
2025-03-12 00:00:00+00:00,0.724,0.77,0.7111,0.736,272406998.1,0.77725,0.8467433333333333,46.696014270989906,-0.012915102232339715,-0.0025817711742707923,-0.010333331058068922
2025-03-13 00:00:00+00:00,0.736,0.742,0.6909,0.703,264883435.2,0.7742950000000001,0.8423316666666666,44.88633218069534,-0.01779599169877888,-0.00562461527917241,-0.012171376419606469
2025-03-14 00:00:00+00:00,0.703,0.7514,0.6963,0.7373,200723012.3,0.77249,0.83888,47.17774974280188,-0.018681064737171016,-0.00823590517077213,-0.010445159566398885
2025-03-15 00:00:00+00:00,0.7372,0.7594,0.7309,0.7468,134638523.2,0.771345,0.8347066666666667,47.82477822005111,-0.018403773644889432,-0.01026947886559559,-0.008134294779293842
2025-03-16 00:00:00+00:00,0.7468,0.7473,0.6936,0.7049,166304049.4,0.77251,0.82853,45.195269711244585,-0.021319243317376668,-0.012479431755951807,-0.008839811561424861
2025-03-17 00:00:00+00:00,0.7049,0.732,0.7024,0.7175,124793194.3,0.774225,0.822335,46.15404298948979,-0.022355360658301127,-0.014454617536421672,-0.007900743121879454
2025-03-18 00:00:00+00:00,0.7175,0.7184,0.6816,0.7017,124187049.1,0.77694,0.8151466666666667,45.08882613223875,-0.024172770419329637,-0.016398248113003264,-0.007774522306326373
2025-03-19 00:00:00+00:00,0.7017,0.747,0.7003,0.7436,203333627.3,0.781865,0.8091316666666667,48.484366842130115,-0.021978743646125953,-0.0175143472196278,-0.004464396426498152
2025-03-20 00:00:00+00:00,0.7436,0.7554,0.712,0.718,163787969.9,0.786125,0.8045483333333333,46.58879471332563,-0.02205147203012736,-0.018421772181727712,-0.0036296998483996493
2025-03-21 00:00:00+00:00,0.7179,0.7277,0.7006,0.705,99337577.7,0.78841,0.799475,45.613534774017644,-0.022894191168246647,-0.0193162559790315,-0.003577935189215148
2025-03-22 00:00:00+00:00,0.705,0.7161,0.6971,0.7014,58014666.0,0.7667299999999999,0.7944016666666668,45.330543096133816,-0.023580718228958242,-0.020169148429016848,-0.003411569799941394
2025-03-23 00:00:00+00:00,0.7015,0.716,0.6917,0.7107,83791747.2,0.759375,0.7898683333333333,46.25813678633014,-0.023107989080183078,-0.020756916559250094,-0.0023510725209329834
2025-03-24 00:00:00+00:00,0.7106,0.7452,0.7055,0.732,164891536.5,0.74893,0.7856233333333333,48.41688470427555,-0.020775133033932525,-0.02076055985418658,-1.4573179745944187e-05
2025-03-25 00:00:00+00:00,0.732,0.7666,0.7209,0.7448,191707229.1,0.737465,0.78185,49.72385651042838,-0.017689560541469196,-0.020146359991643104,0.0024567994501739077
2025-03-26 00:00:00+00:00,0.7447,0.7744,0.7197,0.7287,166873889.6,0.728575,0.7777183333333333,48.07391432447048,-0.01635482926627474,-0.019388053846569435,0.0030332245802946953
2025-03-27 00:00:00+00:00,0.7288,0.7444,0.7209,0.7381,78374162.9,0.724575,0.7741366666666667,49.13514164640135,-0.01437286226415635,-0.01838501553008682,0.0040121532659304696
2025-03-28 00:00:00+00:00,0.7381,0.7465,0.6895,0.7062,140942745.6,0.719625,0.7703316666666666,45.72023523390491,-0.015200975156922203,-0.0177482074554539,0.002547232298531696
2025-03-29 00:00:00+00:00,0.7062,0.7122,0.6588,0.6732,104353465.2,0.71721,0.76627,42.434633005097204,-0.018309029700748103,-0.017860371904512742,-0.0004486577962353605
2025-03-30 00:00:00+00:00,0.6733,0.6877,0.6512,0.6612,73774230.6,0.71671,0.761625,41.273115470809266,-0.02149273021570297,-0.01858684356675079,-0.00290588664895218
2025-03-31 00:00:00+00:00,0.6613,0.6655,0.6296,0.6618,126559978.9,0.713595,0.7566633333333334,41.359544044487876,-0.02369428782467653,-0.01960833241833594,-0.004085955406340588
2025-04-01 00:00:00+00:00,0.6618,0.6949,0.6577,0.677,106364321.5,0.7106450000000001,0.7522316666666666,43.62313688825549,-0.02393659891062827,-0.02047398571679441,-0.003462613193833862
2025-04-02 00:00:00+00:00,0.6771,0.7098,0.6348,0.64,168146368.6,0.707495,0.747985,39.6144894935079,-0.026805228976138906,-0.02174023436866331,-0.005064994607475597
2025-04-03 00:00:00+00:00,0.64,0.6576,0.613,0.6508,114219073.8,0.70317,0.7454116666666668,41.30981523551487,-0.027885720007793657,-0.02296933149648938,-0.004916388511304277
2025-04-04 00:00:00+00:00,0.6509,0.6717,0.6275,0.6603,126446033.5,0.698845,0.7428833333333333,42.83026176311413,-0.02765663782452843,-0.02390679276209719,-0.003749845062431239
2025-04-05 00:00:00+00:00,0.6603,0.6675,0.6448,0.6547,43762918.6,0.696335,0.7413966666666667,42.13728082903826,-0.027608705768414343,-0.024647175363360623,-0.00296153040505372
2025-04-06 00:00:00+00:00,0.6547,0.6553,0.5597,0.5737,166216469.9,0.689145,0.73875,33.655168774927205,-0.033718061499169116,-0.026461352590522322,-0.007256708908646794
2025-04-07 00:00:00+00:00,0.5737,0.6055,0.511,0.5864,419069987.9,0.68338,0.73677,35.836049816921786,-0.03710723694065332,-0.028590529460548523,-0.008516707480104798
2025-04-08 00:00:00+00:00,0.5863,0.6201,0.5528,0.5583,238977888.4,0.674115,0.7342883333333334,33.23300425858034,-0.04158129477155226,-0.03118868252274927,-0.010392612248802988
2025-04-09 00:00:00+00:00,0.5583,0.6464,0.5366,0.6315,327515064.6,0.6697900000000001,0.7331383333333333,44.53532341942576,-0.03877343358753793,-0.032705632735707,-0.00606780085183093
2025-04-10 00:00:00+00:00,0.6315,0.6338,0.5857,0.6094,159599767.0,0.66501,0.7319383333333334,42.2120108147141,-0.03789464281843802,-0.03374343475225321,-0.004151208066184811
2025-04-11 00:00:00+00:00,0.6094,0.645,0.6059,0.6239,152727364.8,0.661135,0.7304683333333333,44.26639008239808,-0.035617588594004435,-0.03411826552060346,-0.0014993230734009766
2025-04-12 00:00:00+00:00,0.6239,0.6675,0.617,0.6595,115874420.3,0.658575,0.7284916666666666,49.05501840200236,-0.030587787266097566,-0.03341216986970228,0.002824382603604715
2025-04-13 00:00:00+00:00,0.6596,0.6687,0.6301,0.6383,104410716.6,0.65389,0.7258016666666667,46.49316869238936,-0.027989649048893117,-0.03232766570554045,0.004338016656647334
2025-04-14 00:00:00+00:00,0.6383,0.6575,0.6277,0.6353,117699773.5,0.6484150000000001,0.7228783333333334,46.12606673048424,-0.02587441655337519,-0.0310370158751074,0.005162599321732211
2025-04-15 00:00:00+00:00,0.6353,0.6486,0.607,0.6091,143898856.8,0.642435,0.7197,42.93747591909624,-0.026012346460837055,-0.03003208199225333,0.0040197355314162755
2025-04-16 00:00:00+00:00,0.609,0.6245,0.5946,0.6105,126774167.2,0.636055,0.7168566666666667,43.16357072261037,-0.025712293294764876,-0.02916812425275564,0.003455830957990763
2025-04-17 00:00:00+00:00,0.6106,0.6299,0.6088,0.6167,70142773.4,0.63158,0.7142783333333333,44.21767732457715,-0.02468960442340029,-0.02827242028688457,0.00358281586348428
2025-04-18 00:00:00+00:00,0.6169,0.632,0.6104,0.6275,55674804.9,0.6292949999999999,0.711255,46.09318217934863,-0.022745450983745474,-0.027167026426256752,0.004421575442511278
2025-04-19 00:00:00+00:00,0.6276,0.6349,0.6191,0.6282,42619558.8,0.627645,0.7091566666666667,46.219395805404716,-0.02090720596995621,-0.025915062334996644,0.005007856365040433
2025-04-20 00:00:00+00:00,0.6282,0.6348,0.6095,0.6202,50246835.4,0.625565,0.7065966666666665,44.924825684077334,-0.019866903398241376,-0.02470543054764559,0.004838527149404213
2025-04-21 00:00:00+00:00,0.6203,0.6507,0.6159,0.6242,113722683.3,0.622925,0.7036066666666667,45.74312238512731,-0.01850635974919712,-0.023465616387955898,0.004959256638758777
2025-04-22 00:00:00+00:00,0.6241,0.685,0.6153,0.6794,143341355.5,0.6248950000000001,0.7022283333333333,55.55665607235577,-0.012826089257789719,-0.021337710961922662,0.008511621704132943
2025-04-23 00:00:00+00:00,0.6794,0.7183,0.6774,0.6977,159614226.0,0.62724,0.7009666666666666,58.252517745873966,-0.00676973956500293,-0.018424116682538717,0.011654377117535787
2025-04-24 00:00:00+00:00,0.6978,0.746,0.6701,0.7219,171690319.8,0.63032,0.7001700000000001,61.57212148615847,-1.710388472841995e-05,-0.014742714122976659,0.014725610238248239
2025-04-25 00:00:00+00:00,0.722,0.7331,0.7019,0.7135,150864406.0,0.6332599999999999,0.7007016666666667,59.79479210543374,0.004603532091381202,-0.010873464880105087,0.015476996971486289
2025-04-26 00:00:00+00:00,0.7135,0.7344,0.6996,0.707,98567156.4,0.6399250000000001,0.7010983333333333,58.390224329955615,0.00765270806022611,-0.007168230292038849,0.014820938352264959
2025-04-27 00:00:00+00:00,0.707,0.7185,0.6907,0.7032,82135355.9,0.6457649999999999,0.7020283333333334,57.53928475413162,0.009651319339973985,-0.0038043203656362825,0.013455639705610267
2025-04-28 00:00:00+00:00,0.7033,0.729,0.6821,0.7056,148303185.8,0.65313,0.7030366666666666,57.9560337726631,0.011298649324506083,-0.0007837264276078096,0.012082375752113891
2025-04-29 00:00:00+00:00,0.7057,0.7181,0.6888,0.6958,144681664.2,0.656345,0.7040866666666666,55.55811588796403,0.011678766556552422,0.001708772169224237,0.009969994387328186
2025-04-30 00:00:00+00:00,0.6957,0.7037,0.6647,0.6816,97477142.0,0.659955,0.7044583333333333,52.1886674844299,0.010710724313209186,0.003509162598021227,0.007201561715187959
2025-05-01 00:00:00+00:00,0.6816,0.7146,0.6814,0.705,85930672.3,0.66401,0.6972916666666666,56.83446836151842,0.011696893788502138,0.0051467088361174095,0.006550184952384729
2025-05-02 00:00:00+00:00,0.705,0.7255,0.6888,0.6981,99617178.4,0.66594,0.6946300000000001,55.13324546608725,0.011785808405457954,0.006474528749985519,0.0053112796554724345
2025-05-03 00:00:00+00:00,0.6982,0.7297,0.6917,0.6995,125664048.1,0.669,0.6906066666666667,55.42479102698841,0.01183284055942102,0.00754619111187262,0.0042866494475484
2025-05-04 00:00:00+00:00,0.6995,0.7147,0.6718,0.6762,113830422.1,0.671045,0.6856416666666667,49.64311955024018,0.009876152468544008,0.0080121833832069,0.001863969085337109
2025-05-05 00:00:00+00:00,0.6762,0.692,0.6541,0.6622,115627149.0,0.6737,0.68157,46.50407719749807,0.0071137768706369675,0.007832502080692912,-0.0007187252100559448
2025-05-06 00:00:00+00:00,0.6621,0.6807,0.6426,0.6789,81419623.3,0.67712,0.67925,50.52304214465497,0.0062006475347197165,0.007506131171498273,-0.0013054836367785566
2025-05-07 00:00:00+00:00,0.6789,0.6892,0.655,0.6715,89497926.6,0.67986,0.6770216666666666,48.77446039905478,0.004824256772565483,0.006969756291711716,-0.0021454995191462333
2025-05-08 00:00:00+00:00,0.6716,0.771,0.67,0.7693,238990032.9,0.6869500000000001,0.6778183333333333,65.68016971790365,0.011492620058369818,0.007874329045043336,0.0036182910133264815
2025-05-09 00:00:00+00:00,0.7694,0.818,0.7532,0.7774,223733227.0,0.69441,0.6795883333333333,66.66151878491321,0.017232305025215222,0.009745924241077713,0.007486380784137509
2025-05-10 00:00:00+00:00,0.7773,0.8435,0.7704,0.8406,177651038.9,0.70543,0.6815300000000001,73.11992792447785,0.02657442509866692,0.013111624412595554,0.013462800686071367
2025-05-11 00:00:00+00:00,0.8406,0.8466,0.7813,0.8053,131407953.5,0.714485,0.682685,65.48879445684074,0.03077495307531819,0.01664429014514008,0.01413066293017811
2025-05-12 00:00:00+00:00,0.8054,0.8643,0.7802,0.817,250186987.8,0.7213649999999999,0.6845850000000001,66.72823300855623,0.03464858664021231,0.020245149444154526,0.014403437196057783
2025-05-13 00:00:00+00:00,0.8169,0.8419,0.7716,0.8299,170776720.3,0.727975,0.6861283333333332,68.08903020212487,0.03831768887321818,0.023859657329967258,0.014458031543250923
2025-05-14 00:00:00+00:00,0.83,0.8337,0.7887,0.7986,137228841.5,0.7318100000000001,0.6869916666666666,61.51491544211751,0.038258806703940995,0.02673948720476201,0.011519319499178986
2025-05-15 00:00:00+00:00,0.7987,0.8102,0.7445,0.7624,181474078.9,0.734255,0.6879500000000001,54.911449303046496,0.03488892686528855,0.02836937513686732,0.0065195517284212315
2025-05-16 00:00:00+00:00,0.7624,0.7859,0.7505,0.7588,89428901.1,0.736845,0.6886383333333334,54.287328572130555,0.031563933523150234,0.0290082868141239,0.0025556467090263324
2025-05-17 00:00:00+00:00,0.7588,0.7814,0.7267,0.7427,127369154.9,0.73882,0.6893216666666666,51.469812839951025,0.027314848328903407,0.028669599117079805,-0.0013547507881763975
2025-05-18 00:00:00+00:00,0.7428,0.7767,0.7171,0.7596,137043357.8,0.7415200000000001,0.6895883333333332,54.15927166623784,0.025022660802597074,0.02794021145418326,-0.0029175506515861857
2025-05-19 00:00:00+00:00,0.7597,0.765,0.71,0.7425,121736745.6,0.743855,0.6899966666666667,51.074981421801944,0.02157752629278331,0.02666767442190327,-0.0050901481291199605
2025-05-20 00:00:00+00:00,0.7426,0.7538,0.7224,0.746,94460431.4,0.747075,0.69068,51.68151155483852,0.018911651377199523,0.025116469812962523,-0.0062048184357629994
2025-05-21 00:00:00+00:00,0.7461,0.7839,0.7366,0.7693,152161906.6,0.75029,0.6918116666666666,55.62543145663608,0.018466175003141627,0.023786410850998346,-0.005320235847856718
2025-05-22 00:00:00+00:00,0.7693,0.8108,0.7688,0.8093,136071438.9,0.75585,0.693455,61.44375923347663,0.021097597502063192,0.023248648181211317,-0.0021510506791481247
2025-05-23 00:00:00+00:00,0.8093,0.8414,0.743,0.7471,228323410.0,0.75823,0.6937066666666667,50.38136676820899,0.017957001482676316,0.022190318841504318,-0.004233317358828002
2025-05-24 00:00:00+00:00,0.7472,0.7668,0.7409,0.7467,73357703.7,0.7617550000000001,0.6937383333333333,50.31862534852448,0.015259873530362733,0.020804229779276002,-0.005544356248913269
2025-05-25 00:00:00+00:00,0.7467,0.7604,0.7277,0.7598,80670789.5,0.766635,0.6942566666666666,52.40891278593994,0.01401785164714997,0.019446954152850797,-0.005429102505700827
2025-05-26 00:00:00+00:00,0.7598,0.7771,0.751,0.7604,79623463.0,0.77071,0.6946283333333334,52.50747315509543,0.012932873229850372,0.018144137968250713,-0.005211264738400341
2025-05-27 00:00:00+00:00,0.7604,0.7756,0.7434,0.7583,91137197.1,0.77505,0.6954966666666668,52.10077369537593,0.011767914376070499,0.016868893249814672,-0.005100978873744173
2025-05-28 00:00:00+00:00,0.7584,0.7614,0.7324,0.7476,75356290.5,0.773965,0.6967366666666667,49.97670169797691,0.00986752878549002,0.015468620356949743,-0.005601091571459722
2025-05-29 00:00:00+00:00,0.7476,0.7652,0.7194,0.7221,104471174.0,0.7712,0.6977516666666667,45.242835656993535,0.006231984191325868,0.013621293123824967,-0.0073893089324990995
2025-05-30 00:00:00+00:00,0.7221,0.7281,0.6821,0.6889,174517183.6,0.7636149999999999,0.6982033333333334,39.938589364253794,0.0006641702307547126,0.011029868545210916,-0.010365698314456204
2025-05-31 00:00:00+00:00,0.689,0.6952,0.6561,0.6858,111278610.9,0.7576400000000001,0.69835,39.4732338490263,-0.003952939513063081,0.008033306933556118,-0.011986246446619199
2025-06-01 00:00:00+00:00,0.6858,0.688,0.6541,0.6855,92156943.0,0.751065,0.6991083333333333,39.425358490514405,-0.007549217067187364,0.004916802133407422,-0.012466019200594786
2025-06-02 00:00:00+00:00,0.6854,0.6921,0.6636,0.6896,72942407.9,0.74405,0.6997549999999999,40.48769807933281,-0.009953716950707236,0.00194269831658449,-0.011896415267291727
2025-06-03 00:00:00+00:00,0.6897,0.7072,0.6738,0.6837,75512318.6,0.738305,0.7001449999999999,39.41641925491882,-0.012194806979667572,-0.0008848027426659225,-0.01131000423700165
2025-06-04 00:00:00+00:00,0.6837,0.7027,0.662,0.6654,71491826.6,0.733455,0.7003233333333333,36.21561537169265,-0.015271503646463791,-0.0037621429234254962,-0.011509360723038296
2025-06-05 00:00:00+00:00,0.6654,0.6899,0.6186,0.6256,145639972.6,0.726795,0.7011883333333332,30.42831004954604,-0.020682915523338674,-0.007146297443408132,-0.013536618079930542
2025-06-06 00:00:00+00:00,0.6256,0.6723,0.621,0.6554,99504658.4,0.72243,0.7023383333333333,38.36963781833381,-0.022309714965068617,-0.010178980947740229,-0.012130734017328388
2025-06-07 00:00:00+00:00,0.6554,0.6708,0.6494,0.6645,52653743.0,0.717675,0.7041083333333333,40.59941319600814,-0.02260410524032641,-0.012664005806257466,-0.009940099434068945
2025-06-08 00:00:00+00:00,0.6645,0.6796,0.6517,0.6703,73152581.7,0.714065,0.704755,42.03879201715204,-0.022114478188288267,-0.014554100282663627,-0.00756037790562464
2025-06-09 00:00:00+00:00,0.6703,0.708,0.6565,0.7049,99192245.2,0.71201,0.7063466666666667,49.84641981873912,-0.01871873644451716,-0.015387027515034336,-0.0033317089294828232
2025-06-10 00:00:00+00:00,0.705,0.7206,0.6859,0.7167,146832550.3,0.70938,0.7078933333333333,52.21072071332868,-0.014903625546183519,-0.015290347121264172,0.00038672157508065283
2025-06-11 00:00:00+00:00,0.7167,0.7315,0.6909,0.698,113621215.0,0.703815,0.7085349999999999,48.32296753154202,-0.013236474551236221,-0.01487957260725858,0.0016430980560223594
2025-06-12 00:00:00+00:00,0.6979,0.7003,0.6569,0.6613,99094622.1,0.699525,0.7089183333333333,41.75205097167778,-0.014707094432103829,-0.014845076972227632,0.00013798254012380336
2025-06-13 00:00:00+00:00,0.6613,0.6614,0.6174,0.642,180308681.7,0.69429,0.7090299999999999,38.76662518844171,-0.01723128841931243,-0.015322319261644592,-0.001908969157667837
2025-06-14 00:00:00+00:00,0.6421,0.6428,0.6131,0.6247,57750191.8,0.687535,0.70929,36.26355881922074,-0.020392622301947938,-0.016336379869705264,-0.004056242432242674
2025-06-15 00:00:00+00:00,0.6247,0.6359,0.6208,0.6334,44666279.5,0.6811849999999999,0.7096716666666667,38.41700014558095,-0.021943039192309777,-0.017457711734226167,-0.00448532745808361
2025-06-16 00:00:00+00:00,0.6333,0.6575,0.6247,0.6303,99602152.2,0.674785,0.7098983333333333,37.92529883143172,-0.023154983602794776,-0.018597166107939888,-0.0045578174948548884
2025-06-17 00:00:00+00:00,0.6302,0.6426,0.5998,0.609,110370304.8,0.667855,0.70959,34.644257021033795,-0.025539783541462024,-0.019985689594644317,-0.005554093946817707
2025-06-18 00:00:00+00:00,0.609,0.6217,0.588,0.6039,120946782.8,0.661945,0.709185,33.88828180275384,-0.027524002484389798,-0.021493352172593416,-0.006030650311796382
2025-06-19 00:00:00+00:00,0.604,0.6117,0.5898,0.602,69309415.7,0.6576,0.7088816666666667,33.5941727673775,-0.028916493080878625,-0.022977980354250457,-0.005938512726628167
2025-06-20 00:00:00+00:00,0.6021,0.6071,0.5613,0.5774,140958123.2,0.65218,0.7081016666666666,29.96774470555461,-0.03164033621965612,-0.02471045152733159,-0.006929884692324528
2025-06-21 00:00:00+00:00,0.5775,0.5882,0.5443,0.5561,140946671.2,0.64571,0.7060466666666667,27.22714045614063,-0.035112973023887384,-0.026790955826642752,-0.008322017197244631
2025-06-22 00:00:00+00:00,0.5562,0.5642,0.51,0.5419,254432354.9,0.638325,0.70345,25.549611622459224,-0.038566315556844866,-0.02914602777268318,-0.009420287784161686
2025-06-23 00:00:00+00:00,0.5419,0.5862,0.5289,0.5823,214940626.1,0.6332549999999999,0.7011233333333333,37.37220578923517,-0.03760963160908404,-0.03083874853996335,-0.006770883069120687
2025-06-24 00:00:00+00:00,0.5823,0.5936,0.5762,0.5875,148093981.2,0.6293599999999999,0.6990233333333333,38.72105607479717,-0.03601667829834154,-0.03187433449163899,-0.004142343806702552
2025-06-25 00:00:00+00:00,0.5875,0.5907,0.5631,0.5671,106514611.1,0.626435,0.6966916666666666,35.49157044688192,-0.035985541906183416,-0.03269657597454788,-0.0032889659316355374
2025-06-26 00:00:00+00:00,0.5671,0.5819,0.5498,0.5543,101834511.0,0.62138,0.69421,33.59807178846752,-0.03657213827237071,-0.03347168843411245,-0.0031004498382582665
2025-06-27 00:00:00+00:00,0.5544,0.5633,0.545,0.5587,80562142.4,0.61609,0.6917616666666666,34.88411082289534,-0.03626394866442795,-0.034030140480175546,-0.002233808184252402
2025-06-28 00:00:00+00:00,0.5586,0.5688,0.5554,0.5654,60272689.6,0.610845,0.6895883333333334,36.888530072623624,-0.035074752263168696,-0.03423906283677418,-0.0008356894263945175
2025-06-29 00:00:00+00:00,0.5654,0.5857,0.555,0.5773,103251178.3,0.604465,0.68785,40.3978301225003,-0.032794045655194504,-0.03395005940045824,0.001156013745263737
2025-06-30 00:00:00+00:00,0.5773,0.5905,0.5561,0.5722,113245597.3,0.59724,0.6856366666666667,39.38701172545183,-0.031040283547463132,-0.03336810422985922,0.0023278206823960854
2025-07-01 00:00:00+00:00,0.5722,0.5765,0.5366,0.542,122582583.1,0.58944,0.683035,33.967069802692194,-0.031721634790152664,-0.033038810341917905,0.0013171755517652414
2025-07-02 00:00:00+00:00,0.542,0.5998,0.5387,0.584,185381208.3,0.5855750000000001,0.6811100000000001,45.250664624133634,-0.028543529526845024,-0.03213975417890333,0.003596224652058305
2025-07-03 00:00:00+00:00,0.584,0.6119,0.5827,0.5992,113126506.8,0.5834349999999999,0.6798266666666667,48.66922840383366,-0.024515743015400604,-0.030614951946202784,0.00609920893080218
2025-07-04 00:00:00+00:00,0.5992,0.6034,0.5629,0.5724,84798877.1,0.58082,0.6783300000000001,43.510583519601816,-0.023218579873780065,-0.029135677531718245,0.005917097657938179
2025-07-05 00:00:00+00:00,0.5725,0.5835,0.5687,0.5755,35696806.4,0.577925,0.6766066666666666,44.24672809120904,-0.021690391316968705,-0.02764662028876834,0.005956228971799635
2025-07-06 00:00:00+00:00,0.5756,0.5931,0.5707,0.5858,54435116.4,0.5757000000000001,0.6751783333333333,46.730626496465455,-0.019424256221837632,-0.026002147475382202,0.00657789125354457
2025-07-07 00:00:00+00:00,0.5858,0.5947,0.5734,0.5805,79484536.9,0.574275,0.6720316666666667,45.60473450643847,-0.017850227230246873,-0.02437176342635514,0.006521536196108266
2025-07-08 00:00:00+00:00,0.5806,0.5921,0.5722,0.5884,72621236.5,0.5734999999999999,0.6688816666666667,47.630142066968354,-0.015783392809709862,-0.022654089303026086,0.006870696493316224
2025-07-09 00:00:00+00:00,0.5883,0.6281,0.584,0.6227,148070206.3,0.574535,0.66525,55.39580816387418,-0.011248028032255442,-0.02037287704887196,0.009124849016616518
2025-07-10 00:00:00+00:00,0.6227,0.6803,0.6173,0.6775,157102169.2,0.5795399999999999,0.6631199999999999,64.46260739954562,-0.0031949869327427827,-0.016937299025646124,0.01374231209290334
2025-07-11 00:00:00+00:00,0.6776,0.7774,0.6681,0.7094,422407397.0,0.5872050000000001,0.6613266666666665,68.47930319647028,0.005695515204285684,-0.012410736179659763,0.01810625138394545
2025-07-12 00:00:00+00:00,0.7094,0.7371,0.6884,0.7089,168298372.1,0.5955550000000001,0.65931,68.34890279349042,0.012556216135526932,-0.007417345716622425,0.01997356185214936
2025-07-13 00:00:00+00:00,0.7089,0.7562,0.7052,0.7367,215053184.2,0.6032750000000001,0.6582783333333334,71.5883809695052,0.02000598220831684,-0.0019326801316345722,0.021938662339951412
2025-07-14 00:00:00+00:00,0.7368,0.7683,0.7212,0.7352,236796029.0,0.61066,0.6578250000000001,71.16514286488218,0.025495046998014748,0.003552865294295292,0.021942181703719456
2025-07-15 00:00:00+00:00,0.7352,0.7495,0.7105,0.7466,193798144.0,0.619635,0.6576216666666668,72.49601437497998,0.03041445619794303,0.008925183475024839,0.02148927272291819
2025-07-16 00:00:00+00:00,0.7467,0.7849,0.7327,0.7644,193963182.7,0.63014,0.6579833333333334,74.47686690190356,0.03534203370560263,0.014208553521140397,0.02113348018446223
2025-07-17 00:00:00+00:00,0.7645,0.8386,0.7401,0.8216,358854772.5,0.643285,0.6590166666666667,79.56906662449413,0.043362876098149594,0.020039418036542238,0.023323458061607356
2025-07-18 00:00:00+00:00,0.8216,0.8955,0.7959,0.8158,392945944.3,0.6558050000000001,0.6602383333333334,77.87249506782662,0.04869016998292974,0.02576956842581974,0.022920601557110003
2025-07-19 00:00:00+00:00,0.8159,0.8372,0.8017,0.8298,111106231.9,0.6684300000000001,0.6616350000000001,79.03452508849959,0.0534259111179235,0.03130083696424049,0.022125074153683005
2025-07-20 00:00:00+00:00,0.8298,0.8786,0.823,0.858,225868721.3,0.68272,0.6631133333333333,81.17861164480456,0.05877697997163167,0.036796065565718725,0.021980914405912946
2025-07-21 00:00:00+00:00,0.858,0.9373,0.8415,0.8891,339104770.6,0.700075,0.6644433333333333,83.21706796192197,0.06478050138155544,0.042392952728886074,0.02238754865266937
2025-07-22 00:00:00+00:00,0.889,0.9096,0.8526,0.9034,280731632.2,0.716045,0.6670483333333334,84.07132718577022,0.06988661643056626,0.04789168546922211,0.021994930961344153
2025-07-23 00:00:00+00:00,0.9035,0.9037,0.7857,0.816,280523266.3,0.726885,0.6682033333333333,62.973426482791496,0.06611862546975633,0.05153707346932896,0.014581552000427371
2025-07-24 00:00:00+00:00,0.816,0.8381,0.7613,0.806,300916507.2,0.738565,0.6689733333333334,61.08458201805322,0.06161528639254332,0.053552716053971834,0.008062570338571488
2025-07-25 00:00:00+00:00,0.8059,0.8187,0.7747,0.8158,184839066.1,0.75058,0.6698966666666666,62.27867080447143,0.05816662715663523,0.054475498274504514,0.0036911288821307175
2025-07-26 00:00:00+00:00,0.8158,0.8387,0.8119,0.8198,104439376.7,0.76228,0.6709216666666666,62.78066891566956,0.05512090693298488,0.05460458000620059,0.0005163269267842927
2025-07-27 00:00:00+00:00,0.8198,0.8394,0.8141,0.832,115390984.0,0.774855,0.6723283333333333,64.3394586942872,0.053079719784165036,0.05429960796179348,-0.001219888177628442
2025-07-28 00:00:00+00:00,0.832,0.8559,0.786,0.7932,176220336.4,0.785095,0.6735133333333334,56.26824357108052,0.04778044529680858,0.05299577542879651,-0.005215330131987925
2025-07-29 00:00:00+00:00,0.7932,0.8099,0.7694,0.7828,126191748.8,0.7931,0.6750783333333333,54.301884968451,0.0422544559372352,0.050847511530484245,-0.008593055593249042
2025-07-30 00:00:00+00:00,0.7829,0.7898,0.7301,0.7634,180444777.0,0.7973950000000001,0.6763716666666666,50.73982365021109,0.03589586648529319,0.04785718252144604,-0.011961316036152844
2025-07-31 00:00:00+00:00,0.7633,0.7893,0.7356,0.7392,135816550.6,0.7988850000000001,0.6772666666666667,46.63063452238989,0.028574511598611685,0.044000648336879174,-0.015426136738267489
2025-08-01 00:00:00+00:00,0.7392,0.7413,0.6962,0.7141,208847677.1,0.799145,0.677675,42.76240415862483,0.020510492680572145,0.03930261720561777,-0.018792124525045625
2025-08-02 00:00:00+00:00,0.7141,0.7278,0.6842,0.6975,128892289.5,0.797185,0.6779050000000001,40.376833360659944,0.012634574808255472,0.03396900872614531,-0.02133443391788984
2025-08-03 00:00:00+00:00,0.6975,0.731,0.6869,0.727,100572763.3,0.796775,0.6789316666666667,46.1284302229911,0.008673276477428882,0.028909862276402028,-0.020236585798973146
2025-08-04 00:00:00+00:00,0.7271,0.7591,0.7251,0.7549,109468445.8,0.79719,0.6810866666666667,50.947886000597016,0.007696495432166772,0.02466718890755498,-0.016970693475388206
2025-08-05 00:00:00+00:00,0.755,0.7601,0.7134,0.7258,116108835.0,0.79526,0.68226,46.295744552036254,0.004522134266423783,0.02063817797932874,-0.016116043712904957
2025-08-06 00:00:00+00:00,0.7258,0.748,0.7107,0.7413,80620550.6,0.7912450000000001,0.68354,48.96867103308431,0.0032200321078910132,0.017154548805041196,-0.013934516697150182
2025-08-07 00:00:00+00:00,0.7413,0.7884,0.734,0.7874,145327737.2,0.789825,0.6854916666666667,55.98532032207872,0.005840663953964986,0.014891771834825955,-0.009051107880860968
2025-08-08 00:00:00+00:00,0.7874,0.8069,0.7759,0.7911,159518548.4,0.78789,0.6869283333333333,56.50226611522018,0.00812246196494637,0.01353790986085004,-0.005415447895903669
2025-08-09 00:00:00+00:00,0.7912,0.8212,0.7898,0.8029,126981193.8,0.785135,0.688365,58.18883728173282,0.010758942321527853,0.012982116352985604,-0.002223174031457751
2025-08-10 00:00:00+00:00,0.8029,0.8344,0.7844,0.8014,135582385.7,0.7807499999999999,0.6900883333333334,57.88160099352701,0.012582293685555745,0.012902151819499634,-0.0003198581339438882
2025-08-11 00:00:00+00:00,0.8015,0.8338,0.7662,0.7728,197965368.1,0.7742199999999999,0.6919466666666666,52.22011882821456,0.011585975880329169,0.012638916631665543,-0.0010529407513363738
2025-08-12 00:00:00+00:00,0.7727,0.8579,0.7658,0.8411,268542746.8,0.7754749999999999,0.6952650000000001,61.82351599674786,0.016121784142555162,0.013335490133843466,0.0027862940087116962
2025-08-13 00:00:00+00:00,0.8411,0.922,0.8334,0.9042,291140557.0,0.780385,0.6999233333333332,68.18556950460888,0.02452537427230428,0.01557346696153563,0.008951907310768649
2025-08-14 00:00:00+00:00,0.9042,1.0193,0.8781,0.9258,901874210.3,0.7858850000000001,0.7047966666666666,70.02694146847651,0.03255296911159711,0.018969367391547927,0.01358360172004918
2025-08-15 00:00:00+00:00,0.9257,0.9643,0.9107,0.9453,417689026.4,0.79216,0.7100466666666667,71.62369804470998,0.040026976816324056,0.023180889276503153,0.016846087539820902
2025-08-16 00:00:00+00:00,0.9452,0.9777,0.9011,0.9211,283543709.0,0.7966150000000001,0.7152483333333333,66.86311960791403,0.04349604864405798,0.02724392115001412,0.016252127494043863
2025-08-17 00:00:00+00:00,0.9211,0.9878,0.9045,0.9609,235922207.4,0.805,0.7211983333333334,70.35318394379689,0.0488932297211252,0.03157378286423634,0.01731944685688886
2025-08-18 00:00:00+00:00,0.961,0.9683,0.8877,0.9236,274717771.5,0.81204,0.7265583333333333,63.593238403580195,0.04958910401545269,0.03517684709447961,0.01441225692097308
2025-08-19 00:00:00+00:00,0.9235,0.9597,0.8437,0.8464,361169288.2,0.81619,0.7310416666666666,52.376021912621304,0.043410782120519076,0.0368236340996875,0.006587148020831574
2025-08-20 00:00:00+00:00,0.8464,0.8925,0.8371,0.8808,272793278.7,0.82327,0.7364533333333333,56.09255617066984,0.04081966630972467,0.03762284054169494,0.0031968257680297305
2025-08-21 00:00:00+00:00,0.8809,0.8926,0.8466,0.8519,147306956.5,0.83016,0.74162,52.39331670217654,0.036018995331925985,0.03730207149974115,-0.0012830761678151656
2025-08-22 00:00:00+00:00,0.8519,0.9426,0.8218,0.9314,373507351.1,0.841855,0.7474383333333333,60.17415189948602,0.038189193336990446,0.037479495867191015,0.0007096974697994307
2025-08-23 00:00:00+00:00,0.9315,0.939,0.8912,0.9143,163214429.0,0.85122,0.7528849999999999,57.97910665881358,0.03809018387273044,0.0376016334682989,0.0004885504044315411
2025-08-24 00:00:00+00:00,0.9142,0.9643,0.8881,0.909,255530384.5,0.8589249999999999,0.7585833333333334,57.28165597428136,0.037155744162866045,0.03751245560721233,-0.0003567114443462846
2025-08-25 00:00:00+00:00,0.909,0.9284,0.8297,0.8371,297471294.0,0.86449,0.7632966666666666,48.7195104446233,0.03026459345954935,0.036062883177679736,-0.005798289718130387
2025-08-26 00:00:00+00:00,0.8372,0.8748,0.8267,0.8663,160655800.8,0.87074,0.7684233333333333,51.866213163203405,0.026849992840602743,0.03422030511026434,-0.0073703122696615955
2025-08-27 00:00:00+00:00,0.8663,0.8784,0.8469,0.8509,157523208.3,0.873915,0.7731816666666667,50.11945630666053,0.022640263092532198,0.03190429670671791,-0.009264033614185714
2025-08-28 00:00:00+00:00,0.8509,0.8799,0.8417,0.8576,132011383.5,0.8772399999999999,0.7778533333333333,50.89430787766433,0.01961850601820314,0.029447138569014958,-0.009828632550811817
2025-08-29 00:00:00+00:00,0.8576,0.8664,0.81,0.8266,201342974.0,0.878425,0.7820933333333334,47.237940163072146,0.014554525335829016,0.02646861592237777,-0.011914090586548753
2025-08-30 00:00:00+00:00,0.8266,0.8444,0.8054,0.8224,81522223.5,0.879475,0.7867666666666667,46.74791857697101,0.010086112831566352,0.023192115304215485,-0.013106002472649134
2025-08-31 00:00:00+00:00,0.8225,0.838,0.8094,0.8113,70084168.9,0.8814,0.7905549999999999,45.407290772895486,0.005584808301656086,0.019670653903703605,-0.014085845602047519
2025-09-01 00:00:00+00:00,0.8112,0.8452,0.7818,0.8014,201302131.6,0.8794150000000001,0.793925,44.190074973396484,0.0012047570796277496,0.015977474538888436,-0.014772717459260686
2025-09-02 00:00:00+00:00,0.8015,0.8356,0.798,0.8349,141486947.7,0.8759500000000001,0.7983,49.15679006147863,0.00043172826374082707,0.012868325283858915,-0.012436597020118088
2025-09-03 00:00:00+00:00,0.8348,0.8437,0.826,0.8366,85339868.5,0.87149,0.8026516666666667,49.402867902359496,-4.32285380365105e-05,0.01028601451947983,-0.01032924305751634
2025-09-04 00:00:00+00:00,0.8367,0.8418,0.8026,0.8093,85090122.5,0.8646899999999998,0.8063766666666667,45.587116455916565,-0.0025926308352920424,0.007710285448525455,-0.010302916283817498
2025-09-05 00:00:00+00:00,0.8093,0.85,0.8046,0.8307,129834408.2,0.8601699999999999,0.8105466666666667,48.91779962532473,-0.002853357639862053,0.005597556830847954,-0.008450914470710006
2025-09-06 00:00:00+00:00,0.8306,0.836,0.8143,0.8184,46572139.5,0.853045,0.81438,47.13203667039242,-0.004006310462361551,0.003676783372206053,-0.0076830938345676045
2025-09-07 00:00:00+00:00,0.8185,0.8418,0.818,0.8351,64778457.0,0.84862,0.8179200000000001,49.810969036237765,-0.003531771386401261,0.0022350724204845906,-0.005766843806885852
2025-09-08 00:00:00+00:00,0.8351,0.8692,0.83,0.8651,133401128.5,0.849555,0.8210466666666666,54.291745448285575,-0.0007265710119432889,0.0016427437339990147,-0.0023693147459423036
2025-09-09 00:00:00+00:00,0.8651,0.8947,0.8525,0.8652,187181932.9,0.8487750000000001,0.8236433333333334,54.30638957122733,0.001487492768751153,0.0016116935409494423,-0.00012420077219828934
2025-09-10 00:00:00+00:00,0.8653,0.8967,0.8596,0.8854,108953413.3,0.85045,0.8265849999999999,57.28353524015786,0.004816602650847823,0.0022526753629291186,0.0025639272879187046
2025-09-11 00:00:00+00:00,0.8854,0.8981,0.8658,0.8939,118050138.7,0.848575,0.829205,58.50858874334682,0.008048052243364023,0.0034117507390161,0.0046363015043479235
2025-09-12 00:00:00+00:00,0.894,0.9181,0.8825,0.9169,146458617.0,0.848705,0.8322333333333333,61.70862098739093,0.012322856884299904,0.005193971968072862,0.007128884916227042
2025-09-13 00:00:00+00:00,0.917,0.954,0.9143,0.9294,207628746.0,0.849725,0.8352799999999999,63.362445721218975,0.016528782379229168,0.007460934050304123,0.009067848328925045
2025-09-14 00:00:00+00:00,0.9294,0.9313,0.8792,0.8879,106703822.7,0.852265,0.8373383333333334,54.8866924990618,0.016325119648712416,0.00923377116998578,0.0070913484787266355
2025-09-15 00:00:00+00:00,0.8878,0.9025,0.8524,0.8632,155293426.6,0.85211,0.8380316666666666,50.55236807039562,0.014009143211427655,0.010188845578274156,0.0038202976331534987
2025-09-16 00:00:00+00:00,0.8631,0.8841,0.853,0.8803,92067486.3,0.85358,0.8391066666666667,53.30177228417187,0.013399085966131374,0.0108308936558456,0.002568192310285775
2025-09-17 00:00:00+00:00,0.8803,0.9197,0.8608,0.9138,154733412.9,0.85639,0.8405066666666666,58.20468416185657,0.015440789423906254,0.011752872809457731,0.0036879166144485227
2025-09-18 00:00:00+00:00,0.9138,0.9386,0.8996,0.9244,163637205.2,0.86128,0.8416133333333333,59.648330900428945,0.01771003527345727,0.01294430530225764,0.004765729971199629
2025-09-19 00:00:00+00:00,0.9244,0.9378,0.8855,0.8904,130832798.9,0.8646799999999999,0.841635,53.290083027659875,0.016573859967282778,0.01367021623526267,0.0029036437320201086
2025-09-20 00:00:00+00:00,0.8904,0.9065,0.8871,0.8931,52678149.5,0.8687699999999999,0.8414633333333333,53.712048244708875,0.015710202847433408,0.014078213557696818,0.0016319892897365892
2025-09-21 00:00:00+00:00,0.8931,0.9026,0.875,0.884,64617792.0,0.8728999999999999,0.8425966666666667,52.0067909117292,0.014128588832196143,0.014088288612596684,4.030021959945847e-05
2025-09-22 00:00:00+00:00,0.8841,0.8877,0.7873,0.8256,262158405.5,0.872435,0.8429233333333332,42.648825676996466,0.008069733534421197,0.012884577596961589,-0.004814844062540392
2025-09-23 00:00:00+00:00,0.8257,0.8295,0.803,0.806,93154647.2,0.8709050000000002,0.8427600000000001,40.04451767282312,0.001667271594176678,0.010641116396404608,-0.00897384480222793
2025-09-24 00:00:00+00:00,0.806,0.8304,0.7901,0.8127,95855704.9,0.871075,0.8426416666666667,41.36266189347962,-0.0028334296022449745,0.00794620719667469,-0.010779636798919665
2025-09-25 00:00:00+00:00,0.8128,0.8144,0.7542,0.7637,212139193.9,0.8677250000000001,0.8415033333333334,35.257568071567206,-0.01023616211109668,0.004309733335120416,-0.014545895446217098
2025-09-26 00:00:00+00:00,0.7637,0.7964,0.7576,0.7919,102424850.1,0.8664,0.8414816666666667,40.68376042180942,-0.013669799693688867,0.0007138267293585595,-0.014383626423047427
2025-09-27 00:00:00+00:00,0.7918,0.7941,0.7766,0.7809,38304292.5,0.8636900000000001,0.84145,39.3001043916807,-0.01708168327328463,-0.002845275271170079,-0.014236408002114552
2025-09-28 00:00:00+00:00,0.781,0.8119,0.7645,0.8086,60982333.7,0.8608650000000001,0.8422033333333334,44.42579164783131,-0.017350461767004388,-0.005746312570336941,-0.011604149196667447
2025-09-29 00:00:00+00:00,0.8086,0.8161,0.788,0.8061,84007858.7,0.8579100000000001,0.8433183333333333,44.064136751395964,-0.017562747347360297,-0.008109599525741612,-0.009453147821618685
2025-09-30 00:00:00+00:00,0.806,0.8132,0.7781,0.8072,88758520.5,0.8539999999999999,0.84487,44.27907556466745,-0.017441173402085175,-0.009975914301010325,-0.00746525910107485
2025-10-01 00:00:00+00:00,0.8073,0.8512,0.7968,0.8508,132642239.2,0.851845,0.8474249999999999,52.130708513874,-0.013669100671147794,-0.01071455157503782,-0.002954549096109973
2025-10-02 00:00:00+00:00,0.8508,0.8778,0.8361,0.8706,134137531.5,0.84953,0.8498183333333333,55.21687569925954,-0.008978512626440227,-0.010367343785318303,0.0013888311588780757
2025-10-03 00:00:00+00:00,0.8706,0.8924,0.8482,0.8655,133631604.9,0.8463350000000001,0.8516616666666667,54.24675475453622,-0.005608068857778314,-0.009415488799810306,0.0038074199420319917
2025-10-04 00:00:00+00:00,0.8655,0.8688,0.8331,0.8395,71672443.0,0.843915,0.8535566666666666,49.47450299465755,-0.004977572242926054,-0.008527905488433456,0.003550333245507402
2025-10-05 00:00:00+00:00,0.8395,0.8826,0.8269,0.8371,149427053.9,0.84261,0.8551533333333333,49.04558714029704,-0.0046183219350739435,-0.007745988777761554,0.00312766684268761
2025-10-06 00:00:00+00:00,0.8372,0.881,0.8317,0.8715,171579610.4,0.84217,0.8565550000000001,55.059540460493636,-0.001540068025103647,-0.006504804627229972,0.004964736602126325
2025-10-07 00:00:00+00:00,0.8716,0.878,0.817,0.8198,170785500.2,0.83747,0.8570333333333334,46.22862015058773,-0.003234996522704092,-0.005850843006324796,0.002615846483620704
2025-10-08 00:00:00+00:00,0.8199,0.8515,0.8079,0.8387,109616497.8,0.833185,0.85763,49.42227942763712,-0.0030183735903658304,-0.005284349123133004,0.002265975532767173
2025-10-09 00:00:00+00:00,0.8387,0.8396,0.7939,0.8152,125624051.5,0.829425,0.8578600000000001,45.78131524929923,-0.00468890122354404,-0.005165259543215211,0.0004763583196711711
2025-10-10 00:00:00+00:00,0.8152,0.8242,0.2737,0.6353,787201148.9,0.816535,0.8555683333333334,28.482416626972295,-0.020295281548985078,-0.008191263944369184,-0.012104017604615894
2025-10-11 00:00:00+00:00,0.6353,0.6832,0.6092,0.6316,419734212.7,0.8039149999999999,0.8520766666666667,28.246019233970998,-0.03258637403702014,-0.013070285962899376,-0.019516088074120762
2025-10-12 00:00:00+00:00,0.6316,0.7095,0.6176,0.7,210806749.0,0.797635,0.8486733333333334,38.42107930201346,-0.03638838240756592,-0.017733905251832684,-0.018654477155733238
2025-10-13 00:00:00+00:00,0.7001,0.736,0.6917,0.7284,243460738.8,0.7937550000000001,0.8453833333333333,42.09280661310032,-0.03668695440833469,-0.021524515083133088,-0.015162439325201605
2025-10-14 00:00:00+00:00,0.7284,0.7334,0.6619,0.6989,291031627.6,0.7880649999999999,0.8412766666666667,39.460768093031355,-0.038856069743315014,-0.024990826015169477,-0.013865243728145536
2025-10-15 00:00:00+00:00,0.6988,0.716,0.6575,0.6684,160075781.5,0.7832999999999999,0.8370650000000001,36.89225344337607,-0.04254576329928739,-0.028501813471993064,-0.014043949827294323
2025-10-16 00:00:00+00:00,0.6685,0.6847,0.6332,0.6453,200052556.0,0.7759699999999999,0.8318049999999999,35.03238168221533,-0.04679443188816279,-0.03216033715522701,-0.014634094732935782
2025-10-17 00:00:00+00:00,0.6452,0.656,0.5923,0.6245,268779633.7,0.76815,0.82682,33.399610747463356,-0.05124915021975274,-0.035978099768132155,-0.015271050451620582
2025-10-18 00:00:00+00:00,0.6246,0.6409,0.623,0.6343,59384501.9,0.7594350000000001,0.823285,34.938222152886055,-0.053373511873052504,-0.03945718218911623,-0.013916329683936274
2025-10-19 00:00:00+00:00,0.6342,0.6652,0.6225,0.6528,109620437.0,0.7517699999999999,0.819485,37.85683111471352,-0.052953869158423705,-0.042156519582977725,-0.01079734957544598
2025-10-20 00:00:00+00:00,0.6527,0.676,0.6391,0.6625,144735122.7,0.744535,0.8163283333333333,39.39202919363854,-0.05124783718361836,-0.043974783103105854,-0.007273054080512507
2025-10-21 00:00:00+00:00,0.6626,0.6855,0.6369,0.6428,154145939.3,0.734135,0.8115183333333333,37.372710813527476,-0.05089869148046744,-0.04535956477857817,-0.005539126701889267
2025-10-22 00:00:00+00:00,0.6428,0.6468,0.6061,0.6238,155613632.5,0.721795,0.8066766666666667,35.48343998126616,-0.051560771724660115,-0.046599806167794564,-0.004960965556865551
2025-10-23 00:00:00+00:00,0.6238,0.654,0.6227,0.6428,93548863.2,0.7106600000000001,0.80224,38.814429866445,-0.04997623890487202,-0.047275092715210056,-0.0027011461896619612
2025-10-24 00:00:00+00:00,0.6429,0.6643,0.6387,0.656,99367742.5,0.701485,0.7992216666666667,41.09002987640164,-0.047112274571364354,-0.047242529086440915,0.00013025451507656105
2025-10-25 00:00:00+00:00,0.6559,0.6595,0.648,0.6542,40616598.0,0.6923400000000001,0.7956866666666667,40.86682633275005,-0.04447512559700517,-0.04668904838855377,0.0022139227915485976
2025-10-26 00:00:00+00:00,0.6542,0.6884,0.6466,0.6812,92318117.5,0.682825,0.7928583333333333,45.63709890935852,-0.03974829804618818,-0.045300898320080656,0.005552600273892476
2025-10-27 00:00:00+00:00,0.6812,0.6938,0.6634,0.667,95122618.6,0.675185,0.7896816666666666,43.643047547896686,-0.03672473460271397,-0.04358566557660732,0.006860930973893349
2025-10-28 00:00:00+00:00,0.6669,0.6755,0.6359,0.6459,116651079.9,0.665545,0.7866700000000001,40.79097117446805,-0.03562052125409221,-0.0419926367121043,0.006372115458012091
2025-10-29 00:00:00+00:00,0.6459,0.6604,0.6252,0.6401,139267473.1,0.6567900000000001,0.7836316666666666,40.01683206595187,-0.03481214303219071,-0.04055653797612158,0.005744394943930871
2025-10-30 00:00:00+00:00,0.6401,0.6486,0.5864,0.6016,164661705.0,0.655105,0.7801366666666667,35.23643137914249,-0.03685330376395235,-0.03981589113368774,0.0029625873697353908
2025-10-31 00:00:00+00:00,0.6016,0.62,0.5978,0.6091,99474430.0,0.65398,0.7769316666666667,36.81982054063976,-0.03743423249950417,-0.03933955940685103,0.0019053269073468562
2025-11-01 00:00:00+00:00,0.6091,0.6178,0.6033,0.6128,44683725.3,0.64962,0.77323,37.629956827594924,-0.037167618460412166,-0.03890517121756326,0.0017375527571510951
2025-11-02 00:00:00+00:00,0.6129,0.6189,0.5922,0.6106,53815345.4,0.6437299999999999,0.7694633333333333,37.32350284754868,-0.03671066878921003,-0.03846627073189262,0.0017556019426825872
2025-11-03 00:00:00+00:00,0.6105,0.6122,0.5259,0.5528,237564733.8,0.6364249999999999,0.7651883333333332,30.333937434319466,-0.04054513079850508,-0.03888204274521511,-0.0016630880532899697
2025-11-04 00:00:00+00:00,0.5529,0.5633,0.4898,0.5208,336980946.9,0.6290450000000001,0.7600233333333333,27.287209173398054,-0.04563999270551977,-0.040233632737276044,-0.005406359968243728
2025-11-05 00:00:00+00:00,0.5208,0.5503,0.4947,0.5453,165359661.8,0.624045,0.7554716666666668,32.84833248702972,-0.047157163798416946,-0.04161833894950422,-0.005538824848912723
2025-11-06 00:00:00+00:00,0.5453,0.5456,0.5168,0.5318,121971447.1,0.61941,0.7504166666666666,31.422260327873943,-0.0488853501099642,-0.04307174118159622,-0.005813608928367978
2025-11-07 00:00:00+00:00,0.5319,0.5863,0.5196,0.5763,194941325.4,0.61651,0.7456033333333334,40.57969768200359,-0.04613238667758701,-0.04368387028079438,-0.0024485163967926313
2025-11-08 00:00:00+00:00,0.5763,0.5932,0.5539,0.5688,99118952.0,0.61231,0.7406633333333333,39.61944589762079,-0.044048071889512874,-0.043756710602538086,-0.0002913612869747881
2025-11-09 00:00:00+00:00,0.5688,0.5844,0.5478,0.579,91372351.7,0.6081350000000001,0.7355566666666667,41.64200071765872,-0.041099414185015726,-0.04322525131903362,0.0021258371340178925
2025-11-10 00:00:00+00:00,0.5789,0.6031,0.5737,0.5928,102827832.8,0.605635,0.7305383333333333,44.35764158061215,-0.037219988186506514,-0.0420241986925282,0.004804210506021686
2025-11-11 00:00:00+00:00,0.5929,0.6069,0.5535,0.5564,115705244.7,0.602265,0.72453,39.17882712161343,-0.03666009615705912,-0.04095137818543439,0.004291282028375268
2025-11-12 00:00:00+00:00,0.5565,0.5809,0.5394,0.5458,99390469.3,0.597415,0.7181366666666666,37.79498899243564,-0.03664923948262522,-0.040090950444872556,0.003441710962247338
2025-11-13 00:00:00+00:00,0.5457,0.5716,0.5144,0.5298,149664298.1,0.591105,0.7121683333333333,35.74278266093968,-0.03749943166667136,-0.03957264668923232,0.0020732150225609633
2025-11-14 00:00:00+00:00,0.5298,0.5336,0.4901,0.4984,190803666.2,0.583315,0.7060883333333333,32.06328018962853,-0.04024303600839785,-0.039706724553065426,-0.0005363114553324222
2025-11-15 00:00:00+00:00,0.4984,0.5154,0.4979,0.5036,109102128.6,0.574435,0.6998099999999999,33.28807293016172,-0.04151915865780287,-0.04006921137401292,-0.00144994728378995
2025-11-16 00:00:00+00:00,0.5035,0.5093,0.4735,0.4845,174030140.6,0.56531,0.692655,31.072200532581505,-0.04356946376878634,-0.0407692618529676,-0.0028002019158187424
2025-11-17 00:00:00+00:00,0.4845,0.4997,0.4576,0.4663,224051283.6,0.55633,0.68502,29.085401838783497,-0.0461311619182031,-0.0418416418660147,-0.0042895200521883975
2025-11-18 00:00:00+00:00,0.4664,0.4823,0.4562,0.4752,195617142.5,0.5480849999999999,0.6781,31.395537698359306,-0.04690250762594328,-0.04285381501800042,-0.004048692607942862
2025-11-19 00:00:00+00:00,0.4752,0.4775,0.4381,0.464,189011037.1,0.5412049999999999,0.6709483333333334,30.068081225678227,-0.0478657840906862,-0.043856208832537574,-0.004009575258148629
2025-11-20 00:00:00+00:00,0.464,0.4722,0.4288,0.4324,181640032.0,0.53237,0.6634216666666667,26.644967679470625,-0.05059580657342572,-0.045204128380715206,-0.005391678192710511
2025-11-21 00:00:00+00:00,0.4323,0.4397,0.3876,0.4091,451803309.8,0.522185,0.6564800000000001,24.43595397314158,-0.05401681214738491,-0.04696666513404915,-0.007050147013335756
2025-11-22 00:00:00+00:00,0.4091,0.4132,0.3907,0.4046,98873706.6,0.511885,0.64979,24.021736056809587,-0.056440485321884226,-0.04886142917161617,-0.007579056150268056
2025-11-23 00:00:00+00:00,0.4045,0.4185,0.4016,0.4085,112961442.4,0.5046700000000001,0.6430533333333333,25.2050732073926,-0.0573850670361285,-0.050566156744518635,-0.006818910291609866
2025-11-24 00:00:00+00:00,0.4085,0.4342,0.402,0.4276,156866959.4,0.50001,0.6374516666666666,30.88260939172521,-0.05594751633320166,-0.05164242866225524,-0.0043050876709464225
2025-11-25 00:00:00+00:00,0.4276,0.4291,0.4046,0.4218,116535814.5,0.49383499999999997,0.6312833333333334,30.134557210786525,-0.05464632969890626,-0.05224320886958545,-0.002403120829320808
2025-11-26 00:00:00+00:00,0.4219,0.4373,0.4104,0.4356,94689425.9,0.489025,0.6255283333333332,34.217418218471195,-0.05190327658429983,-0.05217522241252833,0.0002719458282285023
2025-11-27 00:00:00+00:00,0.4357,0.439,0.4265,0.4331,69670175.5,0.481865,0.61927,33.83169872299473,-0.049362100764203054,-0.05161259808286328,0.0022504973186602273
2025-11-28 00:00:00+00:00,0.433,0.4371,0.4148,0.4199,102762431.4,0.47442,0.6128333333333332,31.79378765793126,-0.047861611437754525,-0.05086240075384153,0.0030007893160870075
2025-11-29 00:00:00+00:00,0.42,0.422,0.4114,0.4147,51363457.3,0.466205,0.6062916666666668,31.001543873392976,-0.0465553977325569,-0.05000100014958461,0.00344560241702771
2025-11-30 00:00:00+00:00,0.4147,0.4274,0.4135,0.4143,62005649.0,0.45728,0.5990166666666668,30.937681410223064,-0.04503337391529316,-0.049007474902726327,0.003974100987433164
2025-12-01 00:00:00+00:00,0.4142,0.4158,0.3707,0.3856,209371176.8,0.44874,0.5909333333333334,26.689446705907756,-0.0456171629597128,-0.04832941251412362,0.0027122495544108227
2025-12-02 00:00:00+00:00,0.3856,0.439,0.3848,0.4335,160318643.2,0.44312499999999994,0.5837333333333333,41.2014041069251,-0.041733611208648824,-0.04701025225302867,0.005276641044379846
2025-12-03 00:00:00+00:00,0.4335,0.4541,0.4265,0.4499,130407203.4,0.43913,0.57724,45.20107754947656,-0.03690708364062267,-0.044989618530547476,0.008082534889924803
2025-12-04 00:00:00+00:00,0.45,0.4558,0.4346,0.4394,103549487.3,0.43617999999999996,0.5706116666666667,43.17605140066331,-0.033542629464640705,-0.04270022071736612,0.009157591252725417
2025-12-05 00:00:00+00:00,0.4394,0.4429,0.4091,0.4157,97619818.2,0.431785,0.5630149999999999,38.9359490264108,-0.0324150071961119,-0.04064317801311528,0.008228170817003382
2025-12-06 00:00:00+00:00,0.4156,0.4213,0.4099,0.4138,47479004.2,0.42824999999999996,0.5562483333333332,38.60860272139714,-0.0313137076159698,-0.03877728393368619,0.0074635763177163875
2025-12-07 00:00:00+00:00,0.4138,0.435,0.4057,0.4173,104457360.3,0.4258,0.549225,39.615719202799774,-0.029814812416531222,-0.0369847896302552,0.007169977213723977
2025-12-08 00:00:00+00:00,0.4174,0.4414,0.4144,0.4328,105431201.3,0.42368000000000006,0.5428516666666666,43.9972874939182,-0.027064227147266917,-0.035000677133657544,0.007936449986390627
2025-12-09 00:00:00+00:00,0.4328,0.4842,0.4239,0.4697,256310735.2,0.42396500000000004,0.5400916666666667,52.781404351585394,-0.021657196213828944,-0.03233198094969182,0.010674784735862877
2025-12-10 00:00:00+00:00,0.4697,0.4761,0.4522,0.4536,188573523.4,0.42502500000000004,0.537125,49.158383538557196,-0.018458443246447853,-0.02955727340904303,0.011098830162595177
2025-12-11 00:00:00+00:00,0.4536,0.455,0.4093,0.4255,255024361.1,0.425845,0.5325500000000001,43.540778464534036,-0.017983540571189782,-0.02724252684147238,0.009258986270282599
2025-12-12 00:00:00+00:00,0.4255,0.4293,0.4035,0.4091,145597966.3,0.42607,0.5272283333333333,40.62302820359781,-0.018714787300589397,-0.025536978933295786,0.006822191632706389
2025-12-13 00:00:00+00:00,0.409,0.4157,0.4061,0.4105,43464503.1,0.42617000000000005,0.5224216666666667,40.98658439881835,-0.01896274656378749,-0.02422213245939413,0.005259385895606639
2025-12-14 00:00:00+00:00,0.4106,0.4116,0.3915,0.3963,93578123.8,0.424605,0.5178866666666667,38.417227046913425,-0.020073680498614632,-0.023392442067238232,0.0033187615686235995
2025-12-15 00:00:00+00:00,0.3963,0.4077,0.3773,0.3882,116687959.6,0.42292500000000005,0.5136016666666666,36.99267008278934,-0.021361464288024934,-0.022986246511395574,0.0016247822233706397
2025-12-16 00:00:00+00:00,0.3882,0.3916,0.3775,0.3859,94171731.2,0.42044,0.509625,36.577906939592225,-0.022310451994394576,-0.022851087607995375,0.0005406356136007998
2025-12-17 00:00:00+00:00,0.3859,0.4001,0.3639,0.3673,134900622.2,0.41715,0.505175,33.32395722186034,-0.024283471399733803,-0.023137564366343063,-0.0011459070333907397
2025-12-18 00:00:00+00:00,0.3673,0.3794,0.3468,0.3514,154461800.5,0.413725,0.5001516666666667,30.80145218036344,-0.026820925675714813,-0.023874236628217416,-0.0029466890474973972
2025-12-19 00:00:00+00:00,0.3513,0.3809,0.3466,0.3767,111249233.9,0.411825,0.4953883333333334,38.74679065730785,-0.026485074459737468,-0.024396404194521427,-0.002088670265216041
2025-12-20 00:00:00+00:00,0.3767,0.3806,0.3723,0.373,45059247.6,0.40976,0.4908916666666666,38.058560550134274,-0.02621527564995757,-0.024760178485608658,-0.001455097164348912
2025-12-21 00:00:00+00:00,0.3731,0.3747,0.3576,0.3662,80041766.8,0.40879000000000004,0.48659833333333335,36.766042295693495,-0.026247595378478095,-0.025057661864182547,-0.0011899335142955478
2025-12-22 00:00:00+00:00,0.3662,0.3822,0.3619,0.3711,115017172.4,0.40567000000000003,0.48207,38.38975472616639,-0.02558291601616819,-0.02516271269457968,-0.00042020332158851023
2025-12-23 00:00:00+00:00,0.3712,0.3744,0.3552,0.3628,87389611.9,0.40131500000000003,0.47718333333333335,36.67200419155847,-0.025432720891667093,-0.025216714333997164,-0.00021600655766992882
2025-12-24 00:00:00+00:00,0.3629,0.3652,0.3523,0.3566,80682772.1,0.397175,0.47222333333333333,35.39785585412197,-0.025519801966298272,-0.02527733186045739,-0.00024247010584088277
2025-12-25 00:00:00+00:00,0.3566,0.3614,0.3393,0.3434,117381757.3,0.39356,0.4665933333333333,32.78604734161951,-0.026350195378430363,-0.025491904564051985,-0.0008582908143783784
2025-12-26 00:00:00+00:00,0.3434,0.3584,0.3418,0.3496,118134191.4,0.39035000000000003,0.46130333333333334,35.204360821120886,-0.026205914486187143,-0.02563470654847902,-0.0005712079377081236
2025-12-27 00:00:00+00:00,0.3496,0.3711,0.3488,0.37,74514742.1,0.38798499999999997,0.456705,42.53107718251375,-0.02416688057361832,-0.02534114135350688,0.0011742607798885599
2025-12-28 00:00:00+00:00,0.3699,0.3771,0.3614,0.3688,89973452.1,0.384785,0.4521833333333333,42.228590714589295,-0.022389667330738328,-0.02475084654895317,0.0023611792182148435
2025-12-29 00:00:00+00:00,0.3689,0.3847,0.3506,0.3532,153538418.7,0.37896,0.44804333333333335,38.404647875551994,-0.021986555333259716,-0.02419798830581448,0.002211432972554765
2025-12-30 00:00:00+00:00,0.3531,0.3568,0.3481,0.3514,95781881.0,0.37385,0.4437483333333333,37.97731952899412,-0.02156375755365958,-0.0236711421553835,0.002107384601723921
2025-12-31 00:00:00+00:00,0.3513,0.3538,0.3294,0.3335,132046715.5,0.36924999999999997,0.4390933333333333,33.93366626586699,-0.02241468513313344,-0.023419850750933488,0.0010051656178000495
2026-01-01 00:00:00+00:00,0.3336,0.361,0.332,0.3565,105331508.2,0.36662000000000006,0.43485833333333335,42.417626946090785,-0.020991170443169838,-0.02293411468938076,0.0019429442462109217
2026-01-02 00:00:00+00:00,0.3565,0.3963,0.3544,0.3949,213113134.6,0.36584000000000005,0.43222666666666665,53.21894033702665,-0.016573417675327495,-0.021661975286570108,0.005088557611242613
2026-01-03 00:00:00+00:00,0.3949,0.3992,0.3826,0.3893,98584928.3,0.36549,0.43003500000000006,51.69599133036074,-0.0133700681543647,-0.020003593860129027,0.006633525705764327
2026-01-04 00:00:00+00:00,0.3893,0.4055,0.3887,0.4007,120743425.5,0.366115,0.427625,54.547523019774786,-0.00979855422022724,-0.01796258593214867,0.00816403171192143
2026-01-05 00:00:00+00:00,0.4006,0.425,0.3939,0.4211,181780250.1,0.367875,0.42578,59.19020985145945,-0.005261344679575675,-0.015422337681634073,0.010160993002058399
2026-01-06 00:00:00+00:00,0.4211,0.4374,0.4011,0.4194,188828806.9,0.37048000000000003,0.423165,58.65255667086871,-0.0017822050716057025,-0.0126943111596284,0.010912106088022698
2026-01-07 00:00:00+00:00,0.4194,0.4228,0.3976,0.4022,96467278.0,0.37302,0.42038833333333336,53.37033660808546,-0.000408153184203508,-0.010237079564543422,0.009828926380339914
2026-01-08 00:00:00+00:00,0.4023,0.4049,0.3849,0.3956,113377671.4,0.373965,0.41733166666666666,51.45537333883856,0.00014653878665810138,-0.008160355894303117,0.008306894680961218
2026-01-09 00:00:00+00:00,0.3957,0.4052,0.3874,0.3914,84580864.7,0.374885,0.413975,50.22047457210323,0.0002444138203911983,-0.006479401951364254,0.006723815771755452
2026-01-10 00:00:00+00:00,0.3914,0.3925,0.3846,0.3886,37390635.7,0.376005,0.4111783333333333,49.36981547341413,9.494937308363038e-05,-0.005164531686474677,0.005259481059558308
2026-01-11 00:00:00+00:00,0.3886,0.3972,0.3839,0.391,71303670.7,0.377,0.4085983333333333,50.14925828726165,0.0001682185454427998,-0.004097981640091182,0.004266200185533982
2026-01-12 00:00:00+00:00,0.391,0.4036,0.3815,0.3862,130152762.6,0.37817,0.40620500000000004,48.53977243988378,-0.00015919983570533702,-0.003310225279214013,0.003151025443508676
2026-01-13 00:00:00+00:00,0.3862,0.4267,0.385,0.4218,161630853.6,0.38143000000000005,0.40492833333333333,59.039563714844384,0.0024259760746282444,-0.0021629850084455616,0.0045889610830738056
2026-01-14 00:00:00+00:00,0.4219,0.4273,0.4097,0.4143,148337662.9,0.384975,0.40343999999999997,56.42743127453681,0.0038254617471160657,-0.0009652956573332361,0.004790757404449302
2026-01-15 00:00:00+00:00,0.4144,0.4144,0.3891,0.3936,137830356.8,0.38717499999999994,0.401925,49.869313543704735,0.003227047823884388,-0.0001268269610897113,0.0033538747849740994
2026-01-16 00:00:00+00:00,0.3937,0.3987,0.3788,0.3955,104596038.2,0.38845,0.400745,50.438690180392,0.0028729964843281497,0.0004731377279938609,0.002399858756334289
2026-01-17 00:00:00+00:00,0.3956,0.4042,0.3935,0.3973,50553374.0,0.389875,0.39944666666666667,51.00641618479016,0.0027064548765923235,0.0009198011577135534,0.0017866537188787701
2026-01-18 00:00:00+00:00,0.3973,0.3988,0.3747,0.3758,79257525.2,0.391005,0.39797666666666665,44.45589299520759,0.0008300310542739275,0.0009018471370256284,-7.181608275170083e-05
2026-01-19 00:00:00+00:00,0.3757,0.3757,0.3421,0.3703,259117950.3,0.39195,0.3969416666666667,42.936781742777946,-0.0010883070521495175,0.0005038162991905992,-0.0015921233513401167
2026-01-20 00:00:00+00:00,0.3703,0.3706,0.3467,0.3507,175909563.5,0.39281,0.3959683333333333,37.95882551022383,-0.004142408907015116,-0.0004254287420505439,-0.0037169801649645723
2026-01-21 00:00:00+00:00,0.3506,0.3739,0.3466,0.3659,147138456.5,0.39327999999999996,0.39532333333333336,43.435739238753236,-0.005275481198923904,-0.0013954392334252158,-0.003880041965498688
2026-01-22 00:00:00+00:00,0.366,0.369,0.3554,0.3594,71544610.9,0.391505,0.394505,41.73886004366499,-0.006621614975218015,-0.002440674381783776,-0.004180940593434239
2026-01-23 00:00:00+00:00,0.3594,0.3707,0.3525,0.3602,75367610.2,0.39005,0.39338166666666663,42.03898423941075,-0.007537000526727955,-0.0034599396107726117,-0.004077060915955343
2026-01-24 00:00:00+00:00,0.3603,0.3625,0.3564,0.3583,26339863.7,0.38793,0.39232333333333336,41.49229840428199,-0.008319858146552284,-0.004431923317928546,-0.0038879348286237373
2026-01-25 00:00:00+00:00,0.3583,0.3603,0.3327,0.3391,113052719.9,0.38383,0.39071500000000003,36.34828757845427,-0.010370018866966813,-0.0056195424277362,-0.004750476439230613
2026-01-26 00:00:00+00:00,0.339,0.3584,0.3388,0.3521,92774867.3,0.380465,0.389365,41.62527474325528,-0.010821056253422945,-0.00665984519287355,-0.004161211060549395
2026-01-27 00:00:00+00:00,0.3521,0.3636,0.3476,0.3608,97654476.3,0.37839500000000004,0.38837999999999995,44.916503217443434,-0.010357099148755544,-0.007399295984049949,-0.002957803164705595
2026-01-28 00:00:00+00:00,0.3607,0.365,0.3546,0.3583,90291773.3,0.37653,0.38743999999999995,44.14625188465511,-0.010075000572178472,-0.007934436901675654,-0.002140563670502818
2026-01-29 00:00:00+00:00,0.3583,0.3592,0.3272,0.3347,144899415.3,0.373695,0.38611333333333336,37.59257183082333,-0.011621789430163065,-0.008671907407373136,-0.002949882022789929
2026-01-30 00:00:00+00:00,0.3346,0.3359,0.3161,0.3208,174442171.4,0.370305,0.38503333333333334,34.357387622566776,-0.013810050906587934,-0.009699536107216097,-0.004110514799371837
2026-01-31 00:00:00+00:00,0.3208,0.3224,0.2685,0.2936,435875676.7,0.365435,0.38270166666666666,29.08296995412846,-0.01753692185356931,-0.011267013256486741,-0.0062699085970825685
2026-02-01 00:00:00+00:00,0.2937,0.2992,0.279,0.2858,183603922.4,0.360415,0.3799666666666666,27.76657248540309,-0.020879206249596716,-0.013189451855108737,-0.007689754394487979
2026-02-02 00:00:00+00:00,0.2859,0.3034,0.2757,0.2991,218106614.9,0.35428000000000004,0.37762833333333334,33.30967416175301,-0.0221988968020444,-0.014991340844495871,-0.0072075559575485275
2026-02-03 00:00:00+00:00,0.2991,0.305,0.2817,0.2917,178853176.9,0.34815,0.3755616666666667,31.845388094449405,-0.02357017690094737,-0.016707108055786173,-0.006863068845161198
2026-02-04 00:00:00+00:00,0.2917,0.3027,0.2803,0.2864,171757424.1,0.34279000000000004,0.37343833333333337,30.801029577837838,-0.024798727669022913,-0.01832543197843352,-0.006473295690589392
2026-02-05 00:00:00+00:00,0.2864,0.2899,0.2436,0.2455,468424079.2,0.33529,0.370575,24.20431152505705,-0.028741338924135995,-0.02040861336757402,-0.008332725556561976
2026-02-06 00:00:00+00:00,0.2455,0.2843,0.2205,0.2762,683935774.3,0.329235,0.367965,35.38998815911785,-0.029053739891257202,-0.022137638672310656,-0.006916101218946546
2026-02-07 00:00:00+00:00,0.2761,0.2798,0.2656,0.2721,472274318.2,0.32405,0.36467166666666667,34.654447139635536,-0.02929446725989915,-0.023569004389828355,-0.005725462870070794
2026-02-08 00:00:00+00:00,0.2722,0.2766,0.267,0.2701,266592420.2,0.31904,0.36161333333333334,34.28016406012553,-0.02930877540046023,-0.024716958591954732,-0.004591816808505497
2026-02-09 00:00:00+00:00,0.2701,0.274,0.2596,0.2699,167317249.6,0.315,0.35902,34.24033831135287,-0.029001936759584013,-0.02557395422548059,-0.0034279825341034242
2026-02-10 00:00:00+00:00,0.27,0.2705,0.2597,0.262,93925925.1,0.309805,0.3565683333333334,32.62786868446591,-0.0290612291434037,-0.026271409209065212,-0.0027898199343384875
2026-02-11 00:00:00+00:00,0.2619,0.2648,0.2504,0.2559,104876034.0,0.30463,0.3539916666666667,31.398315628059137,-0.02926311087838035,-0.02686974954292824,-0.0023933613354521106
2026-02-12 00:00:00+00:00,0.2559,0.2696,0.2559,0.2643,111146004.7,0.299835,0.35179166666666667,35.02918810740212,-0.02841771211372235,-0.027179342057087063,-0.0012383700566352858
2026-02-13 00:00:00+00:00,0.2643,0.2747,0.2582,0.2728,101650803.2,0.29556,0.34986833333333334,38.57214517271958,-0.026753451405073236,-0.0270941639266843,0.00034071252161106333
2026-02-14 00:00:00+00:00,0.2729,0.3007,0.2727,0.295,111883698.3,0.293355,0.34835333333333335,46.74096995097796,-0.02337372063442139,-0.02635007526823172,0.0029763546338103276
2026-02-15 00:00:00+00:00,0.2949,0.302,0.2775,0.2818,145050167.4,0.28984,0.34692833333333334,43.07316170213661,-0.021512407687222068,-0.025382541752029787,0.003870134064807719
2026-02-16 00:00:00+00:00,0.2818,0.2892,0.2769,0.2858,77055678.7,0.28609,0.345835,44.49455810000995,-0.019489870105374008,-0.024204007422698633,0.004714137317324625
2026-02-17 00:00:00+00:00,0.2859,0.2899,0.2773,0.2811,75061039.2,0.28223,0.34424166666666667,43.13180149875904,-0.018058082881927506,-0.022974822514544406,0.0049167396326169
2026-02-18 00:00:00+00:00,0.2811,0.2874,0.2714,0.2735,80666064.4,0.27917000000000003,0.3425833333333334,40.947850340654796,-0.01733678995322241,-0.021847216002280005,0.004510426049057596
2026-02-19 00:00:00+00:00,0.2735,0.2774,0.267,0.2729,77148345.8,0.276775,0.3410283333333333,40.77232768901341,-0.01662196740277566,-0.020802166282379138,0.004180198879603476
2026-02-20 00:00:00+00:00,0.273,0.2938,0.2699,0.2849,122779232.8,0.27634,0.3395916666666666,45.778315085848796,-0.014915232157807101,-0.01962477945746473,0.00470954729965763
2026-02-21 00:00:00+00:00,0.2849,0.2865,0.279,0.28,50536615.3,0.27605,0.3382116666666667,44.13781799768249,-0.013798955459808304,-0.018459614657933446,0.004660659198125142
2026-02-22 00:00:00+00:00,0.2799,0.2802,0.2688,0.2717,50269610.6,0.27468,0.33679666666666663,41.42954453438579,-0.013429234907703202,-0.0174535387078874,0.004024303800184197
2026-02-23 00:00:00+00:00,0.2717,0.2755,0.2571,0.2623,124604795.7,0.27321,0.335445,38.54495735493497,-0.013736385644285198,-0.01671010809516696,0.0029737224508817606
2026-02-24 00:00:00+00:00,0.2623,0.2646,0.2536,0.2587,92728975.2,0.27182500000000004,0.33392999999999995,37.468976194497024,-0.014107670288111107,-0.01618962053375579,0.0020819502456446842
2026-02-25 00:00:00+00:00,0.2587,0.3136,0.2579,0.2971,327144352.4,0.274405,0.33271500000000004,52.651837747889395,-0.011174543780702872,-0.015186605183145208,0.0040120614024423355
2026-02-26 00:00:00+00:00,0.2971,0.301,0.2822,0.287,163971345.3,0.274945,0.33135166666666666,49.26370807666792,-0.00955486296970548,-0.014060256740457263,0.0045053937707517835
2026-02-27 00:00:00+00:00,0.287,0.2963,0.2726,0.2776,106326378.8,0.27522,0.3300916666666666,46.27887243922924,-0.008926852499895999,-0.01303357589234501,0.004106723392449012
2026-02-28 00:00:00+00:00,0.2776,0.2843,0.2594,0.281,194232341.4,0.275765,0.3289183333333333,47.51750792766282,-0.008061865920986677,-0.012039233898073345,0.0039773679770866675
2026-03-01 00:00:00+00:00,0.281,0.2922,0.2691,0.2735,150933797.8,0.275945,0.32791833333333337,45.04999101651576,-0.007890587365761537,-0.011209504591610985,0.003318917225849448
2026-03-02 00:00:00+00:00,0.2735,0.2887,0.2685,0.2771,148447901.5,0.2767,0.326595,46.486459454936444,-0.00737929405479304,-0.010443462484247396,0.0030641684294543566
2026-03-03 00:00:00+00:00,0.2771,0.2771,0.2604,0.2625,202430461.2,0.27703,0.32438833333333333,41.72283841466067,-0.008059285972925434,-0.009966627181983004,0.0019073412090575698
2026-03-04 00:00:00+00:00,0.2626,0.285,0.2584,0.2763,296011815.1,0.27763,0.32250499999999993,47.227484991980674,-0.007399344758095616,-0.009453170697205526,0.00205382593910991
2026-03-05 00:00:00+00:00,0.2763,0.278,0.2651,0.2692,147095502.8,0.27745000000000003,0.32031333333333334,44.878741113316295,-0.00736435554695436,-0.009035407667155293,0.0016710521202009335
2026-03-06 00:00:00+00:00,0.2691,0.272,0.2555,0.259,131627808.6,0.27565000000000006,0.3176116666666667,41.67235791940795,-0.008066693281280068,-0.008841664789980249,0.0007749715087001802
2026-03-07 00:00:00+00:00,0.259,0.261,0.2517,0.2544,98383927.6,0.27427999999999997,0.31486166666666665,40.27486009273973,-0.008891981326335507,-0.0088517280972513,-4.0253229084206976e-05
2026-03-08 00:00:00+00:00,0.2545,0.2574,0.2458,0.2493,112913739.4,0.272455,0.3123133333333333,38.724316930089095,-0.00984407901033807,-0.009050198279868655,-0.0007938807304694144
2026-03-09 00:00:00+00:00,0.2493,0.2629,0.2489,0.2552,138499675.5,0.27116,0.3099733333333334,41.52883403322824,-0.010007185982017164,-0.009241595820298357,-0.0007655901617188068
2026-03-10 00:00:00+00:00,0.2551,0.2739,0.255,0.2621,189954647.3,0.27059,0.30781833333333336,44.71562861338713,-0.009470506988523364,-0.009287378053943359,-0.00018312893458000482
2026-03-11 00:00:00+00:00,0.262,0.2679,0.2566,0.2626,148385303.3,0.270075,0.3057183333333333,44.94976939043116,-0.008902219948167533,-0.009210346432788195,0.0003081264846206619
2026-03-12 00:00:00+00:00,0.2626,0.2659,0.258,0.2636,86072959.5,0.26900999999999997,0.303595,45.44739741838954,-0.00827575893423449,-0.009023428933077456,0.0007476699988429661
2026-03-13 00:00:00+00:00,0.2635,0.2816,0.2629,0.2656,192614226.1,0.26829,0.301585,46.48923855309717,-0.007531087097856881,-0.00872496056603334,0.0011938734681764592
2026-03-14 00:00:00+00:00,0.2656,0.2666,0.2585,0.2634,97657453.0,0.267875,0.298945,45.46074877644474,-0.007037328968525602,-0.008387434246531792,0.00135010527800619
2026-03-15 00:00:00+00:00,0.2634,0.272,0.2612,0.2702,86867872.4,0.26826999999999995,0.2965433333333333,49.201584424483144,-0.006027833807727312,-0.007915514158770896,0.001887680351043584
2026-03-16 00:00:00+00:00,0.2702,0.2936,0.2687,0.2904,335341606.9,0.269855,0.2948233333333334,58.34232916147972,-0.0035568295215436807,-0.007043777231325453,0.003486947709781772
2026-03-17 00:00:00+00:00,0.2904,0.2932,0.2819,0.2891,157227352.9,0.269455,0.29305,57.623692833791715,-0.0016840275363965151,-0.005971827292339665,0.00428779975594315
2026-03-18 00:00:00+00:00,0.2891,0.2955,0.2696,0.2742,148954788.5,0.268815,0.29099833333333336,50.01890376022428,-0.0013861453253963263,-0.0050546908989509975,0.0036685455735546713
2026-03-19 00:00:00+00:00,0.2743,0.2767,0.2625,0.2675,106763798.4,0.26831,0.28919333333333336,47.01428652817257,-0.001671438233297684,-0.004378040365820335,0.0027066021325226506
2026-03-20 00:00:00+00:00,0.2676,0.273,0.2616,0.2661,85114940.9,0.267565,0.28745666666666664,46.38725187183284,-0.001987591500362318,-0.0038999505927287317,0.0019123590923664138
2026-03-21 00:00:00+00:00,0.2661,0.2674,0.2554,0.2574,67993352.2,0.26676,0.28590166666666667,42.58617839693221,-0.0029066564076025148,-0.0037012917557034887,0.000794635348100974
2026-03-22 00:00:00+00:00,0.2573,0.2601,0.248,0.2506,113197441.1,0.265435,0.28397999999999995,39.83838729327723,-0.004136047358772488,-0.003788242876317289,-0.0003478044824551988
2026-03-23 00:00:00+00:00,0.2507,0.267,0.2476,0.2616,200282839.7,0.26538999999999996,0.28235,45.917500799709195,-0.0041746180771105035,-0.003865517916475932,-0.00030910016063457127
2026-03-24 00:00:00+00:00,0.2617,0.2684,0.2581,0.2664,106579953.5,0.264895,0.2807866666666667,48.36917675801856,-0.003774357322792854,-0.0038472857977393166,7.292847494646268e-05
2026-03-25 00:00:00+00:00,0.2665,0.2769,0.2657,0.2705,120674371.3,0.26496,0.2793233333333333,50.43598460465219,-0.003090684568580526,-0.003695965551907559,0.0006052809833270328
2026-03-26 00:00:00+00:00,0.2704,0.2708,0.2526,0.2547,147438669.4,0.26474499999999995,0.27791666666666665,43.250726512638366,-0.0037802209056668756,-0.0037128166226594226,-6.740428300745305e-05
2026-03-27 00:00:00+00:00,0.2547,0.2562,0.2442,0.2461,145629064.2,0.26433,0.27615,39.91731282654932,-0.004963416373120033,-0.003962936572751545,-0.001000479800368488
2026-03-28 00:00:00+00:00,0.2461,0.253,0.244,0.246,73268961.3,0.26416500000000004,0.2742366666666667,39.87882491090853,-0.0058418354274138995,-0.004338716343684016,-0.001503119083729883
2026-03-29 00:00:00+00:00,0.2459,0.2474,0.2328,0.2398,124643883.9,0.263395,0.2722616666666667,37.46677766406351,-0.006958068755679281,-0.0048625868260830695,-0.0020954819295962114
2026-03-30 00:00:00+00:00,0.2398,0.2529,0.2394,0.2434,112413628.3,0.26246,0.27074,39.74568722229544,-0.007466136819070379,-0.005383296824680531,-0.0020828399943898478
2026-03-31 00:00:00+00:00,0.2435,0.2494,0.2342,0.2418,142217643.1,0.26142,0.2694233333333333,39.06429304830193,-0.007906746990455737,-0.005887986857835573,-0.0020187601326201645
2026-04-01 00:00:00+00:00,0.2418,0.2548,0.2413,0.2484,146570155.0,0.26066,0.26867,43.3766306195442,-0.007635353284384916,-0.006237460143145442,-0.001397893141239474
2026-04-02 00:00:00+00:00,0.2484,0.2507,0.2348,0.2394,195533260.2,0.25935,0.2678966666666666,39.29306055882469,-0.008053659032797977,-0.00660069992107595,-0.0014529591117220277
2026-04-03 00:00:00+00:00,0.2394,0.2514,0.2388,0.2463,106986717.1,0.25849500000000003,0.2670166666666667,43.671353140989,-0.0077391845162236295,-0.006828396840105486,-0.0009107876761181438
2026-04-04 00:00:00+00:00,0.2463,0.25,0.2432,0.2479,50294175.6,0.25738,0.26628666666666667,44.66790325859893,-0.0072769701853893365,-0.006918111509162256,-0.0003588586762270805
2026-04-05 00:00:00+00:00,0.2479,0.251,0.24,0.2508,68508777.4,0.2554,0.26569333333333334,46.51489674262789,-0.006600568983905042,-0.006854603004110814,0.00025403402020577216
2026-04-06 00:00:00+00:00,0.2509,0.2601,0.2448,0.2461,147829075.3,0.25325000000000003,0.26570333333333335,43.95411636812923,-0.006370333638196224,-0.0067577491309278965,0.00038741549273167263
2026-04-07 00:00:00+00:00,0.246,0.2664,0.24,0.2627,169339294.9,0.252675,0.26547833333333337,53.6580808860436,-0.004793136901379391,-0.006364826685018196,0.0015716897836388051
2026-04-08 00:00:00+00:00,0.2627,0.2644,0.2498,0.2508,135051386.2,0.25183999999999995,0.2651233333333333,47.331368428289615,-0.004452106558843372,-0.005982282659783232,0.00153017610093986
2026-04-09 00:00:00+00:00,0.2507,0.2611,0.2477,0.2541,89381916.4,0.25124,0.2648566666666667,49.1228701347923,-0.003870933423707257,-0.005560012812568038,0.0016890793888607808
2026-04-10 00:00:00+00:00,0.2541,0.2589,0.2498,0.2542,103032306.4,0.25108,0.26459499999999997,49.17928281378507,-0.0033635079369344068,-0.005120711837441312,0.0017572039005069049
2026-04-11 00:00:00+00:00,0.2542,0.2554,0.2464,0.2495,134061033.9,0.251025,0.26438666666666666,46.56589069671206,-0.003302550556278372,-0.0047570795812087235,0.0014545290249303516
2026-04-12 00:00:00+00:00,0.2495,0.2506,0.2354,0.2361,181777309.8,0.24975,0.26405666666666666,40.03394717101577,-0.00428610188988085,-0.004662884042943149,0.00037678215306229893
2026-04-13 00:00:00+00:00,0.2362,0.249,0.2358,0.2486,152262728.7,0.24886000000000003,0.263795,47.440492601725275,-0.004010695078431187,-0.004532446250040756,0.0005217511716095694
2026-04-14 00:00:00+00:00,0.2487,0.2496,0.2386,0.2396,146334486.3,0.247315,0.26324166666666665,43.29422456870374,-0.004467163302185051,-0.004519389660469615,5.222635828456418e-05
2026-04-15 00:00:00+00:00,0.2396,0.2505,0.2381,0.246,128399212.2,0.24688000000000004,0.262425,46.85152956104886,-0.004263345946981523,-0.004468180917771997,0.00020483497079047414
2026-04-16 00:00:00+00:00,0.2461,0.2615,0.2438,0.2591,222466113.2,0.24753000000000003,0.2620466666666667,53.30822364180069,-0.003010060600916298,-0.004176556854400857,0.0011664962534845592
2026-04-17 00:00:00+00:00,0.2591,0.268,0.252,0.2586,211624429.1,0.24816,0.26159333333333334,53.04335301411283,-0.0020337252374644788,-0.0037479905310135817,0.001714265293549103
2026-04-18 00:00:00+00:00,0.2586,0.2596,0.2473,0.2491,104449899.5,0.248625,0.26106,48.148285346663236,-0.0020034485255011614,-0.003399082129911098,0.0013956336044099365
2026-04-19 00:00:00+00:00,0.2492,0.2509,0.2408,0.2424,135317749.6,0.248575,0.26054166666666667,44.99456168336842,-0.0024913690671196087,-0.0032175395173528005,0.0007261704502331918
2026-04-20 00:00:00+00:00,0.2424,0.2514,0.2419,0.2479,102731798.7,0.24888,0.260125,48.00530949060591,-0.002406504886711097,-0.00305533259122446,0.0006488277045133628
2026-04-21 00:00:00+00:00,0.2479,0.2525,0.2441,0.2499,105185836.9,0.24895499999999998,0.25954166666666667,49.09642080330436,-0.0021530471398188145,-0.002874875500943331,0.0007218283611245165
2026-04-22 00:00:00+00:00,0.2499,0.2576,0.2481,0.2484,126865123.5,0.24940500000000002,0.259015,48.278132265024254,-0.002049591102910947,-0.0027098186213368545,0.0006602275184259074
2026-04-23 00:00:00+00:00,0.2483,0.2508,0.2446,0.2499,126408667.5,0.24958500000000003,0.25865166666666667,49.19012101159939,-0.0018255205201152536,-0.0025329590010925345,0.0007074384809772809
2026-04-24 00:00:00+00:00,0.2499,0.253,0.2472,0.2503,69159739.5,0.24970499999999998,0.25845166666666664,49.44611116747465,-0.001597254160145778,-0.002345818032903183,0.0007485638727574052
2026-04-25 00:00:00+00:00,0.2503,0.2539,0.2482,0.2503,77350521.5,0.24967999999999999,0.25831166666666666,49.44611116747465,-0.001400210668316193,-0.0021566965599857852,0.0007564858916695922
2026-04-26 00:00:00+00:00,0.2503,0.2544,0.2485,0.2522,60764129.9,0.24998499999999998,0.25756333333333337,50.81133272221334,-0.0010783080958762792,-0.001941018867163884,0.0008627107712876048
2026-04-27 00:00:00+00:00,0.2522,0.2561,0.243,0.2482,106081991.3,0.24925999999999998,0.2569166666666666,47.87981766620501,-0.0011329051334703633,-0.00177939612042518,0.0006464909869548167
2026-04-28 00:00:00+00:00,0.2481,0.2488,0.2443,0.2468,60552564.6,0.24906,0.2564033333333333,46.860771854581394,-0.0012744509021441197,-0.0016784070767689682,0.00040395617462484846
2026-04-29 00:00:00+00:00,0.2468,0.254,0.2383,0.2446,157720772.5,0.248585,0.25579666666666667,45.23161592873234,-0.0015463235026475508,-0.0016519903619446848,0.00010566685929713402
2026-04-30 00:00:00+00:00,0.2446,0.2484,0.2445,0.2463,67383109.5,0.24819,0.25534333333333337,46.7715700930519,-0.001606094645461964,-0.001642811218648141,3.671657318617691e-05
2026-05-01 00:00:00+00:00,0.2463,0.2515,0.246,0.2482,73825160.3,0.24812499999999998,0.25486166666666665,48.514004136186614,-0.0014830538639580282,-0.0016108597477101183,0.0001278058837520901
2026-05-02 00:00:00+00:00,0.2483,0.2528,0.247,0.2501,45671904.4,0.24882500000000002,0.254655,50.26723840503813,-0.0012181865409682524,-0.0015323251063617451,0.0003141385653934927
2026-05-03 00:00:00+00:00,0.2502,0.2518,0.2475,0.2495,58596127.2,0.24886999999999998,0.2542083333333333,49.69177504565908,-0.0010446501877316161,-0.0014347901226357193,0.0003901399349041032
2026-05-04 00:00:00+00:00,0.2495,0.255,0.247,0.2499,131302889.3,0.24938500000000002,0.25388666666666665,50.101894275690825,-0.0008648749800649336,-0.0013208070941215621,0.00045593211405662855
2026-05-05 00:00:00+00:00,0.25,0.2657,0.2497,0.262,156164574.9,0.250185,0.25393666666666664,60.572664511645264,0.0002510728319823352,-0.0010064311089007826,0.0012575039408831178
2026-05-06 00:00:00+00:00,0.2619,0.2738,0.26,0.267,173010919.0,0.25057999999999997,0.25414666666666663,63.94002285785427,0.0015213900883501164,-0.0005008668694506029,0.002022256957800719
2026-05-07 00:00:00+00:00,0.2669,0.2704,0.2596,0.2627,108901846.9,0.25078500000000004,0.25437,59.253116872772125,0.0021562951742410408,3.0565539287725834e-05,0.002125729634953315
2026-05-08 00:00:00+00:00,0.2627,0.2788,0.2601,0.2734,97412467.0,0.252,0.25467333333333336,65.94301698241463,0.00348271602302469,0.0007209956360351187,0.0027617203869895715
2026-05-09 00:00:00+00:00,0.2735,0.2785,0.2695,0.2708,59998404.1,0.25342,0.25481833333333337,63.226582700746704,0.004274838157849181,0.0014317641403979312,0.0028430740174512498
2026-05-10 00:00:00+00:00,0.2708,0.2887,0.2682,0.2824,140362484.8,0.255145,0.2551483333333333,69.30239335694156,0.005772086689032507,0.0022998286501248466,0.0034722580389076607
2026-05-11 00:00:00+00:00,0.2824,0.2836,0.274,0.2804,96921131.2,0.25667,0.2554283333333333,67.23961692167063,0.006719821729828157,0.0031838272660655092,0.003535994463762648
2026-05-12 00:00:00+00:00,0.2803,0.2819,0.2672,0.2711,96913526.9,0.257805,0.25552,58.517405195050536,0.006643889676550385,0.003875839748162485,0.0027680499283879003
2026-05-13 00:00:00+00:00,0.2712,0.2777,0.2612,0.2648,110717180.0,0.25854999999999995,0.25554333333333334,53.458458429583736,0.006006120806585746,0.0043018959598471376,0.0017042248467386088
2026-05-14 00:00:00+00:00,0.2648,0.2804,0.2623,0.2706,119669866.1,0.259565,0.25555,57.1327436415286,0.005900676583034115,0.004621652084484533,0.001279024498549582
2026-05-15 00:00:00+00:00,0.2705,0.2729,0.2568,0.2616,102766482.9,0.26013000000000003,0.25507,50.47390886197987,0.0050328706918408295,0.004703895805955792,0.0003289748858850373
2026-05-16 00:00:00+00:00,0.2615,0.2625,0.2521,0.2551,75171225.8,0.260275,0.2545033333333333,46.27873318813204,0.003777092621055911,0.004518535168975817,-0.0007414425479199058
2026-05-17 00:00:00+00:00,0.255,0.2582,0.2452,0.2521,83123085.5,0.26047000000000003,0.254135,44.442717448473886,0.002510860883306376,0.004117000311841929,-0.0016061394285355529
2026-05-18 00:00:00+00:00,0.2521,0.2531,0.2462,0.2516,113758097.6,0.26071,0.25387,44.12848761582595,0.0014502991413851696,0.003583660077750577,-0.0021333609363654075
2026-05-19 00:00:00+00:00,0.2517,0.2536,0.2471,0.2482,77865177.4,0.26088999999999996,0.2535716666666667,41.95610857139351,0.0003316220029411232,0.002933252462788686,-0.002601630459847563
2026-05-20 00:00:00+00:00,0.2482,0.2515,0.2469,0.2492,83224293.5,0.261035,0.253435,42.847275913325504,-0.0004688415329104356,0.002252833663648862,-0.0027216751965592977
2026-05-21 00:00:00+00:00,0.2492,0.2537,0.2458,0.2507,107153045.6,0.26116,0.25343666666666664,44.230446831233074,-0.0009709842856954198,0.0016080700737800056,-0.0025790543594754255
2026-05-22 00:00:00+00:00,0.2507,0.2546,0.241,0.2424,134704138.0,0.260775,0.2531166666666667,38.65571319966998,-0.0020154438864734003,0.0008833672817293245,-0.0028988111682027246
2026-05-23 00:00:00+00:00,0.2424,0.2508,0.2358,0.246,138898972.8,0.2606,0.25277666666666665,42.06640416823332,-0.0025236051818239846,0.0002019727890186626,-0.0027255779708426475
2026-05-24 00:00:00+00:00,0.2461,0.247,0.2385,0.2423,62248052.6,0.26022,0.2523066666666666,39.62774283536952,-0.003188134912576468,-0.00047604875130036347,-0.0027120861612761043
2026-05-25 00:00:00+00:00,0.2424,0.248,0.2404,0.2437,72533146.2,0.259305,0.2521233333333333,41.02097874099977,-0.0035607649305440803,-0.001092991987149107,-0.0024677729433949733
2026-05-26 00:00:00+00:00,0.2436,0.2473,0.2381,0.2401,109743048.8,0.25796,0.2520233333333333,38.55693242040047,-0.004099312495270346,-0.0016942560887733549,-0.0024050564064969915
2026-05-27 00:00:00+00:00,0.2401,0.2435,0.236,0.2372,105109761.0,0.25668499999999994,0.2518766666666667,36.64723633065089,-0.004705874689910322,-0.0022965798090007483,-0.0024092948809095738
2026-05-28 00:00:00+00:00,0.2372,0.2384,0.228,0.2349,138043214.0,0.25476,0.251795,35.159851531956164,-0.005310949062464043,-0.0028994536596934073,-0.002411495402770636
2026-05-29 00:00:00+00:00,0.2349,0.2381,0.2298,0.2329,84015639.8,0.252865,0.25162,33.87244559760039,-0.005884030704066373,-0.0034963690685680003,-0.002387661635498373
2026-05-30 00:00:00+00:00,0.233,0.2394,0.2327,0.236,81695154.5,0.250545,0.2515233333333333,37.681373305665886,-0.006018678363964913,-0.004000830927647383,-0.0020178474363175304
2026-05-31 00:00:00+00:00,0.236,0.2388,0.2319,0.2357,63179398.1,0.24830999999999998,0.2513116666666667,37.45652377666412,-0.006079514241504047,-0.004416567590418715,-0.0016629466510853317
2026-06-01 00:00:00+00:00,0.2357,0.2376,0.2254,0.2311,124301991.9,0.24630999999999997,0.2511733333333333,34.09682415835397,-0.00642484703169563,-0.004818223478674099,-0.001606623553021531
2026-06-02 00:00:00+00:00,0.2311,0.2313,0.2094,0.213,237914633.7,0.24372000000000002,0.25061833333333333,24.706358228199434,-0.008066063923934663,-0.005467791567726211,-0.002598272356208452
2026-06-03 00:00:00+00:00,0.213,0.2184,0.2001,0.2004,244854963.8,0.24021000000000003,0.24982666666666667,20.47827735441632,-0.010265124863165415,-0.006427258226814052,-0.0038378666363513628
2026-06-04 00:00:00+00:00,0.2004,0.2019,0.1788,0.1798,379945840.7,0.23611999999999997,0.24864333333333333,15.736643486479139,-0.013514359218822936,-0.007844678425215829,-0.005669680793607107
2026-06-05 00:00:00+00:00,0.1798,0.1798,0.1544,0.1567,562584509.5,0.23120000000000002,0.24715333333333334,12.297929608777793,-0.017748780902385686,-0.009825498920649801,-0.007923281981735884
2026-06-06 00:00:00+00:00,0.1567,0.1624,0.1486,0.1573,331126153.3,0.22645999999999997,0.24539666666666665,12.830738246808622,-0.020816219191189728,-0.012023642974757786,-0.008792576216431942
2026-06-07 00:00:00+00:00,0.1574,0.1688,0.1568,0.1653,250738455.9,0.22214499999999998,0.24397166666666664,19.82473216897084,-0.02234408429847279,-0.014087731239500786,-0.008256353058972002
2026-06-08 00:00:00+00:00,0.1653,0.1745,0.16,0.1704,199922092.5,0.218255,0.2425766666666667,24.010547557374224,-0.022879658564310262,-0.015846116704462683,-0.007033541859847579
2026-06-09 00:00:00+00:00,0.1704,0.1711,0.1608,0.1653,163317888.8,0.21406,0.24109499999999998,22.73243168313458,-0.023445368788948623,-0.017365967121359873,-0.00607940166758875
2026-06-10 00:00:00+00:00,0.1653,0.1669,0.1582,0.1607,186140630.1,0.20956000000000002,0.239615,21.61481707906958,-0.023988356927466398,-0.018690445082581178,-0.00529791184488522
2026-06-11 00:00:00+00:00,0.1607,0.172,0.1607,0.1707,185526549.6,0.20597500000000002,0.238525,29.705653538110994,-0.023342682598071873,-0.01962089258567932,-0.003721790012392555
2026-06-12 00:00:00+00:00,0.1707,0.1744,0.1677,0.1697,169266472.6,0.20215999999999998,0.23721,29.37907901056373,-0.022650570999850295,-0.020226828268513516,-0.002423742731336779
2026-06-13 00:00:00+00:00,0.1697,0.1758,0.169,0.1718,105801601.8,0.19863499999999998,0.23607999999999998,31.092305933954492,-0.021682670790419134,-0.02051799677289464,-0.0011646740175244932
2026-06-14 00:00:00+00:00,0.1718,0.1839,0.1654,0.183,152782397.3,0.19560000000000002,0.23503,39.51945406114749,-0.019783801158637815,-0.020371157650043277,0.0005873564914054621
2026-06-15 00:00:00+00:00,0.183,0.19,0.1768,0.1786,254858172.8,0.192525,0.23368833333333333,37.57528285599402,-0.018421623513696472,-0.019981250822773917,0.0015596273090774451
2026-06-16 00:00:00+00:00,0.1785,0.1814,0.1719,0.1724,151143548.1,0.189285,0.23225166666666666,34.96503787403991,-0.017639044179184632,-0.019512809494056062,0.0018737653148714305
2026-06-17 00:00:00+00:00,0.1723,0.175,0.171,0.1727,34125479.6,0.186175,0.2309783333333333,35.19960702678898,-0.016800965849533667,-0.018970440765151586,0.0021694749156179194
