date,open,high,low,close,volume,MA20,MA60,MA200,RSI,MACD,SIGNAL,HIST,BB_UPPER,BB_LOWER,VOL_MA20
2021-06-19 00:00:00+00:00,2.9294,2.983,2.8487,2.8639,3717034.16,,,,,0.0,0.0,0.0,,,
2021-06-20 00:00:00+00:00,2.8618,2.9159,2.6535,2.8853,4309563.65,,,,100.0,0.0017071225071223495,0.00034142450142446993,0.0013656980056978795,,,
2021-06-21 00:00:00+00:00,2.8857,2.9346,2.2399,2.2436,8108936.5,,,,30.242417654092705,-0.048164586326409964,-0.009359777664142418,-0.03880480866226754,,,
2021-06-22 00:00:00+00:00,2.2449,2.4017,1.9228,2.1317,11122726.18,,,,26.739517792581196,-0.09561547402987358,-0.02661091693728865,-0.06900455709258493,,,
2021-06-23 00:00:00+00:00,2.1307,2.4014,2.0208,2.1481,9836279.03,,,,28.05477781073057,-0.13039419831002474,-0.04736757321183587,-0.08302662509818887,,,
2021-06-24 00:00:00+00:00,2.1485,2.2572,2.0227,2.171,6585298.97,,,,29.94603623953381,-0.15432973216700896,-0.0687600050028705,-0.08556972716413846,,,
2021-06-25 00:00:00+00:00,2.1709,2.233,1.8782,1.8947,9077184.61,,,,22.321644639206625,-0.19336492556302787,-0.09368098911490197,-0.0996839364481259,,,
2021-06-26 00:00:00+00:00,1.8942,1.922,1.7473,1.89,9026687.97,,,,22.218017666161003,-0.2221193941717261,-0.11936867012626681,-0.10275072404545929,,,
2021-06-27 00:00:00+00:00,1.8875,1.97,1.8105,1.9643,5393261.48,,,,27.91527100902472,-0.2361894833190341,-0.14273283276482027,-0.09345665055421384,,,
2021-06-28 00:00:00+00:00,1.9649,2.0619,1.9222,1.9773,6064774.48,,,,28.896603310950212,-0.2434844023567364,-0.1628831466832035,-0.0806012556735329,,,
2021-06-29 00:00:00+00:00,1.9767,2.1901,1.9631,2.0957,7598840.01,,,,37.2723728195334,-0.23698002949616992,-0.1777025232457968,-0.05927750625037312,,,
2021-06-30 00:00:00+00:00,2.0971,2.1197,1.9202,2.0907,6175072.23,,,,37.07376149550848,-0.22958224415531392,-0.18807846742770024,-0.041503776727613684,,,
2021-07-01 00:00:00+00:00,2.0917,2.1689,1.9202,2.0738,6875322.57,,,,36.36835093379832,-0.22251808476683355,-0.19496639089552692,-0.027551693871306626,,,
2021-07-02 00:00:00+00:00,2.0713,2.2,1.936,2.1026,8445830.42,,,,38.51535297251261,-0.21215023242808861,-0.19840315920203927,-0.013747073226049344,,,
2021-07-03 00:00:00+00:00,2.1049,2.2926,2.0952,2.2583,7333361.72,,,,48.610535558793586,-0.18918909190709954,-0.19656034574305134,0.007371253835951802,,,
2021-07-04 00:00:00+00:00,2.2587,2.3485,2.1605,2.2931,5036401.9,,,,50.56426233111458,-0.16626752492447716,-0.1905017815793365,0.024234256654859343,,,
2021-07-05 00:00:00+00:00,2.2917,2.3077,2.1125,2.1706,5503787.63,,,,44.1948043129335,-0.15618632543752797,-0.18363869035097483,0.027452364913446853,,,
2021-07-06 00:00:00+00:00,2.1714,2.3261,2.1698,2.2573,5570173.44,,,,49.08341818969894,-0.13959180931028836,-0.17482931414283753,0.03523750483254917,,,
2021-07-07 00:00:00+00:00,2.2558,2.4049,2.2371,2.3103,6083421.33,,,,51.859686709372895,-0.12077169770848739,-0.16401779085596752,0.043246093147480125,,,
2021-07-08 00:00:00+00:00,2.3078,2.3143,2.045,2.0996,5066247.48,2.196095,,,42.04475277341715,-0.12145825759074125,-0.15550588420292227,0.034047626612181026,2.706261880442077,1.6859281195579234,6846510.288
2021-07-09 00:00:00+00:00,2.0982,2.1206,2.0101,2.0887,3495499.28,2.157335,,,41.60605975179367,-0.12148153661426475,-0.14870101468519079,0.027219478070926034,2.5664498116360495,1.7482201883639503,6835433.544
2021-07-10 00:00:00+00:00,2.0903,2.1378,2.0308,2.1117,2882487.72,2.1186549999999995,,,42.958523712737886,-0.11828061235503862,-0.14261693421916036,0.02433632186412174,2.3549181200589717,1.8823918799410273,6764079.7475
2021-07-11 00:00:00+00:00,2.1128,2.2477,2.0775,2.1749,4702300.55,2.11522,,,46.61727260942362,-0.1093832430652748,-0.13597019598838325,0.026586952923108448,2.3460522213210284,1.8843877786789713,6593747.95
2021-07-12 00:00:00+00:00,2.1733,2.2292,2.0345,2.092,2893770.68,2.113235,,,42.74431826003048,-0.10777894241870456,-0.13033194527444752,0.022553002855742965,2.344148986367219,1.8823210136327808,6182300.175
2021-07-13 00:00:00+00:00,2.09,2.0979,1.9202,1.9486,3431989.19,2.10326,,,37.01557543587314,-0.11673307789596521,-0.12761217179875106,0.010879093902785852,2.344301676064535,1.8622183239354648,5862085.683
2021-07-14 00:00:00+00:00,1.9449,2.0865,1.8618,1.9939,5092217.19,2.094405,,,39.762106055044164,-0.1188044595046911,-0.12585062933993907,0.007046169835247973,2.3378421087159893,1.8509678912840108,5787431.5940000005
2021-07-15 00:00:00+00:00,1.994,2.0252,1.8575,1.9249,8510383.14,2.095915,,,37.10779395040749,-0.12457771336332613,-0.1255960461446165,0.0010183327812903764,2.334708796192448,1.8571212038075522,5759091.520500001
2021-07-16 00:00:00+00:00,1.9279,1.9847,1.8195,1.8404,5564754.22,2.0934350000000004,,,34.1052069562388,-0.1344219696529878,-0.12736123084629075,-0.007060738806697053,2.341578629980704,1.8452913700192968,5585994.833000001
2021-07-17 00:00:00+00:00,1.8422,2.0398,1.8004,1.9368,8217062.75,2.09206,,,40.06356227754542,-0.13291280327419885,-0.12847154533187238,-0.004441257942326471,2.3433356128238483,1.840784387176152,5727184.896500001
2021-07-18 00:00:00+00:00,1.9383,1.994,1.852,1.9071,4634244.11,2.08855,,,38.896615073106005,-0.1325849629116238,-0.12929422884782266,-0.0032907340638011484,2.347969008555658,1.8291309914443425,5655658.3780000005
2021-07-19 00:00:00+00:00,1.9079,1.917,1.7156,1.7305,5448810.05,2.07029,,,32.78215541611809,-0.14490491746616896,-0.13241636657149192,-0.012488550894677042,2.372935415626935,1.7676445843730648,5548156.880000001
2021-07-20 00:00:00+00:00,1.7304,1.76,1.546,1.6794,6681342.14,2.049725,,,31.2513165596271,-0.156982318698748,-0.13732955699694313,-0.019652761701804883,2.3966806967395122,1.7027693032604878,5573470.3755
2021-07-21 00:00:00+00:00,1.6793,1.8384,1.6228,1.8274,5211053.99,2.037405,,,39.99167029445379,-0.15284942999266304,-0.14043353159608712,-0.01241589839657592,2.397322887718852,1.6774871122811479,5490256.9465
2021-07-22 00:00:00+00:00,1.8274,1.9455,1.7683,1.9353,4859018.02,2.02904,,,45.43794742291919,-0.1392621305221673,-0.14019925138130318,0.000937120859135887,2.390282303170601,1.6677976968293993,5310916.3265
2021-07-23 00:00:00+00:00,1.9352,1.945,1.8159,1.9396,3653552.64,2.0131050000000004,,,45.6496481025162,-0.1266867576547177,-0.1374967526359861,0.01080999498126839,2.3603342872152355,1.6658757127847652,5126925.8725000005
2021-07-24 00:00:00+00:00,1.9383,2.1984,1.9175,2.138,7829846.69,2.00535,,,54.43434981968759,-0.09956375318415467,-0.12991015274561982,0.03034639956146515,2.3336302613621482,1.677069738637852,5266598.112000001
2021-07-25 00:00:00+00:00,2.1376,2.3129,2.04,2.1578,9092351.59,2.00471,,,55.21237014978977,-0.07559941916095969,-0.1190480060286878,0.04344858686772811,2.33174666399962,1.6776733360003804,5446026.31
2021-07-26 00:00:00+00:00,2.1593,2.5146,2.1315,2.1476,11318676.76,1.9992249999999998,,,54.69426863966714,-0.05677608715804672,-0.1065936222545596,0.04981753509651288,2.3125232724178355,1.685926727582164,5733451.476
2021-07-27 00:00:00+00:00,2.1466,2.3545,2.0667,2.2354,6964593.18,1.99548,,,58.31991998676547,-0.034377452829176924,-0.09215038836948307,0.057772935540306145,2.295316459424134,1.695643540575866,5777510.0685
2021-07-28 00:00:00+00:00,2.2349,2.3074,2.1333,2.2264,5732985.88,2.00182,,,57.80922369131819,-0.017154848123319688,-0.0771512803202504,0.05999643219693071,2.315248994191667,1.6883910058083325,5810846.9885
2021-07-29 00:00:00+00:00,2.2249,2.31,2.1855,2.2549,4150397.75,2.01013,,,59.03263052129735,-0.001192353289690029,-0.06195949491413833,0.0607671416244483,2.3406776976171524,1.679582302382848,5843591.912
2021-07-30 00:00:00+00:00,2.2566,2.3656,2.1458,2.3225,4892056.0,2.02067,,,61.85780688552753,0.016720055520586197,-0.04622358482719343,0.06294364034777963,2.376013670831493,1.6653263291685072,5944070.325999999
2021-07-31 00:00:00+00:00,2.3264,2.5086,2.3008,2.4003,6469993.84,2.03194,,,64.86119882314829,0.03676971991016886,-0.02962492387972097,0.06639464378988984,2.419015550248269,1.6448644497517309,6032454.9905
2021-08-01 00:00:00+00:00,2.4023,2.55,2.3768,2.3916,5894344.75,2.04692,,,64.2519190058064,0.051365101185082196,-0.013426918866760338,0.06479202005184254,2.4641483576172654,1.629691642382735,6182483.694
2021-08-02 00:00:00+00:00,2.3918,2.4641,2.3211,2.3513,4589924.21,2.067055,,,61.375846739075754,0.05900005687129539,0.0010584762808508088,0.05794158059044458,2.5018582910409033,1.6322517089590964,6240380.444999999
2021-08-03 00:00:00+00:00,2.3517,2.3971,2.2208,2.3404,3791509.93,2.0843800000000003,,,60.58591152834247,0.06343997876936847,0.013534776778554341,0.04990520199081412,2.533519673598315,1.6352403264016857,6175345.082
2021-08-04 00:00:00+00:00,2.3387,2.495,2.2563,2.4543,4811676.43,2.11085,,,65.57227779085409,0.07528162722205334,0.02588414686725414,0.0493974803547992,2.5811745581510714,1.6405254418489288,5990409.746499999
2021-08-05 00:00:00+00:00,2.4579,2.5924,2.3261,2.516,6489159.69,2.14463,,,67.9385361390652,0.08862329906137001,0.038431977306077315,0.050191321755292694,2.629234478311953,1.6600255216880464,6036630.02
2021-08-06 00:00:00+00:00,2.5168,2.59,2.4256,2.525,5261709.54,2.17404,,,68.28100049632573,0.09878417245044835,0.050502416334951526,0.04828175611549682,2.6757165029378998,1.6723634970621006,5888862.3595
2021-08-07 00:00:00+00:00,2.525,2.7905,2.478,2.781,9853613.14,2.2177350000000002,,,76.10082598526604,0.12604087755641658,0.06561010857924454,0.060430768977172034,2.7686170174048166,1.6668529825951839,6149830.811
2021-08-08 00:00:00+00:00,2.7815,2.7828,2.5195,2.5594,6542884.05,2.2591799999999997,,,61.87953302973693,0.12828198978979488,0.07814448482135461,0.05013750496844027,2.7811643392286785,1.737195660771321,6204534.511
2021-08-09 00:00:00+00:00,2.5609,2.75,2.4636,2.6889,5163708.22,2.3096550000000002,,,65.8910014419063,0.13890642826563449,0.0902968735102106,0.04860955475542389,2.7912976412808574,1.8280123587191432,6128652.8149999995
2021-08-10 00:00:00+00:00,2.688,2.9468,2.6471,2.8581,7915010.13,2.36119,,,70.29008179220028,0.15914487518242426,0.10406647384465333,0.055078401337770935,2.8459586206841365,1.8764213793158637,6263850.6219999995
2021-08-11 00:00:00+00:00,2.8611,3.0453,2.8178,2.9722,6305435.53,2.413035,,,72.83445769709157,0.18228958572768805,0.11971109622126028,0.06257848950642778,2.9255183510466463,1.9005516489533534,6336171.4975
2021-08-12 00:00:00+00:00,2.9731,3.4644,2.9601,3.3435,16880195.39,2.48323,,,79.10545622795081,0.22796490497850552,0.14136185797270934,0.08660304700579619,3.0925367506601256,1.873923249339874,6997503.635
2021-08-13 00:00:00+00:00,3.3381,3.486,3.2436,3.415,6127881.47,2.5470800000000002,,,80.06002810974702,0.2668562245627242,0.16646073129071232,0.10039549327201186,3.257537417724666,1.8366225822753344,6912405.374
2021-08-14 00:00:00+00:00,3.4125,3.438,3.15,3.2459,6956305.52,2.601485,,,71.71534092318024,0.2807960763787043,0.18932780030831073,0.09146827607039357,3.349998340629277,1.8529716593707226,6805603.070499999
2021-08-15 00:00:00+00:00,3.2446,3.2769,3.0122,3.2257,6365488.03,2.6553899999999997,,,70.76645455876066,0.286906261404003,0.2088434925274492,0.0780627688765538,3.420488542411368,1.8902914575886314,6557943.634000001
2021-08-16 00:00:00+00:00,3.2258,3.5659,3.214,3.4614,9142952.91,2.7166900000000003,,,74.93399774872702,0.3072261355816135,0.22852002113828204,0.07870611444333145,3.5321635578791017,1.9012164421208986,6666861.6205
2021-08-17 00:00:00+00:00,3.4614,4.0,3.3733,3.7312,19931245.22,2.79193,2.3299483333333333,,78.68062240856406,0.3411676195033122,0.2510495408112881,0.0901180786920241,3.6864254691891962,1.8974345308108034,7376774.5875
2021-08-18 00:00:00+00:00,3.7312,4.5649,3.6001,4.4377,25691359.87,2.90107,2.3561783333333333,,85.00232392503247,0.4202309744903605,0.28488582754710257,0.13534514694325794,4.013053597181182,1.7890864028188178,8453822.693500001
2021-08-19 00:00:00+00:00,4.4377,4.82,4.153,4.4799,15312811.65,3.00894,2.382755,,85.28303699338225,0.48075262327519397,0.3240591866927209,0.1566934365824731,4.282343297310009,1.7355367026899917,8974860.476
2021-08-20 00:00:00+00:00,4.4874,4.6177,4.3093,4.41,7869110.46,3.109425,2.418861666666667,,82.52761964148681,0.5171151387245634,0.3626703770990894,0.154444761625474,4.487711004971392,1.7311389950286076,9044816.307
2021-08-21 00:00:00+00:00,4.4126,6.25,4.3107,6.185,24554012.17,3.299095,2.486416666666666,,90.72369172584126,0.6813066805868946,0.4263976377966504,0.2549090427902442,5.181792863678609,1.41639713632139,9977799.678
2021-08-22 00:00:00+00:00,6.1803,6.5961,5.3293,5.4536,24298040.74,3.45421,2.5415083333333333,,75.09251640811716,0.7438372996461355,0.48988557016654743,0.2539517294795881,5.502873925489,1.4055460745109993,10963205.504499998
2021-08-23 00:00:00+00:00,5.4536,5.8952,5.3668,5.4911,12240971.62,3.611745,2.596843333333333,,75.32723620251954,0.7873432000527081,0.5493770961437796,0.23796610390892847,5.774942726954243,1.4485472730457571,11385678.589
2021-08-24 00:00:00+00:00,5.4914,5.75,4.8692,5.0472,12775794.69,3.74139,2.649385,,67.24853988389484,0.7770456211683667,0.5949108011486971,0.18213482001966963,5.922298876500805,1.560481123499195,11783884.502
2021-08-25 00:00:00+00:00,5.0434,5.606,4.8101,5.5808,13844459.37,3.8946300000000003,2.7108983333333336,,71.24130517399598,0.8026888784963804,0.6364664166182338,0.1662224618781466,6.139357875801431,1.6499021241985696,12151649.486
2021-08-26 00:00:00+00:00,5.5871,5.7676,4.801,4.87,13079598.42,4.01188,2.7593266666666665,,60.6366906287793,0.7569303037135269,0.6605591940372924,0.09637110967623452,6.202520327940669,1.8212396720593302,12542543.930000002
2021-08-27 00:00:00+00:00,4.866,5.398,4.605,5.316,10385846.06,4.138630000000001,2.814971666666666,,64.23420867691655,0.7480319296960376,0.6780537411690414,0.06997818852699622,6.32306939636695,1.9541906036330512,12569155.576000001
2021-08-28 00:00:00+00:00,5.317,5.8,5.054,5.717,10856617.01,4.29651,2.8753266666666666,,67.14189828821978,0.7645242927342322,0.6953478514820796,0.06917644125215261,6.4578817846775,2.1351382153224985,12784842.224
2021-08-29 00:00:00+00:00,5.719,6.225,5.536,5.546,16018887.3,4.4393650000000004,2.932915,,64.72537383015138,0.7550921065933967,0.7072967025043431,0.047795404089053584,6.533466443841728,2.3452635561582733,13327601.178
2021-08-30 00:00:00+00:00,5.548,5.888,5.234,5.324,10821251.9,4.562659999999999,2.987085,,61.624442628320345,0.7213877772056367,0.7101149174446018,0.011272859761034981,6.557876841749288,2.5674431582507102,13472913.2665
2021-08-31 00:00:00+00:00,5.324,5.528,5.097,5.277,8788606.7,4.677899999999999,3.0399916666666664,,60.958584047227035,0.6830110202527697,0.7046941380062355,-0.021683117753465764,6.55510881630148,2.8006911836985178,13597071.825
2021-09-01 00:00:00+00:00,5.276,5.602,5.117,5.497,6182135.1,4.785575,3.09397,,62.975235342516136,0.6627100167113174,0.6962973137472519,-0.03358729703593455,6.589902466814162,2.9812475331858375,13062168.8105
2021-09-02 00:00:00+00:00,5.493,5.684,5.405,5.49,5780225.4,4.889325,3.1472516666666666,,62.86396816194743,0.6386940165952364,0.6847766543168489,-0.046082637721612474,6.602827001020137,3.1758229989798634,13044786.007000001
2021-09-03 00:00:00+00:00,5.49,6.8817,5.48,6.168,23936687.03,5.03543,3.2138750000000003,,68.64292180307018,0.6666849678821212,0.6811583170299034,-0.0144733491477822,6.659479022782261,3.411380977217739,13893805.0825
2021-09-04 00:00:00+00:00,6.171,6.377,6.0,6.077,8897737.4,5.177995,3.2775366666666668,,67.13289222291226,0.6737583916210523,0.6796783319481332,-0.005919940327080875,6.633393636078796,3.7225963639212045,14020417.551000003
2021-09-05 00:00:00+00:00,6.077,6.193,5.864,6.14,7354211.2,5.3119250000000005,3.3413650000000006,,67.66325115540369,0.6766477305433369,0.679072211667174,-0.0024244811238370856,6.593403542738825,4.030446457261176,13930980.4655
2021-09-06 00:00:00+00:00,6.14,6.435,5.731,6.1,9120920.5,5.430365,3.4080383333333333,,66.9248372813887,0.6680094891799611,0.6768596671697314,-0.008850177989770391,6.530614633992224,4.330115366007776,13390464.2295
2021-09-07 00:00:00+00:00,6.1,8.8787,5.45,8.674,65537370.13,5.64218,3.517793333333333,,81.16744412115038,0.8589623258419321,0.7132801989041716,0.1456821269377605,7.356310602492128,3.9280493975078716,15382764.742500002
2021-09-08 00:00:00+00:00,8.67,11.05,7.36,10.391,85075795.94,5.937735,3.655781666666667,,85.61673981380999,1.1357491656672147,0.7977739922567803,0.3379751734104345,8.550953706710182,3.3245162932898187,18870913.957
2021-09-09 00:00:00+00:00,10.371,11.88,9.62,9.72,43251049.66,6.203235,3.7815333333333334,,77.87372869958449,1.2861348758930946,0.8954461689840432,0.39068870690905144,9.193429286179418,3.2130407138205825,20640010.917
2021-09-10 00:00:00+00:00,9.73,10.426,8.561,9.933,29264265.2,6.390635,3.9122166666666667,,78.53728476948166,1.4062930833248455,0.9976155518522036,0.40867753147264185,9.794008285007102,2.9872617149928966,20875523.5685
2021-09-11 00:00:00+00:00,9.936,9.995,8.723,9.05,18652983.2,6.570455,4.030573333333334,,69.26382772026902,1.4139692505910348,1.08088629159997,0.3330829589910649,10.133100970328801,3.007809029671199,20593270.6915
2021-09-12 00:00:00+00:00,9.055,9.8,8.311,8.942,17466297.5,6.743,4.146375,,68.20306701738362,1.3952543474452739,1.1437599027690308,0.25149444467624305,10.412496272787322,3.0735037272126786,20854536.9855
2021-09-13 00:00:00+00:00,8.944,9.04,7.704,8.201,15411427.1,6.90069,4.250976666666667,,61.269819985903,1.3055802284855433,1.1761239679123334,0.1294562605732099,10.536036424152732,3.2653435758472686,20986318.606
2021-09-14 00:00:00+00:00,8.204,9.339,8.062,8.612,13959223.9,7.052249999999999,4.363836666666667,,63.486940458273,1.253230645500163,1.1915453034298995,0.06168534207026344,10.707541554719,3.396958445280998,20992056.8325
2021-09-15 00:00:00+00:00,8.609,9.67,8.539,9.242,11966278.6,7.27085,4.48559,,66.63944986641755,1.2481905944945222,1.2028743616428241,0.04531623285169806,10.900804615418775,3.640895384581227,20936390.8415
2021-09-16 00:00:00+00:00,9.24,9.373,8.43,8.73,8995826.5,7.441550000000001,4.599305,,61.95760637073897,1.1891741375015608,1.2001343168145715,-0.010960179313010743,11.008278555693588,3.8748214443064146,20866889.8635
2021-09-17 00:00:00+00:00,8.724,8.955,8.108,8.322,7145946.6,7.5718000000000005,4.709163333333334,,58.43446977128892,1.0968373220512166,1.1794749178619006,-0.08263759581068397,11.066641375513353,4.0769586244866485,20681356.343000002
2021-09-18 00:00:00+00:00,8.323,9.44,8.111,9.071,10674330.9,7.748050000000001,4.832356666666667,,62.635017919822474,1.0717433803502212,1.1579286103595647,-0.08618523000934353,11.171265884223498,4.324834115776503,20414128.523
2021-09-19 00:00:00+00:00,9.068,10.4,8.687,10.061,18308375.3,7.984899999999999,4.9695833333333335,,67.33402716094483,1.1188436439138263,1.150111617070417,-0.0312679731565908,11.359623567938574,4.610176432061424,20788484.693
2021-09-20 00:00:00+00:00,10.059,10.439,7.353,7.693,33667386.7,8.1057,5.065544999999999,,50.8585878151325,0.9540949199945556,1.1109082776552448,-0.15681335766068916,11.249087542127135,4.962312457872866,22032423.693
2021-09-21 00:00:00+00:00,7.686,8.0,6.338,6.701,23120824.1,8.165899999999999,5.144901666666667,,45.80258757364675,0.7350115047302319,1.0357289230702422,-0.3007174183400103,11.149180469550267,5.18261953044973,22879358.143
2021-09-22 00:00:00+00:00,6.704,7.825,6.523,7.771,15332430.2,8.279950000000001,5.238785000000001,,51.413288082506796,0.6403448801814857,0.956652114492491,-0.31630723431100527,11.00887539106515,5.551024608934853,23356968.383
2021-09-23 00:00:00+00:00,7.771,9.42,7.356,9.17,19475730.6,8.43005,5.3556550000000005,,57.594570933310926,0.6704796343933621,0.8994176184726653,-0.22893798407930321,11.00362436068983,5.856475639310168,23133920.561499998
2021-09-24 00:00:00+00:00,9.181,9.29,7.414,7.973,28241387.6,8.52485,5.452744999999999,,51.551427246205826,0.5909615115178433,0.837726397081701,-0.24676488556385778,10.874689762622141,6.17501023737786,24101103.0715
2021-09-25 00:00:00+00:00,7.972,8.44,7.455,7.618,12799556.1,8.598749999999999,5.5424549999999995,,49.87985392041674,0.4936072954584718,0.7689025767570553,-0.2752952812985835,10.726395541437782,6.471104458562216,24373370.3165
2021-09-26 00:00:00+00:00,7.613,7.678,6.598,7.293,15805400.8,8.6584,5.626898333333333,,48.33465963044968,0.38578154446656043,0.6922783702989563,-0.3064968258323959,10.557054618407486,6.759745381592515,24707594.3315
2021-09-27 00:00:00+00:00,7.29,7.778,6.85,6.894,8944505.3,8.569399999999998,5.7042166666666665,,46.4328902225634,0.265077249023137,0.6068381460437925,-0.3417608970206555,10.617759870725862,6.521040129274135,21877951.089999996
2021-09-28 00:00:00+00:00,6.89,7.132,6.363,6.416,8849791.3,8.370650000000001,5.7724416666666665,,44.1897303463372,0.12935647909996373,0.5113418126550268,-0.38198533355506303,10.444668541382907,6.296631458617095,18066650.858000003
2021-09-29 00:00:00+00:00,6.42,7.346,6.363,6.641,14449088.4,8.2167,5.84312,,45.523806344710835,0.039497112589216066,0.4169728726418646,-0.37747576005264855,10.32405361057419,6.109346389425808,16626552.794999998
2021-09-30 00:00:00+00:00,6.645,7.0,6.559,6.927,10212304.4,8.0664,5.918710000000001,,47.24987529007151,-0.008540819720791681,0.33187013416933336,-0.34041095389012505,10.089789967356783,6.043010032643218,15673954.755
2021-10-01 00:00:00+00:00,6.924,8.0,6.821,7.83,16075971.3,8.0054,6.010021666666666,,52.38020531162506,0.025954142939125013,0.2706869359232917,-0.24473279298416667,9.979458297011535,6.031341702988465,15545104.160000002
2021-10-02 00:00:00+00:00,7.835,8.286,7.52,7.806,10055362.1,7.948599999999999,6.101114999999999,,52.23479677741495,0.050769807211834106,0.22670351018100018,-0.17593370296916608,9.876425033554673,6.020774966445325,15174557.39
2021-10-03 00:00:00+00:00,7.805,8.493,7.609,8.036,10678587.5,7.94035,6.194143333333333,,53.56515315324651,0.08798128426638563,0.19895906499807728,-0.11097778073169165,9.865193814443156,6.015506185556844,14937915.41
2021-10-04 00:00:00+00:00,8.034,8.2,7.381,7.626,12435928.5,7.89105,6.27931,,50.84647427193385,0.08342638698130322,0.17585252939472246,-0.09242614241341923,9.794951833078606,5.9871481669213935,14861750.64
2021-10-05 00:00:00+00:00,7.629,8.25,7.567,7.982,10789555.4,7.82805,6.37026,,53.073594568053245,0.10730586760431571,0.1621431970366411,-0.05483732943232539,9.62960693498709,6.026493065012911,14802914.48
2021-10-06 00:00:00+00:00,7.986,8.007,7.137,7.797,10142196.0,7.7814,6.453860000000001,,51.7610958817273,0.1100341687465134,0.15172139137861557,-0.04168722263210217,9.53479458194671,6.02800541805329,14860232.955000002
2021-10-07 00:00:00+00:00,7.793,8.48,7.5,8.284,13840188.7,7.779499999999999,6.549270000000001,,54.921426069957015,0.14976677882947076,0.1513304688687866,-0.0015636900393158348,9.530628150650339,6.02837184934966,15194945.059999999
2021-10-08 00:00:00+00:00,8.28,8.752,8.0,8.104,11441925.8,7.7311499999999995,6.639521666666667,,53.5256203827576,0.16483059836649439,0.15403049476832814,0.010800103598166244,9.387822722658303,6.074477277341696,15233324.805000002
2021-10-09 00:00:00+00:00,8.104,8.42,7.913,8.039,5144751.3,7.63005,6.72587,,53.00177979334391,0.1695691396178205,0.1571382237382266,0.012430915879593885,8.909500581304364,6.350599418695635,14575143.605
2021-10-10 00:00:00+00:00,8.043,8.047,7.308,7.391,6770752.6,7.61495,6.799516666666666,,47.96232034561129,0.11965695239743113,0.14964196947006753,-0.0299850170726364,8.898195179223393,6.331704820776608,13230311.9
2021-10-11 00:00:00+00:00,7.39,7.861,7.205,7.42,5836733.6,7.6509,6.867458333333333,,48.19969453658297,0.08150174073020366,0.13601392372209475,-0.05451218299189109,8.868310678448353,6.433489321551648,12366107.375
2021-10-12 00:00:00+00:00,7.42,7.42,6.766,7.269,8006879.3,7.6258,6.9316916666666675,,46.997556103377164,0.03863367756379876,0.11653787449043555,-0.07790419692663679,8.852932201517048,6.398667798482952,11999829.83
2021-10-13 00:00:00+00:00,7.273,7.399,6.904,7.243,6360398.7,7.52945,6.998310000000001,,46.781203229701795,0.00253324428454782,0.09373694844925802,-0.0912037041647102,8.53995313705603,6.51894686294397,11344063.235
2021-10-14 00:00:00+00:00,7.243,8.188,7.199,8.047,10050006.0,7.533149999999999,7.078665,,53.85537919923968,0.038357312293289425,0.0826610212180643,-0.04430370892477488,8.550640103146009,6.51565989685399,10434494.155
2021-10-15 00:00:00+00:00,8.045,8.28,7.632,7.868,10334268.3,7.54565,7.152108333333333,,52.1919808989982,0.051708279396510015,0.07647047285375344,-0.024762193457243425,8.573096402495077,6.518203597504923,10311229.765
2021-10-16 00:00:00+00:00,7.868,8.186,7.711,7.861,5807664.7,7.57405,7.220938333333333,,52.12417990004137,0.061020766108190294,0.07338053150464081,-0.01235976539645052,8.603390852196236,6.544709147803762,9811342.959999999
2021-10-17 00:00:00+00:00,7.859,8.083,7.6,7.789,4093348.0,7.6188,7.276793333333334,,51.38476897971763,0.06187789084118034,0.07108000337194872,-0.009202112530768386,8.602811910497062,6.63478808950294,9568785.094999999
2021-10-18 00:00:00+00:00,7.794,7.937,7.616,7.844,4288817.5,7.690199999999999,7.332861666666667,,51.94555230545499,0.0662317305511726,0.0701103488077935,-0.0038786182566209054,8.507931643022376,6.872468356977622,9340736.405
2021-10-19 00:00:00+00:00,7.843,8.263,7.743,8.186,6708326.9,7.767449999999999,7.395795000000001,,55.39135104711477,0.09617013225499971,0.07532230549723475,0.020847826757764962,8.455791623033269,7.07910837696673,8953698.33
2021-10-20 00:00:00+00:00,8.186,8.896,8.128,8.732,9949804.2,7.8576999999999995,7.438245,,60.28730072209467,0.1620857446183397,0.09267499332145573,0.06941075129688395,8.55486141602937,7.160538583970629,8940573.32
2021-10-21 00:00:00+00:00,8.732,9.777,8.569,9.476,16065673.8,7.9399999999999995,7.505285000000001,,65.79611672389137,0.2712323270156194,0.12838646006028848,0.1428458669553309,8.93124487388338,6.94875512611662,8940058.445
2021-10-22 00:00:00+00:00,9.472,9.673,8.813,9.107,11781202.3,8.00505,7.56555,,61.257473405289936,0.32421916704749876,0.16755300145773055,0.1566661655897682,9.116097699246112,6.89400230075389,9026350.455
2021-10-23 00:00:00+00:00,9.104,9.425,8.821,9.313,5753605.0,8.068900000000001,7.636646666666667,,62.80021012250146,0.3784713161659514,0.20973666439937474,0.16873465176657668,9.317929527273106,6.819870472726896,8780101.33
2021-10-24 00:00:00+00:00,9.309,9.954,9.136,9.603,10609363.7,8.16775,7.703683333333333,,64.9180957164462,0.4397974009035881,0.25574881170021746,0.18404858920337064,9.565050951835387,6.770449048164613,8688773.09
2021-10-25 00:00:00+00:00,9.603,12.7,9.54,12.321,31308506.4,8.3847,7.827866666666667,,77.72072558736797,0.6996534798187888,0.34452974532393177,0.355123734494857,10.666624021522207,6.102775978477794,9714720.64
2021-10-26 00:00:00+00:00,12.32,13.23,11.807,12.31,21980239.57,8.61035,7.9444333333333335,,77.59730415555369,0.894393672931054,0.4545025308453562,0.4398911420856978,11.441608255617117,5.7790917443828835,10306622.818500001
2021-10-27 00:00:00+00:00,12.31,12.84,10.289,10.849,21117290.0,8.738600000000002,8.029966666666667,,63.234208981221066,0.9202283692676616,0.5476476985298173,0.3725806707378443,11.727118187998878,5.750081812001126,10670477.883499999
2021-10-28 00:00:00+00:00,10.855,12.641,10.651,11.358,15715972.3,8.9013,8.126833333333334,,65.62168100679986,0.9705862838417261,0.6322354155921991,0.338350868249527,12.082033192205863,5.72056680779414,10884180.208500002
2021-10-29 00:00:00+00:00,11.351,11.606,11.0,11.576,7160398.6,9.07815,8.231033333333333,,66.62141775918045,1.0163699914556865,0.7090623307648967,0.30730766069078985,12.435835469188575,5.7204645308114275,10984962.5735
2021-10-30 00:00:00+00:00,11.585,11.59,10.091,10.481,8276970.1,9.23265,8.317766666666667,,57.565983919635585,0.9533074262933408,0.7579113498705856,0.19539607642275514,12.549707929852913,5.9155920701470865,11060273.4485
2021-10-31 00:00:00+00:00,10.495,10.71,9.644,10.157,8217698.0,9.3695,8.395433333333333,,55.17617827864733,0.8671893775046833,0.7797669553974053,0.08742242210727802,12.600862901315804,6.138137098684197,11179321.6685
2021-11-01 00:00:00+00:00,10.158,10.714,9.836,10.144,9155164.9,9.513250000000001,8.473,,55.0773791892377,0.7887984346930033,0.7815732512565249,0.007225183436478377,12.611087947666096,6.415412052333905,11236735.9485
2021-11-02 00:00:00+00:00,10.147,10.996,10.013,10.461,7807626.9,9.674150000000001,8.54455,,57.09486811820542,0.7436796226930493,0.7739945255438297,-0.030314902850780423,12.61385809945479,6.734441900545212,11309097.3585
2021-11-03 00:00:00+00:00,10.462,11.297,10.194,10.96,9805337.6,9.8198,8.625933333333332,,60.13026439652325,0.7396614124629668,0.7671279029276572,-0.027466490464690407,12.710852860118626,6.928747139881375,11296863.9385
2021-11-04 00:00:00+00:00,10.962,11.5,10.284,10.601,7916961.8,9.95645,8.700283333333333,,57.005607608367455,0.6994458755309871,0.7535914974483233,-0.054145621917336184,12.721164052121862,7.191735947878138,11175998.6135
2021-11-05 00:00:00+00:00,10.6,11.007,10.122,10.364,5548643.6,10.0816,8.77135,,54.97460759226124,0.6410611001508784,0.7310854179888344,-0.09002431783795606,12.676986476037833,7.486213523962166,11163047.558500001
2021-11-06 00:00:00+00:00,10.362,10.6,9.77,10.19,6725650.9,10.20165,8.796616666666667,,53.468432754956744,0.57413216103369,0.6996947665978056,-0.12556260556411558,12.574313083962846,7.828986916037155,11294662.7035
2021-11-07 00:00:00+00:00,10.194,10.555,10.061,10.332,4914225.0,10.32605,8.795633333333335,,54.5625183057529,0.5264797766993254,0.6650517686181097,-0.13857199191878422,12.437761199477826,8.214338800522174,11325933.0785
2021-11-08 00:00:00+00:00,10.331,10.817,10.0,10.715,7182245.9,10.4525,8.812216666666666,,57.46735114516492,0.5136982245661397,0.6347810598077157,-0.12108283524157604,12.32590849789897,8.579091502101031,11349629.0285
2021-11-09 00:00:00+00:00,10.717,11.85,10.479,11.374,11080315.4,10.5846,8.836233333333332,,61.972192518825025,0.5503998777430894,0.6179048233947905,-0.06750494565170106,12.321743102913537,8.847456897086463,11406154.588499999
2021-11-10 00:00:00+00:00,11.378,11.8,9.94,10.778,13330896.9,10.649700000000001,8.865033333333335,,56.177081334216396,0.5253382113974752,0.5993915009953275,-0.07405328959785229,12.311745739442832,8.98765426055717,11269415.7435
2021-11-11 00:00:00+00:00,10.766,12.54,10.561,12.042,14121617.6,10.79645,8.9167,,63.88940215976277,0.6005481513101998,0.5996228310583019,0.0009253202518978432,12.405166566086164,9.187733433913836,11386436.508499999
2021-11-12 00:00:00+00:00,12.038,12.657,10.905,11.407,11350822.7,10.90115,8.970133333333335,,58.335151753845714,0.601974193677032,0.600093103582048,0.0018810900949839393,12.377141229648759,9.42515877035124,11666297.3935
2021-11-13 00:00:00+00:00,11.405,11.437,10.837,11.152,5615530.6,10.9786,9.012466666666665,,56.22142136743264,0.5758894782245285,0.5952523785105441,-0.019362900286015616,12.33141283258256,9.62578716741744,11416605.7385
2021-11-14 00:00:00+00:00,11.151,11.9,11.134,11.867,7175130.2,10.9559,9.056216666666666,,60.53897880211599,0.6059269293289802,0.5973872886742314,0.00853964065474877,12.230845002735432,9.680954997264568,10209936.9285
2021-11-15 00:00:00+00:00,11.87,11.978,11.034,11.08,5755518.3,10.894400000000001,9.095383333333332,,54.2024846888365,0.5597747678942486,0.5898647845182349,-0.03009001662398625,12.01096551979723,9.777834480202772,9398700.865
2021-11-16 00:00:00+00:00,11.077,11.146,8.969,9.675,14245295.3,10.8357,9.117933333333333,,45.122356275354704,0.4051566953411765,0.5529231666828233,-0.14776647134164678,12.07259564636636,9.59880435363364,9055101.129999999
2021-11-17 00:00:00+00:00,9.674,9.838,9.126,9.415,7952125.9,10.73855,9.123666666666669,,43.6646030255235,0.25865926875012235,0.4940703870962831,-0.23541111834616074,12.09548647235236,9.381613527647641,8666908.809999999
2021-11-18 00:00:00+00:00,9.417,9.89,8.399,8.799,9791755.5,10.5997,9.102633333333333,,40.33943138569371,0.09179479756054931,0.4136152691891364,-0.32182047162858707,12.141214073889719,9.058185926110282,8798476.655
2021-11-19 00:00:00+00:00,8.799,9.579,8.643,9.422,6166435.0,10.54675,9.131450000000001,,44.90882533312825,0.009712436399937019,0.33283470263129655,-0.32312226623135953,12.171443309520317,8.922056690479682,8692949.9
2021-11-20 00:00:00+00:00,9.421,9.877,9.27,9.805,5349816.4,10.52915,9.183183333333334,,47.567511609971,-0.024155082303105146,0.26143674564441627,-0.2855918279475214,12.177800026536888,8.880499973463111,8549555.82
2021-11-21 00:00:00+00:00,9.805,9.941,9.348,9.665,3666133.8,10.505199999999999,9.214750000000002,,46.68068998833896,-0.0615822826282475,0.19683293998988352,-0.258415222618131,12.189075126011451,8.821324873988546,8275104.265000001
2021-11-22 00:00:00+00:00,9.671,9.759,9.0,9.274,4682950.6,10.44585,9.216483333333334,,44.20211374276672,-0.12139467852255059,0.13318741628739672,-0.2545820948099473,12.213369649112872,8.678330350887128,8118870.45
2021-11-23 00:00:00+00:00,9.269,9.989,9.082,9.972,4532588.2,10.39645,9.2498,,49.37025208054036,-0.11119191543663476,0.08431154994259044,-0.1955034653792252,12.158948507800812,8.633951492199188,7855232.9799999995
2021-11-24 00:00:00+00:00,9.974,10.319,9.037,9.283,6229429.5,10.330549999999999,9.27755,,44.94492360696811,-0.15689411626178185,0.036070416701715985,-0.19296453296349783,12.154999448463862,8.506100551536136,7770856.364999999
2021-11-25 00:00:00+00:00,9.282,9.497,9.108,9.278,4190673.5,10.276250000000001,9.310633333333332,,44.913461184542186,-0.19131157712180347,-0.009405982062987907,-0.18190559505881557,12.157252485378502,8.3952475146215,7702957.859999999
2021-11-26 00:00:00+00:00,9.279,9.385,7.83,8.27,9411550.4,10.18025,9.333566666666666,,38.98805303491534,-0.2965068917315463,-0.06682616399669959,-0.2296807277348467,12.255057545291876,8.105442454708122,7837252.834999999
2021-11-27 00:00:00+00:00,8.27,8.539,8.16,8.309,2709278.2,10.0791,9.365116666666667,,39.32160582904088,-0.3724347662351164,-0.12794788444438296,-0.24448688179073344,12.306118356457826,7.852081643542175,7727005.494999999
2021-11-28 00:00:00+00:00,8.311,8.731,7.53,8.396,5472183.5,9.96315,9.394366666666667,,40.10821013610845,-0.4207379754189926,-0.1865059026393049,-0.23423207277968772,12.285115656507461,7.64118434349254,7641502.375
2021-11-29 00:00:00+00:00,8.391,8.538,8.12,8.423,2684024.3,9.8156,9.4193,,40.366579583419174,-0.45163378916226904,-0.23953147994389773,-0.2121023092183713,12.135245093543434,7.495954906456566,7221687.82
2021-11-30 00:00:00+00:00,8.424,9.0,8.201,8.743,6082250.4,9.713849999999999,9.434516666666667,,43.47870347077356,-0.44516602170572384,-0.28065838829626294,-0.1645076334094609,12.034236284651787,7.3934637153482115,6859255.495
2021-12-01 00:00:00+00:00,8.75,8.919,8.352,8.506,3675429.2,9.53705,9.446183333333332,,41.74124049186167,-0.4539315483798738,-0.31531302031298514,-0.13861852806688868,11.650550269694834,7.423549730305167,6336946.075000001
2021-12-02 00:00:00+00:00,8.502,8.511,8.068,8.232,3746987.8,9.3783,9.44945,,39.762887477688196,-0.47748366701768497,-0.3477471496539251,-0.12973651736375985,11.380140563081921,7.376459436918077,5956754.33
2021-12-03 00:00:00+00:00,8.231,9.581,8.2,9.126,14357598.4,9.277,9.47445,,48.36243891502069,-0.41917853299297647,-0.3620334263217354,-0.057145106671241064,11.10725888879146,7.446741111208539,6393857.72
2021-12-04 00:00:00+00:00,9.125,9.162,6.123,7.973,20863252.9,9.0823,9.4743,,40.359739896267094,-0.4606981170705655,-0.3817663644715015,-0.07893175259906404,10.564419576822383,7.600180423177617,7078263.855000001
2021-12-05 00:00:00+00:00,7.972,8.175,7.1,7.343,6242831.7,8.89545,9.466733333333334,,36.77861411668545,-0.5382339949994943,-0.4130598905771001,-0.12517410442239424,10.260696713967908,7.530203286032092,7102629.525
2021-12-06 00:00:00+00:00,7.344,7.429,6.63,7.263,8663621.3,8.774849999999999,9.449716666666667,,36.33769120449503,-0.5992295233483773,-0.4502938171313556,-0.14893570621702173,10.263863132917292,7.285836867082705,6823545.825
2021-12-07 00:00:00+00:00,7.263,7.694,7.12,7.595,6658309.6,8.68385,9.441233333333335,,39.57523079055215,-0.6137048857488026,-0.482976030854845,-0.13072885489395758,10.22673266242128,7.140967337578719,6758855.01
2021-12-08 00:00:00+00:00,7.6,9.8,7.491,9.339,19428063.2,8.710849999999999,9.4629,,53.07508980363114,-0.4789296866522843,-0.4821667620143329,0.0032370753620485915,10.279532029603251,7.142167970396747,7240670.394999999
2021-12-09 00:00:00+00:00,9.34,10.081,8.895,9.765,19347698.0,8.728,9.502466666666667,,55.679824561491436,-0.33389578779714846,-0.45251256717089605,0.1186167793737476,10.334451493198651,7.121548506801348,7899733.544999999
2021-12-10 00:00:00+00:00,9.761,10.384,9.101,10.008,16088976.8,8.738150000000001,9.5456,,57.14126383264147,-0.19707554467364297,-0.40142516267144546,0.2043496179978025,10.373988778731015,7.102311221268987,8436691.565
2021-12-11 00:00:00+00:00,10.006,11.824,9.527,11.649,16454296.0,8.83735,9.618599999999999,,65.4311909285394,0.04327166056185128,-0.3124857980247861,0.3557574585866374,10.876812014846115,6.797887985153887,9076099.675
2021-12-12 00:00:00+00:00,11.639,11.86,10.516,10.572,10173420.3,8.902249999999999,9.674083333333334,,57.56185734728213,0.14517022123852819,-0.22095459417212324,0.36612481541065145,11.071633956334185,6.732866043665813,9350623.16
2021-12-13 00:00:00+00:00,10.565,10.717,8.902,9.101,12556806.9,8.858699999999999,9.691650000000001,,48.90960904170787,0.10600618505941739,-0.15556243832581512,0.2615686233852325,10.974750008860887,6.7426499911391105,9751834.095
2021-12-14 00:00:00+00:00,9.103,9.688,8.903,9.33,9425524.6,8.86105,9.716016666666667,,50.16544313600451,0.09238186970473627,-0.10597357671970485,0.19835544642444114,10.97908309464233,6.7430169053576705,9911638.85
2021-12-15 00:00:00+00:00,9.329,17.95,9.05,9.845,42680329.33,8.889399999999998,9.749083333333333,,52.96549485154166,0.1217373848005856,-0.06043138441564677,0.18216876921623237,11.0438631256998,6.734936874300195,11836121.6415
2021-12-16 00:00:00+00:00,9.847,11.006,9.2,9.233,11896394.2,8.93755,9.77315,,49.412449798679425,0.09452888654461944,-0.02943933022359353,0.12396821676821297,11.077484248989945,6.7976157510100546,11960363.8315
2021-12-17 00:00:00+00:00,9.235,9.348,8.27,8.402,10180885.8,8.9422,9.78245,,44.99838325969452,0.005843836497415822,-0.02238269687939166,0.028226533376807483,11.077048903318492,6.807351096681509,12333944.2115
2021-12-18 00:00:00+00:00,8.399,8.547,8.084,8.414,6486650.0,8.9431,9.786249999999999,,45.07468596634208,-0.06274808404096,-0.03045577431170533,-0.03229230972925466,11.0770420704415,6.809157929558498,12384667.5365
2021-12-19 00:00:00+00:00,8.413,9.696,8.35,9.013,14948631.2,8.9726,9.790933333333333,,48.88648908460919,-0.06798963906059008,-0.03796254726148228,-0.0300270917991078,11.093237677680975,6.851962322319024,12997897.8815
2021-12-20 00:00:00+00:00,9.016,9.088,8.264,8.509,11878190.9,8.960899999999999,9.774816666666668,,45.99415187540045,-0.1115265879898093,-0.052675355407147684,-0.05885123258266162,11.089044346608134,6.832755653391864,13287694.9065
2021-12-21 00:00:00+00:00,8.512,9.383,8.494,9.246,9378713.7,8.9979,9.777133333333332,,50.597081326130045,-0.08557375210255991,-0.05925503474623013,-0.026318717356329777,11.11884129103098,6.876958708969019,13572859.1315
2021-12-22 00:00:00+00:00,9.246,11.8,9.078,10.825,27615235.1,9.12755,9.802333333333333,,58.7156318138179,0.0616949797418922,-0.03506503184860567,0.09676001159049787,11.359476027000033,6.8956239729999655,14766271.4965
2021-12-23 00:00:00+00:00,10.825,14.273,10.695,13.723,40321532.5,9.3574,9.871,,68.83747250570677,0.40755287529248285,0.05345854957961203,0.3540943257128708,12.356366715387175,6.358433284612825,16064468.201499999
2021-12-24 00:00:00+00:00,13.724,15.939,13.508,14.95,29249621.6,9.70625,9.914816666666667,,71.97086251179903,0.7717600256492982,0.1971188447935493,0.574641180855749,13.498233432189561,5.914266567810439,16483786.636500001
2021-12-25 00:00:00+00:00,14.949,15.696,14.207,15.221,17066993.1,10.10015,9.963333333333335,,72.62555375693663,1.0699307556935356,0.37168122697354655,0.698249528719989,14.427275247782887,5.773024752217112,17024994.7065
2021-12-26 00:00:00+00:00,15.226,16.301,14.514,16.261,12543856.0,10.55005,10.053533333333332,,75.0354546997186,1.374310321902625,0.5722070459593622,0.8021032759432627,15.438373167508477,5.661726832491525,17219006.4415
2021-12-27 00:00:00+00:00,16.267,16.49,14.571,14.752,12980540.5,10.907900000000001,10.1101,,65.96171398688335,1.476746616546185,0.7531149600767268,0.7236316564694583,15.924700729548672,5.89109927045133,17535117.9865
2021-12-28 00:00:00+00:00,14.754,14.825,13.036,13.335,17918983.5,11.107700000000001,10.139416666666667,,58.77430080995555,1.4271369144401866,0.8879193509494188,0.5392175634907679,16.17667256256138,6.038727437438623,17459664.0015
2021-12-29 00:00:00+00:00,13.333,15.228,13.135,14.904,20101784.8,11.364650000000001,10.213133333333333,,63.514907333104894,1.4971676388364532,1.0097690085268256,0.4873986303096276,16.65163398995118,6.077666010048825,17497368.3415
2021-12-30 00:00:00+00:00,14.907,15.531,14.056,15.43,17366223.8,11.63575,10.301016666666667,,64.96923731192344,1.5769333899863902,1.1232018848187386,0.4537315051676516,17.167072911383862,6.104427088616137,17561230.6915
2021-12-31 00:00:00+00:00,15.43,15.716,14.146,14.625,9136497.6,11.78455,10.3757,,60.96410796767279,1.5572406492635587,1.2100096377077025,0.3472310115558561,17.467335882821914,6.101764117178084,17195340.7715
2022-01-01 00:00:00+00:00,14.619,15.326,14.43,15.175,5338109.4,12.014700000000001,10.454266666666665,,62.65789597830991,1.5679401754862585,1.281595745263414,0.2863444302228446,17.853120509007557,6.176279490992446,16953575.2265
2022-01-02 00:00:00+00:00,15.171,15.268,14.219,14.384,5634754.0,12.27885,10.511333333333335,,58.71221567633542,1.4953550159685864,1.3243475994044485,0.17100741656413798,18.04364315413832,6.514056845861681,16607472.5815
2022-01-03 00:00:00+00:00,14.387,16.49,13.906,16.485,13822823.2,12.6366,10.6094,,65.01413642016723,1.5890463580448415,1.377287351132527,0.21175900691231453,18.511980511932826,6.761219488067175,16827337.5115
2022-01-04 00:00:00+00:00,16.48,17.664,15.92,16.028,21452398.3,12.94575,10.703800000000001,7.084566,62.76985499039744,1.6078866248220258,1.4234072058704268,0.18447941895159903,18.85163807462519,7.0398619253748125,15765940.959999999
2022-01-05 00:00:00+00:00,16.029,17.298,14.0,15.309,18198848.5,13.24955,10.789116666666667,7.146791499999999,59.3014318802127,1.5469678979400783,1.4481193442843572,0.0988485536557211,18.98282339222542,7.516276607774577,16081063.675
2022-01-06 00:00:00+00:00,15.305,16.3,14.751,15.935,17682247.0,13.6262,10.882499999999999,7.212040000000001,61.30614868370832,1.5315476088110334,1.4648049971896926,0.06674261162134076,19.015591713356898,8.236808286643104,16456131.735
2022-01-07 00:00:00+00:00,15.935,16.05,14.278,15.057,16078326.8,13.958350000000001,10.954866666666666,7.276107,57.06077036624406,1.4319727656608006,1.4582385508839142,-0.026265785223113625,18.814303100061817,9.102396899938185,16935715.575
2022-01-08 00:00:00+00:00,15.059,15.561,13.31,13.82,12265867.7,14.198699999999999,10.995633333333334,7.3345485,51.635508690332934,1.23896144677488,1.4143831300621075,-0.17542168328722751,18.49541256194779,9.901987438052206,16801577.4
2022-01-09 00:00:00+00:00,13.82,14.316,13.103,13.519,7801429.7,14.4492,11.041316666666667,7.391403,50.380273630734145,1.0496111377129793,1.341428731592282,-0.2918175938793026,17.888473039466326,11.00992696053367,16597739.34
2022-01-10 00:00:00+00:00,13.514,15.555,13.2,15.474,21510045.8,14.7606,11.098516666666665,7.457917999999999,57.59129186321426,1.0452527914369831,1.2821935435612224,-0.23694075212423926,17.257819285525393,12.263380714474607,17204305.945
2022-01-11 00:00:00+00:00,15.474,18.441,15.292,18.045,22842154.9,15.1216,11.20915,7.538669500000001,64.82991055240498,1.2350204370448274,1.2727589222579434,-0.03773848521311596,17.30666003578848,12.936539964211523,16965651.935
2022-01-12 00:00:00+00:00,18.04,18.838,17.392,17.573,15768190.8,15.3141,11.316166666666668,7.6170845,62.7135641915951,1.3319720632384975,1.2846015504540544,0.04737051278444304,17.645820043229875,12.982379956770124,15737984.85
2022-01-13 00:00:00+00:00,17.574,19.877,17.172,19.623,20613100.57,15.547750000000002,11.445433333333336,7.705378,67.65265005326381,1.5562849092507633,1.3389382222133963,0.21734668703736704,18.53193483844415,12.563565161555854,15306158.798499998
2022-01-14 00:00:00+00:00,19.625,20.597,18.451,20.184,18119207.95,15.7959,11.597166666666668,7.7964115,68.86798670526895,1.7590452882147805,1.4229596354136733,0.33608565280110714,19.392656199688815,12.199143800311184,15358769.541
2022-01-15 00:00:00+00:00,20.193,20.299,19.032,19.283,6770365.2,15.947,11.757299999999999,7.882348,64.66576536613604,1.82598239095622,1.5035641865221827,0.32241820443403735,19.85008083441785,12.043919165582151,15070095.001000002
2022-01-16 00:00:00+00:00,19.281,20.456,18.751,20.142,9327904.7,16.216500000000003,11.936083333333332,7.9726045,66.74891476301323,1.9261412903581334,1.5880796072893728,0.3380616830687606,20.480010173554174,11.952989826445833,14887463.211000001
2022-01-17 00:00:00+00:00,20.142,20.182,17.358,17.692,11529269.0,16.434350000000002,12.0843,8.0506955,56.514914825336746,1.7872214390022734,1.627907973631953,0.15931346537032032,20.52855274412491,12.340147255875095,14567977.486000001
2022-01-18 00:00:00+00:00,17.692,18.223,16.758,17.705,12486326.5,16.5744,12.22235,8.1287075,56.55297959009163,1.6590509407718734,1.6341365670599373,0.024914373711936166,20.641162368272816,12.507637631727187,14187204.571
2022-01-19 00:00:00+00:00,17.704,17.857,16.165,16.21,11754017.8,16.6134,12.3291,8.198466000000002,51.02176133287553,1.4204666365654681,1.5914025809610435,-0.17093594439557536,20.650366603775648,12.576433396224349,13906594.271000002
2022-01-20 00:00:00+00:00,16.208,17.579,15.15,15.259,11565497.5,16.6451,12.422333333333333,8.2632955,47.81785782213479,1.1414907100611273,1.5014202067810603,-0.3599294967199329,20.628718048960003,12.661481951039995,14028044.266000003
2022-01-21 00:00:00+00:00,15.254,15.706,11.93,13.224,27700767.6,16.547549999999998,12.488166666666666,8.3185625,41.77297401677142,0.7475752039957797,1.3506512062240041,-0.6030760022282244,20.759401729346592,12.335698270653403,15146177.175999999
2022-01-22 00:00:00+00:00,13.224,13.538,10.092,11.407,27432919.2,16.3987,12.512083333333333,8.364311,37.24558476754928,0.2854866997679899,1.1376183049328012,-0.8521316051648113,21.089108387336857,11.708291612663146,16236085.435999999
2022-01-23 00:00:00+00:00,11.408,12.585,10.823,11.696,18776863.3,16.15925,12.552299999999999,8.4112395,38.38934725384566,-0.056747731746865426,0.8987450975968679,-0.9554928293437334,21.277078987959637,11.041421012040363,16483787.441
2022-01-24 00:00:00+00:00,11.7,11.712,9.509,10.719,25040201.5,15.893799999999999,12.576316666666667,8.4543365,36.000535504563075,-0.40217074524999497,0.6385619290274954,-1.0407326742774905,21.535265894605757,10.252334105394239,16663177.601
2022-01-25 00:00:00+00:00,10.719,12.498,9.973,12.135,17682492.5,15.7351,12.640733333333333,8.504567999999999,41.66612849837136,-0.5552609040316465,0.3997973624156671,-0.9550582664473136,21.607298222131128,9.86290177786887,16637359.800999999
2022-01-26 00:00:00+00:00,12.131,12.937,10.735,11.302,23614921.7,15.50345,12.690616666666667,8.5505195,39.45343970466786,-0.7353257189855711,0.17277274613541949,-0.9080984651209906,21.68330017536833,9.32359982463167,16933993.536
2022-01-27 00:00:00+00:00,11.298,11.772,9.936,10.541,18223245.6,15.27765,12.726366666666667,8.59235,37.494465603831514,-0.9287289133912306,-0.04752758576991056,-0.8812013276213201,21.82531554658987,8.729984453410129,17041239.476
2022-01-28 00:00:00+00:00,10.537,10.893,10.066,10.769,10654080.8,15.1251,12.765466666666667,8.635735,38.48005189849144,-1.0514837931860797,-0.24831882725314441,-0.8031649659329352,21.938283863657286,8.311916136342713,16960650.131
2022-01-29 00:00:00+00:00,10.773,11.378,10.65,11.048,7289215.4,15.00155,12.803883333333333,8.681232,39.73236909038486,-1.113420137262544,-0.4213390892550244,-0.6920810480075197,22.01347223217001,7.989627767829991,16935039.416
2022-01-30 00:00:00+00:00,11.044,11.157,10.264,10.357,6386429.3,14.7457,12.834733333333332,8.7230475,37.686210106727806,-1.2043797215131935,-0.5779472157066583,-0.6264325058065352,22.037815169139886,7.453584830860112,16178858.591
2022-01-31 00:00:00+00:00,10.357,11.367,10.029,11.12,8148127.8,14.399449999999998,12.882866666666667,8.769023,41.28202367671674,-1.201053131151017,-0.7025683987955301,-0.49848473235548696,21.689679858516126,7.10922014148387,15444157.236000001
2022-02-01 00:00:00+00:00,11.122,11.528,10.921,11.211,6977477.8,14.08135,12.917616666666667,8.815876000000001,41.714018609296566,-1.1775003537316344,-0.7975547897827511,-0.37994556394888335,21.345072166355216,6.817627833644785,15004621.586000001
2022-02-02 00:00:00+00:00,11.209,11.95,10.851,10.863,10732381.9,13.643350000000002,12.965783333333333,8.860507,40.48728911574565,-1.1733891993007042,-0.8727216716863417,-0.30066752761436244,20.566056270671908,6.720643729328095,14510585.6525
2022-02-03 00:00:00+00:00,10.862,10.993,10.438,10.959,8093251.2,13.1821,13.02605,8.9057665,41.002725883534914,-1.1491381330166348,-0.9280049639524004,-0.22113316906423441,19.5033326614356,6.860867338564402,14009287.815000001
2022-02-04 00:00:00+00:00,10.957,13.164,10.832,12.984,15562189.8,12.867149999999999,13.1214,8.962034,50.701891885103215,-0.9555039570616906,-0.9335047625742585,-0.02199919448743204,18.53502975437025,7.199270245629747,14448879.044999998
2022-02-05 00:00:00+00:00,12.984,13.592,12.569,12.815,12927701.1,12.5008,13.2084,9.017712,49.9636428267181,-0.8063888168455744,-0.9080815734285218,0.10169275658294741,17.083797604188792,7.917802395811207,14628868.865
2022-02-06 00:00:00+00:00,12.82,13.973,12.74,13.495,11213044.3,12.29095,13.277666666666667,9.07605,52.93325537480887,-0.6261260851452501,-0.8516904757718675,0.22556439062661737,16.245149563755,8.336750436245001,14613057.629999999
2022-02-07 00:00:00+00:00,13.496,14.083,13.066,13.503,11610916.3,12.08085,13.339966666666667,9.133888500000001,52.96861988004433,-0.47712108355502103,-0.7767765973284982,0.2996555137734772,15.225774754266824,8.935925245733175,14569287.12
2022-02-08 00:00:00+00:00,13.51,13.75,12.2,12.778,12742429.9,11.90925,13.386133333333333,9.1880805,49.349764617588136,-0.4127767537215927,-0.7039766286071172,0.29119987488552446,14.450901657879236,9.367598342120765,14618707.725
2022-02-09 00:00:00+00:00,12.782,13.105,12.098,12.995,6802873.4,11.79605,13.408566666666667,9.2423655,50.44115505145761,-0.3403499795931637,-0.6312512988043265,0.2909013192111628,13.893749165752865,9.698350834247133,14380576.52
2022-02-10 00:00:00+00:00,12.996,13.005,11.699,11.787,8628835.1,11.7242,13.428816666666668,9.290511500000001,44.67066170754469,-0.37609139610686526,-0.5802193182648343,0.20412792215796904,13.717162679028455,9.731237320971545,13426979.895000001
2022-02-11 00:00:00+00:00,11.783,12.327,10.644,10.854,9115922.0,11.69655,13.458033333333333,9.3340435,40.78938609613052,-0.4742353390038456,-0.5590225224126366,0.08478718340879099,13.721437303036955,9.671662696963045,12511130.035
2022-02-12 00:00:00+00:00,10.854,11.247,10.4,10.793,7232911.9,11.651399999999999,13.482416666666666,9.3768315,40.54136799888326,-0.5505904470968783,-0.5573361073494849,0.006745660252606589,13.714236629498389,9.588563370501609,11933932.465
2022-02-13 00:00:00+00:00,10.797,11.2,10.123,10.38,5480309.8,11.63445,13.491333333333333,9.4175995,38.82029256197161,-0.6370841591686602,-0.57328571771332,-0.0637984414553402,13.732916914201954,9.535983085798044,10955937.88
2022-02-14 00:00:00+00:00,10.379,10.676,10.041,10.554,5308924.2,11.5554,13.513349999999999,9.459095000000001,39.97642410986471,-0.6837093277813846,-0.595370439726933,-0.08833888805445156,13.691268010903363,9.419531989096638,10337259.465
2022-02-15 00:00:00+00:00,10.559,11.6,10.492,11.51,6906966.6,11.5658,13.56515,9.5050325,46.01289640664154,-0.6361853507368664,-0.6035334219289197,-0.03265192880794676,13.698654762987925,9.432945237012074,9501861.709999999
2022-02-16 00:00:00+00:00,11.512,11.519,10.824,11.223,4635594.6,11.5999,13.611966666666667,9.549146,44.56394550542352,-0.6145960769756389,-0.6057459529382636,-0.008850124037375284,13.68745300771029,9.512346992289709,8822479.16
2022-02-17 00:00:00+00:00,11.211,11.729,10.4,10.445,8724050.2,11.5837,13.635833333333332,9.589413,40.81209622989605,-0.6527401379664095,-0.6151447899438928,-0.03759534802251674,13.701601706878836,9.465798293121164,8725977.629999999
2022-02-18 00:00:00+00:00,10.451,10.947,10.115,10.275,6327293.2,11.54505,13.665266666666668,9.629031500000002,40.01925763284961,-0.6887477055464544,-0.629865373064405,-0.05888233248204933,13.727863915568683,9.362236084431316,8677881.52
2022-02-19 00:00:00+00:00,10.274,10.476,9.836,10.044,4431814.5,11.529399999999999,13.678566666666667,9.6675495,38.91304443836059,-0.7275371364932539,-0.6493997257501749,-0.078137410743079,13.75021844372751,9.308581556272488,8580150.78
2022-02-20 00:00:00+00:00,10.044,10.081,9.088,9.293,5966735.0,11.43805,13.653033333333333,9.701743,35.47937554515107,-0.809545526705211,-0.6814288859411821,-0.12811664076402884,13.859915105657269,9.016184894342732,8471081.139999999
2022-02-21 00:00:00+00:00,9.294,9.846,8.494,8.545,8819899.8,11.30475,13.566733333333334,9.731888,32.41168751696107,-0.9242410400997052,-0.7299913167728868,-0.19424972332681845,14.03568250557393,8.57381749442607,8563202.24
2022-02-22 00:00:00+00:00,8.547,9.024,8.205,8.965,7822610.1,11.20985,13.466983333333333,9.764088000000001,35.76988549795735,-0.9700652623877026,-0.77800610589585,-0.19205915649185268,14.121520604652991,8.298179395347008,8417713.65
2022-02-23 00:00:00+00:00,8.959,9.448,8.525,8.556,6861524.4,11.0897,13.355899999999998,9.792963,33.99834466815946,-1.0275393366886956,-0.8279127520544192,-0.1996265846342764,14.222762469852832,7.956637530147169,8356127.3100000005
2022-02-24 00:00:00+00:00,8.558,8.824,7.385,8.488,17816580.6,10.8649,13.22635,9.822606,33.69951237933782,-1.066283533514957,-0.8755869083465269,-0.1906966251684301,14.066467484842441,7.66333251515756,8468846.85
2022-02-25 00:00:00+00:00,8.489,9.049,8.228,8.935,7865253.6,10.6709,13.1294,9.853836500000002,37.58328630320204,-1.0488291745211171,-0.9102353615814449,-0.1385938129396722,13.846402347660977,7.495397652339022,8215724.475
2022-02-26 00:00:00+00:00,8.935,9.396,8.881,9.117,6753506.1,10.452,13.0591,9.885131,39.14633499260439,-1.0086831191895218,-0.9299249131030604,-0.07875820608646145,13.415099593331348,7.488900406668652,7992747.565
2022-02-27 00:00:00+00:00,9.117,9.173,8.283,8.508,6840159.8,10.202250000000001,12.952499999999999,9.91281,35.906141579946436,-1.0143158892950854,-0.9468031083414654,-0.06751278095362001,12.9270556719701,7.477444328029902,7754209.74
2022-02-28 00:00:00+00:00,8.512,9.78,8.309,9.759,9068323.4,10.0513,12.857983333333332,9.9448875,45.82580610175266,-0.9073750010382469,-0.9389174868808218,0.03154248584257491,12.510124686715269,7.59247531328473,7570504.415000001
2022-03-01 00:00:00+00:00,9.757,11.94,9.483,11.808,24409388.4,9.99195,12.811033333333333,9.986852500000001,57.44341328434592,-0.6497959575203449,-0.8810931810087265,0.23129722348838155,12.20912256658124,7.774777433418758,8450830.165000001
2022-03-02 00:00:00+00:00,11.809,11.914,10.75,11.085,14609538.5,9.95685,12.742866666666666,10.026048,53.11505790177044,-0.49825914613144384,-0.80452637403327,0.30626722790182614,12.079451448694607,7.834248551305391,8749865.335
2022-03-03 00:00:00+00:00,11.091,11.629,10.704,11.035,12178786.3,9.9659,12.68705,10.0650945,52.81865231841071,-0.3778441611842265,-0.7191899314634613,0.34134577027923485,12.105202493805036,7.826597506194963,8903008.55
2022-03-04 00:00:00+00:00,11.031,11.79,10.301,10.428,16040157.8,9.94765,12.586099999999998,10.0999275,49.22714512149927,-0.3276176725653599,-0.6408754796838411,0.31325780711848117,12.064527726747686,7.830772273252313,9343370.845
2022-03-05 00:00:00+00:00,10.427,10.756,10.058,10.505,8445830.9,9.9539,12.494049999999998,10.133796499999999,49.694441182625326,-0.27839045017091735,-0.5683784737812563,0.28998802361033893,12.076576979665171,7.83122302033483,9491646.9
2022-03-06 00:00:00+00:00,10.504,10.874,10.087,10.094,10069605.8,9.9309,12.407133333333332,10.162078000000001,47.197461779095384,-0.2694358975807294,-0.508589958541151,0.23915406096042158,12.036972923713813,7.824827076286185,9729680.98
2022-03-07 00:00:00+00:00,10.094,10.335,9.321,9.658,11018251.5,9.8383,12.302516666666667,10.1879685,44.63525308151895,-0.29413035469576165,-0.46569803777207314,0.17156768307631148,11.817549261715275,7.859050738284725,9935245.225
2022-03-08 00:00:00+00:00,9.657,9.953,9.544,9.731,6866407.3,9.7637,12.213750000000001,10.2145735,45.171938508904184,-0.3043025891340836,-0.4334189480444753,0.1291163589103917,11.63826417334816,7.889135826651841,10046785.860000001
2022-03-09 00:00:00+00:00,9.733,11.714,9.692,11.598,16831600.5,9.821349999999999,12.176716666666666,10.241638499999999,56.725684855681514,-0.15986997977226558,-0.37870915439003333,0.21883917461776775,11.841447549624883,7.801252450375115,10452163.375
2022-03-10 00:00:00+00:00,11.599,11.99,10.503,11.042,19164662.7,9.8597,12.135433333333333,10.2695805,53.1347019063673,-0.08924192423497423,-0.32081570835902157,0.23157378412404733,11.940985381681344,7.778414618318656,11094031.85
2022-03-11 00:00:00+00:00,11.042,11.363,10.23,10.252,13896245.0,9.8701,12.048399999999999,10.293385,48.44229871388772,-0.09590949412188188,-0.27583446551159363,0.17992497138971175,11.957036213687534,7.783163786312468,11567253.375
2022-03-12 00:00:00+00:00,10.248,10.633,10.234,10.327,6216409.3,9.921800000000001,11.919766666666666,10.319784,48.90364375797504,-0.09405748199200303,-0.23947906880767553,0.1454215868156725,12.000201751346562,7.843398248653441,11579737.09
2022-03-13 00:00:00+00:00,10.328,10.475,9.723,9.85,6517122.2,9.98705,11.79105,10.34113,46.079530202797535,-0.12958587725215942,-0.2175004304965723,0.08791455324441289,11.96812016281616,8.00597983718384,11464598.209999999
2022-03-14 00:00:00+00:00,9.848,10.195,9.608,10.13,8430692.5,10.045300000000001,11.632833333333332,10.367429999999999,47.978626919279044,-0.13360857009413962,-0.20072205841608579,0.06711348832194616,11.9704588090338,8.120141190966201,11495002.33
2022-03-15 00:00:00+00:00,10.131,10.399,9.831,10.113,8637866.9,10.123149999999999,11.464983333333333,10.391415,47.86839234459076,-0.13659377308891862,-0.1878964013506524,0.05130262826173376,11.92295768694892,8.323342313051079,11583819.455
2022-03-16 00:00:00+00:00,10.115,10.847,9.925,10.815,11466162.6,10.2395,11.323849999999998,10.416905,52.7011343935878,-0.0813759831493428,-0.1665923177103905,0.08521633456104769,11.89665014407277,8.582349855927228,11266298.555
2022-03-17 00:00:00+00:00,10.816,11.192,10.663,10.723,8221120.7,10.3289,11.166866666666667,10.44279,52.020517748719335,-0.04452585162233191,-0.14217902449277878,0.09765317287044686,11.88472375608563,8.773076243914371,11284091.91
2022-03-18 00:00:00+00:00,10.723,11.495,10.423,11.355,7050605.7,10.4408,11.061250000000001,10.472945,56.20481827790239,0.035268705575438375,-0.10668947847913535,0.14195818405457372,11.953194472351832,8.928405527648167,11298946.89
2022-03-19 00:00:00+00:00,11.354,11.56,11.057,11.293,5790549.9,10.58005,10.954383333333332,10.503025000000001,55.69170047210905,0.09243801727653533,-0.06686397932800123,0.15930199660453656,11.848072314472565,9.312027685527434,11246466.395
2022-03-20 00:00:00+00:00,11.293,11.343,10.58,10.653,4677098.5,10.62475,10.861766666666666,10.528805000000002,50.56040471762101,0.08512123279988515,-0.03646693690242395,0.1215881697023091,11.8355877058881,9.413912294111901,11026905.15
2022-03-21 00:00:00+00:00,10.652,11.288,10.519,10.862,6530709.5,10.57745,10.788483333333335,10.555665,52.11212393705548,0.09509103148285014,-0.010155343225369137,0.10524637470821928,11.6675968662526,9.487303133747401,10132971.205
2022-03-22 00:00:00+00:00,10.862,11.5,10.804,11.07,7006834.7,10.5767,10.752583333333332,10.580174999999999,53.67058786349676,0.1184110614312388,0.015557937705952452,0.10285312372528635,11.665468864360275,9.487931135639727,9752836.014999999
2022-03-23 00:00:00+00:00,11.071,12.719,10.882,12.493,13695498.2,10.649600000000001,10.770683333333332,10.612255,62.630682442892386,0.24884799587591644,0.06221594933994525,0.18663204653597118,12.01216866249021,9.287031337509793,9828671.610000001
2022-03-24 00:00:00+00:00,12.492,13.2,11.903,12.896,12391485.3,10.773,10.790683333333334,10.646035000000001,64.71213274030345,0.38035444883541203,0.12584364923903862,0.2545107995963734,12.444862554159384,9.101137445840616,9646237.985
2022-03-25 00:00:00+00:00,12.895,12.9,11.927,12.221,9306749.5,10.858799999999999,10.815716666666667,10.676639999999999,58.80411233355612,0.425205892620367,0.1857160979153043,0.2394897947050627,12.63943298857466,9.078167011425338,9689283.915
2022-03-26 00:00:00+00:00,12.221,13.544,12.145,12.714,10830250.3,10.989799999999999,10.825366666666667,10.69684,61.564183111170706,0.4948278968094879,0.24753845769414104,0.24728943911534687,12.90640622977186,9.073193770228137,9727316.14
2022-03-27 00:00:00+00:00,12.716,13.227,12.482,13.197,7187618.0,11.16675,10.856950000000001,10.710870000000002,64.10178835077424,0.5822659012675224,0.3144839464088173,0.2677819548587051,13.20825492284498,9.125245077155022,9535784.465
2022-03-28 00:00:00+00:00,13.196,13.499,12.505,12.64,9740299.5,11.3122,10.891933333333334,10.72547,59.24413977943678,0.5997029030364391,0.3715277377343417,0.22817516530209742,13.338264421483252,9.286135578516749,9679479.075
2022-03-29 00:00:00+00:00,12.641,14.428,12.599,14.101,15928040.8,11.43735,10.947466666666667,10.746310000000001,66.43011212183086,0.7230771590885929,0.44183762200519194,0.281239537083401,13.799855388353697,9.074844611646304,9634301.09
2022-03-30 00:00:00+00:00,14.097,14.712,13.53,14.034,10958136.5,11.58695,10.997233333333334,10.771229999999997,65.85665046426377,0.8061529761198969,0.514700692828133,0.29145228329176387,14.19638844342039,8.977511556579609,9223974.780000001
2022-03-31 00:00:00+00:00,14.034,14.383,12.97,13.302,10499897.8,11.73945,11.046316666666668,10.793029999999998,59.784418274889894,0.8036607760604362,0.5724927094745937,0.23116806658584244,14.375356862922173,9.103543137077827,9054157.42
2022-04-01 00:00:00+00:00,13.301,14.75,12.533,14.74,11251454.5,11.9601,11.10665,10.825725000000002,66.34864756718613,0.907261921016012,0.6394465517828775,0.26781536923313454,14.815781417805598,9.104418582194404,9305909.68
2022-04-02 00:00:00+00:00,14.738,16.288,14.361,14.825,16409947.3,12.20885,11.166883333333335,10.85679,66.69470437987572,0.98487236881863,0.708531715190028,0.27634065362860205,15.151372066187465,9.266327933812535,9800550.935
2022-04-03 00:00:00+00:00,14.825,17.43,14.551,16.813,20711278.2,12.543000000000001,11.26605,10.894645,73.54657216377963,1.1930415530649139,0.8054336827650053,0.3876078702999086,15.946986956496765,9.139013043503237,10414580.22
2022-04-04 00:00:00+00:00,16.806,18.0,15.311,17.115,27615632.2,12.8931,11.36865,10.93657,74.40791605717499,1.3666323207443103,0.9176734103608664,0.44895891038344393,16.647631123855554,9.138568876144447,11363468.485
2022-04-05 00:00:00+00:00,17.111,17.65,15.863,16.14,16550530.6,13.15935,11.421249999999999,10.975659999999998,66.8409843204943,1.4092845481769505,1.015995637924083,0.3932889102528674,17.03977777409914,9.27892222590086,11617686.885000002
2022-04-06 00:00:00+00:00,16.14,17.083,15.078,15.272,34100746.3,13.3868,11.462200000000001,11.006665,60.90299866746124,1.3573991474683123,1.084276339832929,0.2731228076353833,17.202069772899417,9.571530227100581,12911668.165
2022-04-07 00:00:00+00:00,15.262,17.5,14.597,17.447,21698679.5,13.691399999999998,11.528066666666668,11.043595,68.46326725139683,1.4747835298479455,1.1623777778359323,0.31240575201201315,17.772645074729024,9.610154925270972,13644071.855
2022-04-08 00:00:00+00:00,17.439,19.788,17.064,17.527,47190840.8,14.0031,11.595133333333333,11.092765,68.7029915252915,1.5563264672696207,1.24116751572267,0.3151589515469506,18.252786430785203,9.753413569214796,15714086.4
2022-04-09 00:00:00+00:00,17.522,18.186,16.111,17.553,20825524.0,14.348099999999999,11.674716666666665,11.147025000000001,68.78603629392879,1.604551543970139,1.313844321372164,0.290707222597975,18.574145286080096,10.1220547139199,16521507.675
2022-04-10 00:00:00+00:00,17.552,17.697,15.711,15.804,13453229.7,14.5952,11.721533333333333,11.187189999999998,57.695500195562154,1.4845278685193186,1.347981030801595,0.1365468377177237,18.54596896818832,10.644431031811681,16867633.685
2022-04-11 00:00:00+00:00,15.799,16.452,14.931,16.051,24293805.9,14.844249999999999,11.792599999999998,11.221595000000002,58.70803425480343,1.393278232556204,1.3570404711525168,0.036237761403687285,18.49102056448575,11.197479435514245,17731982.244999997
2022-04-12 00:00:00+00:00,16.051,17.174,15.563,16.53,26404563.9,15.046100000000001,11.8872,11.264380000000001,60.673785086569275,1.3441193641229248,1.3544562497465984,-0.01033688562367363,18.595555896331113,11.496644103668888,18367435.53
2022-04-13 00:00:00+00:00,16.53,16.988,15.592,16.837,13794874.9,15.24315,11.987933333333334,11.310474999999999,61.92488412096697,1.3147770100612615,1.346520401809531,-0.031743391748269456,18.730297962160435,11.756002037839565,18437605.009999998
2022-04-14 00:00:00+00:00,16.833,17.766,15.924,16.384,16000883.8,15.451299999999998,12.088,11.35593,58.9449892454038,1.2406680202971518,1.325349925507055,-0.08468190520990326,18.679383772147126,12.223216227852868,18772311.725
2022-04-15 00:00:00+00:00,16.385,16.564,15.655,16.032,10144087.5,15.6172,12.179300000000001,11.401620000000001,56.663248212877285,1.140386982501374,1.2883573369059191,-0.1479703544045452,18.59701775281637,12.637382247183629,18738003.585
2022-04-16 00:00:00+00:00,16.032,16.307,15.545,15.934,6043635.4,15.754049999999998,12.253033333333333,11.44921,56.01315210166963,1.0410056909804464,1.2388870077208247,-0.19788131674037834,18.52045578910607,12.987644210893926,18680804.455
2022-04-17 00:00:00+00:00,15.936,16.813,15.6,15.682,8370547.8,15.90615,12.32735,11.494415000000002,54.28833991742672,0.9311769789229647,1.1773450019612528,-0.2461680230382881,18.277234163415454,13.535065836584547,18612316.869999997
2022-04-18 00:00:00+00:00,15.681,16.349,14.682,16.169,14489934.1,16.009549999999997,12.42275,11.540625,57.04139602172712,0.8733661420810872,1.1165492299852198,-0.24318308790413257,18.23247118393782,13.786628816062171,18540411.535
2022-04-19 00:00:00+00:00,16.169,17.55,16.159,17.417,18447988.9,16.1787,12.541783333333333,11.58856,63.16393557803684,0.9176754164405132,1.0767744672762785,-0.15909905083576525,18.28643699497815,14.070963005021849,18914904.154999997
2022-04-20 00:00:00+00:00,17.417,17.82,16.345,16.654,15236513.7,16.3463,12.65195,11.6328,57.74526836137183,0.8810667235148166,1.037632918523986,-0.15656619500916946,17.995632483157806,14.696967516842193,19151734.949999996
2022-04-21 00:00:00+00:00,16.649,17.181,15.1,15.64,16961192.3,16.3913,12.757733333333332,11.67082,51.430697869334054,0.7614551638321228,0.9823973675856135,-0.22094220375349072,17.906532536609316,14.876067463390688,19437221.839999996
2022-04-22 00:00:00+00:00,15.64,15.839,15.053,15.569,10839843.0,16.4285,12.8748,11.710535,51.01007925607732,0.6534010340085636,0.9165981008702035,-0.2631970668616399,17.819532206672257,15.037467793327743,19158716.625
2022-04-23 00:00:00+00:00,15.569,15.927,15.111,15.326,7006793.4,16.354149999999997,12.980816666666666,11.747255000000001,49.51743331775164,0.541912458972913,0.8416609724907455,-0.2997485135178325,17.812365385325325,14.895934614674669,18473492.384999998
2022-04-24 00:00:00+00:00,15.325,15.582,14.822,15.006,7788475.9,16.2487,13.088316666666667,11.783299999999999,47.54442553828038,0.4228611542130949,0.7579010088352154,-0.3350398546221205,17.775014659563848,14.722385340436151,17482134.57
2022-04-25 00:00:00+00:00,15.006,15.056,13.57,14.275,18987008.0,16.15545,13.184766666666667,11.813255000000002,43.30007359349443,0.2664550190968509,0.6596118108875425,-0.39315679179069163,17.90804504449816,14.402854955501835,17603958.44
2022-04-26 00:00:00+00:00,14.274,15.2,12.362,12.685,18150215.6,16.0261,13.247266666666667,11.83616,35.81150534465989,0.014040468574473053,0.5304975424249286,-0.5164570738504556,18.318995889481144,13.733204110518855,16806431.905
2022-04-27 00:00:00+00:00,12.688,13.281,12.442,12.879,14373076.3,15.7977,13.309966666666666,11.86036,37.237762591275846,-0.16840444102083119,0.39071714573577665,-0.5591215867566078,18.371755485027382,13.223644514972618,16440151.745
2022-04-28 00:00:00+00:00,12.879,13.15,12.25,12.402,11752863.1,15.541450000000001,13.374866666666668,11.885415,35.16858889573682,-0.3474777526294499,0.24307816606273133,-0.5905559186921813,18.38242965321816,12.70047034678184,14668252.86
2022-04-29 00:00:00+00:00,12.402,12.54,11.11,11.289,12397766.0,15.22825,13.400366666666667,11.90476,30.859689182994217,-0.5726038200991166,0.07994176883036176,-0.6525455889294783,18.466488402279797,11.990011597720201,14246864.959999999
2022-04-30 00:00:00+00:00,11.288,11.795,10.1,10.336,11668267.0,14.954849999999999,13.375833333333334,11.920095000000002,27.72713326173961,-0.8184820345542754,-0.09974299184656567,-0.7187390427077097,18.81590194344749,11.093798056552508,14157616.825
2022-05-01 00:00:00+00:00,10.335,12.294,10.136,11.837,18414456.2,14.74415,13.388366666666666,11.943064999999999,38.34313954404731,-0.8820563389330562,-0.2562056612638638,-0.6258506776691924,18.79804108265129,10.690258917348707,13863649.34
2022-05-02 00:00:00+00:00,11.84,12.199,11.087,11.849,16510041.7,14.5101,13.401933333333336,11.962075000000002,38.421015545549686,-0.9208560778174792,-0.3891357445745869,-0.5317203332428924,18.66382627408207,10.356373725917932,13368923.23
2022-05-03 00:00:00+00:00,11.849,12.176,11.306,11.998,11250996.1,14.26815,13.4281,11.982724999999999,39.44376859625248,-0.9288746073956737,-0.4970835171388043,-0.43179109025686946,18.41525975379236,10.121040246207642,13241729.290000001
2022-05-04 00:00:00+00:00,11.999,13.06,11.868,12.979,15747141.3,14.097900000000001,13.469333333333335,12.008315,45.82368706318009,-0.846315055271516,-0.5669298247653467,-0.27938523050616926,18.162330631712116,10.033469368287886,13229042.165000001
2022-05-05 00:00:00+00:00,12.98,13.195,10.788,11.217,18412760.5,13.857149999999999,13.48805,12.025455000000001,38.06625439927784,-0.9125454340315482,-0.636052946618587,-0.2764924874129612,18.004380703734697,9.709919296265303,13642475.815000001
2022-05-06 00:00:00+00:00,11.215,11.328,10.418,10.779,13831512.9,13.5994,13.506733333333333,12.040130000000001,36.415919243676676,-0.9889761246950304,-0.7066375822338757,-0.28233854246115464,17.83804631220863,9.36075368779137,14031869.690000001
2022-05-07 00:00:00+00:00,10.779,10.86,10.033,10.438,8451929.3,13.337200000000001,13.518516666666667,12.05139,35.138651206272044,-1.0647896159590697,-0.7782679889789146,-0.28652162698015515,17.675698892474202,8.998701107525802,14035938.765
2022-05-08 00:00:00+00:00,10.436,11.257,9.85,11.145,16000809.8,13.085999999999999,13.510966666666667,12.063455,39.84930447472738,-1.0556544354285116,-0.8337452782688339,-0.22190915715967763,17.320087481382483,8.851912518617514,14111482.55
2022-05-09 00:00:00+00:00,11.147,11.686,9.35,9.399,32111806.0,12.6851,13.483583333333334,12.06307,33.39827895492955,-1.1757490440107983,-0.9021460314172268,-0.27360301259357145,16.716463932963624,8.653736067036377,14794673.405000001
2022-05-10 00:00:00+00:00,9.398,10.927,8.86,9.563,31164956.6,12.330549999999999,13.472100000000001,12.06535,34.47133796845212,-1.2433587909740051,-0.9703885833285826,-0.27297020764542257,16.144752484137406,8.51634751586259,15591095.55
2022-05-11 00:00:00+00:00,9.568,9.893,5.3,6.508,62496252.0,11.87395,13.40845,12.051324999999999,26.05121860374925,-1.5258637631990357,-1.0814836193026731,-0.4443801438963626,16.152282875081138,7.595617124918863,17867848.535000004
2022-05-12 00:00:00+00:00,6.512,7.35,5.26,6.421,46607823.5,11.416549999999999,13.351300000000002,12.035415,25.85751415273569,-1.7367509777548396,-1.2125370909931066,-0.524213886761733,15.964464575934786,6.8686354240652125,19656247.560000002
2022-05-13 00:00:00+00:00,6.415,7.661,6.082,6.53,38206820.2,10.97675,13.291300000000001,12.006459999999999,26.59395070601714,-1.8734888127742888,-1.344727435349343,-0.5287613774249458,15.6274214730241,6.326078526975899,21216248.9
2022-05-14 00:00:00+00:00,6.531,6.892,5.959,6.678,15167801.4,10.56035,13.23405,11.978299999999999,27.644841514952105,-1.9474630275299933,-1.465274553785473,-0.48218847374452034,15.184641135947238,5.936058864052761,21585215.175
2022-05-15 00:00:00+00:00,6.678,7.5,6.498,7.349,13136382.6,10.21405,13.176283333333334,11.9608,32.37197570480974,-1.9296996570106142,-1.5581595744305012,-0.37154008258011295,14.709292217055744,5.718807782944256,21292683.905
2022-05-16 00:00:00+00:00,7.348,7.348,6.436,6.543,13789149.4,9.906949999999998,13.106616666666666,11.936725000000001,29.849308767922196,-1.9580879033898988,-1.6381452402223808,-0.31994266316751796,14.522593377688562,5.291306622311436,21074630.595
2022-05-17 00:00:00+00:00,6.543,6.98,6.275,6.679,11702774.1,9.59695,13.028683333333333,11.912239999999999,30.828808932414447,-1.9471660120529837,-1.6999493945885016,-0.2472166174644821,14.20532062203121,4.98857937796879,20941115.485000003
2022-05-18 00:00:00+00:00,6.679,6.78,5.871,5.923,13557357.4,9.273,12.939183333333336,11.88945,28.45069322285086,-1.9767267409251685,-1.755304863855835,-0.22142187706933347,13.95735972145611,4.58864027854389,21031340.2
2022-05-19 00:00:00+00:00,5.922,6.271,5.566,6.102,16152288.4,9.01365,12.863333333333335,11.869175,29.830881004261926,-1.9630808533928317,-1.7968600617632347,-0.16622079162959702,13.796157010972426,4.231142989027576,21219066.32
2022-05-20 00:00:00+00:00,6.102,6.275,5.637,5.752,12031711.9,8.784450000000001,12.778166666666666,11.847214999999998,28.666469070642336,-1.9579385671108849,-1.8290757628327647,-0.12886280427812014,13.72815235653406,3.8407476434659413,21237238.565
2022-05-21 00:00:00+00:00,5.751,6.198,5.614,6.136,8236988.6,8.4994,12.695933333333333,11.82559,31.8113245046612,-1.9009645414813159,-1.843453518562475,-0.057511022918840915,13.362981412909672,3.635818587090326,20728365.185000002
2022-05-22 00:00:00+00:00,6.136,6.387,5.992,6.242,10400866.2,8.21905,12.59175,11.802,32.693436456076014,-1.8262075180794444,-1.840004318465869,0.013796800386424612,12.921735040484903,3.516364959515096,20422906.410000004
2022-05-23 00:00:00+00:00,6.24,6.531,5.739,5.846,13820911.8,7.911449999999999,12.474250000000001,11.778224999999999,31.07605897363547,-1.778415462501573,-1.82768654727301,0.049271084771437046,12.384363613071521,3.4385363869284786,20551402.195
2022-05-24 00:00:00+00:00,5.846,6.037,5.522,5.97,13351363.3,7.561,12.370066666666668,11.756255,32.207017664986154,-1.7108129635445355,-1.8043118305273151,0.09349886698277965,11.451183594639279,3.6708164053607217,20431613.294999998
2022-05-25 00:00:00+00:00,5.965,6.097,5.686,5.758,14401809.8,7.28805,12.254133333333332,11.734095,31.262522969280965,-1.6552632795919315,-1.7745021203402387,0.11923884074830715,10.867493558711411,3.708606441288589,20231065.759999998
2022-05-26 00:00:00+00:00,5.757,5.829,5.06,5.231,23141924.6,7.01065,12.121366666666665,11.70859,28.986851838222606,-1.6349179342775901,-1.746585283127709,0.11166734885011897,10.314217421742843,3.707082578257158,20696586.345000003
2022-05-27 00:00:00+00:00,5.232,5.311,4.675,4.806,24475984.8,6.729050000000001,11.9908,11.679044999999999,27.26329049274797,-1.6342494394099143,-1.7241181143841504,0.08986867497423612,9.765349423640675,3.6927505763593276,21497789.12
2022-05-28 00:00:00+00:00,4.805,5.054,4.718,4.998,10258763.7,6.4216999999999995,11.839083333333331,11.647165,29.308280647481595,-1.5997855253180324,-1.699251596570927,0.09946607125289453,8.77551435971504,4.06788564028496,21210686.815
2022-05-29 00:00:00+00:00,4.997,5.22,4.779,5.182,9585828.2,6.210850000000001,11.69155,11.619185000000002,31.30163830587439,-1.5398746464674922,-1.66737620655024,0.12750156008274782,8.184962284040793,4.236737715959209,20084387.925
2022-05-30 00:00:00+00:00,5.181,5.822,5.101,5.76,17668616.9,6.0207,11.56585,11.587774999999999,37.28421463519083,-1.4292792325935082,-1.6197568117588936,0.19047757916538544,7.263986949984103,4.7774130500158964,19409570.939999998
2022-05-31 00:00:00+00:00,5.759,6.548,5.721,5.957,27157430.5,5.99315,11.419466666666667,11.560525,39.22678669925368,-1.3106272219219415,-1.5579308937915033,0.24730367186956181,7.21627947393184,4.77002052606816,17642629.865
2022-06-01 00:00:00+00:00,5.956,5.994,5.237,5.343,18445117.6,5.9392499999999995,11.261433333333335,11.531480000000002,35.53263660877897,-1.2517103791231712,-1.496686790857837,0.24497641173466578,7.177132365170771,4.701367634829228,16234494.569999998
2022-06-02 00:00:00+00:00,5.344,5.653,5.155,5.603,12176661.4,5.8929,11.0746,11.50016,38.187239728177005,-1.1705452130657505,-1.43145847529942,0.2609132622336694,7.1080440902217275,4.677755909778273,14932986.629999999
2022-06-03 00:00:00+00:00,5.605,5.64,5.134,5.252,8446131.1,5.8216,10.876883333333334,11.471020000000001,36.03026245472472,-1.1216147244103274,-1.3694897251216016,0.24787500071127422,7.011185877522426,4.632014122477575,14596903.115
2022-06-04 00:00:00+00:00,5.254,5.401,5.112,5.329,6058781.4,5.7206,10.6967,11.449289999999998,36.87265232607977,-1.0643544871514026,-1.308462677527562,0.2441081903761595,6.698481056162155,4.742718943837845,14243023.054999998
2022-06-05 00:00:00+00:00,5.329,5.511,5.209,5.331,5076600.1,5.659999999999999,10.531016666666666,11.42887,36.89589682134955,-1.0072035378784392,-1.2482108495977375,0.24100731171929834,6.574686394345525,4.745313605654474,13807395.59
2022-06-06 00:00:00+00:00,5.33,5.768,5.308,5.486,11617166.3,5.600350000000001,10.331666666666667,11.412304999999998,38.7773822481799,-0.9385843777599812,-1.1862855552301863,0.24770117747020515,6.38825970929468,4.812440290705322,13803115.2
2022-06-07 00:00:00+00:00,5.486,5.494,5.052,5.198,11345301.5,5.564100000000001,10.126183333333334,11.391184999999998,36.594147822140236,-0.8971011682340109,-1.1284486778309513,0.2313475095969404,6.355997695413259,4.7722023045867425,13692512.405000001
2022-06-08 00:00:00+00:00,5.198,5.357,5.06,5.065,7289064.1,5.51225,9.918050000000001,11.367484999999999,35.59740289580037,-0.8649863896226782,-1.0757562201892967,0.21076983056661858,6.292186632041883,4.732313367958117,13249351.190000001
2022-06-09 00:00:00+00:00,5.065,5.218,4.992,5.083,5888089.9,5.478800000000001,9.739366666666665,11.344574999999999,35.852062839195625,-0.8285319460995799,-1.0263113653713534,0.19777941927177345,6.272009077104417,4.685590922895584,12942170.09
2022-06-10 00:00:00+00:00,5.082,5.114,4.447,4.496,12528091.0,5.3968,9.546783333333334,11.320685000000001,31.48039011257677,-0.8373550237256477,-0.9885200970422123,0.1511650733165646,6.238869735830026,4.554730264169974,13156725.21
2022-06-11 00:00:00+00:00,4.497,4.683,4.0,4.1,11395434.2,5.289700000000001,9.339616666666668,11.291324999999999,28.918551337535916,-0.8663149275782578,-0.9640790631494215,0.0977641355711637,6.215262121092293,4.364137878907709,13206453.61
2022-06-12 00:00:00+00:00,4.101,4.154,3.69,3.695,17857448.0,5.18215,9.120583333333334,11.263385000000001,26.539775821234656,-0.9114394684590401,-0.9535511442113453,0.04211167575230523,6.3033622502010385,4.060937749798962,13408280.42
2022-06-13 00:00:00+00:00,3.694,3.736,3.089,3.517,30783549.5,5.0595,8.906133333333335,11.23458,25.54520441046769,-0.9506061091096925,-0.9529621371910147,0.0023560280813222922,6.335175585719539,3.7838244142804607,14279889.73
2022-06-14 00:00:00+00:00,3.52,3.695,3.17,3.38,24170332.2,4.9406,8.695266666666667,11.21013,24.775633338262438,-0.9813878804558192,-0.9586472858439756,-0.022740594611843523,6.367962238536842,3.513237761463158,14768315.85
2022-06-15 00:00:00+00:00,3.383,3.875,3.038,3.813,25681623.9,4.8697,8.49325,11.187650000000001,31.771728873610385,-0.959779434867106,-0.9588737156486018,-0.0009057192185042418,6.371261067689527,3.368138932310473,14895300.815000001
2022-06-16 00:00:00+00:00,3.812,3.835,3.131,3.226,18371781.5,4.7907,8.28565,11.161799999999998,27.973517273245648,-0.9787382944786032,-0.9628466314146021,-0.015891663064001027,6.454809383424336,3.1265906165756645,14590090.65
2022-06-17 00:00:00+00:00,3.225,3.511,3.176,3.374,13202845.4,4.7095,8.0724,11.136555000000001,30.237982405713566,-0.9706321213026703,-0.9644037293922159,-0.006228391910454434,6.480290614386956,2.938709385613045,14737294.735
2022-06-18 00:00:00+00:00,3.375,3.412,2.875,3.095,15491070.82,4.60515,7.833700000000001,11.108315,28.423792972382557,-0.9754762064633753,-0.9666182248064478,-0.008857981656927527,6.49428062280006,2.71601937719994,15032556.866000002
2022-06-19 00:00:00+00:00,3.095,3.348,2.975,3.288,14158024.5,4.48155,7.6109333333333336,11.082225,31.486083602974063,-0.9527588805184761,-0.9638463559488535,0.011087475430377358,6.375737897226925,2.5873621027730764,14857027.246000001
2022-06-20 00:00:00+00:00,3.288,3.57,2.995,3.409,17212881.4,4.35415,7.407083333333333,11.05811,33.409626692093,-0.9144503330628599,-0.9539671513716549,0.03951681830879494,6.175607358820395,2.5326926411796045,14359799.791
2022-06-21 00:00:00+00:00,3.409,3.705,3.384,3.518,15413725.5,4.2629,7.2062333333333335,11.03007,35.17521728677575,-0.8653202707194252,-0.936237775241209,0.0709175045217838,6.059748674763955,2.4660513252360454,14208230.186
2022-06-22 00:00:00+00:00,3.518,3.528,3.266,3.28,13065671.4,4.14675,7.005466666666666,11.006605000000002,33.11086315004839,-0.8359526119521252,-0.9161807425833923,0.0802281306312671,5.881323939041225,2.412176060958774,14252680.685999999
2022-06-23 00:00:00+00:00,3.281,3.585,3.273,3.554,9639006.1,4.06185,6.8146,10.987659999999998,37.64774886855116,-0.7815596871406831,-0.8892565314948505,0.10769684435416738,5.736923046168735,2.386776953831265,14312324.436
2022-06-24 00:00:00+00:00,3.554,4.113,3.554,3.993,17672824.0,3.99505,6.643233333333333,10.97131,44.18037499380352,-0.6950175416372382,-0.8504087335233281,0.15539119188608996,5.565984432113897,2.424115567886103,14893026.566
2022-06-25 00:00:00+00:00,3.993,4.4,3.932,4.172,20282391.5,3.9371,6.50135,10.954195,46.635433497392256,-0.6050142362811228,-0.8013298340748871,0.19631559779376428,5.3875178570332825,2.4866821429667176,15653316.136000002
2022-06-26 00:00:00+00:00,4.173,4.335,3.77,3.792,12425073.7,3.8524000000000003,6.3499,10.926460000000002,42.37458904923292,-0.5579174672838119,-0.7526473607166722,0.1947298934328603,5.117077097128366,2.5877229028716346,15693711.506000001
2022-06-27 00:00:00+00:00,3.792,4.007,3.632,3.739,12065215.3,3.7794499999999998,6.205516666666666,10.89633,41.800944706618374,-0.5188881757071857,-0.7058955237147749,0.18700734800758922,4.883336493259628,2.675563506740372,15729707.196
2022-06-28 00:00:00+00:00,3.739,3.783,3.39,3.417,14493380.3,3.6970499999999995,6.074316666666666,10.863375000000001,38.39975860932413,-0.5080830250336792,-0.6663330239785559,0.15824999894487668,4.638937779940395,2.7551622200596038,16089923.006000001
2022-06-29 00:00:00+00:00,3.417,3.56,3.335,3.429,12442462.7,3.6143499999999995,5.959199999999999,10.822275000000001,38.600261610039134,-0.4928700662435106,-0.6316404324315468,0.13877036618803618,4.314345792845255,2.9143542071547444,16417641.646000002
2022-06-30 00:00:00+00:00,3.43,3.438,3.125,3.338,11718512.1,3.5564500000000003,5.81755,10.786105,37.600768031718566,-0.482593587803994,-0.6018310635060362,0.11923747570204224,4.136447405167527,2.9764525948324736,16377162.701000001
2022-07-01 00:00:00+00:00,3.338,3.459,3.234,3.352,11590819.3,3.519049999999999,5.675933333333333,10.757359999999998,37.86731955977233,-0.46792576466415703,-0.5750500037376604,0.10712423907350332,4.048268848871682,2.9898311511283167,16386931.956
2022-07-02 00:00:00+00:00,3.353,3.427,3.219,3.312,6117446.2,3.4999000000000002,5.531166666666667,10.72727,37.37605879993506,-0.454292276282072,-0.5508984582465427,0.09660618196447068,4.029982974638,2.969817025362,15799931.866000002
2022-07-03 00:00:00+00:00,3.313,3.349,3.202,3.323,6465455.9,3.4902,5.370233333333333,10.694659999999999,37.615743268722625,-0.43755615545528626,-0.5282299976882915,0.09067384223300523,4.025748167769317,2.9546518322306836,14584027.186
2022-07-04 00:00:00+00:00,3.322,3.559,3.21,3.521,8656935.7,3.4972499999999997,5.241966666666666,10.666100000000002,41.924478463523165,-0.4036625433493395,-0.5033165068205011,0.09965396347116162,4.030517240697449,2.9639827593025507,13808357.361000001
2022-07-05 00:00:00+00:00,3.521,3.593,3.262,3.393,12061320.8,3.4762499999999994,5.1188666666666665,10.641055000000001,40.001051628522525,-0.3827184023164829,-0.4791968859196975,0.0964784836032146,3.9908799155714454,2.9616200844285534,13127342.206
2022-07-06 00:00:00+00:00,3.393,3.55,3.312,3.501,11018251.9,3.4899999999999998,5.0032499999999995,10.616489999999999,42.4021648113455,-0.3533323271218918,-0.4540239741601364,0.10069164703824462,3.991682369633488,2.9883176303665113,12759665.726
2022-07-07 00:00:00+00:00,3.502,3.778,3.437,3.704,10514327.8,3.5065,4.8792333333333335,10.589945,46.718382682381865,-0.31008873741533893,-0.425236926811177,0.11514818939583804,4.013514989917527,2.999485010082473,12625239.845999999
2022-07-08 00:00:00+00:00,3.705,3.848,3.489,3.587,12564969.4,3.5311,4.782366666666666,10.565335,44.6419636795216,-0.2820079906376649,-0.39659113957647457,0.11458314893880966,4.0023463899077285,3.0598536100922713,12478934.775
2022-07-09 00:00:00+00:00,3.587,3.879,3.586,3.793,11083048.0,3.5563499999999997,4.6861999999999995,10.53807,48.944602568529504,-0.2403605908473203,-0.3653450298306437,0.1249844389833234,4.026904683327096,3.0857953166729035,12325185.95
2022-07-10 00:00:00+00:00,3.794,3.826,3.5,3.526,8664632.8,3.5622,4.6365,10.501575,44.15436960466194,-0.22629085493354806,-0.3375341948512246,0.11124333991767654,4.028168496790355,3.0962315032096446,11897773.52
2022-07-11 00:00:00+00:00,3.526,3.535,3.21,3.225,8830979.1,3.5475499999999998,4.583233333333334,10.449085,39.46510240235942,-0.23670014041496845,-0.3173673839639734,0.08066724354900495,4.036035608796272,3.0590643912037274,11568636.2
2022-07-12 00:00:00+00:00,3.225,3.339,3.179,3.188,7601884.0,3.54295,4.527533333333333,10.390275,38.91795888457117,-0.2451096929669081,-0.3029158457645603,0.05780615279765222,4.043022184790422,3.0428778152095783,11295446.83
2022-07-13 00:00:00+00:00,3.188,3.345,3.038,3.337,12464940.6,3.5321000000000007,4.47185,10.330855000000001,42.3822437311945,-0.237019061000856,-0.28973648881181946,0.052717427810963446,4.040096023607536,3.024103976392466,11436743.555
2022-07-14 00:00:00+00:00,3.337,3.533,3.221,3.492,11316621.6,3.5070499999999996,4.407566666666667,10.26701,45.82442469264134,-0.21561450249752845,-0.2749120915489613,0.05929758905143284,3.9689869978699144,3.0451130021300847,11118933.434999999
2022-07-15 00:00:00+00:00,3.49,3.638,3.433,3.502,9574440.2,3.4735500000000004,4.356883333333332,10.21076,46.04836637714601,-0.1955896831288535,-0.25904760986493974,0.06345792673608625,3.820638158831548,3.1264618411684526,10583535.870000001
2022-07-16 00:00:00+00:00,3.501,3.67,3.374,3.643,8856448.7,3.4661,4.306283333333334,10.1623,49.234775355587374,-0.16642391657927735,-0.24052287120780727,0.07409895462852992,3.791228836003629,3.140971163996371,10405104.620000001
2022-07-17 00:00:00+00:00,3.645,3.767,3.508,3.524,10095353.6,3.45535,4.2663,10.1054,46.726513754783866,-0.15116955342414773,-0.22265220765107538,0.07148265422692765,3.7570487073241714,3.153651292675829,10306611.535
2022-07-18 00:00:00+00:00,3.524,4.117,3.516,4.062,19177480.4,3.4876000000000005,4.2322999999999995,10.04856,57.31426307001945,-0.09457802042882779,-0.19703737020662587,0.10245934977779808,3.887815641874568,3.087384358125433,10540816.54
2022-07-19 00:00:00+00:00,4.062,4.667,4.006,4.533,29178130.0,3.5428000000000006,4.211983333333333,9.998099999999999,64.05038696830556,-0.011589463005955647,-0.15994778876649185,0.1483583257605362,4.147671755003543,2.937928244996458,11377599.905
2022-07-20 00:00:00+00:00,4.533,4.628,4.139,4.184,18176526.5,3.5850999999999997,4.17945,9.943145,56.886837312819075,0.025721679852487966,-0.12281389504269588,0.14853557489518385,4.242786521072966,2.9274134789270336,11700500.625
2022-07-21 00:00:00+00:00,4.183,4.498,4.043,4.375,12339335.6,3.6362500000000004,4.148333333333333,9.893099999999999,59.55299314736584,0.06989739941562778,-0.08427163615103114,0.15416903556665892,4.368375364948555,2.9041246350514456,11737926.44
2022-07-22 00:00:00+00:00,4.376,4.759,4.284,4.321,15047954.0,3.6866999999999996,4.122916666666667,9.83228,58.452409287453264,0.09940376204298129,-0.047536556512228656,0.14694031855520995,4.460376702506316,2.9130232974936825,12184451.83
2022-07-23 00:00:00+00:00,4.321,4.477,4.133,4.308,8867442.4,3.73595,4.0952166666666665,9.77368,58.17368143434336,0.12035143917788282,-0.013958957374206365,0.13431039655208918,4.535712833595712,2.936187166404288,12304551.155
2022-07-24 00:00:00+00:00,4.308,4.494,4.253,4.352,7649328.1,3.7775,4.071783333333333,9.718895,58.88824032408108,0.13890188207072107,0.016613210514779122,0.12228867155594195,4.613788108250403,2.941211891749597,12254170.775
2022-07-25 00:00:00+00:00,4.351,4.385,3.779,3.787,12964537.7,3.7972,4.047716666666667,9.658154999999999,47.634634952110375,0.10678155234777975,0.03464687888137925,0.0721346734664005,4.614681155746746,2.9797188442532545,12299331.620000001
2022-07-26 00:00:00+00:00,3.788,3.807,3.567,3.755,11519232.0,3.8099,4.0302,9.601645000000001,47.085803109364626,0.07784646151245189,0.04328679540759378,0.03455966610485811,4.616398332298978,3.0034016677010213,12324380.625
2022-07-27 00:00:00+00:00,3.756,4.163,3.638,4.149,11513994.7,3.83215,4.01605,9.553289999999999,54.098348672572996,0.08571957881796566,0.051773352089668156,0.0339462267282975,4.650205077608489,3.014094922391511,12374363.97
2022-07-28 00:00:00+00:00,4.151,4.458,4.029,4.368,17066764.8,3.8711999999999995,4.002483333333333,9.507535,57.47207792633494,0.10838119974031324,0.06309492161979718,0.045286278120516055,4.712937393728605,3.0294626062713936,12599453.74
2022-07-29 00:00:00+00:00,4.368,4.586,4.182,4.369,14597933.2,3.9,3.9793,9.45201,57.48744317917739,0.124980689639699,0.07547207522377755,0.04950861441592144,4.768067969689599,3.0319320303104007,12775198.0
2022-07-30 00:00:00+00:00,4.369,4.69,4.287,4.359,14918656.0,3.94165,3.9526666666666666,9.38358,57.26463213891927,0.13576398583278326,0.0875304573455787,0.048233528487204566,4.813867925750794,3.069432074249206,13087899.16
2022-07-31 00:00:00+00:00,4.359,4.592,4.215,4.231,11328881.8,3.99195,3.9341333333333335,9.31687,54.3603385334334,0.13245444312556653,0.09651525450157628,0.03593918862399026,4.80722356758392,3.1766764324160808,13212794.295
2022-08-01 00:00:00+00:00,4.231,4.372,4.119,4.272,9217526.8,4.04615,3.9119499999999996,9.240115000000001,55.145073071519874,0.13162269948742722,0.10353674349874646,0.028085955988680758,4.780546970310339,3.311753029689661,13293576.434999999
2022-08-02 00:00:00+00:00,4.272,4.459,4.035,4.311,12050572.9,4.094849999999999,3.8962666666666665,9.16075,55.921450817389434,0.13258218581666448,0.10934583196233007,0.02323635385433441,4.760659664995184,3.429040335004815,13272858.05
2022-08-03 00:00:00+00:00,4.311,4.664,4.158,4.512,13574101.0,4.14585,3.88265,9.086895,59.784843246142174,0.14785720005390957,0.11704810558064596,0.030809094473263604,4.774352752580284,3.5173472474197167,13385732.02
2022-08-04 00:00:00+00:00,4.512,4.749,4.321,4.421,14575458.2,4.1918,3.867483333333333,9.00829,57.3347128787194,0.1508805622049838,0.12381459690551354,0.027065965299470265,4.7564264605923,3.6271735394077003,13635782.919999998
2022-08-05 00:00:00+00:00,4.421,5.28,4.395,5.196,26060129.9,4.26945,3.86265,8.94581,68.99042682128317,0.213353218452065,0.14172232121482384,0.07163089723724117,4.929853051174795,3.6090469488252057,14495966.98
2022-08-06 00:00:00+00:00,5.198,5.199,4.878,4.902,11931788.6,4.33835,3.8577166666666667,8.881795,62.06364085903706,0.2364146645892129,0.16066078988970167,0.07575387469951123,4.959661604592228,3.7170383954077715,14587788.729999999
2022-08-07 00:00:00+00:00,4.903,5.191,4.807,4.98,11854561.9,4.38425,3.8562999999999996,8.825645,63.12154806219918,0.2580107871799786,0.18013078934775706,0.07787999783222155,5.0510857743859905,3.717414225614009,14221642.805000002
2022-08-08 00:00:00+00:00,4.981,5.732,4.977,5.489,18939747.3,4.432049999999999,3.8630666666666666,8.776795,69.16451912617327,0.3125945209798102,0.2066235356741677,0.10597098530564253,5.253755415584537,3.610344584415462,13709723.669999998
2022-08-09 00:00:00+00:00,5.489,5.61,5.166,5.365,15409576.7,4.4911,3.87755,8.7375,66.31369990504771,0.3419054859685122,0.23367992573303661,0.10822556023547561,5.398307561697405,3.5838924383025956,13571376.180000002
2022-08-10 00:00:00+00:00,5.365,6.075,5.178,5.904,28401298.1,4.56755,3.9076166666666667,8.709985,71.76211560577462,0.4039707094101628,0.26773808246846187,0.1362326269417009,5.6612632119531785,3.4738367880468206,14374474.305000002
2022-08-11 00:00:00+00:00,5.907,5.965,5.706,5.761,12591304.1,4.63955,3.94205,8.680309999999999,68.59236805671316,0.4365862467572086,0.30150771532621123,0.13507853143099735,5.842953419473673,3.4361465805263265,14251641.809999999
2022-08-12 00:00:00+00:00,5.762,6.067,5.627,5.975,13138534.0,4.722900000000001,3.9830166666666664,8.65659,70.67955979358509,0.4742356136615067,0.3360532949932703,0.13818231866823638,6.047698535627558,3.398101464372444,14465196.389999997
2022-08-13 00:00:00+00:00,5.977,6.111,5.824,5.884,8144585.7,4.7995,4.02475,8.625335,68.59212128834798,0.4910693271772786,0.367056501430072,0.12401282574720657,6.204397932235972,3.3946020677640285,14489959.270000001
2022-08-14 00:00:00+00:00,5.885,5.939,5.521,5.616,7495021.9,4.89095,4.054799999999999,8.596905,62.71741585634419,0.4772829850351945,0.3891017981510965,0.08818118688409798,6.25791341940847,3.5239865805915302,14216483.48
2022-08-15 00:00:00+00:00,5.618,5.82,5.295,5.399,10895782.5,4.97315,4.0910166666666665,8.571195,58.358993837781,0.4437320561770344,0.40002784975628414,0.043704206420750236,6.251863458911294,3.694436541088707,14185311.005
2022-08-16 00:00:00+00:00,5.4,5.52,5.233,5.264,10379272.5,5.0289,4.122516666666667,8.543669999999999,55.76275830135413,0.4016197095653471,0.40034622171809675,0.001273487847250343,6.255174830533873,3.8026251694661277,14128574.895
2022-08-17 00:00:00+00:00,5.262,5.512,4.925,4.989,13549448.8,5.059950000000001,4.154083333333333,8.513375,50.804573466080896,0.3421115210853607,0.38869928159154954,-0.04658776050618885,6.248585431913787,3.8713145680862144,13952709.094999999
2022-08-18 00:00:00+00:00,4.99,5.204,4.82,4.853,10016857.9,5.08415,4.180166666666667,8.485855,48.507482982328305,0.2807405868507802,0.36710754264339573,-0.08636695579261555,6.23462594933613,3.9336740506638703,13723655.330000002
2022-08-19 00:00:00+00:00,4.853,4.94,4.194,4.25,23618402.6,5.0786999999999995,4.194183333333333,8.451505,39.89453559805933,0.1813560590390635,0.3299572459225293,-0.1486011868834658,6.243804647660831,3.913595352339168,14158642.66
2022-08-20 00:00:00+00:00,4.249,4.444,4.019,4.151,17257440.7,5.0747,4.204733333333333,8.416205,38.68021191614763,0.09352651663342648,0.28267110006470875,-0.18914458343128226,6.251904841988374,3.8974951580116266,14455070.604999999
2022-08-21 00:00:00+00:00,4.151,4.307,4.081,4.227,11166511.6,5.07245,4.220516666666667,8.383025,40.18540190414792,0.02971104589814555,0.23207908923139614,-0.2023680433332506,6.255938314264602,3.888961685735397,14552519.844999999
2022-08-22 00:00:00+00:00,4.228,4.235,3.927,4.119,14798385.0,5.06285,4.229933333333333,8.348825,38.730484135368506,-0.029240802067082683,0.1798151109717004,-0.20905591303878307,6.273687771958272,3.852012228041728,14689910.45
2022-08-23 00:00:00+00:00,4.118,4.418,4.004,4.304,15438177.8,5.05245,4.235116666666666,8.305425,42.56639796518592,-0.060337084067564106,0.1317846719638475,-0.1921217560314116,6.285405388487708,3.819494611512293,14783114.290000001
2022-08-24 00:00:00+00:00,4.308,4.402,4.144,4.269,10329613.1,5.044849999999999,4.2367333333333335,8.262695,42.03027108251171,-0.08680468866546409,0.08806679983798518,-0.17487148850344927,6.29503435040632,3.7946656495936786,14570822.035
2022-08-25 00:00:00+00:00,4.27,4.448,4.203,4.314,8754391.7,5.00075,4.245433333333334,8.21679,43.02389625005234,-0.10296244510352803,0.049860950849682534,-0.15282339595321057,6.2881663079598145,3.713333692040185,13705535.125
2022-08-26 00:00:00+00:00,4.315,4.437,3.891,3.938,19532425.1,4.9525500000000005,4.248749999999999,8.168965,37.27483359701679,-0.14444259678459126,0.01100024132282778,-0.15544283810741905,6.320791568583885,3.584308431416116,14085566.95
2022-08-27 00:00:00+00:00,3.937,3.977,3.824,3.916,9999030.6,4.89935,4.257066666666666,8.124655,36.9636038282016,-0.17705020739756527,-0.02660984842125083,-0.15044035897631444,6.340009748171266,3.4586902518287346,13992790.385
2022-08-28 00:00:00+00:00,3.916,3.942,3.737,3.764,8472280.2,4.8131,4.26265,8.0785,34.80153550695847,-0.21270517061402572,-0.06382891285980581,-0.14887625775421992,6.3077607508063185,3.3184392491936823,13469417.030000001
2022-08-29 00:00:00+00:00,3.764,4.058,3.692,4.033,10117379.3,4.746499999999999,4.274233333333333,8.03973,41.34074194065851,-0.21675729084784479,-0.0944145884574136,-0.12234270239043118,6.255493373080516,3.2375066269194823,13204807.16
2022-08-30 00:00:00+00:00,4.034,4.29,3.954,4.2,14015677.1,4.6613,4.288366666666667,8.006459999999999,45.0270020481108,-0.20413992304416606,-0.1163596553747641,-0.08778026766940196,6.089514283642664,3.233085716357335,12485526.110000001
2022-08-31 00:00:00+00:00,4.201,4.57,4.191,4.374,16732324.0,4.59195,4.306066666666667,7.974365000000001,48.64796849414457,-0.17804779814904315,-0.1286972839296199,-0.04935051421942324,5.931800211777771,3.252099788222228,12692577.105
2022-09-01 00:00:00+00:00,4.373,4.43,4.185,4.346,11305020.8,4.5104999999999995,4.3231166666666665,7.944195,48.0989285432013,-0.1578098336511653,-0.13451979387392898,-0.023290039777236315,5.692952958895597,3.3280470411044023,12600901.444999998
2022-09-02 00:00:00+00:00,4.347,4.39,4.114,4.178,8636067.2,4.425199999999999,4.334066666666667,7.9123149999999995,44.82973001276241,-0.15355718529925433,-0.13832727215899404,-0.015229913140260287,5.432126730204817,3.418273269795182,12625475.52
2022-09-03 00:00:00+00:00,4.178,4.214,4.122,4.171,3477019.9,4.35295,4.347033333333333,7.8756200000000005,44.69342151296158,-0.14903380342468875,-0.140468578412133,-0.008565225012555744,5.2028581067980095,3.50304189320199,12424575.42
2022-09-04 00:00:00+00:00,4.171,4.248,4.088,4.24,4442575.1,4.295,4.35935,7.840705000000001,46.42273253230611,-0.13828717884006103,-0.14003229849771862,0.0017451196576575845,4.996867793819453,3.593132206180547,12101915.05
2022-09-05 00:00:00+00:00,4.24,4.283,4.115,4.233,5105227.4,4.24345,4.368166666666666,7.809645000000001,46.26468795949005,-0.12884994101632063,-0.13779582700143903,0.00894588598511839,4.786557162538844,3.7003428374611564,11838212.795
2022-09-06 00:00:00+00:00,4.233,4.539,3.959,4.071,19776299.3,4.19755,4.376233333333333,7.778625,42.64617118361219,-0.1329107952453974,-0.1368188206502307,0.003908025404833315,4.623363327646048,3.7717366723539514,12149555.32
2022-09-07 00:00:00+00:00,4.072,4.429,4.03,4.378,12042146.8,4.1738,4.385983333333333,7.7502949999999995,50.54086849242928,-0.1100876947668068,-0.13147259547354592,0.021384900706739124,4.4894742624938,3.8581257375062,12250819.765
2022-09-08 00:00:00+00:00,4.378,4.714,4.378,4.69,16552205.4,4.1958,4.405383333333334,7.7272799999999995,57.01641729616779,-0.06606289872498472,-0.11839065612383369,0.05232775739884897,4.58289874709304,3.8087012529069604,11897509.905
2022-09-09 00:00:00+00:00,4.688,4.9,4.616,4.811,10904921.6,4.228800000000001,4.431816666666666,7.708610000000001,59.24498879199004,-0.02116526195461077,-0.09894557728998911,0.07778031533537834,4.69867470670488,3.758925293295121,11579883.95
2022-09-10 00:00:00+00:00,4.813,4.912,4.652,4.815,10626095.7,4.2582,4.458933333333333,7.68786,59.3200755584224,0.014571237075791998,-0.07624221441683289,0.09081345149262489,4.7930366479599105,3.723363352040091,11552863.155
2022-09-11 00:00:00+00:00,4.816,5.046,4.628,4.896,11780612.1,4.2970500000000005,4.484916666666667,7.669559999999999,60.89139478131338,0.048865403130086804,-0.051220690907448956,0.10008609403753577,4.894959182067801,3.6991408179321996,11401974.51
2022-09-12 00:00:00+00:00,4.896,5.278,4.71,5.092,21265195.8,4.33645,4.511583333333333,7.65258,64.46791522150306,0.0908125086925109,-0.022814050987456987,0.11362655967996788,5.027583409698143,3.6453165903018574,11693325.41
2022-09-13 00:00:00+00:00,5.094,5.096,4.403,4.419,20575453.0,4.34395,4.526866666666667,7.63,48.176261915775335,0.06895554001700166,-0.0044601327865652594,0.07341567280356692,5.035248336466232,3.6526516635337685,12205617.405
2022-09-14 00:00:00+00:00,4.419,4.547,4.341,4.508,10135405.4,4.35365,4.541283333333334,7.606954999999999,49.976601189127095,0.058145031339415176,0.008060900038630829,0.050084131300784346,5.048430620052818,3.658869379947182,12274668.09
2022-09-15 00:00:00+00:00,4.507,4.521,4.13,4.184,10588656.3,4.36595,4.5522833333333335,7.585335,43.98588626557679,0.02316648429755208,0.011082016890415079,0.012084467407137003,5.039239083530229,3.6926609164697703,11827479.649999999
2022-09-16 00:00:00+00:00,4.185,4.25,4.093,4.206,7517571.4,4.38045,4.554683333333333,7.557569999999999,44.47260891811992,-0.0027473800149904193,0.008316137509333979,-0.011063517524324398,5.026285110535944,3.734614889464056,11703406.69
2022-09-17 00:00:00+00:00,4.207,4.39,4.203,4.379,6262940.2,4.4112,4.552116666666667,7.5204249999999995,48.27855674949927,-0.009218386185614769,0.0048092327703442295,-0.014027618955958998,4.991991735479226,3.8304082645207744,11592939.690000001
2022-09-18 00:00:00+00:00,4.38,4.411,3.82,3.916,10394849.3,4.40535,4.547650000000001,7.484580000000001,40.314468375324225,-0.051117682915470475,-0.006376150366818711,-0.04474153254865176,5.0033631353080565,3.807336864691944,11606813.19
2022-09-19 00:00:00+00:00,3.917,4.08,3.806,4.055,12024692.8,4.3981,4.542316666666667,7.44968,43.33653089218868,-0.07227391046261644,-0.019555702385978257,-0.052718208076638184,5.009266720298948,3.7869332797010524,11507263.975
2022-09-20 00:00:00+00:00,4.054,4.091,3.8,3.82,10642065.6,4.3704,4.533966666666667,7.41664,39.67865423496401,-0.10677210685468186,-0.03699898327971898,-0.06977312357496288,5.031595402283603,3.7092045977163965,11202751.055
2022-09-21 00:00:00+00:00,3.82,4.039,3.546,3.641,15176741.7,4.3351500000000005,4.52285,7.38232,37.10928038948729,-0.14686303443416726,-0.05897179351060864,-0.08789124092355863,5.068972124224244,3.601327875775757,11396337.1
2022-09-22 00:00:00+00:00,3.641,3.899,3.621,3.865,9297180.9,4.3195,4.514733333333333,7.351175,42.15706010226502,-0.15873070664676447,-0.07892357613783982,-0.07980713050892466,5.078963099828413,3.5600369001715864,11429392.785
2022-09-23 00:00:00+00:00,3.866,3.95,3.612,3.792,11512240.6,4.300549999999999,4.5148166666666665,7.321845000000001,41.002067736312576,-0.1720432053130816,-0.09754750197288818,-0.07449570334019341,5.092123489955913,3.5089765100440857,11831153.819999998
2022-09-24 00:00:00+00:00,3.792,3.872,3.667,3.699,6087647.1,4.2735,4.513883333333334,7.291685,39.516699168904,-0.18793142272614372,-0.1156242861235393,-0.07230713660260442,5.107347108288438,3.439652891711563,11913407.42
2022-09-25 00:00:00+00:00,3.699,3.769,3.611,3.649,4925193.4,4.2443,4.50555,7.251940000000001,38.70486785516254,-0.2022263916654241,-0.13294470723191626,-0.06928168443350785,5.121547080360484,3.367052919639516,11904405.719999999
2022-09-26 00:00:00+00:00,3.648,3.73,3.557,3.686,7553874.5,4.22505,4.494183333333334,7.21516,39.69222628340789,-0.20817001243932864,-0.14798976827339874,-0.0601802441659299,5.133022130630119,3.3170778693698826,11293284.48
2022-09-27 00:00:00+00:00,3.687,3.821,3.553,3.618,10281841.2,4.18705,4.4816666666666665,7.181990000000001,38.46587103167567,-0.21587888897228114,-0.16156759241317523,-0.05431129655910591,5.129207412538372,3.2448925874616275,11205269.2
2022-09-28 00:00:00+00:00,3.618,3.644,3.446,3.578,7540282.4,4.13145,4.468649999999999,7.148245,37.72745001149195,-0.2226493319656515,-0.1737839403236705,-0.048865391641981004,5.079549040185681,3.1833509598143195,10754673.05
2022-09-29 00:00:00+00:00,3.579,3.609,3.503,3.587,5763496.5,4.07025,4.457916666666667,7.116930000000001,38.01577141404059,-0.22469854705201664,-0.18396686166933973,-0.04073168538267691,4.992658559154249,3.147841440845751,10497601.795
2022-09-30 00:00:00+00:00,3.587,3.648,3.512,3.559,6515139.1,4.00745,4.446033333333333,7.084075,37.43506183216739,-0.22597700847806346,-0.19236889103108448,-0.033608117446978975,4.8885895973402995,3.126310402659701,10292053.965
2022-10-01 00:00:00+00:00,3.559,3.595,3.527,3.556,2626308.7,3.94045,4.433449999999999,7.05129,37.369196505335616,-0.22464273172094273,-0.19882365916905614,-0.02581907255188659,4.741267201364352,3.139632798635647,9834338.795
2022-10-02 00:00:00+00:00,3.556,3.617,3.466,3.48,3730030.5,3.8598500000000002,4.41625,7.014615,35.65757730445108,-0.22710000512523898,-0.20447892836029274,-0.022621076764946235,4.486357869065541,3.2333421309344597,8957580.53
2022-10-03 00:00:00+00:00,3.48,3.565,3.411,3.541,5439659.8,3.81595,4.401583333333333,6.978705,38.10793393033906,-0.22157108821834548,-0.2078973603319033,-0.013673727886442166,4.401276054435518,3.2306239455644823,8200790.87
2022-10-04 00:00:00+00:00,3.542,3.655,3.527,3.623,4994461.6,3.7717000000000005,4.375366666666666,6.9400450000000005,41.341851447143185,-0.20817297852527128,-0.20795248397057692,-0.00022049455469436152,4.268120829539874,3.275279170460127,7943743.68
2022-10-05 00:00:00+00:00,3.623,3.729,3.546,3.696,7903442.2,3.7473,4.355266666666667,6.9020600000000005,44.1401092985135,-0.189480180577418,-0.20425802329194515,0.014777842714527145,4.206865055243607,3.287734944756394,7809482.975
2022-10-06 00:00:00+00:00,3.696,3.764,3.583,3.623,5749678.3,3.71815,4.33265,6.866910000000001,41.98325801475017,-0.17849886958605277,-0.19910619255076667,0.020607322964713903,4.129015075178048,3.307284924821953,7721088.32
2022-10-07 00:00:00+00:00,3.622,3.628,3.514,3.552,4346318.0,3.6768,4.300366666666666,6.83036,39.939141287649775,-0.17352492086534177,-0.1939899382136817,0.020465017348339942,3.9599032320569085,3.3936967679430916,7625257.209999999
2022-10-08 00:00:00+00:00,3.551,3.578,3.462,3.494,3275403.9,3.6557000000000004,4.269183333333333,6.79248,38.29867383501934,-0.17227724114552112,-0.1896473988000496,0.017370157654528484,3.9270050681448296,3.384394931855171,7269284.94
2022-10-09 00:00:00+00:00,3.494,3.534,3.484,3.518,2027270.5,3.62885,4.229416666666666,6.747605,39.40773127749799,-0.16742191098161063,-0.18520230123636183,0.0177803902547512,3.83531285380444,3.4223871461955597,6769413.825
2022-10-10 00:00:00+00:00,3.518,3.55,3.217,3.218,6913461.5,3.5987500000000003,4.187033333333334,6.699215000000001,31.730122373896506,-0.18564155930354254,-0.18529015284979797,-0.00035140645374456825,3.8545912593798692,3.3429087406201314,6582983.62
2022-10-11 00:00:00+00:00,3.217,3.24,3.078,3.173,12453063.7,3.5753500000000003,4.140333333333333,6.653975,30.76198961422159,-0.20139038281156862,-0.1885101988421521,-0.012880183969416537,3.8902469831565245,3.260453016843476,6446799.72
2022-10-12 00:00:00+00:00,3.173,3.214,3.122,3.155,5474227.3,3.53985,4.09485,6.606179999999999,30.362917535034725,-0.21287005498667044,-0.1933821700710558,-0.01948788491561465,3.875526198145005,3.204173801854995,6255652.040000001
2022-10-13 00:00:00+00:00,3.154,3.16,2.76,3.04,21749805.2,3.50225,4.051916666666667,6.555395,27.874864118104654,-0.2286120197393955,-0.20042814000472375,-0.028183879734671735,3.882088847409121,3.122411152590879,6767530.2700000005
2022-10-14 00:00:00+00:00,3.039,3.182,2.955,3.007,8111508.6,3.4676500000000003,4.01205,6.50723,27.186419518874033,-0.24097268135774774,-0.20853704827532857,-0.032435633082419174,3.892857372938304,3.0424426270616967,6868723.345000001
2022-10-15 00:00:00+00:00,3.006,3.018,2.916,2.924,4470389.4,3.4314,3.97305,6.451345,25.481771599093832,-0.2545319156016679,-0.21773602174059645,-0.03679589386107143,3.908975711276336,2.953824288723664,6845983.1450000005
2022-10-16 00:00:00+00:00,2.924,3.037,2.92,3.002,3760709.4,3.3971999999999993,3.9399333333333333,6.396184999999999,29.928352524661676,-0.25603237644118737,-0.22539529268071462,-0.03063708376047275,3.8945053790188697,2.899894620981129,6656324.89
2022-10-17 00:00:00+00:00,3.002,3.072,2.965,3.061,4076821.2,3.36935,3.910066666666667,6.3449800000000005,33.17649465904526,-0.24958365058678034,-0.23023296426192777,-0.019350686324852567,3.876366479023222,2.8623335209767777,6346073.89
2022-10-18 00:00:00+00:00,3.061,3.098,2.894,2.966,7157988.2,3.3387499999999997,3.888666666666667,6.28611,30.708166696414978,-0.24926531949758068,-0.23403943530905835,-0.015225884188522332,3.865201849651142,2.812298150348857,6326959.18
2022-10-19 00:00:00+00:00,2.966,2.973,2.796,2.826,6561954.3,3.3007,3.8665833333333333,6.226115,27.46518826965685,-0.2573433755445311,-0.23870022335615293,-0.018643152188378198,3.8589268714430665,2.7424731285569335,6366882.07
2022-10-20 00:00:00+00:00,2.827,2.943,2.784,2.87,6367842.2,3.2662500000000003,3.8439666666666668,6.156400000000001,29.968377505229313,-0.2572296772845126,-0.2424061141418249,-0.014823563142687735,3.8412515217380894,2.6912484782619113,6359517.225
2022-10-21 00:00:00+00:00,2.871,2.918,2.726,2.887,7201806.1,3.2328,3.8234333333333335,6.085260000000001,30.959735625832565,-0.25285307976131266,-0.24449550726572244,-0.008357572495590215,3.814286233715917,2.6513137662840833,6588292.095000001
2022-10-22 00:00:00+00:00,2.887,2.947,2.825,2.919,4550174.3,3.2047499999999998,3.80035,6.019155,32.88565230364104,-0.2439898984566824,-0.24439438550391446,0.0004044870472320605,3.7899436004444382,2.6195563995555613,6629299.285
2022-10-23 00:00:00+00:00,2.92,3.0,2.845,2.983,6103696.7,3.17685,3.7789166666666665,5.9577100000000005,36.68951942458821,-0.22915988577121205,-0.241347485557374,0.012187599786161962,3.7483040313980895,2.6053959686019104,6662501.13
2022-10-24 00:00:00+00:00,2.983,3.015,2.875,2.919,7266365.8,3.14165,3.755666666666667,5.88507,34.57891882371166,-0.22003483439916272,-0.23708495532573176,0.017050120926569046,3.684872707552927,2.598427292447073,6776096.340000001
2022-10-25 00:00:00+00:00,2.919,3.086,2.889,3.001,9922859.5,3.1069000000000004,3.7400500000000005,5.812439999999999,39.389837794868015,-0.20383674760454706,-0.23043531378149482,0.026598566176947752,3.589348297749238,2.624451702250763,6877067.205
2022-10-26 00:00:00+00:00,3.001,3.115,2.998,3.055,10521661.4,3.0785,3.7257000000000002,5.73995,42.39412661351285,-0.18451532065600684,-0.22125131515639723,0.03673599450039039,3.4989723534325896,2.6580276465674104,7115666.359999999
2022-10-27 00:00:00+00:00,3.055,3.178,2.937,2.964,11481721.3,3.0491,3.712366666666667,5.675749999999999,38.89527593854645,-0.17453397110195423,-0.21190784634550863,0.0373738752435544,3.4112065589037903,2.68699344109621,7472436.525
2022-10-28 00:00:00+00:00,2.963,3.065,2.89,3.023,7927071.3,3.02555,3.695533333333333,5.61061,42.22461384100506,-0.16001828160972575,-0.20152993339835207,0.041511651788626314,3.3246349210527786,2.7264650789472213,7705019.8950000005
2022-10-29 00:00:00+00:00,3.022,3.171,3.02,3.088,10350711.8,3.00405,3.677,5.5434,45.73267784025887,-0.14163683506613145,-0.18955131373190798,0.04791447866577653,3.2037532548586767,2.804346745141323,8121191.959999999
2022-10-30 00:00:00+00:00,3.089,3.236,3.054,3.101,8778536.5,2.9982,3.6557833333333334,5.47472,46.43322094562819,-0.12458428481042416,-0.17655790794761123,0.051973623137187064,3.1783927856523406,2.8180072143476598,8214445.709999999
2022-10-31 00:00:00+00:00,3.101,3.189,3.043,3.106,7742729.6,2.99485,3.6351166666666668,5.408329999999999,46.71811761130339,-0.10940540031024959,-0.1631274064201389,0.05372200610988931,3.164076800481338,2.825623199518662,7978929.005
2022-11-01 00:00:00+00:00,3.105,3.165,3.005,3.013,16484770.6,2.98775,3.6157,5.343235000000001,42.220216371058825,-0.1036851301142705,-0.1512389511589652,0.047553821044694716,3.140630181845626,2.8348698181543743,8529456.169999998
2022-11-02 00:00:00+00:00,3.013,3.03,2.825,2.901,10352126.5,2.9808,3.5945333333333336,5.278069999999999,37.533550560826235,-0.10695631295087615,-0.1423824235173474,0.03542611056647124,3.136164860895739,2.8254351391042607,7959572.234999999
2022-11-03 00:00:00+00:00,2.901,3.125,2.882,3.03,11071908.8,2.9819500000000003,3.5743666666666667,5.21481,45.09357302438055,-0.09800973183481565,-0.13350788518084106,0.03549815334602541,3.1384101866327416,2.825489813367259,8107592.245
2022-11-04 00:00:00+00:00,3.03,3.308,3.009,3.307,14661487.4,3.0011,3.5589333333333335,5.150499999999999,57.09988151982994,-0.06778651606770536,-0.12036361135821391,0.05257709529050855,3.2096012230207536,2.7925987769792466,8617147.145
2022-11-05 00:00:00+00:00,3.307,3.443,3.26,3.332,12907453.6,3.0176,3.5466166666666665,5.080075,57.99268557780343,-0.041340560511505586,-0.10455900118887225,0.06321844067736666,3.271140056009199,2.7640599439908007,9074484.355
2022-11-06 00:00:00+00:00,3.333,3.361,3.079,3.094,8497904.0,3.01925,3.525216666666666,5.012275,47.794997207895626,-0.03913543224939442,-0.09147428740097668,0.052338855151582264,3.2743232247828997,2.7641767752171003,9295538.495000001
2022-11-07 00:00:00+00:00,3.094,3.146,2.971,3.051,8797121.7,3.0235,3.4979,4.94933,46.2138340102298,-0.0403919792548697,-0.08125782577175529,0.04086584651688559,3.2777136896415042,2.7692863103584955,9377495.169999998
2022-11-08 00:00:00+00:00,3.05,3.072,2.39,2.633,21978341.0,3.01385,3.4616,4.884650000000001,34.32585295964252,-0.07426087529329228,-0.0798584356760627,0.005597560382770414,3.308721005697658,2.718978994302342,10148314.505
2022-11-09 00:00:00+00:00,2.633,2.66,1.978,2.03,33890852.48,2.97185,3.4151833333333332,4.81817,24.524887774569365,-0.14805262147389975,-0.09349727283563011,-0.054555348638269635,3.4908360402757994,2.4528639597242003,11524465.019
2022-11-10 00:00:00+00:00,2.03,2.381,1.99,2.315,27859121.9,2.94325,3.3721666666666663,4.754715000000001,34.10194988974939,-0.18144441553022794,-0.11108670137454968,-0.07035771415567826,3.5356393567588444,2.3508606432411554,12557330.809
2022-11-11 00:00:00+00:00,2.315,2.321,2.038,2.131,17568135.7,2.90385,3.3228166666666668,4.693995,31.337255439222048,-0.22021639759110956,-0.13291264061786168,-0.08730375697324788,3.5941746410212825,2.213525358978717,13208228.878999999
2022-11-12 00:00:00+00:00,2.131,2.137,1.953,2.0,22297890.6,2.8547000000000002,3.2824999999999998,4.64057,29.50334810097283,-0.2585338604867733,-0.158036884591644,-0.10049697589512929,3.6478085928176354,2.061591407182365,14017938.574000001
2022-11-13 00:00:00+00:00,2.0,2.078,1.89,1.953,15518343.6,2.8064,3.2399166666666663,4.58594,28.850986567616232,-0.2893576976786836,-0.18430104720905194,-0.10505665046963164,3.690410950159089,1.9223890498409109,14430537.463999998
2022-11-14 00:00:00+00:00,1.953,2.023,1.8,1.971,17148826.8,2.7549,3.203033333333333,4.533785,29.493974182440212,-0.30877400661617793,-0.20919563909047717,-0.09957836752570076,3.7050953272886487,1.8047046727113516,14791835.829
2022-11-15 00:00:00+00:00,1.971,2.046,1.93,1.98,9660614.9,2.7011499999999997,3.1659333333333337,4.48724,29.835407908603315,-0.3197494736570503,-0.23130640600379182,-0.08844306765325849,3.6978429868325495,1.70445701316745,14748783.503999999
2022-11-16 00:00:00+00:00,1.981,2.019,1.891,1.922,7793135.6,2.64905,3.1249833333333332,4.44517,28.865286212120367,-0.3293313982770272,-0.2509114044584389,-0.07841999381858827,3.69314587203532,1.6049541279646797,14564354.219
2022-11-17 00:00:00+00:00,1.922,1.937,1.816,1.832,11235158.7,2.5895,3.0902499999999997,4.395145,27.377673188333688,-0.3402650269875269,-0.2687821289642565,-0.0714828980232704,3.676467248817187,1.5025327511828135,14729758.588999998
2022-11-18 00:00:00+00:00,1.832,1.87,1.752,1.784,13484028.8,2.5243,3.0524,4.34482,26.590581458303106,-0.348782656011565,-0.28478223437371825,-0.06400042163784675,3.6398981534590367,1.4087018465409638,14886424.439
2022-11-19 00:00:00+00:00,1.784,1.788,1.703,1.747,12681787.6,2.4566,3.01785,4.293565,25.970771101420198,-0.3544328479134573,-0.2987123570816661,-0.0557204908317912,3.58821325549024,1.3249867445097594,15081586.993999999
2022-11-20 00:00:00+00:00,1.748,1.762,1.552,1.57,16492619.57,2.3798000000000004,2.9833333333333334,4.23652,23.18643762526156,-0.3689401737862963,-0.31275792042259215,-0.05618225336370414,3.532979708458847,1.226620291541154,15519081.492500002
2022-11-21 00:00:00+00:00,1.569,1.584,1.432,1.56,27412640.0,2.3071499999999996,2.9449166666666664,4.188235,23.036172518666547,-0.37689958666346324,-0.3255862536707664,-0.05131333299269686,3.4745990609877753,1.139700939012224,16065474.9625
2022-11-22 00:00:00+00:00,1.56,1.649,1.492,1.627,18626063.2,2.24345,2.9088333333333334,4.142475,26.474306000796517,-0.3734957125739107,-0.3351681454513953,-0.038327567122515394,3.413362727514855,1.0735372724851453,16479171.7975
2022-11-23 00:00:00+00:00,1.627,1.699,1.585,1.692,14861685.1,2.1765499999999998,2.875383333333333,4.098745,29.75290053370982,-0.36138731307270655,-0.34041197897565756,-0.020975334097048992,3.3113982673913966,1.0417017326086027,16668660.6125
2022-11-24 00:00:00+00:00,1.692,1.733,1.625,1.643,11230409.1,2.09335,2.8419499999999998,4.051235,28.71345569272485,-0.35169113325754475,-0.34266780983203504,-0.00902332342550971,3.1236622390815643,1.0630377609184358,16497106.6975
2022-11-25 00:00:00+00:00,1.644,1.658,1.596,1.646,6694501.7,2.0090500000000002,2.80795,4.01247,28.877284521131358,-0.33984721877834323,-0.3421036916212967,0.002256472842953494,2.8844304829908407,1.1336695170091597,16186459.102499997
2022-11-26 00:00:00+00:00,1.647,1.704,1.588,1.612,8231656.5,1.9349500000000002,2.7745166666666665,3.972715,28.089391171118436,-0.3294071465364805,-0.3395643826043335,0.010157236067853015,2.670092292349778,1.1998077076502223,16173146.727499997
2022-11-27 00:00:00+00:00,1.612,1.677,1.597,1.614,8110576.7,1.8631,2.7417833333333332,3.948245,28.2134677526722,-0.3173141310018419,-0.33511433228383525,0.017800201281993333,2.4027969149451343,1.3234030850548657,16138819.477500001
2022-11-28 00:00:00+00:00,1.615,1.627,1.482,1.591,13147693.0,1.811,2.7085166666666667,3.9240950000000003,27.623194267395462,-0.3060581885630014,-0.3293031035396685,0.02324491497666714,2.231325588087737,1.3906744119122627,15697287.0775
2022-11-29 00:00:00+00:00,1.591,1.638,1.561,1.606,8169064.1,1.7898000000000003,2.675966666666667,3.899475,28.671309811481365,-0.29255500644068455,-0.32195348411987174,0.029398477679187185,2.2065596909506784,1.373040309049322,14411197.6585
2022-11-30 00:00:00+00:00,1.606,1.753,1.606,1.723,14672588.4,1.7602,2.6454166666666667,3.8747,36.40698858225644,-0.2693082967272944,-0.31142444664135627,0.04211614991406187,2.1006547547050984,1.4197452452949015,13751870.9835
2022-12-01 00:00:00+00:00,1.723,1.768,1.686,1.742,12344001.2,1.7407499999999998,2.6164500000000004,3.846665,37.590673452976326,-0.24651035268714816,-0.29844162785051465,0.051931275163366486,2.035646507272147,1.445853492727853,13490664.2585
2022-12-02 00:00:00+00:00,1.742,1.8,1.711,1.756,11302172.9,1.7285499999999998,2.5867000000000004,3.8227300000000004,38.49905357618645,-0.22472267171339055,-0.28369783662308984,0.058975164909699285,1.9986851328526387,1.458414867147361,12940878.3735
2022-12-03 00:00:00+00:00,1.756,1.756,1.664,1.67,6354284.8,1.7144000000000001,2.55415,3.797685,35.117638183089596,-0.2119520080249664,-0.26934867090346515,0.05739666287849876,1.9649636845221485,1.4638363154778518,12482675.433500001
2022-12-04 00:00:00+00:00,1.669,1.74,1.668,1.723,6672540.0,1.702,2.5212666666666665,3.776685,38.69144951807319,-0.19530317455939228,-0.2545395716346506,0.059236397075258296,1.9233892499678256,1.4806107500321743,11958861.0935
2022-12-05 00:00:00+00:00,1.723,1.78,1.682,1.718,11200024.3,1.6888999999999998,2.489516666666667,3.754765,38.47613405570063,-0.1804323999118982,-0.2397181372901001,0.05928573737820192,1.8703418915281638,1.507458108471836,12035831.563499998
2022-12-06 00:00:00+00:00,1.718,1.79,1.714,1.789,11250335.8,1.6822500000000002,2.4601333333333333,3.73495,43.301239526520185,-0.16106148074463777,-0.22398680598100768,0.0629253252363699,1.8367852710591306,1.52771472894087,12208691.5735
2022-12-07 00:00:00+00:00,1.79,1.83,1.666,1.691,14024691.3,1.6751999999999998,2.4300833333333336,3.7127250000000003,38.78031798715037,-0.15186704002106177,-0.20956285278901848,0.05769581276795671,1.8138096677772504,1.5365903322227492,12348168.2035
2022-12-08 00:00:00+00:00,1.691,1.715,1.638,1.706,8778615.7,1.6713,2.399883333333334,3.6900449999999996,39.81607296790914,-0.1417361586561967,-0.19599751396245416,0.05426135530625745,1.8015844580190603,1.5410155419809397,12112897.5485
2022-12-09 00:00:00+00:00,1.706,1.738,1.681,1.698,5903614.4,1.6688500000000002,2.3745499999999997,3.669305,39.43288844227159,-0.13282180820046263,-0.18336237281005585,0.05054056460959322,1.7951294916101606,1.5425705083898398,11773988.888500001
2022-12-10 00:00:00+00:00,1.697,1.73,1.686,1.705,3028627.4,1.6756,2.350083333333333,3.64798,39.97721362558686,-0.12376558709468255,-0.1714430156669812,0.04767742857229865,1.794222763419673,1.556977236580327,11100789.280000001
2022-12-11 00:00:00+00:00,1.704,1.713,1.622,1.633,4474359.9,1.6792500000000001,2.3247166666666668,3.627355,36.35779936385825,-0.12100341287112637,-0.16135509510781024,0.04035168223668387,1.787455129274537,1.5710448707254632,9953875.275000002
2022-12-12 00:00:00+00:00,1.633,1.642,1.568,1.631,8304305.0,1.6794499999999999,2.3012333333333337,3.609355,36.259594973564205,-0.11761990414473766,-0.15260805691519574,0.03498815277045808,1.7872822308093421,1.5716177691906577,9437787.365
2022-12-13 00:00:00+00:00,1.632,1.766,1.557,1.71,13225382.1,1.68035,2.2796166666666666,3.5938749999999997,42.828523035676376,-0.10732661492440765,-0.14355176851703813,0.03622515359263048,1.7888843724417252,1.5718156275582749,9355972.215
2022-12-14 00:00:00+00:00,1.71,1.735,1.651,1.659,10580131.1,1.68115,2.2585333333333333,3.5771800000000002,39.96508249765682,-0.10210735282956884,-0.13526288537954428,0.03315553254997544,1.788803657630937,1.5734963423690629,9323458.315000001
2022-12-15 00:00:00+00:00,1.659,1.669,1.585,1.59,6700035.2,1.67835,2.235,3.5592200000000003,36.417527581443515,-0.10235884431846065,-0.12868207716732755,0.026323232848866895,1.7922469270934005,1.5644530729065995,9323734.989999998
2022-12-16 00:00:00+00:00,1.592,1.61,1.346,1.37,12864791.7,1.6662500000000002,2.2068166666666666,3.5372700000000004,27.910553105736014,-0.11893925680327966,-0.12673351309451797,0.007794256291238311,1.8409564681152961,1.4915435318847043,9555391.75
2022-12-17 00:00:00+00:00,1.37,1.404,1.342,1.395,9842880.0,1.6553,2.180633333333333,3.51446,29.914090249319443,-0.1285798733449095,-0.12710278514459628,-0.0014770882003132257,1.865566592689667,1.445033407310333,9642006.915000001
2022-12-18 00:00:00+00:00,1.395,1.398,1.346,1.364,5244223.4,1.6439499999999998,2.1562666666666668,3.4945649999999997,28.843602800444557,-0.13714069971405074,-0.12911036805848716,-0.008030331655563577,1.888574181145944,1.3993258188540556,9246833.435
2022-12-19 00:00:00+00:00,1.364,1.384,1.229,1.259,15072137.1,1.6266000000000003,2.1294166666666667,3.472845,25.513293339672188,-0.15066111126008375,-0.13342051669880647,-0.017240594561277273,1.923224611253561,1.3299753887464396,9591987.085
2022-12-20 00:00:00+00:00,1.26,1.351,1.254,1.343,11095137.4,1.6076000000000001,2.103683333333333,3.4533000000000005,32.252418908873906,-0.15283623584731676,-0.13730366052850854,-0.015532575318808223,1.9250419001980181,1.2901580998019822,9413114.535
2022-12-21 00:00:00+00:00,1.343,1.353,1.277,1.307,9262031.5,1.5858500000000002,2.0768166666666668,3.43319,30.959627662581397,-0.15567046467381185,-0.1409770213575692,-0.014693443316242644,1.9225048826340283,1.249195117365972,9259016.05
2022-12-22 00:00:00+00:00,1.306,1.325,1.271,1.322,6798476.8,1.5641500000000002,2.0491333333333333,3.4131449999999997,32.17946180346844,-0.15492041073817342,-0.14376569923369006,-0.011154711504483356,1.9099622467486284,1.218337753251372,9033831.245000001
2022-12-23 00:00:00+00:00,1.322,1.366,1.315,1.341,5494658.0,1.5477,2.0228333333333333,3.3924199999999995,33.77557210225484,-0.15105161736138362,-0.14522288285922877,-0.0058287345021548476,1.9029774127373371,1.192422587262663,8990849.905
2022-12-24 00:00:00+00:00,1.342,1.353,1.327,1.337,2608743.3,1.5284,1.9951,3.3731150000000003,33.59631170942778,-0.14661821380564932,-0.14550194904851288,-0.0011162647571364426,1.8854223522432996,1.1713776477567004,8787660.07
2022-12-25 00:00:00+00:00,1.337,1.341,1.299,1.332,4082344.9,1.5090999999999999,1.9663833333333334,3.3544500000000004,33.35798313733537,-0.14187274704482444,-0.14477610864777518,0.002903361602950738,1.8647683286452998,1.1534316713547,8431776.100000001
2022-12-26 00:00:00+00:00,1.333,1.365,1.331,1.362,3770646.0,1.4877500000000001,1.9396833333333334,3.335845,36.27880039437267,-0.13414484292116002,-0.14264985550245216,0.008505012581292132,1.8244034568385479,1.1510965431614524,8057791.610000001
2022-12-27 00:00:00+00:00,1.363,1.379,1.329,1.362,6572959.6,1.4712999999999998,1.912,3.320175,36.27880039437265,-0.12656150102460062,-0.13943218460688186,0.012870683582281245,1.7986433060280076,1.143956693971992,7685205.025
2022-12-28 00:00:00+00:00,1.363,1.364,1.293,1.316,7644817.2,1.4518,1.8824666666666665,3.3062549999999997,33.655666870714995,-0.12284735565237215,-0.13611521881597993,0.013267863163607785,1.767140197249492,1.136459802750508,7628515.1
2022-12-29 00:00:00+00:00,1.315,1.332,1.266,1.297,6608595.5,1.4317499999999999,1.8523999999999998,3.294265,32.606950338639976,-0.12005311234760785,-0.13290279752230552,0.012849685174697673,1.732584090490674,1.1309159095093257,7663764.154999999
2022-12-30 00:00:00+00:00,1.297,1.304,1.238,1.277,7185607.7,1.41035,1.8219166666666666,3.2830649999999997,31.494462695843367,-0.11809120534418716,-0.12994047908668185,0.011849273742494698,1.6905743922312149,1.1301256077687851,7871613.17
2022-12-31 00:00:00+00:00,1.277,1.284,1.246,1.256,3423417.5,1.3915,1.7926333333333333,3.2724450000000003,30.324550241184042,-0.11688354367091813,-0.1273290920035291,0.010445548332610965,1.659743546057228,1.1232564539427718,7819066.05
2023-01-01 00:00:00+00:00,1.256,1.285,1.239,1.276,4042516.7,1.3737499999999998,1.7655500000000002,3.25976,32.881696199801326,-0.11300992220415829,-0.12446525804365494,0.01145533583949665,1.6225277120269386,1.124972287973061,7605976.635
2023-01-02 00:00:00+00:00,1.276,1.326,1.256,1.314,6170515.3,1.35395,1.73695,3.2502,37.569915756831044,-0.10565583219796015,-0.12070337287451599,0.015047540676555837,1.549968851137744,1.157931148862256,7253233.295
2023-01-03 00:00:00+00:00,1.314,1.365,1.304,1.335,7038132.0,1.33775,1.7040833333333332,3.240005,40.06159719618849,-0.09701481202560558,-0.11596566070473391,0.01895084867912833,1.4749882964094323,1.2005117035905677,7076133.340000001
2023-01-04 00:00:00+00:00,1.334,1.63,1.329,1.55,30388420.0,1.33575,1.6743833333333336,3.2322799999999994,58.37756667023107,-0.07198820292161745,-0.10717016914811063,0.03518196622649318,1.4586416189223799,1.2128583810776201,8260552.580000001
2023-01-05 00:00:00+00:00,1.55,1.666,1.507,1.524,18142157.3,1.34345,1.6482166666666667,3.22346,56.14326415071923,-0.053634156439329006,-0.09646296660635431,0.042828810167025305,1.4908209265810677,1.1960790734189324,8524420.86
2023-01-06 00:00:00+00:00,1.524,1.616,1.48,1.591,14942285.8,1.3532499999999998,1.6238833333333333,3.21437,60.354206006958165,-0.033298260688939596,-0.08383002542287138,0.05053176473393178,1.535070653396035,1.1714293466039647,8779391.15
2023-01-07 00:00:00+00:00,1.592,1.602,1.543,1.56,5343944.1,1.36305,1.606,3.2045800000000004,57.5985435699631,-0.019459045947877618,-0.07095582952787262,0.051496783579995,1.5660292846606765,1.1600707153393237,8784377.184999999
2023-01-08 00:00:00+00:00,1.56,1.659,1.514,1.647,11913659.0,1.38245,1.5996166666666667,3.196415,62.74018110325926,-0.0014544298863858884,-0.057055549599575275,0.05560111971318939,1.614086331350152,1.150813668649848,8626453.28
2023-01-09 00:00:00+00:00,1.647,1.725,1.621,1.642,24012933.1,1.3974,1.5884,3.186855,62.27281777164048,0.012269465089271847,-0.043190546661805856,0.055460011751077704,1.6541554478513658,1.1406445521486341,9272343.065
2023-01-10 00:00:00+00:00,1.642,1.668,1.593,1.644,10391895.3,1.41425,1.5802833333333333,3.17511,62.393492559525306,0.023041525653227923,-0.0299441321987991,0.052985657852027024,1.6886867868951851,1.1398132131048149,9328836.254999999
2023-01-11 00:00:00+00:00,1.645,1.839,1.554,1.82,25077718.8,1.4391500000000002,1.5772833333333334,3.16335,71.1414094170253,0.045258478794182766,-0.01490361000020273,0.0601620887943855,1.7617334930701665,1.1165665069298338,10242798.355
2023-01-12 00:00:00+00:00,1.821,1.887,1.711,1.831,30796041.5,1.46365,1.57525,3.153545,71.58628075945256,0.06302665030012533,0.0006824420598628821,0.06234420824026245,1.8248171496708232,1.1024828503291766,11507867.530000001
2023-01-13 00:00:00+00:00,1.83,2.023,1.779,1.956,22878776.4,1.4946,1.575,3.1446300000000003,76.0958462488137,0.08620083993811334,0.017786121635512974,0.06841471830260036,1.9091886636189452,1.0800113363810546,12521369.184999999
2023-01-14 00:00:00+00:00,1.957,2.356,1.948,2.251,52656530.4,1.54055,1.5795166666666667,3.1388,82.96660294610105,0.1269076740996351,0.039610432128337404,0.0872972419712977,2.062640595587909,1.0184594044120916,14950078.459999999
2023-01-15 00:00:00+00:00,2.252,2.274,2.105,2.24,20795628.5,1.58445,1.5848166666666665,3.132855,82.01991711969296,0.1564767587093785,0.06298369744454563,0.09349306126483287,2.181392032362717,0.9875079676372827,15801327.584999999
2023-01-16 00:00:00+00:00,2.241,2.442,2.066,2.192,29624289.7,1.62595,1.5908166666666665,3.127125,77.84574200298988,0.17403114968613598,0.0851931878928637,0.08883796179327227,2.2688943132972916,0.9830056867027083,16953894.09
2023-01-17 00:00:00+00:00,2.192,2.266,2.145,2.156,16802041.9,1.66795,1.597016666666667,3.1211450000000003,74.77221161133114,0.18292953407321244,0.10474045712893346,0.07818907694427898,2.3337564208171324,1.0021435791828677,17411755.325
2023-01-18 00:00:00+00:00,2.156,2.232,1.953,1.972,23336897.3,1.7017,1.6007666666666667,3.114445,61.42355393518755,0.1731384730195178,0.11842006030705032,0.05471841271246747,2.3572230278192494,1.0461769721807508,18248170.415
2023-01-19 00:00:00+00:00,1.972,2.159,1.97,2.096,17177752.4,1.74265,1.6095333333333335,3.1083100000000004,65.848389206685,0.1733860636695348,0.12941326097954722,0.04397280268998757,2.3891972217876365,1.0961027782123638,18747777.65
2023-01-20 00:00:00+00:00,2.096,2.406,2.046,2.388,19445886.3,1.79925,1.6233333333333333,3.102645,73.54402510601132,0.19489758268399737,0.14251012532043728,0.0523874573635601,2.4634327685218156,1.1350672314781844,19548901.09
2023-01-21 00:00:00+00:00,2.389,2.475,2.3,2.324,24184976.0,1.8516499999999998,1.63495,3.0973,69.82989986072604,0.204424868718873,0.15489307400012442,0.04953179471874858,2.507752210026225,1.1955477899737748,20556024.055
2023-01-22 00:00:00+00:00,2.324,2.596,2.318,2.399,24843558.5,1.9058999999999997,1.6467333333333334,3.0917900000000005,71.63756755471786,0.2155425444588024,0.16702296809186,0.048519576366942374,2.5545931169677147,1.2572068830322847,21489676.215
2023-01-23 00:00:00+00:00,2.399,2.71,2.395,2.544,25005546.0,1.9663500000000003,1.6617500000000003,3.08599,74.78329830689593,0.2333636004435471,0.18029109456219744,0.05307250588134965,2.6162999288416624,1.3164000711583381,22388046.915
2023-01-24 00:00:00+00:00,2.544,2.622,2.308,2.355,16261913.2,2.0065999999999997,1.6735666666666666,3.07983,64.70887072161946,0.22958962891656887,0.19015080143307173,0.03943882748349714,2.6480787291884873,1.3651212708115124,21681721.575
2023-01-25 00:00:00+00:00,2.355,2.635,2.278,2.545,19190076.7,2.0576499999999998,1.6891166666666666,3.07359,69.2007888960941,0.23917310274681025,0.19995526169581945,0.0392178410509908,2.699884310825317,1.4154156891746825,21734117.544999998
2023-01-26 00:00:00+00:00,2.547,2.72,2.49,2.521,21700792.9,2.1041499999999997,1.7042333333333335,3.0685650000000004,68.02300818110237,0.24204137309532658,0.2083724839757209,0.033668889119605694,2.7391319761231525,1.4691680238768468,22072042.9
2023-01-27 00:00:00+00:00,2.521,2.588,2.381,2.557,23573876.7,2.154,1.7203333333333333,3.065225,68.87864187261361,0.2444020820795445,0.2155784035964856,0.02882367848305889,2.766418810946609,1.541581189053391,22983539.53
2023-01-28 00:00:00+00:00,2.559,2.69,2.429,2.47,17585789.9,2.19515,1.7347333333333335,3.061635,64.3942959597529,0.23652626054775494,0.2197679749867395,0.01675828556101544,2.7755334163733942,1.6147665836266056,23267146.075
2023-01-29 00:00:00+00:00,2.47,2.608,2.433,2.571,12617519.9,2.2416,1.7488666666666668,3.057805,67.07430515366156,0.23571726919894198,0.22295783382918002,0.012759435369761957,2.784989510389414,1.698210489610586,22697375.415
2023-01-30 00:00:00+00:00,2.571,2.584,2.222,2.307,17760310.4,2.27475,1.7582833333333334,3.0518799999999997,55.347450034630725,0.21133737832224941,0.2206337427277939,-0.009296364405544488,2.7441184586774474,1.8053815413225527,23065796.17
2023-01-31 00:00:00+00:00,2.306,2.38,2.271,2.328,14656896.5,2.30015,1.7678166666666668,3.04601,56.00634392995124,0.1915031347200289,0.2148076211262409,-0.02330448640621202,2.7207848891868567,1.879515110813143,22544755.055
2023-02-01 00:00:00+00:00,2.327,2.433,2.165,2.427,25875828.3,2.3299499999999997,1.7804333333333333,3.03993,59.07243932545471,0.18167854916592363,0.20818180673417747,-0.026503257568253835,2.6940645286873837,1.9658354713126158,22298744.395
2023-02-02 00:00:00+00:00,2.427,2.578,2.403,2.444,22961520.6,2.35435,1.7924499999999999,3.0345299999999997,59.59321218770851,0.17326693884101596,0.20119883315554518,-0.02793189431452922,2.6781272536810343,2.030572746318966,22302881.604999997
2023-02-03 00:00:00+00:00,2.444,2.521,2.4,2.507,12415228.0,2.3671499999999996,1.8055999999999999,3.026755,61.54597972262158,0.1697277348674726,0.19490461349793067,-0.02517687863045806,2.693800440075061,2.0404995599249385,20290816.485
2023-02-04 00:00:00+00:00,2.507,2.58,2.426,2.501,10048130.7,2.3802000000000003,1.8174666666666668,3.0165950000000006,61.24242013927771,0.164542002582019,0.18883209131474837,-0.024290088732729365,2.7063426681702802,2.0540573318297204,19753441.595
2023-02-05 00:00:00+00:00,2.501,2.556,2.328,2.386,13159042.5,2.3899,1.82905,3.007605,55.58364360283169,0.1494301952064414,0.180951712093087,-0.03152151688664559,2.7044084418600365,2.0753915581399633,18930179.235
2023-02-06 00:00:00+00:00,2.386,2.43,2.281,2.308,11216592.8,2.3975,1.8390833333333334,2.99727,52.06938214372709,0.12966532965342203,0.17069443560515402,-0.04102910595173198,2.6959697639648397,2.0990302360351603,18650906.779999997
2023-02-07 00:00:00+00:00,2.309,2.512,2.303,2.493,13000441.5,2.42355,1.8523333333333334,2.9881300000000004,58.73355064519228,0.12746020331241326,0.16204758914660586,-0.0345873858341926,2.651549539475903,2.195550460524097,18134083.990000002
2023-02-08 00:00:00+00:00,2.493,2.846,2.472,2.639,36071912.7,2.4507,1.8679,2.979785,63.09457905791764,0.13592672594196653,0.156823416505678,-0.020896690563711462,2.642692812368641,2.2587071876313587,19078792.005
2023-02-09 00:00:00+00:00,2.638,2.642,2.201,2.27,25825834.1,2.4448,1.8785166666666666,2.969375,49.00015180305453,0.11157512143871662,0.14777375749228572,-0.0361986360535691,2.650873384989962,2.238726615010038,19397789.395
2023-02-10 00:00:00+00:00,2.27,2.306,2.198,2.25,14352326.2,2.4411,1.8888333333333334,2.9616900000000004,48.36946322488669,0.08962927607077198,0.13614486120798297,-0.04651558513721099,2.658084699924261,2.224115300075739,18906156.904999997
2023-02-11 00:00:00+00:00,2.25,2.295,2.203,2.285,6795610.3,2.4354,1.8984166666666666,2.9543399999999997,49.592213858703616,0.07420584421758658,0.12375705780990369,-0.04955121359231711,2.662273004126146,2.208526995873854,18003759.494999997
2023-02-12 00:00:00+00:00,2.284,2.374,2.193,2.237,10693637.2,2.42005,1.90805,2.9447799999999997,47.91622275875452,0.05744724838711246,0.11049509592534545,-0.053047847538232995,2.6567831620226117,2.183316837977388,17288164.055
2023-02-13 00:00:00+00:00,2.236,2.252,2.089,2.187,14139128.6,2.4116500000000003,1.918,2.933875,46.16599773776273,0.03967402090298533,0.09633088092087344,-0.05665686001788811,2.668119315905871,2.1551806840941294,17182024.825
2023-02-14 00:00:00+00:00,2.187,2.259,2.107,2.246,13780998.6,2.3967,1.9325999999999999,2.9232599999999995,48.55397311259502,0.030003554687181744,0.0830654156741351,-0.053061860986953355,2.6551841194372052,2.138215880562795,16911570.919999998
2023-02-15 00:00:00+00:00,2.248,2.53,2.206,2.515,18966106.0,2.3964,1.9512666666666665,2.9140400000000004,57.75495027791467,0.04354374719973242,0.07516108197925457,-0.03161733477952215,2.6543196774215323,2.1384803225784674,16774836.575
2023-02-16 00:00:00+00:00,2.516,2.556,2.301,2.311,23627914.4,2.3840999999999997,1.96705,2.9044399999999997,50.39415334881322,0.0373824308240982,0.0676053517482233,-0.030222920924125096,2.633534480377571,2.1346655196224282,16777538.46
2023-02-17 00:00:00+00:00,2.311,2.485,2.297,2.456,15288839.6,2.3834,1.9869999999999999,2.89536,54.8033954865042,0.04369612960872615,0.06282350732032387,-0.019127377711597712,2.631943275912323,2.134856724087677,16662690.944999998
2023-02-18 00:00:00+00:00,2.457,2.705,2.456,2.576,20621477.6,2.3836500000000003,2.00755,2.886685,58.12100495258596,0.05771744769230969,0.061802295394721034,-0.004084847702411347,2.632956458001451,2.1343435419985495,17062888.830000002
2023-02-19 00:00:00+00:00,2.575,2.705,2.511,2.575,18681306.6,2.3970499999999997,2.0286833333333334,2.877,58.0827427465294,0.06796529009178576,0.06303489433413398,0.004930395757651779,2.65701805573229,2.137081944267709,17108938.639999997
2023-02-20 00:00:00+00:00,2.577,2.765,2.483,2.702,19380398.9,2.41575,2.0516833333333335,2.868405,61.54513733480582,0.08535074735528658,0.0674980649383645,0.01785268241692209,2.705284022182584,2.126215977817416,17345113.759999998
2023-02-21 00:00:00+00:00,2.702,2.715,2.489,2.569,17236286.0,2.42285,2.07215,2.85527,56.30035533299546,0.08738948740668695,0.07147634943202899,0.01591313797465796,2.720003344253811,2.125696655746189,16913136.645000003
2023-02-22 00:00:00+00:00,2.568,2.572,2.396,2.508,13679243.8,2.42605,2.091666666666667,2.8433000000000006,54.026296121913965,0.08312480240528641,0.07380604002668048,0.009318762378605933,2.725415645993697,2.126684354006303,16449022.805000002
2023-02-23 00:00:00+00:00,2.508,2.565,2.415,2.47,9101741.9,2.4242,2.1106333333333334,2.83075,52.60094256437231,0.07580489475569596,0.07420581097248358,0.001599083783212385,2.721994963021915,2.1264050369780847,16283348.5
2023-02-24 00:00:00+00:00,2.471,2.49,2.253,2.313,11523805.7,2.4148,2.1264833333333333,2.8148699999999995,47.07497596607794,0.05668183440623675,0.07070101565923421,-0.014019181252997462,2.7141690698806826,2.1154309301193175,16357132.25
2023-02-25 00:00:00+00:00,2.314,2.337,2.193,2.289,9058832.6,2.40995,2.1419333333333337,2.7994899999999996,46.27467311996558,0.039138902971119105,0.06438859312161119,-0.025249690150492082,2.714132494567366,2.1057675054326337,16152121.755
2023-02-26 00:00:00+00:00,2.288,2.386,2.271,2.376,5586699.2,2.4133500000000003,2.1595999999999997,2.78185,49.618386337972595,0.03188858457641297,0.05788859141257155,-0.02600000683615858,2.714402337644512,2.1122976623554885,15870627.075
2023-02-27 00:00:00+00:00,2.375,2.434,2.285,2.346,8490476.2,2.4059999999999997,2.1770833333333335,2.764775,48.497514084054,0.023451570625274254,0.051001187255112095,-0.02754961662983784,2.706091319436644,2.1059086805633553,15645128.809999999
2023-02-28 00:00:00+00:00,2.346,2.383,2.213,2.23,7970602.2,2.3855500000000003,2.1929666666666665,2.7460500000000003,44.32775786363063,0.007320558890048456,0.04226506158209937,-0.03494450269205091,2.67489303171362,2.0962069682863804,14240063.285
2023-03-01 00:00:00+00:00,2.23,2.368,2.203,2.319,8148716.8,2.388,2.2106833333333333,2.728225,48.02042858129399,0.0016985917597138744,0.03415176761762227,-0.0324531758579084,2.674200628932273,2.101799371067727,13356207.419999998
2023-03-02 00:00:00+00:00,2.319,2.332,2.208,2.259,6690279.6,2.3884499999999997,2.2270666666666665,2.71144,45.81421261015785,-0.007511765299775597,0.0258190610341427,-0.0333308263339183,2.67380835365594,2.1030916463440597,12973105.09
2023-03-03 00:00:00+00:00,2.26,2.26,2.02,2.098,12583900.9,2.3790999999999998,2.240133333333333,2.6949349999999996,40.44461210189672,-0.027485557693395002,0.015158137288635163,-0.04264369498203016,2.6886344245818705,2.069565575418129,13262519.62
2023-03-04 00:00:00+00:00,2.099,2.118,1.98,2.05,7114453.0,2.3697500000000002,2.25205,2.678865,38.977850021123785,-0.04665037443832931,0.0027964349432422677,-0.04944680938157158,2.7060307606765974,2.033469239323403,13083560.41
2023-03-05 00:00:00+00:00,2.051,2.118,2.017,2.031,6308339.5,2.3619499999999998,2.2600666666666664,2.6640750000000004,38.384444872079726,-0.06264958556967848,-0.010292769159341882,-0.0523568164103366,2.7212718473753466,2.002628152624653,12692020.955000002
2023-03-06 00:00:00+00:00,2.03,2.078,1.983,2.055,8932485.3,2.3524000000000003,2.2689166666666667,2.650085,39.634599803935686,-0.07255609474016911,-0.022745434275507327,-0.04981066046466178,2.7330601634019946,1.971739836598006,12449595.29
2023-03-07 00:00:00+00:00,2.055,2.094,1.943,2.002,10135661.2,2.32675,2.2757666666666667,2.638845,37.810152944315334,-0.08371867491944052,-0.034940082404293964,-0.04877859251514655,2.7286688350914106,1.9248311649085896,12008073.05
2023-03-08 00:00:00+00:00,2.002,2.015,1.816,1.842,12276420.9,2.3033,2.280466666666667,2.6273,32.88831647290287,-0.10427375996109811,-0.0488068179156548,-0.055466942045443314,2.7574872301168756,1.8491127698831247,11440498.375
2023-03-09 00:00:00+00:00,1.842,1.915,1.724,1.788,14873839.0,2.2699,2.2828166666666667,2.6151050000000002,31.402577542388002,-0.12349755866939294,-0.06374496606640243,-0.05975259260299051,2.7701670886648886,1.769632911335111,11419748.345
2023-03-10 00:00:00+00:00,1.788,1.813,1.669,1.798,16739229.7,2.231,2.285416666666667,2.6035000000000004,32.0150751626352,-0.13635383904005804,-0.07826674066113355,-0.05808709837892449,2.750627558931634,1.7113724410683657,11225635.95
2023-03-11 00:00:00+00:00,1.798,1.863,1.691,1.797,15215989.7,2.1921,2.2879666666666667,2.5909650000000006,31.98431997272445,-0.14495230555223104,-0.09160385363935306,-0.05334845191287799,2.7193228750739613,1.6648771249260386,11052370.105
2023-03-12 00:00:00+00:00,1.797,1.979,1.763,1.941,11652011.1,2.15405,2.2899833333333333,2.579325,40.80312681579805,-0.13854993822641504,-0.10099307055676546,-0.03755686766964958,2.636526310300577,1.6715736896994224,10665950.715
2023-03-13 00:00:00+00:00,1.942,2.055,1.892,2.036,21260728.6,2.1274,2.2934,2.567935,45.79628827159738,-0.12437657421642934,-0.10566977128869824,-0.018706802927731095,2.5727009768698723,1.682099023130128,10867172.844999999
2023-03-14 00:00:00+00:00,2.037,2.212,1.973,2.116,18413769.8,2.1078,2.2960666666666665,2.558825,49.64792466942415,-0.10547292350528448,-0.10563040173201549,0.00015747822673101153,2.5174474581896793,1.698152541810321,11103899.145
2023-03-15 00:00:00+00:00,2.115,2.155,1.866,1.921,17144309.6,2.08035,2.2905666666666664,2.54885,41.84300512535529,-0.10501595587113677,-0.10550751255983976,0.0004915566887029876,2.4618445740128796,1.6988554259871207,11506027.53
2023-03-16 00:00:00+00:00,1.922,1.979,1.891,1.963,9980513.8,2.06285,2.28595,2.539845,43.88904618535228,-0.10011074241565154,-0.10442815853100212,0.004317416115350581,2.431959888788245,1.693740111211755,11428862.934999999
2023-03-17 00:00:00+00:00,1.963,2.164,1.936,2.163,10678550.3,2.05655,2.2854666666666663,2.530495,52.465147900161334,-0.0791723473446515,-0.099376996293732,0.0202046489490805,2.4141259919251734,1.698974008074827,11509848.82
2023-03-18 00:00:00+00:00,2.163,2.215,2.062,2.079,12359582.7,2.0416999999999996,2.284183333333333,2.5198899999999997,49.07267798741977,-0.06856622758994035,-0.09321484255297367,0.02464861496303332,2.368303184309757,1.7150968156902422,11848492.995000001
2023-03-19 00:00:00+00:00,2.079,2.198,2.077,2.132,12598448.0,2.031,2.2868500000000003,2.50868,51.216077308805076,-0.05524728786656352,-0.08562133161569165,0.030374043749128124,2.3298692021625427,1.7321307978374576,12053891.584999999
2023-03-20 00:00:00+00:00,2.134,2.17,1.966,1.994,18593606.9,2.0192,2.2851500000000002,2.4969200000000003,45.80979747742032,-0.05519116941814506,-0.07953529917618234,0.024344129758037278,2.3040147468114607,1.7343852531885398,12585041.82
2023-03-21 00:00:00+00:00,1.993,2.083,1.909,2.068,15296608.2,2.00665,2.279816666666667,2.48637,48.92332117664871,-0.04861510887402032,-0.07335126111574994,0.02473615224172962,2.2576275089550415,1.7556724910449586,12942436.39
2023-03-22 00:00:00+00:00,2.069,2.078,1.875,1.946,19141264.0,1.991,2.2735166666666666,2.475245,44.39461172996326,-0.05264110008447531,-0.06920922890949502,0.016568128825019707,2.2146282629751437,1.7673717370248565,13564985.61
2023-03-23 00:00:00+00:00,1.947,2.073,1.92,2.044,12780058.7,1.9883000000000002,2.2676,2.464265,48.517214506214145,-0.04737780430822802,-0.06484294398924162,0.017465139681013597,2.207964380365321,1.7686356196346795,13574793.5
2023-03-24 00:00:00+00:00,2.045,2.051,1.927,1.963,9819952.9,1.98395,2.257916666666667,2.452915,45.51363091099857,-0.04917575998999135,-0.06170950718939157,0.012533747199400216,2.2019944679446852,1.765905532055315,13710068.495000001
2023-03-25 00:00:00+00:00,1.963,1.997,1.892,1.923,5598256.2,1.9785499999999998,2.250716666666667,2.4421749999999998,44.06293320394898,-0.05321489039604543,-0.060010583830722344,0.006795693434676911,2.197015077303631,1.7600849226963686,13674564.330000002
2023-03-26 00:00:00+00:00,1.923,1.982,1.915,1.957,3889052.4,1.97365,2.2409166666666667,2.43007,45.64873429584718,-0.05306076304584817,-0.058620619673747515,0.0055598566278993455,2.189415868480819,1.7578841315191807,13422392.684999999
2023-03-27 00:00:00+00:00,1.958,1.967,1.813,1.845,8113678.7,1.9658000000000002,2.22965,2.415845,41.477318478231325,-0.06126979987351877,-0.05915045571370177,-0.002119344159817002,2.1881911868786244,1.7434088131213759,13321293.56
2023-03-28 00:00:00+00:00,1.844,1.904,1.809,1.883,5986425.1,1.9678499999999999,2.2184166666666667,2.401205,43.36820441695431,-0.06397181106473071,-0.060114726783907564,-0.003857084280823146,2.186360663358297,1.749339336641703,13006793.77
2023-03-29 00:00:00+00:00,1.883,2.005,1.877,2.0,8255112.1,1.97845,2.210583333333333,2.38713,48.848300020574726,-0.056026414578475014,-0.05929706434282106,0.0032706497643460453,2.1810209505365505,1.7758790494634495,12675857.425
2023-03-30 00:00:00+00:00,2.0,2.038,1.902,1.927,8438719.9,1.9849,2.19985,2.3722849999999998,45.86607079344265,-0.054986273005728004,-0.05843490607540246,0.0034486330696744533,2.171676765153701,1.7981232348462992,12260831.934999999
2023-03-31 00:00:00+00:00,1.926,2.011,1.884,1.99,6361490.5,1.9945499999999998,2.1945666666666663,2.3567750000000003,48.772736568140424,-0.04851908205265598,-0.056451741270853166,0.007932659218197184,2.1602515087477463,1.8288484912522536,11818106.975
2023-04-01 00:00:00+00:00,1.99,2.009,1.957,1.987,4192210.2,1.9968500000000002,2.188883333333334,2.344615,48.63880780555845,-0.043138586781130694,-0.05378911037290868,0.010650523591777983,2.1607820286011226,1.8329179713988781,11445116.930000002
2023-04-02 00:00:00+00:00,1.988,2.01,1.888,1.92,5270011.1,1.99105,2.1804333333333332,2.3316749999999997,45.62550583201178,-0.04377622055094821,-0.05178653240851659,0.008010311857568383,2.15722397510224,1.82487602489776,10645581.055
2023-04-03 00:00:00+00:00,1.92,2.021,1.854,1.948,10388832.8,1.98265,2.172166666666667,2.320495,47.10046335956179,-0.04154329862643524,-0.04973788565210033,0.008194587025665084,2.139429175917215,1.8258708240827852,10244334.205
2023-04-04 00:00:00+00:00,1.949,2.012,1.916,1.996,7175290.7,1.9864000000000002,2.1636499999999996,2.309445,49.623259945129554,-0.0354913706385529,-0.046888582649390845,0.011397212010837945,2.14066911551338,1.8321308844866204,9745883.260000002
2023-04-05 00:00:00+00:00,1.996,2.08,1.982,2.027,9118705.7,1.9896,2.15575,2.297685,51.240573027275225,-0.02787243707951581,-0.04308535353541584,0.015212916455900033,2.144448829512141,1.8347511704878592,9702792.855
2023-04-06 00:00:00+00:00,2.028,2.031,1.937,1.989,5464682.8,1.9809,2.1491333333333333,2.28805,49.15724268130522,-0.02461689156084601,-0.03939166114050188,0.014774769579655872,2.1137983069917796,1.8480016930082206,9442099.48
2023-04-07 00:00:00+00:00,1.988,2.029,1.952,2.018,5242617.8,1.97785,2.1443000000000003,2.277865,50.80122644237035,-0.019472325794813283,-0.035407794071364164,0.01593546827655088,2.104243472937813,1.851456527062187,9086251.235
2023-04-08 00:00:00+00:00,2.018,2.022,1.953,1.97,3812598.4,1.96975,2.1355833333333334,2.268615,48.03279236894805,-0.01904883608302299,-0.032136002473695933,0.013087166390672943,2.0745008949903663,1.8649991050096335,8646958.754999999
2023-04-09 00:00:00+00:00,1.97,2.04,1.93,2.006,4555310.8,1.9703499999999998,2.125033333333333,2.26044,50.22372164130052,-0.01562816652440624,-0.028834435283837997,0.013206268759431757,2.075784861413494,1.8649151385865057,7945043.95
2023-04-10 00:00:00+00:00,2.006,2.07,1.966,2.068,5853753.8,1.9703500000000003,2.121666666666667,2.251455,53.83364849832513,-0.007824187052277498,-0.024632385637525896,0.016808198585248398,2.0757848614134944,1.8649151385865061,7472901.2299999995
2023-04-11 00:00:00+00:00,2.068,2.108,2.038,2.052,8581394.5,1.9756500000000004,2.1183666666666667,2.242755,52.770053008553845,-0.002897146872663292,-0.020285337884553375,0.017388191011890083,2.0861891785806375,1.8651108214193632,6944907.755
2023-04-12 00:00:00+00:00,2.052,2.245,1.97,2.226,25428791.3,1.98475,2.1173833333333336,2.2353899999999998,61.64488119179937,0.014876427591394847,-0.013252984789363733,0.02812941238075858,2.138009094350974,1.831490905649026,7577344.385
2023-04-13 00:00:00+00:00,2.226,2.228,2.156,2.203,12819673.3,1.9967499999999998,2.116816666666667,2.22816,60.03890706352399,0.026797302996666605,-0.005242927232157665,0.03204023022882427,2.176595350235359,1.8169046497646404,7727330.404999999
2023-04-14 00:00:00+00:00,2.202,2.285,2.152,2.221,14172016.6,2.0116500000000004,2.1173833333333336,2.2208349999999997,60.89747696154836,0.037267535260093965,0.003259165266292661,0.0340083699938013,2.2127124529873177,1.8105875470126833,8156018.425
2023-04-15 00:00:00+00:00,2.221,2.409,2.174,2.316,16330812.1,2.0296000000000003,2.1185500000000004,2.214325,65.15288240332903,0.05262435500767859,0.013132203214569848,0.03949215179310874,2.268484407195771,1.7907155928042298,8778106.41
2023-04-16 00:00:00+00:00,2.316,2.356,2.263,2.323,8448728.9,2.0534999999999997,2.1153500000000003,2.20805,65.45123362933457,0.0646147482001429,0.02342871221168446,0.04118603598845844,2.3088080492293015,1.798191950770698,8794858.92
2023-04-17 00:00:00+00:00,2.322,2.336,2.236,2.287,11101966.6,2.0737,2.11495,2.20155,62.48812480279843,0.07040078562215779,0.03282312689377913,0.03757765872837866,2.3356932060212037,1.8117067939787965,9050635.995
2023-04-18 00:00:00+00:00,2.288,2.401,2.237,2.346,10781056.5,2.091,2.1131166666666665,2.195485,65.26366756186441,0.07883827037590585,0.04202615559020448,0.03681211478570137,2.3759322726566205,1.8060677273433798,9176933.215
2023-04-19 00:00:00+00:00,2.346,2.404,2.086,2.148,15925513.7,2.10205,2.1059833333333335,2.188445,51.49374526032596,0.06875552173139576,0.047372028818442734,0.02138349291295303,2.377674001134272,1.8264259988657283,9551272.905
2023-04-20 00:00:00+00:00,2.148,2.231,2.02,2.048,13072500.8,2.1049499999999997,2.0972,2.181285,46.19279479352064,0.05209518565115134,0.04831666018498446,0.0037785254661668807,2.376994463279929,1.8329055367200704,9886823.419999998
2023-04-21 00:00:00+00:00,2.047,2.067,1.881,1.927,10449617.6,2.10195,2.0842833333333335,2.1732150000000003,40.72923641786214,0.028796116805932748,0.04441255150917413,-0.01561643470324138,2.38037950634095,1.82352049365905,10199693.790000001
2023-04-22 00:00:00+00:00,1.927,1.95,1.895,1.946,4523084.5,2.10325,2.0739,2.1648300000000003,41.89147191955465,0.01172936922855694,0.03787591505305069,-0.02614654582449375,2.3784938010224117,1.8280061989775882,10162347.46
2023-04-23 00:00:00+00:00,1.946,1.95,1.84,1.911,5705700.9,2.1014000000000004,2.06395,2.1559049999999997,40.32289977570891,-0.004567705018430512,0.02938719103875445,-0.03395489605718496,2.3812516750017148,1.821548324998286,9928190.864999998
2023-04-24 00:00:00+00:00,1.911,1.944,1.848,1.885,5384920.7,2.09585,2.0542000000000002,2.147215,39.150158031363766,-0.019358088488082625,0.01963813513338704,-0.038996223621469664,2.3879761884892656,1.8037238115107344,9838672.365
2023-04-25 00:00:00+00:00,1.885,1.992,1.842,1.961,7109045.3,2.09255,2.0483333333333333,2.1392599999999997,44.25391438022274,-0.024662712705182166,0.0107779655656732,-0.03544067827085537,2.3891692677512144,1.795930732248786,9738189.344999999
2023-04-26 00:00:00+00:00,1.961,2.027,1.779,1.891,11268165.4,2.08765,2.0417,2.1312450000000003,40.85496676582798,-0.034121746348720006,0.0017980231827945583,-0.035919769531514566,2.3940270715984915,1.7812729284015085,10028363.475
2023-04-27 00:00:00+00:00,1.892,1.956,1.876,1.923,6060436.9,2.0829,2.03415,2.1232699999999998,43.00987610181341,-0.038591111780565734,-0.006279803809877501,-0.032311307970688236,2.396314039253617,1.769485960746383,10069254.43
2023-04-28 00:00:00+00:00,1.923,1.941,1.873,1.916,3354930.8,2.0802000000000005,2.0269833333333334,2.11676,42.643860179521624,-0.04221137117268903,-0.013466117282439807,-0.02874525389024922,2.3983525420317564,1.7620474579682448,10046371.05
2023-04-29 00:00:00+00:00,1.916,1.96,1.905,1.936,2529800.7,2.0767,2.0220833333333332,2.110575,44.10739407252149,-0.04297127387395183,-0.019367148600742214,-0.023604125273209618,2.3995461553143675,1.7538538446856329,9945095.545
2023-04-30 00:00:00+00:00,1.936,1.988,1.892,1.929,3997104.3,2.06975,2.0155833333333333,2.104445,43.687219274700425,-0.04363534266982505,-0.024220787414558784,-0.019414555255266266,2.398967785062213,1.740532214937787,9852263.07
2023-05-01 00:00:00+00:00,1.929,1.954,1.802,1.838,5068102.0,2.05905,2.0085666666666664,2.0984350000000003,38.54641960459534,-0.05091761488687885,-0.0295601529090228,-0.021357461977856047,2.403440751910197,1.714659248089803,9676598.445
2023-05-02 00:00:00+00:00,1.837,1.853,1.811,1.835,3591961.0,2.0395,2.004183333333333,2.092575,38.3860528719537,-0.056282157337426586,-0.03490455379470356,-0.021377603542723028,2.3881278818472116,1.6908721181527882,8584756.930000002
2023-05-03 00:00:00+00:00,1.836,1.928,1.78,1.899,5815336.0,2.0243,2.001666666666667,2.08745,43.76141835118403,-0.05473834122503596,-0.03887131128077004,-0.01586702994426592,2.3695808132539016,1.6790191867460988,8234540.065
2023-05-04 00:00:00+00:00,1.899,1.902,1.825,1.841,3427891.9,2.0053,1.9985,2.081645,40.32769669583944,-0.057531780553219614,-0.04260340513525995,-0.01492837541795966,2.3469964149669673,1.6636035850330326,7697333.83
2023-05-05 00:00:00+00:00,1.841,1.89,1.809,1.865,3992768.4,1.9827499999999998,1.9953333333333334,2.075665,42.34368725632882,-0.05715020987811292,-0.04551276608383055,-0.011637443794282373,2.297952078040867,1.6675479219591325,7080431.6450000005
2023-05-06 00:00:00+00:00,1.866,1.88,1.739,1.767,5611669.8,1.9549499999999997,1.9914166666666666,2.06967,36.86661496444422,-0.06401763786909087,-0.049213740440882614,-0.014803897428208257,2.242032897437804,1.6678671025621956,6938578.69
2023-05-07 00:00:00+00:00,1.768,1.785,1.726,1.737,3328987.2,1.9274499999999999,1.9896666666666667,2.064225,35.35883619316171,-0.07106171805724615,-0.05358333596415532,-0.017478382093090827,2.1859854714566036,1.6689145285433962,6549929.72
2023-05-08 00:00:00+00:00,1.736,1.747,1.564,1.643,8790720.0,1.8923,1.98725,2.0580900000000004,31.070889914390776,-0.08326933965130223,-0.059520536701584706,-0.023748802949717526,2.0997705762302044,1.6848294237697956,6450412.895
2023-05-09 00:00:00+00:00,1.642,1.653,1.604,1.623,3270355.9,1.86605,1.9843333333333333,2.0517700000000003,30.230871387569067,-0.0934802187959185,-0.06631247312045147,-0.027167745675467037,2.0702944368919174,1.6618055631080824,5817655.005
2023-05-10 00:00:00+00:00,1.624,1.687,1.55,1.661,7961466.7,1.8467000000000002,1.9820666666666669,2.04548,33.888107871896224,-0.09738355466368454,-0.07252668942909808,-0.024856865234586453,2.051653750883703,1.641746249116297,5562103.3
2023-05-11 00:00:00+00:00,1.66,1.662,1.552,1.595,7360469.0,1.8301000000000003,1.9763,2.03854,30.862162262969292,-0.10459689695707719,-0.0789407309346939,-0.025656166022383284,2.0587586101621835,1.6014413898378173,5407645.87
2023-05-12 00:00:00+00:00,1.596,1.656,1.541,1.648,10249034.8,1.8152000000000001,1.9698333333333333,2.032185,35.81828159513181,-0.10482846830424153,-0.08411827840860345,-0.02071018989563808,2.050449314560751,1.579950685439249,5693943.385
2023-05-13 00:00:00+00:00,1.649,1.673,1.616,1.66,3933437.7,1.8026499999999999,1.9622333333333333,2.02548,36.92084079492529,-0.10285800747020524,-0.08786622422092381,-0.014991783249281423,2.0428459824836893,1.5624540175163104,5605330.225
2023-05-14 00:00:00+00:00,1.661,1.678,1.64,1.656,3785199.4,1.7912,1.9578166666666668,2.018485,36.694555860354185,-0.1004611164182374,-0.09038520266038653,-0.010075913757850871,2.03638287052995,1.5460171294700495,5525344.159999999
2023-05-15 00:00:00+00:00,1.656,1.706,1.636,1.656,5360033.4,1.77595,1.9526999999999999,2.011945,36.694555860354185,-0.09743835429583214,-0.09179583298747566,-0.005642521308356477,2.0148512138966823,1.5370487861033175,5437893.5649999995
2023-05-16 00:00:00+00:00,1.656,1.671,1.627,1.656,4435609.5,1.7642,1.94425,2.00511,36.694555860354185,-0.09395968477775596,-0.09222860334553172,-0.001731081432224238,2.0024264468972954,1.5259735531027045,5096265.7700000005
2023-05-17 00:00:00+00:00,1.658,1.72,1.639,1.699,5351734.7,1.7530000000000001,1.9379166666666667,1.9981650000000002,41.50786797622776,-0.08673326638293566,-0.09112953595301251,0.004396269570076855,1.9811595932703938,1.5248404067296064,5060830.66
2023-05-18 00:00:00+00:00,1.7,1.703,1.623,1.656,4321671.0,1.7399999999999998,1.9299833333333334,1.9909400000000002,38.36635947675363,-0.0835133287074159,-0.0896062945038932,0.006092965796477293,1.9589721443501733,1.5210278556498262,5109167.67
2023-05-19 00:00:00+00:00,1.657,1.694,1.651,1.666,3498192.9,1.7264999999999997,1.9245166666666667,1.98374,39.51289324885382,-0.07924114587095565,-0.08753326477730569,0.008292118906350038,1.9280733117287971,1.5249266882712023,5157587.279999999
2023-05-20 00:00:00+00:00,1.666,1.669,1.65,1.661,2255733.9,1.7131,1.9177333333333335,1.9769800000000002,39.121030478612305,-0.07538982147349027,-0.08510457611654261,0.00971475464305234,1.89357260180237,1.5326273981976302,5070518.76
2023-05-21 00:00:00+00:00,1.661,1.667,1.607,1.609,2818102.2,1.70165,1.9121166666666667,1.9705199999999998,35.21009709461519,-0.07566140695725987,-0.08321594228468607,0.007554535327426198,1.877982952114227,1.5253170478857732,4958018.7700000005
2023-05-22 00:00:00+00:00,1.609,1.627,1.573,1.612,4053226.7,1.6905000000000001,1.9049166666666666,1.9634300000000002,35.610033488442156,-0.07477263311169713,-0.08152728045008828,0.006754647338391151,1.8597542466271373,1.521245753372863,4981082.055000001
2023-05-23 00:00:00+00:00,1.612,1.679,1.6,1.644,3994336.5,1.67775,1.8996,1.9551150000000002,39.87350066140073,-0.07067148399495515,-0.07935612115906165,0.008684637164106501,1.81823042568743,1.5372695743125702,4890032.08
2023-05-24 00:00:00+00:00,1.644,1.645,1.55,1.571,5814024.1,1.6642500000000002,1.8937333333333333,1.94631,34.29482756580113,-0.07247632176394703,-0.07798016128003873,0.0055038395160917075,1.7905621134385905,1.53793788656141,5009338.6899999995
2023-05-25 00:00:00+00:00,1.571,1.585,1.53,1.563,5357911.4,1.64915,1.8871666666666667,1.938655,33.73775150941873,-0.07370260409846807,-0.07712464984372461,0.0034220457452565356,1.7441916224678709,1.554108377532129,5077595.840000001
2023-05-26 00:00:00+00:00,1.564,1.598,1.531,1.578,4915421.1,1.6397,1.8827166666666666,1.9312900000000002,35.84212018269858,-0.07262686969846643,-0.07622509381467298,0.0035982241162065415,1.722829056299988,1.556570943700012,5042783.404999999
2023-05-27 00:00:00+00:00,1.578,1.657,1.574,1.631,2774391.0,1.6343999999999999,1.8785166666666666,1.9262799999999998,42.759311704271774,-0.06672848098395256,-0.0743257712485289,0.00759729026457634,1.7045410008577528,1.5642589991422469,5015053.595000001
2023-05-28 00:00:00+00:00,1.631,1.688,1.624,1.667,4305958.2,1.6356000000000002,1.8729666666666667,1.924465,46.94366510753649,-0.05847500286307761,-0.07115561757143865,0.012680614708361043,1.707096573353743,1.5641034266462572,4790815.505000001
2023-05-29 00:00:00+00:00,1.667,1.677,1.616,1.626,4337105.4,1.6357499999999998,1.86795,1.92102,43.08109575655454,-0.054612876097570595,-0.06784706927666503,0.013234193179094439,1.707152731049499,1.5643472689505007,4844152.9799999995
2023-05-30 00:00:00+00:00,1.627,1.647,1.602,1.609,3929641.7,1.6331499999999999,1.8616,1.9184099999999997,41.55435401486075,-0.05232074970183098,-0.06474180536169823,0.012421055659867244,1.7044725770799642,1.5618274229200355,4642561.7299999995
2023-05-31 00:00:00+00:00,1.609,1.621,1.546,1.566,5082297.4,1.6317,1.8545833333333335,1.91624,37.896071453999426,-0.05335887574845266,-0.06246521943904912,0.009106343690596458,1.7071270508592749,1.556272949140725,4528653.15
2023-06-01 00:00:00+00:00,1.566,1.576,1.533,1.547,3742832.5,1.6266500000000002,1.8483666666666667,1.91421,36.37236239474016,-0.05507981352573821,-0.06098813825638694,0.0059083247306487285,1.7101299976121727,1.5431700023878276,4203343.035
2023-06-02 00:00:00+00:00,1.547,1.628,1.535,1.614,5490478.6,1.6243500000000002,1.8428000000000002,1.912425,44.800790767286486,-0.05045570707175129,-0.058881652019459815,0.008425944947708527,1.7065528588391468,1.5421471411608536,4281195.08
2023-06-03 00:00:00+00:00,1.614,1.64,1.598,1.617,3046082.3,1.6224,1.8364833333333332,1.9106100000000001,45.15113869476326,-0.04601852159273867,-0.05630902593411559,0.010290504341376919,1.703347884477168,1.5414521155228322,4244239.225
2023-06-04 00:00:00+00:00,1.617,1.649,1.605,1.617,2860843.2,1.62045,1.82965,1.9090850000000001,45.15113869476326,-0.04201766662664319,-0.053450754072621114,0.011433087445977923,1.6999320105516285,1.5409679894483714,4119279.715
2023-06-05 00:00:00+00:00,1.616,1.659,1.436,1.498,11766431.4,1.61255,1.8214666666666668,1.907415,34.94708516392146,-0.04789713733267509,-0.05234003072463191,0.0044428933919568245,1.7064317873782249,1.518668212621775,4485820.8100000005
2023-06-06 00:00:00+00:00,1.499,1.54,1.449,1.533,7988036.8,1.60425,1.8133833333333336,1.9061599999999999,39.292695086978476,-0.04916570113560437,-0.05170516480682641,0.002539463671222042,1.695404539115347,1.513095460884653,4617635.915
2023-06-07 00:00:00+00:00,1.534,1.534,1.4,1.414,6995854.8,1.59215,1.8041166666666666,1.904495,31.570667571017665,-0.059092174757436666,-0.053182566796948466,-0.0059096079604882,1.712262072671039,1.472037927328961,4751345.1049999995
2023-06-08 00:00:00+00:00,1.415,1.424,1.385,1.415,6065333.2,1.5796,1.7942666666666667,1.90372,31.692154020353655,-0.06611613927873061,-0.0557692812933049,-0.010346857985425714,1.7173772114732135,1.4418227885267862,4879702.12
2023-06-09 00:00:00+00:00,1.415,1.433,1.369,1.385,4836413.6,1.5658,1.7828833333333334,1.9028450000000001,29.972974165711193,-0.07325894750163875,-0.05926721453497167,-0.01399173296666708,1.7222271076295168,1.4093728923704834,5008736.1049999995
2023-06-10 00:00:00+00:00,1.386,1.386,1.146,1.203,20848472.0,1.5455,1.7687333333333333,1.9007250000000002,22.12993330962078,-0.09253882348822917,-0.06592153632562317,-0.026617287162606,1.76634519465304,1.3246548053469602,5910254.595000001
2023-06-11 00:00:00+00:00,1.203,1.239,1.186,1.209,7094100.2,1.52535,1.7517833333333332,1.8983100000000002,22.84669325574903,-0.10611093346646117,-0.07395941575379078,-0.032151517712670385,1.7878581141628611,1.2628418858371389,6062298.27
2023-06-12 00:00:00+00:00,1.209,1.216,1.166,1.198,6876392.2,1.50305,1.7350333333333334,1.896085,22.43890846236448,-0.1164126044355438,-0.0824500534901414,-0.0339625509454024,1.7955177589091569,1.2105822410908431,6206401.055
2023-06-13 00:00:00+00:00,1.199,1.246,1.186,1.199,8398827.7,1.48445,1.718,1.8938500000000003,22.574204584697256,-0.12307730272259665,-0.09057550333663245,-0.0325017993859642,1.8033847738979667,1.1655152261020334,6335641.235
2023-06-14 00:00:00+00:00,1.2,1.243,1.151,1.177,8682845.1,1.46515,1.6990166666666664,1.891675,21.678275703461225,-0.1286513278452439,-0.09819066823835475,-0.030460659606889165,1.8085164369173983,1.1217835630826016,6501887.92
2023-06-15 00:00:00+00:00,1.177,1.225,1.16,1.196,7403941.1,1.44605,1.6802333333333332,1.889585,24.46642932665145,-0.13003666003141756,-0.10455986659696731,-0.02547679343445025,1.804355163235687,1.0877448367643132,6626313.92
2023-06-16 00:00:00+00:00,1.196,1.238,1.176,1.214,5258916.6,1.4251999999999998,1.66235,1.8877000000000002,27.11361531442192,-0.12820423755583943,-0.10928874078874173,-0.018915496767097695,1.7865472568061846,1.063852743193815,6750540.2
2023-06-17 00:00:00+00:00,1.215,1.28,1.204,1.258,6543498.9,1.4047500000000002,1.6442166666666667,1.88596,33.27006061283966,-0.12179759045895278,-0.11179051072278395,-0.010007079736168822,1.7551736721475273,1.054326327852473,6862417.234999999
2023-06-18 00:00:00+00:00,1.259,1.279,1.215,1.236,5411156.0,1.3852499999999999,1.6290166666666666,1.883525,31.822704531205943,-0.11714511663137528,-0.11286143190450222,-0.004283684726873058,1.7275667392947063,1.0429332607052935,6916119.765000001
2023-06-19 00:00:00+00:00,1.237,1.244,1.195,1.242,5493135.0,1.3669,1.6155833333333334,1.881025,32.682828227602585,-0.11168639649146272,-0.11262642482189433,0.0009400283304316082,1.698449634295323,1.035350365704677,6994294.43
2023-06-20 00:00:00+00:00,1.242,1.31,1.217,1.298,6636377.6,1.3535,1.6051,1.878735,40.258462479542004,-0.10166960553863702,-0.11043506096524287,0.008765455426605853,1.6732314498158791,1.0337685501841207,7071998.44
2023-06-21 00:00:00+00:00,1.297,1.366,1.293,1.339,11869671.2,1.3431000000000002,1.5949833333333332,1.87708,45.12734838559582,-0.08939240914495739,-0.10622653060118578,0.016834121456228396,1.6502630837216048,1.0359369162783956,7478340.375
2023-06-22 00:00:00+00:00,1.339,1.388,1.31,1.324,9397960.8,1.3286000000000002,1.5852,1.875085,43.72337471671678,-0.07995138736478125,-0.10097150195390489,0.021020114589123645,1.6094981310036922,1.0477018689963082,7673714.484999999
2023-06-23 00:00:00+00:00,1.324,1.409,1.32,1.382,7528195.2,1.31685,1.5768166666666665,1.8734050000000002,50.17787746971045,-0.06701666788042915,-0.09418053513920975,0.027163867258780602,1.5664234561233805,1.0672765438766196,7897820.13
2023-06-24 00:00:00+00:00,1.383,1.46,1.377,1.412,8571240.0,1.3066,1.5676666666666668,1.8715199999999999,53.16972460654367,-0.05372574329433655,-0.08608957677023513,0.03236383347589858,1.520280509175194,1.0929194908248059,8183339.969999999
2023-06-25 00:00:00+00:00,1.413,1.464,1.391,1.4,6575713.0,1.3017,1.5594833333333333,1.870065,51.829014748795295,-0.04365763151555346,-0.07760318771929879,0.03394555620374533,1.501653094503113,1.1017469054968871,7923804.05
2023-06-26 00:00:00+00:00,1.4,1.633,1.352,1.486,43775816.1,1.29935,1.5522,1.868965,59.6764998957948,-0.028411588024876755,-0.06776486778041439,0.03935327975553764,1.4892249851912336,1.1094750148087664,9713193.015
2023-06-27 00:00:00+00:00,1.485,1.507,1.447,1.476,11091012.4,1.3024499999999999,1.5448666666666666,1.867855,58.48343497097251,-0.016940624172923524,-0.05760001905891622,0.0406593948859927,1.5015132813990835,1.1033867186009163,9917950.895
2023-06-28 00:00:00+00:00,1.477,1.48,1.33,1.363,10080423.2,1.29985,1.5353166666666667,1.8661450000000002,47.0392631070562,-0.0167745912499071,-0.049434933497114406,0.032660342247207305,1.4942694177580291,1.1054305822419708,10118705.395
2023-06-29 00:00:00+00:00,1.363,1.397,1.339,1.35,8823306.1,1.2981000000000003,1.5256666666666665,1.8647299999999998,45.92584508309661,-0.017490382079453637,-0.04304602321358225,0.025555641134128615,1.4900363436178032,1.1061636563821973,10318050.02
2023-06-30 00:00:00+00:00,1.35,1.447,1.271,1.385,18139787.6,1.3072,1.5181166666666668,1.8635000000000002,49.39856640952244,-0.01505984347491629,-0.037448787265849055,0.022388943790932765,1.4974888330968743,1.1169111669031255,10182615.8
2023-07-01 00:00:00+00:00,1.385,1.49,1.354,1.485,9181005.4,1.321,1.5122833333333332,1.862375,57.74779273431951,-0.005006745212388086,-0.030960378855156862,0.025953633642768776,1.520604609168647,1.121395390831353,10286961.059999999
2023-07-02 00:00:00+00:00,1.486,1.488,1.427,1.467,7153954.0,1.33445,1.505083333333333,1.861415,55.95799982261683,0.0014907733148048496,-0.02447014842116452,0.02596092173596937,1.53533750583689,1.1335624941631097,10300839.15
2023-07-03 00:00:00+00:00,1.468,1.487,1.428,1.456,9063341.7,1.3473000000000002,1.4986666666666666,1.860745,54.83942472025698,0.0056869399863686,-0.018438730739657898,0.024125670726026498,1.5447356604095748,1.1498643395904256,10334064.85
2023-07-04 00:00:00+00:00,1.457,1.457,1.382,1.399,6231733.7,1.3584,1.4909000000000001,1.86089,49.33599173588125,0.0043627179770655555,-0.013878440996313208,0.018241158973378763,1.540669470842935,1.1761305291570652,10211509.28
2023-07-05 00:00:00+00:00,1.399,1.416,1.333,1.355,7671474.5,1.36635,1.4840333333333333,1.8606900000000002,45.53700514153944,-0.00023446699292506423,-0.01114964619563558,0.010915179202710516,1.5327738865108083,1.1999261134891916,10224885.95
2023-07-06 00:00:00+00:00,1.355,1.395,1.286,1.311,7324684.6,1.3712,1.4769333333333334,1.860425,42.049985214834514,-0.00734354961051964,-0.010388426878612392,0.0030448772680927525,1.524736445189283,1.2176635548107169,10328174.35
2023-07-07 00:00:00+00:00,1.311,1.37,1.296,1.331,6928430.4,1.37485,1.4717333333333333,1.860785,44.14373072066907,-0.011234214913643292,-0.010557584485618571,-0.0006766304280247208,1.5207284082767607,1.228971591723239,10347420.925
2023-07-08 00:00:00+00:00,1.331,1.401,1.327,1.383,8284334.7,1.3822,1.4677333333333331,1.8609850000000001,49.275274924022476,-0.010006283570920704,-0.010447324302678997,0.00044104073175829303,1.5134320082958435,1.2509679917041567,10491079.86
2023-07-09 00:00:00+00:00,1.382,1.393,1.318,1.327,5650496.7,1.38645,1.4621666666666664,1.8610849999999999,44.53062369466938,-0.013397433845757423,-0.011037346211294683,-0.0023600876344627396,1.5040416238571426,1.2688583761428573,10498947.945
2023-07-10 00:00:00+00:00,1.327,1.36,1.286,1.332,5108028.5,1.38815,1.4577833333333332,1.861135,45.03947718029464,-0.015502780256575255,-0.011930433020350798,-0.0035723472362244567,1.5014836225546484,1.2748163774453516,10422530.49
2023-07-11 00:00:00+00:00,1.332,1.355,1.304,1.33,4755069.2,1.3877000000000002,1.4524833333333333,1.86108,44.86219517066203,-0.017135142484348886,-0.012971374913150417,-0.004163767571198469,1.5018789823100538,1.2735210176899465,10066800.39
2023-07-12 00:00:00+00:00,1.33,1.371,1.306,1.329,5643855.3,1.3879499999999998,1.4469666666666667,1.86104,44.76731247027747,-0.018298558560418288,-0.014036811642603992,-0.004261746917814295,1.5015906177445348,1.2743093822554648,9879095.115
2023-07-13 00:00:00+00:00,1.329,1.468,1.314,1.464,12005085.6,1.39205,1.4437666666666664,1.8617000000000001,57.756565753695874,-0.008232305531008954,-0.012875910420284985,0.00464360488927603,1.510357184910127,1.273742815089873,10102939.635000002
2023-07-14 00:00:00+00:00,1.465,1.6,1.447,1.499,24009191.0,1.3964,1.4411500000000002,1.862385,60.35940380144525,0.002540198187542364,-0.009792688698719515,0.01233288688626188,1.5233998425249355,1.2694001574750646,10874837.185
2023-07-15 00:00:00+00:00,1.498,1.528,1.459,1.491,5639099.8,1.40095,1.4384000000000001,1.86303,59.457620723887516,0.010313069212760428,-0.005771537116423526,0.016084606329183956,1.5344917163337275,1.2674082836662723,10828006.525
2023-07-16 00:00:00+00:00,1.491,1.512,1.435,1.446,5478129.3,1.39895,1.4341833333333334,1.86368,54.52310090463197,0.012695653985079103,-0.0020780988961230005,0.014773752881202104,1.5284744764566065,1.2694255235433933,8913122.184999999
2023-07-17 00:00:00+00:00,1.446,1.507,1.423,1.501,8293806.4,1.4002,1.4316,1.8647,59.001661802971,0.018805136026239344,0.002098548088349469,0.016706587937889875,1.5331129038180937,1.267287096181906,8773261.885000002
2023-07-18 00:00:00+00:00,1.502,1.514,1.441,1.47,6951023.1,1.40555,1.4283333333333335,1.865665,55.67367773243888,0.020904529237675717,0.005859744318214719,0.015044784919460999,1.5406388226366532,1.270461177363347,8616791.879999999
2023-07-19 00:00:00+00:00,1.47,1.52,1.457,1.466,5788193.1,1.4113499999999999,1.4250833333333333,1.8667150000000001,55.24070634334365,0.021992036406320414,0.009086202735835859,0.012905833670484555,1.54636151803219,1.2763384819678099,8465036.23
2023-07-20 00:00:00+00:00,1.467,1.606,1.458,1.53,13091695.6,1.4186,1.4237666666666666,1.867985,60.52982173092377,0.027698863545215113,0.012808734897711711,0.014890128647503402,1.5624560391549671,1.274743960845033,8212631.63
2023-07-21 00:00:00+00:00,1.53,1.533,1.473,1.48,5048963.1,1.41835,1.4215666666666666,1.868815,55.05613141223949,0.02786576385579953,0.015820140689329278,0.012045623166470253,1.5617602855493824,1.2749397144506176,8006029.515000001
2023-07-22 00:00:00+00:00,1.48,1.49,1.425,1.444,3651560.9,1.4171999999999998,1.4182333333333335,1.8693600000000001,51.44866638335587,0.024807172773142927,0.017617547106092007,0.0071896256670509195,1.5593950772753948,1.2750049227246048,7830909.859999999
2023-07-23 00:00:00+00:00,1.442,1.479,1.433,1.455,3535798.7,1.41715,1.4163000000000001,1.868885,52.4733932289222,0.023005630782193975,0.018695163841312402,0.004310466940881573,1.5592911622344334,1.2750088377655664,7554532.710000001
2023-07-24 00:00:00+00:00,1.455,1.464,1.35,1.38,5847243.9,1.4162,1.4132500000000001,1.8681649999999999,45.43251279404259,0.015349087845898168,0.018025948642229558,-0.0026768607963313894,1.5590658111703275,1.2733341888296723,7535308.219999999
2023-07-25 00:00:00+00:00,1.379,1.382,1.331,1.348,5020834.7,1.41585,1.4094166666666665,1.8669499999999999,42.79408642911575,0.0066227469374513515,0.015745308301273915,-0.009122561363822564,1.5593467247060215,1.2723532752939786,7402776.2299999995
2023-07-26 00:00:00+00:00,1.349,1.38,1.317,1.365,5458350.4,1.4185500000000002,1.4049833333333333,1.8659750000000002,44.63362105809552,0.0010665226138821815,0.012809551163795568,-0.011743028549913387,1.5559566592322054,1.281143340767795,7309459.5200000005
2023-07-27 00:00:00+00:00,1.365,1.39,1.35,1.379,3660751.5,1.42095,1.4001833333333333,1.8646349999999998,46.168820265494105,-0.002181989578246002,0.009811243015387255,-0.011993232593633257,1.5537558357202537,1.2881441642797462,7146075.575
2023-07-28 00:00:00+00:00,1.379,1.408,1.37,1.39,2926133.3,1.4213,1.39625,1.863375,47.4028625977373,-0.0038247613575117523,0.007084042140807454,-0.010908803498319207,1.5537403261901563,1.2888596738098437,6878165.505
2023-07-29 00:00:00+00:00,1.39,1.415,1.387,1.406,1840108.7,1.4252500000000001,1.3928666666666667,1.8621849999999998,49.226122058291885,-0.003791892963973309,0.004908855119851302,-0.008700748083824612,1.5507344611948208,1.2997655388051794,6687646.1049999995
2023-07-30 00:00:00+00:00,1.406,1.419,1.361,1.396,3918773.8,1.42845,1.3900333333333335,1.8600649999999999,48.1037672850077,-0.004520649715885172,0.0030229541527040074,-0.007543603868589179,1.5473507569418883,1.3095492430581117,6628183.37
2023-07-31 00:00:00+00:00,1.396,1.417,1.351,1.37,3308844.1,1.43045,1.3870833333333332,1.85776,45.21710912109591,-0.007114169681446958,0.0009955293858738144,-0.008109699067320772,1.543879229043284,1.317020770956716,6555872.115
2023-08-01 00:00:00+00:00,1.371,1.417,1.323,1.415,5489169.2,1.43475,1.3837666666666666,1.8550550000000001,50.72821110473071,-0.005475313019919215,-0.0002986390952847913,-0.005176673924634423,1.5385842429131793,1.3309157570868206,6548137.8100000005
2023-08-02 00:00:00+00:00,1.415,1.424,1.382,1.398,4544000.9,1.43145,1.3801166666666667,1.8507899999999997,48.733666824130026,-0.00548503713957782,-0.001335918704143397,-0.004149118435434423,1.5355508645562252,1.3273491354437745,6175083.575
2023-08-03 00:00:00+00:00,1.397,1.418,1.351,1.36,4174063.7,1.4245,1.3758333333333332,1.8463900000000002,44.519925046609444,-0.008461487237434895,-0.0027610324108016965,-0.005700454826633198,1.52819281557251,1.3208071844274902,5183327.209999999
2023-08-04 00:00:00+00:00,1.36,1.366,1.327,1.341,3014935.9,1.417,1.3732166666666668,1.842135,42.53938023036624,-0.012212706120514394,-0.004651367152744236,-0.007561338967770158,1.5220580791817344,1.3119419208182657,5052119.015
2023-08-05 00:00:00+00:00,1.341,1.359,1.331,1.354,2564334.2,1.4123999999999999,1.3702333333333334,1.838125,44.363138636245345,-0.013975482098761871,-0.006516190141947762,-0.007459291956814109,1.520001858726307,1.3047981412736926,4906429.26
2023-08-06 00:00:00+00:00,1.353,1.372,1.335,1.339,2878378.9,1.4043,1.3689833333333334,1.8349600000000001,42.679872806909565,-0.016393890832730573,-0.008491730280104325,-0.007902160552626249,1.508334801875898,1.3002651981241022,4635657.885
2023-08-07 00:00:00+00:00,1.339,1.364,1.303,1.34,3955579.4,1.3978,1.3677333333333332,1.8311800000000003,42.83559465787902,-0.018022058463814217,-0.010397795916846303,-0.007624262546967913,1.5008429036923854,1.2947570963076145,4485885.7
2023-08-08 00:00:00+00:00,1.34,1.376,1.331,1.36,4726361.0,1.3925,1.3673166666666667,1.8260399999999999,45.995589135076976,-0.01749686719513277,-0.011817610172503597,-0.005679257022629173,1.4918025679494693,1.2931974320505308,4432794.095000001
2023-08-09 00:00:00+00:00,1.361,1.373,1.334,1.349,2810354.8,1.38345,1.36975,1.821165,44.537338198639695,-0.017763490933970782,-0.013006786324797036,-0.004756704609173747,1.461748084276438,1.305151915723562,3918727.0549999997
2023-08-10 00:00:00+00:00,1.35,1.352,1.327,1.336,2551914.1,1.37625,1.3718666666666666,1.8158499999999997,42.809926292219565,-0.018806988268570635,-0.014166826713551756,-0.004640161555018878,1.4434002047752736,1.3090997952247263,3793874.6049999995
2023-08-11 00:00:00+00:00,1.336,1.34,1.32,1.333,1943037.1,1.3707,1.3741166666666664,1.809795,42.40121882034621,-0.019649534747034014,-0.01526336832024821,-0.004386166426785805,1.4326841915439892,1.3087158084560109,3708448.415
2023-08-12 00:00:00+00:00,1.334,1.358,1.33,1.343,3333974.6,1.3651,1.3765166666666666,1.804735,44.3097985833342,-0.01928800238973838,-0.016068295134146246,-0.003219707255592133,1.4145849472199648,1.3156150527800352,3698357.21
2023-08-13 00:00:00+00:00,1.344,1.358,1.333,1.34,1967665.4,1.3631,1.3792333333333333,1.79871,43.84046876415308,-0.019024260487130906,-0.01665948820474318,-0.0023647722823877254,1.4132433943941072,1.3129566056058928,3504378.285
2023-08-14 00:00:00+00:00,1.34,1.355,1.328,1.337,2219414.1,1.3625500000000001,1.3815833333333336,1.7927899999999999,43.346030145484036,-0.018840140643354486,-0.017095618692465443,-0.0017445219508890435,1.413577345623333,1.3115226543766674,3364307.255
2023-08-15 00:00:00+00:00,1.336,1.342,1.222,1.281,4890327.8,1.35835,1.3826999999999998,1.7864099999999998,35.334919092206235,-0.02294842121426055,-0.018266179196824467,-0.0046822420174360835,1.4204958767848972,1.2962041232151027,3335906.125
2023-08-16 00:00:00+00:00,1.28,1.291,1.18,1.21,7128464.1,1.3499,1.3819000000000001,1.7801099999999999,28.214955168799094,-0.03156945674742917,-0.02092683470694541,-0.01064262204048376,1.4387412066631515,1.2610587933368487,3509291.755
2023-08-17 00:00:00+00:00,1.21,1.228,1.02,1.12,10353831.08,1.3364,1.3799666666666666,1.7728549999999998,22.12816932435699,-0.04514355060677855,-0.025770177886912042,-0.019373372719866506,1.4683581751971686,1.2044418248028315,3880676.644
2023-08-18 00:00:00+00:00,1.119,1.156,1.111,1.143,6888909.9,1.32325,1.3783166666666666,1.767035,26.492430479641655,-0.05342931017627728,-0.03130200434478509,-0.022127305831492187,1.4756742434830117,1.1708257565169884,4133116.704
2023-08-19 00:00:00+00:00,1.141,1.191,1.13,1.166,4664505.0,1.3117500000000002,1.3761166666666669,1.761225,30.6764692788215,-0.05747736328427444,-0.036537076132682964,-0.020940287151591477,1.4748179306343525,1.1486820693656479,4170403.264
2023-08-20 00:00:00+00:00,1.165,1.182,1.147,1.168,2516475.0,1.30165,1.3732666666666666,1.7549299999999999,31.044024325892394,-0.059834358018069356,-0.04119653250976024,-0.018637825508309114,1.4738049011831245,1.1294950988168755,4130784.8089999994
2023-08-21 00:00:00+00:00,1.168,1.174,1.108,1.131,5028617.3,1.2874500000000002,1.37005,1.748365,28.078064303086194,-0.06395070023949789,-0.045747366055707776,-0.018203334183790117,1.4665739515011138,1.1083260484988866,4107757.214
2023-08-22 00:00:00+00:00,1.131,1.172,1.094,1.172,7661846.1,1.2761500000000001,1.36655,1.7416900000000002,35.438867920189026,-0.06317631650711864,-0.04923315614598995,-0.013943160361128686,1.454464637653152,1.0978353623468482,4263649.474
2023-08-23 00:00:00+00:00,1.171,1.231,1.144,1.21,10332818.0,1.2686499999999998,1.3631833333333332,1.7352349999999999,41.4226779869768,-0.058818308551469745,-0.05115018662708591,-0.007668121924383833,1.4448320365456586,1.092467963454341,4571587.189
2023-08-24 00:00:00+00:00,1.21,1.217,1.171,1.195,4448061.9,1.26135,1.3597666666666666,1.72928,39.852480191384664,-0.055930201936058355,-0.05210618968888041,-0.0038240122471779464,1.4370341199465018,1.0856658800534982,4643243.489
2023-08-25 00:00:00+00:00,1.194,1.215,1.158,1.191,3307812.3,1.2532,1.3548499999999999,1.7236950000000002,39.42331670455762,-0.05334914744323105,-0.05235478123975054,-0.0009943662034805067,1.4260358759094245,1.0803641240905757,4680417.394
2023-08-26 00:00:00+00:00,1.192,1.207,1.187,1.192,1928794.0,1.24585,1.3501166666666669,1.7171900000000002,39.59843852715567,-0.050639214180266956,-0.052011667827853825,0.0013724536475868687,1.4159467665811991,1.0757532334188007,4632938.149
2023-08-27 00:00:00+00:00,1.191,1.231,1.17,1.179,4584983.7,1.2378,1.3470499999999999,1.7098900000000001,38.05812134616845,-0.04897599906905259,-0.05140453407609358,0.0024285350070409883,1.404517245662769,1.071082754337231,4664408.364
2023-08-28 00:00:00+00:00,1.178,1.2,1.148,1.194,3354457.8,1.2295,1.34445,1.70451,40.91405977141836,-0.045918198066602134,-0.050307266874195296,0.004389068807593162,1.3873486617028514,1.0716513382971486,4595813.204000001
2023-08-29 00:00:00+00:00,1.195,1.257,1.162,1.227,6308042.3,1.2234,1.3418166666666667,1.6993949999999998,46.7328329801952,-0.040366722089564266,-0.048319157917269095,0.007952435827704829,1.371428916098788,1.075371083901212,4770697.579
2023-08-30 00:00:00+00:00,1.228,1.231,1.188,1.204,3217574.5,1.2167999999999999,1.3371333333333333,1.69399,43.51623232569302,-0.037392013308813254,-0.04613372899557793,0.008741715686764677,1.3556446614075706,1.0779553385924292,4803980.599
2023-08-31 00:00:00+00:00,1.203,1.204,1.131,1.156,4331981.5,1.2079499999999999,1.33195,1.688585,37.68638010921221,-0.0384643410354748,-0.04459985140355731,0.006135510368082506,1.3383470475178947,1.077552952482105,4923427.819
2023-09-01 00:00:00+00:00,1.155,1.167,1.115,1.127,6313645.5,1.19715,1.3264666666666665,1.683285,34.664785351815596,-0.04117953408587338,-0.043915787940020524,0.002736253854147143,1.3163125360647614,1.0779874639352385,5072411.364
2023-09-02 00:00:00+00:00,1.127,1.133,1.107,1.121,1974904.8,1.1862,1.3218333333333334,1.67766,34.05638662364764,-0.04331617212723016,-0.04379586477746245,0.0004796926502322954,1.2901165049517498,1.08228349504825,5072773.334000001
2023-09-03 00:00:00+00:00,1.121,1.135,1.113,1.125,2114643.0,1.1756,1.318,1.67071,34.87697949914315,-0.04417745638040449,-0.04387218309805087,-0.0003052732823536214,1.2565330587670358,1.0946669412329642,5067534.779
2023-09-04 00:00:00+00:00,1.125,1.148,1.108,1.127,6284215.6,1.1679,1.3149333333333333,1.6647900000000002,35.310434406228595,-0.04418926077955332,-0.04393559863435136,-0.00025366214520195635,1.2354541264571566,1.1003458735428433,5137229.169
2023-09-05 00:00:00+00:00,1.127,1.157,1.109,1.128,4854596.7,1.1638,1.31155,1.65815,35.54145175530786,-0.04361515584122788,-0.04387151007572667,0.00025635423449878875,1.2305850282727353,1.0970149717272646,5023535.799000001
2023-09-06 00:00:00+00:00,1.128,1.146,1.105,1.131,4972410.7,1.16435,1.30735,1.650925,36.27666746684877,-0.042429003472554294,-0.0435830087550922,0.0011540052825379024,1.2298519847133655,1.0988480152866344,4754464.78
2023-09-07 00:00:00+00:00,1.13,1.155,1.123,1.154,6601462.4,1.1648999999999998,1.3044666666666667,1.64382,41.761180666543815,-0.03918140257433378,-0.04270268751894051,0.0035212849446067326,1.2298581403781688,1.0999418596218309,4740092.405
2023-09-08 00:00:00+00:00,1.154,1.166,1.126,1.151,3048731.7,1.1641499999999998,1.30145,1.636065,41.26232897929888,-0.036429790445251076,-0.04144810810420262,0.005018317658951547,1.229385803063885,1.0989141969361147,4659303.74
2023-09-09 00:00:00+00:00,1.152,1.187,1.149,1.166,2730086.9,1.16405,1.2987166666666667,1.62905,44.812076144907856,-0.032662233472946944,-0.03969093317795149,0.007028699705004547,1.2292680189931435,1.0988319810068565,4669984.335
2023-09-10 00:00:00+00:00,1.166,1.168,1.103,1.151,4842293.9,1.16505,1.2957500000000002,1.622265,42.0738007273885,-0.030534805833985823,-0.03785970770915836,0.00732490187517254,1.2288072741057041,1.1012927258942957,4660668.165000001
2023-09-11 00:00:00+00:00,1.152,1.155,1.082,1.102,7330796.2,1.1615499999999999,1.2897166666666668,1.6154249999999999,34.62958636051766,-0.03242887471133549,-0.036773541109593785,0.004344666398258298,1.2308420630475838,1.092257936952416,4644115.67
2023-09-12 00:00:00+00:00,1.103,1.134,1.065,1.071,8701227.3,1.1546,1.2825833333333334,1.6092149999999998,30.904172381314808,-0.036016206456138455,-0.036622074178902723,0.0006058677227642681,1.2306168402486666,1.0785831597513336,4562536.135
2023-09-13 00:00:00+00:00,1.07,1.106,1.067,1.089,3795921.2,1.1493,1.2758833333333333,1.6032149999999998,35.259292817601704,-0.03698045547037254,-0.03669375043719669,-0.00028670503317584917,1.2280428727021815,1.0705571272978185,4529929.100000001
2023-09-14 00:00:00+00:00,1.089,1.12,1.085,1.109,3664068.5,1.1452,1.2702666666666667,1.59688,39.79964530537488,-0.035719049934853864,-0.036498810336728124,0.0007797604018742604,1.2233680241620095,1.0670319758379905,4547741.91
2023-09-15 00:00:00+00:00,1.108,1.133,1.097,1.13,4653506.4,1.1421000000000001,1.2640833333333332,1.5908000000000002,44.22290091597924,-0.032648500869306485,-0.0357287484432438,0.0030802475739373156,1.2174655093619948,1.0667344906380054,4683977.529999999
2023-09-16 00:00:00+00:00,1.131,1.142,1.117,1.128,2592885.7,1.13955,1.2583833333333334,1.5852899999999999,43.89213172943254,-0.030030281506051137,-0.03458905505580527,0.004558773549754133,1.2131800889677125,1.0659199110322877,4584372.630000001
2023-09-17 00:00:00+00:00,1.128,1.129,1.075,1.095,2908586.9,1.1346,1.2522,1.57917,38.742940461510706,-0.030269223241323306,-0.033725088692908876,0.00345586545158557,1.206205586383982,1.062994413616018,4562079.085
2023-09-18 00:00:00+00:00,1.095,1.127,1.078,1.1,6357338.6,1.12825,1.2450333333333332,1.573375,39.89351414275545,-0.029712619492703984,-0.0329225948528679,0.0032099753601639164,1.1873934696428499,1.06910653035715,4564543.9
2023-09-19 00:00:00+00:00,1.099,1.132,1.09,1.121,4261332.0,1.1240999999999999,1.2390499999999998,1.5684900000000002,44.600052640623986,-0.027262714909110697,-0.031790618864116466,0.004527903955005769,1.1719744190710992,1.0762255809289005,4616731.775
2023-09-20 00:00:00+00:00,1.122,1.132,1.097,1.121,4201266.8,1.12235,1.2336666666666667,1.563845,44.600052640623986,-0.025032587786248506,-0.030439012648542874,0.005406424862294368,1.167936291814486,1.076763708185514,4610196.04
2023-09-21 00:00:00+00:00,1.121,1.155,1.101,1.125,7638154.4,1.12225,1.2281666666666666,1.559315,45.54205414633785,-0.02268097721664164,-0.02888740556216263,0.00620642834552099,1.1678038143451839,1.076696185654816,4676421.485
2023-09-22 00:00:00+00:00,1.125,1.133,1.103,1.122,3905389.2,1.1222999999999999,1.2238666666666667,1.55465,44.9250658667276,-0.020819390847671482,-0.0272738026192644,0.006454411771592918,1.1678504116490231,1.0767495883509766,4772945.705
2023-09-23 00:00:00+00:00,1.122,1.126,1.107,1.115,2374850.3,1.1218,1.2199833333333332,1.5502150000000001,43.44603935508742,-0.01968202955178122,-0.02575544800576777,0.006073418453986547,1.1674403330552654,1.0761596669447344,4785956.07
2023-09-24 00:00:00+00:00,1.115,1.116,1.088,1.096,2617122.4,1.12025,1.2155,1.5464849999999999,39.632093730917006,-0.020082307401989574,-0.02462081988501213,0.0045385124830225575,1.1671664150526844,1.0733335849473156,4602601.41
2023-09-25 00:00:00+00:00,1.095,1.115,1.084,1.101,2974919.9,1.1189,1.2108666666666668,1.54305,41.097503540124144,-0.019768196801417837,-0.023650295268293275,0.003882098466875438,1.1663969472850195,1.0714030527149805,4508617.57
2023-09-26 00:00:00+00:00,1.102,1.106,1.071,1.08,5152679.7,1.1163500000000002,1.2057,1.53946,37.03158009062492,-0.02097203383172297,-0.023114642980979216,0.0021426091492562464,1.1663830890651006,1.0663169109348998,4517631.0200000005
2023-09-27 00:00:00+00:00,1.081,1.099,1.058,1.077,4371621.9,1.1125,1.2002166666666665,1.5358600000000002,36.4763893148693,-0.021915529694990665,-0.02287482032378151,0.0009592906287908438,1.1622011066415705,1.0627988933584296,4406138.994999999
2023-09-28 00:00:00+00:00,1.078,1.111,1.074,1.108,3493977.2,1.11035,1.1954166666666666,1.531695,45.559188482769336,-0.019932051756582636,-0.022286266610341735,0.0023542148537590984,1.1568183763585196,1.0638816236414803,4428401.2700000005
2023-09-29 00:00:00+00:00,1.109,1.129,1.095,1.121,3838680.4,1.1080999999999999,1.1912666666666667,1.5271199999999998,48.86136303454575,-0.01711386189878028,-0.021251785668029446,0.004137923769249166,1.1473728914315882,1.0688271085684116,4483830.945
2023-09-30 00:00:00+00:00,1.121,1.149,1.12,1.133,3475168.3,1.1072000000000002,1.1865666666666668,1.5222049999999998,51.76953107459508,-0.013753583669461777,-0.019752145268315913,0.005998561598854136,1.1431866642160322,1.0712133357839682,4415474.665
2023-10-01 00:00:00+00:00,1.134,1.171,1.127,1.16,3938417.1,1.1100999999999999,1.1826,1.5184,57.610629421252504,-0.0088103049009709,-0.01756377719484691,0.008753472293876009,1.152685913180265,1.0675140868197348,4245855.71
2023-10-02 00:00:00+00:00,1.161,1.172,1.101,1.115,5096402.8,1.1122999999999998,1.1785166666666667,1.51416,47.32371168359298,-0.008426706949577811,-0.01573636314579309,0.007309656196215278,1.1509424637076464,1.0736575362923533,4065614.4850000003
2023-10-03 00:00:00+00:00,1.114,1.124,1.093,1.099,3207156.7,1.1128,1.1744833333333333,1.50884,44.2951855586007,-0.009306489671995433,-0.01445038845103356,0.005143898779038127,1.1504701473503451,1.0751298526496549,4036176.2599999993
2023-10-04 00:00:00+00:00,1.099,1.105,1.059,1.098,4361081.2,1.11225,1.1702166666666665,1.5039350000000002,44.1052059103341,-0.009969493347143032,-0.013554209430255456,0.003584716083112423,1.150443585867221,1.0740564141327789,4071026.8949999996
2023-10-05 00:00:00+00:00,1.099,1.112,1.071,1.073,4072058.0,1.1094,1.1657833333333334,1.49864,39.539514277128234,-0.012369630205482318,-0.01331729358530083,0.0009476633798185113,1.1502822700127713,1.0685177299872286,4041954.475
2023-10-06 00:00:00+00:00,1.074,1.102,1.074,1.093,2206636.7,1.10765,1.1616666666666666,1.494135,44.49015496878883,-0.012513673268790937,-0.013156569521998852,0.0006428962532079151,1.1481926935636666,1.0671073064363334,4022642.025
2023-10-07 00:00:00+00:00,1.094,1.109,1.083,1.091,2215409.5,1.10745,1.1571833333333332,1.4892500000000002,44.10126609644061,-0.012643465717038005,-0.013053948761006684,0.0004104830439686791,1.148278788879875,1.0666212111201252,3987983.155
2023-10-08 00:00:00+00:00,1.091,1.101,1.077,1.094,1586540.4,1.1071499999999999,1.1529333333333334,1.48499,44.87957164101508,-0.012361753638405082,-0.012915509736486364,0.0005537560980812817,1.1482804023977085,1.0660195976022913,3749443.245
2023-10-09 00:00:00+00:00,1.094,1.097,1.014,1.041,4465595.6,1.1031499999999999,1.1480166666666667,1.479975,35.480633064607076,-0.016228084589465785,-0.013578024707082248,-0.0026500598823835375,1.152793831453645,1.0535061685463547,3759656.425
2023-10-10 00:00:00+00:00,1.041,1.058,1.031,1.043,2381739.0,1.09925,1.1431833333333334,1.4753749999999999,36.02510872987529,-0.018912781664063738,-0.014644976098478547,-0.004267805565585191,1.154599345085542,1.043900654914458,3668680.035
2023-10-11 00:00:00+00:00,1.043,1.045,1.006,1.029,4039087.9,1.0944500000000001,1.13795,1.4709050000000001,33.870386684627675,-0.021917455649414608,-0.01609947200866576,-0.005817983640748849,1.1563029708372932,1.0325970291627071,3488726.71
2023-10-12 00:00:00+00:00,1.029,1.029,0.995,1.012,5141076.9,1.08895,1.1324833333333333,1.46618,31.41338076778679,-0.025377898735949644,-0.017955157354122536,-0.007422741381827108,1.159039870890163,1.0188601291098371,3550511.095
2023-10-13 00:00:00+00:00,1.013,1.021,0.997,1.009,8351245.1,1.08365,1.1270166666666666,1.4620000000000002,30.986200298912195,-0.028039181510460587,-0.019971962185390147,-0.00806721932507044,1.160740271768884,1.006559728231116,3849330.835
2023-10-14 00:00:00+00:00,1.009,1.016,1.004,1.01,2502154.4,1.07935,1.1225,1.4576350000000002,31.321459876253414,-0.02972492520547121,-0.02192255478940636,-0.007802370416064849,1.1625564300484097,0.9961435699515903,3843582.435
2023-10-15 00:00:00+00:00,1.011,1.035,1.007,1.027,3035063.1,1.07565,1.11945,1.4527700000000001,36.930615049780776,-0.029350793625146254,-0.02340820255655434,-0.005942591068591914,1.1612240030698657,0.9900759969301344,3846589.595
2023-10-16 00:00:00+00:00,1.027,1.07,1.021,1.033,5496266.0,1.0733,1.118,1.4483000000000001,38.829528794554534,-0.028244556134861654,-0.024375473272215807,-0.0038690828626458465,1.1608262246495396,0.9857737753504604,3863768.91
2023-10-17 00:00:00+00:00,1.034,1.041,0.997,1.009,4852239.6,1.0699,1.1157666666666666,1.4433949999999998,34.37161872990055,-0.02897050048139249,-0.025294478714051147,-0.0036760217673413448,1.1617627236772463,0.9780372763227538,3887799.7950000004
2023-10-18 00:00:00+00:00,1.009,1.02,0.985,0.998,3520710.0,1.0644,1.1129666666666664,1.43845,32.52831510352544,-0.030086605020909207,-0.02625290397542276,-0.0038337010454864463,1.1595911760690178,0.9692088239309822,3889136.4349999996
2023-10-19 00:00:00+00:00,0.998,1.002,0.971,0.987,4094808.7,1.0577,1.1099500000000002,1.433785,30.752251583229736,-0.03149567148325527,-0.027301457476989265,-0.004194214006266007,1.1548557512523248,0.9605442487476754,3901942.85
2023-10-20 00:00:00+00:00,0.987,1.02,0.982,1.005,5802635.0,1.0513,1.10785,1.4290699999999998,36.830377727289765,-0.03080481846676575,-0.028002129674944566,-0.0028026887918211826,1.1445568496219143,0.9580431503780855,4018316.1849999996
2023-10-21 00:00:00+00:00,1.006,1.05,0.998,1.041,5101312.9,1.04535,1.1056666666666668,1.4242949999999999,46.87391205083123,-0.027040704924310655,-0.027809844724817786,0.0007691398005071313,1.1241745520215947,0.9665254479784053,4076460.975
2023-10-22 00:00:00+00:00,1.041,1.057,1.014,1.056,6070777.8,1.0424,1.1031,1.4194400000000003,50.41169354787683,-0.02258687573948892,-0.026765250927752015,0.004178375188263094,1.1147253759161018,0.9700746240838982,4125179.725
2023-10-23 00:00:00+00:00,1.056,1.113,1.046,1.101,14194547.0,1.0425,1.1015333333333333,1.415,59.191413437560975,-0.01525026454637235,-0.02446225365147608,0.009211989105103732,1.1151429625043294,0.9698570374956705,4674549.24
2023-10-24 00:00:00+00:00,1.101,1.17,1.087,1.138,19920792.1,1.0445,1.1006500000000001,1.4106,64.7220885033529,-0.0063768482036585805,-0.02084517256191258,0.014468324358254,1.124930093879127,0.9640699061208731,5452534.784999999
2023-10-25 00:00:00+00:00,1.139,1.164,1.104,1.143,12055586.6,1.048,1.0998333333333332,1.4064649999999999,65.40442732115679,0.0010467896512158514,-0.016466780119286893,0.017513569770502745,1.138542807563079,0.9574571924369211,5851711.215
2023-10-26 00:00:00+00:00,1.143,1.218,1.133,1.191,18329689.5,1.0529,1.1000333333333334,1.40239,71.16950571225618,0.010680160738069322,-0.01103739194781565,0.02171755268588497,1.1614668457744082,0.9443331542255917,6657863.8549999995
2023-10-27 00:00:00+00:00,1.192,1.261,1.158,1.221,14772138.3,1.0594,1.1004833333333333,1.398155,74.07709501073784,0.0204991248575348,-0.0047300885867455605,0.025229213444280363,1.1897033384123499,0.92909666158765,7285700.295
2023-10-28 00:00:00+00:00,1.221,1.265,1.209,1.219,8910527.0,1.0656500000000002,1.10035,1.39399,73.54458825892021,0.0277988930439248,0.0017757077393885119,0.02602318530453629,1.2128835220029823,0.9184164779970181,7651899.625
2023-10-29 00:00:00+00:00,1.22,1.278,1.196,1.277,7911652.5,1.07745,1.1015666666666668,1.3892449999999998,78.39499563385236,0.03782806876780409,0.008986179945071629,0.02884188882273246,1.2504615314116407,0.9044384685883593,7824202.470000001
2023-10-30 00:00:00+00:00,1.277,1.326,1.246,1.32,10685128.6,1.0913,1.1042999999999998,1.38483,81.15375415687306,0.0486847954031191,0.016925903036681123,0.031758892366437974,1.29302862960274,0.88957137039726,8239371.95
2023-10-31 00:00:00+00:00,1.32,1.34,1.248,1.332,11730433.4,1.10645,1.107716666666667,1.380385,81.85026377968623,0.05759323028374341,0.02505936848609358,0.03253386179764983,1.3313664066967938,0.881533593303206,8623939.225
2023-11-01 00:00:00+00:00,1.332,1.576,1.321,1.527,33723299.7,1.1322,1.1144833333333333,1.37644,88.97848942815982,0.07947199572829255,0.035941893934533384,0.04353010179375917,1.417723098892882,0.8466769011071181,10053050.365
2023-11-02 00:00:00+00:00,1.527,1.568,1.434,1.524,30784425.0,1.15795,1.1211333333333333,1.3724450000000001,88.40324732356524,0.095468498618144,0.04784721487125551,0.04762128374688848,1.4843500459580103,0.8315499540419897,11174709.36
2023-11-03 00:00:00+00:00,1.525,1.562,1.447,1.473,15672876.9,1.1811,1.1269,1.3683749999999997,79.04732860111864,0.10284503508605436,0.05884677891421528,0.04399825617183908,1.5273177927279136,0.8348822072720866,11833245.485000001
2023-11-04 00:00:00+00:00,1.473,1.535,1.456,1.511,9867751.3,1.2052999999999998,1.1332833333333334,1.3641999999999999,80.68738021667545,0.11048368861406321,0.06917416085418487,0.04130952775987834,1.5720991821165708,0.8385008178834288,12174879.895
2023-11-05 00:00:00+00:00,1.512,1.677,1.497,1.636,24534249.6,1.23545,1.1417,1.3616400000000002,84.87996618526024,0.12518082526861063,0.08037549373707002,0.04480533153154061,1.6380274335471148,0.8328725664528851,13126779.075
2023-11-06 00:00:00+00:00,1.636,1.68,1.551,1.583,19318856.8,1.26415,1.14885,1.359315,77.22490431795079,0.13104119358463961,0.09050863370658395,0.040532559878055666,1.679693150588935,0.8486068494110652,13850109.934999999
2023-11-07 00:00:00+00:00,1.583,1.584,1.406,1.446,22296044.9,1.2865499999999999,1.1537666666666666,1.35691,61.727710713279734,0.1232105283782845,0.09704901264092407,0.026161515737360433,1.6904259586820876,0.8826740413179122,14788876.680000002
2023-11-08 00:00:00+00:00,1.446,1.493,1.417,1.47,14346006.3,1.3107,1.1588333333333334,1.35453,63.12381240498773,0.11758581314962124,0.10115637274266351,0.016429440406957735,1.6974397574614906,0.9239602425385094,15301436.559999999
2023-11-09 00:00:00+00:00,1.469,1.567,1.288,1.438,32458140.6,1.3323500000000001,1.1636166666666665,1.352165,59.98202251275016,0.10928626915964723,0.10278235202606026,0.006503917133586973,1.6960027327016394,0.9686972672983609,16634211.84
2023-11-10 00:00:00+00:00,1.438,1.586,1.398,1.553,24320958.8,1.35795,1.1711333333333334,1.350505,66.4455124079676,0.11071213903462884,0.10436830942777398,0.006343829606854867,1.7077816595183555,1.0081183404816445,17595194.135
2023-11-11 00:00:00+00:00,1.553,1.634,1.468,1.598,34460404.5,1.3850500000000001,1.1799166666666667,1.34869,68.58379461852546,0.11415734034369285,0.10632611561095776,0.007831224732735093,1.7208097206357003,1.0492902793643,19014675.470000003
2023-11-12 00:00:00+00:00,1.598,1.8,1.521,1.701,42445161.1,1.4150500000000001,1.1901166666666667,1.34774,72.84874272264966,0.12377215800357289,0.10981532408948079,0.013956833914092096,1.751149077656217,1.0789509223437832,20427206.175
2023-11-13 00:00:00+00:00,1.702,1.746,1.589,1.59,38071835.8,1.43765,1.1981333333333335,1.346075,62.93332256136486,0.12103992502480554,0.11206024427654573,0.008979680748259805,1.7565382406131604,1.1187617593868397,21334758.36
2023-11-14 00:00:00+00:00,1.59,1.628,1.45,1.538,26311248.6,1.4574,1.2049333333333332,1.344185,58.88950099858457,0.11337176613802424,0.11232254864884143,0.0010492174891828104,1.7485696412769616,1.1662303587230385,22047541.46
2023-11-15 00:00:00+00:00,1.538,1.74,1.534,1.7,27904096.0,1.48285,1.2144666666666666,1.343005,66.18033179863727,0.1189950403305684,0.11365704698518683,0.00533799334538157,1.7652789468191092,1.2004210531808908,22526261.785000004
2023-11-16 00:00:00+00:00,1.7,1.858,1.648,1.721,41974911.4,1.50785,1.2249,1.3419649999999999,66.99740565748132,0.12371988432380898,0.11566961445291127,0.008050269870897714,1.7815215367029391,1.2341784632970607,23886400.44
2023-11-17 00:00:00+00:00,1.722,1.951,1.713,1.872,48696695.8,1.5405,1.2377666666666667,1.342135,72.19857875644013,0.13805735600713054,0.12014716276375513,0.017910193243375408,1.8241656482574937,1.2568343517425062,25875708.880000003
2023-11-18 00:00:00+00:00,1.871,1.897,1.678,1.77,27057605.9,1.56515,1.2485833333333334,1.3418099999999997,64.77261899195958,0.1395803625281702,0.12403380271663815,0.015546559811532037,1.8384324729128108,1.2918675270871893,26833006.55
2023-11-19 00:00:00+00:00,1.77,2.052,1.713,1.985,33478846.3,1.5984,1.2629833333333333,1.3422399999999999,71.4406204115939,0.15633393900444714,0.13049382997419995,0.025840109030247194,1.9041714178947031,1.292628582105297,27972692.435000002
2023-11-20 00:00:00+00:00,1.986,2.188,1.963,1.997,49997968.1,1.63165,1.2775166666666666,1.3430199999999999,71.76189644050712,0.16863564206700654,0.13812219239276127,0.03051344967424527,1.9582330828462078,1.3050669171537923,29886069.169999998
2023-11-21 00:00:00+00:00,1.997,2.052,1.728,1.75,37430517.2,1.6428,1.2879833333333333,1.342445,57.43884258104838,0.15664825110955882,0.14182740413612077,0.014820846973438051,1.9695571575364978,1.3160428424635022,30071430.044999998
2023-11-22 00:00:00+00:00,1.75,1.868,1.742,1.824,26122066.9,1.6578,1.2998,1.3427300000000002,60.01380696205158,0.15137438923566604,0.14373680115602983,0.007637588079636215,1.9888804131949365,1.3267195868050634,29838312.139999997
2023-11-23 00:00:00+00:00,1.825,1.855,1.766,1.808,20024990.8,1.67455,1.3116666666666668,1.343085,59.18011323407691,0.1442410286309277,0.1438376466510094,0.0004033819799182936,2.0003931984886716,1.3487068015113284,30055917.835
2023-11-24 00:00:00+00:00,1.809,1.915,1.775,1.833,17992582.3,1.6906500000000002,1.3238666666666667,1.3440349999999999,60.112501643034726,0.13900274293056647,0.14287066590692082,-0.0038679229763543543,2.014391424598901,1.3669085754010992,30462159.385
2023-11-25 00:00:00+00:00,1.834,1.913,1.818,1.885,11442702.2,1.7030999999999998,1.3372833333333332,1.3453449999999998,62.054008776385764,0.13746274424304072,0.14178908157414483,-0.004326337331104102,2.0364850026640733,1.3697149973359264,29807582.015000004
2023-11-26 00:00:00+00:00,1.885,1.916,1.785,1.828,13920190.0,1.7153500000000002,1.3497999999999999,1.34618,58.68218651190218,0.13014265701785077,0.13945979666288602,-0.00931713964503525,2.0481870622411558,1.3825129377588448,29537648.675
2023-11-27 00:00:00+00:00,1.829,1.834,1.732,1.781,13351378.3,1.7321000000000002,1.3610166666666668,1.34711,55.981067660742895,0.11917515099221321,0.13540286752875147,-0.01622771653653826,2.0419553856258124,1.422244614374188,29090415.345
2023-11-28 00:00:00+00:00,1.781,1.826,1.73,1.821,12135525.2,1.7496500000000001,1.3726833333333335,1.347975,57.762945187529084,0.1124151374280562,0.13080532150861243,-0.018390184080556232,2.0370864451514783,1.4622135548485222,28979891.290000003
2023-11-29 00:00:00+00:00,1.821,1.892,1.793,1.798,13971264.1,1.7676500000000002,1.3837666666666666,1.348665,56.35044592100869,0.10400298848259903,0.12544485490340976,-0.021441866420810723,2.017382076436561,1.517917923563439,28055547.464999996
2023-11-30 00:00:00+00:00,1.799,1.89,1.786,1.879,13433650.2,1.7839500000000001,1.39575,1.34978,60.055056633687116,0.1026885927164134,0.1208936024660105,-0.0182050097495971,2.0175483518805613,1.550351648119439,27511182.034999996
2023-12-01 00:00:00+00:00,1.879,1.907,1.854,1.893,9719614.3,1.7987000000000002,1.4087166666666666,1.350965,60.67627616911418,0.10160536420767641,0.11703595481434369,-0.01543059060666728,2.0204224391019383,1.576977560898062,26274142.525
2023-12-02 00:00:00+00:00,1.892,2.033,1.89,2.008,15063254.5,1.8140500000000004,1.4238666666666666,1.3527250000000002,65.43195580917515,0.10877257418849284,0.11538327868917352,-0.0066107045006806725,2.0487212381211446,1.5793787618788562,24905047.195
2023-12-03 00:00:00+00:00,2.008,2.026,1.952,1.979,9989162.7,1.8335000000000001,1.43855,1.354125,63.351308893487065,0.11083494583513298,0.11447361211836542,-0.0036386662832324362,2.054767711158471,1.6122322888415295,23500913.54
2023-12-04 00:00:00+00:00,1.98,2.196,1.975,2.149,32024206.9,1.8640500000000002,1.4564833333333334,1.35659,69.47836534250384,0.12474894133224268,0.11652867796114089,0.008220263371101794,2.0823850407087803,1.6457149592912201,23786561.455
2023-12-05 00:00:00+00:00,2.15,2.321,2.131,2.257,33936487.1,1.8919000000000001,1.4758833333333332,1.359545,72.6111253034839,0.14284396411394118,0.12179173519170094,0.021052228922240235,2.1566020211507673,1.6271979788492328,24088181.009999998
2023-12-06 00:00:00+00:00,2.257,2.397,2.241,2.285,32112716.2,1.9201000000000001,1.4957833333333332,1.3626649999999998,73.37415542358492,0.15762674305556912,0.12895873676447459,0.028668006291094533,2.2233331776064387,1.6168668223935616,23595071.25
2023-12-07 00:00:00+00:00,2.284,2.374,2.212,2.267,23792112.9,1.9398500000000003,1.5153333333333334,1.3659550000000003,71.98575977909869,0.16597647877273536,0.13636228516612675,0.029614193606608608,2.2774819149625753,1.6022180850374255,22349842.105
2023-12-08 00:00:00+00:00,2.267,2.393,2.19,2.376,26905824.7,1.9701499999999998,1.5375833333333335,1.369775,75.06294707302345,0.17932198135715072,0.14495422440433156,0.034367756952819156,2.3477721789054393,1.5925278210945604,22342253.045
2023-12-09 00:00:00+00:00,2.377,2.613,2.376,2.421,39602783.2,1.9919499999999999,1.5605499999999999,1.3736599999999999,76.22408298586035,0.19132404769699574,0.1542281890628644,0.03709585863413134,2.4177511155472575,1.5661488844527423,22648449.89
2023-12-10 00:00:00+00:00,2.421,2.599,2.382,2.519,22403544.0,2.01805,1.5853833333333334,1.3784,78.5648719345759,0.20636470881571167,0.16465549301343385,0.04170921580227782,2.501922906868411,1.5341770931315892,21268728.685
2023-12-11 00:00:00+00:00,2.519,2.541,2.162,2.24,36466566.3,2.04255,1.60585,1.381785,60.34874524990959,0.1935405577398832,0.17043250595872375,0.02310805178115946,2.5192198962608012,1.5658801037391987,21220531.14
2023-12-12 00:00:00+00:00,2.24,2.465,2.222,2.305,34839883.7,2.0666,1.62745,1.38542,62.528570737893325,0.18647274071192754,0.1736405529093645,0.012832187802563039,2.5452687372299136,1.5879312627700868,21656421.98
2023-12-13 00:00:00+00:00,2.305,2.342,2.101,2.328,21565632.8,2.0926,1.6494166666666668,1.388905,63.29745354732486,0.18064498958504593,0.1750414402445008,0.005603549340545133,2.5687417436029705,1.6164582563970298,21733454.080000002
2023-12-14 00:00:00+00:00,2.329,2.355,2.18,2.322,20890471.5,2.11705,1.6709999999999998,1.39218,62.93466138995561,0.17354182286643427,0.1747415167688875,-0.001199693902453225,2.5875456854225907,1.646554314577409,21878348.54
2023-12-15 00:00:00+00:00,2.322,2.327,2.181,2.191,17911063.7,2.1323499999999997,1.6903,1.3950050000000003,55.46053504364731,0.15554883671519804,0.1709029807581496,-0.015354144042951573,2.5914296336162947,1.6732703663837047,22201766.615000002
2023-12-16 00:00:00+00:00,2.191,2.446,2.16,2.39,26889718.4,2.16045,1.7133166666666666,1.39891,62.70613558130211,0.15555377535209036,0.16783313967693778,-0.012279364324847414,2.610279512150179,1.710620487849821,22850243.035
2023-12-17 00:00:00+00:00,2.389,2.482,2.26,2.266,17453844.8,2.1847,1.73445,1.40241,56.534551699222234,0.1438932141661562,0.16304515457478147,-0.01915194040862528,2.6011445221170097,1.7682554778829898,23055366.36
2023-12-18 00:00:00+00:00,2.267,2.318,2.067,2.29,18967305.1,2.2081500000000003,1.7561666666666664,1.406125,57.40829895428666,0.13503216806132246,0.15744255727208967,-0.022410389210767212,2.591540805838197,1.8247591941618035,23396955.355
2023-12-19 00:00:00+00:00,2.289,2.5,2.262,2.431,30928107.9,2.2398,1.7799333333333331,1.41021,62.21408231663292,0.13779878814373125,0.15351380344641802,-0.015715015302686763,2.5851540791727494,1.8944459208272502,24244797.544999998
2023-12-20 00:00:00+00:00,2.431,3.055,2.422,2.845,83773397.6,2.2881,1.81,1.41635,72.15037655190758,0.17142165244597463,0.15709537324632936,0.01432627919964527,2.684529010039946,1.8916709899600541,27761784.915
2023-12-21 00:00:00+00:00,2.846,3.625,2.766,3.538,84184146.9,2.37035,1.8513666666666668,1.425955,81.10656145974336,0.2510928805751287,0.17589487471208926,0.07519800586303943,3.0116961701774176,1.7290038298225827,31485011.545000006
2023-12-22 00:00:00+00:00,3.537,3.803,3.271,3.36,46609009.6,2.43795,1.8890166666666668,1.435265,74.48102820172382,0.296452470926174,0.20000639395490621,0.09644607697126778,3.1880618516602923,1.6878381483397074,33062299.3
2023-12-23 00:00:00+00:00,3.36,4.0,3.203,3.902,39145831.4,2.5341,1.9350833333333335,1.4471100000000001,79.87261077884804,0.37184870301401673,0.23437485576672834,0.1374738472472884,3.489217772843339,1.578982227156661,34520132.735
2023-12-24 00:00:00+00:00,3.902,4.097,3.614,3.798,42586262.9,2.6165499999999997,1.9793333333333334,1.4590300000000003,76.53134390446687,0.4183859366667253,0.27117707194672774,0.14720886471999756,3.700471671524843,1.5326283284751565,35048235.535000004
2023-12-25 00:00:00+00:00,3.798,4.374,3.71,4.25,47591449.0,2.7161999999999997,2.0303166666666668,1.473205,80.37402471208867,0.4861357814183713,0.3141688138410565,0.17196696757731483,3.9979730844424832,1.4344269155575162,35730983.63
2023-12-26 00:00:00+00:00,4.25,4.625,3.948,4.301,50211486.7,2.817,2.0816500000000002,1.4877850000000001,80.75688289843048,0.5377445112788539,0.358883953328616,0.17886055795023792,4.25485646015212,1.37914353984788,36635922.154999994
2023-12-27 00:00:00+00:00,4.301,4.4,3.988,4.083,27689133.6,2.9078,2.1293833333333336,1.5021849999999999,74.1024611381533,0.5546602453714957,0.398039211737192,0.15662103363430374,4.422561974701363,1.3930380252986365,36830773.19
2023-12-28 00:00:00+00:00,4.085,4.322,3.728,3.756,28060345.2,2.9768,2.1706999999999996,1.5149199999999998,65.39748181385045,0.5355069288301579,0.42553275515578515,0.10997417367437279,4.5139357259530355,1.4396642740469643,36888499.215
2023-12-29 00:00:00+00:00,3.757,3.973,3.52,3.62,24259118.5,3.0367500000000005,2.209033333333333,1.52703,62.128576409046886,0.5035491232341793,0.441136028771464,0.06241309446271531,4.57602539771191,1.4974746022880907,36121315.980000004
2023-12-30 00:00:00+00:00,3.621,3.782,3.539,3.676,15126384.9,3.0946,2.2481000000000004,1.539415,62.949807898223895,0.4772397413771112,0.4483567712925935,0.028882970084517734,4.638652253002194,1.550547746997806,35757458.025
2023-12-31 00:00:00+00:00,3.675,3.883,3.521,3.65,15864655.7,3.1651000000000002,2.2834833333333333,1.55178,62.27460399868046,0.4491142742084442,0.44850827187576364,0.0006060023326805442,4.675014553874206,1.6551854461257944,34727362.495000005
2024-01-01 00:00:00+00:00,3.651,3.834,3.567,3.794,13962506.3,3.23955,2.3213166666666667,1.56477,64.54298760217847,0.4334477198830391,0.44549616147721877,-0.01204844159417967,4.719015913767915,1.7600840862320846,33683493.625
2024-01-02 00:00:00+00:00,3.793,4.331,3.737,3.923,52454346.3,3.3192999999999997,2.36215,1.5783150000000001,66.48703752787581,0.4265243770938123,0.4417018046005375,-0.015177427506725183,4.765195999026597,1.873404000973402,35227929.3
2024-01-03 00:00:00+00:00,3.924,4.089,2.905,3.771,38638209.3,3.3917499999999996,2.3998166666666667,1.5908799999999998,62.16219613426305,0.40411407289035806,0.4341842582585016,-0.030070185368143543,4.774321643713668,2.0091783562863315,36115316.190000005
2024-01-04 00:00:00+00:00,3.771,4.048,3.571,3.91,23129680.8,3.4777,2.4377166666666668,1.6042500000000002,64.4401701827544,0.3930391727549978,0.42595524115780087,-0.03291606840280309,4.761176232737133,2.194223767262867,36376247.045
2024-01-05 00:00:00+00:00,3.91,3.95,3.451,3.552,16442583.3,3.5357999999999996,2.4705333333333335,1.6158000000000001,55.219395529098485,0.35132477324433076,0.4110291475751069,-0.05970437433077613,4.718295090899364,2.3533049091006353,35853890.29000001
2024-01-06 00:00:00+00:00,3.551,3.708,3.167,3.479,22677929.8,3.59645,2.5044166666666663,1.626705,53.53714582370485,0.3088154884625336,0.39058641575259223,-0.08177092729005864,4.6268614663575365,2.5660385336424634,36115094.54
2024-01-07 00:00:00+00:00,3.476,3.539,3.151,3.215,12829779.7,3.6427,2.5334999999999996,1.636085,47.85874706032174,0.2509313993775071,0.36265541247757527,-0.11172401310006819,4.503472931731175,2.781927068268825,35808218.27
2024-01-08 00:00:00+00:00,3.215,3.482,2.92,3.416,26868001.9,3.69195,2.5664666666666665,1.646545,52.03044784347447,0.21875518827809914,0.33387536763768005,-0.11512017935958091,4.361175664481777,3.0227243355182223,35605212.97
2024-01-09 00:00:00+00:00,3.416,3.54,3.026,3.222,24410549.9,3.7108000000000003,2.5942833333333337,1.655745,48.03572720205007,0.17557718598337058,0.30221573130681817,-0.1266385453234476,4.299992192752988,3.1216078072470124,32637070.585
2024-01-10 00:00:00+00:00,3.222,3.684,3.08,3.603,22822968.5,3.7140500000000003,2.6277,1.6667,55.294996560178134,0.17014054958740576,0.2758006949629357,-0.10566014537552992,4.300102378206141,3.127997621793859,29569011.665
2024-01-11 00:00:00+00:00,3.602,3.844,3.508,3.612,27635964.0,3.7266500000000002,2.6595500000000003,1.67776,55.45330561536006,0.16466010170353096,0.2535725763110548,-0.08891247460752383,4.292189485801895,3.161110514198105,28620359.385
2024-01-12 00:00:00+00:00,3.612,3.679,3.309,3.458,20632952.7,3.70445,2.6906833333333333,1.68762,52.05637672427134,0.14620493482353192,0.23209904801355025,-0.08589411319001833,4.275544204138927,3.1333557958610725,27694715.45
2024-01-13 00:00:00+00:00,3.457,3.519,3.3,3.404,9473850.9,3.68475,2.721783333333333,1.69726,50.87942424953142,0.1257719130819539,0.210833621027231,-0.08506170794527709,4.268616380262708,3.100883619737292,26039094.85
2024-01-14 00:00:00+00:00,3.405,3.521,3.293,3.307,10560449.0,3.6376000000000004,2.7485666666666666,1.7069799999999997,48.74736724212391,0.10059194547152162,0.18878528591608915,-0.08819334044456753,4.18225122785236,3.0929487721476407,24187544.85
2024-01-15 00:00:00+00:00,3.308,3.425,3.239,3.306,9838499.5,3.5878500000000004,2.774983333333333,1.71676,48.72469895326427,0.07963793158333088,0.16695581504953752,-0.08731788346620664,4.057654757320623,3.118045242679378,22168895.490000002
2024-01-16 00:00:00+00:00,3.304,3.347,3.177,3.24,11616425.6,3.5457,2.7977833333333337,1.726035,47.16578112714268,0.05704845709448225,0.14497434345852647,-0.08792588636404422,3.980182726930651,3.1112172730693493,21365260.09
2024-01-17 00:00:00+00:00,3.24,3.367,3.155,3.308,12408276.7,3.5233000000000003,2.8234166666666667,1.7351500000000002,48.97707561659307,0.04412452742835349,0.12480438025249188,-0.08067985282413839,3.9582979770080517,3.088302022991949,20582656.665
2024-01-18 00:00:00+00:00,3.31,3.376,2.994,3.083,13843276.9,3.4964500000000003,2.8417166666666662,1.7432299999999998,43.645325354786806,0.015547379941462047,0.10295298019028591,-0.08740560024882386,3.9689351214600315,3.023964878539969,20061864.585
2024-01-19 00:00:00+00:00,3.084,3.098,2.785,3.01,14531330.7,3.4631499999999997,2.8586,1.751,42.04603605154508,-0.012842663017686107,0.07979385154869152,-0.09263651456637763,3.972743671468852,2.9535563285311475,20032111.875
2024-01-20 00:00:00+00:00,3.009,3.009,2.867,2.967,6520578.8,3.429,2.8788833333333335,1.7588400000000002,41.09090001759347,-0.038369418464110794,0.05616119754613106,-0.09453061601024185,3.9742258247745683,2.8837741752254313,19564908.03
2024-01-21 00:00:00+00:00,2.965,3.045,2.918,2.922,6240181.9,3.3854000000000006,2.897183333333333,1.766675,40.06516346516936,-0.06152149844676069,0.03262465834755271,-0.0941461567943134,3.946142507752992,2.824657492247009,19178791.81
2024-01-22 00:00:00+00:00,2.922,2.949,2.59,2.649,19322124.2,3.3217,2.9112,1.773365,34.44719987894513,-0.10073727053064063,0.0059522725719140385,-0.10668954310255467,3.9123400257357446,2.731059974264255,17522180.705
2024-01-23 00:00:00+00:00,2.65,2.726,2.45,2.65,19354608.3,3.26565,2.9248166666666666,1.77996,34.48343962336172,-0.13023410312592398,-0.021285002567653567,-0.10894910055827042,3.8870607417812537,2.644239258218746,16558000.654999997
2024-01-24 00:00:00+00:00,2.651,2.695,2.544,2.68,18354173.7,3.20415,2.938066666666667,1.7864450000000003,35.63308139587939,-0.1494668454370327,-0.0469213711415294,-0.1025454742955033,3.801294965649996,2.6070050343500037,16319225.3
2024-01-25 00:00:00+00:00,2.68,2.745,2.605,2.696,11363694.6,3.16135,2.9525333333333337,1.79329,36.27532895195857,-0.1615555541373368,-0.06984820774069089,-0.0917073463966459,3.775107370628769,2.547592629371231,16065280.865
2024-01-26 00:00:00+00:00,2.696,3.006,2.647,2.917,25477824.5,3.13325,2.9714666666666667,1.8012150000000002,44.51107632890777,-0.15155604609185058,-0.08618977541092283,-0.06536627068092775,3.7376511499005804,2.5288488500994193,16205275.6
2024-01-27 00:00:00+00:00,2.917,2.964,2.824,2.912,10574415.6,3.1181,2.9896499999999997,1.8091249999999999,44.37135570170622,-0.14239339966200415,-0.0974305002611391,-0.04496289940086505,3.728703275458907,2.507496724541093,16092507.395000001
2024-01-28 00:00:00+00:00,2.913,3.077,2.86,2.88,19132111.8,3.0913,3.0076833333333335,1.8168799999999998,43.431710243448094,-0.13614467781911044,-0.10517333577273338,-0.030971342046377054,3.694253431038541,2.488346568961459,15705712.889999997
2024-01-29 00:00:00+00:00,2.88,3.062,2.855,3.008,12528231.5,3.0806,3.0265,1.8245999999999998,48.1606675767693,-0.11948662306676772,-0.10803599323154026,-0.01145062983522746,3.681487809829048,2.479712190170952,15111596.969999999
2024-01-30 00:00:00+00:00,3.009,3.234,2.959,3.011,22174896.0,3.0509999999999997,3.0451333333333332,1.83216,48.26981972993143,-0.10483445341103792,-0.1073956852674398,0.002561231856401877,3.6023166059544676,2.499683394045532,15079193.344999999
2024-01-31 00:00:00+00:00,3.011,3.03,2.786,2.823,18587160.4,3.0115499999999997,3.0587166666666668,1.8388200000000001,42.26409092948814,-0.10715728968177851,-0.10734800615030754,0.00019071646852902857,3.5067039053679756,2.516396094632024,14626753.165000001
2024-02-01 00:00:00+00:00,2.823,2.879,2.727,2.855,12212900.0,2.9814,3.0733166666666665,1.845865,43.55150780735695,-0.10520330340179695,-0.10691906560060543,0.0017157621988084792,3.435910021892985,2.5268899781070147,14205750.530000001
2024-02-02 00:00:00+00:00,2.856,2.946,2.832,2.9,10640220.2,2.9562,3.0858333333333334,1.85286,45.39545796557223,-0.09888376083597938,-0.10531200464768023,0.006428243811700846,3.3680813421377143,2.5443186578622856,14264068.995
2024-02-03 00:00:00+00:00,2.9,2.947,2.797,2.815,6099542.4,2.9316,3.0951333333333335,1.8595849999999998,42.56693134567647,-0.09958629858827628,-0.10416686343579945,0.004580564847523172,3.3144850480250803,2.5487149519749197,14041023.664999997
2024-02-04 00:00:00+00:00,2.815,2.822,2.748,2.754,6162215.7,2.9040000000000004,3.1029500000000003,1.8660249999999998,40.61128555054528,-0.10386793017667673,-0.1041070767839749,0.0002391466072981796,3.2530375337999793,2.5549624662000214,13857209.475
2024-02-05 00:00:00+00:00,2.753,2.816,2.696,2.751,8388031.4,2.87955,3.1110166666666665,1.8721299999999998,40.51270636744769,-0.10627812096329636,-0.1045412856198392,-0.0017368353434571576,3.1982012042989547,2.5608987957010454,13695789.765
2024-02-06 00:00:00+00:00,2.75,2.78,2.683,2.736,9402775.6,2.85095,3.1170166666666668,1.8784100000000001,39.99001570704987,-0.10815188159710587,-0.10526340481529255,-0.0028884767818133233,3.1072197602160228,2.5946802397839774,13545514.709999999
2024-02-07 00:00:00+00:00,2.737,2.894,2.684,2.87,11021302.8,2.8403,3.1245,1.88554,46.61616851891636,-0.09769796891308635,-0.10375031763485132,0.006052348721764966,3.0738029764289507,2.6067970235710494,13404416.004999999
2024-02-08 00:00:00+00:00,2.87,3.002,2.87,2.922,15481538.5,2.8358999999999996,3.131216666666667,1.8928749999999999,48.97088798408943,-0.0842460661673381,-0.09984946734134868,0.015603401174010587,3.059555002182333,2.6122449978176663,13451926.395
2024-02-09 00:00:00+00:00,2.922,3.056,2.92,2.995,18818340.3,2.8373,3.1438,1.90095,52.16106743658357,-0.06692339517089874,-0.0932642529072587,0.02634085773635997,3.0645418095359642,2.6100581904640356,14066814.469999999
2024-02-10 00:00:00+00:00,2.995,3.148,2.962,3.043,15423644.6,2.84335,3.1561,1.909425,54.18907345160732,-0.04875978233698319,-0.08436335879320361,0.03560357645622042,3.0852593011878184,2.6014406988121817,14525987.605
2024-02-11 00:00:00+00:00,3.043,3.217,3.034,3.125,19610244.0,2.86715,3.169383333333333,1.9182249999999998,57.50342793545781,-0.027432053964690173,-0.07297709782750092,0.04554504386281075,3.12124704839131,2.61305295160869,14540393.595000003
2024-02-12 00:00:00+00:00,3.126,3.4,3.074,3.381,29291296.6,2.9037,3.187033333333333,1.928235,65.81797297128374,0.010011973152800557,-0.05637928363144063,0.06639125678424118,3.224011161218543,2.5833888387814574,15037228.01
2024-02-13 00:00:00+00:00,3.38,3.447,3.165,3.214,16818534.3,2.9304,3.2040833333333327,1.9373549999999997,57.86448108391719,0.02591242775308178,-0.03992094135453615,0.06583336910761793,3.2605462706152655,2.6002537293847348,14960446.040000001
2024-02-14 00:00:00+00:00,3.214,3.454,3.167,3.334,18172884.6,2.9623,3.2198166666666665,1.946995,61.46767785924701,0.04764740012933544,-0.022407273057761835,0.07005467318709727,3.3179909332568993,2.6066090667431006,15300905.540000001
2024-02-15 00:00:00+00:00,3.335,3.411,3.263,3.399,16578798.6,2.9864,3.2387,1.95701,63.29847625278528,0.06931841951096596,-0.004062134544016277,0.07338055405498223,3.388797514904306,2.584002485095694,14855954.245
2024-02-16 00:00:00+00:00,3.4,3.461,3.172,3.279,16787888.9,3.00475,3.255183333333333,1.9665549999999998,57.83511961781345,0.07593453532835825,0.01193719943045863,0.06399733589789963,3.4249794016381516,2.5845205983618484,15166627.91
2024-02-17 00:00:00+00:00,3.28,3.349,3.132,3.331,9165640.8,3.0273,3.2701833333333337,1.976135,59.46769910162929,0.08440089917015126,0.026429939378397157,0.057970959791754095,3.4663148516863136,2.588285148313686,14668304.360000003
2024-02-18 00:00:00+00:00,3.332,3.584,3.264,3.521,19797361.3,3.05295,3.28145,1.98675,64.82656817436839,0.10522895176220981,0.04218974185515969,0.06303920990705011,3.5415968970546654,2.5643031029453347,15031760.85
2024-02-19 00:00:00+00:00,3.521,3.617,3.467,3.529,17251344.8,3.07885,3.2813,1.997595,65.03617810640867,0.12098621288975142,0.05794903606207804,0.06303717682767337,3.609005929893413,2.548694070106587,14785583.290000001
2024-02-20 00:00:00+00:00,3.529,3.557,3.236,3.395,18851694.9,3.10745,3.2818833333333335,2.007865,58.72356699183512,0.12126342644677424,0.07061191413901728,0.050651512307756955,3.6410151694040254,2.5738848305959747,14798810.015
2024-02-21 00:00:00+00:00,3.396,3.397,3.085,3.241,15970830.7,3.12675,3.270866666666667,2.0173,52.42563030481439,0.10781379688094539,0.07805229068740291,0.02976150619354248,3.650221823502606,2.603278176497394,14986706.55
2024-02-22 00:00:00+00:00,3.241,3.349,3.117,3.25,13698551.5,3.14425,3.2617333333333334,2.0268550000000003,52.74459588180838,0.09676563927944493,0.08179496040581131,0.014970678873633611,3.659568105640721,2.6289318943592788,15139623.115
2024-02-23 00:00:00+00:00,3.25,3.43,3.148,3.364,17875974.0,3.1717000000000004,3.2469666666666663,2.036975,56.704298569572494,0.09610095011269149,0.08465615834718736,0.011444791765504128,3.672215374390376,2.6711846256096248,15728444.695000002
2024-02-24 00:00:00+00:00,3.363,3.933,3.294,3.864,31053266.4,3.2272,3.2396833333333332,2.049495,68.98114241855264,0.13437105461038978,0.09459913759982785,0.03977191701056193,3.774151405520756,2.680248594479244,16972997.229999997
2024-02-25 00:00:00+00:00,3.866,3.88,3.655,3.704,18486403.8,3.27485,3.233366666666667,2.06127,62.840468605824825,0.15005992788225697,0.10569129565631367,0.0443686322259433,3.81354110815116,2.7361588918488398,17477915.85
2024-02-26 00:00:00+00:00,3.704,4.198,3.644,4.097,38142269.3,3.3429,3.23905,2.075075,69.92285354523915,0.19199212286298195,0.12295146109764735,0.0690406617653346,3.9334752788604654,2.752324721139535,18914890.535
2024-02-27 00:00:00+00:00,4.097,4.148,3.844,3.941,24829369.1,3.39645,3.2444,2.088115,64.65506220177579,0.21021259331382947,0.14040368754088378,0.06980890577294568,3.999879026482079,2.7930209735179212,19605293.85
2024-02-28 00:00:00+00:00,3.942,4.099,3.514,3.897,32768419.1,3.4452,3.248083333333333,2.100885,63.20862844425249,0.21858233405664373,0.15603941684403577,0.06254291721260796,4.044958151258575,2.8454418487414253,20469637.880000003
2024-02-29 00:00:00+00:00,3.896,4.09,3.72,3.877,26637312.2,3.4893,3.251866666666667,2.11357,62.52392228853499,0.22105341487729158,0.16904221645068696,0.05201119842660462,4.0797954191194865,2.8988045808805136,20860586.475
2024-03-01 00:00:00+00:00,3.879,4.125,3.874,3.957,20604916.4,3.535,3.2545833333333336,2.12667,64.19470435235681,0.2268520860059775,0.18060419036174508,0.04624789564423243,4.121722080717176,2.9482779192828246,21119650.065
2024-03-02 00:00:00+00:00,3.957,4.498,3.878,4.484,27991433.3,3.60295,3.2639333333333336,2.142685,72.79810495783687,0.2708498814941964,0.19865332858823537,0.07219655290596105,4.290172082009217,2.9157279179907825,21538709.529999997
2024-03-03 00:00:00+00:00,4.485,4.503,3.9,4.432,30506442.3,3.6555,3.27495,2.158795,70.98563521039083,0.2980863323012719,0.2185399293308427,0.0795464029704292,4.422859498540989,2.8881405014590116,21599466.815
2024-03-04 00:00:00+00:00,4.432,4.779,4.222,4.34,33748343.0,3.7118,3.2821166666666666,2.1748950000000002,67.77077346041203,0.3086894053575131,0.2365698245361768,0.0721195808213363,4.506082972246712,2.9175170277532887,22445957.25
2024-03-05 00:00:00+00:00,4.341,4.483,3.558,4.245,42389675.6,3.75735,3.2936666666666667,2.190405,64.52128286992655,0.30590048076787335,0.2504359557825161,0.055464524985357255,4.56413380623378,2.9505661937662206,23656796.8
2024-03-06 00:00:00+00:00,4.245,5.958,4.0,5.895,73764765.2,3.88215,3.3339333333333334,2.21405,81.29594201009047,0.4318533121490056,0.286719427055814,0.14513388509319158,5.097397509769532,2.666902490230468,26516095.130000003
2024-03-07 00:00:00+00:00,5.894,6.195,5.386,5.521,51337774.6,3.99425,3.3723666666666667,2.235815,72.88410302688901,0.4957781422949177,0.32853117010363475,0.16724697219128293,5.369374994319075,2.6191250056809254,28243589.415
2024-03-08 00:00:00+00:00,5.521,5.766,5.107,5.745,39958447.0,4.11495,3.4111833333333337,2.2588850000000003,74.58058311426998,0.5580807511865027,0.37444108632020834,0.18363966486629435,5.650443337660904,2.579456662339097,29783229.725
2024-03-09 00:00:00+00:00,5.746,6.491,5.596,6.193,34655872.2,4.24855,3.4607,2.28399,77.59916938508911,0.6362713336378985,0.4268071357837464,0.20946419785415205,6.003385317059981,2.493714682940019,30526155.27
2024-03-10 00:00:00+00:00,6.194,6.295,5.756,5.947,19165184.6,4.3694500000000005,3.4997666666666665,2.307675,72.50747238977641,0.6706568744914083,0.47557708352527883,0.19507979096612948,6.238774955699514,2.500125044300487,30621847.26
2024-03-11 00:00:00+00:00,5.947,7.306,5.6,6.679,47179376.5,4.53365,3.550883333333333,2.335095,77.28387007987719,0.7483474620604955,0.5301311592323222,0.21821630282817328,6.598455780212989,2.468844219787011,32038231.340000004
2024-03-12 00:00:00+00:00,6.68,8.09,6.632,8.078,47513454.3,4.775499999999999,3.6278833333333336,2.36953,83.26722837737299,0.9122891194202021,0.6065627512698982,0.30572636815030385,7.267036032250173,2.2839639677498256,33615362.519999996
2024-03-13 00:00:00+00:00,8.077,8.535,7.591,7.761,32153782.4,5.00105,3.7005,2.4023749999999997,78.23850832607332,1.0050492313752972,0.6862600472909781,0.3187891840843191,7.706871980471167,2.295228019528833,34538124.065
2024-03-14 00:00:00+00:00,7.76,8.914,7.601,8.861,40738992.8,5.2759,3.793066666666667,2.440785,82.24543573512047,1.1540202680195994,0.7798120914367024,0.37420817658289707,8.352124757718602,2.199675242281397,35681275.005
2024-03-15 00:00:00+00:00,8.861,9.01,6.987,7.487,64807771.2,5.457050000000001,3.86275,2.47225,65.9183741373339,1.1479774019372773,0.8534451535368174,0.2945322484004599,8.605223722970328,2.308876277029673,37369000.245
2024-03-16 00:00:00+00:00,7.487,7.973,6.512,6.727,39393410.7,5.6082,3.9208666666666665,2.49975,58.94770212448221,1.0695338185173684,0.8966628865329277,0.1728709319844407,8.694869765297355,2.5215302347026443,38414350.59
2024-03-17 00:00:00+00:00,6.726,8.443,6.625,8.244,39837291.2,5.81555,4.003133333333333,2.5349500000000003,66.55108511392817,1.116900995968808,0.9407105084201038,0.17619048754870426,9.023087589803245,2.6080124101967552,38499101.685
2024-03-18 00:00:00+00:00,8.243,8.581,6.855,7.026,50524513.2,5.9698,4.06885,2.5643000000000002,57.36441073724314,1.0441214227929425,0.9613926912946716,0.08272873149827087,9.097638781011705,2.841961218988295,39783858.89
2024-03-19 00:00:00+00:00,7.024,7.131,6.202,6.354,45807871.2,6.092650000000001,4.124583333333334,2.590435,53.016127251587946,0.9215947324381428,0.953433099523366,-0.03183836708522314,9.0748017248458,3.110498275154202,40435831.495000005
2024-03-20 00:00:00+00:00,6.352,7.011,6.01,6.912,39612773.3,6.2444,4.190333333333333,2.61939,55.998696043921804,0.8596083541551716,0.9346681504497272,-0.07505979629455561,9.064606120126816,3.424193879873183,41084604.55
2024-03-21 00:00:00+00:00,6.912,6.991,6.41,6.449,24181914.8,6.369,4.249116666666667,2.64601,52.99269491651492,0.7643129483305637,0.9005971100258946,-0.13628416169533086,8.986898852133278,3.7511011478667218,41263454.470000006
2024-03-22 00:00:00+00:00,6.448,6.835,6.21,6.491,22585388.7,6.46935,4.313149999999999,2.6728299999999994,53.23791614504406,0.6842916138716193,0.8573360107950396,-0.17304439692342033,8.940270012869847,3.998429987130154,40993152.239999995
2024-03-23 00:00:00+00:00,6.492,6.8,6.361,6.617,12222718.1,6.5786,4.379266666666667,2.7002750000000004,54.01297373755897,0.623849923183025,0.8106387932726368,-0.18678887008961176,8.865935690273885,4.291264309726115,40078966.03
2024-03-24 00:00:00+00:00,6.617,7.005,6.428,7.001,11224119.2,6.711650000000001,4.4512833333333335,2.7296250000000004,56.38552772330498,0.6000184000146618,0.7685147146210418,-0.16849631460638004,8.759701198090685,4.663598801909316,38952754.84
2024-03-25 00:00:00+00:00,7.001,7.761,6.973,7.45,28075111.2,6.871899999999999,4.530516666666667,2.761105,59.046104489395724,0.6103268260221872,0.736877136901271,-0.12655031087908375,8.599312272736496,5.144487727263503,38237026.62
2024-03-26 00:00:00+00:00,7.45,8.087,7.418,7.663,29423061.9,6.960299999999999,4.609616666666667,2.793665,60.28384696114251,0.6284393896916489,0.7151895874593466,-0.08675019776769766,8.65941625264449,5.261183747355509,36019941.455
2024-03-27 00:00:00+00:00,7.664,7.908,7.082,7.255,23673038.3,7.047,4.6819999999999995,2.82411,56.74602660875498,0.6029214337096986,0.692735956709417,-0.08981452299971837,8.615432720903463,5.478567279096535,34636704.64
2024-03-28 00:00:00+00:00,7.255,7.442,7.111,7.191,11865025.0,7.1193,4.75385,2.85431,56.1889813647921,0.5709524205191707,0.6683792494713677,-0.09742682895219701,8.56987865695061,5.66872134304939,33232033.540000003
2024-03-29 00:00:00+00:00,7.191,7.203,6.852,6.974,10271411.2,7.15835,4.81995,2.8836700000000004,54.244623696509656,0.5220883512614156,0.6391210698293773,-0.11703271856796171,8.54784448001805,5.768855519981951,32012810.49
2024-03-30 00:00:00+00:00,6.974,7.322,6.909,6.938,9475874.0,7.2079,4.8854,2.913005,53.91132588540767,0.47498301664338705,0.6062934591921794,-0.13131044254879232,8.487396447826496,5.928403552173504,31528344.959999997
2024-03-31 00:00:00+00:00,6.941,7.363,6.906,7.294,9120382.0,7.23865,4.959916666666667,2.94403,56.74190520459523,0.46106307622591824,0.5772473825989272,-0.11618430637300892,8.495178754147958,5.982121245852042,29625395.234999996
2024-04-01 00:00:00+00:00,7.295,7.372,6.568,6.733,14920750.6,7.1714,5.02455,2.9721499999999996,51.38610506745275,0.4001507231783181,0.5418280507148053,-0.1416773275364872,8.38425158201679,5.958548417983211,27995760.05
2024-04-02 00:00:00+00:00,6.734,6.734,6.11,6.216,14927903.3,7.094150000000001,5.079816666666667,2.9975799999999997,46.98471915898494,0.3066250822073684,0.494787457013318,-0.1881623748059496,8.343218016563005,5.845081983436996,27134466.095
2024-04-03 00:00:00+00:00,6.216,6.906,5.998,6.596,22770253.1,6.9809,5.142833333333333,3.02492,50.350866766191125,0.26016909475483097,0.4478637845616206,-0.18769468980678966,7.94741309354848,6.01438690645152,26236029.110000003
2024-04-04 00:00:00+00:00,6.597,7.034,6.337,6.727,20005528.5,6.9429,5.20905,3.05308,51.49426511540489,0.23125720606973932,0.4045424688632444,-0.1732852627935051,7.886317807761046,5.999482192238954,23995916.975
2024-04-05 00:00:00+00:00,6.729,7.5,6.459,7.222,31705032.2,6.967649999999999,5.283566666666667,3.0836900000000003,55.65043981018046,0.2454572111618214,0.37272541732295983,-0.12726820616113843,7.913083080657035,6.022216919342963,23611498.05
2024-04-06 00:00:00+00:00,7.223,7.306,6.895,7.022,12158018.5,6.90655,5.355,3.113195,53.65020238089212,0.23783092214665214,0.3457465182876983,-0.10791559614104618,7.650652002416781,6.16244799758322,22227534.415
2024-04-07 00:00:00+00:00,7.022,7.143,6.818,6.916,11123723.1,6.901050000000001,5.422433333333333,3.1421700000000006,52.571689257627774,0.22068974503053163,0.32073516363626503,-0.1000454186057334,7.643162518423361,6.15893748157664,20257494.910000004
2024-04-08 00:00:00+00:00,6.916,7.579,6.836,7.358,20252957.9,6.95125,5.496366666666666,3.1733350000000002,56.49866104696298,0.2400043242696901,0.30458899576295007,-0.06458467149325997,7.674132251822976,6.228367748177024,18979749.244999997
2024-04-09 00:00:00+00:00,7.358,7.7,7.17,7.227,24017668.3,6.9670000000000005,5.5669,3.2038599999999997,55.04399343695267,0.24195159490698437,0.29206151559175697,-0.0501099206847726,7.699438393314178,6.234561606685823,18199993.995
2024-04-10 00:00:00+00:00,7.224,7.318,6.643,6.983,16655855.9,6.9937,5.6325666666666665,3.2332,52.34084699861666,0.2212555636979454,0.2779003252129947,-0.05664476151504927,7.686520929245537,6.300879070754462,17823691.05
2024-04-11 00:00:00+00:00,6.983,7.334,6.733,6.795,13418253.9,7.0089,5.693733333333332,3.2616949999999996,50.29153883601593,0.18752214250912136,0.25982468867222,-0.07230254616309867,7.669529669331197,6.348270330668802,17365334.310000002
2024-04-12 00:00:00+00:00,6.795,6.918,5.2,5.788,26311169.0,6.9674499999999995,5.73385,3.2851299999999997,41.025802927729686,0.07862533511036585,0.2235848179598492,-0.14495948284948335,7.802292134777979,6.13260786522202,18069756.855
2024-04-13 00:00:00+00:00,5.787,5.858,4.279,5.215,48296291.9,6.87815,5.767200000000001,3.3058050000000003,36.863864170651965,-0.053298093308721484,0.16820823570613505,-0.22150632901485653,8.009102921213199,5.747197078786801,19923365.490000002
2024-04-14 00:00:00+00:00,5.215,5.733,4.92,5.721,34929534.8,6.7917000000000005,5.806983333333333,3.329025,42.419043099700325,-0.11568484670477108,0.11142961922395384,-0.22711446592872492,7.996505727078304,5.586894272921697,20266086.67
2024-04-15 00:00:00+00:00,5.72,5.859,4.987,5.221,26263402.5,6.6696,5.83735,3.34959,38.787310291899445,-0.20313105125489894,0.04851748512818328,-0.2516485363830822,7.986228330243845,5.352971669756155,20108103.7
2024-04-16 00:00:00+00:00,5.222,5.544,4.902,5.493,22049664.4,6.5815,5.874250000000001,3.37145,41.71094827241344,-0.24763014540380368,-0.010712040978214106,-0.23691810442558958,7.96381783610019,5.199182163899811,20026935.005
2024-04-17 00:00:00+00:00,5.493,5.66,5.185,5.407,22060810.4,6.4923,5.90885,3.39282,41.043465008759526,-0.2865325109574606,-0.0658761349740634,-0.22065637598339716,7.934717429179475,5.049882570820525,20536724.275
2024-04-18 00:00:00+00:00,5.408,5.887,5.222,5.705,20547323.7,6.42885,5.94525,3.4155450000000003,44.365736768751546,-0.28997416475639426,-0.11069574093052958,-0.17927842382586467,7.892416093485611,4.965283906514388,21050519.9
2024-04-19 00:00:00+00:00,5.705,5.864,5.226,5.586,21142036.2,6.36125,5.979533333333333,3.4379000000000004,43.316031811524496,-0.29885894576973104,-0.1483283818983699,-0.15053056387136116,7.849194605824001,4.873305394175999,21633828.009999998
2024-04-20 00:00:00+00:00,5.587,6.256,5.505,6.218,14385126.9,6.30745,6.026583333333334,3.4634950000000004,50.07242373419119,-0.2519982021674192,-0.16906234595217975,-0.08293585621523944,7.733108090146706,4.881791909853295,21897065.255
2024-04-21 00:00:00+00:00,6.218,6.487,6.052,6.446,11442555.6,6.293100000000001,6.08,3.490235,52.28214722919369,-0.19422413578763198,-0.1740947039192702,-0.020129431868361775,7.7070653319656595,4.879134668034342,21723155.505000003
2024-04-22 00:00:00+00:00,6.447,7.25,6.342,7.028,20064917.4,6.333699999999999,6.142966666666667,3.5200099999999996,57.45806651103336,-0.10031882297397932,-0.15933952773021204,0.05902070475623272,7.782675928026669,4.88472407197333,21980006.21
2024-04-23 00:00:00+00:00,7.028,7.273,6.837,6.893,16521718.6,6.3485499999999995,6.201783333333333,3.54901,55.942265748301544,-0.03637228076414978,-0.1347460783369996,0.09837379757284981,7.813968776323255,4.883131223676744,21667579.485
2024-04-24 00:00:00+00:00,6.892,7.341,6.709,6.86,22268770.9,6.3552,6.251716666666667,3.577855,55.556440732320894,0.011510306787871905,-0.1054948013120253,0.1170051080998972,7.828613261783925,4.881786738216075,21780741.604999997
2024-04-25 00:00:00+00:00,6.861,7.235,6.607,7.131,20465117.8,6.35065,6.308833333333333,3.60804,58.111412365178914,0.0705122166159482,-0.07029339772643059,0.1408056143423788,7.8138548762906535,4.887445123709346,21218745.884999998
2024-04-26 00:00:00+00:00,7.13,7.531,6.896,6.93,21553151.8,6.34605,6.35605,3.6374850000000003,55.560166920923315,0.09990103808676576,-0.03625451056379132,0.13615554865055707,7.801340689175447,4.890759310824553,21688502.55
2024-04-27 00:00:00+00:00,6.929,7.643,6.7,7.14,24669762.0,6.35725,6.409366666666667,3.6679700000000004,57.65202115974401,0.1385401313976704,-0.0012955821714989747,0.13983571356916938,7.833214752289411,4.881285247710588,22365804.494999997
2024-04-28 00:00:00+00:00,7.141,7.459,7.03,7.047,13228061.5,6.3417,6.461866666666666,3.6980600000000003,56.386177724981174,0.15981531696720985,0.030926597656242793,0.12888871931096707,7.781267865715524,4.902132134284477,22014559.675
2024-04-29 00:00:00+00:00,7.046,7.112,6.675,6.865,11798917.6,6.3236,6.511666666666667,3.727325,53.892354106959615,0.1601441339579628,0.056770104916586794,0.10337402904137599,7.726832895851842,4.920367104148157,21403622.139999997
2024-04-30 00:00:00+00:00,6.867,6.952,5.847,6.194,15935654.0,6.2841499999999995,6.5489500000000005,3.75325,45.842355297533956,0.1050496842047588,0.06642602077422119,0.03862366343053761,7.65500189207323,4.913298107926769,21367612.044999998
2024-05-01 00:00:00+00:00,6.192,6.436,5.726,6.14,22941718.7,6.251399999999999,6.57655,3.7788999999999997,45.25647977446539,0.05637967731316351,0.06441675208200966,-0.008037074768846145,7.603031221894773,4.8997687781052255,21843785.285000004
2024-05-02 00:00:00+00:00,6.142,6.214,5.868,6.087,15485993.3,6.26635,6.604133333333333,3.8042000000000002,44.65328353623185,0.013377481858913853,0.0542088980373905,-0.040831416178476646,7.603687096621774,4.929012903378226,21302526.5
2024-05-03 00:00:00+00:00,6.086,6.935,6.026,6.874,14772704.3,6.3492999999999995,6.646366666666667,3.8334050000000004,54.37723907491265,0.04231447992912951,0.051830014415738306,-0.009515534486608794,7.619625958170085,5.078974041829914,19626347.119999997
2024-05-04 00:00:00+00:00,6.874,6.99,6.753,6.864,9953022.4,6.4064499999999995,6.690016666666667,3.86268,54.24682173040568,0.06370598007041917,0.05420520754667448,0.009500772523744684,7.6613183556456175,5.151581644354382,18377521.5
2024-05-05 00:00:00+00:00,6.864,7.532,6.682,7.49,14953255.5,6.5199,6.7166,3.89514,60.614909799406455,0.1296770302657837,0.06929957209049632,0.06037745817528738,7.735206035532088,5.304593964467911,17812014.15
2024-05-06 00:00:00+00:00,7.49,7.598,7.163,7.311,16883213.3,6.6108,6.746433333333333,3.92676,58.12373232546407,0.16560674731040592,0.08856100713447825,0.07704574017592768,7.776210073751171,5.445389926248829,17553691.595
2024-05-07 00:00:00+00:00,7.312,7.915,7.113,7.118,18373768.2,6.69635,6.769316666666667,3.957325,55.47631869367949,0.17647354274638616,0.10614351425685983,0.07033002848952633,7.740633922121134,5.652066077878866,17369339.485000003
2024-05-08 00:00:00+00:00,7.119,7.298,6.788,6.809,11283383.6,6.75155,6.779583333333333,3.9861649999999997,51.43681310399764,0.1583267466606575,0.11658016073761937,0.04174658592303812,7.6919349158725865,5.811165084127413,16906142.479999997
2024-05-09 00:00:00+00:00,6.808,7.498,6.805,7.479,14067797.4,6.8462000000000005,6.805116666666666,4.018280000000001,58.49401178281104,0.1957521714178707,0.13241456287366965,0.06333760854420106,7.672411014209251,6.01998898579075,16552430.540000001
2024-05-10 00:00:00+00:00,7.479,7.648,7.122,7.253,14082787.0,6.89795,6.814683333333333,4.04904,55.56100172597496,0.2048148013966813,0.146894610578272,0.057920190818409295,7.689203808838018,6.106696191161982,16537313.545000002
2024-05-11 00:00:00+00:00,7.256,7.334,7.0,7.021,8534518.1,6.926700000000001,6.797066666666667,4.078455,52.642863385728944,0.19107395820176976,0.15573048010297155,0.0353434780987982,7.691522096961554,6.161877903038448,16391911.669999998
2024-05-12 00:00:00+00:00,7.021,7.07,6.833,6.887,5610582.1,6.91965,6.7825,4.107175,50.977474646984575,0.1674414006194116,0.15807266420625957,0.009368736413152029,7.683205440030825,6.1560945599691745,15669194.905000001
2024-05-13 00:00:00+00:00,6.887,7.375,6.538,7.292,15212635.0,6.9396,6.75635,4.1376800000000005,55.55407488078606,0.17932539225010657,0.16232320981502898,0.01700218243507759,7.719992055316214,6.159207944683787,15603740.725
2024-05-14 00:00:00+00:00,7.292,7.39,6.929,7.022,13097923.9,6.9477,6.7486,4.166685,52.064425426871885,0.16505415615164676,0.16286939908235254,0.0021847570692942186,7.727982025937202,6.167417974062799,15145198.375
2024-05-15 00:00:00+00:00,7.022,8.092,6.89,8.052,24516188.9,6.99375,6.770683333333333,4.20085,61.897287023393346,0.23415727138901765,0.17712697354368556,0.05703029784533209,7.908918591026079,6.078581408973922,15347751.930000002
2024-05-16 00:00:00+00:00,8.05,8.296,7.853,8.021,17978429.7,7.0483,6.766966666666666,4.23457,61.488473874777945,0.28315649533409015,0.1983328779017665,0.08482361743232364,8.066075240414431,6.03052475958557,15169015.825
2024-05-17 00:00:00+00:00,8.022,8.52,7.913,8.037,17172562.3,7.09315,6.783816666666667,4.268155,61.62933641745902,0.31959569933283305,0.22258544218797982,0.09701025714485323,8.198430104770118,5.98786989522988,14794155.839999998
2024-05-18 00:00:00+00:00,8.039,8.121,7.81,7.921,7152308.6,7.13685,6.809933333333333,4.3011,59.9181938391525,0.33524925574970776,0.24511820490032543,0.09013105084938233,8.299023184168625,5.9746768158313746,14490368.194999998
2024-05-19 00:00:00+00:00,7.921,7.998,7.666,7.777,7233168.1,7.18245,6.82435,4.33235,57.77373203434904,0.3322057543013939,0.26253571478053916,0.06967003952085471,8.369676595895086,5.995223404104914,14262080.720000003
2024-05-20 00:00:00+00:00,7.776,8.34,7.706,8.291,16668785.7,7.287299999999999,6.85505,4.366185,62.88050934704072,0.3670382730606754,0.2834362264365664,0.08360204662410897,8.477217156780512,6.097382843219486,14298737.305000002
2024-05-21 00:00:00+00:00,8.291,8.333,7.759,7.819,15159657.8,7.371250000000001,6.877183333333334,4.397915,56.16341717354429,0.3524935139910452,0.29724768394746215,0.05524583004358308,8.457985455389494,6.2845145446105075,13909634.26
2024-05-22 00:00:00+00:00,7.819,8.264,7.7,7.986,14404688.6,7.466200000000001,6.9,4.43029,57.87790488719365,0.35040296470297516,0.30787874009856475,0.04252422460441041,8.409945643698872,6.522454356301129,13855569.025
2024-05-23 00:00:00+00:00,7.986,8.179,7.332,7.695,18629607.4,7.507249999999999,6.911566666666667,4.460585,53.920480381779534,0.32155819856898304,0.3106146317926484,0.010943566776334623,8.415129479887387,6.599370520112612,14048414.180000002
2024-05-24 00:00:00+00:00,7.694,8.07,7.586,7.909,9728547.6,7.559500000000002,6.919216666666666,4.492215,56.287547011556335,0.31236576699883045,0.31096485883388486,0.0014009081649455912,8.432913647706853,6.6860863522931515,14037190.439999998
2024-05-25 00:00:00+00:00,7.909,8.257,7.858,8.23,8533867.5,7.596500000000001,6.928666666666667,4.526135,59.63691478424027,0.32721083323875266,0.31421405371485844,0.01299677952389422,8.516458368623592,6.676541631376408,13716221.040000001
2024-05-26 00:00:00+00:00,8.229,8.376,7.783,7.814,8214093.5,7.62165,6.937983333333333,4.557855,53.87558614882442,0.3019274995721535,0.3117567428863175,-0.009829243314164016,8.536501086243318,6.706798913756683,13282765.049999999
2024-05-27 00:00:00+00:00,7.813,7.974,7.689,7.827,10158272.6,7.6571,6.948583333333334,4.589799999999999,54.02505935947007,0.27971488772997866,0.30534837185504976,-0.025633484125071104,8.54570945302229,6.76849054697771,12871990.27
2024-05-28 00:00:00+00:00,7.828,7.99,7.523,7.707,13656301.1,7.702000000000001,6.960800000000001,4.62057,52.338971263236175,0.24955156064303274,0.2941890096126464,-0.044637448969613636,8.500877963146166,6.903122036853834,12990636.145
2024-05-29 00:00:00+00:00,7.708,7.829,7.55,7.586,6785209.4,7.70735,6.9716,4.65051,50.623337474357704,0.21342301023994903,0.27803580973810693,-0.0646127994981579,8.501602422092981,6.91309757790702,12626506.745000001
2024-05-30 00:00:00+00:00,7.585,7.655,7.219,7.285,7937700.0,7.70895,6.97145,4.6784300000000005,46.5367459524322,0.15867359883878684,0.2541633675582429,-0.09548976871945608,8.499655880843545,6.918244119156455,12319252.395
2024-05-31 00:00:00+00:00,7.286,7.439,7.082,7.246,8203670.1,7.7202,6.98,4.70671,46.01839403523152,0.11085940359470037,0.22550257476553442,-0.11464317117083406,8.477114156295524,6.963285843704476,12302709.995000001
2024-06-01 00:00:00+00:00,7.247,7.468,7.174,7.375,3603043.0,7.7446,6.999316666666667,4.735895,48.078482455324796,0.08242538277845313,0.19688713636811817,-0.11446175358966504,8.419526484885992,7.069673515114008,12202333.040000001
2024-06-02 00:00:00+00:00,7.374,7.503,7.12,7.192,5566926.7,7.7396,7.00925,4.763355000000001,45.42981698288443,0.044610404842322815,0.1664317900629591,-0.12182138522063629,8.42918665880407,7.05001334119593,11720047.625
2024-06-03 00:00:00+00:00,7.191,7.385,7.087,7.121,6526876.7,7.744549999999999,7.015816666666667,4.790355,44.40764023558422,0.008811087030912823,0.13490764945654987,-0.12609656242563705,8.41460596035,7.074494039649999,11391495.265
2024-06-04 00:00:00+00:00,7.12,7.472,7.006,7.42,7252843.4,7.712950000000001,7.019116666666666,4.8180950000000005,49.55517354205465,0.004514629064354736,0.10882904537811085,-0.10431441631375611,8.381636914781923,7.044263085218079,10528327.989999998
2024-06-05 00:00:00+00:00,7.423,7.709,7.42,7.658,5946225.0,7.694799999999999,7.029716666666667,4.847535,53.26470846788538,0.020082764514325113,0.09107978920535371,-0.0709970246910286,8.348596176189924,7.041003823810074,9926717.754999999
2024-06-06 00:00:00+00:00,7.659,7.681,7.235,7.33,4900753.4,7.659450000000001,7.036616666666666,4.87426,48.02342626259167,0.005885916054736207,0.07404101457523021,-0.068155098520494,8.311865963937558,7.007034036062445,9313127.309999999
2024-06-07 00:00:00+00:00,7.33,7.455,6.08,6.875,13407678.9,7.60715,7.028566666666666,4.89865,41.8686881338411,-0.041600343177759846,0.0509127430246322,-0.09251308620239204,8.33109482524608,6.883205174753919,9625895.825
2024-06-08 00:00:00+00:00,6.876,6.908,6.478,6.569,5578968.9,7.54675,7.0176,4.922745,38.3124481931041,-0.10274085575959813,0.02018202326778614,-0.12292287902738427,8.394856567596658,6.698643432403341,9543185.865
2024-06-09 00:00:00+00:00,6.568,6.692,6.514,6.588,4405834.1,7.4616,7.0110166666666665,4.946565,38.660830787686706,-0.14795646127802442,-0.013445673641375971,-0.13451078763664845,8.33529408834019,6.587905911659809,8930038.285
2024-06-10 00:00:00+00:00,6.588,6.639,6.338,6.397,7178403.8,7.3905,7.004383333333334,4.9695100000000005,36.433308899867804,-0.19693214695453332,-0.05014296830400745,-0.14678917865052588,8.36222434362869,6.418775656371312,8530975.585
2024-06-11 00:00:00+00:00,6.396,6.408,6.001,6.064,10343818.3,7.2944,7.008983333333333,4.990665,32.87671141602543,-0.25962327223436876,-0.09203902909007972,-0.16758424314428905,8.384493463883084,6.204306536116917,8327932.069999998
2024-06-12 00:00:00+00:00,6.064,6.716,5.869,6.402,11882875.0,7.22975,7.028766666666667,5.01325,39.34864105521772,-0.27881861799794994,-0.12939494687165376,-0.14942367112629618,8.369383603400948,6.090116396599053,7990595.45
2024-06-13 00:00:00+00:00,6.402,6.406,5.85,5.921,8276887.4,7.13035,7.032100000000001,5.033715,34.282816803854075,-0.32905065678140577,-0.16932608885360417,-0.1597245679278016,8.358980339036377,5.901719660963624,7918012.44
2024-06-14 00:00:00+00:00,5.922,6.009,5.41,5.588,12795226.9,6.9982500000000005,7.038216666666667,5.0527500000000005,31.28036507308215,-0.3912204802524162,-0.2137049671333666,-0.1775155131190496,8.291947626959507,5.704552373040494,8131080.410000001
2024-06-15 00:00:00+00:00,5.589,5.7,5.508,5.606,4470912.0,6.88785,7.040099999999999,5.071675,31.628930943944226,-0.4340347809177105,-0.2577709298902354,-0.1762638510274751,8.2587924896766,5.516907510323401,7943921.335000001
2024-06-16 00:00:00+00:00,5.607,5.738,5.495,5.64,3960468.6,6.778500000000001,7.043983333333333,5.090885,32.327178457279246,-0.4599202326535652,-0.2982007904429014,-0.1617194422106638,8.180883328480729,5.376116671519273,7634031.135
2024-06-17 00:00:00+00:00,5.641,5.734,4.98,5.167,14998727.2,6.6515,7.0350166666666665,5.107325,28.03734167779014,-0.5126917947525564,-0.3410989913048324,-0.17159280344772404,8.151208971767758,5.151791028232243,7701152.4399999995
2024-06-18 00:00:00+00:00,5.167,5.191,4.441,4.727,23474910.0,6.50855,7.020700000000001,5.1214949999999995,24.747463081331375,-0.5832941092773769,-0.3895380148993413,-0.1937560943780356,8.161870957951214,4.855229042048785,8535637.469999999
2024-06-19 00:00:00+00:00,4.727,5.109,4.662,4.962,13059637.2,6.3924,6.999766666666667,5.136265000000001,29.505195542982122,-0.6132156479019244,-0.4342735414998579,-0.17894210640206648,8.135183796114923,4.649616203885079,8791734.33
2024-06-20 00:00:00+00:00,4.963,5.499,4.919,5.162,18626793.2,6.2882,6.978366666666667,5.1521799999999995,33.3663677875993,-0.6137158203524749,-0.4701619972703813,-0.14355382308209352,8.063281699528433,4.513118300471566,9312890.485
2024-06-21 00:00:00+00:00,5.162,5.441,5.091,5.406,14409324.1,6.18975,6.951333333333333,5.168465000000001,37.839589779779175,-0.5876493934080056,-0.4936594764979062,-0.09398991691009939,7.930891565180949,4.448608434819051,9853204.54
2024-06-22 00:00:00+00:00,5.407,5.429,5.113,5.184,5684191.6,6.0893500000000005,6.92285,5.1831000000000005,35.504224463086246,-0.5782395216605378,-0.5105754855304325,-0.0676640361301053,7.819280319406183,4.359419680593818,9859067.785
2024-06-23 00:00:00+00:00,5.185,5.45,5.101,5.195,7363991.8,5.993049999999999,6.8951,5.197649999999999,35.71593191884577,-0.5633999979648241,-0.5211403880173109,-0.04225960994751321,7.696774211837347,4.289325788162651,9900923.54
2024-06-24 00:00:00+00:00,5.194,5.6,5.027,5.371,24220154.9,5.8906,6.8657666666666675,5.21317,39.15720176638374,-0.5313131916737106,-0.5231749487485908,-0.008138242925119776,7.4814627093501205,4.29973729064988,10749289.115
2024-06-25 00:00:00+00:00,5.373,5.636,5.311,5.425,9991564.4,5.77895,6.840683333333334,5.228415,40.214690224710765,-0.4958114124806885,-0.5177022414950104,0.021890829014321933,7.157208825475397,4.400691174524603,10951556.085
2024-06-26 00:00:00+00:00,5.425,5.517,5.156,5.177,7449189.2,5.6713,6.807966666666666,5.242194999999999,37.031380045041054,-0.4821298314892246,-0.5105877594938533,0.028457928004628652,6.873198847657669,4.46940115234233,11078977.875
2024-06-27 00:00:00+00:00,5.177,5.372,5.075,5.223,7382073.1,5.5887,6.777566666666667,5.255715,38.011537681828464,-0.46224677137922576,-0.5009195618709278,0.038672790491702025,6.669295039781715,4.508104960218286,10777697.584999999
2024-06-28 00:00:00+00:00,5.223,5.246,4.858,4.962,7994176.4,5.50835,6.74585,5.269325,34.71015641545422,-0.4622216186277539,-0.493179973222293,0.030958354594539106,6.522358929941378,4.494341070058622,10898457.959999999
2024-06-29 00:00:00+00:00,4.962,5.05,4.922,4.964,2936292.9,5.427149999999999,6.72535,5.2826200000000005,34.75691796396221,-0.4567748850631794,-0.4858989555904703,0.02912407052729088,6.33708126663549,4.517218733364508,10824980.9
2024-06-30 00:00:00+00:00,4.965,5.367,4.876,5.304,5969503.3,5.3725,6.711416666666667,5.2975,42.32005082986833,-0.42017958229819197,-0.4727550809320147,0.052575498633822715,6.166817191052085,4.578182808947914,10764535.875
2024-07-01 00:00:00+00:00,5.304,5.399,5.209,5.267,5227641.1,5.33265,6.69775,5.312225,41.75281904957176,-0.38967124443618406,-0.45613831363284857,0.06646706919666451,6.061470492303064,4.603829507696936,10508727.015
2024-07-02 00:00:00+00:00,5.267,5.599,5.236,5.522,7736809.1,5.28865,6.675216666666667,5.328879999999999,47.02299281015977,-0.3409861222430308,-0.43310787535488504,0.09212175311185422,5.838108014775366,4.739191985224633,10301423.72
2024-07-03 00:00:00+00:00,5.522,5.583,4.991,5.034,8395679.9,5.244300000000001,6.644716666666667,5.3421,39.632608751475644,-0.3378854011829491,-0.41406338052049785,0.07617797933754877,5.720779212559051,4.767820787440951,10307363.345
2024-07-04 00:00:00+00:00,5.034,5.094,4.606,4.623,12975813.8,5.19605,6.596933333333334,5.353885,34.68789285544371,-0.3643918402249584,-0.40412907246139,0.03973723223643161,5.716911776290886,4.675188223709113,10316392.69
2024-07-05 00:00:00+00:00,4.622,4.629,4.0,4.425,26683298.8,5.1370000000000005,6.5488333333333335,5.36456,32.579091349928106,-0.3968012515516044,-0.4026635082794329,0.00586225672782853,5.722355618407226,4.551644381592775,11427012.03
2024-07-06 00:00:00+00:00,4.425,4.852,4.37,4.811,6760934.0,5.09555,6.510383333333334,5.37646,40.21026303708818,-0.3868792661060807,-0.3995066598447625,0.012627393738681825,5.649104143694102,4.541995856305898,11567035.3
2024-07-07 00:00:00+00:00,4.81,4.83,4.379,4.401,7016883.0,5.05725,6.470249999999999,5.38424,35.60091953678153,-0.4074033029666415,-0.40108598846913834,-0.006317314497503168,5.686546074992459,4.42795392500754,11167943.09
2024-07-08 00:00:00+00:00,4.401,4.787,4.165,4.467,14620554.6,5.04425,6.420050000000001,5.388885,36.855737755747214,-0.41357565887771663,-0.40358392255085407,-0.009991736326862566,5.709985345314425,4.378514654685575,10725225.32
2024-07-09 00:00:00+00:00,4.467,4.606,4.372,4.533,10959115.5,5.022799999999999,6.374716666666667,5.39475,38.15351704843403,-0.4084334800743967,-0.40455383405556267,-0.00387964601883406,5.724430558058098,4.3211694419419,10620199.235
2024-07-10 00:00:00+00:00,4.534,4.748,4.46,4.625,7779685.0,4.99595,6.334783333333333,5.398365,40.004548706397195,-0.3924111635752219,-0.40212529995949453,0.009714136384272654,5.715099073559108,4.276800926440892,10077843.825
2024-07-11 00:00:00+00:00,4.626,5.06,4.544,4.93,11064506.2,4.97215,6.3021666666666665,5.404025000000001,45.796475465958125,-0.35105566018042467,-0.3919113720036806,0.040855711823255925,5.666521161556214,4.277778838443786,9910602.930000002
2024-07-12 00:00:00+00:00,4.93,5.188,4.745,5.186,10047881.0,4.97225,6.267066666666667,5.408705,50.14680856824313,-0.2942323380314473,-0.372375565209234,0.07814322717778666,5.666743736473501,4.2777562635264985,10128787.4
2024-07-13 00:00:00+00:00,5.186,5.334,5.101,5.202,4420298.0,4.972600000000001,6.2367333333333335,5.41321,50.41467166099023,-0.2450832128374456,-0.3469170947348763,0.1018338818974307,5.667549321893997,4.277650678106005,9981602.71
2024-07-14 00:00:00+00:00,5.202,5.491,5.195,5.401,6605269.1,4.9741,6.192550000000001,5.4198,53.74363628199319,-0.18790844850781507,-0.31511536548946406,0.127206916981649,5.672602942013078,4.275597057986922,9100858.42
2024-07-15 00:00:00+00:00,5.399,5.999,5.362,5.915,10822925.0,4.9986,6.15745,5.430595,61.022515596088674,-0.09996914940616364,-0.272086122272804,0.17211697286664035,5.78720748157808,4.209992518421919,9142426.45
2024-07-16 00:00:00+00:00,5.917,6.275,5.862,6.246,17150216.0,5.0520499999999995,6.1276,5.443725,64.8575926658227,-0.003527030173745338,-0.21837430385299225,0.21484727367924691,6.008768448657135,4.095331551342864,9627477.790000001
2024-07-17 00:00:00+00:00,6.246,6.489,6.007,6.068,11258431.9,5.0943,6.096716666666667,5.455685000000001,61.361119070670604,0.057873798628561346,-0.16312468335668157,0.2209984819852429,6.147274852501669,4.0413251474983305,9821295.73
2024-07-18 00:00:00+00:00,6.068,6.237,5.869,6.04,7153372.9,5.1482,6.0677666666666665,5.4676350000000005,60.805806894299664,0.10308671237819222,-0.10988240420970681,0.21296911658789902,6.276253296613641,4.020146703386359,9779255.555
2024-07-19 00:00:00+00:00,6.042,6.445,5.86,6.435,10112955.2,5.22175,6.036833333333333,5.480840000000001,65.54323060111477,0.16884512956233966,-0.05413689745529752,0.22298202701763717,6.476839937016823,3.9666600629831765,10138088.67
2024-07-20 00:00:00+00:00,6.435,6.444,6.236,6.287,4527564.1,5.2709,6.0113,5.492660000000001,62.495219115414336,0.20663482815889544,-0.00198255233245892,0.20861738049135437,6.60925210613683,3.9325478938631706,10065991.709999999
2024-07-21 00:00:00+00:00,6.288,6.38,5.915,6.34,7534364.5,5.32455,5.983866666666667,5.505504999999999,63.15599535992601,0.2381152492455536,0.04603700798314359,0.19207824126241002,6.741682664926217,3.9074173350737835,10181327.879999999
2024-07-22 00:00:00+00:00,6.34,6.46,5.99,6.034,7102785.3,5.35015,5.956183333333333,5.516125000000001,56.92055467175974,0.23565557631634793,0.08396072164978446,0.15169485466656346,6.798773522520906,3.901526477479094,10149626.690000001
2024-07-23 00:00:00+00:00,6.034,6.092,5.691,5.763,6958690.2,5.3866,5.920416666666667,5.5271799999999995,52.021956688833775,0.20942471488957626,0.10905352029774283,0.10037119459183343,6.838252355077094,3.9349476449229055,10077777.205
2024-07-24 00:00:00+00:00,5.762,6.003,5.543,5.62,6988865.5,5.43645,5.876916666666667,5.537885,49.59643817422698,0.17507945633709632,0.12225870750561355,0.05282074883148277,6.847702135516848,4.025197864483151,9778429.790000001
2024-07-25 00:00:00+00:00,5.62,5.731,5.133,5.415,12486535.1,5.48595,5.8369333333333335,5.548885,46.26613594949837,0.12982229415111313,0.12377142483471347,0.006050869316399657,6.819110676738126,4.1527893232618736,9068591.605
2024-07-26 00:00:00+00:00,5.414,5.82,5.392,5.717,6635365.7,5.53125,5.8017666666666665,5.56039,51.4392958239064,0.11697611529712493,0.12241236292719576,-0.005436247630070834,6.830740034590821,4.231759965409179,9062313.190000001
2024-07-27 00:00:00+00:00,5.717,5.939,5.524,5.679,6841074.4,5.59515,5.767966666666666,5.572675,50.77687325664264,0.10254704508049972,0.11843929935785656,-0.01589225427735684,6.787297016940799,4.403002983059202,9053522.76
2024-07-28 00:00:00+00:00,5.678,5.679,5.395,5.445,3982303.3,5.64405,5.732283333333333,5.581885,46.781721776361266,0.07140692402667081,0.10903282429161942,-0.03762590026494861,6.721832069808567,4.566267930191433,8521610.195
2024-07-29 00:00:00+00:00,5.445,5.713,5.261,5.272,8618145.0,5.681,5.698733333333333,5.590184999999999,44.02387285676994,0.03239506936596026,0.09370527330648759,-0.06131020394052733,6.648962189344622,4.713037810655378,8404561.67
2024-07-30 00:00:00+00:00,5.272,5.373,5.067,5.151,4876199.0,5.7073,5.6638166666666665,5.59865,42.15216482671114,-0.008191370261274145,0.07332594459293525,-0.08151731485420939,6.583277648117137,4.831322351882863,8259387.37
2024-07-31 00:00:00+00:00,5.15,5.297,4.968,4.99,5816656.5,5.7103,5.624066666666667,5.60658,39.7316295065795,-0.052739818741173394,0.04811279192611352,-0.10085261066728692,6.575959078391043,4.844640921608957,7996994.885
2024-08-01 00:00:00+00:00,4.991,5.133,4.635,4.981,10617886.9,5.70005,5.5872166666666665,5.61495,39.59475250284882,-0.08775937445914295,0.020938358649062228,-0.10869773310820517,6.594668907692449,4.805431092307551,8025495.18
2024-08-02 00:00:00+00:00,4.98,5.049,4.572,4.604,10237953.7,5.67015,5.545266666666666,5.62144,34.26902029011771,-0.14427031555488412,-0.01210337619172704,-0.13216693936315707,6.66384075169332,4.67645924830668,8316377.964999999
2024-08-03 00:00:00+00:00,4.604,4.727,4.236,4.365,9663916.4,5.6183499999999995,5.49435,5.627065,31.3867830055069,-0.20596669031018067,-0.05087603901541777,-0.1550906512947629,6.759789139858468,4.476910860141531,8469310.33
2024-08-04 00:00:00+00:00,4.366,4.45,3.994,4.133,11954895.6,5.52925,5.4356,5.63119,28.850186254552355,-0.2704642296163522,-0.09479367713560466,-0.17567055248074753,6.831087451451161,4.227412548548839,8525908.86
2024-08-05 00:00:00+00:00,4.134,4.189,3.076,3.525,59167551.5,5.393199999999999,5.372183333333334,5.633399999999999,23.491928762033822,-0.3664157008150175,-0.14911808187148723,-0.21729761894353028,6.916814071870193,3.8695859281298057,10626775.635
2024-08-06 00:00:00+00:00,3.525,3.809,3.494,3.678,17862736.1,5.2737,5.3189,5.63674,27.158228700935638,-0.4252105491807514,-0.2043365753333401,-0.2208739738474113,6.935503249485596,3.6118967505144033,10956990.844999999
2024-08-07 00:00:00+00:00,3.678,3.88,3.505,3.57,13239132.6,5.1502,5.268916666666667,5.639755,26.203675881024083,-0.47504456941965145,-0.25847817415060237,-0.21656639526904908,6.9288670964519765,3.3715329035480233,11261278.83
2024-08-08 00:00:00+00:00,3.571,4.087,3.47,4.064,12491361.4,5.031650000000001,5.22685,5.645465000000001,37.09480514301262,-0.46926729673594547,-0.300635998667671,-0.16863129806827448,6.7675256032622055,3.295774396737796,11380199.139999999
2024-08-09 00:00:00+00:00,4.065,4.171,3.913,4.056,9216589.1,4.9201,5.187833333333333,5.6525,36.99957320581829,-0.460031344670524,-0.3325150678682416,-0.1275162768022824,6.604940752119006,3.2352592478809936,11614650.389999999
2024-08-10 00:00:00+00:00,4.057,4.258,3.96,4.161,6118137.0,4.81115,5.156116666666667,5.660055,39.20563094814137,-0.4391766090674665,-0.3538473761080866,-0.08532923295937989,6.393310330055381,3.2289896699446183,11543839.014999999
2024-08-11 00:00:00+00:00,4.161,4.222,3.833,3.868,7516938.1,4.70285,5.113883333333333,5.665995000000001,35.47285026164971,-0.44120578648310627,-0.3713190581830905,-0.06988672830001574,6.230969664817179,3.1747303351828204,11564546.655
2024-08-12 00:00:00+00:00,3.867,4.134,3.83,4.111,9357880.4,4.62025,5.083716666666666,5.67307,40.52999451691715,-0.41838299629327214,-0.38073184580512687,-0.03765115048814527,6.087605563590836,3.1528944364091647,11684506.165
2024-08-13 00:00:00+00:00,4.112,4.413,3.936,4.304,8288436.4,4.55445,5.062316666666667,5.6800049999999995,44.26609099811521,-0.3803379840785217,-0.38065307345980587,0.00031508938128416153,5.952990878916662,3.1559091210833383,11749484.709999999
2024-08-14 00:00:00+00:00,4.305,4.331,4.106,4.17,7052113.9,4.4921999999999995,5.038383333333333,5.686295,42.28005192222402,-0.3568857610147882,-0.3758996109708024,0.019013849956014184,5.841965698186539,3.14243430181346,11477763.65
2024-08-15 00:00:00+00:00,4.17,4.249,3.934,4.027,7568104.1,4.4077,5.0115,5.69203,40.206890920071636,-0.34585184538349,-0.3698900578533399,0.024038212469849884,5.6472812357409286,3.168118764259072,11524400.569999998
2024-08-16 00:00:00+00:00,4.027,4.073,3.824,3.968,5996873.6,4.32215,4.991516666666667,5.69683,39.349580150664224,-0.33797226082468335,-0.36350649844760863,0.025534237622925282,5.4279134964136855,3.216386503586314,11482190.53
2024-08-17 00:00:00+00:00,3.968,4.023,3.927,3.992,2658656.4,4.2495,4.979266666666666,5.701735,39.91085774475168,-0.3260327314885858,-0.3560117450558041,0.02997901356721827,5.23501620991287,3.26398379008713,11416008.184999999
2024-08-18 00:00:00+00:00,3.992,4.066,3.893,3.9,3807083.5,4.180899999999999,4.961566666666666,5.70712,38.44222346127953,-0.3203019580031681,-0.3488697876452769,0.0285678296421088,5.057111823705339,3.3046881762946594,11175455.11
2024-08-19 00:00:00+00:00,3.901,4.007,3.833,4.002,5111782.3,4.12345,4.942233333333333,5.712855000000001,41.03299260539215,-0.3040251188564369,-0.3399008538875089,0.035875735031072,4.880237546145578,3.366662453854422,11187234.275
2024-08-20 00:00:00+00:00,4.002,4.15,3.946,4.001,6062190.4,4.074,4.918816666666667,5.7183600000000006,41.01476747867388,-0.28788770791405405,-0.3294982246928179,0.04161051677876387,4.718797022326447,3.4292029776735533,11199510.97
2024-08-21 00:00:00+00:00,4.0,4.302,3.959,4.247,9242388.4,4.0373,4.903199999999999,5.72552,47.22471259935856,-0.25233973400860776,-0.3140665265559759,0.061726792547368126,4.53912829732993,3.53547170267007,11130736.044999998
2024-08-22 00:00:00+00:00,4.247,4.391,4.166,4.304,7101798.7,4.0222999999999995,4.88835,5.73327,48.575657529244005,-0.21706608227062407,-0.29466643769890555,0.07760035542828148,4.470549528723744,3.574050471276255,10973928.295
2024-08-23 00:00:00+00:00,4.305,4.851,4.304,4.838,13126575.1,4.0459499999999995,4.8794666666666675,5.743705,59.13060994346622,-0.1443580521936214,-0.2646047605978487,0.1202467084042273,4.601175170539895,3.4907248294601043,11147061.23
2024-08-24 00:00:00+00:00,4.838,5.256,4.738,5.041,9182015.0,4.09135,4.873066666666667,5.75523,62.29860447043236,-0.0695542331624246,-0.2255946551107639,0.1560404219483393,4.796005738641963,3.3866942613580377,11008417.2
2024-08-25 00:00:00+00:00,5.042,5.077,4.78,4.919,8108287.4,4.16105,4.868766666666667,5.765475,59.322460747713095,-0.019886805338410696,-0.18445308515629327,0.16456627981788258,4.902641390188047,3.4194586098119535,8455453.995000001
2024-08-26 00:00:00+00:00,4.92,5.005,4.704,4.782,8353644.3,4.21625,4.861416666666667,5.774775000000001,56.08243921817749,0.008324276920728124,-0.145897612740889,0.15422188966161712,4.970052328200857,3.4624476717991426,7979999.404999999
2024-08-27 00:00:00+00:00,4.782,5.014,4.431,4.528,13722042.6,4.26415,4.854183333333334,5.78244,50.56798861516961,0.010070004879645822,-0.11470408921678205,0.12477409409642787,4.967676907801703,3.560623092198297,8004144.905000001
2024-08-28 00:00:00+00:00,4.526,4.604,4.217,4.345,15730320.1,4.2782,4.843866666666667,5.78895,46.983533943332745,-0.0032753080286624936,-0.09241833297915815,0.08914302495049566,4.976380377840156,3.5800196221598437,8166092.840000001
2024-08-29 00:00:00+00:00,4.345,4.544,4.122,4.211,9515024.9,4.28595,4.8256499999999996,5.79438,44.49633759303947,-0.02438317075706742,-0.07881130053474,0.054428129777672585,4.97750201539799,3.594397984602009,8181014.630000001
2024-08-30 00:00:00+00:00,4.211,4.308,3.937,4.113,10049866.4,4.28355,4.806416666666666,5.798039999999999,42.715375872814676,-0.04846046297154949,-0.07274113302210192,0.024280670050552428,4.977150021627034,3.5899499783729656,8377601.1
2024-08-31 00:00:00+00:00,4.113,4.164,3.975,4.032,5389196.2,4.2917499999999995,4.781583333333333,5.80213,41.24592525648135,-0.0732337208265248,-0.0728396505829865,-0.000394070243538297,4.969194573379269,3.6143054266207293,8271214.005
2024-09-01 00:00:00+00:00,4.032,4.075,3.81,3.849,7207255.2,4.27865,4.761833333333334,5.804705,38.06030650746421,-0.10640668671487852,-0.0795530578093649,-0.026853628905513613,4.979304058720152,3.577995941279847,8163682.745
2024-09-02 00:00:00+00:00,3.848,4.031,3.836,3.99,8999096.4,4.262950000000001,4.751283333333333,5.807660000000001,41.79072572170155,-0.11993642709219365,-0.08762973166593066,-0.032306695426262994,4.974613818105872,3.5512861818941306,8199215.745
2024-09-03 00:00:00+00:00,3.989,4.076,3.709,3.725,9057003.3,4.2407,4.739616666666667,5.80989,37.24999031120249,-0.15030945528419615,-0.10016567638958376,-0.050143778894612384,4.989455794636028,3.491944205363973,8299460.215000001
2024-09-04 00:00:00+00:00,3.726,3.942,3.551,3.888,9580107.5,4.233750000000001,4.724233333333333,5.812675,41.463096834352896,-0.15939021007526133,-0.11201058312671927,-0.04737962694854206,4.992820451276448,3.474679548723553,8400060.385000002
2024-09-05 00:00:00+00:00,3.888,3.927,3.696,3.712,7148531.4,4.22095,4.712750000000001,5.81363,38.460395510403316,-0.17872823493919832,-0.1253541134892151,-0.053374121449983214,5.005712760330173,3.436187239669828,8457643.275
2024-09-06 00:00:00+00:00,3.712,3.813,3.423,3.55,12155714.1,4.19885,4.697466666666666,5.813735,35.88441097482779,-0.20476539704126573,-0.14123637019962523,-0.0635290268416405,5.031586518954846,3.3661134810451543,8932496.16
2024-09-07 00:00:00+00:00,3.551,3.755,3.544,3.667,5911989.6,4.1872,4.683033333333333,5.815095,39.05904934340716,-0.2134980408871452,-0.15568870433712922,-0.057809336550015966,5.042546619798685,3.3318533802013146,9037741.465
2024-09-08 00:00:00+00:00,3.667,3.819,3.643,3.756,6985906.5,4.174899999999999,4.66855,5.817670000000001,41.434580396174255,-0.2108071146594197,-0.16671238640158734,-0.044094728257832366,5.047447740814815,3.3023522591851835,9131447.675
2024-09-09 00:00:00+00:00,3.756,4.106,3.751,4.014,10088162.5,4.17555,4.653283333333333,5.82149,47.788373805342275,-0.18571528226266132,-0.17051296557380213,-0.015202316688859185,5.047597814056683,3.303502185943318,9332746.28
2024-09-10 00:00:00+00:00,4.015,4.083,3.937,4.033,6183639.3,4.16485,4.634066666666667,5.824835,48.233780620071194,-0.1624243562280192,-0.16889524370464556,0.006470887476626358,5.038378768845675,3.291321231154326,9179808.825
2024-09-11 00:00:00+00:00,4.033,4.054,3.816,3.968,9988582.0,4.14805,4.6135,5.825354999999999,46.76402227353205,-0.14751067507577265,-0.164618329978871,0.017107654903098346,5.023150559936424,3.272949440063576,9324147.99
2024-09-12 00:00:00+00:00,3.968,4.302,3.966,4.248,12006482.4,4.11855,4.594283333333333,5.828075,53.357383827159175,-0.11180895138012925,-0.15405645425912265,0.0422475028789934,4.936542536641409,3.300557463358591,9268143.355
2024-09-13 00:00:00+00:00,4.248,4.366,4.116,4.287,9189736.4,4.08085,4.56715,5.829025000000001,54.20809401955044,-0.07945222824103393,-0.13913560905550493,0.059683380814471,4.787191921452388,3.374508078547611,9268529.425
2024-09-14 00:00:00+00:00,4.288,4.306,4.154,4.193,4639385.9,4.04455,4.532933333333333,5.830285,51.75777698558338,-0.0606946562290247,-0.12344741849020889,0.06275276226118419,4.640926215153705,3.448173784846295,9095084.35
2024-09-15 00:00:00+00:00,4.193,4.263,3.999,4.016,6709316.8,4.00625,4.498733333333333,5.8308800000000005,47.41191678921908,-0.05942653392640729,-0.11064324157744858,0.05121670765104129,4.4973645996618945,3.5151354003381043,9012867.975000001
2024-09-16 00:00:00+00:00,4.017,4.032,3.849,3.879,7546179.2,3.9737999999999998,4.462716666666667,5.830889999999999,44.31064257315389,-0.06868454028274495,-0.10225150131850787,0.03356696103576291,4.404816751415845,3.542783248584154,8704074.805
2024-09-17 00:00:00+00:00,3.88,4.305,3.832,4.134,11660498.3,3.96325,4.424366666666668,5.831775,50.76602338011653,-0.054813353920527774,-0.09276387183891185,0.03795051791838408,4.366865101304535,3.5596348986954647,8500583.715
2024-09-18 00:00:00+00:00,4.134,4.257,3.935,4.253,12050902.7,3.96535,4.390466666666667,5.83062,53.476310332339196,-0.033828084218842314,-0.08097671431489795,0.04714863009605563,4.374498518268208,3.556201481731792,8627377.605
2024-09-19 00:00:00+00:00,4.253,4.585,4.253,4.363,18642626.1,3.97785,4.357516666666667,5.830275,55.893355602406395,-0.008226199589671523,-0.06642661136985266,0.058200411780181135,4.418352565260485,3.537347434739515,9057015.59
2024-09-20 00:00:00+00:00,4.364,4.511,4.256,4.386,14666623.0,3.99555,4.33005,5.830505,56.40337110527126,0.013760760727651977,-0.050389136950351736,0.06414989767800372,4.470439660869833,3.520660339130167,9520886.93
2024-09-21 00:00:00+00:00,4.386,4.692,4.286,4.666,9815495.1,4.0364,4.311766666666667,5.83261,62.14250218412548,0.05316637623863052,-0.02967803431255529,0.08284441055118581,4.588170387028028,3.484629612971973,9651298.925
2024-09-22 00:00:00+00:00,4.666,4.686,4.382,4.524,11244659.5,4.0631,4.2935,5.825755,57.97434505338108,0.07210620176730487,-0.00932118709658326,0.08142738886388813,4.653624478748388,3.4725755212516125,9763577.08
2024-09-23 00:00:00+00:00,4.525,5.277,4.398,5.177,27906349.7,4.1357,4.289533333333334,5.824035,68.45331501944682,0.13821454140638245,0.020185958604009884,0.11802858280237256,4.879291581448475,3.392108418551525,10706044.4
2024-09-24 00:00:00+00:00,5.177,5.399,5.055,5.346,15683352.9,4.2086,4.28335,5.822039999999999,70.50323408021086,0.20191521159191161,0.05653180920159023,0.14538340239032138,5.109912909039382,3.307287090960618,11011206.67
2024-09-25 00:00:00+00:00,5.346,5.46,5.108,5.144,10455830.7,4.2802,4.2744333333333335,5.816795,65.06127926869917,0.23340815590716257,0.0919070785427047,0.14150107736445788,5.238078405645008,3.3223215943549915,11176571.635
2024-09-26 00:00:00+00:00,5.144,5.871,5.117,5.547,21618348.1,4.380050000000001,4.276133333333334,5.814795,70.03124067338646,0.28757034127202097,0.13103973108856798,0.156530610183453,5.425023200613781,3.3350767993862203,11649703.334999999
2024-09-27 00:00:00+00:00,5.548,5.755,5.36,5.457,15082575.5,4.46955,4.279216666666667,5.8086850000000005,67.71464227418923,0.31954845981973623,0.16874147683480162,0.1508069829849346,5.560514797782676,3.378585202217324,12108232.629999999
2024-09-28 00:00:00+00:00,5.457,5.578,5.333,5.561,7851563.8,4.559800000000001,4.28605,5.7961,68.99114056351847,0.3492572597096011,0.20484463340976153,0.14441262629983956,5.6973613565874075,3.4222386434125944,12151515.495000001
2024-09-29 00:00:00+00:00,5.562,5.628,5.352,5.504,8040873.7,4.6343,4.294616666666667,5.784815,67.41782594630544,0.36400623672063936,0.23667695407193712,0.12732928264870225,5.813523490268477,3.455076509731522,12049151.055
2024-09-30 00:00:00+00:00,5.504,5.516,5.22,5.288,12703934.8,4.697049999999999,4.299733333333333,5.76695,61.677789715970206,0.3541827145871723,0.26017810617498416,0.09400460841218816,5.875171466573358,3.5189285334266405,12375165.830000002
2024-10-01 00:00:00+00:00,5.287,5.565,4.594,4.839,21076537.6,4.740600000000001,4.30365,5.75371,51.804065224806706,0.30663228881779325,0.269468942703546,0.037163346114247264,5.871135696031292,3.6100643039687097,12929563.610000001
2024-10-02 00:00:00+00:00,4.839,5.005,4.522,4.626,14261015.6,4.7595,4.307999999999999,5.743205000000001,47.887608787315386,0.24889184368431572,0.26535352289969993,-0.016461679215384217,5.868904254544281,3.650095745455719,13042290.27
2024-10-03 00:00:00+00:00,4.626,4.771,4.418,4.641,11191187.2,4.7772,4.316466666666667,5.7251900000000004,48.18469592455423,0.2020138101047051,0.252685580340701,-0.050671770235995894,5.867008166605917,3.6873918333940825,13142362.81
2024-10-04 00:00:00+00:00,4.642,4.862,4.591,4.831,10144358.1,4.8091,4.338233333333333,5.714215,51.92342019096243,0.17814054949270464,0.23777657417110173,-0.0596360246783971,5.865476997099495,3.752723002900505,13417611.42
2024-10-05 00:00:00+00:00,4.83,4.869,4.634,4.777,7439096.1,4.847150000000001,4.35655,5.70633,50.80148786878633,0.15309864389079308,0.22084098811504,-0.06774234422424691,5.83939276767379,3.8549072323262124,13454100.385
2024-10-06 00:00:00+00:00,4.778,4.968,4.716,4.95,5151207.3,4.9007,4.37955,5.69652,54.214723248265855,0.1455347731896861,0.20577974512996922,-0.06024497194028311,5.78824044414941,4.0131595558505895,13334351.790000001
2024-10-07 00:00:00+00:00,4.95,5.327,4.917,5.046,15311582.6,4.9463,4.3959166666666665,5.689505,56.03739112618715,0.1456082673903607,0.1937454495820475,-0.048137182191686806,5.762429426010927,4.130170573989073,13516906.004999999
2024-10-08 00:00:00+00:00,5.046,5.161,4.855,4.894,9675865.2,4.978350000000001,4.409883333333334,5.681519999999999,52.47538725849601,0.13188113871692497,0.181372587409023,-0.04949144869209804,5.7309272452053825,4.225772754794619,13398154.129999999
2024-10-09 00:00:00+00:00,4.893,4.987,4.552,4.609,9417638.1,4.9906500000000005,4.41735,5.67148,46.50622331820095,0.09688830412985183,0.16447573075318878,-0.06758742662333694,5.709899685436789,4.271400314563212,12936904.73
2024-10-10 00:00:00+00:00,4.609,4.684,4.423,4.594,7949110.7,5.00105,4.42945,5.659445,46.208296979381295,0.0671715442211207,0.14501489344677518,-0.07784334922565447,5.6904217357136995,4.311678264286301,12601029.115
2024-10-11 00:00:00+00:00,4.595,4.808,4.545,4.737,9795820.0,5.0046,4.439883333333333,5.64588,49.527846300238416,0.054531102193243086,0.12691813519606876,-0.07238703300282567,5.68773670667072,4.32146329332928,12600045.360000001
2024-10-12 00:00:00+00:00,4.737,4.922,4.677,4.846,8456267.1,5.0207,4.448916666666666,5.631794999999999,51.96133804713723,0.0527013416050961,0.11207477647787423,-0.05937343487277813,5.672217029709059,4.36918297029094,12460625.74
2024-10-13 00:00:00+00:00,4.846,4.875,4.561,4.704,8045364.5,4.99705,4.457816666666668,5.61904,48.669194744177545,0.039339548077571784,0.09752773079781374,-0.058188182720241954,5.65842053910869,4.33567946089131,11467576.48
2024-10-14 00:00:00+00:00,4.704,5.079,4.626,5.026,13263598.6,4.98105,4.474466666666666,5.608215,55.54702491731918,0.05410920217335757,0.08884402507292252,-0.03473482289956495,5.623079119278029,4.339020880721971,11346588.764999999
2024-10-15 00:00:00+00:00,5.026,5.282,4.865,5.065,20120073.0,4.9771,4.49275,5.598670000000001,56.31058465900454,0.06817535051423285,0.08471029016118459,-0.01653493964695174,5.6160350201710045,4.338164979828996,11829800.879999999
2024-10-16 00:00:00+00:00,5.065,5.081,4.885,4.945,10887686.2,4.947,4.508633333333334,5.588705,53.278142091084966,0.06884626046205078,0.08153748422135783,-0.01269122375930705,5.529977529584912,4.3640224704150885,11293267.785
2024-10-17 00:00:00+00:00,4.946,5.037,4.651,4.769,9548768.2,4.9126,4.523116666666668,5.576080000000001,49.101622737862726,0.054547443350374536,0.07613947604716118,-0.02159203269678664,5.450602007432066,4.374597992567935,11016577.42
2024-10-18 00:00:00+00:00,4.769,4.945,4.729,4.894,7755289.6,4.87925,4.537983333333333,5.566885,51.98076229501885,0.05269455309649285,0.0714504914570275,-0.018755938360534657,5.327560104727673,4.430939895272327,11011763.709999999
2024-10-19 00:00:00+00:00,4.896,4.944,4.759,4.818,4603652.9,4.84495,4.5516,5.559895,50.124261952733576,0.04457967266286467,0.06607632769819494,-0.02149665503533027,5.189861278448447,4.500038721551553,10839902.67
2024-10-20 00:00:00+00:00,4.817,5.017,4.711,4.979,6928687.5,4.8295,4.5638000000000005,5.551810000000001,53.881946552712165,0.05055713474292389,0.06297248910714073,-0.01241535436421684,5.116456791174116,4.542543208825885,10551140.305
2024-10-21 00:00:00+00:00,4.98,5.06,4.753,4.782,7660342.6,4.82665,4.571766666666666,5.542084999999999,49.015729322215265,0.0389490821305154,0.05816780771181567,-0.01921872558130027,5.114304149980398,4.538995850019602,9880330.555
2024-10-22 00:00:00+00:00,4.782,4.844,4.621,4.682,8983774.1,4.82945,4.569166666666666,5.5293849999999996,46.70965483721637,0.021433381854349065,0.05082092254032235,-0.029387540685973282,5.110245637432181,4.548654362567818,9616468.48
2024-10-23 00:00:00+00:00,4.682,4.692,4.447,4.652,6722652.7,4.83,4.562683333333333,5.5175350000000005,46.01029796709071,0.005072837400322605,0.041671305512322405,-0.0365984681119998,5.109356403185867,4.550643596814133,9393041.754999999
2024-10-24 00:00:00+00:00,4.652,4.78,4.541,4.719,5902466.4,4.8244,4.559349999999999,5.506550000000001,47.88692145799583,-0.002458333751980568,0.032845377659461814,-0.03530371141144238,5.107911128531042,4.540888871468957,9180947.17
2024-10-25 00:00:00+00:00,4.719,4.739,3.97,4.172,15306071.3,4.79415,4.549183333333334,5.49062,36.6778963173642,-0.051966136406895735,0.015883074846190306,-0.06784921125308604,5.195888857967399,4.392411142032601,9574295.93
2024-10-26 00:00:00+00:00,4.172,4.276,4.099,4.237,9209428.4,4.7585,4.5443333333333324,5.47567,38.519511753864506,-0.08497690901223542,-0.00428892192549484,-0.08068798708674059,5.220599339970266,4.296400660029733,9777206.985
2024-10-27 00:00:00+00:00,4.237,4.382,4.188,4.308,3958252.6,4.7216000000000005,4.5437166666666675,5.462295,40.55327874318757,-0.10420783445502657,-0.024272704431401188,-0.07993513002362539,5.203417558834214,4.2397824411657865,9209540.485
2024-10-28 00:00:00+00:00,4.308,4.359,4.072,4.297,8012576.4,4.69175,4.5451500000000005,5.4498050000000005,40.330682170193185,-0.11896473804177088,-0.04321111115347513,-0.07575362688829575,5.2003724041476795,4.18312759585232,9126376.045
2024-10-29 00:00:00+00:00,4.298,4.519,4.287,4.438,9853036.6,4.6832,4.550566666666667,5.443055,44.53344430023223,-0.11792282788276154,-0.058153454499332416,-0.05976937338342912,5.2027311732716015,4.163668826728399,9148145.97
2024-10-30 00:00:00+00:00,4.438,4.44,4.266,4.31,8690766.6,4.6690000000000005,4.5552,5.438530000000001,41.66447938435578,-0.12597349282504489,-0.07171746216447492,-0.05425603066056997,5.212479898433208,4.125520101566793,9185228.764999999
2024-10-31 00:00:00+00:00,4.31,4.332,4.019,4.054,9182088.3,4.63485,4.5586166666666665,5.430195000000001,36.58769539020209,-0.15126705091002446,-0.08762737991358482,-0.06363967099643963,5.239354516112969,4.030345483887031,9154542.18
2024-11-01 00:00:00+00:00,4.054,4.162,3.86,3.93,10892960.1,4.589049999999999,4.557616666666667,5.4237400000000004,34.401132991699725,-0.17925183800327016,-0.1059522715315219,-0.07329956647174826,5.257990199121701,3.920109800878298,9276376.83
2024-11-02 00:00:00+00:00,3.93,3.989,3.768,3.809,5644166.6,4.5443,4.5590166666666665,5.4153199999999995,32.3683291580018,-0.20878690666033428,-0.12651919855728438,-0.0822677081030499,5.291644391830826,3.7969556081691733,9156316.934999999
2024-11-03 00:00:00+00:00,3.81,3.839,3.554,3.688,10892724.8,4.4774,4.555683333333333,5.406725,30.431753847588922,-0.23920000140122077,-0.14905535912607165,-0.09014464227514912,5.2779399178061,3.6768600821938997,9037773.245000001
2024-11-04 00:00:00+00:00,3.688,3.758,3.506,3.619,9450378.2,4.4051,4.554133333333334,5.396295,29.353257168533943,-0.2658062721936396,-0.17240554173958525,-0.09340073045405436,5.240725729618834,3.569474270381166,8504288.504999999
2024-11-05 00:00:00+00:00,3.62,3.938,3.61,3.81,7911670.7,4.34835,4.558466666666666,5.387415000000001,36.103759557628436,-0.26838604250458076,-0.19160164189258436,-0.0767844006119964,5.183765172235349,3.5129348277646515,8355487.7299999995
2024-11-06 00:00:00+00:00,3.81,4.29,3.808,4.233,18677712.1,4.32155,4.5679,5.37749,47.962800118613785,-0.23360510992763128,-0.20000233549959373,-0.03360277442803755,5.135378845643248,3.5077211543567524,8811934.925
2024-11-07 00:00:00+00:00,4.233,4.351,4.084,4.231,11220555.7,4.2884,4.575816666666667,5.366415000000001,47.917516319005344,-0.20385246919152866,-0.20077236223798073,-0.003080106953547934,5.059128071372145,3.5176719286278555,8985198.23
2024-11-08 00:00:00+00:00,4.231,4.393,4.152,4.332,14150062.7,4.264100000000001,4.581116666666667,5.3529349999999996,50.46118200643244,-0.17016191056134566,-0.19465027190265374,0.02448836134130808,4.996182481692488,3.5320175183075144,9462518.72
2024-11-09 00:00:00+00:00,4.332,4.694,4.24,4.639,13389510.3,4.2471000000000005,4.591216666666667,5.341665000000001,57.28937729502335,-0.11733697818087307,-0.17918761315829762,0.061850634977424546,4.925835854365329,3.568364145634672,9785559.86
2024-11-10 00:00:00+00:00,4.641,4.949,4.437,4.723,24307076.2,4.244149999999999,4.603800000000001,5.330979999999999,58.95636244620783,-0.06791189465564962,-0.15693246945776804,0.08902057480211842,4.914015740280119,3.57428425971988,10617896.540000001
2024-11-11 00:00:00+00:00,4.723,5.583,4.699,5.562,40642954.2,4.28815,4.625699999999999,5.323135,71.09236676090536,0.03851416103682581,-0.11784314335884928,0.15635730439567508,5.154163458325577,3.4221365416744227,12200855.545000002
2024-11-12 00:00:00+00:00,5.561,5.756,4.945,5.338,41496973.5,4.322450000000001,4.6432166666666665,5.315175,65.5219530224984,0.10358854471569678,-0.07355680574394007,0.17714535045963686,5.2915903355557035,3.3533096644442977,13939571.584999999
2024-11-13 00:00:00+00:00,5.34,5.547,4.96,5.169,32524801.9,4.34495,4.659483333333332,5.30532,61.60028716698485,0.13991077073514546,-0.030863290448122964,0.17077406118326843,5.369199476446543,3.320700523553457,15270688.360000003
2024-11-14 00:00:00+00:00,5.171,5.651,5.013,5.415,26483365.0,4.4071,4.6828,5.29716,64.89408636088856,0.18639786210952725,0.012588940063407078,0.17380892204612017,5.528106494183244,3.2860935058167557,15829553.045000002
2024-11-15 00:00:00+00:00,5.415,5.678,5.173,5.558,24531488.0,4.47315,4.7107833333333335,5.290625,66.68312224415851,0.2321025876921956,0.05649166958916478,0.1756109181030308,5.6972139321542805,3.2490860678457207,16595656.025
2024-11-16 00:00:00+00:00,5.558,6.389,5.455,5.945,31037180.2,4.555,4.740966666666666,5.289380000000001,70.9915853373889,0.29613788451403344,0.10442091257413852,0.19171697193989493,5.933168494778844,3.1768315052211555,17949602.405
2024-11-17 00:00:00+00:00,5.947,6.157,5.604,5.705,20411166.9,4.6254,4.7651666666666666,5.287205,65.3477578201715,0.32378789900961547,0.14829430986123393,0.17549358914838153,6.085095502493919,3.165704497506081,18569531.93
2024-11-18 00:00:00+00:00,5.705,6.306,5.648,6.021,20607194.5,4.704549999999999,4.7928,5.286875,68.85826733510004,0.3669691024006321,0.19202926836911358,0.1749398340315185,6.28194284580632,3.1271571541936787,19107239.825
2024-11-19 00:00:00+00:00,6.021,6.102,5.613,5.783,17167730.7,4.7782,4.816083333333334,5.281420000000001,63.62980522419094,0.3776327905001393,0.22914997279531873,0.14848281770482058,6.411585392367934,3.1448146076320658,19531088.029999997
2024-11-20 00:00:00+00:00,5.782,5.847,5.336,5.477,16319400.9,4.849349999999999,4.829599999999999,5.274484999999999,57.576503583380614,0.35727376789433674,0.25477473181512234,0.1024990360792144,6.474302217759322,3.2243977822406764,19887953.66
2024-11-21 00:00:00+00:00,5.477,5.86,5.3,5.79,22046172.1,4.94235,4.8507,5.265985,61.60056122722999,0.36222013174569767,0.27626381180123744,0.08595631994446024,6.559074252926555,3.3256257470734454,20445614.259999998
2024-11-22 00:00:00+00:00,5.79,6.183,5.484,6.136,23941761.2,5.0587,4.8666833333333335,5.26011,65.49670319295598,0.3895687628913995,0.29892480201926985,0.09064396087212967,6.667336577975556,3.4500634220244435,21360493.990000002
2024-11-23 00:00:00+00:00,6.136,6.579,6.014,6.191,33032970.6,5.1838500000000005,4.880766666666667,5.255475000000001,66.08576810644026,0.41094368743129284,0.32132857910167445,0.08961510832961839,6.734887881549284,3.6328121184507167,22467506.279999997
2024-11-24 00:00:00+00:00,6.192,7.004,6.007,6.873,35291880.8,5.34655,4.909583333333333,5.255794999999999,72.3822413245425,0.477411862641393,0.3525452358096182,0.1248666268317748,6.8895107221186365,3.803589277881363,23759581.41
2024-11-25 00:00:00+00:00,6.873,7.251,6.351,6.46,32364140.4,5.47905,4.9248,5.2507,64.56484952947969,0.4911016083172113,0.38025651031113683,0.11084509800607445,6.923439071545768,4.034660928454232,24982204.895
2024-11-26 00:00:00+00:00,6.459,6.669,5.956,6.518,26485869.4,5.5933,4.942483333333333,5.247025,65.13434504017225,0.5008573736379551,0.40437668297650053,0.0964806906614546,6.985924443272783,4.200675556727218,25372612.759999998
2024-11-27 00:00:00+00:00,6.518,6.881,6.393,6.817,18576207.9,5.7226,4.963416666666666,5.246005,67.99038544010934,0.5266448550301286,0.42883031738722616,0.09781453764290243,7.064555647553528,4.380644352446472,25740395.369999997
2024-11-28 00:00:00+00:00,6.816,7.17,6.46,7.015,15395042.7,5.85675,4.9886,5.246645,69.7571086442716,0.5566419432430258,0.45439264255838613,0.10224930068463972,7.1514182779773305,4.562081722022669,25802644.369999997
2024-11-29 00:00:00+00:00,7.015,7.041,6.778,6.963,11539336.3,5.97295,5.016516666666667,5.245000000000001,68.6849173292185,0.5696522893557745,0.4774445719178638,0.09220771743791067,7.226078481042854,4.719821518957146,25710135.669999998
2024-11-30 00:00:00+00:00,6.962,7.237,6.782,7.007,15870378.0,6.087149999999999,5.05265,5.244924999999999,69.1174618515509,0.5768637879984597,0.497328415133983,0.0795353728644767,7.278595051188158,4.895704948811841,25288300.759999998
2024-12-01 00:00:00+00:00,7.007,7.164,6.772,6.915,12250046.2,6.1548,5.0908,5.23924,67.0325726695105,0.5686008449065634,0.5115829010884991,0.05701794381806424,7.372644752011004,4.936955247988996,23868655.36
2024-12-02 00:00:00+00:00,6.915,7.5,6.413,7.48,27186869.4,6.2619,5.138116666666666,5.236535,72.51566681647803,0.6007184724567134,0.529410015362142,0.07130845709457134,7.548392425162592,4.975407574837408,23153150.155
2024-12-03 00:00:00+00:00,7.48,7.627,6.736,7.387,32513551.2,6.3728,5.180716666666667,5.233285,70.43897125779583,0.6116172578882351,0.5458514638673606,0.06576579402087446,7.645651695996321,5.099948304003679,23152587.619999997
2024-12-04 00:00:00+00:00,7.388,7.71,7.153,7.47,24592321.2,6.47555,5.2256,5.23103,71.2308307687305,0.6198072777233223,0.5606426266385529,0.059164651084769426,7.7543050938317695,5.196794906168231,23058035.43
2024-12-05 00:00:00+00:00,7.471,8.025,7.033,7.617,27609202.5,6.5785,5.2700499999999995,5.230230000000001,72.62925560453704,0.63088712485653,0.5746915262821484,0.05619559857438161,7.876583895594072,5.280416104405928,23211921.154999997
2024-12-06 00:00:00+00:00,7.617,8.244,7.516,8.02,21439811.5,6.682250000000001,5.319616666666667,5.228875,76.06428603339091,0.6645264680536975,0.5926585146364582,0.07186795341723928,8.088409859333451,5.276090140666551,22732052.72
2024-12-07 00:00:00+00:00,8.021,8.055,7.656,7.723,11484036.5,6.783150000000001,5.366766666666666,5.228395000000001,69.17420625329525,0.6596168199255104,0.6060501756942687,0.05356664423124169,8.183932249316666,5.382367750683337,22285696.2
2024-12-08 00:00:00+00:00,7.724,7.863,7.454,7.824,11619577.4,6.873299999999999,5.42035,5.227585,70.16397564280769,0.6563102087717967,0.6161021823097743,0.04020802646202237,8.298144566961827,5.448455433038171,21836315.345
2024-12-09 00:00:00+00:00,7.825,7.84,5.901,6.503,29091894.6,6.9093,5.452166666666667,5.221625,48.31372579161688,0.5408613230100912,0.6010540104498376,-0.060192687439746484,8.256397487192606,5.562202512807394,22432523.54
2024-12-10 00:00:00+00:00,6.504,6.83,5.933,6.423,30837652.6,6.9566,5.480266666666666,5.214195,47.351997537012274,0.437864488604081,0.5684161060806864,-0.13055161747660537,8.1577341973321,5.7554658026679,23158436.125
2024-12-11 00:00:00+00:00,6.425,6.928,6.148,6.85,12535582.7,7.009600000000001,5.5136666666666665,5.207294999999999,52.757513612887244,0.38624173243294546,0.5319812313511382,-0.1457394989181927,8.087361086698078,5.931838913301924,22682906.655
2024-12-12 00:00:00+00:00,6.849,7.325,6.779,6.913,15609721.7,7.048450000000001,5.550483333333333,5.20279,53.51584247773444,0.3464205789378054,0.4948691008684717,-0.14844852193066627,8.050828466448984,6.046071533551018,22266304.68
2024-12-13 00:00:00+00:00,6.913,7.077,6.727,6.936,11007149.1,7.0857,5.582316666666667,5.198335000000001,53.807363288633724,0.313108614473661,0.4585170035895096,-0.14540838911584858,8.010198372091919,6.161201627908081,21165013.605
2024-12-14 00:00:00+00:00,6.938,7.042,6.494,6.684,8149872.1,7.076249999999999,5.609300000000001,5.19322,50.10004317517145,0.2633387435747023,0.41948135158654815,-0.15614260801184582,8.013034046619394,6.139465953380603,19807913.169999998
2024-12-15 00:00:00+00:00,6.684,6.907,6.467,6.859,6675687.8,7.0962000000000005,5.6411999999999995,5.189584999999999,52.5452749422636,0.235304357615977,0.38264595279243396,-0.14734159517645695,7.995899416472306,6.196500583527695,18523490.54
2024-12-16 00:00:00+00:00,6.86,7.054,6.525,6.616,9933167.2,7.101100000000001,5.6719833333333325,5.186240000000001,48.95775547379838,0.19127394858716418,0.34437155195138003,-0.15309760336421585,7.989141868382683,6.213058131617318,17695855.43
2024-12-17 00:00:00+00:00,6.616,7.01,6.329,6.384,19119594.2,7.07945,5.696816666666667,5.1819299999999995,45.7464308573678,0.13609030677157374,0.3027153029154188,-0.16662499614384507,8.014034073265005,6.144865926734994,17723024.744999997
2024-12-18 00:00:00+00:00,6.384,6.43,5.672,5.687,23573355.9,7.01305,5.7113,5.173489999999999,37.73764044523907,0.03570323347706239,0.24931288902774754,-0.21360965555068515,8.127843339592868,5.8982566604071325,18131940.405
2024-12-19 00:00:00+00:00,5.687,5.874,4.99,5.201,37100381.3,6.92495,5.715,5.1635349999999995,33.35301066446881,-0.08212371264800566,0.1830255686925969,-0.26514928134060256,8.291669353049715,5.5582306469502845,19409992.655
2024-12-20 00:00:00+00:00,5.201,5.462,4.536,5.354,41119697.3,6.842299999999999,5.724533333333334,5.1547,35.87881425761503,-0.16129726060755534,0.11416100283256644,-0.2754582634401218,8.369659826629155,5.314940173370843,20672458.619999997
2024-12-21 00:00:00+00:00,5.353,5.661,4.928,5.024,16609392.1,6.747749999999999,5.7302333333333335,5.142720000000001,32.97596952710687,-0.2478144590304776,0.041765910459957645,-0.28958036949043525,8.467417162563923,5.028082837436075,20890425.915
2024-12-22 00:00:00+00:00,5.024,5.14,4.837,5.038,14809904.1,6.62565,5.736666666666666,5.12962,33.222807890103425,-0.3116576833329905,-0.028918808298631984,-0.2827388750343585,8.462776155167543,4.788523844832458,20271577.65
2024-12-23 00:00:00+00:00,5.039,5.703,4.914,5.439,15810699.7,6.52825,5.748666666666667,5.120164999999999,40.03491673351416,-0.3261370450134997,-0.08836245564160554,-0.23777458937189416,8.399822159976924,4.656677840023075,19436435.075
2024-12-24 00:00:00+00:00,5.44,5.662,5.288,5.552,12441713.1,6.43235,5.7716666666666665,5.11355,41.83556823994651,-0.3247503677544863,-0.13564003806418168,-0.1891103296903046,8.29761923257762,4.567080767422379,18828904.669999998
2024-12-25 00:00:00+00:00,5.552,5.648,5.357,5.447,8010692.4,6.32385,5.791833333333334,5.10794,40.615133253867135,-0.3283391491868315,-0.17417986028871163,-0.15415928889811986,8.15296019624317,4.494739803756831,17848979.165
2024-12-26 00:00:00+00:00,5.447,5.499,5.0,5.086,8348417.2,6.177149999999999,5.804799999999999,5.10043,36.655864113982034,-0.35620683664309283,-0.21058525555958785,-0.14562158108350498,7.906493837991955,4.447806162008043,17194409.45
2024-12-27 00:00:00+00:00,5.087,5.314,5.032,5.116,9079087.4,6.046799999999999,5.81845,5.094024999999999,37.20371182617957,-0.3715879953436607,-0.24278580351640244,-0.12880219182725827,7.680796034267148,4.41280396573285,17074161.994999997
2024-12-28 00:00:00+00:00,5.116,5.369,5.069,5.343,4741621.0,5.92275,5.8335333333333335,5.09042,41.33798970748044,-0.3612958775695345,-0.2664878183270289,-0.09480805924250563,7.363502702583197,4.481997297416802,16730264.175
2024-12-29 00:00:00+00:00,5.344,5.479,5.088,5.129,6367777.8,5.854049999999999,5.847183333333334,5.084055,38.74805845687728,-0.366186145665937,-0.28642748379481053,-0.07975866187112646,7.308546266753819,4.399553733246179,15594058.334999999
2024-12-30 00:00:00+00:00,5.13,5.284,4.953,5.047,8772296.7,5.78525,5.863733333333333,5.0796850000000004,37.77152272502802,-0.37238580134641097,-0.3036191473051306,-0.06876665404128035,7.255675363628093,4.314824636371906,14490790.539999997
2024-12-31 00:00:00+00:00,5.048,5.16,4.87,4.913,8243724.5,5.6884,5.880116666666666,5.076309999999999,36.167422918026,-0.3836888272915546,-0.31963308330241547,-0.06405574398913916,7.120201857800451,4.2565981421995485,14276197.629999999
2025-01-01 00:00:00+00:00,4.912,5.334,4.878,5.286,7686625.8,5.60705,5.904733333333334,5.07471,43.376097304123206,-0.3584169663962493,-0.32738985992118225,-0.031027106475067068,6.932207118986589,4.281892881013412,13880042.834999999
2025-01-02 00:00:00+00:00,5.286,5.57,5.281,5.447,9048617.6,5.5326,5.93405,5.073745,46.20029227018652,-0.3216892467045289,-0.3262497372778516,0.004560490573322695,6.709788073334439,4.355411926665562,13782116.26
2025-01-03 00:00:00+00:00,5.448,5.829,5.392,5.818,9731887.5,5.4893,5.9707,5.077,52.12584314201149,-0.2596525518269184,-0.312930300187665,0.05327774836074661,6.552041003255663,4.426558996744337,13861217.029999997
2025-01-04 00:00:00+00:00,5.818,5.933,5.732,5.788,6602086.7,5.4357500000000005,6.003666666666666,5.082305,51.630634398062156,-0.2104824626569739,-0.2924407326815268,0.08195827002455291,6.307860514786322,4.563639485213679,13857536.974999998
2025-01-05 00:00:00+00:00,5.79,5.984,5.622,5.908,5780578.1,5.40035,6.031583333333333,5.087035,53.532287011441205,-0.15998757840522781,-0.26595010182626705,0.10596252342103923,6.122548109939972,4.678151890060029,13649907.52
2025-01-06 00:00:00+00:00,5.907,6.232,5.782,6.016,9177393.0,5.381950000000001,6.061333333333334,5.091305,55.237967888640796,-0.10998745452246261,-0.23475757236550618,0.12477011784304357,6.016384701132332,4.747515298867669,13152797.459999999
2025-01-07 00:00:00+00:00,6.015,6.026,5.346,5.365,10982703.4,5.36585,6.078550000000001,5.0911,44.608608820494794,-0.1214917739359942,-0.21210441267960378,0.09061263874360959,5.984652803808187,4.747047196191813,12523264.834999999
2025-01-08 00:00:00+00:00,5.364,5.45,4.865,5.153,13555949.8,5.363449999999999,6.087116666666666,5.0909450000000005,41.788500875376926,-0.1460322888732506,-0.19888998791833315,0.05285769904508256,5.985157157752645,4.741742842247354,11346043.260000002
2025-01-09 00:00:00+00:00,5.154,5.22,4.838,4.978,10277336.9,5.34465,6.091366666666667,5.08986,39.5649622427612,-0.17755511637254617,-0.19462301360917578,0.017067897236629603,5.988701636129337,4.700598363870663,9803925.239999998
2025-01-10 00:00:00+00:00,4.977,5.151,4.882,5.085,8946117.4,5.3477,6.0834166666666665,5.08843,41.61070731921863,-0.1916934556797143,-0.1940371020232835,0.0023436463435692056,5.986202654654525,4.7091973453454745,9420761.504999999
2025-01-11 00:00:00+00:00,5.085,5.167,4.988,5.087,4433326.2,5.35015,6.079233333333334,5.08674,41.6504659125741,-0.20042641718043352,-0.19531496505471352,-0.005111452125720006,5.984241247377596,4.716058752622405,8901932.610000001
2025-01-12 00:00:00+00:00,5.087,5.126,4.91,4.973,4003452.3,5.326849999999999,6.075966666666667,5.08572,39.979399899105644,-0.21407843639404067,-0.19906765932257897,-0.0150107770714617,5.980126136102397,4.673573863897602,8311570.239999999
2025-01-13 00:00:00+00:00,4.973,5.095,4.413,4.751,18199407.3,5.2868,6.0649,5.08336,36.87657592673849,-0.2400442242520633,-0.20726297230847585,-0.03278125194358744,5.977115753840868,4.596484246159132,8599454.95
2025-01-14 00:00:00+00:00,4.752,5.059,4.702,5.054,8203892.3,5.26715,6.0565,5.08382,43.34012187685253,-0.2334813033516303,-0.21250663851710674,-0.020974664834523565,5.9604736690037985,4.5738263309962015,8609114.945
2025-01-15 00:00:00+00:00,5.054,5.338,4.862,5.317,12699897.3,5.2787,6.046033333333333,5.085585,48.28956446424727,-0.20469860118346617,-0.21094503105037865,0.006246429866912484,5.96724777612079,4.590152223879209,8826688.95
2025-01-16 00:00:00+00:00,5.317,5.36,5.088,5.16,11852177.6,5.2809,6.036950000000001,5.084865,45.72192664026908,-0.19233951998409626,-0.2072239288371222,0.014884408853025943,5.967633106818716,4.594166893181284,8965343.459999999
2025-01-17 00:00:00+00:00,5.161,5.796,5.161,5.754,12294229.1,5.30145,6.0325,5.0873,55.38715046602382,-0.13307996041212178,-0.19239513515212212,0.05931517474000034,6.0183227850887375,4.5845772149112625,9342973.864999998
2025-01-18 00:00:00+00:00,5.755,5.884,5.3,5.445,12168542.8,5.31725,6.026866666666666,5.086914999999999,50.36307190208951,-0.1097845224521734,-0.1758730126121324,0.06608849015995899,6.032149678277225,4.602350321722774,9633012.115
2025-01-19 00:00:00+00:00,5.445,5.654,4.886,4.981,22864412.4,5.31395,6.018600000000001,5.08665,43.92050536082248,-0.12729625029036562,-0.16615766014777905,0.03886140985741343,6.034396937671944,4.593503062328057,10337617.9
2025-01-20 00:00:00+00:00,4.981,5.637,4.756,5.1,30964143.1,5.3233,6.007099999999999,5.089035,45.83425484653172,-0.13007271796655218,-0.15894067171153367,0.028867953744981495,6.027357412432309,4.61924258756769,11473638.83
2025-01-21 00:00:00+00:00,5.1,5.349,4.881,5.251,15168956.6,5.32155,5.99235,5.093165,48.24763568550211,-0.11872011893260659,-0.15089656115574826,0.03217644222314167,6.026143350806605,4.616956649193395,11847755.370000001
2025-01-22 00:00:00+00:00,5.251,5.299,5.068,5.096,8805483.9,5.304,5.974100000000001,5.09459,45.98280354796564,-0.12083736904638087,-0.1448847227338748,0.024047353687493916,6.012693727925458,4.595306272074542,11835598.685
2025-01-23 00:00:00+00:00,5.097,5.126,4.857,4.98,13231440.0,5.262099999999999,5.94255,5.097485,44.306553044145865,-0.1303726804569285,-0.14198231427848554,0.011609633821557025,5.9428204712662085,4.58137952873379,12010576.309999999
2025-01-24 00:00:00+00:00,4.981,5.18,4.844,5.003,11210637.7,5.222849999999999,5.918266666666666,5.1001650000000005,44.73671765757059,-0.1345228796480189,-0.1404904273523922,0.005967547704373299,5.867311410792683,4.578388589207315,12241003.86
2025-01-25 00:00:00+00:00,5.002,5.027,4.866,4.928,5608693.1,5.17385,5.891766666666667,5.10214,43.555336426847305,-0.14222434192425215,-0.1408372102667642,-0.0013871316574879389,5.747633678750891,4.600066321249109,12232409.610000001
2025-01-26 00:00:00+00:00,4.928,5.145,4.748,4.759,7728818.5,5.111000000000001,5.857466666666666,5.10281,40.93231191215246,-0.16011894237515634,-0.14469355668844264,-0.0154253856867137,5.56487663522252,4.6571233647774815,12159980.885000002
2025-01-27 00:00:00+00:00,4.758,4.773,4.358,4.639,16685938.8,5.0747,5.817866666666666,5.101355000000001,39.130316970484074,-0.18188686076403826,-0.15213221750356176,-0.0297546432604765,5.556765182315547,4.592634817684453,12445142.655
2025-01-28 00:00:00+00:00,4.64,4.683,4.253,4.284,7250173.1,5.03125,5.773216666666666,5.096845,34.31715613984312,-0.22518780125944104,-0.16674333425473764,-0.058444467004703404,5.6217162141062165,4.4407837858937835,12129853.819999998
2025-01-29 00:00:00+00:00,4.283,4.582,4.265,4.418,9278108.3,5.0032499999999995,5.730066666666667,5.092925,37.444966388706085,-0.2458573381004614,-0.1825661350238824,-0.06329120307657901,5.651449313483848,4.355050686516151,12079892.39
2025-01-30 00:00:00+00:00,4.419,4.677,4.369,4.603,7477915.1,4.97915,5.691533333333334,5.088935,41.581090032528806,-0.24449179188644177,-0.19495126639639426,-0.049540525490047504,5.648883163282913,4.309416836717086,12006482.275
2025-01-31 00:00:00+00:00,4.603,4.847,4.533,4.619,8849664.3,4.95575,5.64385,5.0824549999999995,41.93865198774393,-0.23935933497361717,-0.20383288011183884,-0.03552645486177833,5.641291793037405,4.270208206962595,12227299.18
2025-02-01 00:00:00+00:00,4.619,4.686,4.224,4.258,7442363.1,4.92,5.5917,5.072515,36.50902503370665,-0.2614081583613066,-0.21534793576173242,-0.04606022259957418,5.669777833762073,4.170222166237927,12399244.72
2025-02-02 00:00:00+00:00,4.258,4.343,3.51,3.75,24154343.8,4.86995,5.5297,5.060925,30.520863174267703,-0.31622808371221645,-0.23552396535182923,-0.08070411836038721,5.775606993569284,3.964293006430716,12696991.545
2025-02-03 00:00:00+00:00,3.751,3.797,2.701,3.775,54994450.6,4.805999999999999,5.4656666666666665,5.049600000000001,31.119619087253355,-0.3535801268365786,-0.2591351976487791,-0.09444492918779945,5.824265387804655,3.787734612195344,15036519.460000003
2025-02-04 00:00:00+00:00,3.775,3.799,3.275,3.394,20812122.7,4.70985,5.388566666666666,5.034395,27.263529387397625,-0.40920830732618896,-0.2891498195842611,-0.12005848774192784,5.870198960442926,3.5495010395570743,15442130.73
2025-02-05 00:00:00+00:00,3.394,3.479,3.237,3.279,11024426.7,4.6158,5.3145,5.019355,26.207920667924313,-0.45730208625877644,-0.3227802729191642,-0.13452181333961222,5.911935579328411,3.3196644206715895,15400743.184999999
2025-02-06 00:00:00+00:00,3.279,3.384,3.116,3.143,16871742.9,4.48525,5.236483333333334,5.00337,24.97630600589288,-0.5006199804508751,-0.3583482144255064,-0.14227176602536867,5.821858525336052,3.1486414746639477,15629618.875
2025-02-07 00:00:00+00:00,3.144,3.409,3.108,3.206,10983379.0,4.3732999999999995,5.181533333333333,4.98923,26.694859441002748,-0.5238277895136196,-0.3914441294431291,-0.13238366007049052,5.744235169875305,3.002364830124694,15570360.684999999
2025-02-08 00:00:00+00:00,3.206,3.317,3.159,3.286,12148627.6,4.28855,5.12925,4.976845,28.921434656454494,-0.5296592320611997,-0.4190871499667433,-0.1105720820944564,5.707464158785177,2.869635841214823,15034571.445000002
2025-02-09 00:00:00+00:00,3.286,3.476,3.033,3.178,13952407.1,4.19245,5.0680499999999995,4.964635,27.698299367064322,-0.536807408050771,-0.44263120158354885,-0.09417620646722213,5.638600265360091,2.7462997346399094,14183984.645
2025-02-10 00:00:00+00:00,3.179,3.307,3.065,3.208,16743439.7,4.0903,5.0062999999999995,4.9536,28.601585646379533,-0.5338972051018507,-0.4608844022872092,-0.07301280281464145,5.51133301861747,2.6692669813825303,14262708.8
2025-02-11 00:00:00+00:00,3.208,3.389,3.129,3.202,12931531.6,3.9955999999999996,4.944066666666667,4.941025,28.5248292400656,-0.5260114654113646,-0.4739098149120403,-0.05210165049932425,5.388076699984991,2.603123300015008,14469011.184999999
2025-02-12 00:00:00+00:00,3.202,3.471,3.099,3.43,21124116.7,3.9181000000000004,4.889833333333333,4.92978,35.59767736632571,-0.4956507124867806,-0.4782579944269884,-0.0173927180597922,5.254190700514417,2.582009299485584,14863645.02
2025-02-13 00:00:00+00:00,3.431,3.445,3.252,3.376,10781292.4,3.83675,4.831783333333333,4.919435,34.72132450103251,-0.4705230489420291,-0.4767110053299966,0.006187956387967486,5.094541695791126,2.5789583042088737,14842177.755
2025-02-14 00:00:00+00:00,3.377,3.632,3.339,3.551,13087406.9,3.7678999999999996,4.7806999999999995,4.91083,39.886207069503705,-0.4315139330714457,-0.46767159087828647,0.03615765780684077,4.9260208745209315,2.6097791254790677,15216113.444999998
2025-02-15 00:00:00+00:00,3.552,3.609,3.375,3.405,7524714.6,3.7001999999999997,4.73105,4.902100000000001,37.23900737414089,-0.40768042139994654,-0.4556733569826185,0.04799293558267198,4.773882560164379,2.6265174398356197,15205908.25
2025-02-16 00:00:00+00:00,3.405,3.555,3.36,3.416,8008571.8,3.6390499999999997,4.6932,4.89423,37.5751672423976,-0.38348401856444214,-0.44123548929898326,0.05775147073454112,4.627848154327336,2.6502518456726634,14772039.9
2025-02-17 00:00:00+00:00,3.416,3.507,3.218,3.259,13533071.2,3.587799999999999,4.660833333333334,4.88562,34.7169862352651,-0.3726807511740673,-0.4275245416740001,0.05484379049993282,4.5432637826737094,2.6323362173262885,15086184.805000002
2025-02-18 00:00:00+00:00,3.258,3.313,3.026,3.14,11113792.7,3.5239,4.623933333333333,4.878299999999999,32.68742786191521,-0.36946245619671947,-0.415912124578544,0.046449668381824516,4.417676683518408,2.6301233164815914,15177969.025
2025-02-19 00:00:00+00:00,3.139,3.194,3.059,3.158,8513485.8,3.45165,4.592833333333333,4.872265,33.32239282632246,-0.3612947042207715,-0.4049886405069895,0.04369393628621804,4.207852162124109,2.695447837875891,15229747.559999999
2025-02-20 00:00:00+00:00,3.158,3.507,3.144,3.467,16272462.9,3.39405,4.56665,4.8689350000000005,43.2236764584386,-0.32612857712598897,-0.3892166278307894,0.06308805070480045,3.928911281082475,2.859188718917525,15600887.49
2025-02-21 00:00:00+00:00,3.468,3.634,3.219,3.31,15100783.0,3.3466499999999995,4.531166666666667,4.86786,39.97555781481099,-0.3073844196913189,-0.37285018620289534,0.06546576651157643,3.7061225441548955,2.9871774558451034,15983808.485
2025-02-22 00:00:00+00:00,3.311,3.644,3.294,3.468,12079979.1,3.33255,4.496433333333333,4.86681,44.49595824598719,-0.2765918813058499,-0.3535985252234863,0.0770066439176364,3.646925873758143,3.0181741262418567,15380090.25
2025-02-23 00:00:00+00:00,3.469,3.5,3.351,3.433,6395525.0,3.31545,4.462866666666667,4.866125,43.7106650583662,-0.2521066517297035,-0.3333001505247297,0.08119349879502624,3.5614747751776203,3.0694252248223792,12950143.969999999
2025-02-24 00:00:00+00:00,3.433,3.461,3.027,3.065,14656133.2,3.2990000000000004,4.4291833333333335,4.86113,36.43050517398936,-0.25940618238395174,-0.3185213568965741,0.05911517451262238,3.5650015037574065,3.032998496242594,12642344.495000001
2025-02-25 00:00:00+00:00,3.065,3.094,2.753,3.009,26052023.5,3.2855000000000003,4.394066666666666,4.855895,35.462564947967365,-0.26663622853888747,-0.3081443312250368,0.04150810268614935,3.580063745225382,2.9909362547746188,13393724.334999999
2025-02-26 00:00:00+00:00,3.009,3.107,2.882,3.023,13035036.2,3.2795,4.3554,4.850205,35.92094335065022,-0.268145395998864,-0.3001445441798023,0.0319991481809383,3.589892976726608,2.9691070232733923,13201889.0
2025-02-27 00:00:00+00:00,3.024,3.179,3.001,3.058,11695670.2,3.2720999999999996,4.320883333333333,4.8461549999999995,37.123282528974215,-0.26347998137635154,-0.29281163161911217,0.029331650242760632,3.595915935372559,2.94828406462744,13237503.56
2025-02-28 00:00:00+00:00,3.059,3.102,2.766,3.066,19795609.0,3.2611,4.287866666666667,4.84093,37.412354596491745,-0.25618394449117643,-0.28548609419352505,0.029302149702348623,3.5970011164036335,2.9251988835963663,13619852.629999999
2025-03-01 00:00:00+00:00,3.067,3.324,3.05,3.272,11690024.2,3.2658,4.260516666666667,4.83577,44.48943069983462,-0.23111515269235117,-0.2746119058932903,0.04349675320093915,3.599542175940061,2.932057824059939,13506733.485
2025-03-02 00:00:00+00:00,3.271,3.563,3.174,3.554,21230700.0,3.2831,4.23165,4.83269,52.42081232427521,-0.18634484398737516,-0.2569584935121073,0.07061364952473215,3.638248363365515,2.9279516366344853,13731096.5
2025-03-03 00:00:00+00:00,3.554,3.565,2.916,2.972,23605185.2,3.2716000000000003,4.1903999999999995,4.827415,39.786149969119236,-0.19557215375997394,-0.24468122556168065,0.049109071801706705,3.6506020580434964,2.892597941956504,14264779.180000002
2025-03-04 00:00:00+00:00,2.973,2.981,2.559,2.811,32591186.3,3.24065,4.1402833333333335,4.82163,37.12073956383312,-0.21341608986374805,-0.23842819842209412,0.02501210855834607,3.661628989975997,2.819671010024003,14838132.66
2025-03-05 00:00:00+00:00,2.812,3.048,2.776,2.989,16303167.1,3.2213000000000003,4.093633333333333,4.816615,41.76577749359074,-0.2107648592913347,-0.23289553059594226,0.022130671304607552,3.6510990693349785,2.791500930665022,15114226.395000001
2025-03-06 00:00:00+00:00,2.99,3.249,2.953,3.056,16892047.8,3.19655,4.0461,4.812395,43.45888937867064,-0.20094107625834612,-0.22650463972842305,0.025563563470076933,3.603982681557601,2.7891173184423987,15304458.439999998
2025-03-07 00:00:00+00:00,3.055,3.098,2.884,2.942,27725970.0,3.1734,3.994866666666667,4.807095,41.26073077729988,-0.20004847044892937,-0.22121340587252433,0.02116493542359496,3.5834323889660684,2.7633676110339316,16314521.209999999
2025-03-08 00:00:00+00:00,2.942,2.974,2.828,2.885,8638683.2,3.1468499999999997,3.9535333333333336,4.801515,40.16676939435993,-0.2016163893110794,-0.21729400256023534,0.015677613249155953,3.5593677693157293,2.73433223068427,16346026.780000001
2025-03-09 00:00:00+00:00,2.886,2.902,2.495,2.553,13580313.4,3.11155,3.9102000000000006,4.793045,34.439248824129265,-0.2270315235841478,-0.21924150676501786,-0.007790016819129941,3.5944605403708136,2.628639459629186,16348388.89
2025-03-10 00:00:00+00:00,2.554,2.676,2.24,2.285,24749691.6,3.0688,3.8653166666666667,4.78295,30.640994777443737,-0.2657353293697806,-0.22854027128597043,-0.037195058083810184,3.6707696337866538,2.466830366213346,17030183.835
2025-03-11 00:00:00+00:00,2.286,2.565,2.14,2.449,24945681.3,3.0333499999999995,3.821383333333333,4.771005,35.34054319405762,-0.2799478800067323,-0.23882179303012283,-0.041126086976609494,3.691057921498018,2.375642078501981,17851793.61
2025-03-12 00:00:00+00:00,2.45,2.575,2.347,2.556,16458135.2,2.9878,3.7792000000000003,4.75858,38.278945285354844,-0.2793571674857489,-0.24692886792124807,-0.03242829956450083,3.645251625597847,2.330348374402153,17861077.225
2025-03-13 00:00:00+00:00,2.556,2.657,2.479,2.572,13184773.0,2.9509,3.7391833333333335,4.7468449999999995,38.72734646827548,-0.2744344477899836,-0.25242998389499516,-0.022004463894988446,3.614685778697659,2.2871142213023408,17765276.725
2025-03-14 00:00:00+00:00,2.572,2.715,2.553,2.608,21538337.9,2.9079,3.7034666666666665,4.735975,39.787304527897035,-0.264578363153245,-0.25485965974664515,-0.00971870340659986,3.542922172842228,2.2728778271577723,18238194.665
2025-03-15 00:00:00+00:00,2.608,2.696,2.602,2.642,7406681.3,2.86835,3.6632666666666664,4.726545,40.82841377538977,-0.2511289707665889,-0.2541135219506339,0.0029845511840450034,3.464999738122184,2.271700261877816,18288752.48
2025-03-16 00:00:00+00:00,2.643,2.668,2.486,2.516,10074418.1,2.8409,3.6165833333333333,4.7174000000000005,38.19288926233585,-0.24778111096773836,-0.2528470397540548,0.005065928786316454,3.449236058442433,2.232563941557567,18059666.725
2025-03-17 00:00:00+00:00,2.516,2.685,2.507,2.637,10201123.2,2.8223,3.5745333333333336,4.70953,42.06080093817441,-0.23268200587214016,-0.2488140329776719,0.016132027105531743,3.4316869378328336,2.212913062167166,17267121.71
2025-03-18 00:00:00+00:00,2.637,2.654,2.503,2.586,8117448.9,2.80045,3.521733333333333,4.701895,40.89902975337876,-0.22226895195539376,-0.2435050167732163,0.02123606481782253,3.4108221733510478,2.1900778266489525,17021242.345
2025-03-19 00:00:00+00:00,2.585,2.823,2.56,2.791,19158508.7,2.7870999999999997,3.4775,4.69569,47.210869178785664,-0.19522432051685534,-0.2338488775219441,0.03862455700508877,3.385926151734611,2.1882738482653883,17394384.27
2025-03-20 00:00:00+00:00,2.79,2.814,2.676,2.741,7588148.7,2.7708500000000003,3.440166666666667,4.69015,45.92265190827714,-0.17579933211894794,-0.2222389684413449,0.04643963632239695,3.3560034072371847,2.185696592762816,16784011.255
2025-03-21 00:00:00+00:00,2.742,2.782,2.684,2.715,5268081.8,2.743,3.4004166666666666,4.683775,45.231495882118224,-0.16065098699672475,-0.20992137215242088,0.04927038515569612,3.2812337782054284,2.2047662217945714,16462914.135
2025-03-22 00:00:00+00:00,2.715,2.795,2.712,2.732,4215364.7,2.7019,3.358433333333333,4.67881,45.80582653180124,-0.1455957195990094,-0.1970562416417386,0.05146052204272919,3.091025635240467,2.3127743647595334,15612147.37
2025-03-23 00:00:00+00:00,2.732,2.796,2.714,2.778,3697250.5,2.6922,3.3198,4.67326,47.41278581351456,-0.12847155602987037,-0.18333930451936495,0.05486774848949458,3.0631580030155687,2.3212419969844316,14616750.635
2025-03-24 00:00:00+00:00,2.778,3.032,2.759,2.921,11247182.6,2.6977,3.2854833333333335,4.669305,52.16166598611243,-0.10218371783718405,-0.1671081871829288,0.06492446934574475,3.078667242688,2.3167327573120002,13549550.45
2025-03-25 00:00:00+00:00,2.922,3.076,2.897,3.026,7612237.4,2.69955,3.252533333333333,4.666685,55.35004551550052,-0.07204727802425692,-0.14809600535119444,0.07604872732693752,3.086470392330641,2.3126296076693587,13115003.965
2025-03-26 00:00:00+00:00,3.026,3.074,2.934,2.984,7249113.6,2.69595,3.2201333333333335,4.66327,53.805276646406305,-0.050965482979664856,-0.12866990087688854,0.07770441789722368,3.0706853599559265,2.321214640044073,12632857.254999999
2025-03-27 00:00:00+00:00,2.985,3.093,2.938,3.013,7397400.7,2.6994999999999996,3.191033333333333,4.659555,54.74446059799484,-0.03155421355179744,-0.10924676341187033,0.07769254986007289,3.0846911213946875,2.3143088786053116,11616428.79
2025-03-28 00:00:00+00:00,3.013,3.041,2.667,2.734,12064452.9,2.69195,3.1592833333333337,4.653155000000001,45.219287148053006,-0.03824277210772076,-0.09504596515104041,0.056803193043319655,3.068115110026566,2.315784889973434,11787717.275
2025-03-29 00:00:00+00:00,2.733,2.772,2.521,2.566,9038715.3,2.6926,3.13065,4.64582,40.63451692613572,-0.05644899009760174,-0.08732657014035268,0.030877580042750943,3.067846265805935,2.3173537341940653,11560637.370000001
2025-03-30 00:00:00+00:00,2.567,2.776,2.546,2.593,9516724.2,2.7079999999999997,3.1002333333333336,4.6389450000000005,41.65830964547395,-0.067915981513063,-0.08344445241489476,0.015528470901831765,3.037571843459504,2.3784281565404957,10798989.0
2025-03-31 00:00:00+00:00,2.594,2.632,2.468,2.509,13149021.6,2.711,3.0653333333333332,4.63025,39.38276956093506,-0.08282697499796132,-0.08332095693150808,0.0004939819335467582,3.0320694628912803,2.3899305371087194,10209156.014999999
2025-04-01 00:00:00+00:00,2.509,2.699,2.482,2.649,9740987.7,2.7156499999999997,3.0324999999999998,4.622059999999999,44.79520899385,-0.08239738898187943,-0.08313624334158236,0.0007388543597029312,3.0302337090526055,2.401066290947394,9873298.64
2025-04-02 00:00:00+00:00,2.65,2.74,2.404,2.449,15529658.7,2.7095,3.00235,4.61334,39.384995500969154,-0.0970762331119368,-0.08592424129565325,-0.011151991816283555,3.039507575672583,2.3794924243274167,9990542.925
2025-04-03 00:00:00+00:00,2.45,2.55,2.363,2.509,12259455.3,2.70455,2.9816666666666665,4.605805,41.66137649975298,-0.10268414537210147,-0.0892762221109429,-0.01340792326115857,3.043351697164132,2.3657483028358675,9526598.795
2025-04-04 00:00:00+00:00,2.51,2.573,2.4,2.508,12334383.9,2.69785,2.96055,4.598949999999999,41.63331316890029,-0.10598739121271938,-0.0926184559312982,-0.01336893528142119,3.0464915207649503,2.3492084792350494,9772983.925
2025-04-05 00:00:00+00:00,2.507,2.533,2.403,2.443,4194841.7,2.6942,2.9447,4.590495000000001,39.75860043405022,-0.11255275600280257,-0.09660531594559907,-0.0159474400572035,3.051793959682344,2.336606040317656,9479005.105
2025-04-06 00:00:00+00:00,2.443,2.454,2.11,2.162,11697095.9,2.6704499999999998,2.926083333333333,4.5800399999999994,32.86816245832189,-0.13882986225141103,-0.10505022520676147,-0.03377963704464956,3.096607470896969,2.2442925291030305,9553803.74
2025-04-07 00:00:00+00:00,2.162,2.26,1.978,2.118,34486508.5,2.6470499999999997,2.9090000000000003,4.568815,31.934882160785165,-0.16134520347466408,-0.116309220860342,-0.04503598261432208,3.135960820090233,2.1581391799097664,10872256.72
2025-04-08 00:00:00+00:00,2.119,2.17,1.876,1.908,21930944.4,2.6029,2.8873666666666664,4.556425000000001,27.867736964101184,-0.19389887305442421,-0.13182715129915845,-0.06207172175526576,3.182840996999963,2.022959003000037,11010878.505
2025-04-09 00:00:00+00:00,1.908,2.147,1.821,2.102,35529338.7,2.57095,2.867633333333333,4.543605,35.979421817836965,-0.20171842759065273,-0.14580540655745733,-0.0559130210331954,3.1862663332801393,1.9556336667198604,12407938.004999999
2025-04-10 00:00:00+00:00,2.102,2.106,1.932,2.004,15220642.7,2.5354,2.8480666666666665,4.531005,33.905192558284696,-0.2133637375254116,-0.15931707275104817,-0.05404666477436343,3.1939555101897796,1.8768444898102206,12905566.05
2025-04-11 00:00:00+00:00,2.003,2.122,2.0,2.089,11273271.4,2.50325,2.8294166666666665,4.515565,37.28248709464691,-0.21327543348540345,-0.17010874489791922,-0.04316668858748424,3.1827241716955292,1.8237758283044707,13258461.385
2025-04-12 00:00:00+00:00,2.089,2.236,2.06,2.212,9627141.3,2.4749499999999998,2.8129166666666667,4.4998949999999995,41.908285076587305,-0.20096379432601896,-0.17627975478353916,-0.024684039542479802,3.153440523147766,1.7964594768522337,13554955.925
2025-04-13 00:00:00+00:00,2.213,2.247,2.077,2.094,9819656.9,2.4335999999999998,2.79065,4.4846449999999995,38.94095402724347,-0.19844084291252972,-0.18071197240933728,-0.01772887050319244,3.0989890290659554,1.7682109709340441,13483579.64
2025-04-14 00:00:00+00:00,2.095,2.21,2.076,2.115,16040456.4,2.3880500000000002,2.769633333333333,4.467485,39.758447396301946,-0.19252752379469573,-0.18307508268640899,-0.009452441108286747,3.008176591915991,1.7679234080840094,13904990.59
2025-04-15 00:00:00+00:00,2.116,2.144,2.015,2.039,10866643.2,2.3408,2.7444333333333333,4.450395,37.78669613863587,-0.19176321367337668,-0.18481270888380252,-0.006950504789574152,2.914352647976931,1.7672473520230696,14085867.070000002
2025-04-16 00:00:00+00:00,2.038,2.062,1.912,1.967,17036810.8,2.2885,2.720466666666667,4.432425,35.96687381245373,-0.1947226491774896,-0.18679469694253995,-0.007927952234949659,2.794065228236037,1.782934771763963,14567837.575
2025-04-17 00:00:00+00:00,1.967,2.096,1.958,2.052,10071392.0,2.2544,2.6977333333333333,4.415165,39.66138124397997,-0.18804160691800575,-0.1870440789376331,-0.0009975279803726422,2.726032653663167,1.7827673463368328,14468184.530000001
2025-04-18 00:00:00+00:00,2.052,2.091,2.025,2.056,9013703.9,2.2289,2.6776833333333334,4.399005,39.83729707642983,-0.1803451594848715,-0.1857042950470808,0.005359135562209294,2.6852879490097923,1.7725120509902077,14466933.959999999
2025-04-19 00:00:00+00:00,2.055,2.199,2.049,2.182,6724401.1,2.2083500000000003,2.6617166666666665,4.38572,45.25198213163293,-0.16220868175822956,-0.18100517238931055,0.018796490631080992,2.633234584330107,1.7834654156698935,14327317.805000002
2025-04-20 00:00:00+00:00,2.183,2.276,2.143,2.243,6603317.9,2.19505,2.646466666666667,4.373805,47.70580557841568,-0.14128456180991167,-0.17306105027343077,0.031776488463519104,2.597519116829316,1.7925808831706842,14000032.62
2025-04-21 00:00:00+00:00,2.244,2.332,2.2,2.217,10896036.2,2.17345,2.6256333333333335,4.361685,46.74412652480704,-0.12535501413746974,-0.16351984304623857,0.03816482890876882,2.5184099831884454,1.8284900168115545,14057785.044999998
2025-04-22 00:00:00+00:00,2.216,2.427,2.149,2.404,12111883.1,2.1712000000000002,2.6105333333333336,4.34955,53.93645083195128,-0.09652867320735181,-0.15012160907846123,0.053592935871109415,2.5094635658792903,1.8329364341207102,13886896.265
2025-04-23 00:00:00+00:00,2.404,2.549,2.391,2.47,13889872.1,2.1692500000000003,2.5939,4.338015,56.185537791324684,-0.06757893403751769,-0.1336130740702725,0.06603414003275482,2.5000695127276704,1.8384304872723303,13968417.105
2025-04-24 00:00:00+00:00,2.47,2.589,2.359,2.544,12377761.6,2.17105,2.5790833333333336,4.325985,58.624815576167805,-0.03822425025445675,-0.11453530930710937,0.07631105905265262,2.5095256859825725,1.832574314017428,13970585.99
2025-04-25 00:00:00+00:00,2.543,2.649,2.485,2.619,10952969.4,2.17985,2.5716499999999995,4.3138499999999995,60.994980164839276,-0.008807056404429137,-0.09338965872657333,0.08458260232214419,2.5534761634326104,1.8062238365673897,14308492.375000004
2025-04-26 00:00:00+00:00,2.62,2.729,2.549,2.623,9129696.9,2.2029000000000005,2.5652166666666667,4.3024949999999995,61.12289352512517,0.014660056229118812,-0.0717797157354349,0.08643977196455371,2.6232379116869766,1.7825620883130242,14180122.425
2025-04-27 00:00:00+00:00,2.623,2.658,2.487,2.488,6959687.3,2.2214,2.5563000000000002,4.29189,54.61332124123456,0.022109673748518244,-0.053001837838644275,0.07511151158716252,2.6574387138791296,1.7853612861208703,12803781.364999998
2025-04-28 00:00:00+00:00,2.489,2.63,2.419,2.584,12141763.8,2.2552,2.5484000000000004,4.28184,58.03586472657649,0.03535242623524448,-0.03533098502386653,0.07068341125911101,2.6936197075877866,1.816780292412213,12314322.334999999
2025-04-29 00:00:00+00:00,2.585,2.62,2.486,2.529,9866365.0,2.2765500000000003,2.5394500000000004,4.2707999999999995,55.4557257230094,0.04093746107544005,-0.020077295804005215,0.06101475687944527,2.72453190811835,1.8285680918816505,11031173.65
2025-04-30 00:00:00+00:00,2.528,2.55,2.375,2.463,7918908.3,2.2995,2.5259666666666667,4.258885,52.44273426429028,0.0395817195847048,-0.008145492726263213,0.04772721231096801,2.7361657760820677,1.8628342239179327,10666086.930000002
2025-05-01 00:00:00+00:00,2.464,2.606,2.459,2.542,7959029.6,2.3221499999999997,2.5090999999999997,4.248075,55.555439274480136,0.044370449532593614,0.0023576957255081517,0.04201275380708546,2.7597846764155585,1.884515323584441,10500374.84
2025-05-02 00:00:00+00:00,2.542,2.635,2.486,2.51,7291529.0,2.3370500000000005,2.5014,4.235494999999999,54.013280073303484,0.04506395077914416,0.010898946736235354,0.0341650040429088,2.7789402465560302,1.8951597534439708,10383594.225
2025-05-03 00:00:00+00:00,2.511,2.516,2.399,2.422,6812115.1,2.35345,2.4949166666666667,4.2222800000000005,49.9102059504062,0.03807379989505488,0.01633391736799926,0.021739882527055623,2.7821921019696414,1.9247078980303587,10233217.135
2025-05-04 00:00:00+00:00,2.422,2.454,2.304,2.322,6257302.2,2.3638000000000003,2.4838,4.209165,45.66504006670215,0.024186088519827287,0.017904351598364867,0.00628173692146242,2.7787908914679273,1.9488091085320733,9744059.425
2025-05-05 00:00:00+00:00,2.321,2.397,2.285,2.315,5763100.1,2.3776,2.47145,4.1968950000000005,45.37410498126515,0.012471373470634095,0.016817755972818715,-0.00434638250218462,2.7659721926211285,1.9892278073788718,9488882.27
2025-05-06 00:00:00+00:00,2.315,2.348,2.232,2.329,9099056.8,2.3957,2.4612333333333334,4.18407,46.11355104167379,0.004267863121885984,0.014307777402632168,-0.010039914280746184,2.7366933137194045,2.054706686280596,9091994.57
2025-05-07 00:00:00+00:00,2.329,2.385,2.223,2.284,10610239.7,2.4073,2.4512166666666664,4.1714,44.04951068855444,-0.005797768782368706,0.010286668165631993,-0.0160844369480007,2.7148835496273147,2.0997164503726857,9118936.955
2025-05-08 00:00:00+00:00,2.285,2.743,2.274,2.736,15510250.4,2.4413,2.454266666666667,4.160184999999999,62.301898863591205,0.022439103871362054,0.012717155306778007,0.009721948564584047,2.7361050881537388,2.1464949118462613,9443764.280000001
2025-05-09 00:00:00+00:00,2.736,2.986,2.722,2.901,18620824.6,2.47725,2.4645333333333332,4.15078,66.58700344850698,0.05746868667560845,0.021667461580544098,0.03580122509506435,2.809752556383148,2.1447474436168523,10038585.455
2025-05-10 00:00:00+00:00,2.901,3.383,2.875,3.35,14461501.9,2.5326,2.47955,4.14412,74.93607399527926,0.12007626651739,0.041349222567913284,0.07872704394947672,3.022158331561542,2.043041668438458,10431494.655000001
2025-05-11 00:00:00+00:00,3.351,3.371,3.065,3.14,14382806.5,2.5787500000000003,2.4892833333333333,4.13656,66.55908945417593,0.15100726193169312,0.06328083044066926,0.08772643149102385,3.112617352440018,2.044882647559983,10605833.17
2025-05-12 00:00:00+00:00,3.141,3.341,3.012,3.187,18712480.4,2.6179,2.499533333333333,4.1289,67.43647688880762,0.17726935506903407,0.08607853536634222,0.09119081970269186,3.2067714290923854,2.029028570907615,10935863.035
2025-05-13 00:00:00+00:00,3.188,3.294,2.995,3.21,11080196.8,2.6549,2.5095666666666663,4.12409,67.8805919590535,0.19765966330975404,0.1083947609550246,0.08926490235472945,3.2928930720637197,2.0169069279362803,10795379.27
2025-05-14 00:00:00+00:00,3.21,3.293,3.022,3.051,11438919.9,2.68025,2.516383333333333,4.1181600000000005,61.62360568737293,0.19869868357459408,0.1264555454789385,0.07224313809565558,3.338569033600958,2.021930966399042,10748437.185
2025-05-15 00:00:00+00:00,3.051,3.099,2.808,2.882,15562201.1,2.6934,2.522483333333333,4.11103,55.74223904278401,0.18376687684676662,0.13791781175250414,0.04584906509426248,3.356787187094609,2.030012812905391,10978898.77
2025-05-16 00:00:00+00:00,2.883,2.99,2.769,2.795,8949362.0,2.702,2.525116666666667,4.1035200000000005,52.94105911939549,0.1630337875090473,0.14294100690381278,0.020092780605234506,3.365972891013855,2.038027108986145,10969882.025
2025-05-17 00:00:00+00:00,2.795,2.807,2.657,2.693,7893996.7,2.71225,2.5268999999999995,4.094795,49.782432358929476,0.13679522705916414,0.14171185093488306,-0.004916623875718923,3.3689818707062225,2.0555181292937776,11016597.495000001
2025-05-18 00:00:00+00:00,2.693,2.945,2.641,2.866,12613480.2,2.72635,2.5281499999999997,4.087575,54.71722935097984,0.12847960018749882,0.13906540078540622,-0.010585800597907397,3.383571203249935,2.069128796750065,11040183.315000001
2025-05-19 00:00:00+00:00,2.867,2.879,2.644,2.769,11295860.1,2.7383499999999996,2.5286166666666667,4.08115,51.65234577221792,0.11276246118334488,0.13380481286499396,-0.021042351681649085,3.3894552987046644,2.087244701295335,11111658.07
2025-05-20 00:00:00+00:00,2.769,2.888,2.674,2.813,9857449.0,2.7558499999999997,2.53025,4.075565,52.94002359053159,0.10267339260535158,0.1275785288130655,-0.024905136207713924,3.395118417803733,2.1165815821962664,11208585.105
2025-05-21 00:00:00+00:00,2.814,2.966,2.755,2.863,17235719.9,2.7719,2.532433333333333,4.070835,54.42546678206959,0.09758738853307358,0.12158030075706712,-0.023992912223993537,3.4049746875379605,2.1388253124620396,11672419.62
2025-05-22 00:00:00+00:00,2.864,3.103,2.863,3.076,14472008.2,2.8002,2.5374000000000003,4.067775,60.190309072313475,0.10948197350740774,0.11916063530713525,-0.009678661799727512,3.434516198753651,2.1658838012463484,12031443.58
2025-05-23 00:00:00+00:00,3.077,3.161,2.782,2.797,18804983.2,2.81895,2.5353333333333334,4.063664999999999,51.07657678267081,0.09529702471513479,0.11438791318873517,-0.01909088847360038,3.4291514339554436,2.2087485660445565,12631086.985
2025-05-24 00:00:00+00:00,2.798,2.86,2.758,2.774,6677724.9,2.84155,2.531133333333334,4.058485,50.39909018758088,0.0812626970321273,0.1077628699574136,-0.02650017292528631,3.408396531259808,2.2747034687401917,12652108.120000001
2025-05-25 00:00:00+00:00,2.775,2.814,2.636,2.796,9368947.8,2.8655999999999997,2.528,4.0513,51.06767165397098,0.07109605628866422,0.10042950722366373,-0.029333450934999505,3.3793755930377314,2.351824406962268,12832400.504999999
2025-05-26 00:00:00+00:00,2.797,2.87,2.737,2.769,9391458.3,2.8876,2.5239333333333334,4.04399,50.1738155981661,0.060166681845339465,0.09237694214799888,-0.032210260302659416,3.341811140331531,2.4333888596684687,12847020.58
2025-05-27 00:00:00+00:00,2.769,2.926,2.698,2.817,11240545.3,2.91425,2.5253166666666664,4.036415,51.78938765776653,0.0547471812775453,0.08485098997390818,-0.03010380869636288,3.277013214785163,2.551486785214837,12878535.86
2025-05-28 00:00:00+00:00,2.817,2.899,2.737,2.87,10917220.5,2.9209500000000004,2.5303833333333334,4.02757,53.57917277998784,0.054105154550327494,0.07870182288919204,-0.02459666833886455,3.2751456944984874,2.5667543055015134,12648884.365
2025-05-29 00:00:00+00:00,2.871,2.989,2.745,2.754,17760804.0,2.9135999999999997,2.533066666666667,4.0177249999999995,49.2680497187201,0.043731997945807954,0.07170785790051523,-0.027975859954707277,3.2751706846541437,2.5520293153458558,12605883.334999999
2025-05-30 00:00:00+00:00,2.754,2.771,2.41,2.444,21468557.3,2.8683,2.5319833333333337,4.002135,40.0042538217924,0.0103771658716596,0.059441719494744104,-0.049064553623084504,3.226825926539871,2.5097740734601293,12956236.105
2025-05-31 00:00:00+00:00,2.445,2.467,2.333,2.421,14058167.1,2.83235,2.5281833333333332,3.98755,39.41214100696453,-0.017708553455626497,0.044011664904669984,-0.06172021836029648,3.2178659011004314,2.4468340988995685,12940004.135
2025-06-01 00:00:00+00:00,2.421,2.474,2.352,2.462,8351113.6,2.7961,2.5284,3.974015,41.08614478361612,-0.036240572262410176,0.027961217471253953,-0.06420178973366412,3.177731707279784,2.414468292720216,12421935.795
2025-06-02 00:00:00+00:00,2.463,2.516,2.374,2.503,10185792.5,2.7607500000000003,2.5283,3.9594549999999997,42.788456832114655,-0.04707630697128762,0.012953712582745639,-0.060030019554033254,3.1122655046385406,2.40923449536146,12377215.58
2025-06-03 00:00:00+00:00,2.504,2.591,2.475,2.506,9450772.3,2.7335000000000003,2.5282666666666667,3.9441949999999997,42.91842582470258,-0.054790044341818334,-0.0005950388021671547,-0.054195005539651175,3.0751480645361418,2.3918519354638588,12277808.2
2025-06-04 00:00:00+00:00,2.506,2.577,2.419,2.435,9179422.9,2.71115,2.5281333333333333,3.926645,40.56945797179887,-0.06587300046583078,-0.013650631134899881,-0.0522223693309309,3.069109927926709,2.353190072073291,11958669.29
2025-06-05 00:00:00+00:00,2.435,2.52,2.224,2.247,13420715.5,2.68375,2.5295500000000004,3.9093549999999997,35.09258319952882,-0.08880268973147265,-0.02868104285421444,-0.06012164687725821,3.0921776557743104,2.2753223442256894,12182236.965
2025-06-06 00:00:00+00:00,2.246,2.367,2.243,2.314,9464165.1,2.6648,2.5328166666666667,3.8908199999999997,38.28994075737661,-0.10041082018482195,-0.04302699832033594,-0.057383821864486005,3.10377908834169,2.2258209116583103,12260745.385000002
2025-06-07 00:00:00+00:00,2.315,2.465,2.302,2.423,5054418.7,2.64265,2.5414000000000003,3.87402,43.19266716220492,-0.099666069740183,-0.05435481260430535,-0.04531125713587764,3.0834870560664163,2.201812943933584,11882792.309999999
2025-06-08 00:00:00+00:00,2.423,2.463,2.371,2.421,5876054.8,2.6252500000000003,2.5467166666666667,3.85874,43.12496560816163,-0.09810632429506505,-0.0631051149424573,-0.035001209352607754,3.0721942358967245,2.178305764103276,11611802.045
2025-06-09 00:00:00+00:00,2.421,2.552,2.371,2.543,8815827.0,2.61175,2.5557000000000003,3.842505,48.43456571245817,-0.08603408698854675,-0.06769090935167518,-0.01834317763687157,3.0514466568002403,2.1720533431997593,11559720.945
2025-06-10 00:00:00+00:00,2.544,2.666,2.501,2.662,12020507.7,2.6017,2.5652500000000003,3.8251350000000004,53.0397050093571,-0.06610245847787244,-0.06737321917691463,0.001270760699042195,3.0269162273494628,2.1764837726505375,11298960.334999999
2025-06-11 00:00:00+00:00,2.662,2.73,2.556,2.573,10173942.1,2.57655,2.5712666666666664,3.807045,49.480554314739344,-0.05683292094412096,-0.0652651595303559,0.008432238586234944,2.9418599916527244,2.211240008347276,11084057.03
2025-06-12 00:00:00+00:00,2.573,2.581,2.365,2.369,9888172.1,2.5551500000000003,2.57585,3.784525,42.44919100450281,-0.06519629842116315,-0.06525138730851736,5.508888735421269e-05,2.916419027182398,2.1938809728176025,10638216.475
2025-06-13 00:00:00+00:00,2.369,2.37,2.159,2.24,19293339.8,2.5284500000000003,2.577933333333333,3.763425,38.70375555535506,-0.08129642267330528,-0.06846039438147494,-0.012836028291830337,2.899864310442288,2.1570356895577127,11268997.22
2025-06-14 00:00:00+00:00,2.239,2.249,2.159,2.232,6672462.8,2.5002500000000003,2.58115,3.741995,38.477020177065825,-0.09362220181474656,-0.07349275586812927,-0.020129445946617294,2.871770591624911,2.1287294083750896,11134172.97
2025-06-15 00:00:00+00:00,2.233,2.272,2.17,2.228,5184333.5,2.4732,2.5855,3.7190499999999997,38.35602877616956,-0.10253131992482434,-0.07930046867946829,-0.02323085124535605,2.8412753183810717,2.105124681618928,10923816.73
2025-06-16 00:00:00+00:00,2.228,2.387,2.205,2.272,10042413.2,2.44595,2.5891666666666664,3.695335,40.56982406365039,-0.10483297861591279,-0.08440697066675719,-0.020426007949155597,2.787952616950998,2.1039473830490016,10863910.125
2025-06-17 00:00:00+00:00,2.272,2.301,2.097,2.14,12524666.1,2.40945,2.590566666666667,3.67122,36.35206407270304,-0.11597150917313748,-0.09071987836803325,-0.02525163080510423,2.716686374801774,2.102213625198226,10944282.405
2025-06-18 00:00:00+00:00,2.14,2.202,2.072,2.187,10805064.3,2.3811,2.5906499999999997,3.6471200000000006,38.79209247392332,-0.1196273777387904,-0.09650137824218467,-0.023125999496605723,2.6591884032126116,2.1030115967873884,10596495.42
2025-06-19 00:00:00+00:00,2.187,2.213,2.143,2.181,8172312.1,2.36795,2.5896166666666667,3.6234499999999996,38.58871215788361,-0.12160701974619625,-0.10152250654298699,-0.020084513203209267,2.6575327860929265,2.0783672139070735,9931683.16
2025-06-20 00:00:00+00:00,2.182,2.201,2.018,2.075,9320143.1,2.35065,2.58725,3.596425,35.088679956631296,-0.13022802679192802,-0.1072636105927752,-0.02296441619915282,2.665708899257494,2.0355911007425056,9694781.959999999
2025-06-21 00:00:00+00:00,2.075,2.105,1.903,1.973,8464747.8,2.3262,2.5800666666666667,3.569355,32.07398314493069,-0.14363504910078406,-0.11453789829437698,-0.029097150806407082,2.6767924129261034,1.9756075870738967,9700463.67
2025-06-22 00:00:00+00:00,1.972,2.008,1.793,1.898,21111804.9,2.29595,2.570533333333333,3.541495,30.030879327587044,-0.15848516573477944,-0.12332735178245748,-0.03515781395232197,2.682827487069681,1.9090725129303188,10246764.290000001
2025-06-23 00:00:00+00:00,1.898,2.149,1.864,2.123,18642754.3,2.2767999999999997,2.5635166666666667,3.514025,41.972820745191044,-0.15036505579577497,-0.128734892585121,-0.021630163210653974,2.658068199567383,1.8955318004326165,10706363.389999999
2025-06-24 00:00:00+00:00,2.123,2.23,2.111,2.19,13359845.3,2.2645500000000003,2.556366666666667,3.484875,44.98398612905753,-0.13694485506526455,-0.13037688508114972,-0.006567969984114824,2.640404479820789,1.8886955201792117,10915384.510000002
2025-06-25 00:00:00+00:00,2.19,2.198,2.114,2.139,9110942.6,2.25915,2.5483,3.456955,43.148508910354565,-0.12893820372295295,-0.13008914880951036,0.0011509450865574145,2.638940613366571,1.8793593866334288,10699895.865
2025-06-26 00:00:00+00:00,2.138,2.191,2.024,2.05,11957630.1,2.24595,2.5409999999999995,3.428085,40.07542964092958,-0.12829552015022472,-0.12973042307765326,0.0014349029274285385,2.6354252752118654,1.8564747247881348,10824569.114999998
2025-06-27 00:00:00+00:00,2.051,2.13,2.024,2.113,10760814.6,2.2304500000000003,2.5331499999999996,3.406135,43.16136507920104,-0.12130429489922445,-0.1280451974419675,0.006740902542743038,2.61515220950933,1.8457477904906705,11109888.91
2025-06-28 00:00:00+00:00,2.113,2.184,2.089,2.166,5123834.0,2.2177,2.5271,3.38485,45.69498713657534,-0.11021653386326458,-0.12447946472622691,0.014262930862962334,2.5930857216269176,1.8423142783730817,11072277.87
2025-06-29 00:00:00+00:00,2.167,2.296,2.112,2.259,8423965.5,2.2035,2.5237,3.3618949999999996,49.9139592705995,-0.0928547093038854,-0.11815451364175862,0.025299804337873225,2.5488766060423953,1.8581233939576047,11052684.794999998
2025-06-30 00:00:00+00:00,2.259,2.276,2.111,2.148,10642399.3,2.1778000000000004,2.5171333333333332,3.33807,45.38210357722951,-0.08704866773395725,-0.11193334446019836,0.024884676726241103,2.4520528760129374,1.9035471239870634,10983779.375
2025-07-01 00:00:00+00:00,2.149,2.166,2.017,2.04,7506594.6,2.1511500000000003,2.5093,3.3135899999999996,41.43974115904639,-0.09012315177194541,-0.10757130592254778,0.01744815415060237,2.3631285602398773,1.9391714397601236,10850412.0
2025-07-02 00:00:00+00:00,2.04,2.27,2.022,2.22,14532650.0,2.1437,2.505933333333333,3.29127,49.338886228938705,-0.07714591673878024,-0.10148622808579427,0.024340311347014032,2.333882123243411,1.9535178767565888,11082635.895
2025-07-03 00:00:00+00:00,2.221,2.363,2.214,2.275,13136681.5,2.14545,2.50515,3.26835,51.49199221568001,-0.06171194722004625,-0.09353137191264468,0.031819424692598436,2.3397440812309314,1.9511559187690684,10774802.98
2025-07-04 00:00:00+00:00,2.275,2.299,2.099,2.134,10507784.8,2.14055,2.5021333333333335,3.24594,46.08460298157044,-0.060164399053288076,-0.08685797734077337,0.026693578287485295,2.3307661665089814,1.950333833491019,10966569.08
2025-07-05 00:00:00+00:00,2.135,2.161,2.096,2.149,4434850.2,2.1366,2.4991333333333334,3.2247649999999997,46.72555234794668,-0.057069717167044676,-0.08090032530602764,0.023830608138982967,2.3226230093331814,1.9505769906668184,10929094.915
2025-07-06 00:00:00+00:00,2.15,2.224,2.112,2.18,6010306.9,2.132,2.4974000000000003,3.20723,48.098783264239174,-0.05152180723147426,-0.07502462169111698,0.023502814459642724,2.308720117704164,1.9552798822958362,10727489.6
2025-07-07 00:00:00+00:00,2.181,2.215,2.132,2.159,7180956.6,2.13295,2.4877833333333332,3.19202,47.210993686190726,-0.04826322472091116,-0.06967234229707582,0.021409117576164663,2.310035826652992,1.9558641733470084,10460304.125
2025-07-08 00:00:00+00:00,2.159,2.259,2.12,2.244,8864097.1,2.1358,2.4768333333333334,3.1764700000000006,51.14193474244198,-0.0383795691958726,-0.06341378767683517,0.025034218480962572,2.3180334766209905,1.9535665233790096,10363255.764999999
2025-07-09 00:00:00+00:00,2.245,2.36,2.204,2.339,10833621.7,2.1437,2.4599833333333336,3.1630450000000003,55.16077297231378,-0.022620242853510497,-0.05525507871217024,0.03263483585865974,2.3457119798461763,1.9416880201538234,10496321.245000001
2025-07-10 00:00:00+00:00,2.339,2.536,2.318,2.515,10789627.6,2.1657,2.4495666666666667,3.15043,61.48200432657681,0.0040244742848472015,-0.043399168112766756,0.04742364239761396,2.4216328818291415,1.9097671181708589,10569795.47
2025-07-11 00:00:00+00:00,2.516,2.641,2.42,2.505,16497053.9,2.1923,2.4381999999999997,3.1357599999999994,60.95618881999162,0.024056381167778973,-0.029908058256657613,0.053964439424436586,2.472067117441213,1.9125328825587864,10971410.775
2025-07-12 00:00:00+00:00,2.505,2.556,2.405,2.482,10024677.2,2.2215,2.426066666666667,3.1204100000000006,59.69170899395825,0.03764199047870509,-0.016398048509585074,0.054040038988290164,2.4941202487002054,1.9488797512997944,10417054.39
2025-07-13 00:00:00+00:00,2.483,2.592,2.469,2.531,7233596.5,2.2419000000000002,2.4173999999999998,3.10583,61.522963240491016,0.05176584973394682,-0.002765268860878696,0.05453111859482552,2.541691194002358,1.9421088059976426,9846596.5
2025-07-14 00:00:00+00:00,2.531,2.697,2.524,2.579,14187748.0,2.2613499999999997,2.4123500000000004,3.093295,63.2827275768402,0.06607068704521701,0.011001922320340448,0.05506876472487657,2.5938407667911343,1.9288592332088652,9887991.635
2025-07-15 00:00:00+00:00,2.579,2.672,2.479,2.67,13857400.7,2.2879,2.4102666666666663,3.0810650000000006,66.41845566693137,0.08378449762190732,0.025558437380653824,0.05822606024125349,2.6595659252626653,1.9162340747373348,10125314.540000001
2025-07-16 00:00:00+00:00,2.671,2.818,2.61,2.73,14911193.0,2.3219,2.4108833333333335,3.068,68.3384281226351,0.10149435493843795,0.04074562089221065,0.0607487340462273,2.7235002490055855,1.920299750994414,10272992.684999999
2025-07-17 00:00:00+00:00,2.731,2.863,2.659,2.817,17296681.9,2.3571,2.410066666666667,3.0564400000000003,70.933447164042,0.12115313938941297,0.05682712459165111,0.06432601479776186,2.800522552427528,1.9136774475724718,10599786.05
2025-07-18 00:00:00+00:00,2.818,3.041,2.721,2.805,18255369.3,2.38905,2.4106666666666663,3.04523,70.08024807307144,0.13421739342491223,0.07230517835830334,0.06191221506660889,2.863770328194759,1.9143296718052412,11256362.815000001
2025-07-19 00:00:00+00:00,2.804,2.949,2.739,2.918,9521366.3,2.422,2.4124166666666667,3.0352550000000003,73.33302948663498,0.1519376221601343,0.08823166711866953,0.06370595504146476,2.9450598436138407,1.8989401563861599,11311232.855
2025-07-20 00:00:00+00:00,2.918,3.07,2.882,2.976,12221981.1,2.4634,2.4143,3.023705,74.84471143978777,0.16871629000499322,0.10432859169593427,0.06438769830905895,3.0229567531549675,1.9038432468450326,11390211.945
2025-07-21 00:00:00+00:00,2.976,3.101,2.91,3.022,15030754.5,2.5125,2.4133999999999998,3.0115799999999995,76.00641778549085,0.1836087928463499,0.12018463192601739,0.06342416092033251,3.0869682758876444,1.938031724112356,11766419.940000001
2025-07-22 00:00:00+00:00,3.023,3.053,2.851,3.03,19539676.5,2.553,2.417283333333333,2.99764,76.21216727797696,0.19382247692038845,0.13491220092489162,0.058910275995496836,3.1529189945328593,1.9530810054671406,12016771.265
2025-07-23 00:00:00+00:00,3.031,3.038,2.659,2.754,17315760.9,2.57695,2.41695,2.98247,57.7977367985232,0.17759875387958823,0.14344951151583094,0.0341492423637573,3.1687538441927474,1.9851461558072527,12225725.235
2025-07-24 00:00:00+00:00,2.755,2.828,2.581,2.717,18267028.7,2.6061,2.415633333333333,2.966515,55.849548322493604,0.15991237538460723,0.1467420842895862,0.01317029109502102,3.1642350732585345,2.0479649267414657,12613687.43
2025-07-25 00:00:00+00:00,2.718,2.869,2.602,2.855,15336781.0,2.6414,2.4170666666666665,2.9507100000000004,61.11423820696565,0.15524170989270303,0.14844200941020957,0.006799700482493454,3.167833813504893,2.114966186495107,13158783.97
2025-07-26 00:00:00+00:00,2.854,2.935,2.838,2.882,6542357.6,2.6765,2.41815,2.938295,62.0672993601932,0.15196706644585278,0.14914702081733822,0.002820045628514567,3.167625442225609,2.1853745577743906,13185386.504999999
2025-07-27 00:00:00+00:00,2.883,2.978,2.878,2.963,8298608.4,2.7167000000000003,2.4197,2.927345,64.85056372343303,0.1541311826462315,0.15014385318311688,0.003987329463114614,3.161216861323949,2.2721831386760516,13241269.095
2025-07-28 00:00:00+00:00,2.963,3.016,2.721,2.752,13913787.1,2.7420999999999998,2.419666666666666,2.9162150000000002,53.78055221614032,0.13723832573602923,0.14756274769369934,-0.01032442195767011,3.130139637152303,2.3540603628476964,13493753.595000003
2025-07-29 00:00:00+00:00,2.751,2.834,2.659,2.723,13200628.5,2.7613000000000003,2.424316666666667,2.9044049999999997,52.45522446293367,0.12012582159571705,0.1420753624741029,-0.021949540878385854,3.102877575378257,2.4197224246217437,13612103.934999999
2025-07-30 00:00:00+00:00,2.724,2.736,2.508,2.657,13128271.6,2.7684,2.4282500000000002,2.892255,49.467447607433456,0.10008467651033559,0.13367722528134945,-0.033592548771013864,3.09476874850587,2.4420312514941305,13729036.135
2025-07-31 00:00:00+00:00,2.657,2.737,2.524,2.535,8814362.5,2.7699000000000003,2.429466666666667,2.880065,44.42973164289281,0.07351016481654327,0.12164381318838823,-0.04813364837184496,3.0916557458714413,2.448144254128559,13344901.565
2025-08-01 00:00:00+00:00,2.534,2.55,2.352,2.414,23048769.6,2.7664999999999997,2.427983333333333,2.8683799999999997,40.07105025990121,0.04219953411836963,0.10575495737438452,-0.06355542325601489,3.101516716002781,2.4314832839972187,13996106.184999999
2025-08-02 00:00:00+00:00,2.415,2.452,2.301,2.348,8776964.0,2.75735,2.4253500000000003,2.8548500000000003,37.887702320871156,0.011922549564320484,0.08698847581237172,-0.07506592624805124,3.125911677336765,2.3887883226632356,14073274.559999999
2025-08-03 00:00:00+00:00,2.348,2.459,2.313,2.444,4792901.5,2.7506,2.4255,2.8404849999999997,42.77211035582428,-0.004276484483032306,0.06873548375329092,-0.07301196823632322,3.1365162603483947,2.364683739651605,13603532.235
2025-08-04 00:00:00+00:00,2.444,2.57,2.441,2.552,7560879.0,2.7447,2.430583333333333,2.827445,47.750131631123395,-0.008303915893544733,0.053327603823923785,-0.06163151971746852,3.138884271631037,2.350515728368963,13288706.15
2025-08-05 00:00:00+00:00,2.554,2.557,2.392,2.468,10430990.4,2.7316000000000003,2.43315,2.811015,44.50732728420086,-0.018065534053991694,0.039048976248340694,-0.05711451030233239,3.143867097888363,2.3193329021116376,13064696.02
2025-08-06 00:00:00+00:00,2.469,2.528,2.385,2.489,8687298.5,2.7152000000000003,2.43425,2.7962350000000002,45.50373617540589,-0.02383243678307112,0.026472693642058332,-0.05030513042512945,3.138520965700135,2.2918790342998654,12634226.85
2025-08-07 00:00:00+00:00,2.489,2.656,2.468,2.651,6288182.7,2.7075,2.438083333333333,2.7845850000000003,52.57773024769385,-0.015155993772713483,0.01814695615910397,-0.033302949931817455,3.129607806136413,2.285392193863587,12035867.52
2025-08-08 00:00:00+00:00,2.651,2.764,2.608,2.712,11110772.6,2.6971999999999996,2.4409,2.772645,54.949108621841596,-0.0033193960435422554,0.013853685718574725,-0.01717308176211698,3.1081654973368167,2.2862345026631825,12115337.835
2025-08-09 00:00:00+00:00,2.713,2.859,2.705,2.831,8196835.3,2.68995,2.4437166666666665,2.760545,59.232023867083754,0.015484997004025391,0.014179947975664858,0.0013050490283605335,3.0858249676366243,2.294075032363376,11914080.544999998
2025-08-10 00:00:00+00:00,2.831,2.87,2.695,2.754,11744994.8,2.6765499999999998,2.4467333333333334,2.748835,55.55189189528479,0.023898866234979277,0.01612373162752774,0.0077751346074515365,3.0436573276322605,2.309442672367739,11749792.559999999
2025-08-11 00:00:00+00:00,2.754,2.83,2.578,2.601,14279822.7,2.6551,2.4506,2.73694,49.032908628236356,0.01801344906567026,0.016501675115156246,0.0015117739505140157,2.98537800411366,2.32482199588634,11486799.87
2025-08-12 00:00:00+00:00,2.601,2.825,2.565,2.787,12919041.1,2.6567499999999997,2.4597166666666666,2.72586,55.82039590859886,0.02803469260463709,0.018808278613052416,0.009226413991584675,2.989309693891642,2.3241903061083575,11266963.88
2025-08-13 00:00:00+00:00,2.787,3.046,2.754,2.997,17725323.0,2.67075,2.472466666666667,2.716205,61.97718747588492,0.05231874731346142,0.02551037235313422,0.026808374960327203,3.034398112880159,2.307101887119841,11239878.595
2025-08-14 00:00:00+00:00,2.998,3.06,2.692,2.759,24269353.8,2.6659499999999996,2.4813166666666664,2.7062049999999997,52.96794809593726,0.05176273607606241,0.030760845097719862,0.021001890978342548,3.0222024245549792,2.30969757544502,11686507.235
2025-08-15 00:00:00+00:00,2.758,2.848,2.625,2.708,14216639.9,2.65725,2.488583333333333,2.69655,51.24878247756698,0.04666884993763176,0.03394244606570224,0.012726403871929519,3.0002239786066904,2.3142760213933093,12070221.35
2025-08-16 00:00:00+00:00,2.707,2.767,2.682,2.742,7513133.5,2.6462,2.498616666666666,2.6888399999999995,52.3589270151298,0.044858325470911176,0.03612562194674403,0.008732703524167149,2.962242149089807,2.330157850910193,12030947.605
2025-08-17 00:00:00+00:00,2.742,2.843,2.694,2.702,10149852.7,2.6437,2.5072,2.68026,50.89068346670404,0.0397377342166898,0.036848044400733186,0.0028896898159566156,2.9571352245700924,2.3302647754299075,11842750.885000002
2025-08-18 00:00:00+00:00,2.701,2.702,2.544,2.575,14106376.1,2.6363,2.5137666666666667,2.67012,46.43811731481072,0.02514196916889011,0.034506829354364575,-0.009364860185474465,2.9488841326767967,2.323715867323203,11888038.265
2025-08-19 00:00:00+00:00,2.576,2.6,2.418,2.422,11643815.2,2.62455,2.51955,2.659135,41.704164594379705,0.0012148943403418322,0.027848442351560025,-0.026633548011218193,2.9505190015957146,2.2985809984042858,11813815.445
2025-08-20 00:00:00+00:00,2.423,2.564,2.413,2.547,9913750.9,2.62515,2.5291166666666665,2.6505799999999997,46.50245399625228,-0.007573724335476761,0.02076400901415267,-0.02833773334962943,2.9505010565547725,2.2997989434452277,11868784.865
2025-08-21 00:00:00+00:00,2.546,2.57,2.436,2.445,6441912.2,2.6267000000000005,2.538233333333333,2.644055,43.36576970321072,-0.022509836126098026,0.01210923998610253,-0.03461907611220055,2.948286131543801,2.3051138684562,11038441.995
2025-08-22 00:00:00+00:00,2.446,2.718,2.369,2.688,19778990.8,2.6437,2.54765,2.6386199999999995,51.72076324203117,-0.014570780279706153,0.006773235932940795,-0.02134401621264695,2.939467543860553,2.347932456139447,11588543.334999999
2025-08-23 00:00:00+00:00,2.688,2.718,2.605,2.7,7327283.5,2.6565000000000003,2.55615,2.63515,52.09659472583,-0.007227408545015468,0.003973107037349543,-0.011200515582365012,2.9384237485585465,2.374576251441454,11715262.434999999
2025-08-24 00:00:00+00:00,2.7,2.788,2.576,2.657,14947241.4,2.66175,2.564783333333333,2.63204,50.57723795904008,-0.004821890421881303,0.002214107545503374,-0.007035997967384677,2.939575034871413,2.383924965128587,12084580.555
2025-08-25 00:00:00+00:00,2.656,2.688,2.349,2.398,15931166.7,2.65825,2.5705833333333334,2.628315,42.5313249652133,-0.023543243568464156,-0.002937362677290132,-0.020605880891174023,2.947287627310532,2.3692123726894674,12359589.370000001
2025-08-26 00:00:00+00:00,2.397,2.547,2.377,2.526,10649679.9,2.6601,2.577466666666667,2.624915,47.017227111584845,-0.027731845109878694,-0.007896259163807845,-0.01983558594607085,2.9452279712713256,2.374972028728674,12457708.440000001
2025-08-27 00:00:00+00:00,2.526,2.577,2.495,2.519,9521835.8,2.6535,2.58335,2.62108,46.80206964413828,-0.03125588511970623,-0.012568184354987522,-0.018687700764718707,2.9452001885520525,2.361799811447948,12619391.095
2025-08-28 00:00:00+00:00,2.518,2.567,2.477,2.545,9082971.9,2.64515,2.5881166666666666,2.617915,47.758330654168056,-0.03158661863031531,-0.016371871210053082,-0.015214747420262228,2.939225007440796,2.3510749925592043,12518001.059999999
2025-08-29 00:00:00+00:00,2.545,2.551,2.391,2.43,14150848.5,2.6250999999999998,2.5928166666666668,2.6140250000000003,43.99163132487794,-0.04065956803457782,-0.02122941057495803,-0.01943015745961979,2.920433641838018,2.3297663581619816,12815701.72
2025-08-30 00:00:00+00:00,2.43,2.464,2.393,2.435,3638301.6,2.60915,2.5994000000000006,2.6101900000000002,44.197704152981366,-0.04690578687797897,-0.02636468583556222,-0.020541101042416753,2.9093314617882142,2.308968538211786,12410367.06
2025-08-31 00:00:00+00:00,2.435,2.483,2.364,2.367,5591793.7,2.5974500000000003,2.60185,2.6048749999999994,41.93776532018476,-0.05668951062277516,-0.032429650793004805,-0.024259859829770358,2.9156879455710945,2.279212054428906,11975965.61
2025-09-01 00:00:00+00:00,2.366,2.453,2.279,2.34,13274722.1,2.5751,2.6029333333333335,2.5996949999999996,41.04044284142839,-0.06586263309379481,-0.03911624725316281,-0.026746385840632,2.899672888580229,2.2505271114197707,11993749.66
2025-09-02 00:00:00+00:00,2.341,2.441,2.319,2.439,9646582.7,2.5472,2.6080166666666664,2.594135,45.633781850814906,-0.06440154519395191,-0.044173306841320634,-0.02022823835263128,2.812414328423858,2.2819856715761424,11589812.645
2025-09-03 00:00:00+00:00,2.439,2.494,2.421,2.469,6026890.2,2.5327,2.6133499999999996,2.5894549999999996,46.981722117745306,-0.06012973507078234,-0.047364592487212975,-0.012765142583569367,2.7811931387409317,2.2842068612590687,10677689.465
2025-09-04 00:00:00+00:00,2.468,2.477,2.359,2.376,5984615.2,2.5161,2.6166166666666664,2.584255,43.390192304600454,-0.06351643956037023,-0.05059496190184443,-0.012921477658525797,2.759844866615324,2.2723551333846754,10266088.23
2025-09-05 00:00:00+00:00,2.375,2.478,2.366,2.399,11655802.6,2.49895,2.6206166666666664,2.579955,44.51977575947508,-0.0636112486099294,-0.05319821924346143,-0.010413029366467964,2.7242750762816352,2.2736249237183643,10473221.685
2025-09-06 00:00:00+00:00,2.398,2.41,2.374,2.402,2938241.9,2.48395,2.6232499999999996,2.5762650000000002,44.674845614048266,-0.06272129845092334,-0.05510283508495382,-0.0076184633659695175,2.6925294572850524,2.2753705427149478,10112641.145
2025-09-07 00:00:00+00:00,2.403,2.488,2.4,2.465,4891282.3,2.4784499999999996,2.6253499999999996,2.5727999999999995,47.964091152034904,-0.05628363039528139,-0.05533899414701934,-0.0009446362482620554,2.6828960564582442,2.274003943541755,9651886.455
2025-09-08 00:00:00+00:00,2.464,2.597,2.452,2.576,7823855.3,2.48615,2.626366666666667,2.568345,53.23910481739654,-0.04174376362353582,-0.05261994804232264,0.010876184418786815,2.6930966356366457,2.279203364363354,9460888.46
2025-09-09 00:00:00+00:00,2.577,2.796,2.576,2.634,21161601.9,2.4905,2.6285166666666666,2.5649650000000004,55.762584920991074,-0.02524963708016248,-0.04714588584989061,0.02189624876972813,2.705866199765251,2.275133800234749,10023281.01
2025-09-10 00:00:00+00:00,2.634,2.734,2.618,2.727,10951758.6,2.5046,2.6325999999999996,2.56126,59.5335444613863,-0.004620339793130146,-0.038640776638538515,0.03402043684540837,2.7420021061434037,2.267197893856596,10248773.330000002
2025-09-11 00:00:00+00:00,2.726,2.772,2.674,2.745,11627765.8,2.50745,2.636166666666667,2.55782,60.2399966630049,0.013030765942216416,-0.028306468122387532,0.04133723406460395,2.7547526283752832,2.2601473716247167,9841212.08
2025-09-12 00:00:00+00:00,2.744,2.813,2.674,2.792,10269661.3,2.51205,2.6397166666666667,2.556455,62.100502777250654,0.030460768829542406,-0.016553020732001544,0.04701378956154395,2.776346405577758,2.247753594422242,9988330.97
2025-09-13 00:00:00+00:00,2.792,2.889,2.768,2.81,12029689.3,2.5197000000000003,2.6420500000000002,2.55546,62.818091650443634,0.04520552016485979,-0.004201312552629278,0.049406832717489066,2.8080942440502614,2.231305755949739,9842453.364999998
2025-09-14 00:00:00+00:00,2.81,2.818,2.673,2.706,7398340.0,2.5351,2.64165,2.553875,56.197391456669344,0.04794621685019562,0.006228193327935703,0.04171802352225992,2.828701702994583,2.2414982970054167,9415812.03
2025-09-15 00:00:00+00:00,2.705,2.778,2.577,2.626,12996176.0,2.5401,2.6384666666666665,2.551715,51.68482544311201,0.04316532431762177,0.013615619525872917,0.02954970479174885,2.8363059418737553,2.2438940581262443,9533136.834999999
2025-09-16 00:00:00+00:00,2.626,2.736,2.579,2.708,10198575.8,2.54955,2.6368500000000004,2.549925,55.61866232461264,0.04546900880842397,0.019986297382383132,0.02548271142604084,2.85439387807748,2.24470612192252,9566973.834999999
2025-09-17 00:00:00+00:00,2.708,2.836,2.648,2.824,14196018.2,2.5635000000000003,2.635283333333333,2.547685,60.51622781834423,0.05600928573075148,0.027190895052056803,0.028818390678694676,2.890932130374091,2.2360678696259098,9822626.15
2025-09-18 00:00:00+00:00,2.824,3.268,2.803,3.175,31510705.1,2.60075,2.6386,2.5457899999999998,70.95916692453976,0.09162905499205376,0.0400785270400562,0.05155052795199756,3.0165426767047614,2.184957323295239,10690618.98
2025-09-19 00:00:00+00:00,3.176,3.342,3.092,3.12,33893185.1,2.6350000000000002,2.6402333333333337,2.5465299999999997,67.92744313126732,0.11410461147891926,0.05488374392782881,0.05922086755109045,3.1004253968159725,2.169574603184028,12203363.155
2025-09-20 00:00:00+00:00,3.12,3.283,3.05,3.156,18215306.8,2.6744499999999998,2.6423333333333336,2.548255,68.86511918715823,0.1332851231255643,0.07056401976737592,0.06272110335818837,3.174768888311544,2.1741311116884554,12834538.81
2025-09-21 00:00:00+00:00,3.155,3.169,3.07,3.129,8221274.4,2.7138999999999998,2.6485833333333333,2.548955,67.27646864156293,0.14463982457948177,0.0853791807297971,0.05926064384968467,3.2267796739989736,2.201020326001026,12581866.425
2025-09-22 00:00:00+00:00,3.129,3.161,2.753,2.962,24463376.1,2.74005,2.6526666666666667,2.548485,58.315580317430715,0.13856570378606126,0.09601648534104992,0.04254921844501133,3.247501465660796,2.2325985343392043,13322706.095
2025-09-23 00:00:00+00:00,2.962,3.134,2.855,2.919,23471364.9,2.76255,2.6537333333333333,2.54837,56.23847701292491,0.12879748146886838,0.10257268456661363,0.02622479690225475,3.2597350661487,2.2653649338513002,14194929.830000002
2025-09-24 00:00:00+00:00,2.919,3.119,2.866,3.023,16787194.0,2.7949,2.656083333333333,2.54906,59.953704487832844,0.12797283456543918,0.10765271456637875,0.02032011999906043,3.2710192707728623,2.318780729227138,14735058.770000001
2025-09-25 00:00:00+00:00,3.022,3.038,2.705,2.728,24370347.1,2.81135,2.6521666666666666,2.549935,47.60731371409587,0.10233560027283284,0.10658929170766956,-0.004253691434836726,3.2531134095319345,2.3695865904680655,15370785.995
2025-09-26 00:00:00+00:00,2.728,2.798,2.624,2.778,16306592.0,2.83015,2.6526,2.5524,49.505339566097426,0.08507183437095822,0.1022858002403273,-0.017213965869369074,3.2307122423560126,2.4295877576439877,16039203.5
2025-09-27 00:00:00+00:00,2.777,2.777,2.685,2.728,5432660.9,2.8433,2.6526833333333335,2.553795,47.646478428793685,0.06658800827266953,0.09514624184679575,-0.02855823357412622,3.2109662073148346,2.4756337926851657,16066272.430000002
2025-09-28 00:00:00+00:00,2.729,2.816,2.648,2.8,7185220.7,2.8545000000000003,2.655066666666666,2.555015,50.527245667240194,0.05709113018115941,0.0875352195136685,-0.030444089332509083,3.2020079855215897,2.506992014478411,16034340.7
2025-09-29 00:00:00+00:00,2.8,2.835,2.689,2.775,13893789.9,2.8615500000000003,2.6590666666666665,2.55603,49.508572493569076,0.04700564301338117,0.07942930421361104,-0.03242366120022987,3.196367846001781,2.5267321539982195,15670950.1
2025-09-30 00:00:00+00:00,2.775,2.789,2.563,2.629,14050848.5,2.8566499999999997,2.66265,2.556135,43.93746234323748,0.02692150756269074,0.06892774488342698,-0.042006237320736245,3.2019065857464164,2.511393414253583,15825904.594999999
2025-10-01 00:00:00+00:00,2.629,2.877,2.615,2.833,18952060.3,2.86105,2.670733333333333,2.55709,52.05567693734459,0.027152780271549215,0.060572751961051434,-0.03341997168950222,3.2027273185350063,2.519372681464994,16192119.319999998
2025-10-02 00:00:00+00:00,2.833,3.01,2.821,2.968,19961035.4,2.86985,2.679466666666667,2.5593500000000002,56.54064482349609,0.03779377421414143,0.056016956411669434,-0.018223182197528005,3.21302300301928,2.52667699698072,16676688.025000002
2025-10-03 00:00:00+00:00,2.969,3.084,2.889,3.032,19818244.1,2.88095,2.687466666666667,2.561325,58.52160166353097,0.05080545010404558,0.054974655150144665,-0.004169205046099085,3.229972907559474,2.531927092440526,17066115.765
2025-10-04 00:00:00+00:00,3.032,3.043,2.878,2.961,11900786.0,2.8937,2.695683333333333,2.5632,55.4992703760097,0.05475698591403866,0.054931121302923464,-0.00017413538888480518,3.2347672074551688,2.552632792544831,17291238.065
2025-10-05 00:00:00+00:00,2.961,3.181,2.933,2.957,20625298.9,2.9102500000000004,2.703483333333333,2.5640300000000003,55.3259136151755,0.05690981897412861,0.055326860837164496,0.001582958136964116,3.2291542959906074,2.5913457040093935,17672694.21
2025-10-06 00:00:00+00:00,2.957,3.088,2.933,3.049,16702710.3,2.9273,2.7101166666666665,2.56557,58.534083091046746,0.06528699793603288,0.05731888825693818,0.007968109679094698,3.23747162991038,2.6171283700896195,17997900.935
2025-10-07 00:00:00+00:00,3.049,3.072,2.903,2.949,21389957.3,2.93355,2.7140666666666666,2.56674,53.99515530275155,0.06312909543682999,0.058480929692916545,0.0046481657439134405,3.2401608119444925,2.6269391880555073,18357597.89
2025-10-08 00:00:00+00:00,2.949,3.023,2.897,2.964,16391045.0,2.923,2.7162833333333336,2.5679000000000003,54.56429343230712,0.0619155923911654,0.059167862232566315,0.002747730158599082,3.209514921079623,2.636485078920377,17601614.884999998
2025-10-09 00:00:00+00:00,2.964,2.967,2.809,2.88,17356845.6,2.911,2.7183833333333336,2.56841,50.77598621752611,0.053558396644378004,0.05804596911492866,-0.004487572470550656,3.1832550275041114,2.6387449724958887,16774797.910000002
2025-10-10 00:00:00+00:00,2.88,3.228,1.55,2.382,79343242.8,2.8723,2.7147333333333337,2.565715,35.181134849626304,0.006673888333995848,0.047771552958742095,-0.04109766462474625,3.207106272344576,2.5374937276554244,19831194.71
2025-10-11 00:00:00+00:00,2.381,2.58,2.184,2.3,41322360.1,2.8308500000000003,2.7066166666666667,2.562085,33.36406737336385,-0.036676354796178146,0.030881971407758047,-0.06755832620393619,3.22777481656011,2.4339251834398907,21486248.994999997
2025-10-12 00:00:00+00:00,2.3,2.519,2.218,2.456,31877780.4,2.8055499999999998,2.6976,2.559445,39.740558265652616,-0.05777781189479114,0.013150014747248211,-0.07092782664203935,3.229403028774456,2.3816969712255434,21856969.21
2025-10-13 00:00:00+00:00,2.457,2.682,2.414,2.619,27963610.2,2.79055,2.695266666666667,2.557475,45.598339014751645,-0.06064900692196851,-0.0016097895865951322,-0.05903921733537337,3.2184955456028055,2.3626044543971947,22081581.475
2025-10-14 00:00:00+00:00,2.619,2.636,2.338,2.46,26681981.8,2.7624,2.6911333333333336,2.556105,41.37337370144508,-0.07489112260511943,-0.016266056190299992,-0.05862506641481944,3.1994512098156083,2.3253487901843917,22576320.865
2025-10-15 00:00:00+00:00,2.46,2.523,2.292,2.325,17626417.6,2.74225,2.684183333333334,2.5549,38.14191955332478,-0.0959652460308913,-0.03220589415841825,-0.06375935187247304,3.2191323230119666,2.265367676988033,22239124.39
2025-10-16 00:00:00+00:00,2.326,2.38,2.182,2.198,17022706.5,2.71325,2.6757833333333334,2.552925,35.345121093466034,-0.12151374448662855,-0.05006746422406032,-0.07144628026256823,3.2452638626025587,2.181236137397441,22274930.115000002
2025-10-17 00:00:00+00:00,2.198,2.235,2.057,2.149,21241586.2,2.6842999999999995,2.6686833333333335,2.5511250000000003,34.30008599401522,-0.14405443422275743,-0.06886485822379974,-0.07518957599895769,3.270233818789544,2.098366181210455,23065376.38
2025-10-18 00:00:00+00:00,2.149,2.187,2.113,2.167,7803199.2,2.65265,2.6644333333333337,2.548715,35.05967205983141,-0.15863697536390964,-0.08681928165182173,-0.0718176937120879,3.2772731744030184,2.0280268255969816,23096275.305
2025-10-19 00:00:00+00:00,2.167,2.302,2.133,2.258,12666075.9,2.6268000000000002,2.6596166666666665,2.54776,38.90531691791972,-0.1609949551712071,-0.1016544163556988,-0.0593405388155083,3.2714991856682527,1.982100814331748,23034889.605
2025-10-20 00:00:00+00:00,2.258,2.339,2.213,2.26,12387944.1,2.60835,2.656533333333334,2.5465150000000003,38.99082814020791,-0.16084813074477378,-0.1134931592335138,-0.047354971511259975,3.272566011551446,1.9441339884485545,22951744.385
2025-10-21 00:00:00+00:00,2.259,2.365,2.163,2.217,16180056.5,2.5775499999999996,2.648683333333333,2.54506,37.766904751204756,-0.16233026966144504,-0.12326058131910006,-0.03906968834234498,3.2542521427491673,1.9008478572508318,22813144.195
2025-10-22 00:00:00+00:00,2.217,2.246,2.076,2.164,15653834.5,2.53735,2.6397500000000003,2.543665,36.25624487749393,-0.16586949223534475,-0.131782363502349,-0.03408712873299574,3.212017406950507,1.862682593049493,22597784.15
2025-10-23 00:00:00+00:00,2.164,2.244,2.144,2.202,12817928.2,2.49585,2.632166666666667,2.5438650000000003,38.165988777316606,-0.16372079775922277,-0.13817005035372376,-0.025550747405499008,3.14534465740784,1.84635534259216,22247768.355
2025-10-24 00:00:00+00:00,2.202,2.304,2.192,2.273,9832856.4,2.46145,2.6300833333333333,2.54464,41.681612834621866,-0.15450776593024695,-0.1414375934690284,-0.013070172461218554,3.0809412348058953,1.841958765194105,22144371.875
2025-10-25 00:00:00+00:00,2.272,2.298,2.224,2.279,5940613.2,2.4275499999999997,2.6259666666666663,2.546495,41.981817001344716,-0.14505017385990726,-0.14216010954720418,-0.0028900643127030834,3.007822513566977,1.8472774864330224,21410137.589999996
2025-10-26 00:00:00+00:00,2.28,2.394,2.253,2.369,9916958.8,2.39355,2.623466666666667,2.54783,46.43592518717166,-0.12880789888901534,-0.13948966741556643,0.010681768526551089,2.899057457908726,1.8880425420912734,21070850.015
2025-10-27 00:00:00+00:00,2.369,2.419,2.311,2.332,12093121.2,2.3627,2.6199166666666667,2.54947,44.90948901333476,-0.11756614044869806,-0.13510496202219274,0.01753882157349468,2.7994878661333753,1.9259121338666243,20606008.21
2025-10-28 00:00:00+00:00,2.332,2.384,2.202,2.234,12817187.0,2.3262,2.61665,2.5501950000000004,41.0595993011403,-0.11523637368835038,-0.13113124435542428,0.0158948706670739,2.6674550952020395,1.9849449047979608,20427315.31
2025-10-29 00:00:00+00:00,2.235,2.349,2.224,2.276,12876079.2,2.2960000000000003,2.6139999999999994,2.550515,43.302857402894574,-0.10874739547225643,-0.12665447457879073,0.0179070791065343,2.5239736826946424,2.068026317305358,20203276.99
2025-10-30 00:00:00+00:00,2.276,2.307,2.029,2.1,15100675.5,2.2819,2.60955,2.550545,36.95549561844988,-0.11646403766224234,-0.12461638719548106,0.00815234953323872,2.5214428145475445,2.042357185452455,16991148.625
2025-10-31 00:00:00+00:00,2.1,2.159,2.069,2.099,9598215.8,2.2718499999999997,2.6055333333333333,2.550465,36.9223795786256,-0.12126238652719135,-0.12394558706182311,0.002683200534631766,2.5240437945338083,2.019656205466191,15404941.41
2025-11-01 00:00:00+00:00,2.099,2.184,2.087,2.174,8180299.3,2.25775,2.601116666666667,2.55114,41.179665346637655,-0.11765696314187002,-0.1226878622778325,0.005030899135962483,2.498455525489888,2.0170444745101124,14220067.354999999
2025-11-02 00:00:00+00:00,2.173,2.202,2.103,2.19,6743999.2,2.2363,2.5964666666666667,2.552255,42.077809163405824,-0.11221502786115556,-0.12059329539449712,0.00837826753334156,2.412130714044407,2.060469285955593,13159086.805000002
2025-11-03 00:00:00+00:00,2.189,2.204,1.83,1.912,23835015.6,2.2089,2.5887333333333333,2.551555,32.72725298929771,-0.1288492377938022,-0.12224448387435814,-0.0066047539194440535,2.4062300788054625,2.0115699211945373,13016738.495000001
2025-11-04 00:00:00+00:00,1.912,1.95,1.72,1.831,33860081.0,2.1841999999999997,2.579266666666667,2.55043,30.593985628458597,-0.1468749095325559,-0.1271705690059977,-0.019704340526558173,2.4339291332651714,1.934470866734828,13828421.665000001
2025-11-05 00:00:00+00:00,1.831,1.972,1.736,1.951,18470318.0,2.17185,2.57175,2.5492749999999997,37.1320057153854,-0.14975114910528253,-0.13168668502585468,-0.018064464079427855,2.441280714658473,1.9024192853415267,13900802.24
2025-11-06 00:00:00+00:00,1.951,2.104,1.888,2.097,34925808.2,2.16925,2.5656166666666667,2.548545,44.0390255914746,-0.1386513237094955,-0.13307961276258284,-0.005571710946912667,2.4405099306963267,1.897990069303673,14585013.34
2025-11-07 00:00:00+00:00,2.097,2.973,2.078,2.768,112307310.9,2.1993,2.5688166666666663,2.5513,63.75045174224489,-0.0748477417189557,-0.12143323855385743,0.046585496834901735,2.575689744814297,1.822910255185703,19810218.925
2025-11-08 00:00:00+00:00,2.768,3.185,2.598,2.937,85739350.5,2.23325,2.5738666666666665,2.553965,66.91168338158656,-0.010524733131279884,-0.09925153746934193,0.08872680433806204,2.728436782942928,1.7380632170570718,23463882.655
2025-11-09 00:00:00+00:00,2.937,3.084,2.667,3.075,64467008.8,2.274,2.5796666666666668,2.55699,69.26844331393582,0.05099927340471977,-0.0692013752945296,0.12020064869924937,2.8905494302984645,1.6574505697015358,26067835.89
2025-11-10 00:00:00+00:00,3.075,3.15,2.75,2.787,47100615.1,2.3025,2.580366666666667,2.558205,59.71002541831025,0.07564629535281409,-0.040231841165060865,0.11587813651787496,2.9573802944060517,1.6476197055939488,27613863.82
2025-11-11 00:00:00+00:00,2.788,2.836,2.529,2.548,27189483.9,2.3217,2.5763000000000003,2.55785,53.15485991964719,0.07502904707450853,-0.01717966351714699,0.09220871059165552,2.981708515097611,1.6616914849023887,28190646.29
2025-11-12 00:00:00+00:00,2.548,2.664,2.478,2.535,17733981.2,2.33835,2.5717166666666667,2.55741,52.81521463580635,0.07265337908353375,0.0007869450029891582,0.07186643408054459,3.0022295899870333,1.674470410012967,28436448.939999998
2025-11-13 00:00:00+00:00,2.534,2.605,2.392,2.448,15565253.9,2.3471,2.5674166666666665,2.5572099999999995,50.49007412688838,0.06302397106686097,0.013234350215763522,0.04978962085109745,3.011916034705354,1.6822839652946464,28723068.814999998
2025-11-14 00:00:00+00:00,2.448,2.463,2.306,2.355,20205056.1,2.3509,2.5629,2.556065,48.05465348442173,0.04734253776528696,0.02005598772566821,0.027286550039618752,3.01498400071177,1.6868159992882306,29436290.96
2025-11-15 00:00:00+00:00,2.355,2.624,2.352,2.407,23442790.0,2.3528000000000002,2.5578833333333333,2.555455,49.52082671740737,0.03866514657157172,0.023777819494848914,0.014887327076722804,3.0172975846467387,1.6883024153532618,30112582.52
2025-11-16 00:00:00+00:00,2.408,2.572,2.23,2.29,27030981.0,2.3507000000000002,2.5489833333333336,2.55459,46.35079896023475,0.0220926589232584,0.023440787380530813,-0.0013481284572724114,3.015712511161519,1.6856874888384812,30859475.51
2025-11-17 00:00:00+00:00,2.29,2.352,2.175,2.27,24238353.7,2.3525,2.5339,2.5532299999999997,45.810948741090435,0.007261306390554445,0.02020489118253554,-0.012943584791981096,3.016433279781447,1.688566720218553,31430533.845000006
2025-11-18 00:00:00+00:00,2.271,2.355,2.201,2.276,31258831.5,2.3525,2.519833333333333,2.55206,46.01409199555401,-0.00396281660675557,0.015371349624677321,-0.019334166231432894,3.016433279781447,1.688566720218553,32349671.46
2025-11-19 00:00:00+00:00,2.276,2.407,2.149,2.377,26731783.4,2.36635,2.50685,2.551835,49.44944665183646,-0.004654504805710502,0.011366178738599757,-0.016020683544310257,3.0201151795571155,1.7125848204428848,32931226.855
2025-11-20 00:00:00+00:00,2.377,2.414,2.066,2.074,32740622.4,2.3651,2.4892666666666665,2.550595,41.01688086330134,-0.02931432314043958,0.0032300783627918902,-0.03254440150323147,3.0209972175587785,1.7092027824412217,34088347.185
2025-11-21 00:00:00+00:00,2.074,2.09,1.821,1.864,38919769.0,2.3495999999999997,2.470966666666667,2.54834,36.385712826940136,-0.06505276402217364,-0.010426490114201216,-0.05462627390797242,3.036736492992003,1.6624635070079963,35625320.67
2025-11-22 00:00:00+00:00,1.864,1.902,1.798,1.841,16342261.4,2.33215,2.4530000000000003,2.5459,35.90751621174883,-0.09414638278681231,-0.02717046864872344,-0.06697591413808887,3.0515795726486035,1.6127204273513966,36105233.78
2025-11-23 00:00:00+00:00,1.842,1.915,1.814,1.822,12871465.3,2.32765,2.4329833333333335,2.54359,35.49254005932157,-0.11738330480712156,-0.04521303588040307,-0.07217026892671849,3.0585694962520518,1.5967305037479487,35557056.265
2025-11-24 00:00:00+00:00,1.822,1.988,1.798,1.905,22445647.6,2.33135,2.4192666666666667,2.539435,38.818863595385835,-0.1276300863921822,-0.061696445982758905,-0.0659336404094233,3.0528643172532006,1.6098356827467994,34986334.595000006
2025-11-25 00:00:00+00:00,1.905,1.949,1.817,1.913,18027550.8,2.32945,2.40485,2.534495,39.14458802496685,-0.13356554106546792,-0.07607026499930071,-0.05749527606616721,3.0551486909188634,1.6037513090811366,34964196.235
2025-11-26 00:00:00+00:00,1.913,1.96,1.836,1.937,11980594.7,2.3214499999999996,2.3916666666666666,2.52743,40.173626024206285,-0.13477918172327863,-0.0878120483440963,-0.04696713337918233,3.0606248034134773,1.5822751965865218,33816935.56
2025-11-27 00:00:00+00:00,1.938,1.955,1.899,1.906,9320870.1,2.27835,2.376766666666667,2.52126,39.250392959386076,-0.1366670291705856,-0.09758304450939417,-0.03908398466119142,3.0088206085814537,1.5478793914185462,28667613.52
2025-11-28 00:00:00+00:00,1.907,1.956,1.85,1.879,10723502.9,2.22545,2.3618333333333337,2.51472,38.42218550380561,-0.13874249906040648,-0.10581493541959665,-0.03292756364080983,2.909208575815592,1.5416914241844077,24916821.14
2025-11-29 00:00:00+00:00,1.879,1.905,1.831,1.851,6496385.1,2.16425,2.3488666666666664,2.507925,37.53759848505677,-0.14102108659162926,-0.11285616565400318,-0.028164920937626084,2.7441116645385133,1.5843883354614867,22018289.955000002
2025-11-30 00:00:00+00:00,1.851,1.869,1.803,1.805,7211122.0,2.11515,2.331733333333333,2.501695,36.068434498961146,-0.1448687425025117,-0.11925868102370489,-0.025610061478806803,2.6394065307188668,1.590893469281133,20023815.3
2025-12-01 00:00:00+00:00,1.805,1.812,1.584,1.627,21347427.3,2.0691,2.3093833333333333,2.49542,31.010638069384925,-0.1604317920907814,-0.12749330323712021,-0.032938488853661185,2.5949790355218476,1.5432209644781527,19731712.47
2025-12-02 00:00:00+00:00,1.626,1.835,1.624,1.804,19122823.7,2.0325499999999996,2.2889166666666663,2.490465,40.017915769428704,-0.15667712390961586,-0.13333006737161934,-0.023347056537996513,2.5243306319909244,1.5407693680090748,19801154.595000003
2025-12-03 00:00:00+00:00,1.803,1.871,1.757,1.845,17868540.8,2.0024,2.2703166666666665,2.4862249999999997,41.90986333601521,-0.14867928275446207,-0.1363999104481879,-0.012279372306274183,2.4614504983129826,1.5433495016870178,19916318.939999998
2025-12-04 00:00:00+00:00,1.846,1.9,1.747,1.797,14367247.6,1.9745000000000001,2.250983333333333,2.48088,40.30695176664896,-0.1445478769177524,-0.1380295037421008,-0.006518373175651598,2.411748441965665,1.5372515580343353,19624428.515
2025-12-05 00:00:00+00:00,1.797,1.818,1.659,1.681,16306576.7,1.9381999999999997,2.2281833333333334,2.47544,36.65803516346967,-0.14891731249391693,-0.14020706549246403,-0.008710247001452898,2.3453027388773084,1.531097261122691,19267617.85
2025-12-06 00:00:00+00:00,1.681,1.748,1.667,1.709,9847253.4,1.90915,2.2075166666666663,2.46992,38.114361106998004,-0.14840997783143717,-0.14184764796025867,-0.006562329871178496,2.2940018026479936,1.5242981973520062,18408431.470000003
2025-12-07 00:00:00+00:00,1.709,1.773,1.639,1.702,13481344.4,1.8807499999999997,2.1864833333333333,2.464115,37.879884031789615,-0.14687961616902223,-0.14285404160201137,-0.004025574567010859,2.2377154745229766,1.5237845254770228,17870581.005000003
2025-12-08 00:00:00+00:00,1.702,1.801,1.691,1.745,13243048.4,1.8542,2.1675666666666666,2.4574599999999998,40.309147527671186,-0.14057657365665688,-0.1423985480129405,0.0018219743562836177,2.165721813042711,1.5426781869572892,16969791.85
2025-12-09 00:00:00+00:00,1.745,1.885,1.698,1.811,18585320.1,1.8259,2.1580500000000002,2.4525300000000003,43.9333083395023,-0.1287713229856393,-0.13967310300748026,0.010901780021840946,2.0247757401027626,1.6270242598972375,16562468.684999999
2025-12-10 00:00:00+00:00,1.81,1.864,1.735,1.76,18407020.0,1.8102,2.14905,2.44746,41.82031604548717,-0.12212309157118861,-0.13616310072022195,0.014040009149033333,1.9748919548776556,1.6455080451223445,15845788.565000001
2025-12-11 00:00:00+00:00,1.76,1.763,1.627,1.673,16902657.6,1.8006500000000003,2.136,2.4418450000000003,38.42520518486315,-0.12246281805193293,-0.13342304418656414,0.010960226134631212,1.9736948207876361,1.6276051792123645,14744932.995000001
2025-12-12 00:00:00+00:00,1.674,1.72,1.584,1.637,15740371.6,1.7904499999999999,2.1196333333333333,2.436185,37.08362462304334,-0.12420519272428865,-0.13157947389410904,0.00737428116982039,1.9763504841344592,1.6045495158655405,14714838.504999999
2025-12-13 00:00:00+00:00,1.638,1.685,1.632,1.664,6683297.5,1.7825499999999999,2.1063666666666667,2.43042,38.80919499500572,-0.12200101114024497,-0.12966378134333623,0.0076627702030912515,1.975703281104483,1.5893967188955167,14405430.115
2025-12-14 00:00:00+00:00,1.664,1.67,1.57,1.591,9006783.3,1.7668499999999998,2.094133333333333,2.424025,35.939199841124164,-0.12470712515684612,-0.1286724501060382,0.003965324949192078,1.9684974894498553,1.5652025105501444,13733486.9
2025-12-15 00:00:00+00:00,1.591,1.647,1.489,1.545,17359845.8,1.74845,2.08325,2.4179799999999996,34.22180898299638,-0.12907565180624192,-0.12875309044607897,-0.000322561360162954,1.9602966190464979,1.5366033809535022,13700101.65
2025-12-16 00:00:00+00:00,1.545,1.62,1.506,1.57,18319907.5,1.7301000000000002,2.0736,2.4136100000000003,36.011465825031756,-0.12903303705227875,-0.12880907976731892,-0.00022395728495983036,1.9369592758409313,1.523240724159069,14017067.290000001
2025-12-17 00:00:00+00:00,1.569,1.615,1.467,1.481,18390439.6,1.70885,2.0621666666666667,2.40891,32.6099488799763,-0.1346289025635352,-0.1299730443265622,-0.0046558582369730095,1.9261205916626483,1.4915794083373517,14470545.765
2025-12-18 00:00:00+00:00,1.481,1.6,1.419,1.427,28067284.9,1.68625,2.0483166666666666,2.4037349999999997,30.714287669762385,-0.14178658747903738,-0.13233575295705724,-0.009450834521980145,1.9213269023137751,1.451173097686225,15337734.865
2025-12-19 00:00:00+00:00,1.428,1.56,1.405,1.539,19065552.7,1.6706499999999997,2.0362999999999998,2.398915,38.676706582724236,-0.13684418577489788,-0.1332374395206254,-0.003606746254272486,1.9012919519546305,1.440008048045369,15966193.245
2025-12-20 00:00:00+00:00,1.539,1.546,1.505,1.523,6994396.6,1.65655,2.0247333333333333,2.394,38.004773341785004,-0.13268880910327963,-0.13312771343715624,0.00043890433387661076,1.8870941172562077,1.4260058827437923,15955356.975
2025-12-21 00:00:00+00:00,1.523,1.536,1.453,1.509,10102892.7,1.65065,2.0138166666666666,2.38937,37.392626866895554,-0.12903785804599166,-0.13230974235892334,0.0032718843129316832,1.8897962105103168,1.4115037894896831,15393130.245000001
2025-12-22 00:00:00+00:00,1.51,1.587,1.492,1.505,14557086.2,1.6357,2.0022,2.38566,37.208221837801105,-0.12502599772423073,-0.1308529934319848,0.005826995707754079,1.8719973550453892,1.3994026449546106,15164843.37
2025-12-23 00:00:00+00:00,1.505,1.532,1.462,1.486,12176811.0,1.6177499999999998,1.9890833333333333,2.38152,36.29266782199383,-0.12197367413624982,-0.12907712957283782,0.0071034554365879965,1.8419560436327465,1.3935439563672531,14880256.88
2025-12-24 00:00:00+00:00,1.486,1.489,1.436,1.455,9880620.8,1.60065,1.97535,2.37668,34.78857555335648,-0.12066517361419926,-0.1273947383811101,0.006729564766910834,1.8196707981024889,1.381629201897511,14655925.540000001
2025-12-25 00:00:00+00:00,1.455,1.513,1.433,1.439,10510457.4,1.58855,1.9598499999999999,2.3717699999999997,34.00524605915237,-0.11954124672525146,-0.12582404004993838,0.006282793324686925,1.8150878334880352,1.3620121665119647,14366119.575
2025-12-26 00:00:00+00:00,1.438,1.563,1.432,1.519,16289527.6,1.57905,1.9463000000000001,2.36665,41.141520727045176,-0.11091661743362291,-0.12284255552667529,0.011925938093052382,1.800464069113627,1.357635930886373,14688233.285
2025-12-27 00:00:00+00:00,1.518,1.604,1.502,1.595,9206699.6,1.5737,1.9356499999999999,2.361315,47.00439141891026,-0.0968327441432173,-0.1176405932499837,0.020807849106766405,1.7880297459557464,1.3593702540442538,14474501.045000002
2025-12-28 00:00:00+00:00,1.595,1.615,1.553,1.582,8049154.7,1.56555,1.9240833333333331,2.3563600000000005,46.15744203762527,-0.08573190046391677,-0.11125885469277032,0.02552695422885355,1.7650909481822108,1.3660090518177892,14214806.36
2025-12-29 00:00:00+00:00,1.582,1.612,1.511,1.524,13184768.4,1.5512000000000001,1.9144833333333333,2.352135,42.47978944797109,-0.0806844371771267,-0.1051439711896416,0.024459534012514897,1.7163939466247407,1.3860060533752596,13944778.775
2025-12-30 00:00:00+00:00,1.524,1.562,1.512,1.516,8112641.8,1.539,1.9047666666666667,2.348515,41.982913223559144,-0.07644856779656917,-0.0994048905110271,0.02295632271445794,1.6739888884370087,1.4040111115629912,13430059.865
2025-12-31 00:00:00+00:00,1.515,1.531,1.47,1.514,8188680.5,1.53105,1.8937666666666666,2.344925,41.851118621441934,-0.07241820212466132,-0.09400755283375395,0.021589350709092625,1.6514783604532597,1.4106216395467404,12994361.01
2026-01-01 00:00:00+00:00,1.514,1.634,1.501,1.627,11527288.8,1.53055,1.884383333333333,2.34192,51.17686942729301,-0.059420984551233236,-0.08709023917724981,0.027669254626016576,1.6492857991570373,1.4118142008429628,12783706.870000001
2026-01-02 00:00:00+00:00,1.628,1.697,1.614,1.692,14922531.9,1.53195,1.8807166666666668,2.33902,55.5890391296431,-0.043375631927593084,-0.07834731772731847,0.034971685799725385,1.6574162902992677,1.406483709700732,13195668.59
2026-01-03 00:00:00+00:00,1.692,1.719,1.657,1.711,8867519.5,1.53795,1.8787166666666666,2.336875,56.81749440728569,-0.028794507998216146,-0.06843675578149801,0.03964224778328186,1.6839369514766964,1.3919630485233034,13188705.4
2026-01-04 00:00:00+00:00,1.71,1.743,1.692,1.728,9879188.9,1.5471,1.875,2.33458,57.93856577795209,-0.01568628260627447,-0.0578866611464533,0.04220037854017883,1.7150022334617923,1.3791977665382076,12814672.555
2026-01-05 00:00:00+00:00,1.728,1.801,1.709,1.774,21292889.0,1.5573,1.8696166666666665,2.3325449999999996,60.89679214787768,-0.0015680287224877354,-0.04662293466166019,0.045054905939172454,1.752150814731314,1.3624491852686857,12963321.629999999
2026-01-06 00:00:00+00:00,1.773,1.841,1.729,1.808,24453756.3,1.57365,1.8536166666666667,2.33121,62.969837093739265,0.012223401285863522,-0.03485366747215545,0.047077068758018974,1.7934301401434052,1.3538698598565948,13266487.465
2026-01-07 00:00:00+00:00,1.808,1.809,1.703,1.722,16483359.0,1.5884,1.8333666666666666,2.329955,55.02379134872834,0.01602895583615771,-0.024677142810492818,0.04070609864665053,1.8064214668363026,1.3703785331636975,12687291.17
2026-01-08 00:00:00+00:00,1.722,1.729,1.657,1.686,15952502.9,1.59575,1.8102166666666666,2.328895,52.06217027093153,0.015956054633838868,-0.016550503321626484,0.03250655795546535,1.8165085785455506,1.3749914214544494,12531638.680000002
2026-01-09 00:00:00+00:00,1.686,1.757,1.661,1.703,15371486.2,1.60475,1.7921500000000001,2.326795,53.33937533895975,0.017073228282918684,-0.009825757000717451,0.026898985283636136,1.8275780727409607,1.381921927259039,12950493.16
2026-01-10 00:00:00+00:00,1.703,1.733,1.674,1.689,5749964.1,1.61375,1.7778333333333334,2.32429,52.10811074865735,0.01663713096202213,-0.004533179408169536,0.021170310370191667,1.834915887969754,1.392584112030246,12732846.73
2026-01-11 00:00:00+00:00,1.689,1.739,1.671,1.702,8113125.0,1.6236000000000002,1.7639500000000001,2.322105,53.188684248882005,0.01714289937485791,-0.00019796365156404686,0.01734086302642196,1.8420457827504313,1.405154217249569,12410648.67
2026-01-12 00:00:00+00:00,1.703,1.77,1.644,1.675,17322019.2,1.6330500000000001,1.7510666666666665,2.32023,50.633426260555815,0.015189949847878914,0.0028796190483245457,0.012310330799554368,1.8430571189304006,1.4230428810695996,12667909.080000002
2026-01-13 00:00:00+00:00,1.674,1.894,1.673,1.859,23826989.7,1.6532500000000003,1.7428,2.3189599999999997,63.50184448586879,0.028164819023631882,0.007936659043386014,0.020228159980245866,1.868519946814331,1.4379800531856697,13365227.525
2026-01-14 00:00:00+00:00,1.86,1.878,1.787,1.799,16751306.0,1.6712500000000001,1.7326666666666666,2.317125,58.17638569927038,0.033223023431716125,0.012993931921052037,0.02022909151066409,1.8715326752403776,1.4709673247596227,13677269.955000002
2026-01-15 00:00:00+00:00,1.8,1.815,1.698,1.722,15148887.4,1.6814,1.7232,2.31444,52.13390711338651,0.030664943997232186,0.016528134336288067,0.014136809660944119,1.8700270394228813,1.4927729605771187,13620237.944999998
2026-01-16 00:00:00+00:00,1.722,1.756,1.674,1.731,10882677.6,1.6882000000000001,1.7142166666666665,2.312355,52.75162717717755,0.029029241374805226,0.0190283557439915,0.010000885630813725,1.873656841344396,1.5027431586556044,13704036.844999999
2026-01-17 00:00:00+00:00,1.732,1.81,1.721,1.751,10691136.7,1.69665,1.7054666666666667,2.3109100000000002,54.16713699140028,0.029012332011082442,0.02102515099740969,0.007987181013672753,1.8773201690967252,1.5159798309032748,13836135.944999998
2026-01-18 00:00:00+00:00,1.751,1.768,1.624,1.629,13230683.0,1.7018999999999997,1.693,2.3079549999999998,45.25970927699025,0.01893626533567483,0.020607373865062718,-0.0016711085293878887,1.8676864892005334,1.5361135107994661,13838431.675
2026-01-19 00:00:00+00:00,1.628,1.628,1.449,1.597,29662288.0,1.70595,1.6850500000000002,2.304565,43.250689148607584,0.008273406654535798,0.018140580422957336,-0.009867173768421538,1.856643695957854,1.555256304042146,14915913.985
2026-01-20 00:00:00+00:00,1.598,1.604,1.489,1.506,17565093.2,1.70555,1.6790833333333335,2.301425,38.074786469967655,-0.0074342280005395,0.01302561873825797,-0.02045984673879747,1.8583079457882246,1.5527920542117752,15384734.62
2026-01-21 00:00:00+00:00,1.506,1.574,1.483,1.529,15137516.4,1.7006500000000002,1.6738833333333332,2.2983249999999997,40.0282744437689,-0.017821300986703426,0.006856234793265692,-0.024677535779969118,1.868694369145291,1.5326056308547094,15565246.0
2026-01-22 00:00:00+00:00,1.529,1.559,1.496,1.513,8420987.5,1.6917000000000002,1.6687333333333334,2.29499,39.10412411611047,-0.02703258265977504,7.847130265754582e-05,-0.027111053962432585,1.8786385995492636,1.5047614004507368,15240168.780000001
2026-01-23 00:00:00+00:00,1.513,1.551,1.491,1.509,7523136.9,1.6816,1.6621333333333335,2.29174,38.86256031533281,-0.03426042348443503,-0.00678930765476097,-0.027471115829674063,1.8844284003818035,1.4787715996181965,15172949.65
2026-01-24 00:00:00+00:00,1.509,1.521,1.489,1.506,3450400.1,1.6704999999999999,1.6553499999999999,2.28805,38.66961904574747,-0.039772145800229364,-0.01338587528385465,-0.026386270516374714,1.8858671284143484,1.4551328715856513,14851510.209999999
2026-01-25 00:00:00+00:00,1.507,1.516,1.409,1.436,9674071.5,1.6536000000000002,1.6469999999999998,2.283535,34.38050632618322,-0.04922124851715948,-0.020552949930515617,-0.02866829858664386,1.8861858121241377,1.4210141878758626,14270569.334999999
2026-01-26 00:00:00+00:00,1.436,1.488,1.432,1.463,7842919.7,1.6363500000000002,1.6396166666666667,2.2782750000000003,37.27064572698073,-0.05390961960857599,-0.027224283866127692,-0.026685335742448295,1.8717299269297338,1.4009700730702666,13440027.504999999
2026-01-27 00:00:00+00:00,1.463,1.505,1.447,1.49,8240821.5,1.62475,1.6331333333333333,2.2732,40.111281919933866,-0.05481464402938885,-0.032742355898779926,-0.022072288130608922,1.8649206684869077,1.384579331513092,13027900.629999999
2026-01-28 00:00:00+00:00,1.491,1.501,1.459,1.489,9394936.4,1.6149,1.6271,2.268235,40.038963563855425,-0.054978812518294395,-0.03718964722268282,-0.017789165295611573,1.8603162993801539,1.3694837006198461,12700022.305
2026-01-29 00:00:00+00:00,1.489,1.496,1.344,1.375,16433402.9,1.5985,1.6199333333333332,2.262455,32.78265610451311,-0.06357491247378122,-0.0424667002729025,-0.021108212200878718,1.8613904714923142,1.3356095285076859,12753118.14
2026-01-30 00:00:00+00:00,1.376,1.382,1.289,1.323,22463975.2,1.5802,1.6148666666666667,2.2561750000000003,30.102735161875387,-0.07373339634233922,-0.048720039486789844,-0.025013356855549375,1.8653558170570146,1.2950441829429855,13588818.694999998
2026-01-31 00:00:00+00:00,1.322,1.329,1.091,1.206,32200581.5,1.5554000000000001,1.6049,2.2488550000000003,25.125771670561576,-0.09018538915853269,-0.05701310942113842,-0.03317227973739427,1.877722447250353,1.2330775527496471,14793191.52
2026-02-01 00:00:00+00:00,1.206,1.217,1.143,1.173,19501964.1,1.5303,1.5937,2.24107,23.924307999314337,-0.10467985202981223,-0.06654645794287319,-0.03813339408693904,1.8877308884266433,1.1728691115733567,14902188.765
2026-02-02 00:00:00+00:00,1.173,1.239,1.136,1.2,22932446.3,1.49735,1.58375,2.2329849999999998,27.000039139288674,-0.11268913374343792,-0.07577499310298613,-0.03691414064045179,1.8489533418519561,1.1457466581480438,14857461.595000003
2026-02-03 00:00:00+00:00,1.2,1.231,1.123,1.176,20663814.2,1.4662000000000002,1.5753333333333333,2.22484,25.994015930705714,-0.11959453527128217,-0.08453890153664534,-0.035055633734636826,1.8157686484819076,1.1166313515180928,15053087.004999999
2026-02-04 00:00:00+00:00,1.176,1.206,1.128,1.16,18928478.1,1.4381,1.5661833333333335,2.21605,25.316771636731374,-0.12491820273302601,-0.09261476177592148,-0.03230344095710452,1.7912356113470724,1.0849643886529274,15242066.540000001
2026-02-05 00:00:00+00:00,1.16,1.168,0.963,0.976,60597579.0,1.40035,1.5540833333333335,2.20605,19.140700115449818,-0.14234366068472815,-0.10256054155768282,-0.039783119127045324,1.7805521962081166,1.0201478037918834,17727811.610000003
2026-02-06 00:00:00+00:00,0.977,1.114,0.841,1.087,49048908.3,1.36715,1.5431166666666665,2.1963749999999997,30.202673725164843,-0.1455192341718481,-0.11115228008051588,-0.03436695409133221,1.7348337091869577,0.9994662908130425,19645700.189999998
2026-02-07 00:00:00+00:00,1.087,1.106,1.04,1.075,23484213.1,1.3394499999999998,1.53085,2.1866000000000003,29.729164659387678,-0.14730614520395835,-0.11838305310520437,-0.028923092098753975,1.7075252504603946,0.971374749539605,20158376.695
2026-02-08 00:00:00+00:00,1.074,1.08,1.028,1.038,8512933.4,1.3115,1.5188166666666667,2.17802,28.258102368951754,-0.14997901116696233,-0.12470224471755598,-0.02527676644940635,1.6819896759715252,0.941010324028475,19100908.965
2026-02-09 00:00:00+00:00,1.038,1.051,0.986,1.03,12993293.5,1.2877,1.5080999999999998,2.169585,27.93622604055105,-0.1510021510392081,-0.12996222598188642,-0.02103992505732169,1.6662224431939123,0.9091775568060878,18872318.98
2026-02-10 00:00:00+00:00,1.031,1.037,0.982,0.993,18807324.4,1.2609,1.4973666666666667,2.160275,26.4363872878328,-0.15303450106972316,-0.13457668099945377,-0.018457820070269387,1.6431705324786252,0.8786294675213746,19055809.380000003
2026-02-11 00:00:00+00:00,0.993,1.004,0.938,0.962,24207519.0,1.23335,1.4856666666666667,2.150675,25.21492739918361,-0.15535574965693888,-0.13873249473095078,-0.016623254925988096,1.6183852061844408,0.8483147938155591,19845135.955000002
2026-02-12 00:00:00+00:00,0.962,1.011,0.934,0.964,20327703.8,1.2061,1.4752166666666668,2.1406799999999997,25.45423311744807,-0.1552444116593792,-0.14203487811663648,-0.013209533542742707,1.5863567027699816,0.8258432972300183,20485364.3
2026-02-13 00:00:00+00:00,0.964,1.031,0.955,1.024,17811665.6,1.182,1.4665333333333335,2.13204,32.438828701788324,-0.1486016891637485,-0.1433482403260589,-0.005253448837689606,1.5438231612286601,0.8201768387713397,21203427.575
2026-02-14 00:00:00+00:00,1.024,1.102,1.016,1.086,17779047.6,1.1644999999999999,1.4584666666666668,2.1238550000000003,38.8180373253986,-0.13675794146302667,-0.14203018055345246,0.00527223909042579,1.5089285121785114,0.8200714878214883,21608676.380000003
2026-02-15 00:00:00+00:00,1.085,1.091,1.031,1.056,20880465.8,1.1441500000000002,1.4513833333333332,2.11585,36.99767308981864,-0.12831331928766865,-0.13928680830029572,0.010973489012627069,1.4627540018604688,0.8255459981395317,22260553.685000002
2026-02-16 00:00:00+00:00,1.056,1.075,1.025,1.058,18744003.8,1.12255,1.4452333333333334,2.108465,37.20907796864029,-0.1200753581042664,-0.13544451826108986,0.015369160156823464,1.400406419759393,0.8446935802406068,22785712.800000004
2026-02-17 00:00:00+00:00,1.058,1.068,1.028,1.044,14689461.6,1.1003,1.4369833333333335,2.1016150000000002,36.2910814187231,-0.11336954397932986,-0.13102952340473786,0.017659979425408007,1.3230124603642794,0.8775875396357207,23050439.06
2026-02-18 00:00:00+00:00,1.044,1.066,1.006,1.017,10986307.3,1.0824,1.42855,2.09496,34.522152355854516,-0.10897758654264944,-0.1266191360323202,0.017641549489670755,1.268450960764821,0.8963490392351792,22778084.28
2026-02-19 00:00:00+00:00,1.018,1.023,0.981,1.007,10544987.9,1.0666,1.4201833333333336,2.087775,33.86378702823876,-0.10509240522852492,-0.12231378987156115,0.017221384643036228,1.2188358696283987,0.9143641303716012,22182134.915
2026-02-20 00:00:00+00:00,1.007,1.056,1.002,1.054,14428259.4,1.059,1.4126666666666665,2.080285,39.68577592084648,-0.09710153775758945,-0.1172713394487668,0.020169801691177353,1.197166566149397,0.9208334338506028,21293518.81
2026-02-21 00:00:00+00:00,1.054,1.109,1.042,1.059,13777858.6,1.0533,1.4055500000000003,2.07324,40.28798954008228,-0.08933545597543135,-0.11168416275409972,0.022348706778668362,1.1812094992622377,0.9253905007377621,21007313.535
2026-02-22 00:00:00+00:00,1.058,1.058,1.004,1.022,7982809.2,1.0444,1.3983333333333332,2.065905,37.31856580308039,-0.08518441804382082,-0.10638421381204395,0.02119979576822313,1.1536509038933662,0.9351490961066339,20259831.68
2026-02-23 00:00:00+00:00,1.023,1.03,0.964,0.981,13039933.7,1.0346499999999998,1.3907,2.0575550000000002,34.301552832713725,-0.08423207301997993,-0.10195378565363115,0.01772171263365123,1.1289670716334996,0.9403329283665001,19878637.655
2026-02-24 00:00:00+00:00,0.981,0.993,0.953,0.967,9355926.3,1.025,1.3815,2.0488299999999997,33.31124113531284,-0.08364283320905064,-0.09829159516471506,0.014648761955664419,1.104347337709087,0.9456526622909128,19400010.065
2026-02-25 00:00:00+00:00,0.967,1.26,0.965,1.172,37962459.6,1.0348,1.37445,2.040535,54.17429210611132,-0.06587470705280629,-0.09180821754233331,0.025933510489527023,1.1335595058792758,0.9360404941207242,18268254.095
2026-02-26 00:00:00+00:00,1.172,1.184,1.084,1.127,18207299.9,1.0368,1.3668666666666667,2.0324,50.44371849619528,-0.054792845169107096,-0.08440514306768808,0.029612297898580983,1.1411678111369519,0.9324321888630481,16726173.675000003
2026-02-27 00:00:00+00:00,1.128,1.147,1.073,1.094,19294172.3,1.03775,1.3597000000000001,2.024865,47.841900566620886,-0.04811853349191719,-0.07714782115253391,0.029029287660616715,1.143823323703551,0.9316766762964489,16516671.635
2026-02-28 00:00:00+00:00,1.094,1.174,1.028,1.172,24898367.0,1.0444499999999999,1.3539666666666668,2.01679,53.89506619975122,-0.036118790343213636,-0.06894201499066985,0.03282322464745621,1.1655969768566987,0.9233030231433011,17335943.314999998
2026-03-01 00:00:00+00:00,1.172,1.211,1.112,1.15,25884248.6,1.05045,1.3478999999999999,2.007555,52.05989392204292,-0.02806065778689959,-0.0607657435499158,0.03270508576301621,1.1797519334794218,0.9211480665205786,17980491.07
2026-03-02 00:00:00+00:00,1.15,1.414,1.142,1.36,62662239.9,1.0688,1.34345,2.0005599999999997,64.48968125773325,-0.004675389740933733,-0.04954767278811938,0.04487228304718565,1.2528549917864618,0.8847450082135382,20173236.845
2026-03-03 00:00:00+00:00,1.36,1.455,1.318,1.358,59647171.9,1.0886,1.3378833333333333,1.99381,64.3186415463107,0.013540138098394827,-0.036930110610816545,0.05047024870921137,1.3048271028375307,0.8723728971624694,21945219.490000002
2026-03-04 00:00:00+00:00,1.358,1.416,1.302,1.311,38008407.0,1.10595,1.3312166666666667,1.986655,60.273046457027164,0.023907971726377042,-0.02476249414337783,0.048670465869754875,1.3347236654458066,0.8771763345541933,22829254.65
2026-03-05 00:00:00+00:00,1.312,1.334,1.245,1.271,23390512.9,1.1183,1.3236,1.9794999999999998,56.987754920222855,0.028567579591874503,-0.014096479396327364,0.042664058988201865,1.3545888909820103,0.8820111090179898,23108197.015
2026-03-06 00:00:00+00:00,1.271,1.3,1.216,1.227,17278686.0,1.1253499999999999,1.3144833333333332,1.97276,53.531262369025036,0.028382741542428258,-0.005600635208576239,0.0339833767510045,1.3657415763946552,0.8849584236053445,23083178.935
2026-03-07 00:00:00+00:00,1.226,1.247,1.204,1.214,7121351.1,1.1332499999999999,1.3045833333333332,1.96672,52.51773512990395,0.026877438323717584,0.0008949794978825257,0.02598245882583506,1.3743896898096752,0.8921103101903245,22395223.2
2026-03-08 00:00:00+00:00,1.215,1.256,1.189,1.212,15303412.2,1.14095,1.2960833333333333,1.960045,52.35350794303658,0.025232229952092622,0.005762429588724546,0.019469800363368074,1.3818213141939186,0.9000786858060812,22223193.619999997
2026-03-09 00:00:00+00:00,1.212,1.282,1.204,1.235,22467502.2,1.1504999999999999,1.2885666666666666,1.9539950000000001,54.12994903897871,0.025490460088829714,0.009708035688745582,0.015782424400084132,1.3903820543548522,0.9106179456451475,22612095.65
2026-03-10 00:00:00+00:00,1.234,1.333,1.225,1.284,23422672.1,1.1638499999999998,1.2815833333333333,1.946975,57.74451303555098,0.029311119482696935,0.013628652447535854,0.01568246703516108,1.4022415057243076,0.925458494275692,23233913.89
2026-03-11 00:00:00+00:00,1.283,1.323,1.268,1.299,18003172.4,1.17845,1.2750833333333333,1.9399699999999998,58.81443375888059,0.033167064939627844,0.017536334945954253,0.01563072999367359,1.412352949963229,0.944547050036771,23606823.115000002
2026-03-12 00:00:00+00:00,1.298,1.372,1.278,1.368,21159154.4,1.19415,1.2695166666666668,1.933525,63.40468534353401,0.04131440608178605,0.022291949173120613,0.019022456908665435,1.4345931533678988,0.9537068466321013,23943367.865000002
2026-03-13 00:00:00+00:00,1.368,1.422,1.319,1.336,31103846.1,1.208,1.2638666666666667,1.9282149999999998,60.0614071055943,0.04467412457114883,0.026768384252726256,0.017905740318422576,1.4476180293748724,0.9683819706251275,24809667.240000002
2026-03-14 00:00:00+00:00,1.335,1.342,1.297,1.325,8333987.7,1.22315,1.2549666666666668,1.9222099999999998,58.91145874943594,0.04591978293664778,0.030598663989510562,0.015321118947137218,1.4518797750654586,0.9944202249345413,24827226.165
2026-03-15 00:00:00+00:00,1.325,1.378,1.317,1.35,12777564.2,1.2416,1.2474833333333335,1.916365,60.750732598384964,0.04836672572515388,0.034152276336639226,0.014214449388514655,1.4476256294772403,1.0355743705227598,24814107.69
2026-03-16 00:00:00+00:00,1.351,1.51,1.34,1.49,29557732.3,1.26775,1.2436166666666666,1.9110900000000002,69.09407595131673,0.06090074955403835,0.03950197098011905,0.021398778573919294,1.460027793833531,1.0754722061664688,25824197.99
2026-03-17 00:00:00+00:00,1.491,1.51,1.424,1.452,18188266.6,1.2817500000000002,1.2389666666666668,1.9062000000000001,65.05195627878936,0.06699548902619545,0.045000674589334336,0.021994814436861118,1.4845867570276359,1.0789132429723645,24835488.34
2026-03-18 00:00:00+00:00,1.452,1.471,1.373,1.386,20912333.1,1.2947,1.2328833333333333,1.900955,58.63578271769117,0.06574213118784322,0.04914896590903611,0.01659316527880711,1.4892662869088233,1.1001337130911766,24970740.0
2026-03-19 00:00:00+00:00,1.387,1.397,1.322,1.335,14109921.7,1.30675,1.2279833333333334,1.895795,54.18813037279133,0.059942581528874106,0.051307689033003714,0.008634892495870392,1.478633536155983,1.1348664638440171,24711527.470000003
2026-03-20 00:00:00+00:00,1.335,1.365,1.309,1.316,13000499.9,1.31395,1.2232999999999998,1.8906749999999999,52.587758627978836,0.05319999895812755,0.05168615101802849,0.0015138479400990598,1.474331389199259,1.1535686108007408,24116634.115000002
2026-03-21 00:00:00+00:00,1.316,1.332,1.27,1.281,5897891.4,1.3205,1.2195500000000001,1.884885,49.67722157285112,0.04451905820944457,0.050252732456311705,-0.005733674246867132,1.463299859949103,1.177700140050897,23117316.255000003
2026-03-22 00:00:00+00:00,1.281,1.306,1.26,1.274,8479956.7,1.3161999999999998,1.2153,1.8789099999999999,49.09200858975801,0.03665200710196381,0.04753258738544213,-0.010880580283478318,1.4591623726771625,1.173237627322837,20408202.095000003
2026-03-23 00:00:00+00:00,1.274,1.332,1.252,1.311,18514204.7,1.31385,1.2119333333333333,1.8735850000000003,52.29122271248079,0.03302224333283266,0.04463051857492024,-0.01160827524208758,1.4555260742026832,1.1721739257973167,18351553.735
2026-03-24 00:00:00+00:00,1.311,1.33,1.273,1.292,12589295.7,1.3129,1.2083166666666665,1.86805,50.534974257455616,0.028286419942968433,0.041361698848529874,-0.013075278905561441,1.4548942252399173,1.1709057747600826,17080598.169999998
2026-03-25 00:00:00+00:00,1.292,1.312,1.268,1.28,13678516.9,1.3133500000000002,1.20455,1.86244,49.40634269019634,0.023296399680904134,0.03774863901500473,-0.014452239334100593,1.4548664654783476,1.1718335345216528,16594998.370000001
2026-03-26 00:00:00+00:00,1.28,1.28,1.203,1.224,9329282.4,1.3132000000000001,1.2010166666666668,1.856235,44.42053633792102,0.014654117143037215,0.033129734640611225,-0.01847561749757401,1.4550881249487932,1.171311875051207,16197528.190000001
2026-03-27 00:00:00+00:00,1.223,1.24,1.169,1.18,12534841.2,1.3115,1.1963,1.849255,40.925912726872376,0.004206128064730974,0.027345013325435177,-0.023138885260704203,1.4588125928136646,1.1641874071863356,16468202.694999998
2026-03-28 00:00:00+00:00,1.181,1.192,1.161,1.173,5311373.6,1.30955,1.1910166666666666,1.8419500000000002,40.38162264341375,-0.004585956005904723,0.020958819459167197,-0.02554477546507192,1.462984644071946,1.156115355928054,15968600.765
2026-03-29 00:00:00+00:00,1.173,1.177,1.129,1.164,8497306.2,1.306,1.1856,1.834135,39.651458722048325,-0.012140028072574749,0.01433904995281881,-0.02647907802539356,1.4691477857694832,1.1428522142305169,15270090.965
2026-03-30 00:00:00+00:00,1.165,1.226,1.148,1.162,9454163.5,1.2999,1.1820499999999998,1.82622,39.48061748403256,-0.018079656864722793,0.00785530858931049,-0.02593496545403328,1.4745961934373097,1.1252038065626904,14571665.535
2026-03-31 00:00:00+00:00,1.162,1.203,1.161,1.189,10463035.3,1.2944,1.1798166666666667,1.818205,43.04808729754207,-0.020373330056693728,0.002209580860109646,-0.022582910916803374,1.4756659924020128,1.1131340075979872,14194658.680000002
2026-04-01 00:00:00+00:00,1.188,1.23,1.178,1.191,8942272.8,1.28555,1.1795666666666667,1.8101099999999999,43.3146427812274,-0.021778648596765704,-0.0025880650312654248,-0.01919058356550028,1.4688502727807236,1.1022497272192764,13583814.6
2026-04-02 00:00:00+00:00,1.191,1.206,1.14,1.162,9595179.2,1.27685,1.1793833333333332,1.80239,40.364572579115645,-0.02494488222677349,-0.007059428470367038,-0.017885453756406454,1.4661648435846717,1.0875351564153284,12508381.254999999
2026-04-03 00:00:00+00:00,1.163,1.23,1.158,1.209,9062691.3,1.27105,1.179533333333333,1.7953050000000002,46.700436089223686,-0.023391989689295345,-0.010325940714152701,-0.013066048975142644,1.4612146391984835,1.0808853608015165,12544816.434999999
2026-04-04 00:00:00+00:00,1.209,1.288,1.207,1.255,10348015.0,1.2663,1.18085,1.78804,52.06793842727418,-0.01823924494125051,-0.011908601559572263,-0.006330643381678247,1.4530544912485104,1.0795455087514896,12423338.975
2026-04-05 00:00:00+00:00,1.256,1.271,1.224,1.248,7463566.7,1.2542,1.1823166666666665,1.7801600000000002,51.22259141038693,-0.014552744127924733,-0.012437430073242758,-0.0021153140546819743,1.4102456343557594,1.0981543656442405,11318630.695
2026-04-06 00:00:00+00:00,1.248,1.302,1.237,1.248,10422379.0,1.244,1.18685,1.7705250000000001,51.22259141038693,-0.011498616776995041,-0.012249667413993217,0.0007510506369981761,1.3709519594236048,1.1170480405763952,10930336.315000001
2026-04-07 00:00:00+00:00,1.248,1.34,1.221,1.31,13775824.1,1.2402000000000002,1.1905666666666668,1.7614750000000001,58.19462927564126,-0.004028874644192548,-0.010605508860033084,0.006576634215840536,1.3537668965918022,1.1266331034081982,10573510.865
2026-04-08 00:00:00+00:00,1.309,1.392,1.285,1.33,23070543.8,1.2399499999999999,1.1948166666666669,1.752345,60.17227937313325,0.0034648421224667825,-0.007791438663533111,0.011256280785999894,1.3527001219577748,1.127199878042225,11021541.969999999
2026-04-09 00:00:00+00:00,1.33,1.392,1.32,1.366,17951842.9,1.24245,1.2002833333333334,1.7435299999999998,63.517742650237686,0.012168297228852376,-0.003799491485056013,0.015967788713908387,1.3637289759253137,1.1211710240746864,11269109.12
2026-04-10 00:00:00+00:00,1.366,1.395,1.345,1.361,12934124.7,1.2464499999999998,1.2058000000000002,1.735525,62.729616685333006,0.018449713084524255,0.0006503494288600405,0.017799363655664216,1.3774392743757757,1.115460725624224,11620920.785
2026-04-11 00:00:00+00:00,1.361,1.425,1.331,1.402,11189219.6,1.25285,1.2126166666666665,1.72794,66.41012271263844,0.026431452423474555,0.005806570027782944,0.020624882395691612,1.4000971052397688,1.1056028947602312,11756383.93
2026-04-12 00:00:00+00:00,1.403,1.407,1.323,1.346,10996673.7,1.2546000000000002,1.2190166666666664,1.719555,57.987168661250024,0.027916502305290747,0.010228556483284506,0.01768794582200624,1.4053599416340143,1.103840058365986,11380507.379999999
2026-04-13 00:00:00+00:00,1.347,1.421,1.345,1.419,17028033.8,1.26095,1.2266,1.71301,64.33706638732781,0.034585227969901045,0.015099890780607814,0.019485337189293232,1.4273621089388948,1.0945378910611052,11602444.285
2026-04-14 00:00:00+00:00,1.419,1.439,1.351,1.36,16642531.7,1.26495,1.2321999999999997,1.70592,56.85734850498927,0.03470932667613558,0.019021777959713368,0.01568754871642221,1.4367597494366666,1.0931402505633334,11750645.025
2026-04-15 00:00:00+00:00,1.36,1.422,1.342,1.409,10789947.8,1.2742,1.2375833333333333,1.699325,60.920827965596075,0.03831983903371361,0.02288139017451342,0.01543844885920019,1.4558343579873836,1.0925656420126164,11823678.295
2026-04-16 00:00:00+00:00,1.41,1.443,1.367,1.432,16566824.5,1.2868,1.24385,1.692485,62.69686886405762,0.042546652544252384,0.02681444264846121,0.015732209895791174,1.475377411164454,1.098222588835546,12025277.459999999
2026-04-17 00:00:00+00:00,1.432,1.442,1.369,1.407,21041018.6,1.2985,1.2496666666666667,1.685645,59.52992891370155,0.04337909443946941,0.03012737300666285,0.013251721432806562,1.4864185994027364,1.1105814005972636,12811759.709999999
2026-04-18 00:00:00+00:00,1.406,1.421,1.343,1.343,11733790.6,1.30745,1.25465,1.6792150000000001,52.25326881751397,0.03843153074552874,0.031788204554436025,0.006643326191092716,1.4856941864451267,1.1292058135548733,12973583.93
2026-04-19 00:00:00+00:00,1.344,1.389,1.322,1.325,13585946.6,1.3156,1.2597833333333335,1.6716749999999998,50.3877530188897,0.032681370805882404,0.031966837804725305,0.0007145330011570986,1.4809352956917674,1.1502647043082328,13180173.084999999
2026-04-20 00:00:00+00:00,1.326,1.373,1.325,1.362,10184159.4,1.32425,1.2656999999999998,1.6636450000000003,54.0214960034094,0.03075538941948297,0.03172454812767684,-0.0009691587081938693,1.4800111954290385,1.1684888045709614,13166229.29
2026-04-21 00:00:00+00:00,1.363,1.399,1.349,1.385,10816546.7,1.3339500000000002,1.2712166666666669,1.65541,56.17052546117541,0.030730698710258464,0.03152577824419317,-0.0007950795339347061,1.479112632937964,1.1887873670620364,13259942.985000001
2026-04-22 00:00:00+00:00,1.386,1.432,1.377,1.402,9258538.1,1.34595,1.2769333333333333,1.647615,57.74268005999642,0.03171727210092001,0.03156407701553854,0.00015319508538147453,1.4704850954610007,1.2214149045389993,13243110.93
2026-04-23 00:00:00+00:00,1.402,1.414,1.37,1.405,8675419.7,1.35575,1.2833166666666669,1.639855,58.02879297501182,0.03236809430612886,0.031724880473656604,0.0006432138324722544,1.465618785382744,1.245881214617256,13223747.35
2026-04-24 00:00:00+00:00,1.406,1.433,1.396,1.409,7255231.7,1.3634499999999998,1.2904499999999999,1.631655,58.43291129674281,0.03282821889076648,0.031945548157078583,0.0008826707336878972,1.4652880577263654,1.2616119422736343,13069108.185
2026-04-25 00:00:00+00:00,1.408,1.422,1.388,1.402,3954389.8,1.3711499999999999,1.2976999999999999,1.62392,57.3914879763253,0.032256200045217565,0.03200767853470638,0.0002485215105111835,1.4592709963713397,1.28302900362866,12893649.34
2026-04-26 00:00:00+00:00,1.402,1.413,1.379,1.394,6403543.0,1.3784500000000002,1.3014000000000001,1.61607,56.159602238002975,0.030802268470554228,0.03176659652187595,-0.0009643280513217251,1.446445514568807,1.3104544854311933,12692707.54
2026-04-27 00:00:00+00:00,1.395,1.413,1.34,1.364,8820909.8,1.3811499999999999,1.30535,1.60849,51.67979168833516,0.026918962895298826,0.03079706979656053,-0.0038781069012617034,1.4419686649103423,1.3203313350896575,12444961.825
2026-04-28 00:00:00+00:00,1.364,1.367,1.33,1.347,5115197.0,1.3820000000000001,1.3095666666666665,1.6033149999999998,49.28081590202021,0.022213592853201014,0.029080374407888628,-0.006866781554687614,1.4403609458583087,1.3236390541416916,11547194.485
2026-04-29 00:00:00+00:00,1.347,1.374,1.293,1.328,7251076.7,1.3801,1.3121666666666667,1.5984550000000002,46.6730951941823,0.016758233499953867,0.026615946226301677,-0.00985771272634781,1.442738326937081,1.3174616730629192,11012156.175
2026-04-30 00:00:00+00:00,1.328,1.343,1.291,1.297,3949686.6,1.3769,1.3146166666666668,1.59266,42.702720397541746,0.009820180063649486,0.023256792993771237,-0.013436612930121751,1.4489469291606312,1.3048530708393689,10562934.27
2026-05-01 00:00:00+00:00,1.298,1.32,1.279,1.288,6031828.2,1.3712,1.3134166666666667,1.5860049999999999,41.596387027724056,0.00355452360997921,0.019316339117012835,-0.015761815507033625,1.4519182755110493,1.2904817244889506,10305064.7
2026-05-02 00:00:00+00:00,1.289,1.305,1.278,1.3,3496137.6,1.3689,1.31245,1.580205,43.69112980995859,-0.0004377089233520426,0.01536552950893986,-0.0158032384322919,1.4548136776158367,1.2829863223841633,9930037.895
2026-05-03 00:00:00+00:00,1.301,1.304,1.268,1.275,4056823.7,1.3617,1.31185,1.5749549999999999,40.43714917177832,-0.005554840293644503,0.011181455548422987,-0.01673629584206749,1.4535435626567195,1.2698564373432804,9281477.389999999
2026-05-04 00:00:00+00:00,1.276,1.312,1.245,1.262,14616403.5,1.3568,1.3116999999999999,1.5702749999999996,38.81815743102252,-0.01053772281688059,0.006837619875362272,-0.017375342692242862,1.4584200767637936,1.2551799232362064,9180170.98
2026-05-05 00:00:00+00:00,1.262,1.317,1.258,1.296,11885032.7,1.35115,1.31285,1.56601,45.0183107644575,-0.011609351884180885,0.003148225523453641,-0.014757577407634526,1.4530975845789391,1.249202415421061,9234925.225
2026-05-06 00:00:00+00:00,1.296,1.547,1.288,1.487,37966412.0,1.3539,1.3174000000000001,1.56261,65.91514394163289,0.0029198202355604774,0.0031025444658750083,-0.0001827242303145309,1.4668015500401994,1.2409984499598008,10304904.6
2026-05-07 00:00:00+00:00,1.488,1.529,1.451,1.47,18468827.8,1.3570499999999999,1.3217,1.5586700000000002,63.59824152746263,0.012913675084525122,0.005064770589605031,0.007848904494920091,1.4788653931220486,1.2352346068779512,10176295.059999999
2026-05-08 00:00:00+00:00,1.47,1.603,1.455,1.598,26334830.6,1.3698000000000001,1.3277500000000002,1.5553599999999996,71.67212195029387,0.0308072801646595,0.010213272504615924,0.020594007660043576,1.5303012149532766,1.2092987850467236,10906347.06
2026-05-09 00:00:00+00:00,1.598,1.618,1.55,1.568,10994136.1,1.38195,1.3324833333333332,1.552115,67.87242231777154,0.04208224391502502,0.016587066786697746,0.025495177128327273,1.5625749982739834,1.2013250017260166,10776756.535
2026-05-10 00:00:00+00:00,1.568,1.631,1.536,1.564,11473846.8,1.39205,1.3369,1.5491149999999998,67.35965272481602,0.05011724692269026,0.023293102813896252,0.02682414410879401,1.5889413152007354,1.1951586847992646,10841240.905
2026-05-11 00:00:00+00:00,1.564,1.575,1.51,1.548,12864534.5,1.4002,1.3398999999999999,1.545845,65.23658045619084,0.05456498720592995,0.029547479692302994,0.025017507513626955,1.608417770618827,1.1919822293811728,10943640.294999998
2026-05-12 00:00:00+00:00,1.548,1.65,1.504,1.609,26426951.9,1.4105500000000002,1.34445,1.542525,69.21977293471832,0.06229395765911283,0.03609677528566496,0.02619718237344787,1.6378053409745816,1.1832946590254187,11802060.985
2026-05-13 00:00:00+00:00,1.609,1.692,1.549,1.574,28886132.0,1.419,1.3486,1.5389999999999997,64.64306069362058,0.06484749339697271,0.041846918907926516,0.023000574489046195,1.6571100585894523,1.1808899414105478,12812596.6
2026-05-14 00:00:00+00:00,1.574,1.635,1.539,1.573,15293397.1,1.4272,1.3523166666666666,1.53502,64.51181672685237,0.06602935195629933,0.04668340551760108,0.019345946438698254,1.6744865544292116,1.1799134455707885,13214504.87
2026-05-15 00:00:00+00:00,1.573,1.593,1.509,1.545,13070654.4,1.43435,1.3532333333333333,1.5310850000000003,60.790183211438766,0.06396922003604177,0.05014056842128922,0.013828651614752552,1.6865295193933691,1.1821704806066309,13670318.1
2026-05-16 00:00:00+00:00,1.544,1.555,1.479,1.496,10195611.0,1.43945,1.3539666666666668,1.5273949999999998,54.82906289957733,0.05771733069639784,0.05165592087631095,0.006061409820086891,1.6922839178224907,1.1866160821775091,13859921.5
2026-05-17 00:00:00+00:00,1.497,1.56,1.469,1.508,8885842.7,1.44665,1.356,1.523555,55.9678286238067,0.053118644396717984,0.05194846558039236,0.001170178816325626,1.6986795815999964,1.1946204184000035,13863168.145
2026-05-18 00:00:00+00:00,1.508,1.629,1.478,1.626,16495367.4,1.4606,1.3608500000000001,1.521185,65.2460529099084,0.05832344978133652,0.053223462420581194,0.005099987360755329,1.7198060184514774,1.2013939815485224,14432176.665000001
2026-05-19 00:00:00+00:00,1.626,1.687,1.581,1.602,18491712.8,1.4743,1.3656166666666667,1.5187,62.36754560948369,0.05982210414499689,0.054543190765464336,0.005278913379532554,1.7329875335254217,1.2156124664745782,14994208.469999999
2026-05-20 00:00:00+00:00,1.603,1.729,1.581,1.703,23292877.4,1.4946,1.37265,1.516345,68.63815213976389,0.06837151022313548,0.05730885465699857,0.011062655566136906,1.7581233576013022,1.2310766423986976,15961368.01
2026-05-21 00:00:00+00:00,1.703,1.967,1.696,1.927,38563882.9,1.5265499999999999,1.3835333333333333,1.5150299999999999,77.56626865085148,0.09215954620773825,0.06427899296714651,0.027880553240591743,1.8335004683193368,1.219599531680663,17587970.744999997
2026-05-22 00:00:00+00:00,1.927,2.337,1.918,2.102,83296720.7,1.5666499999999999,1.3967166666666666,1.51598,81.90120383312463,0.12370675905940431,0.07616454618559806,0.04754221287380625,1.9457939172681735,1.1875060827318262,21577999.9
2026-05-23 00:00:00+00:00,2.103,2.474,2.01,2.452,69087849.6,1.6255,1.4160499999999998,1.519085,87.22011483703722,0.1749337006490641,0.09591837707829128,0.07901532357077283,2.1447820043111925,1.1062179956888076,24829551.195
2026-05-24 00:00:00+00:00,2.452,2.509,2.329,2.395,43437244.8,1.68215,1.4346333333333334,1.5213050000000001,82.94493488333856,0.20852821385293896,0.11844034443322082,0.09008786941971814,2.272756899723871,1.0915431002761289,26270593.259999998
2026-05-25 00:00:00+00:00,2.396,2.824,2.337,2.772,59809608.5,1.75595,1.4604333333333333,1.5246799999999998,87.35848489223865,0.2625463855784482,0.14726155266226632,0.11528483291618191,2.4872249072691024,1.0246750927308974,28666822.05
2026-05-26 00:00:00+00:00,2.772,2.978,2.527,2.553,70564223.0,1.80925,1.4833166666666666,1.523605,75.18648596583476,0.2844062479209024,0.17469049171399353,0.10971575620690888,2.606740031286554,1.0117599687134462,30296712.6
2026-05-27 00:00:00+00:00,2.554,2.739,2.453,2.489,61070214.9,1.8602,1.50525,1.521365,72.02800167868126,0.2931864107485127,0.19838967552089737,0.09479673522761534,2.69386698387391,1.0265330161260897,32426781.955000002
2026-05-28 00:00:00+00:00,2.489,2.508,2.269,2.42,40033948.3,1.9013000000000002,1.5261833333333332,1.51809,68.67825485181909,0.2912200265166007,0.21695574572003806,0.07426428079656267,2.759885604352541,1.0427143956474592,33111737.839999996
2026-05-29 00:00:00+00:00,2.42,2.633,2.362,2.38,56973623.8,1.9419,1.5464833333333334,1.5160549999999997,66.74051376526907,0.28316978215807564,0.23019855300764558,0.052971229150430066,2.8103404182218914,1.0734595817781085,35410712.225
2026-05-30 00:00:00+00:00,2.38,2.444,2.226,2.25,25153338.2,1.9762,1.5641666666666665,1.5145649999999997,60.74212609703227,0.26326523421725856,0.23681188924956817,0.02645334496769039,2.836378028085704,1.116021971914296,36094686.795
2026-05-31 00:00:00+00:00,2.251,2.358,2.215,2.32,27397087.6,2.0148,1.5829833333333334,1.51349,62.68680027941833,0.25025437489932845,0.23950038637952023,0.010753988519808216,2.863867158710903,1.1657328412890973,36821314.45
2026-06-01 00:00:00+00:00,2.321,2.709,2.261,2.638,57769738.2,2.0662499999999997,1.6075833333333334,1.5144400000000002,69.96550592804115,0.26257630136078625,0.24411556937577344,0.0184607319850128,2.9351962296375995,1.1973037703623999,38388453.765
2026-06-02 00:00:00+00:00,2.638,2.775,2.455,2.628,66454587.9,2.11895,1.6312333333333333,1.515805,69.50633580521568,0.26844018902875755,0.2489804933063703,0.01945969572238726,2.9899316243764242,1.2479683756235755,40266876.559999995
2026-06-03 00:00:00+00:00,2.629,3.087,2.628,2.817,79228044.0,2.1811499999999997,1.6572666666666669,1.5178550000000002,73.09964173756245,0.2850521786372391,0.2561948303725441,0.028857348264694993,3.064878527321251,1.2974214726787483,43463608.905
2026-06-04 00:00:00+00:00,2.817,2.854,2.17,2.2,85031683.2,2.2138999999999998,1.6731333333333334,1.517405,51.686871037677534,0.24559943911525473,0.25407575212108624,-0.008476313005831515,3.048057994627747,1.3797420053722527,47061660.345
2026-06-05 00:00:00+00:00,2.2,2.303,1.825,1.969,90516179.4,2.2375499999999997,1.68515,1.5159,46.22719741333158,0.1934629686736402,0.24195319543159705,-0.048490226757956834,3.0137596301910854,1.461340369808914,51077688.765
2026-06-06 00:00:00+00:00,1.969,2.007,1.827,1.859,32496797.3,2.2551,1.6943,1.5138150000000001,43.851784571195196,0.14163567167609425,0.2218896906804965,-0.08025401900440224,2.978619702566129,1.531580297433871,52258236.495
2026-06-07 00:00:00+00:00,1.859,2.101,1.813,2.059,52333813.4,2.27675,1.70645,1.512225,48.98469855588117,0.11537057378142324,0.20058586730068187,-0.08521529351925863,2.947677380572128,1.6058226194278715,54050158.795
2026-06-08 00:00:00+00:00,2.059,2.265,2.014,2.13,43025496.2,2.30315,1.7191833333333333,1.512505,50.70744895929347,0.09914155892056797,0.1802970056246591,-0.08115544670409114,2.9036542131420684,1.7026457868579317,55276847.964999996
2026-06-09 00:00:00+00:00,2.13,2.261,2.033,2.152,33711344.9,2.3256,1.7323666666666666,1.5139449999999999,51.256718707316324,0.08705168620712822,0.16164794174115296,-0.07459625553402474,2.865157744825679,1.7860422551743214,55797771.34000001
2026-06-10 00:00:00+00:00,2.151,2.206,1.93,1.969,34687621.2,2.3276999999999997,1.7418166666666666,1.514585,46.60464407705487,0.06198923110449428,0.14171619961382123,-0.07972696850932695,2.861330246520352,1.7940697534796475,55603958.254999995
2026-06-11 00:00:00+00:00,1.97,2.119,1.95,2.066,32830504.8,2.3259,1.7538166666666666,1.515805,49.23471827799721,0.04938486621092597,0.12324993293324218,-0.07386506672231621,2.862796228335953,1.7890037716640466,53080647.45999999
2026-06-12 00:00:00+00:00,2.066,2.155,1.977,2.011,22938521.3,2.30385,1.7636833333333335,1.516335,47.797106055586944,0.03455939666512853,0.10551182567961945,-0.07095242901449092,2.854272483190299,1.7534275168097015,50773181.045
2026-06-13 00:00:00+00:00,2.011,2.187,1.99,2.129,17507274.5,2.29055,1.7765,1.517415,51.09635816092318,0.031963266432208925,0.09080211383013735,-0.058838847397928426,2.844364219753679,1.7367357802463212,49476682.53
2026-06-14 00:00:00+00:00,2.128,2.237,2.063,2.218,17550776.1,2.26285,1.7899833333333333,1.51882,53.484244677218406,0.036664722615166845,0.07997463558714325,-0.04330991297197641,2.7711165737596555,1.7545834262403441,47363740.910000004
2026-06-15 00:00:00+00:00,2.218,2.545,2.21,2.394,36646621.1,2.2549,1.8060166666666668,1.52126,57.86567460627945,0.05397025412471912,0.07477375929465843,-0.020803505169939313,2.7495562038440235,1.7602437961559765,45667860.815
2026-06-16 00:00:00+00:00,2.394,2.562,2.289,2.308,31371061.1,2.24585,1.8210333333333333,1.523405,55.13294026687579,0.060053274491180364,0.07182966233396282,-0.011776387842782454,2.729544645413179,1.7621553545868205,44182903.125
2026-06-17 00:00:00+00:00,2.308,2.36,2.303,2.324,4339064.0,2.24105,1.8373833333333331,1.52577,55.55349279334324,0.06541115911457673,0.0705459616900856,-0.0051348025755088705,2.719614718717732,1.7624852812822682,42398158.910000004
