date,open,high,low,close,volume,MA20,MA60,RSI,MACD,SIGNAL,HIST
2021-06-19 00:00:00+00:00,21.432,21.632,20.215,20.222,7447145.388,,,,0.0,0.0,0.0
2021-06-20 00:00:00+00:00,20.221,21.0,18.871,20.617,11045346.054,,,100.0,0.0315099715099727,0.0063019943019945405,0.025207977207978162
2021-06-21 00:00:00+00:00,20.616,20.794,15.35,15.707,27185128.197,,,51.119960179193605,-0.3358427285492809,-0.06212695026826055,-0.27371577828102034
2021-06-22 00:00:00+00:00,15.711,16.936,13.0,14.688,42443370.028,,,46.085287640402875,-0.7011151547660859,-0.18992459116782562,-0.5111905635982603
2021-06-23 00:00:00+00:00,14.684,16.8,13.963,15.792,24268090.268,,,51.64212290188795,-0.8912389627163897,-0.3301874654775384,-0.5610514972388513
2021-06-24 00:00:00+00:00,15.794,16.609,14.724,16.223,14150471.665,,,53.65055719000295,-0.9956580263501991,-0.46328157765207056,-0.5323764486981285
2021-06-25 00:00:00+00:00,16.224,16.742,14.414,14.422,15832639.428,,,45.20221915554228,-1.2097908194952076,-0.612583426020698,-0.5972073934745096
2021-06-26 00:00:00+00:00,14.424,14.981,13.616,14.511,13921587.238,,,45.65762295996129,-1.356672172306876,-0.7614011752779337,-0.5952709970289423
2021-06-27 00:00:00+00:00,14.507,15.027,14.03,15.01,10035136.207,,,48.25421593301366,-1.4164832359364539,-0.8924175874096378,-0.524065648526816
2021-06-28 00:00:00+00:00,15.008,16.026,14.584,15.794,12407568.948,,,52.12479623374731,-1.3846601862338552,-0.9908661071744814,-0.3937940790593738
2021-06-29 00:00:00+00:00,15.793,17.029,15.714,16.3,15069027.291,,,54.49082080363129,-1.3035833218089294,-1.0534095501013712,-0.2501737717075583
2021-06-30 00:00:00+00:00,16.305,16.628,15.086,16.402,13522533.232,,,54.97388783881505,-1.2170691594041152,-1.08614147196192,-0.13092768744219518
2021-07-01 00:00:00+00:00,16.4,16.411,14.85,15.174,10239264.118,,,48.323463838482176,-1.2333777881820573,-1.1155887352059475,-0.11778905297610986
2021-07-02 00:00:00+00:00,15.173,15.455,14.622,15.289,7898912.744,,,48.946343133486536,-1.222925827387776,-1.1370561536423132,-0.08586967374546295
2021-07-03 00:00:00+00:00,15.288,15.752,15.019,15.52,7020623.727,,,50.243694017526934,-1.1823731421228771,-1.1461195513384261,-0.036253590784451006
2021-07-04 00:00:00+00:00,15.523,16.575,15.162,15.975,8386779.841,,,52.788543473799756,-1.100830461164648,-1.1370617333036706,0.03623127213902255
2021-07-05 00:00:00+00:00,15.974,15.975,14.5,15.228,10609352.577,,,48.41080180186937,-1.0839884124234196,-1.1264470691276205,0.0424586567042009
2021-07-06 00:00:00+00:00,15.229,16.191,15.194,16.135,12531769.007,,,53.45775364182899,-0.9860866544361482,-1.0983749861893262,0.11228833175317798
2021-07-07 00:00:00+00:00,16.127,17.668,16.085,16.861,18479476.985,,,57.077432888621374,-0.8402310132274735,-1.0467461915969556,0.20651517836948208
2021-07-08 00:00:00+00:00,16.862,16.893,14.99,15.317,13613806.663,16.059350000000002,,48.447802604321396,-0.839549459423214,-1.0053068451622074,0.16575738573899335
2021-07-09 00:00:00+00:00,15.311,15.918,14.82,15.681,8527447.532,15.8323,,50.353505177157196,-0.800410926278305,-0.9643276613854269,0.1639167351071219
2021-07-10 00:00:00+00:00,15.681,15.999,15.038,15.276,7361515.051,15.56525,,48.21774183110543,-0.7929330336288363,-0.9300487358341089,0.13711570220527258
2021-07-11 00:00:00+00:00,15.277,15.708,15.138,15.495,5220591.256,15.55465,,49.46593396021931,-0.7605679264689496,-0.8961525739610771,0.1355846474921275
2021-07-12 00:00:00+00:00,15.495,15.65,14.381,14.845,7384762.29,15.5625,,45.92737827766309,-0.7783950598739526,-0.8726010711436522,0.09420601126969952
2021-07-13 00:00:00+00:00,14.845,15.099,14.011,14.19,7000669.871,15.482399999999998,,42.61885478352101,-0.8357423004633535,-0.8652293170075924,0.02948701654423891
2021-07-14 00:00:00+00:00,14.191,14.227,13.164,13.801,11240723.808,15.3613,,40.74172225073851,-0.9021796849654375,-0.8726193905991615,-0.029560294366276052
2021-07-15 00:00:00+00:00,13.798,14.108,12.739,13.095,11295460.335,15.29495,,37.51242457967491,-1.0002696051882634,-0.898149433516982,-0.1021201716712814
2021-07-16 00:00:00+00:00,13.095,13.313,12.0,12.026,11747810.942,15.1707,,33.21892033757027,-1.1509979517424629,-0.9487191371620782,-0.20227881458038466
2021-07-17 00:00:00+00:00,12.025,12.742,11.71,12.294,12685758.457,15.034899999999999,,35.2206933442708,-1.234594257997264,-1.0058941613291155,-0.2287000966681485
2021-07-18 00:00:00+00:00,12.296,12.934,12.258,12.647,8943548.853,14.87755,,37.862726015211884,-1.2578609451427933,-1.0562875180918512,-0.20157342705094217
2021-07-19 00:00:00+00:00,12.648,12.735,11.354,11.46,13496594.169,14.63555,,32.990264839618575,-1.3564446921070363,-1.1163189528948883,-0.24012573921214808
2021-07-20 00:00:00+00:00,11.463,11.558,10.373,10.958,15411227.688,14.36335,,31.16374723186614,-1.458270195374098,-1.1847092013907303,-0.27356099398336764
2021-07-21 00:00:00+00:00,10.962,12.861,10.673,12.343,20720488.404,14.221799999999998,,40.88777340591771,-1.4109452170747971,-1.2299564045275437,-0.1809888125472534
2021-07-22 00:00:00+00:00,12.344,13.37,11.81,13.152,17109976.612,14.114949999999999,,45.71188241671016,-1.2932524823152356,-1.2426156200850822,-0.0506368622301534
2021-07-23 00:00:00+00:00,13.154,13.52,12.321,13.401,14319244.955,14.009,,47.141725200779305,-1.166441906850448,-1.2273808774381554,0.060938970587707475
2021-07-24 00:00:00+00:00,13.4,14.057,13.123,13.754,13352533.272,13.89795,,49.1850393407582,-1.0256365624623616,-1.1870320144429967,0.1613954519806351
2021-07-25 00:00:00+00:00,13.759,13.827,13.085,13.734,10636601.766,13.823249999999998,,49.069302396056095,-0.9052262605917818,-1.1306708636727538,0.22544460308097203
2021-07-26 00:00:00+00:00,13.732,15.298,13.634,13.925,25704112.204,13.71275,,50.27273458206046,-0.7853352689770343,-1.06160374473361,0.27626847575657565
2021-07-27 00:00:00+00:00,13.924,14.54,13.349,14.365,16376850.101,13.587950000000001,,53.02633211149072,-0.647354175615316,-0.9787538309099513,0.3313996552946352
2021-07-28 00:00:00+00:00,14.364,14.762,13.921,14.546,13296413.169,13.5494,,54.15105571111337,-0.5174333283875825,-0.8864897304054776,0.36905640201789514
2021-07-29 00:00:00+00:00,14.542,15.391,14.257,15.254,16761635.313,13.528049999999999,,58.35180607858176,-0.3532681822303836,-0.7798454207704588,0.42657723854007523
2021-07-30 00:00:00+00:00,15.258,15.859,14.404,15.793,12163617.879,13.553899999999999,,61.26170701502544,-0.17762576649775852,-0.6594014899159188,0.48177572341816033
2021-07-31 00:00:00+00:00,15.791,17.018,15.58,16.784,12127994.279,13.618349999999998,,65.96952453726031,0.04106416909330335,-0.5193083581140744,0.5603725272073777
2021-08-01 00:00:00+00:00,16.779,19.9,16.539,18.418,29839953.331,13.797,,72.00970252928852,0.3422820483274034,-0.3469902768257789,0.6892723251531823
2021-08-02 00:00:00+00:00,18.418,18.938,17.555,17.984,17843839.093,13.986700000000003,,68.53043694510797,0.5397572295127819,-0.16964077555806673,0.7093980050708486
2021-08-03 00:00:00+00:00,17.984,18.546,16.811,17.425,15066105.66,14.1679,,64.22601996405254,0.6437305796778183,-0.006966504510889704,0.6506970841887081
2021-08-04 00:00:00+00:00,17.426,19.584,17.094,19.15,17035350.579,14.470650000000001,,70.40375672350541,0.855462058243841,0.16551920804005643,0.6899428502037845
2021-08-05 00:00:00+00:00,19.146,19.458,17.861,19.124,17528313.721,14.825549999999998,,70.20696299367754,1.0095256148611647,0.3343204894042781,0.6752051254568865
2021-08-06 00:00:00+00:00,19.124,20.8,18.522,20.416,17461334.492,15.231650000000002,,74.08366840515194,1.2217916422409942,0.5118147199716213,0.7099769222693729
2021-08-07 00:00:00+00:00,20.417,21.683,20.025,20.963,16386907.83,15.647450000000001,,75.53511385881349,1.4178087105044952,0.6930135180781962,0.724795192426299
2021-08-08 00:00:00+00:00,20.963,21.205,19.192,19.65,11727291.345,16.05695,,65.982580350516,1.4504852316738557,0.8445078607973282,0.6059773708765275
2021-08-09 00:00:00+00:00,19.651,21.267,18.706,20.566,12450237.876,16.53735,,68.93424507073053,1.5326279735396042,0.9821318833457835,0.5504960901938207
2021-08-10 00:00:00+00:00,20.566,21.419,20.08,20.616,13345048.98,16.951,,69.09189625305967,1.5835075807160237,1.1024070228198317,0.481100557896192
2021-08-11 00:00:00+00:00,20.61,22.45,20.54,21.347,17980834.426,17.360750000000003,,71.37873821320713,1.6636382406893873,1.2146532663937428,0.44898497429564443
2021-08-12 00:00:00+00:00,21.346,22.314,19.9,20.755,13916627.074,17.728450000000002,,67.05196330264167,1.660234760717639,1.3037695652585222,0.3564651954591169
2021-08-13 00:00:00+00:00,20.759,22.729,20.503,22.723,10079219.543,18.176899999999996,,72.9271034483583,1.7956396153184926,1.4021435752705163,0.39349604004797634
2021-08-14 00:00:00+00:00,22.723,23.488,21.771,22.835,12206858.981,18.63195,,73.21977500874709,1.890197383278494,1.4997543368721118,0.39044304640638217
2021-08-15 00:00:00+00:00,22.833,23.33,21.836,23.15,10311557.705,19.0932,,74.06884761812944,1.967868598822328,1.593377189262155,0.3744914095601728
2021-08-16 00:00:00+00:00,23.15,25.699,22.821,24.432,23210244.18,19.59655,,77.2326237740314,2.108564068563826,1.6964145651224893,0.4121495034413367
2021-08-17 00:00:00+00:00,24.419,27.422,23.01,23.545,29082405.854,20.0465,16.551750000000002,70.79661397921615,2.124008507038635,1.7819333535057185,0.3420751535329165
2021-08-18 00:00:00+00:00,23.548,25.183,22.5,23.868,20325842.456,20.477200000000003,16.612516666666668,71.72077365968163,2.137670007187971,1.853080684242169,0.2845893229458021
2021-08-19 00:00:00+00:00,23.868,26.849,23.464,26.582,18955398.089,21.016650000000002,16.71193333333333,78.0160132763521,2.340513974459526,1.9505673422856404,0.3899466321738856
2021-08-20 00:00:00+00:00,26.579,28.477,26.066,28.149,18087062.298,21.584899999999998,16.9193,80.6889812945993,2.597767635718327,2.080007400972178,0.5177602347461492
2021-08-21 00:00:00+00:00,28.149,29.351,27.47,27.863,15380800.777,22.05715,17.138883333333332,78.80565143166305,2.746900645129429,2.213386049803628,0.5335145953258009
2021-08-22 00:00:00+00:00,27.861,28.52,26.5,27.685,12726834.131,22.5422,17.337100000000003,77.59179695938369,2.8182396052648606,2.334356760895875,0.48388284436898577
2021-08-23 00:00:00+00:00,27.683,28.627,27.312,27.877,12452305.837,23.064799999999998,17.531333333333336,77.98569172794292,2.8573315016072627,2.4389517090381525,0.4183797925691102
2021-08-24 00:00:00+00:00,27.876,28.172,24.351,25.067,15563782.332,23.36065,17.708750000000002,61.066915672708305,2.631237329207636,2.477408833072049,0.1538284961355867
2021-08-25 00:00:00+00:00,25.07,26.55,24.471,25.982,13580763.063,23.70355,17.899933333333333,63.81942580153004,2.4971038627497215,2.481347839007584,0.015756023742137693
2021-08-26 00:00:00+00:00,25.982,26.4,23.46,23.92,12202094.793,23.87875,18.048433333333335,54.47303495801406,2.199066487459337,2.4248915686979347,-0.22582508123859757
2021-08-27 00:00:00+00:00,23.92,26.79,23.45,26.53,12760582.382,24.1571,18.22736666666667,62.04918667749938,2.14870596280209,2.3696544475187657,-0.2209484847166756
2021-08-28 00:00:00+00:00,26.53,26.76,25.4,25.96,6962096.43,24.4726,18.38836666666667,59.71216980572865,2.0392929481811493,2.303582147651243,-0.26428919947009355
2021-08-29 00:00:00+00:00,25.96,26.46,25.24,25.7,5969161.7,24.729300000000002,18.543333333333333,58.627468722678046,1.9095899544105386,2.224783709003102,-0.3151937545925634
2021-08-30 00:00:00+00:00,25.71,27.58,24.32,26.03,14865324.488,25.0,18.72426666666667,59.62984980446861,1.8125338771895727,2.142333742640396,-0.3297998654508234
2021-08-31 00:00:00+00:00,26.05,31.95,25.61,31.35,40601758.669,25.500149999999998,18.99195,71.58298052959547,2.1402245987151396,2.141911913855345,-0.001687315140205481
2021-09-01 00:00:00+00:00,31.34,33.838,29.6,33.18,26017654.839,26.1214,19.286283333333337,74.39180390985672,2.5185552255660575,2.217240576197488,0.30131464936856966
2021-09-02 00:00:00+00:00,33.17,33.2,31.24,31.79,13487628.41,26.57475,19.549866666666667,68.8269611724842,2.6753834349157337,2.308869147941137,0.36651428697459654
2021-09-03 00:00:00+00:00,31.78,34.0,30.51,33.57,14346166.884,27.1115,19.855566666666668,71.74208985737793,2.909760140988382,2.429047346550586,0.480712794437796
2021-09-04 00:00:00+00:00,33.58,34.13,32.0,32.4,7731353.806,27.574,20.12665,67.28792517242167,2.9668956213474296,2.536617001509955,0.4302786198374746
2021-09-05 00:00:00+00:00,32.41,34.78,31.97,34.42,9486930.418,28.0734,20.4193,70.67329212888386,3.138988711413944,2.6570913434907526,0.4818973679231915
2021-09-06 00:00:00+00:00,34.43,35.1,32.3,34.35,12428084.43,28.61365,20.736516666666667,70.40139147198727,3.232463483273307,2.7721657714472636,0.4602977118260432
2021-09-07 00:00:00+00:00,34.35,35.68,22.66,27.97,40408249.411,28.81875,20.941333333333333,51.10340187135705,2.759915643752599,2.769715745908331,-0.009800102155731683
2021-09-08 00:00:00+00:00,27.97,28.88,25.2,27.76,23830480.97,28.87765,21.149400000000004,50.61162914234373,2.341481688073955,2.6840689343414557,-0.3425872462675006
2021-09-09 00:00:00+00:00,27.76,31.88,27.0,29.82,21170365.5,28.9612,21.38815,55.16910758676078,2.151295749145394,2.5775142973022436,-0.4262185481568497
2021-09-10 00:00:00+00:00,29.82,32.65,28.0,29.19,27860740.96,29.02755,21.627233333333333,53.54186817055575,1.9275170705074025,2.4475148519432754,-0.5199977814358729
2021-09-11 00:00:00+00:00,29.18,32.1,28.25,31.57,15331069.56,29.2218,21.9169,58.51947748043163,1.920083438292366,2.3420285692130935,-0.4219451309207276
2021-09-12 00:00:00+00:00,31.57,36.45,30.66,35.79,28871476.13,29.61745,22.283383333333333,65.56454375229107,2.229016251362726,2.31942610564302,-0.09040985428029424
2021-09-13 00:00:00+00:00,35.81,38.07,31.5,34.84,49715992.152,30.106100000000005,22.6458,62.971666894524134,2.3698722587385035,2.3295153362621166,0.04035692247638689
2021-09-14 00:00:00+00:00,34.84,38.77,34.08,37.36,23675929.094,30.675000000000004,23.068033333333336,66.73024881120455,2.654248079232481,2.39446188485619,0.25978619437629114
2021-09-15 00:00:00+00:00,37.35,38.01,35.55,36.47,12212842.72,31.3025,23.470966666666666,64.24976965360987,2.7758046556396394,2.47073043901288,0.3050742166267595
2021-09-16 00:00:00+00:00,36.46,36.97,34.0,35.5,13726309.35,31.750999999999998,23.851850000000002,61.563778867358444,2.762029270709185,2.528990205352141,0.233039065357044
2021-09-17 00:00:00+00:00,35.51,36.94,32.19,33.03,14073919.0,32.1045,24.21135,55.23189697341559,2.5227234361259647,2.527736851506906,-0.005013415380941133
2021-09-18 00:00:00+00:00,33.04,35.9,32.51,34.87,9990438.88,32.563,24.609883333333332,58.64421396586335,2.453264751639093,2.5128424315333433,-0.059577679894250224
2021-09-19 00:00:00+00:00,34.86,34.9,33.01,33.85,7884331.02,32.95399999999999,24.968333333333337,56.09182263555904,2.2895205999569157,2.468178065218058,-0.17865746526114235
2021-09-20 00:00:00+00:00,33.86,33.91,26.55,28.31,28383483.49,32.80200000000001,25.220966666666666,44.70980731794748,1.6932022976423085,2.313182911702908,-0.6199806140605997
2021-09-21 00:00:00+00:00,28.31,30.38,25.5,26.39,24316299.56,32.4625,25.437450000000002,41.56210741003799,1.0535432026933478,2.061254969900996,-1.007711767207648
2021-09-22 00:00:00+00:00,26.39,32.0,25.91,31.6,18161430.28,32.453,25.734883333333336,51.53345323169698,0.9559921373892486,1.8402024033986466,-0.884210266009398
2021-09-23 00:00:00+00:00,31.58,33.6,30.37,33.41,13516616.87,32.445,26.062816666666667,54.44183233882223,1.0130562071665032,1.674773164152218,-0.6617169569857149
2021-09-24 00:00:00+00:00,33.42,33.54,27.9,30.79,28521525.89,32.3645,26.3439,49.784762231319554,0.8372168748590347,1.5072619062935815,-0.6700450314345467
2021-09-25 00:00:00+00:00,30.79,32.22,29.41,29.82,13368526.84,32.1345,26.60148333333333,48.1427877499272,0.6125311657878356,1.3283157581924323,-0.7157845924045967
2021-09-26 00:00:00+00:00,29.83,30.06,26.76,28.84,18340714.24,31.859,26.839716666666668,46.475045932772126,0.3513383035150959,1.1329202672569652,-0.7815819637418693
2021-09-27 00:00:00+00:00,28.84,30.26,27.5,27.71,11094418.1,31.845999999999997,27.047316666666667,44.55830551134541,0.052553715654518385,0.9168469569364759,-0.8642932412819575
2021-09-28 00:00:00+00:00,27.72,28.38,26.14,26.31,9784154.53,31.773500000000002,27.2226,42.234270092736445,-0.29381658783344733,0.6747142479824912,-0.9685308358159386
2021-09-29 00:00:00+00:00,26.31,28.59,26.11,27.28,10207287.33,31.646499999999996,27.397533333333335,44.398143022295294,-0.4844620781692228,0.44287898275214843,-0.9273410609213713
2021-09-30 00:00:00+00:00,27.28,28.99,27.13,28.62,8201551.44,31.618000000000002,27.567566666666664,47.333197638999636,-0.5214126808178321,0.2500206500381523,-0.7714333308559844
2021-10-01 00:00:00+00:00,28.61,32.33,28.5,31.94,13176348.21,31.6365,27.800166666666666,53.83531410834605,-0.2795772534819214,0.14410106933413758,-0.423678322816059
2021-10-02 00:00:00+00:00,31.94,33.39,31.52,32.01,8748363.88,31.4475,28.04325,53.964363684793916,-0.08133494142693465,0.09901386718192313,-0.18034880860885777
2021-10-03 00:00:00+00:00,32.01,32.69,31.17,32.11,7871434.22,31.310999999999996,28.259249999999998,54.16149869143443,0.08288721122500675,0.09578853599053987,-0.012901324765533115
2021-10-04 00:00:00+00:00,32.1,32.11,30.04,31.15,9287969.05,31.0005,28.45968333333333,51.86533570947527,0.13402551075316538,0.10343593094306497,0.03058957981010041
2021-10-05 00:00:00+00:00,31.15,32.16,30.52,31.39,8537858.77,30.746500000000005,28.642583333333334,52.408543174066494,0.19170907293900896,0.12109055934225378,0.07061851359675518
2021-10-06 00:00:00+00:00,31.39,33.09,29.11,32.19,14373589.09,30.581,28.8297,54.26145009013038,0.29853569205396724,0.15657958588459647,0.14195610616937077
2021-10-07 00:00:00+00:00,32.19,35.31,30.93,33.98,20356598.29,30.628499999999995,29.06853333333333,58.18438266055659,0.5216216678043928,0.22958800226855575,0.29203366553583704
2021-10-08 00:00:00+00:00,33.98,34.49,33.03,33.35,11134583.44,30.552500000000002,29.2816,56.352433861532894,0.640203310710799,0.31171106395700443,0.3284922467537945
2021-10-09 00:00:00+00:00,33.36,36.9,33.0,36.33,12546752.37,30.676499999999997,29.543499999999998,62.385314509858475,0.9635341897889163,0.4420756891233868,0.5214585006655295
2021-10-10 00:00:00+00:00,36.33,37.45,34.13,34.43,13147574.66,30.982499999999998,29.76155,56.977860213824314,1.0543087054223221,0.5645222923831739,0.48978641303914827
2021-10-11 00:00:00+00:00,34.42,36.09,33.25,34.13,11467492.31,31.3695,29.984466666666666,56.15027126177564,1.0894818022243058,0.6695141943514002,0.41996760787290555
2021-10-12 00:00:00+00:00,34.12,35.43,32.07,35.17,13326459.4,31.547999999999995,30.191916666666668,58.40574939526173,1.1875862877275836,0.773128613026637,0.4144576747009465
2021-10-13 00:00:00+00:00,35.16,43.22,33.57,41.69,36492731.213,31.962,30.50616666666667,69.12707393677557,1.7710289896150186,0.9727086883443135,0.7983203012707052
2021-10-14 00:00:00+00:00,41.69,42.54,39.33,40.71,20178003.61,32.458000000000006,30.798833333333334,66.35838534091167,2.129782912864549,1.2041235332483606,0.9256593796161883
2021-10-15 00:00:00+00:00,40.69,44.24,39.45,43.28,22085746.426,33.131,31.11296666666667,69.77703599067627,2.591601138625691,1.481619054323827,1.1099820843018642
2021-10-16 00:00:00+00:00,43.27,44.78,41.26,41.75,13673173.229,33.7765,31.416383333333336,65.509057401243,2.801839336716327,1.7456631108023268,1.0561762259140002
2021-10-17 00:00:00+00:00,41.74,42.87,39.52,42.12,10386680.07,34.497,31.72058333333333,66.04986918185546,2.9641417501865774,1.989358838679177,0.9747829115074005
2021-10-18 00:00:00+00:00,42.11,43.25,40.25,41.17,10911226.84,35.239999999999995,31.963716666666667,63.305218026761715,2.9817388917921974,2.1878348493017814,0.793904042490416
2021-10-19 00:00:00+00:00,41.16,41.65,40.01,41.34,8843904.77,35.943,32.183566666666664,63.59673612020601,2.975107149269057,2.3452893092952367,0.6298178399738203
2021-10-20 00:00:00+00:00,41.35,45.22,41.08,44.42,13310248.053,36.733,32.459516666666666,68.4821782853345,3.1817049903205046,2.5125724455002905,0.6691325448202141
2021-10-21 00:00:00+00:00,44.41,45.53,41.91,42.84,14782015.916,37.278000000000006,32.7121,63.75533566244132,3.181270763334375,2.6463121090671073,0.5349586542672675
2021-10-22 00:00:00+00:00,42.83,46.39,42.68,43.51,16062749.38,37.852999999999994,32.97265,64.86288251419145,3.198124052580745,2.7566744977698354,0.44144955481090964
2021-10-23 00:00:00+00:00,43.5,44.79,43.08,43.95,6138290.14,38.44500000000001,33.287366666666664,65.60617720598687,3.2099820535278454,2.8473360089214372,0.36264604460640815
2021-10-24 00:00:00+00:00,43.94,44.17,41.27,42.31,7260724.06,39.003,33.5595,60.47140900046765,3.0518653072211137,2.8882418685813724,0.16362343863974127
2021-10-25 00:00:00+00:00,42.3,44.8,42.11,44.55,7291785.53,39.661,33.903333333333336,64.55228340798435,3.0718950323970873,2.9249725013445156,0.1469225310525717
2021-10-26 00:00:00+00:00,44.55,46.0,43.31,44.93,9161833.46,40.298,34.21,65.20848235665038,3.082893876538982,2.956556776383409,0.1263371001555731
2021-10-27 00:00:00+00:00,44.93,45.77,38.7,40.44,17560562.15,40.621,34.45133333333333,52.77661830482185,2.698201872644006,2.9048857956355287,-0.20668392299152272
2021-10-28 00:00:00+00:00,40.43,43.12,39.81,41.82,11629300.38,41.0445,34.720000000000006,55.57967158868783,2.476141734291602,2.8191369833667435,-0.34299524907514156
2021-10-29 00:00:00+00:00,41.82,44.35,41.56,44.2,8788034.21,41.438,35.02283333333333,59.990498026095544,2.4638024038526396,2.7480700674639227,-0.2842676636112831
2021-10-30 00:00:00+00:00,44.19,44.31,42.08,42.73,5254551.32,41.852999999999994,35.2125,56.273701813338945,2.308792359732621,2.6602145259176626,-0.35142216618504163
2021-10-31 00:00:00+00:00,42.73,43.36,41.01,42.77,6375433.77,42.285000000000004,35.37233333333334,56.35294620875268,2.1642256031174156,2.5610167413576135,-0.39679113824019785
2021-11-01 00:00:00+00:00,42.78,51.57,41.7,49.98,23714028.213,43.0255,35.67550000000001,67.7117057029331,2.601454205733802,2.569104234232851,0.03234997150095076
2021-11-02 00:00:00+00:00,49.98,53.35,48.01,51.66,19822814.528,43.524,35.977,69.69098248114474,3.0483831199690385,2.6649600113800886,0.3834231085889499
2021-11-03 00:00:00+00:00,51.66,54.54,49.07,53.34,17237167.47,44.155499999999996,36.326,71.56793997280528,3.49781878644999,2.831531766394069,0.666287020055921
2021-11-04 00:00:00+00:00,53.35,55.09,52.16,53.82,14091354.818,44.6825,36.64933333333333,72.09957073453664,3.848370162907152,3.034899445696686,0.8134707172104658
2021-11-05 00:00:00+00:00,53.83,53.93,50.56,51.76,8742278.8,45.183,36.939499999999995,66.36438465281998,3.9148321226623963,3.2108859810898283,0.7039461415725681
2021-11-06 00:00:00+00:00,51.75,52.42,49.0,52.02,8114011.78,45.678,37.340333333333334,66.72416268144858,3.943030727910376,3.3573149304539376,0.5857157974564382
2021-11-07 00:00:00+00:00,52.03,53.53,51.29,52.22,7102199.25,46.2305,37.748000000000005,67.01642599532514,3.936143245094293,3.473080593382009,0.463062651712284
2021-11-08 00:00:00+00:00,52.22,53.87,51.63,53.36,7797418.81,46.8315,38.140333333333324,68.70374509051298,3.9768309067615277,3.573830656057913,0.4030002507036148
2021-11-09 00:00:00+00:00,53.36,53.39,50.52,50.78,10322506.13,47.1495,38.50016666666667,61.0873364673133,3.7575767282186305,3.6105798704900565,0.14699685772857407
2021-11-10 00:00:00+00:00,50.79,52.08,42.5,46.74,19625912.74,47.3445,38.753,51.46597797127049,3.220695799409029,3.5326030562738513,-0.31190725686482246
2021-11-11 00:00:00+00:00,46.74,49.44,45.55,47.44,9323684.55,47.541000000000004,38.94716666666667,52.851627107822935,2.8191999628840207,3.389922437595885,-0.5707224747118644
2021-11-12 00:00:00+00:00,47.44,47.72,44.04,45.9,10700975.88,47.6385,39.131499999999996,49.50315102878727,2.349661060046664,3.181870162086041,-0.8322091020393771
2021-11-13 00:00:00+00:00,45.9,47.55,44.86,47.07,6068714.1,47.8765,39.29333333333333,51.991747934879804,2.048345269390076,2.955165183546848,-0.9068199141567721
2021-11-14 00:00:00+00:00,47.07,47.83,45.02,46.39,4667465.13,47.96849999999999,39.458666666666666,50.43600203184396,1.734683663953831,2.7110688796282445,-0.9763852156744135
2021-11-15 00:00:00+00:00,46.39,47.46,44.5,44.77,6580865.03,47.9605,39.613166666666665,46.84006158898142,1.3399381478547454,2.4368427332735445,-1.096904585418799
2021-11-16 00:00:00+00:00,44.78,44.78,38.1,40.84,19699792.9,47.98049999999999,39.74333333333333,39.48528717140137,0.701890371448286,2.0898522609084926,-1.3879618894602066
2021-11-17 00:00:00+00:00,40.84,42.78,38.76,42.75,11336082.44,48.027,39.87466666666667,44.08084269471527,0.34636131162614703,1.7411540710520235,-1.3947927594258764
2021-11-18 00:00:00+00:00,42.75,43.27,37.53,39.03,14653376.83,47.7685,39.961,38.02420687093874,-0.23288637127297562,1.3463459825870236,-1.5792323538599993
2021-11-19 00:00:00+00:00,39.03,42.28,38.36,41.24,8936329.85,47.694,40.176500000000004,43.03200193568437,-0.507762631421599,0.9755242597852991,-1.4832868912068982
2021-11-20 00:00:00+00:00,41.23,42.1,39.83,42.1,5821401.36,47.6605,40.43833333333334,44.89788151514293,-0.6487310673622986,0.6506731943557796,-1.2994042617180783
2021-11-21 00:00:00+00:00,42.09,43.56,40.64,41.94,6646315.92,47.258500000000005,40.61066666666667,44.605167147710745,-0.7645470092832198,0.3676291536279797,-1.1321761629111995
2021-11-22 00:00:00+00:00,41.95,42.16,38.8,39.49,8474290.45,46.65,40.711999999999996,40.275181278452195,-1.042014804129714,0.085700362076441,-1.1277151662061549
2021-11-23 00:00:00+00:00,39.48,41.47,38.54,40.78,6985881.02,46.022000000000006,40.8785,43.39115584877543,-1.1446233065977154,-0.1603643716583903,-0.9842589349393251
2021-11-24 00:00:00+00:00,40.76,40.92,38.04,38.28,7264687.01,45.245,41.019499999999994,39.130385094197734,-1.4114006426441819,-0.4105716258555486,-1.0008290167886331
2021-11-25 00:00:00+00:00,38.27,40.93,38.04,39.47,7371944.97,44.6305,41.19666666666667,42.04748225073175,-1.5094011122800737,-0.6303375231404537,-0.87906358913962
2021-11-26 00:00:00+00:00,39.48,39.62,33.67,34.56,16596267.73,43.75750000000001,41.310833333333335,34.66558371809262,-1.9606618664132824,-0.8964023917950195,-1.064259474618263
2021-11-27 00:00:00+00:00,34.55,36.12,34.43,35.16,6817533.23,42.9045,41.458333333333336,36.140966989697475,-2.244006766473049,-1.1659232667306254,-1.0780834997424238
2021-11-28 00:00:00+00:00,35.16,35.85,32.21,35.76,10439305.23,42.0245,41.599666666666664,37.65709052491148,-2.392564659494539,-1.4112515452834082,-0.9813131142111309
2021-11-29 00:00:00+00:00,35.75,37.53,35.4,37.1,7442054.72,41.340500000000006,41.741,41.02469206971554,-2.3747958901011756,-1.6039604142469617,-0.770835475854214
2021-11-30 00:00:00+00:00,37.1,39.35,35.28,37.95,9758902.6,40.900999999999996,41.841166666666666,43.123465563609926,-2.266005020746249,-1.7363693355468193,-0.5296356851994297
2021-12-01 00:00:00+00:00,37.96,38.78,36.22,36.76,6936636.91,40.367,41.92033333333333,40.927510728419534,-2.2498753650323238,-1.8390705414439203,-0.4108048235884034
2021-12-02 00:00:00+00:00,36.76,36.79,35.05,35.75,5653240.06,39.8595,41.981,39.10727994627492,-2.2921683656549376,-1.9296901062861238,-0.36247825936881384
2021-12-03 00:00:00+00:00,35.76,36.84,32.56,33.7,9114532.42,39.191,42.0235,35.64234879157131,-2.462715094169468,-2.0362951038627926,-0.42641999030667543
2021-12-04 00:00:00+00:00,33.7,33.86,24.35,29.38,24608037.9,38.340500000000006,41.99,29.675447590480587,-2.9128845812487185,-2.211612999339978,-0.7012715819087405
2021-12-05 00:00:00+00:00,29.38,29.74,26.33,28.31,11536652.53,37.5175,41.925333333333334,28.40694383324869,-3.317742332307972,-2.4328388659335767,-0.8849034663743955
2021-12-06 00:00:00+00:00,28.31,28.92,24.84,28.13,16137260.41,36.882000000000005,41.82783333333334,28.188649650471447,-3.611488520946338,-2.668568796936129,-0.942919724010209
2021-12-07 00:00:00+00:00,28.12,31.49,27.69,30.5,13072414.91,36.26950000000001,41.78033333333334,35.24458019982025,-3.611415152831711,-2.857138068115246,-0.754277084716465
2021-12-08 00:00:00+00:00,30.49,30.63,28.02,29.84,10373073.12,35.809999999999995,41.67216666666666,34.23574266929688,-3.622851515102788,-3.010280757512754,-0.6125707575900337
2021-12-09 00:00:00+00:00,29.85,30.13,26.8,26.9,9383772.0,35.092999999999996,41.54666666666667,30.10226043477971,-3.8250554853709815,-3.1732357030843996,-0.6518197822865819
2021-12-10 00:00:00+00:00,26.91,28.43,25.71,26.44,11306697.95,34.31,41.418499999999995,29.50207687237517,-3.97658218019226,-3.333904998505972,-0.6426771816862877
2021-12-11 00:00:00+00:00,26.44,28.18,25.81,27.81,8148503.07,33.6035,41.295833333333334,33.73936504002985,-3.9406947510044645,-3.4552629490056708,-0.48543180199879377
2021-12-12 00:00:00+00:00,27.82,30.12,27.31,29.54,5833358.42,33.106,41.09333333333334,38.74611108490872,-3.729663919008267,-3.5101431430061902,-0.21952077600207698
2021-12-13 00:00:00+00:00,29.54,29.87,25.54,25.96,10566935.28,32.364999999999995,40.847500000000004,33.1619092886952,-3.8074071256322455,-3.569595939531401,-0.23781118610084429
2021-12-14 00:00:00+00:00,25.97,26.71,25.0,26.15,10443455.71,31.758500000000005,40.562,33.70798076261251,-3.8097710952022297,-3.617630970665567,-0.19214012453666252
2021-12-15 00:00:00+00:00,26.14,28.03,24.27,27.14,13450685.93,31.142000000000003,40.3185,36.61391422361448,-3.6892326543217067,-3.631951307396795,-0.0572813469249116
2021-12-16 00:00:00+00:00,27.14,27.84,25.55,26.02,14427194.9,30.714999999999996,40.05016666666667,34.75763969099188,-3.642095896887433,-3.633980225294923,-0.008115671592510143
2021-12-17 00:00:00+00:00,26.02,26.21,24.16,24.64,10403388.65,30.189,39.77466666666667,32.5667703146856,-3.673745492665276,-3.641933278768994,-0.03181221389628197
2021-12-18 00:00:00+00:00,24.64,25.72,24.21,25.49,7437623.45,29.6755,39.51049999999999,35.27306911818654,-3.58886987120729,-3.631320597256653,0.04245072604936295
2021-12-19 00:00:00+00:00,25.48,25.86,24.63,24.78,5757699.98,29.059499999999996,39.18316666666667,34.04402685896372,-3.5381112518746,-3.6126787281802426,0.07456747630564253
2021-12-20 00:00:00+00:00,24.78,25.01,23.27,24.07,7053641.28,28.365500000000004,38.870333333333335,32.812763219514196,-3.514660923316228,-3.59307516720744,0.0784142438912121
2021-12-21 00:00:00+00:00,24.07,25.59,23.74,25.16,7752931.61,27.785500000000003,38.564499999999995,36.603538013040996,-3.3692834758893966,-3.5483168289438316,0.17903335305443502
2021-12-22 00:00:00+00:00,25.16,28.23,24.98,27.22,10788179.43,27.359,38.285666666666664,43.13366799617968,-3.0526568891488424,-3.4491848409848336,0.3965279518359912
2021-12-23 00:00:00+00:00,27.23,29.81,26.73,29.16,10938539.93,27.131999999999998,38.066500000000005,48.51238586925019,-2.6150416785783293,-3.2823562085035327,0.6673145299252035
2021-12-24 00:00:00+00:00,29.16,29.67,27.83,28.14,6454013.86,27.07,37.793,46.046336552770775,-2.3237472352130766,-3.0906344138454416,0.766887178632365
2021-12-25 00:00:00+00:00,28.14,29.12,27.94,28.84,3990671.82,27.0965,37.52483333333334,47.99993612779274,-2.013203187160954,-2.8751481685085443,0.8619449813475901
2021-12-26 00:00:00+00:00,28.86,31.74,28.27,31.32,9409786.98,27.256,37.37283333333333,54.31179185492665,-1.5491222015114445,-2.6099429751091243,1.0608207735976798
2021-12-27 00:00:00+00:00,31.32,32.78,30.83,30.97,8620339.37,27.279499999999995,37.192,53.3279859717067,-1.1957924013414676,-2.327112860355593,1.1313204590141255
2021-12-28 00:00:00+00:00,30.96,30.97,27.46,27.83,15826935.59,27.179000000000002,36.91916666666667,45.3851538551177,-1.1558241259793363,-2.0928551134803417,0.9370309875010054
2021-12-29 00:00:00+00:00,27.84,28.96,26.48,26.82,9578005.6,27.175,36.653999999999996,43.15845005779196,-1.1919079657841642,-1.9126656839411065,0.7207577181569422
2021-12-30 00:00:00+00:00,26.81,28.42,26.17,27.54,7797319.16,27.23,36.40016666666667,45.221705275501954,-1.1491598862490982,-1.759964524402705,0.6108046381536067
2021-12-31 00:00:00+00:00,27.54,28.12,26.24,26.66,9510787.97,27.172499999999996,36.0115,43.15965221672123,-1.1727713921831722,-1.6425258979587984,0.4697545057756263
2022-01-01 00:00:00+00:00,26.67,28.65,26.66,28.6,5227230.45,27.1255,35.62716666666667,48.711950908860864,-1.0231476843858474,-1.5186502552442085,0.49550257085836114
2022-01-02 00:00:00+00:00,28.6,30.62,27.82,29.69,8942930.92,27.311999999999994,35.233,51.57416841454616,-0.8073097630701511,-1.376382156809397,0.5690723937392459
2022-01-03 00:00:00+00:00,29.69,30.88,28.62,30.11,11890491.01,27.509999999999998,34.837833333333336,52.67021363859851,-0.5955015937992236,-1.2202060442073623,0.6247044504081387
2022-01-04 00:00:00+00:00,30.1,30.58,28.66,28.69,11149885.08,27.5875,34.45333333333334,48.66017301028366,-0.5360450327601853,-1.083373841917927,0.5473288091577417
2022-01-05 00:00:00+00:00,28.69,30.39,25.05,26.72,14135011.01,27.622500000000002,34.031666666666666,43.69044391727309,-0.6405044788662373,-0.9947999693075892,0.3542954904413519
2022-01-06 00:00:00+00:00,26.73,27.36,25.5,26.72,11412775.24,27.726499999999998,33.60666666666667,43.69044391727309,-0.7150467289052678,-0.9388493212271249,0.22380259232185717
2022-01-07 00:00:00+00:00,26.72,26.86,24.24,24.9,14333874.43,27.697000000000003,33.132333333333335,39.38100803214681,-0.9104852811705442,-0.9331765132158089,0.022691232045264687
2022-01-08 00:00:00+00:00,24.9,25.54,23.12,23.99,9965873.23,27.6575,32.68583333333333,37.39490797943378,-1.1258233459804252,-0.9717058797687321,-0.1541174662116931
2022-01-09 00:00:00+00:00,23.98,25.32,23.67,24.63,7523995.26,27.685499999999998,32.31733333333333,39.69829620516527,-1.2306514782846847,-1.0234949994719227,-0.207156478812762
2022-01-10 00:00:00+00:00,24.63,25.22,22.43,23.72,11667129.55,27.6135,31.922,37.581044771924624,-1.3713498556936123,-1.0930659707162607,-0.2782838849773517
2022-01-11 00:00:00+00:00,23.73,26.0,23.48,25.56,9473674.68,27.5305,31.583000000000002,44.07578222988926,-1.319175081803813,-1.1382877929337711,-0.1808872888700419
2022-01-12 00:00:00+00:00,25.56,27.58,25.45,27.32,7566219.5,27.438499999999998,31.253833333333333,49.48962035030737,-1.1228652152883996,-1.135203277404697,0.012338062116297399
2022-01-13 00:00:00+00:00,27.33,27.68,25.71,25.79,7656681.93,27.321000000000005,30.910500000000003,45.37712195739648,-1.0783162860778788,-1.1238258791393334,0.045509593061454634
2022-01-14 00:00:00+00:00,25.79,27.88,25.53,27.75,9449831.9,27.2665,30.626833333333334,50.99510479040523,-0.8747714978237369,-1.074015002876214,0.19924350505247723
2022-01-15 00:00:00+00:00,27.75,28.41,26.83,27.6,5575781.94,27.080499999999994,30.406166666666667,50.56646910076272,-0.717295991381615,-1.0026712005772942,0.28537520919567916
2022-01-16 00:00:00+00:00,27.6,28.47,27.26,27.7,7073389.72,26.916999999999994,30.155333333333335,50.86299453509934,-0.5777662243243213,-0.9176902053266996,0.3399239810023783
2022-01-17 00:00:00+00:00,27.7,27.76,25.1,25.69,8233269.46,26.809999999999995,29.932999999999996,45.01772426908165,-0.6222056806261662,-0.858593300386593,0.23638761976042677
2022-01-18 00:00:00+00:00,25.69,26.07,24.24,25.15,7145666.21,26.726499999999998,29.66483333333333,43.569074533016845,-0.6930091785193397,-0.8254764760131424,0.1324672974938027
2022-01-19 00:00:00+00:00,25.15,25.3,23.68,24.05,6462252.41,26.552,29.363999999999997,40.69619590343041,-0.8283337517573592,-0.8260479311619858,-0.002285820595373411
2022-01-20 00:00:00+00:00,24.06,25.62,22.84,23.01,6578668.82,26.3695,29.048499999999997,38.13585514125075,-1.0078805398867772,-0.8624144529069442,-0.145466086979833
2022-01-21 00:00:00+00:00,23.01,23.48,19.04,19.67,17269209.912,25.923000000000002,28.718166666666665,31.320732487645202,-1.4035040287074132,-0.9706323680670381,-0.4328716606403751
2022-01-22 00:00:00+00:00,19.66,20.16,16.17,18.27,23239217.068,25.351999999999997,28.343,28.982726206882646,-1.809152015347994,-1.1383362975232294,-0.6708157178247647
2022-01-23 00:00:00+00:00,18.27,19.2,17.73,18.81,11483380.21,24.787,28.0185,31.118554919276974,-2.0632733494356543,-1.3233237079057145,-0.7399496415299398
2022-01-24 00:00:00+00:00,18.81,18.82,15.83,18.02,20381626.573,24.2535,27.660999999999998,29.71077607360516,-2.301878117174585,-1.5190345897594886,-0.7828435274150964
2022-01-25 00:00:00+00:00,18.02,19.05,17.36,18.31,9945213.12,23.833000000000002,27.39016666666667,30.945759017942677,-2.439453042130449,-1.7031182802336806,-0.7363347618967682
2022-01-26 00:00:00+00:00,18.32,20.06,17.51,18.08,14459131.31,23.401,27.1055,30.488229687033552,-2.5377872079262858,-1.8700520657722017,-0.667735142154084
2022-01-27 00:00:00+00:00,18.08,18.42,17.14,18.12,9271719.1,23.062,26.8115,30.6801814289023,-2.582718110382558,-2.012585274694273,-0.5701328356882849
2022-01-28 00:00:00+00:00,18.12,18.49,17.36,18.34,7390664.94,22.7795,26.498833333333334,31.795740518401658,-2.5709378418182958,-2.124255788119078,-0.446682053699218
2022-01-29 00:00:00+00:00,18.34,19.06,18.08,18.74,4892745.7,22.485,26.17866666666667,33.87924742136455,-2.5005010178227245,-2.199504834059807,-0.30099618376291737
2022-01-30 00:00:00+00:00,18.75,19.0,17.8,18.15,5074979.97,22.2065,25.868499999999997,32.31135823885147,-2.463885260927931,-2.252380919433432,-0.21150434149449904
2022-01-31 00:00:00+00:00,18.15,19.61,17.12,19.37,8316149.9,21.897,25.5955,38.635364226399304,-2.309797300273285,-2.2638641956014025,-0.045933104671882496
2022-02-01 00:00:00+00:00,19.38,20.0,19.15,19.57,8041127.34,21.5095,25.36,39.631101067926615,-2.1467962222643955,-2.2404506009340013,0.0936543786696058
2022-02-02 00:00:00+00:00,19.57,20.58,18.53,18.76,8769960.78,21.158,25.183,37.01168222955811,-2.059239295365529,-2.204208339820307,0.14496904445477776
2022-02-03 00:00:00+00:00,18.77,18.96,17.97,18.92,6622008.64,20.7165,25.0265,37.885025080309084,-1.9544099162240762,-2.154248655101061,0.19983873887698467
2022-02-04 00:00:00+00:00,18.91,20.53,18.71,20.48,9084604.77,20.3605,24.899,45.77877532416956,-1.7255617141477337,-2.0685112669103956,0.3429495527626618
2022-02-05 00:00:00+00:00,20.49,22.29,20.3,21.33,8873091.18,20.041999999999998,24.746166666666667,49.5414836509125,-1.4587939009637303,-1.9465677937210626,0.4877738927573323
2022-02-06 00:00:00+00:00,21.32,21.93,20.78,21.91,4783912.16,19.853,24.614,51.989751540540325,-1.1868955413356517,-1.7946333432439805,0.6077378019083288
2022-02-07 00:00:00+00:00,21.91,22.7,21.39,22.35,9933306.22,19.713,24.538166666666665,53.82031501395096,-0.9252441707856107,-1.6207555087523067,0.695511337966696
2022-02-08 00:00:00+00:00,22.36,23.19,21.06,21.66,10692150.43,19.5935,24.4585,50.56437369754682,-0.7647453001747699,-1.4495534670367993,0.6848081668620294
2022-02-09 00:00:00+00:00,21.66,22.24,21.05,21.94,5280116.45,19.54,24.360666666666667,51.83767562277016,-0.607947093283947,-1.2812321922862289,0.6732850990022818
2022-02-10 00:00:00+00:00,21.95,22.48,20.49,20.51,9903304.31,19.582,24.21016666666667,45.40544015263834,-0.5922453973633957,-1.1434348333016622,0.5511894359382665
2022-02-11 00:00:00+00:00,20.51,20.73,18.58,18.98,9586582.78,19.6175,24.093833333333336,39.725704772275,-0.6952455456038358,-1.0537969757620969,0.3585514301582611
2022-02-12 00:00:00+00:00,18.98,19.42,18.25,18.82,6512111.12,19.618000000000002,23.971666666666668,39.17384385877317,-0.7807841740474437,-0.9991944154191662,0.2184102413717225
2022-02-13 00:00:00+00:00,18.83,19.28,18.38,18.73,4675422.19,19.6535,23.831500000000002,38.846938505100646,-0.8460832798189628,-0.9685721882991255,0.1224889084801627
2022-02-14 00:00:00+00:00,18.74,18.95,18.02,18.7,5075585.02,19.673,23.709500000000002,38.730914720503534,-0.8899947355679423,-0.9528566977528888,0.06286196218494655
2022-02-15 00:00:00+00:00,18.7,20.34,18.64,20.16,5428840.64,19.777,23.634833333333333,47.02349719257074,-0.7977886711482789,-0.9218430924319669,0.12405442128368804
2022-02-16 00:00:00+00:00,20.17,20.19,19.05,19.76,5643848.37,19.859,23.53933333333333,45.21778109861938,-0.7483646757066822,-0.88714740908691,0.13878273338022784
2022-02-17 00:00:00+00:00,19.77,20.01,17.8,18.16,7873044.6,19.85,23.429,38.79966974825983,-0.8287491274181704,-0.8754677527531622,0.046718625334991826
2022-02-18 00:00:00+00:00,18.17,18.6,17.59,17.82,6205167.39,19.804,23.324833333333334,37.57903088185699,-0.9094064713241181,-0.8822554964673535,-0.027150974856764654
2022-02-19 00:00:00+00:00,17.82,18.22,17.34,17.84,3507413.77,19.788500000000003,23.20283333333333,37.70318489760067,-0.9606404989276456,-0.8979324969594119,-0.06270800196823367
2022-02-20 00:00:00+00:00,17.85,17.87,16.67,16.91,6518197.69,19.6655,23.031,34.288029800353314,-1.0640216829597264,-0.9311503341594749,-0.13287134880025153
2022-02-21 00:00:00+00:00,16.91,17.74,16.03,16.18,11178458.24,19.496000000000002,22.814666666666668,31.849335493677117,-1.1911263521249218,-0.9831455377525644,-0.20798081437235738
2022-02-22 00:00:00+00:00,16.18,16.73,15.8,16.6,8427783.22,19.387999999999998,22.622333333333334,34.72585382853687,-1.2436314193953741,-1.0352427140811264,-0.2083887053142477
2022-02-23 00:00:00+00:00,16.61,17.51,15.91,15.97,10055911.02,19.2405,22.407833333333333,32.509288867622885,-1.3208518405400866,-1.0923645393729187,-0.22848730116716798
2022-02-24 00:00:00+00:00,15.97,16.75,14.05,16.16,22293881.528,19.0245,22.155166666666666,33.88003763317286,-1.3511430327128373,-1.1441202380409023,-0.20702279467193496
2022-02-25 00:00:00+00:00,16.17,17.52,15.78,17.25,8246998.11,18.820500000000003,21.9265,41.25171972457659,-1.2725262398827937,-1.1698014384092807,-0.10272480147351293
2022-02-26 00:00:00+00:00,17.26,18.78,17.16,18.03,10979780.48,18.6265,21.763166666666667,45.89991865324197,-1.1342079407722672,-1.1626827388818781,0.028474798109610955
2022-02-27 00:00:00+00:00,18.03,18.72,17.07,17.5,9879341.39,18.383999999999997,21.607833333333335,43.38789306185292,-1.0551926586683287,-1.1411847228391683,0.0859920641708396
2022-02-28 00:00:00+00:00,17.5,19.11,16.62,18.94,14924830.91,18.248,21.4645,51.20209494457898,-0.8663893161804204,-1.0862256415074187,0.21983632532699837
2022-03-01 00:00:00+00:00,18.94,19.56,18.32,18.89,11677345.78,18.0955,21.334999999999997,50.93917748182163,-0.7125816909698877,-1.0114968513999125,0.29891516043002486
2022-03-02 00:00:00+00:00,18.9,19.26,18.35,18.61,8422865.21,18.000500000000002,21.1685,49.409107067590384,-0.6062927345688145,-0.930456028033693,0.3241632934648785
2022-03-03 00:00:00+00:00,18.61,18.67,17.77,18.02,7635060.13,17.9525,20.974,46.25622082968204,-0.5631741193307249,-0.8569996462930994,0.2938255269623745
2022-03-04 00:00:00+00:00,18.02,18.06,16.5,16.79,8560042.35,17.851,20.752000000000002,40.459766121830434,-0.6210934479124965,-0.8098184066169789,0.18872495870448236
2022-03-05 00:00:00+00:00,16.79,17.8,16.18,17.33,5101742.9,17.781,20.562666666666665,43.790032443362634,-0.6163169281641707,-0.7711181109264172,0.15480118276224653
2022-03-06 00:00:00+00:00,17.33,17.59,16.51,16.99,5491289.2,17.695500000000003,20.4005,42.189932533754614,-0.632673592997655,-0.7434292073406649,0.11075561434300984
2022-03-07 00:00:00+00:00,16.99,17.14,16.0,16.41,7318888.43,17.508,20.228666666666665,39.53595164896117,-0.6845464945851738,-0.7316526647895667,0.047106170204392894
2022-03-08 00:00:00+00:00,16.41,17.28,16.31,16.97,6275907.39,17.3685,20.096500000000002,43.248009812690334,-0.672714192471858,-0.719864970326025,0.04715077785416699
2022-03-09 00:00:00+00:00,16.97,18.09,16.88,17.86,5742934.66,17.3535,19.994333333333334,48.64427268743252,-0.5847804607024862,-0.6928480684013173,0.10806760769883106
2022-03-10 00:00:00+00:00,17.87,17.93,16.68,16.96,5040333.69,17.3105,19.8665,44.079817232518685,-0.581017218311068,-0.6704818983832674,0.08946468007219943
2022-03-11 00:00:00+00:00,16.97,18.49,16.69,17.69,9499810.42,17.303,19.766000000000002,48.31603354951382,-0.5132139119552761,-0.6390283010976692,0.12581438914239307
2022-03-12 00:00:00+00:00,17.7,18.75,17.68,18.14,6497976.77,17.3645,19.642333333333333,50.79077812688125,-0.4183456358992501,-0.5948917680579855,0.17654613215873538
2022-03-13 00:00:00+00:00,18.14,18.4,17.13,17.22,4818274.4,17.416500000000003,19.474,45.94692472076567,-0.4126414807453962,-0.5584417105954677,0.14580022985007146
2022-03-14 00:00:00+00:00,17.22,17.86,17.0,17.7,4696610.2,17.4715,19.339166666666664,48.69605294735568,-0.3651793480095229,-0.5197892380782787,0.1546098900687558
2022-03-15 00:00:00+00:00,17.7,18.06,17.05,17.81,4076701.31,17.5635,19.173499999999997,49.33203401988814,-0.3150573995924191,-0.4788428703811068,0.16378547078868771
2022-03-16 00:00:00+00:00,17.81,19.19,17.69,19.05,8986827.35,17.708,19.031,55.959656908106155,-0.17328029015346402,-0.41773035433557826,0.24445006418211424
2022-03-17 00:00:00+00:00,19.05,19.35,18.63,18.75,4721544.69,17.782999999999998,18.88183333333333,54.115367040989604,-0.08415827802717857,-0.35101593907389833,0.26685766104671976
2022-03-18 00:00:00+00:00,18.75,19.2,18.13,18.95,4587101.48,17.829,18.7695,55.175983424365924,0.002580144898285397,-0.2802967222794616,0.282876867177747
2022-03-19 00:00:00+00:00,18.95,19.79,18.86,19.4,4955267.89,17.924,18.67366666666667,57.553378711072575,0.10640563129403802,-0.2029562515647617,0.30936188285879973
2022-03-20 00:00:00+00:00,19.4,19.46,18.32,18.65,3665220.06,17.909499999999998,18.583666666666666,52.550700486129,0.12670872597682248,-0.1370232560564449,0.26373198203326736
2022-03-21 00:00:00+00:00,18.66,19.06,18.4,18.74,4133739.8,17.901999999999997,18.5125,53.07778010749715,0.14835122208467766,-0.07994836042822037,0.22829958251289803
2022-03-22 00:00:00+00:00,18.75,20.48,18.68,20.21,8290773.03,17.982,18.5215,60.7474076300015,0.2808819387266226,-0.007782300597251782,0.28866423932387436
2022-03-23 00:00:00+00:00,20.22,21.13,19.8,21.02,8218890.14,18.131999999999998,18.567333333333334,64.21806624551192,0.4461309966229976,0.0830003588467981,0.36313063777619947
2022-03-24 00:00:00+00:00,21.02,21.5,20.25,21.26,7157667.86,18.3555,18.608166666666666,65.19989338730143,0.5896608169506656,0.18433245046757163,0.405328366483094
2022-03-25 00:00:00+00:00,21.26,21.38,20.18,20.53,5860263.46,18.5155,18.65,59.82295125636386,0.6371595557606504,0.2748978715261874,0.36226168423446303
2022-03-26 00:00:00+00:00,20.54,21.04,20.24,20.91,3152433.21,18.711499999999997,18.69333333333333,61.59830261820228,0.6974259801187799,0.3594034932447059,0.338022486874074
2022-03-27 00:00:00+00:00,20.92,22.48,20.71,22.46,5215022.34,19.014000000000003,18.766333333333332,67.84063073750657,0.8603421133894678,0.4595912172736583,0.40075089611580944
2022-03-28 00:00:00+00:00,22.47,23.33,21.78,21.99,9121823.41,19.264999999999997,18.830833333333334,64.42103540249317,0.9406856125230334,0.5558100963235333,0.3848755161995001
2022-03-29 00:00:00+00:00,21.99,22.96,21.83,22.42,7738475.52,19.493000000000002,18.898833333333336,66.1044194106785,1.0272147287955065,0.650091022817928,0.3771237059775785
2022-03-30 00:00:00+00:00,22.43,23.0,21.62,22.45,7985199.05,19.7675,18.960666666666665,66.22448797448283,1.0856952075982065,0.7372118597739836,0.34848334782422286
2022-03-31 00:00:00+00:00,22.46,23.06,21.08,21.33,8749758.6,19.9495,19.01366666666667,57.96865473728056,1.0297959222430784,0.7957286722678026,0.23406724997527573
2022-04-01 00:00:00+00:00,21.33,22.17,20.6,22.07,7952049.94,20.146,19.058666666666667,61.39321143073718,1.0332959588196253,0.8432421295781672,0.19005382924145808
2022-04-02 00:00:00+00:00,22.07,23.85,21.95,22.61,10723061.37,20.415499999999998,19.109333333333332,63.71641861072108,1.0673396232733872,0.8880616283172112,0.1792779949561759
2022-04-03 00:00:00+00:00,22.61,23.57,22.51,23.21,7497259.93,20.691,19.1835,66.15355324010794,1.1297118433066942,0.9363916713151079,0.19332017199158624
2022-04-04 00:00:00+00:00,23.21,23.23,21.6,22.89,7444175.86,20.945,19.249666666666666,63.696206984116394,1.1401776926968203,0.9771488755914505,0.16302881710536987
2022-04-05 00:00:00+00:00,22.9,23.12,21.68,21.78,6045973.86,21.081500000000002,19.271333333333335,55.93460388929371,1.0468369457210258,0.9910864896173656,0.05575045610366025
2022-04-06 00:00:00+00:00,21.78,21.82,19.71,19.85,8285158.05,21.136499999999998,19.246666666666666,45.5430794147254,0.8078168511306352,0.9544325619200196,-0.1466157107893844
2022-04-07 00:00:00+00:00,19.84,20.65,19.45,20.4,5000936.99,21.209,19.2215,48.480463317272076,0.6552191490882429,0.8945898793536643,-0.23937073026542144
2022-04-08 00:00:00+00:00,20.4,20.58,19.14,19.43,4641004.36,21.2105,19.172833333333337,43.975303472464965,0.4508167426551637,0.8058352520139642,-0.3550185093588005
2022-04-09 00:00:00+00:00,19.43,19.83,19.29,19.75,2328439.0,21.2655,19.141000000000002,45.76582444733997,0.3110619599209272,0.7068805935953569,-0.3958186336744297
2022-04-10 00:00:00+00:00,19.76,20.25,19.16,19.22,3716291.3,21.2895,19.095666666666663,43.29765565394278,0.15574340410440257,0.596653155697166,-0.44090975159276347
2022-04-11 00:00:00+00:00,19.23,19.29,17.0,17.2,7676575.11,21.139,19.040499999999998,35.45044307977385,-0.12885937784990276,0.45155064898775227,-0.5804100268376551
2022-04-12 00:00:00+00:00,17.2,18.04,17.16,17.77,5075204.98,20.976499999999998,19.02033333333333,38.81996970603393,-0.3049001970123939,0.3002604797877231,-0.605160676800117
2022-04-13 00:00:00+00:00,17.77,18.3,17.37,18.2,3723536.86,20.823500000000003,19.009999999999998,41.30897381358618,-0.4050472753076484,0.1591989287686488,-0.5642462040762972
2022-04-14 00:00:00+00:00,18.2,18.48,17.47,17.91,3580226.26,20.6925,18.996333333333332,40.12340190784223,-0.5020280657064085,0.026953529873637347,-0.5289815955800458
2022-04-15 00:00:00+00:00,17.91,18.43,17.78,18.34,2489380.26,20.564,18.990333333333332,42.747228613071755,-0.5379870545862744,-0.08603458701834502,-0.4519524675679294
2022-04-16 00:00:00+00:00,18.35,18.7,18.17,18.61,2340391.42,20.371499999999997,18.9645,44.39490754761417,-0.5384906834284919,-0.1765258063003744,-0.36196487712811753
2022-04-17 00:00:00+00:00,18.61,18.81,17.65,17.74,2796505.88,20.159,18.930833333333336,40.36393580361698,-0.6021503278669442,-0.2616507106136884,-0.34049961725325584
2022-04-18 00:00:00+00:00,17.74,18.36,17.1,18.15,4831063.54,19.945500000000003,18.930666666666664,42.99099203708131,-0.6124574529641151,-0.33181205908377376,-0.2806453938803414
2022-04-19 00:00:00+00:00,18.16,18.96,18.04,18.88,3242472.57,19.767000000000003,18.948333333333334,47.431283288626624,-0.5553196455278346,-0.376513576372586,-0.17880606915524866
2022-04-20 00:00:00+00:00,18.89,19.54,18.54,19.09,5373410.27,19.654999999999998,18.96916666666667,48.66985618736911,-0.4874729913195992,-0.39870545936198865,-0.08876753195761056
2022-04-21 00:00:00+00:00,19.1,19.68,18.03,18.18,4574629.37,19.4605,18.990333333333336,43.84863499425932,-0.5013541255858627,-0.4192351926067635,-0.08211893297909917
2022-04-22 00:00:00+00:00,18.17,18.53,18.07,18.28,3634735.07,19.244,19.025333333333332,44.49927230233302,-0.49853901282483193,-0.43509595665037726,-0.06344305617445467
2022-04-23 00:00:00+00:00,18.28,19.27,17.96,18.69,3583194.77,19.018,19.060166666666667,47.20059349184916,-0.45794553117075054,-0.43966587155445197,-0.01827965961629857
2022-04-24 00:00:00+00:00,18.69,19.16,18.07,18.17,3027438.28,18.782,19.096833333333333,44.258360632876894,-0.46240425031732,-0.4442135473070256,-0.018190703010294407
2022-04-25 00:00:00+00:00,18.17,18.25,17.12,18.1,5316099.45,18.598,19.129166666666666,43.86199377793306,-0.46621203027184066,-0.44861324389998863,-0.017598786371852027
2022-04-26 00:00:00+00:00,18.11,18.34,16.4,16.68,5792628.08,18.439500000000002,19.119666666666664,36.68468280434061,-0.5771587293214289,-0.4743223409842767,-0.10283638833715214
2022-04-27 00:00:00+00:00,16.68,17.27,16.48,16.94,3781290.25,18.2665,19.101499999999998,38.663748948041324,-0.6367647330859612,-0.5068108194046136,-0.12995391368134757
2022-04-28 00:00:00+00:00,16.94,17.43,16.75,16.99,4260939.1,18.1445,19.093,39.058249654985374,-0.6722194114418087,-0.5398925378120527,-0.13232687362975604
2022-04-29 00:00:00+00:00,16.99,17.07,15.99,16.19,4036404.24,17.966500000000003,19.047166666666666,35.16149909296881,-0.7561543370887946,-0.5831448976674012,-0.17300943942139346
2022-04-30 00:00:00+00:00,16.19,16.45,14.18,14.5,6047042.51,17.7305,18.974,28.657145294642774,-0.9481129900932537,-0.6561385161525717,-0.291974473940682
2022-05-01 00:00:00+00:00,14.5,15.53,14.48,15.36,5066643.89,17.6385,18.91983333333333,35.223861646485204,-1.0190992511070824,-0.7287306631434738,-0.29036858796360865
2022-05-02 00:00:00+00:00,15.36,15.6,14.56,14.96,5385162.38,17.498,18.86883333333333,33.67145367544984,-1.095010432800457,-0.8019866170748705,-0.29302381572558656
2022-05-03 00:00:00+00:00,14.97,15.23,14.52,14.72,3404204.43,17.323999999999998,18.834333333333333,32.73911903586183,-1.1611515531266008,-0.8738196042852167,-0.28733194884138413
2022-05-04 00:00:00+00:00,14.73,16.35,14.66,16.34,6243464.14,17.2455,18.817833333333333,44.00894178688629,-1.0705082536313952,-0.9131573341544524,-0.1573509194769428
2022-05-05 00:00:00+00:00,16.34,16.45,14.02,14.58,9116577.82,17.057499999999997,18.77766666666667,36.79565208484129,-1.1276907596835102,-0.956064019260264,-0.17162674042324622
2022-05-06 00:00:00+00:00,14.58,14.67,13.81,14.32,6781078.5,16.843,18.742833333333333,35.86055895338359,-1.1803814324060102,-1.0009275018894133,-0.17945393051659697
2022-05-07 00:00:00+00:00,14.33,14.38,13.36,13.75,4305832.068,16.6435,18.689166666666665,33.830745518993254,-1.2536817437138854,-1.0514783502543077,-0.20220339345957772
2022-05-08 00:00:00+00:00,13.75,13.88,13.03,13.25,7019382.931,16.3985,18.612333333333332,32.11359702463044,-1.3367098309925467,-1.1085246464019556,-0.22818518459059112
2022-05-09 00:00:00+00:00,13.26,13.49,10.51,10.62,19395824.829,15.985499999999998,18.506666666666668,24.942229456608445,-1.5963277360571073,-1.206085264332986,-0.3902424717241213
2022-05-10 00:00:00+00:00,10.63,12.44,10.31,11.36,18906768.511,15.599,18.401166666666665,29.699235795280842,-1.7225089695286933,-1.3093700053721276,-0.4131389641565657
2022-05-11 00:00:00+00:00,11.35,11.66,8.06,9.09,31995073.859,15.144499999999999,18.250333333333334,24.5575853020338,-1.9828217995189252,-1.4440603642014873,-0.5387614353174379
2022-05-12 00:00:00+00:00,9.07,9.52,7.3,8.71,25729345.375,14.666000000000002,18.1085,23.81432991411789,-2.194487728434133,-1.5941458370480166,-0.6003418913861165
2022-05-13 00:00:00+00:00,8.7,11.79,8.56,10.46,25890493.66,14.254499999999998,17.987833333333334,33.75756741053924,-2.1957133111633222,-1.7144593318710777,-0.48125397929224456
2022-05-14 00:00:00+00:00,10.45,11.56,9.76,11.3,15902710.63,13.911000000000001,17.87933333333333,37.94418167472075,-2.104642604627349,-1.792495986422332,-0.3121466182050172
2022-05-15 00:00:00+00:00,11.31,11.87,10.57,11.81,11082707.18,13.5965,17.758666666666667,40.406810070561285,-1.96862261968176,-1.8277213130742178,-0.1409013066075422
2022-05-16 00:00:00+00:00,11.81,11.81,10.37,10.63,10051194.44,13.294,17.623333333333335,36.77086939402511,-1.9337508637308645,-1.8489272232055471,-0.08482364052531732
2022-05-17 00:00:00+00:00,10.62,11.34,10.43,11.04,8641438.95,12.999,17.4915,38.830474073567956,-1.8516860878293855,-1.849478996130315,-0.002207091699070407
2022-05-18 00:00:00+00:00,11.03,11.17,9.43,9.49,10809076.66,12.624,17.32633333333333,34.283852555318376,-1.8899352111221912,-1.8575702391286903,-0.03236497199350086
2022-05-19 00:00:00+00:00,9.49,10.41,9.22,10.03,10352256.32,12.316,17.182666666666666,37.04928785900131,-1.8552878266806925,-1.857113756639091,0.0018259299583984756
2022-05-20 00:00:00+00:00,10.04,10.26,9.45,9.67,8304278.67,12.0745,17.0315,35.96276733346352,-1.8357175075122143,-1.8528345068137158,0.017116999301501457
2022-05-21 00:00:00+00:00,9.67,10.1,9.46,10.0,4106354.74,11.8065,16.861333333333334,37.764508157602435,-1.7731399924085682,-1.8368956039326862,0.06375561152411802
2022-05-22 00:00:00+00:00,10.0,10.34,9.87,10.16,4485374.89,11.5665,16.680333333333333,38.66557045804208,-1.6911417684110255,-1.8077448368283542,0.1166030684173287
2022-05-23 00:00:00+00:00,10.16,10.8,9.8,9.88,9534059.79,11.324499999999999,16.490666666666666,37.638565618859616,-1.6299620570920297,-1.7721882808810894,0.1422262237890597
2022-05-24 00:00:00+00:00,9.88,10.27,9.56,10.19,6933332.57,11.017,16.318333333333335,39.5528747261227,-1.5387248239265237,-1.7254955894901765,0.1867707655636528
2022-05-25 00:00:00+00:00,10.19,10.34,9.77,9.87,6770708.75,10.7815,16.134333333333334,38.2476837071894,-1.47523440108829,-1.6754433518097993,0.20020895072150924
2022-05-26 00:00:00+00:00,9.87,10.0,8.82,9.14,13610458.18,10.5225,15.912333333333333,35.37951029575281,-1.4669130224989253,-1.6337372859476247,0.16682426344869938
2022-05-27 00:00:00+00:00,9.14,10.0,8.56,9.12,15631681.11,10.291,15.697833333333334,35.30140435495501,-1.4452719079631091,-1.5960442103507217,0.15077230238761263
2022-05-28 00:00:00+00:00,9.12,9.8,8.95,9.65,5955686.38,10.111,15.485000000000001,39.136030933026916,-1.3695670813841865,-1.5507487845574148,0.18118170317322835
2022-05-29 00:00:00+00:00,9.66,10.04,9.33,9.98,5865314.46,10.079,15.277166666666666,41.46243748540778,-1.2683217946755256,-1.494263386581037,0.22594159190551144
2022-05-30 00:00:00+00:00,9.99,10.79,9.91,10.47,8473368.99,10.0345,15.096166666666667,44.83423737464993,-1.1354564356339765,-1.422501996391625,0.28704556075764853
2022-05-31 00:00:00+00:00,10.47,10.65,9.94,10.35,8792549.01,10.0975,14.900833333333333,44.163335700644254,-1.0279926194545972,-1.3436001210042194,0.31560750154962225
2022-06-01 00:00:00+00:00,10.36,10.75,9.26,9.46,10157569.75,10.135000000000002,14.681666666666667,39.4484373219622,-1.003079457268992,-1.2754959882571741,0.2724165309881821
2022-06-02 00:00:00+00:00,9.45,10.13,9.29,9.89,5917176.47,10.1065,14.459666666666667,42.63498702246903,-0.9378274987786277,-1.2079622903614649,0.27013479158283715
2022-06-03 00:00:00+00:00,9.88,9.93,9.2,9.37,5185222.06,10.01,14.234333333333332,39.900397563956055,-0.9174981580949684,-1.1498694639081657,0.23237130581319732
2022-06-04 00:00:00+00:00,9.38,9.56,9.14,9.44,2764967.02,9.891499999999999,14.028666666666668,40.45407575902932,-0.8855307469257774,-1.0970017205116882,0.21147097358591083
2022-06-05 00:00:00+00:00,9.45,9.56,9.25,9.35,2387500.54,9.827499999999999,13.853666666666665,39.94454262934184,-0.8575730231103051,-1.0491159810314117,0.19154295792110654
2022-06-06 00:00:00+00:00,9.35,9.94,9.32,9.51,5016416.01,9.751000000000001,13.672166666666666,41.35863052278318,-0.8131323788319698,-1.0019192605915233,0.1887868817595535
2022-06-07 00:00:00+00:00,9.51,9.51,8.84,9.23,5096057.45,9.738,13.502166666666666,39.60128974073965,-0.79138392671838,-0.9598121938168946,0.16842826709851466
2022-06-08 00:00:00+00:00,9.22,9.4,8.9,9.01,3812382.23,9.687,13.323166666666667,38.226905051245524,-0.7828757784616531,-0.9244249107458463,0.1415491322841932
2022-06-09 00:00:00+00:00,9.01,9.47,8.91,9.24,4879363.93,9.6655,13.156833333333333,40.549864690768814,-0.7489406106996981,-0.8893280507366167,0.1403874400369186
2022-06-10 00:00:00+00:00,9.23,9.37,8.52,8.65,6447468.57,9.598,13.014333333333331,36.73378972312126,-0.7608838198810748,-0.8636392045655084,0.10275538468443357
2022-06-11 00:00:00+00:00,8.66,8.85,7.9,8.03,6779329.31,9.4915,12.852,33.19816671558095,-0.8110286838279528,-0.8531171004179973,0.042088416590044475
2022-06-12 00:00:00+00:00,8.04,8.11,7.38,7.41,9340811.88,9.368,12.672166666666667,30.080238094673604,-0.8905321677313136,-0.8606001138806606,-0.029932053850653006
2022-06-13 00:00:00+00:00,7.4,7.48,6.36,7.04,18666647.181,9.2105,12.490999999999998,28.36795780573864,-0.9721883768552431,-0.8829177664755772,-0.08927061037966588
2022-06-14 00:00:00+00:00,7.04,7.56,6.68,7.36,14217216.87,9.085,12.308,31.97455717962157,-0.9995579039254974,-0.9062457939655613,-0.09331210995993611
2022-06-15 00:00:00+00:00,7.36,8.79,6.84,8.49,18683708.96,9.052499999999998,12.139333333333333,42.906352844865786,-0.9194678421836695,-0.9088902036091829,-0.01057763857448657
2022-06-16 00:00:00+00:00,8.5,8.56,6.97,7.13,11913274.4,8.953,11.9625,35.510023577197,-0.9547309807941033,-0.9180583590461671,-0.036672621747936285
2022-06-17 00:00:00+00:00,7.13,7.47,7.03,7.28,6187728.4,8.8345,11.781333333333333,36.803985103864974,-0.959512858841661,-0.926349259005266,-0.03316359983639505
2022-06-18 00:00:00+00:00,7.28,7.41,6.47,7.05,10420321.76,8.687999999999999,11.584166666666668,35.62369341150823,-0.9706723033650562,-0.935213867877224,-0.03545843548783212
2022-06-19 00:00:00+00:00,7.06,7.65,6.76,7.53,7341233.58,8.541,11.3915,39.95175012548439,-0.9300630669846397,-0.9341837076987073,0.004120640714067592
2022-06-20 00:00:00+00:00,7.53,8.02,7.17,7.87,8079205.13,8.417,11.219666666666667,42.88108613343485,-0.8605251972622661,-0.9194520056114192,0.05892680834915309
2022-06-21 00:00:00+00:00,7.88,8.28,7.67,7.77,6447239.03,8.3325,11.0445,42.228585205673,-0.8042146133229426,-0.8964045271537239,0.09218991383078123
2022-06-22 00:00:00+00:00,7.76,7.82,7.35,7.39,5249428.04,8.2075,10.856166666666667,39.75313057220085,-0.7812451858682277,-0.8733726588966247,0.09212747302839708
2022-06-23 00:00:00+00:00,7.4,7.82,7.36,7.78,4766745.68,8.128,10.682999999999998,43.41906152292528,-0.7232350055448098,-0.8433451282262618,0.12011012268145205
2022-06-24 00:00:00+00:00,7.78,8.34,7.72,8.18,5534788.24,8.065000000000001,10.517666666666667,46.98234503172591,-0.637634607792334,-0.8022030241394763,0.16456841634714225
2022-06-25 00:00:00+00:00,8.19,8.37,7.79,8.13,3861028.21,8.004000000000001,10.375166666666667,46.587393916460215,-0.567290881829086,-0.7552205956773983,0.18792971384831225
2022-06-26 00:00:00+00:00,8.14,8.49,7.81,7.84,4772371.56,7.9205,10.223500000000001,44.26324179867909,-0.52884732579715,-0.7099459417013486,0.18109861590419862
2022-06-27 00:00:00+00:00,7.84,8.2,7.68,7.74,4689419.47,7.846000000000001,10.069333333333335,43.45813425576019,-0.5006781884411069,-0.6680923910493003,0.1674142026081934
2022-06-28 00:00:00+00:00,7.74,8.0,7.26,7.31,6104944.23,7.761,9.921333333333333,40.082046664623554,-0.5072046114420283,-0.6359148351278459,0.12871022368581753
2022-06-29 00:00:00+00:00,7.31,7.44,6.95,7.03,6972853.93,7.650499999999999,9.796833333333332,38.0112880628753,-0.5288739786200507,-0.6145066638262868,0.08563268520623613
2022-06-30 00:00:00+00:00,7.04,7.1,6.64,7.06,6917468.18,7.571,9.6585,38.37862018704099,-0.5374311867667059,-0.5990915684143707,0.06166038164766485
2022-07-01 00:00:00+00:00,7.06,7.26,6.54,6.75,7477875.43,7.507,9.521666666666668,36.00436920170564,-0.5627403249241505,-0.5918213197163267,0.029080994792176185
2022-07-02 00:00:00+00:00,6.75,6.91,6.62,6.83,3127372.77,7.478,9.390166666666666,37.086045297195255,-0.5697746602335538,-0.5874119878197721,0.017637327586218277
2022-07-03 00:00:00+00:00,6.83,6.99,6.61,6.85,3092743.9,7.468500000000001,9.232,37.37104654047935,-0.5671972914846979,-0.5833690485527573,0.0161717570680594
2022-07-04 00:00:00+00:00,6.86,7.21,6.66,7.17,4883415.15,7.458999999999999,9.1085,41.90564048067654,-0.5331871331602702,-0.5733326654742599,0.04014553231398965
2022-07-05 00:00:00+00:00,7.17,7.23,6.6,6.84,8211754.6,7.3765,8.983833333333333,38.78678217330679,-0.52678957739999,-0.5640240478594059,0.03723447045941586
2022-07-06 00:00:00+00:00,6.84,7.01,6.69,6.93,5792837.78,7.366499999999999,8.870166666666668,40.096236996104956,-0.508594460181536,-0.5529381303238319,0.0443436701422959
2022-07-07 00:00:00+00:00,6.92,7.36,6.88,7.3,6147860.15,7.3675000000000015,8.770999999999999,45.278802504814124,-0.45902740868352865,-0.5341559859957713,0.07512857731224265
2022-07-08 00:00:00+00:00,7.3,7.46,6.94,7.04,6835377.2,7.367,8.711333333333332,42.49652513629173,-0.43570248333684347,-0.5144652854639857,0.07876280212714226
2022-07-09 00:00:00+00:00,7.04,7.36,7.03,7.25,3537025.96,7.353,8.642833333333332,45.41406548330151,-0.3957105619588219,-0.490714340762953,0.09500377880413108
2022-07-10 00:00:00+00:00,7.25,7.27,6.76,6.86,4503146.23,7.3025,8.605666666666668,41.2302830398097,-0.3909794490619811,-0.47076736242275863,0.07978791336077751
2022-07-11 00:00:00+00:00,6.85,6.91,6.5,6.53,4986347.38,7.240499999999999,8.569333333333333,38.03712501638706,-0.40914191674608524,-0.458442273287424,0.04930035654133874
2022-07-12 00:00:00+00:00,6.53,6.63,6.26,6.28,4787702.68,7.185,8.499666666666666,35.77657750270765,-0.4386522043419392,-0.45448425949832705,0.01583205515638786
2022-07-13 00:00:00+00:00,6.29,6.55,6.0,6.47,6999118.42,7.1194999999999995,8.419166666666666,38.75557928234145,-0.44161721936043374,-0.4519108514707484,0.010293632110314643
2022-07-14 00:00:00+00:00,6.47,6.77,6.29,6.72,5683331.12,7.0465,8.334333333333333,42.532768028603776,-0.4189645420175401,-0.44532158958010676,0.026357047562566682
2022-07-15 00:00:00+00:00,6.73,6.99,6.65,6.79,6331276.95,6.9795,8.270333333333333,43.58197875204284,-0.3908581476090909,-0.4344289011859036,0.043570753576812726
2022-07-16 00:00:00+00:00,6.79,7.22,6.56,7.2,6479588.08,6.9475,8.206333333333333,49.4082733886345,-0.3316766916183225,-0.4138784592723874,0.08220176765406495
2022-07-17 00:00:00+00:00,7.2,7.33,6.88,6.92,5172727.22,6.906499999999999,8.1635,45.920561207371875,-0.30386584499742586,-0.39187593641739515,0.0880100914199693
2022-07-18 00:00:00+00:00,6.91,7.73,6.9,7.66,12596431.22,6.924000000000001,8.124,54.96791178058045,-0.21958252248820465,-0.3574172536315571,0.13783473114335243
2022-07-19 00:00:00+00:00,7.65,8.03,7.49,7.79,14586041.75,6.962000000000001,8.092666666666666,56.34948815953174,-0.14067584505234088,-0.31406897191571387,0.173393126863373
2022-07-20 00:00:00+00:00,7.79,8.08,7.35,7.47,12266325.33,6.9825,8.0505,52.111337940236766,-0.10277829612051104,-0.2718108367566733,0.16903254063616224
2022-07-21 00:00:00+00:00,7.47,7.6,7.18,7.53,6317817.35,7.0215000000000005,8.006666666666668,52.82774354818564,-0.06712889685915702,-0.23087444877717003,0.16374555191801302
2022-07-22 00:00:00+00:00,7.53,7.85,7.26,7.29,7248162.69,7.044499999999999,7.9635,49.62950473738223,-0.057578753314117215,-0.1962153096845595,0.13863655637044228
2022-07-23 00:00:00+00:00,7.3,7.49,7.08,7.33,4514593.17,7.0685,7.9158333333333335,50.17096271619283,-0.04624939579804188,-0.166222126907256,0.11997273110921411
2022-07-24 00:00:00+00:00,7.32,7.58,7.31,7.4,4842364.46,7.080000000000001,7.874666666666667,51.160389048922255,-0.03126201431623876,-0.13923010438905253,0.10796809007281377
2022-07-25 00:00:00+00:00,7.4,7.44,6.74,6.76,7316840.25,7.0760000000000005,7.835,42.79379999619629,-0.07021763265025438,-0.1254276100412929,0.05520997739103853
2022-07-26 00:00:00+00:00,6.76,6.79,6.52,6.78,6507781.48,7.0685,7.796,43.106918520522505,-0.09834277370795519,-0.12001064277462538,0.02166786906667019
2022-07-27 00:00:00+00:00,6.78,7.71,6.65,7.68,8439914.15,7.0875,7.763166666666666,55.03428062669404,-0.0474625534687414,-0.10550102491344858,0.05803847144470718
2022-07-28 00:00:00+00:00,7.69,8.07,7.46,7.86,12081142.61,7.1285,7.727833333333334,56.976958252544584,0.007300725105785055,-0.08294067490960186,0.09024140001538691
2022-07-29 00:00:00+00:00,7.86,8.43,7.76,8.19,11715078.94,7.1754999999999995,7.6898333333333335,60.358361084801004,0.07644801487094632,-0.051062936953492226,0.12751095182443856
2022-07-30 00:00:00+00:00,8.18,8.85,8.15,8.21,10970826.27,7.242999999999999,7.654166666666667,60.56067511959929,0.13134748104170324,-0.014580853354453135,0.14592833439615638
2022-07-31 00:00:00+00:00,8.22,9.21,8.08,8.62,12551305.77,7.347500000000001,7.6401666666666666,64.55437638619917,0.20556959862800372,0.029449237042038237,0.1761203615859655
2022-08-01 00:00:00+00:00,8.63,8.99,8.03,8.17,9843579.01,7.442,7.6115,57.653771421661034,0.2254807209690881,0.06865553382744821,0.1568251871416399
2022-08-02 00:00:00+00:00,8.18,8.28,7.68,7.93,10097632.4,7.515000000000001,7.5875,54.318778744817564,0.21936572313410707,0.09879757168877999,0.12056815144532708
2022-08-03 00:00:00+00:00,7.93,8.45,7.68,8.0,7508188.39,7.578999999999999,7.5635,55.13396405372154,0.21765892171770762,0.12256984169456553,0.09508908002314209
2022-08-04 00:00:00+00:00,8.0,8.28,7.88,8.1,5416271.31,7.644499999999999,7.542666666666666,56.332802338702045,0.22181844856562627,0.14241956306877768,0.07939888549684859
2022-08-05 00:00:00+00:00,8.1,8.84,8.07,8.8,8360224.87,7.724500000000001,7.530833333333333,63.65400164287741,0.27838994739444445,0.16961363993391104,0.1087763074605334
2022-08-06 00:00:00+00:00,8.81,8.88,8.48,8.52,5612299.3,7.804499999999999,7.519000000000001,59.366419632800934,0.2972036294125271,0.19513163782963427,0.10207199158289282
2022-08-07 00:00:00+00:00,8.52,8.93,8.34,8.65,4827855.46,7.853999999999999,7.513,60.69032276979255,0.31892712809435775,0.219890735882579,0.09903639221177873
2022-08-08 00:00:00+00:00,8.65,9.39,8.63,9.27,10473879.27,7.928,7.513499999999999,66.32547462513946,0.3817711555163692,0.2522668198093371,0.12950433570703213
2022-08-09 00:00:00+00:00,9.27,9.47,8.64,8.89,9792612.79,7.999,7.5175,60.592239645639,0.3963438703852802,0.2810822299245257,0.11526164046075449
2022-08-10 00:00:00+00:00,8.89,9.65,8.54,9.52,12143248.28,8.0985,7.542333333333334,65.86103533175407,0.4535009105773309,0.31556596605508674,0.13793494452224414
2022-08-11 00:00:00+00:00,9.53,9.65,9.13,9.2,8899036.11,8.193999999999999,7.572166666666666,61.3725685423953,0.46758690035084527,0.3459701529142385,0.12161674743660678
2022-08-12 00:00:00+00:00,9.19,9.5,9.03,9.48,6113019.59,8.3015,7.612833333333333,63.70348711385297,0.4956304889158414,0.3759022201145591,0.11972826880128229
2022-08-13 00:00:00+00:00,9.48,9.68,9.25,9.31,4978042.86,8.397,7.645333333333334,61.285443241177205,0.4983924971771252,0.40040027552707236,0.09799222165005284
2022-08-14 00:00:00+00:00,9.31,9.56,8.83,8.96,6244622.85,8.507,7.6531666666666665,56.528052732543756,0.4669565492658574,0.41371153027482943,0.05324501899102796
2022-08-15 00:00:00+00:00,8.95,9.39,8.62,8.78,7236619.06,8.607,7.680666666666667,54.19790676213667,0.42264682883092064,0.4154985899860477,0.007148238844872923
2022-08-16 00:00:00+00:00,8.78,8.95,8.63,8.84,5191605.16,8.665,7.706666666666666,54.86577156152658,0.3879010726060468,0.40997908651004755,-0.02207801390400077
2022-08-17 00:00:00+00:00,8.84,9.17,8.32,8.37,6653592.91,8.6905,7.728666666666666,48.856068250109175,0.3187652114884827,0.3917363115057346,-0.07297110001725193
2022-08-18 00:00:00+00:00,8.37,8.6,8.0,8.08,4518903.95,8.685,7.737833333333333,45.54138097985208,0.23783238341644797,0.3609555258878773,-0.12312314247142936
2022-08-19 00:00:00+00:00,8.08,8.1,7.22,7.31,7862959.78,8.64,7.7284999999999995,38.141864006138995,0.11028863055754634,0.31082214682181114,-0.2005335162642648
2022-08-20 00:00:00+00:00,7.3,7.52,7.03,7.22,4731587.73,8.57,7.719333333333334,37.377424685970524,0.0019248511888037,0.24904268769520965,-0.24711783650640595
2022-08-21 00:00:00+00:00,7.23,7.53,7.16,7.44,3047725.62,8.5335,7.720166666666667,40.515818568537334,-0.06544762382874403,0.18614462539041893,-0.25159224921916296
2022-08-22 00:00:00+00:00,7.43,7.45,7.0,7.41,4283982.1,8.5075,7.7139999999999995,40.219813035215935,-0.11987964700398734,0.12493977091153767,-0.24481941791552503
2022-08-23 00:00:00+00:00,7.4,7.72,7.18,7.64,4831764.65,8.4895,7.705,43.62065538102957,-0.14281209083639812,0.07138939856195052,-0.21420148939834865
2022-08-24 00:00:00+00:00,7.64,7.78,7.41,7.56,3720336.76,8.4625,7.6955,42.7105098914127,-0.1655333834021171,0.024004842169137,-0.1895382255712541
2022-08-25 00:00:00+00:00,7.56,7.76,7.46,7.58,2939414.77,8.4015,7.691166666666667,43.03053603634552,-0.1798531039775133,-0.016766747060193064,-0.16308635691732024
2022-08-26 00:00:00+00:00,7.58,7.68,6.86,6.93,6009344.97,8.322,7.677666666666667,35.993325811084745,-0.24087450210379302,-0.06158829806891306,-0.17928620403487996
2022-08-27 00:00:00+00:00,6.93,7.12,6.8,7.04,4334932.37,8.2415,7.673166666666666,37.84582525068563,-0.27716335246365453,-0.10470330894786137,-0.17246004351579317
2022-08-28 00:00:00+00:00,7.05,7.15,6.81,6.86,2870607.63,8.120999999999999,7.670333333333333,36.0092392353093,-0.3167952055665255,-0.14712168827159422,-0.1696735172949313
2022-08-29 00:00:00+00:00,6.86,7.31,6.79,7.27,4881958.91,8.040000000000001,7.673833333333333,42.816327359042624,-0.31152904824750394,-0.18000316026677615,-0.13152588798072778
2022-08-30 00:00:00+00:00,7.27,7.38,6.88,7.0,5028135.43,7.914,7.677999999999999,39.81280115539337,-0.32539141447052167,-0.20908081110752527,-0.1163106033629964
2022-08-31 00:00:00+00:00,7.01,7.29,6.98,7.03,4314442.79,7.8055,7.681333333333333,40.31380159295308,-0.3301509160472955,-0.23329483209547933,-0.09685608395181619
2022-09-01 00:00:00+00:00,7.03,7.2,6.86,7.18,4554476.61,7.6905,7.686833333333333,42.87427565852024,-0.31815165470662166,-0.25026619661770777,-0.06788545808891389
2022-09-02 00:00:00+00:00,7.19,7.57,7.12,7.3,5870327.75,7.589999999999999,7.689000000000001,44.910338767889215,-0.295552214571261,-0.25932340020841843,-0.03622881436284259
2022-09-03 00:00:00+00:00,7.3,7.31,7.17,7.28,2939572.83,7.5059999999999985,7.696333333333333,44.624862611836605,-0.27607342569516646,-0.26267340530576805,-0.013400020389398415
2022-09-04 00:00:00+00:00,7.29,7.42,7.15,7.37,3798954.38,7.4355,7.703666666666666,46.279714088597174,-0.25048664323446346,-0.26023605289150714,0.009749409657043684
2022-09-05 00:00:00+00:00,7.38,7.64,7.26,7.36,5190975.86,7.361500000000001,7.704666666666667,46.114811748329316,-0.2283831909563121,-0.25386548050446817,0.025482289548156067
2022-09-06 00:00:00+00:00,7.37,7.7,6.81,6.87,8014227.23,7.286499999999999,7.701833333333334,38.81634612094563,-0.2475513330066912,-0.2526026510049128,0.005051317998221616
2022-09-07 00:00:00+00:00,6.88,7.3,6.75,7.2,5657008.11,7.2425,7.701,45.116295860276566,-0.23342322398055781,-0.24876676560004182,0.015343541619484008
2022-09-08 00:00:00+00:00,7.2,7.45,7.03,7.39,6134106.21,7.246499999999999,7.709833333333333,48.4100496312552,-0.20453740381500563,-0.2399208932430346,0.035383489428028964
2022-09-09 00:00:00+00:00,7.39,7.94,7.36,7.75,9603978.87,7.272999999999999,7.730166666666666,54.03834587882165,-0.15085720392672464,-0.2221081553797726,0.07125095145304797
2022-09-10 00:00:00+00:00,7.76,7.88,7.57,7.77,4854345.6,7.289499999999999,7.754999999999999,54.336399340525524,-0.10548545525155628,-0.19878361535412936,0.09329816010257308
2022-09-11 00:00:00+00:00,7.77,7.9,7.54,7.7,4569653.61,7.303999999999999,7.7755,53.0399534890589,-0.07431972104449702,-0.1738908364922029,0.09957111544770589
2022-09-12 00:00:00+00:00,7.71,8.05,7.56,7.66,8935374.52,7.3050000000000015,7.791166666666666,52.27244536991352,-0.05224605782193503,-0.14956188075814933,0.0973158229362143
2022-09-13 00:00:00+00:00,7.67,7.96,7.03,7.06,9252301.09,7.279999999999999,7.7956666666666665,42.36867303060015,-0.08221972842737024,-0.13609345029199352,0.053873721864623275
2022-09-14 00:00:00+00:00,7.06,7.31,7.01,7.21,5914357.47,7.2615,7.795833333333333,45.16575008312784,-0.09280058456066254,-0.12743487714572732,0.034634292585064785
2022-09-15 00:00:00+00:00,7.2,7.24,6.87,6.93,7556924.27,7.2615,7.796,41.15083875402828,-0.12236905492650951,-0.12642171270188376,0.004052657775374252
2022-09-16 00:00:00+00:00,6.94,6.98,6.7,6.9,6058337.4,7.2545,7.783333333333333,40.73304540778832,-0.14653387866127332,-0.1304441458937617,-0.016089732767511633
2022-09-17 00:00:00+00:00,6.91,7.16,6.9,7.06,3924016.97,7.264500000000001,7.771166666666667,43.99865807999117,-0.15103299835476225,-0.13456191638596182,-0.016471081968800427
2022-09-18 00:00:00+00:00,7.05,7.06,6.32,6.44,7888082.4,7.223000000000001,7.7540000000000004,35.77310532147176,-0.20229546536983545,-0.14810862618273654,-0.054186839187098906
2022-09-19 00:00:00+00:00,6.45,6.56,6.1,6.39,9255864.1,7.1925,7.734999999999999,35.20156013532757,-0.2441416094372597,-0.1673152228336412,-0.07682638660361851
2022-09-20 00:00:00+00:00,6.39,6.42,6.17,6.28,5497167.84,7.154999999999999,7.718166666666667,33.91767158746596,-0.2829197381574664,-0.19043612589840625,-0.09248361225906016
2022-09-21 00:00:00+00:00,6.28,6.58,5.97,6.12,9829632.502,7.101999999999999,7.6979999999999995,32.08462157079667,-0.32284083914158934,-0.21691706854704287,-0.10592377059454647
2022-09-22 00:00:00+00:00,6.12,6.53,6.08,6.45,6063122.51,7.0595,7.682166666666666,39.36344889319488,-0.3241141708055988,-0.23835648899875406,-0.08575768180684473
2022-09-23 00:00:00+00:00,6.45,6.64,6.19,6.44,9016451.68,7.0175,7.676833333333334,39.22625307907536,-0.32221590734229455,-0.2551283726674622,-0.06708753467483236
2022-09-24 00:00:00+00:00,6.44,6.51,6.23,6.27,3955623.65,6.9625,7.668333333333334,36.87340153497824,-0.33061794129734334,-0.27022628639343843,-0.06039165490390491
2022-09-25 00:00:00+00:00,6.27,6.38,6.08,6.2,3734926.28,6.904499999999999,7.643666666666666,35.91804775713838,-0.33901705119035963,-0.2839844393528227,-0.05503261183753694
2022-09-26 00:00:00+00:00,6.2,6.58,6.15,6.56,8553957.35,6.889,7.622,43.95962437830624,-0.3130161594975345,-0.28979078338176506,-0.023225376115769414
2022-09-27 00:00:00+00:00,6.55,6.8,6.24,6.37,7249174.06,6.847499999999999,7.591666666666667,41.03295258285866,-0.30423464994335436,-0.2926795566940829,-0.011555093249271453
2022-09-28 00:00:00+00:00,6.37,6.47,6.17,6.38,5452664.8,6.797,7.561166666666666,41.25463168962191,-0.29308976752975635,-0.2927615988612176,-0.00032816866853874194
2022-09-29 00:00:00+00:00,6.39,6.49,6.26,6.43,5600368.3,6.731,7.524666666666667,42.4202065471752,-0.2770293637295902,-0.28961515183489217,0.012585788105301976
2022-09-30 00:00:00+00:00,6.44,6.58,6.21,6.32,8082261.96,6.658499999999999,7.493833333333333,40.51563809152427,-0.2700643252681534,-0.2857049865215444,0.01564066125339103
2022-10-01 00:00:00+00:00,6.33,6.34,6.21,6.27,3450155.56,6.587000000000001,7.466166666666667,39.64433952855338,-0.26551833416283177,-0.2816676560498019,0.016149321886970103
2022-10-02 00:00:00+00:00,6.26,6.33,6.13,6.15,3801773.23,6.5115,7.435333333333333,37.556826805518305,-0.26850345983059665,-0.2790348168059608,0.01053135697536417
2022-10-03 00:00:00+00:00,6.16,6.41,6.09,6.37,4977131.51,6.476999999999999,7.406499999999999,43.43720089667103,-0.2502325074639673,-0.27327435493756214,0.023041847473594834
2022-10-04 00:00:00+00:00,6.37,6.54,6.34,6.5,4072739.41,6.4415000000000004,7.368166666666667,46.63521315915988,-0.22269563586659125,-0.26315861112336797,0.04046297525677672
2022-10-05 00:00:00+00:00,6.5,6.51,6.27,6.44,4166685.22,6.417,7.3335,45.36047951038145,-0.20336964659951207,-0.2512008182185968,0.047831171619084734
2022-10-06 00:00:00+00:00,6.44,6.52,6.31,6.34,4214865.72,6.389,7.295,43.23911307164711,-0.19388780718399978,-0.23973821601167739,0.0458504088276776
2022-10-07 00:00:00+00:00,6.34,6.4,6.25,6.33,2949396.86,6.3525,7.246,43.022433627147606,-0.18504718875664317,-0.22880001056067056,0.0437528218040274
2022-10-08 00:00:00+00:00,6.33,6.4,6.26,6.31,1422016.0,6.346,7.203,42.56303655859268,-0.17760742003143015,-0.21856149245482248,0.04095407242339233
2022-10-09 00:00:00+00:00,6.31,6.5,6.28,6.48,2462447.16,6.3505,7.152333333333333,47.67734191135456,-0.15619327165661723,-0.20608784829518145,0.049894576638564225
2022-10-10 00:00:00+00:00,6.48,6.54,6.24,6.25,3764636.2,6.349,7.103166666666667,42.20221683165127,-0.1559834030249938,-0.19606695924114392,0.04008355621615012
2022-10-11 00:00:00+00:00,6.25,6.26,6.13,6.17,3272884.8,6.3515,7.048,40.46172019972571,-0.1604231537777112,-0.1889381981484574,0.028515044370746173
2022-10-12 00:00:00+00:00,6.18,6.25,6.13,6.18,2393433.73,6.337999999999999,6.995833333333334,40.790438937474754,-0.1612756860907778,-0.18340569573692148,0.022130009646143672
2022-10-13 00:00:00+00:00,6.18,6.18,5.68,6.11,7380068.704,6.3214999999999995,6.948333333333334,39.160543976040294,-0.16568977054015122,-0.17986251069756742,0.014172740157416208
2022-10-14 00:00:00+00:00,6.11,6.27,6.01,6.05,3863936.64,6.3105,6.902833333333333,37.767523066348325,-0.17204622108549827,-0.1782992527751536,0.006253031689655325
2022-10-15 00:00:00+00:00,6.05,6.1,6.02,6.05,1706785.75,6.303,6.856333333333334,37.767523066348325,-0.1750657054605087,-0.17765254331222463,0.0025868378517159285
2022-10-16 00:00:00+00:00,6.05,6.25,6.04,6.18,2485868.92,6.284,6.819833333333333,42.87381467311305,-0.1650659772020644,-0.1751352300901926,0.01006925288812821
2022-10-17 00:00:00+00:00,6.19,6.29,6.12,6.26,3223265.91,6.2785,6.7895,45.81999216528082,-0.14896857213117887,-0.16990189849838985,0.020933326367210986
2022-10-18 00:00:00+00:00,6.26,6.3,6.07,6.16,3868946.94,6.2675,6.770333333333334,42.845431054355984,-0.14263620551289335,-0.16444875990129057,0.021812554388397215
2022-10-19 00:00:00+00:00,6.16,6.26,6.06,6.1,4401418.42,6.251,6.751666666666666,41.12053634726469,-0.14083579057819318,-0.15972616603667109,0.01889037545847791
2022-10-20 00:00:00+00:00,6.11,6.16,5.82,5.89,5073844.54,6.2295,6.725833333333333,35.70285186527826,-0.15457237955438874,-0.15869540874021462,0.004123029185825883
2022-10-21 00:00:00+00:00,5.88,5.9,5.73,5.84,6612206.88,6.208,6.699666666666667,34.53613866781393,-0.1675617597544914,-0.16046867894307,-0.007093080811421404
2022-10-22 00:00:00+00:00,5.83,5.87,5.77,5.85,2971915.78,6.193,6.669833333333333,34.99368118275997,-0.1750313680622133,-0.16338121676689865,-0.011650151295314659
2022-10-23 00:00:00+00:00,5.85,5.98,5.75,5.97,2942177.38,6.173,6.643333333333333,40.378813522459474,-0.1693163162456166,-0.16456823666264225,-0.004748079582974352
2022-10-24 00:00:00+00:00,5.96,5.99,5.8,5.92,3823238.57,6.144,6.615666666666667,38.93165176046575,-0.16689778486514228,-0.16503414630314228,-0.0018636385620000029
2022-10-25 00:00:00+00:00,5.91,6.63,5.89,6.43,9006229.17,6.1434999999999995,6.607333333333333,56.182087339445395,-0.12241719435491216,-0.15651075591349628,0.03409356155858412
2022-10-26 00:00:00+00:00,6.44,6.61,6.41,6.47,6443103.67,6.15,6.597833333333333,57.20319087637811,-0.0829817779226234,-0.14180496031532172,0.05882318239269832
2022-10-27 00:00:00+00:00,6.47,6.65,6.28,6.34,6785956.61,6.1505,6.589166666666667,52.889439562459096,-0.06150979322014649,-0.1257459268962867,0.0642361336761402
2022-10-28 00:00:00+00:00,6.33,6.59,6.26,6.52,4911921.1,6.161,6.576666666666667,57.65141932208755,-0.02962707251911656,-0.10652215602085266,0.0768950835017361
2022-10-29 00:00:00+00:00,6.51,6.78,6.49,6.63,6052975.69,6.1685,6.5705,60.29287074006984,0.004464826292451818,-0.08432475955819177,0.08878958585064359
2022-10-30 00:00:00+00:00,6.63,6.75,6.51,6.66,4310912.76,6.189,6.564333333333334,61.00720485108254,0.033517284605874664,-0.06075635072537849,0.09427363533125316
2022-10-31 00:00:00+00:00,6.65,6.84,6.57,6.62,7120046.35,6.211499999999999,6.555000000000001,59.47095714399601,0.05270633559666571,-0.03806381346096965,0.09077014905763536
2022-11-01 00:00:00+00:00,6.62,6.72,6.45,6.46,3710854.82,6.2255,6.5409999999999995,53.651207580798534,0.0543763175911991,-0.019575787250535902,0.073952104841735
2022-11-02 00:00:00+00:00,6.45,6.53,6.16,6.25,6160529.66,6.2325,6.523833333333333,47.13194167601554,0.0383128981556764,-0.007998050169293442,0.04631094832496984
2022-11-03 00:00:00+00:00,6.26,6.53,6.23,6.41,5454796.72,6.2505,6.507833333333334,51.92511184267926,0.038054516567666674,0.0012124631780985815,0.03684205338956809
2022-11-04 00:00:00+00:00,6.42,7.1,6.38,7.05,9531817.15,6.3004999999999995,6.502666666666666,65.42737386541117,0.08847254220022194,0.018664478982523252,0.06980806321769868
2022-11-05 00:00:00+00:00,7.06,7.25,6.94,7.03,7379052.14,6.343,6.505333333333334,64.81474595712662,0.12537016863940043,0.04000561691389869,0.08536455172550174
2022-11-06 00:00:00+00:00,7.03,7.15,6.79,6.81,5716020.12,6.3705,6.498833333333334,58.34324208020023,0.13529998800184106,0.059064491131487165,0.0762354968703539
2022-11-07 00:00:00+00:00,6.81,7.42,6.65,7.12,9474204.99,6.4185,6.4943333333333335,63.824383746058984,0.1662672255307971,0.08050503801134916,0.08576218751944793
2022-11-08 00:00:00+00:00,7.12,7.2,5.86,6.3,17011590.68,6.4285,6.470166666666667,46.42382124498429,0.12322141760583882,0.08904831393024709,0.03417310367559173
2022-11-09 00:00:00+00:00,6.3,6.38,5.34,5.41,15523101.01,6.4045000000000005,6.430833333333334,35.205105477507246,0.017094685840064017,0.07465758831221049,-0.057562902472146474
2022-11-10 00:00:00+00:00,5.42,6.18,5.32,5.97,12598434.37,6.411,6.402,44.322390723200265,-0.021575485040130182,0.05541097364174236,-0.07698645868187254
2022-11-11 00:00:00+00:00,5.97,6.05,5.5,5.75,8907098.41,6.406000000000001,6.370166666666667,41.832079928850234,-0.06917661054409763,0.030493456804574368,-0.099670067348672
2022-11-12 00:00:00+00:00,5.75,5.88,5.56,5.77,3603570.5,6.395999999999999,6.348666666666667,42.15029702241091,-0.10408716060510947,0.003577333322637599,-0.10766449392774707
2022-11-13 00:00:00+00:00,5.78,5.97,5.62,5.75,5069240.31,6.387499999999999,6.324333333333333,41.903423700148934,-0.13184799429273752,-0.023507732200437427,-0.1083402620923001
2022-11-14 00:00:00+00:00,5.75,5.9,5.44,5.86,5738361.29,6.359,6.306500000000001,43.851296649914225,-0.14332046519566255,-0.04747027879948246,-0.09585018639618009
2022-11-15 00:00:00+00:00,5.87,6.05,5.8,5.92,3301786.7,6.3315,6.290166666666666,44.93577984929564,-0.14588926188375861,-0.0671540754163377,-0.07873518646742092
2022-11-16 00:00:00+00:00,5.92,6.0,5.61,5.71,3209428.37,6.3,6.267666666666667,41.88641744694937,-0.16299143294270912,-0.08632154692161198,-0.07666988602109714
2022-11-17 00:00:00+00:00,5.7,5.73,5.56,5.67,2822106.06,6.2575,6.254833333333333,41.31135947934066,-0.17772400077587314,-0.1046020376924642,-0.07312196308340893
2022-11-18 00:00:00+00:00,5.68,5.78,5.6,5.65,2187119.21,6.2085,6.242500000000001,41.00820509258138,-0.188836707758826,-0.12144897170573657,-0.06738773605308943
2022-11-19 00:00:00+00:00,5.65,5.66,5.53,5.61,1602398.67,6.156,6.231333333333334,40.37013375359021,-0.19858214248611095,-0.13687560586181147,-0.06170653662429948
2022-11-20 00:00:00+00:00,5.61,5.66,5.25,5.3,3870989.34,6.090000000000001,6.217666666666667,35.73011934488966,-0.22868375496491122,-0.15523723568243142,-0.0734465192824798
2022-11-21 00:00:00+00:00,5.3,5.3,5.07,5.18,6524218.75,6.026,6.1964999999999995,34.096419915268584,-0.25923420628060967,-0.17603662980206708,-0.08319757647854259
2022-11-22 00:00:00+00:00,5.19,5.32,5.0,5.28,5740050.28,5.9775,6.1771666666666665,36.694097991811574,-0.27223830111449754,-0.1952769640645532,-0.07696133704994434
2022-11-23 00:00:00+00:00,5.28,5.49,5.25,5.44,4175250.0,5.929,6.163333333333333,40.72022554895402,-0.2665607309574076,-0.2095337174431241,-0.05702701351428352
2022-11-24 00:00:00+00:00,5.43,5.53,5.33,5.39,3739397.2,5.846,6.1498333333333335,39.866946643947834,-0.2630633670912266,-0.22023964737274462,-0.04282371971848195
2022-11-25 00:00:00+00:00,5.38,5.39,5.25,5.26,2770201.53,5.7575,6.128166666666667,37.65746716858487,-0.2676957644371969,-0.2297308707856351,-0.037964893651561804
2022-11-26 00:00:00+00:00,5.27,5.46,5.24,5.3,2879533.81,5.682,6.110333333333333,38.78170844029311,-0.2650835884041287,-0.23680141430933382,-0.028282174094794887
2022-11-27 00:00:00+00:00,5.3,5.44,5.26,5.3,2262349.07,5.590999999999999,6.092333333333333,38.78170844029311,-0.2600161161456942,-0.2414443546766059,-0.018571761469088288
2022-11-28 00:00:00+00:00,5.31,5.32,5.06,5.13,5094640.21,5.5325,6.070666666666667,35.61594907502004,-0.2666439812862862,-0.246484279998542,-0.02015970128774419
2022-11-29 00:00:00+00:00,5.13,5.35,5.09,5.3,3879496.66,5.527,6.053666666666667,40.818558087002536,-0.2552368217094134,-0.24823478834071627,-0.007002033368697147
2022-11-30 00:00:00+00:00,5.3,5.51,5.3,5.46,4722700.97,5.5015,6.040166666666666,45.2987430225055,-0.23062737393027533,-0.24471330545862807,0.014085931528352746
2022-12-01 00:00:00+00:00,5.46,5.48,5.32,5.41,4001779.36,5.4845,6.027833333333334,44.173346911043886,-0.21270683935767032,-0.23831201223843654,0.02560517288076622
2022-12-02 00:00:00+00:00,5.4,5.69,5.37,5.62,6607178.18,5.477,6.0153333333333325,49.81290752714746,-0.179490388175628,-0.22654768742587483,0.04705729925024682
2022-12-03 00:00:00+00:00,5.62,5.71,5.48,5.49,4453433.15,5.464,5.998499999999999,46.66987377826708,-0.16179099892273818,-0.2135963497252475,0.05180535080250931
2022-12-04 00:00:00+00:00,5.5,5.61,5.49,5.59,2771876.82,5.4505,5.984333333333334,49.31894787351583,-0.1381029760160839,-0.19849767498341478,0.06039469896733088
2022-12-05 00:00:00+00:00,5.6,5.73,5.44,5.48,3645172.05,5.4285000000000005,5.97,46.578125627268214,-0.1267450893967279,-0.18414715786607744,0.05740206846934953
2022-12-06 00:00:00+00:00,5.48,5.52,5.42,5.5,2713444.43,5.418,5.9561666666666655,47.1531787037585,-0.1148066302004036,-0.1702790523329427,0.055472422132539084
2022-12-07 00:00:00+00:00,5.49,5.53,5.24,5.29,5307370.08,5.398999999999999,5.939166666666666,42.036487456500694,-0.12089693561410453,-0.16040262898917507,0.03950569337507054
2022-12-08 00:00:00+00:00,5.29,5.47,5.25,5.42,4019638.16,5.3875,5.9215,45.946774106893066,-0.11392042919333889,-0.15110618903000783,0.03718575983666894
2022-12-09 00:00:00+00:00,5.42,5.44,5.26,5.3,2687576.39,5.372,5.905666666666667,43.05914208294016,-0.11672891642272987,-0.14423073450855226,0.027501818085822388
2022-12-10 00:00:00+00:00,5.29,5.33,5.26,5.27,1281589.14,5.3705,5.890666666666666,42.34268543884549,-0.1199922164865237,-0.13938303090414655,0.01939081441762286
2022-12-11 00:00:00+00:00,5.28,5.33,5.13,5.17,2136325.82,5.37,5.873833333333334,39.956130722606964,-0.1291587083714152,-0.13733816639760027,0.008179458026185082
2022-12-12 00:00:00+00:00,5.16,5.21,5.0,5.17,4090252.3,5.3645,5.858166666666666,39.956130722606964,-0.1348685386701609,-0.1368442408521124,0.0019757021819514775
2022-12-13 00:00:00+00:00,5.17,5.35,4.99,5.28,5123267.46,5.3565,5.8453333333333335,43.983928840816525,-0.12903016025840675,-0.13528142473337126,0.0062512644749645185
2022-12-14 00:00:00+00:00,5.29,5.358,5.154,5.215,5918542.41,5.34775,5.831416666666667,42.183217574681876,-0.12817068816648192,-0.1338592774199934,0.0056885892535114835
2022-12-15 00:00:00+00:00,5.214,5.254,5.116,5.23,4122946.05,5.3462499999999995,5.8155833333333335,42.76554892263755,-0.12484009677632368,-0.13205544129125946,0.007215344514935773
2022-12-16 00:00:00+00:00,5.23,5.25,4.52,4.652,7256168.85,5.31385,5.788783333333333,30.159854903353192,-0.16691624202020083,-0.13902760143704773,-0.0278886405831531
2022-12-17 00:00:00+00:00,4.653,4.724,4.583,4.708,4616715.62,5.28425,5.764583333333333,32.24370852884512,-0.19351246701731117,-0.14992457455310043,-0.04358789246421074
2022-12-18 00:00:00+00:00,4.709,4.716,4.617,4.657,2749549.56,5.2606,5.7405333333333335,31.326966275173646,-0.2162130710233976,-0.1631822738471599,-0.05303079717623771
2022-12-19 00:00:00+00:00,4.657,4.705,4.41,4.481,4752800.99,5.21965,5.7170499999999995,28.333155279397474,-0.24557436395097554,-0.17966069186792302,-0.06591367208305252
2022-12-20 00:00:00+00:00,4.479,4.653,4.461,4.605,3310151.54,5.1769,5.696466666666667,33.17840929585981,-0.2558879197893802,-0.19490613745221447,-0.060981782337165724
2022-12-21 00:00:00+00:00,4.606,4.616,4.442,4.485,2732722.13,5.13065,5.6737166666666665,30.994535005745647,-0.27062488895292436,-0.21004988775235645,-0.06057500120056791
2022-12-22 00:00:00+00:00,4.486,4.537,4.37,4.531,2979884.33,5.0762,5.649733333333334,32.81999932269996,-0.27541738742632216,-0.2231233876871496,-0.052293999739172564
2022-12-23 00:00:00+00:00,4.532,4.546,4.454,4.473,2669853.97,5.02535,5.625616666666667,31.681961316915647,-0.2806603148635851,-0.23463077312243671,-0.0460295417411484
2022-12-24 00:00:00+00:00,4.473,4.492,4.43,4.452,1305078.13,4.96845,5.59265,31.25931831181265,-0.2832448270738217,-0.24435358391271372,-0.03889124316110798
2022-12-25 00:00:00+00:00,4.451,4.498,4.396,4.492,1726195.69,4.91905,5.559683333333334,33.09026753180444,-0.2788509853345609,-0.25125306419708315,-0.02759792113747772
2022-12-26 00:00:00+00:00,4.492,4.578,4.465,4.571,1955878.56,4.8726,5.5302,36.67759989756613,-0.2659287334267688,-0.2541881980430203,-0.01174053538374853
2022-12-27 00:00:00+00:00,4.571,4.585,4.455,4.478,2694420.81,4.832,5.496166666666666,34.34325855069389,-0.2601927385311855,-0.25538910614065335,-0.004803632390532164
2022-12-28 00:00:00+00:00,4.479,4.484,4.24,4.286,5301428.71,4.7753,5.4571,30.085992768159215,-0.2680498053391345,-0.2579212459803496,-0.010128559358784872
2022-12-29 00:00:00+00:00,4.286,4.355,4.224,4.309,2461379.78,4.72575,5.417916666666667,31.186453366254383,-0.26931617044121214,-0.26020023087252214,-0.009115939568690001
2022-12-30 00:00:00+00:00,4.308,4.341,4.226,4.324,2037686.16,4.67845,5.37965,31.93886858785126,-0.26604262548766844,-0.26136870979555143,-0.004673915692117003
2022-12-31 00:00:00+00:00,4.324,4.394,4.298,4.309,1499221.97,4.6354,5.3438,31.567158958759933,-0.2616426386951467,-0.2614234955754705,-0.0002191431196761906
2023-01-01 00:00:00+00:00,4.308,4.387,4.275,4.371,1341743.7,4.5954500000000005,5.312483333333334,34.93769402380886,-0.2502678041574722,-0.25919235729187085,0.00892455313439866
2023-01-02 00:00:00+00:00,4.371,4.56,4.316,4.492,3164787.56,4.556050000000001,5.280516666666666,41.04096955482446,-0.22885142035550565,-0.2531241699045978,0.024272749549092143
2023-01-03 00:00:00+00:00,4.492,4.545,4.462,4.526,1964103.62,4.5216,5.23845,42.668412318987386,-0.20675195817042535,-0.24384972755776332,0.03709776938733797
2023-01-04 00:00:00+00:00,4.526,4.689,4.526,4.632,3126367.78,4.4917,5.198483333333333,47.53102422168247,-0.17862557659327827,-0.23080489736486634,0.05217932077158807
2023-01-05 00:00:00+00:00,4.631,4.649,4.545,4.62,2923627.93,4.4901,5.161983333333334,47.04456641832051,-0.15551088360157284,-0.21574609461220765,0.06023521101063481
2023-01-06 00:00:00+00:00,4.621,4.706,4.552,4.684,3264757.81,4.4889,5.121383333333332,49.98461833951821,-0.1305234644929545,-0.19870156858835702,0.06817810409540254
2023-01-07 00:00:00+00:00,4.684,4.705,4.636,4.664,1594150.21,4.48925,5.094116666666667,49.067815601959715,-0.11105442143642463,-0.18117213915797056,0.07011771772154593
2023-01-08 00:00:00+00:00,4.665,4.828,4.602,4.826,3227517.66,4.5065,5.084383333333333,56.09279444876998,-0.0816122432988422,-0.1612601599861449,0.0796479166873027
2023-01-09 00:00:00+00:00,4.826,5.083,4.8,4.887,6257669.61,4.5206,5.066333333333333,58.418488053398576,-0.05274885879448199,-0.13955789974781233,0.08680904095333034
2023-01-10 00:00:00+00:00,4.886,4.97,4.823,4.92,2874898.27,4.542350000000001,5.052499999999999,59.663250249217775,-0.026901490777738957,-0.11702661795379765,0.0901251271760587
2023-01-11 00:00:00+00:00,4.92,5.139,4.828,5.135,4492624.63,4.57255,5.041916666666666,66.66485599490424,0.010806862976437515,-0.09145992176775061,0.10226678474418813
2023-01-12 00:00:00+00:00,5.134,5.263,5.015,5.232,5972215.45,4.6105,5.033283333333333,69.25756057735364,0.04796518158183005,-0.06357490109783448,0.11154008267966453
2023-01-13 00:00:00+00:00,5.233,5.424,5.163,5.401,4812544.83,4.6579500000000005,5.0256333333333325,73.1725433487252,0.0900126940893955,-0.03285738206038849,0.12287007614978399
2023-01-14 00:00:00+00:00,5.401,6.523,5.396,6.026,15720921.5,4.73465,5.0274,82.20033260652305,0.17178766606438867,0.00807162756456694,0.16371603849982172
2023-01-15 00:00:00+00:00,6.026,6.066,5.771,5.929,5959244.43,4.80255,5.03105,77.82322202673129,0.22616079036315107,0.05168946012428377,0.1744713302388673
2023-01-16 00:00:00+00:00,5.928,6.087,5.61,5.812,7588428.7,4.86925,5.033416666666667,72.78849971252023,0.25685015224550867,0.09272159854852877,0.1641285536969799
2023-01-17 00:00:00+00:00,5.812,6.21,5.691,5.956,7799551.36,4.95275,5.038516666666666,74.93757084727179,0.2894546363157824,0.1320682061019795,0.15738643021380289
2023-01-18 00:00:00+00:00,5.957,6.221,5.564,5.653,9689343.05,5.01995,5.039233333333333,63.56227819537225,0.28752989151254127,0.16316054318409184,0.12436934832844943
2023-01-19 00:00:00+00:00,5.648,5.848,5.643,5.802,3346968.36,5.09385,5.0476,66.27348564907692,0.29463124653549944,0.18945468385437336,0.10517656268112607
2023-01-20 00:00:00+00:00,5.802,6.295,5.752,6.247,5373230.43,5.1907499999999995,5.065383333333333,72.78616513168649,0.33233594068128625,0.21803093521975597,0.11430500546153027
2023-01-21 00:00:00+00:00,6.249,6.464,6.007,6.237,8330369.73,5.28405,5.081333333333333,72.44760411806844,0.35729163050284374,0.24588307427637351,0.11140855622647022
2023-01-22 00:00:00+00:00,6.237,6.457,6.085,6.207,5762744.72,5.3698,5.094116666666666,71.37499827931838,0.37037894725189435,0.2707822488714777,0.09959669838041663
2023-01-23 00:00:00+00:00,6.207,6.84,6.198,6.56,10282785.38,5.4715,5.113616666666667,75.89695301184668,0.4045712444512706,0.2975400479874363,0.1070311964638343
2023-01-24 00:00:00+00:00,6.56,6.708,6.117,6.191,6235582.4,5.549449999999999,5.129133333333333,64.43768307927773,0.39731368534022593,0.3174947754579942,0.07981890988223173
2023-01-25 00:00:00+00:00,6.191,6.563,6.01,6.399,7441471.55,5.6384,5.14745,67.42347171175301,0.4036923648362425,0.3347342933336439,0.06895807150259858
2023-01-26 00:00:00+00:00,6.4,6.563,6.301,6.472,6830192.66,5.7278,5.1669833333333335,68.42543228872535,0.4099127847851305,0.34976999162394123,0.060142793161189256
2023-01-27 00:00:00+00:00,6.472,6.623,6.27,6.585,5365147.79,5.82385,5.191233333333333,69.9653876517001,0.41912920742559656,0.36364183478427237,0.055487372641324195
2023-01-28 00:00:00+00:00,6.585,6.664,6.321,6.397,3866647.74,5.9024,5.209516666666667,64.34281750090092,0.4065764991533056,0.372228767658079,0.03434773149522663
2023-01-29 00:00:00+00:00,6.396,6.7,6.327,6.611,4745086.65,5.9886,5.2287,67.54049149508108,0.40917963085845255,0.3796189402981537,0.029560690560298863
2023-01-30 00:00:00+00:00,6.612,6.65,6.02,6.19,5572642.9,6.0521,5.241699999999999,56.75699585272455,0.3729720601903095,0.37828956427658483,-0.005317504086275349
2023-01-31 00:00:00+00:00,6.19,6.33,6.142,6.26,3778549.45,6.10835,5.252366666666666,57.95890057858599,0.3459379571290544,0.3718192428470788,-0.025881285718024394
2023-02-01 00:00:00+00:00,6.26,6.491,6.027,6.467,5790692.06,6.1701,5.26865,61.377524163229246,0.3373278996636371,0.3649209742103905,-0.027593074546753416
2023-02-02 00:00:00+00:00,6.467,6.917,6.451,6.543,8407701.21,6.2272,5.284533333333333,62.580624061658895,0.3328006136190673,0.35849690209212587,-0.02569628847305855
2023-02-03 00:00:00+00:00,6.543,7.126,6.504,7.008,10176943.45,6.2763,5.3100000000000005,68.95304719393414,0.3625550121468937,0.35930852410307945,0.003246488043814222
2023-02-04 00:00:00+00:00,7.008,7.075,6.818,6.873,3786921.97,6.3235,5.332883333333333,65.46728393694028,0.37096595102599483,0.36164000948766256,0.009325941538332272
2023-02-05 00:00:00+00:00,6.872,6.895,6.513,6.637,5167240.5,6.36475,5.355333333333333,59.778106288956344,0.35450197492242985,0.360212402574616,-0.005710427652186156
2023-02-06 00:00:00+00:00,6.638,6.789,6.401,6.494,4695000.22,6.39165,5.373233333333333,56.57020048526613,0.3261555323920309,0.353401028538099,-0.027245496146068138
2023-02-07 00:00:00+00:00,6.494,6.949,6.473,6.941,5490955.62,6.45605,5.400583333333333,63.21531753067997,0.33588802861588274,0.34989842855365577,-0.014010399937773033
2023-02-08 00:00:00+00:00,6.94,7.02,6.615,6.757,4810790.32,6.5038,5.425366666666666,59.19989951500304,0.32500735724008845,0.34492021429094233,-0.019912857050853883
2023-02-09 00:00:00+00:00,6.757,6.976,6.088,6.235,10458985.31,6.5032,5.443116666666667,49.57848260899223,0.27113780152127376,0.33016373173700864,-0.05902593021573488
2023-02-10 00:00:00+00:00,6.235,6.308,6.12,6.186,4981218.12,6.50065,5.46005,48.77709203567675,0.2219335877641253,0.308517702942432,-0.08658411517830672
2023-02-11 00:00:00+00:00,6.184,6.293,6.158,6.278,1700227.29,6.5042,5.476683333333333,50.39824672672111,0.18819315148414617,0.28445279265077483,-0.09625964116662866
2023-02-12 00:00:00+00:00,6.278,6.387,6.074,6.181,2375027.69,6.485250000000001,5.492783333333334,48.64996526646518,0.15187579369801973,0.2579373928602238,-0.10606159916220409
2023-02-13 00:00:00+00:00,6.18,6.259,5.878,6.143,6431367.53,6.482850000000001,5.508,47.94824314373218,0.11865990604566257,0.23008189549731156,-0.111421989451649
2023-02-14 00:00:00+00:00,6.141,6.264,5.95,6.227,5370812.92,6.4742500000000005,5.53425,49.676213615902384,0.09798466750269785,0.20366244989838883,-0.10567778239569098
2023-02-15 00:00:00+00:00,6.228,6.618,6.16,6.612,6593492.92,6.48125,5.5659833333333335,56.761223322435505,0.11138173511145588,0.18520630694100224,-0.07382457182954635
2023-02-16 00:00:00+00:00,6.612,6.949,6.318,6.327,9174248.37,6.468349999999999,5.593816666666667,51.033390002564865,0.09787366289482513,0.16773977813176683,-0.0698661152369417
2023-02-17 00:00:00+00:00,6.327,7.418,6.291,7.284,18071582.97,6.5127,5.640533333333334,64.1247622869792,0.1625169263958144,0.16669520778457636,-0.004178281388761973
2023-02-18 00:00:00+00:00,7.284,7.375,7.105,7.229,8168832.05,6.5436000000000005,5.684266666666667,63.0809585345083,0.20692384878096703,0.17474093598385448,0.03218291279711255
2023-02-19 00:00:00+00:00,7.23,7.9,7.185,7.438,14912594.12,6.606,5.733483333333333,65.38666895157542,0.25602985522197397,0.19099871983147837,0.0650311353904956
2023-02-20 00:00:00+00:00,7.44,7.568,7.25,7.551,7886712.3,6.67055,5.783816666666667,66.60118226353296,0.30059974795812483,0.21291892545680768,0.08768082250131715
2023-02-21 00:00:00+00:00,7.551,7.575,7.117,7.251,6671197.7,6.70975,5.830116666666667,60.52893547430171,0.30816191750401956,0.23196752386625008,0.07619439363776948
2023-02-22 00:00:00+00:00,7.251,7.27,6.88,7.186,7597418.57,6.741899999999999,5.875683333333333,59.26808053817631,0.305389692304888,0.24665195755397767,0.05873773475091032
2023-02-23 00:00:00+00:00,7.186,7.384,7.015,7.093,5906199.95,6.74615,5.919033333333333,57.42494632741902,0.2923186931624935,0.25578530467568084,0.036533388486812646
2023-02-24 00:00:00+00:00,7.095,7.146,6.47,6.614,7399291.71,6.733200000000001,5.953083333333334,48.976761430380115,0.24053578849922097,0.25273540144038886,-0.012199612941167892
2023-02-25 00:00:00+00:00,6.614,6.649,6.342,6.544,3497010.8,6.72855,5.987516666666667,47.868456048289325,0.19163994252658068,0.24051630965762724,-0.048876367131046566
2023-02-26 00:00:00+00:00,6.544,6.73,6.503,6.691,3363024.11,6.7384,6.0276000000000005,50.40649431125623,0.16287379605198726,0.22498780693649925,-0.06211401088451199
2023-02-27 00:00:00+00:00,6.692,6.785,6.489,6.579,4411661.72,6.7203,6.065433333333333,48.47025834272932,0.12954563233483274,0.20589937201616595,-0.07635373968133322
2023-02-28 00:00:00+00:00,6.58,6.6,6.276,6.347,4169725.04,6.699800000000001,6.099149999999999,44.64468771292773,0.08345039714521274,0.18140957704197533,-0.09795917989676259
2023-03-01 00:00:00+00:00,6.349,6.598,6.306,6.535,4300464.0,6.714799999999999,6.13625,48.211719115102156,0.061382045960806764,0.15740407082574162,-0.09602202486493486
2023-03-02 00:00:00+00:00,6.534,6.56,6.221,6.335,2989319.83,6.72225,6.168983333333332,44.89717735284716,0.027438100776890018,0.13141087681597133,-0.10397277603908131
2023-03-03 00:00:00+00:00,6.335,6.338,5.792,6.037,5503764.91,6.7102,6.194733333333334,40.43636515891402,-0.023240922951556442,0.10048051686246579,-0.12372143981402223
2023-03-04 00:00:00+00:00,6.038,6.058,5.73,5.917,2603387.07,6.697,6.2179166666666665,38.76605849718072,-0.07225450652282905,0.06593351218540683,-0.13818801870823588
2023-03-05 00:00:00+00:00,5.917,6.066,5.89,5.978,2368080.13,6.688750000000001,6.24035,40.120119714163756,-0.10496595226644434,0.03175361929503659,-0.13671957156148093
2023-03-06 00:00:00+00:00,5.977,6.043,5.856,5.92,2790540.69,6.673399999999999,6.262016666666667,39.23180427967697,-0.134025165287607,-0.0014021376214921263,-0.13262302766611486
2023-03-07 00:00:00+00:00,5.922,6.019,5.74,5.847,4741858.19,6.63515,6.2814000000000005,38.08871319323558,-0.16108836448894426,-0.033339382994982555,-0.1277489814939617
2023-03-08 00:00:00+00:00,5.846,5.943,5.501,5.601,6663332.34,6.5988500000000005,6.297016666666666,34.44635418662476,-0.20007989247302316,-0.06668748489059068,-0.13339240758243248
2023-03-09 00:00:00+00:00,5.6,5.803,5.25,5.385,7590734.25,6.5039,6.306333333333333,31.58983506962292,-0.2455794669053022,-0.10246588129353298,-0.1431135856117692
2023-03-10 00:00:00+00:00,5.386,5.582,5.15,5.549,9610786.57,6.4199,6.3173666666666675,35.93390591678403,-0.2653460341453462,-0.13504191186389564,-0.13030412228145055
2023-03-11 00:00:00+00:00,5.548,5.678,5.223,5.463,7374280.77,6.32115,6.326416666666666,34.689910644674086,-0.2846691733317579,-0.1649673641574681,-0.1197018091742898
2023-03-12 00:00:00+00:00,5.463,5.903,5.36,5.895,6697046.08,6.23835,6.339083333333334,44.991696812028216,-0.2621027533401241,-0.1843944419939993,-0.07770831134612483
2023-03-13 00:00:00+00:00,5.894,6.143,5.706,6.1,10435277.93,6.1808,6.353549999999999,49.0951214028938,-0.22508230743966795,-0.19253201508313303,-0.03255029235653492
2023-03-14 00:00:00+00:00,6.101,6.537,5.987,6.223,10272410.97,6.13265,6.36725,51.4359470429551,-0.183700678230597,-0.19076574771262583,0.007065069482028841
2023-03-15 00:00:00+00:00,6.22,6.377,5.777,5.874,9060374.0,6.0717,6.364716666666667,45.098980898228916,-0.17702617468240067,-0.18801783310658082,0.01099165842418015
2023-03-16 00:00:00+00:00,5.873,6.142,5.758,6.088,5974943.99,6.045399999999999,6.367366666666666,49.22945146513083,-0.1527082454103672,-0.18095591556733812,0.02824767015697091
2023-03-17 00:00:00+00:00,6.087,6.631,6.026,6.618,7687668.38,6.0491,6.3808,57.7145495438971,-0.0896362695372881,-0.16269198636132812,0.07305571682404002
2023-03-18 00:00:00+00:00,6.617,6.699,6.283,6.313,6601084.28,6.0302,6.38675,52.29781888994447,-0.06352989220610361,-0.14285956753028323,0.07932967532417962
2023-03-19 00:00:00+00:00,6.314,6.601,6.312,6.451,4887337.41,6.0238,6.400049999999999,54.383912964754714,-0.031343643388724196,-0.12055638270197142,0.08921273931324722
2023-03-20 00:00:00+00:00,6.454,6.485,6.052,6.092,5512709.62,6.011049999999999,6.404883333333333,48.44819448451908,-0.034407481000306994,-0.10332660236163854,0.06891912136133155
2023-03-21 00:00:00+00:00,6.091,6.458,6.0,6.363,5510022.95,6.00245,6.406816666666667,52.64952375595125,-0.014797581909664181,-0.08562079827124368,0.0708232163615795
2023-03-22 00:00:00+00:00,6.363,6.4,5.911,6.053,6799970.34,5.98835,6.40375,47.84594352095524,-0.02399441217301046,-0.07329552105159703,0.049301108878586575
2023-03-23 00:00:00+00:00,6.054,6.421,5.991,6.321,4307141.06,6.002549999999999,6.40565,51.92922665279994,-0.00954754799559776,-0.06054592644039718,0.050998378444799417
2023-03-24 00:00:00+00:00,6.321,6.341,5.95,6.021,3721415.5,6.00775,6.3966666666666665,47.45069994199778,-0.022051599731293337,-0.05284706109857641,0.030795461367283075
2023-03-25 00:00:00+00:00,6.022,6.08,5.83,5.905,2201417.88,6.004099999999999,6.391900000000001,45.80570596333305,-0.04085048243326295,-0.05044774536551372,0.009597262932250772
2023-03-26 00:00:00+00:00,5.905,6.107,5.878,6.042,1783486.74,6.010199999999999,6.38595,48.09437692569125,-0.04418464429453994,-0.049195125151318964,0.0050104808567790204
2023-03-27 00:00:00+00:00,6.044,6.115,5.745,5.867,3393287.18,6.0112000000000005,6.375866666666666,45.4537808425349,-0.060253464621244035,-0.051406793045303975,-0.00884667157594006
2023-03-28 00:00:00+00:00,5.867,6.109,5.787,6.056,2901986.46,6.03395,6.367050000000001,48.727919385227175,-0.057079423969844,-0.052541319230211984,-0.0045381047396320165
2023-03-29 00:00:00+00:00,6.057,6.285,6.048,6.183,3767888.67,6.07385,6.363483333333334,50.86230921302261,-0.04381110808661237,-0.05079527700149207,0.006984168914879699
2023-03-30 00:00:00+00:00,6.183,6.295,6.025,6.122,3863516.22,6.1025,6.355333333333333,49.790179600998364,-0.03778252888366307,-0.04819272737792627,0.010410198494263202
2023-03-31 00:00:00+00:00,6.122,6.385,6.101,6.343,4320037.0,6.1465,6.3578833333333336,53.60577457382305,-0.01499908331002775,-0.04155399856434657,0.02655491525431882
2023-04-01 00:00:00+00:00,6.343,6.393,6.19,6.344,2562358.07,6.168950000000001,6.359283333333333,53.622948482296316,0.0031018963651563425,-0.03262281957844599,0.03572471594360233
2023-04-02 00:00:00+00:00,6.344,6.446,6.18,6.263,3027603.59,6.177099999999999,6.355883333333334,51.94559856018284,0.01078668788998538,-0.02394091808475972,0.0347276059747451
2023-04-03 00:00:00+00:00,6.263,6.5,6.09,6.419,5348344.83,6.1869,6.353816666666666,54.87332554430569,0.02912905517707287,-0.013326923432393202,0.04245597860946607
2023-04-04 00:00:00+00:00,6.419,6.533,6.367,6.439,4385744.74,6.2151499999999995,6.344333333333334,55.24975439980867,0.04476334230881385,-0.0017088702841517936,0.04647221259296564
2023-04-05 00:00:00+00:00,6.437,6.586,6.32,6.406,3707843.14,6.231050000000001,6.33655,54.44278230572439,0.05386982547688657,0.00940686886805588,0.04446295660883069
2023-04-06 00:00:00+00:00,6.405,6.417,6.256,6.281,2705532.09,6.2142,6.330616666666667,51.381418048640555,0.050419123395156085,0.01760931977347592,0.032809803621680164
2023-04-07 00:00:00+00:00,6.28,6.318,6.134,6.178,2659031.62,6.20745,6.325349999999999,48.93941948548687,0.03892448075681809,0.021872351970144355,0.017052128786673736
2023-04-08 00:00:00+00:00,6.178,6.235,6.09,6.13,2071466.55,6.1914,6.311833333333333,47.7993020958375,0.025646062954622906,0.022627094167040066,0.0030189687875828396
2023-04-09 00:00:00+00:00,6.131,6.26,6.097,6.211,2172474.5,6.19735,6.302733333333333,49.91955375259875,0.0214120197995733,0.022384079293546716,-0.0009720594939734151
2023-04-10 00:00:00+00:00,6.212,6.313,6.117,6.291,2564574.59,6.19375,6.3036666666666665,51.9935151122761,0.024232504281521017,0.02275376429114158,0.001478739990379438
2023-04-11 00:00:00+00:00,6.29,6.49,6.276,6.415,4183538.72,6.21185,6.307483333333334,55.0974984998033,0.03605786956758816,0.025414585346430894,0.010643284221157269
2023-04-12 00:00:00+00:00,6.416,6.469,6.214,6.403,4545433.57,6.215949999999999,6.309566666666667,54.72870867822961,0.043954576050202476,0.029122583487185213,0.014831992563017263
2023-04-13 00:00:00+00:00,6.404,6.65,6.349,6.634,4560331.92,6.2466,6.317116666666666,60.2450783661979,0.06806789792632273,0.03691164637501272,0.031156251551310007
2023-04-14 00:00:00+00:00,6.634,6.865,6.535,6.731,6593166.92,6.2879000000000005,6.326916666666666,62.321286936549825,0.09392229087284143,0.04831377527457847,0.04560851559826296
2023-04-15 00:00:00+00:00,6.731,6.871,6.633,6.804,3719680.31,6.3260000000000005,6.336533333333334,63.851345398574786,0.11893160396914038,0.062437341013490855,0.05649426295564952
2023-04-16 00:00:00+00:00,6.803,6.883,6.673,6.824,3729598.19,6.37385,6.340066666666667,64.27932536053879,0.13876589082271895,0.07770305097533647,0.06106283984738248
2023-04-17 00:00:00+00:00,6.824,6.834,6.616,6.696,4193096.98,6.405849999999999,6.346216666666666,59.42978979027589,0.14251337037099,0.09066511485446718,0.051848255516522807
2023-04-18 00:00:00+00:00,6.698,7.0,6.571,6.914,5118143.99,6.442399999999999,6.34005,64.36131958761392,0.16121565924361203,0.10477522373229615,0.056440435511315876
2023-04-19 00:00:00+00:00,6.916,6.92,6.24,6.309,6052908.31,6.45175,6.324716666666666,47.21016137980908,0.12576912591881673,0.10897400416960028,0.01679512174921645
2023-04-20 00:00:00+00:00,6.309,6.438,6.063,6.111,5249007.89,6.44015,6.3026,43.156826260833746,0.08076948726356292,0.10333310078839282,-0.022563613524829898
2023-04-21 00:00:00+00:00,6.111,6.171,5.777,5.849,4612277.77,6.4154,6.274233333333333,38.452259116962395,0.023692625214420282,0.08740500567359831,-0.06371238045917803
2023-04-22 00:00:00+00:00,5.849,5.978,5.82,5.949,2053514.4,6.3997,6.252533333333333,41.09180537222663,-0.013318507447608319,0.06726030304935698,-0.0805788104969653
2023-04-23 00:00:00+00:00,5.949,5.972,5.768,5.906,2377100.04,6.3740499999999995,6.2312,40.291630079887,-0.04559425517486648,0.044689391404512294,-0.09028364657937878
2023-04-24 00:00:00+00:00,5.907,6.029,5.8,5.885,2775196.21,6.34635,6.2110666666666665,39.8831648898369,-0.07203714293639418,0.021344084536331,-0.09338122747272518
2023-04-25 00:00:00+00:00,5.885,6.012,5.778,5.999,2687822.25,6.326,6.200816666666667,43.24674099655239,-0.08283955194686321,0.0005073572396921584,-0.08334690918655537
2023-04-26 00:00:00+00:00,5.999,6.22,5.6,5.852,6083740.49,6.304550000000001,6.189283333333333,40.12886263771583,-0.10208543305823525,-0.020011200819893327,-0.08207423223834193
2023-04-27 00:00:00+00:00,5.85,6.052,5.831,5.97,3633819.81,6.29415,6.177266666666667,43.64135722835092,-0.1065876426690453,-0.03732648918972373,-0.06926115347932157
2023-04-28 00:00:00+00:00,5.971,5.981,5.771,5.947,3150009.51,6.284999999999999,6.166733333333334,43.11045895351515,-0.11073509871547493,-0.05200821109487397,-0.058726887620600965
2023-04-29 00:00:00+00:00,5.947,6.056,5.919,6.041,2093279.06,6.2765,6.1616333333333335,46.00165926203614,-0.10522401614540566,-0.06265137210498031,-0.04257264404042535
2023-04-30 00:00:00+00:00,6.041,6.087,5.844,5.877,2601857.52,6.2558,6.150666666666667,41.991953470905436,-0.1127897034065155,-0.07267903836528736,-0.04011066504122815
2023-05-01 00:00:00+00:00,5.877,5.909,5.596,5.666,3218928.53,6.218349999999999,6.139516666666667,37.46702692098342,-0.13426379224748164,-0.08499598914172622,-0.04926780310575542
2023-05-02 00:00:00+00:00,5.666,5.757,5.618,5.713,2302881.33,6.1838500000000005,6.134116666666666,39.042718210191026,-0.14580886137077442,-0.09715856358753586,-0.048650297783238566
2023-05-03 00:00:00+00:00,5.712,5.812,5.55,5.778,2833604.94,6.14105,6.1318,41.247612430063064,-0.14800731881642282,-0.10732831463331326,-0.04067900418310956
2023-05-04 00:00:00+00:00,5.779,5.798,5.619,5.671,1642330.91,6.08805,6.126683333333333,38.76205359113715,-0.15657867642977674,-0.11717838699260597,-0.03940028943717078
2023-05-05 00:00:00+00:00,5.671,5.901,5.651,5.847,2688794.26,6.0402,6.125466666666666,44.668315466547774,-0.1474698691304992,-0.12323668342018462,-0.024233185710314575
2023-05-06 00:00:00+00:00,5.846,5.894,5.584,5.633,2186936.32,5.98065,6.1219,39.65960165740246,-0.15572399595721276,-0.12973414592759025,-0.025989850029622508
2023-05-07 00:00:00+00:00,5.632,5.7,5.601,5.632,1536706.1,5.927449999999999,6.122416666666667,39.63723500932968,-0.16049604408689255,-0.13588652555945072,-0.024609518527441837
2023-05-08 00:00:00+00:00,5.632,5.648,5.17,5.369,5071223.12,5.850199999999999,6.12215,34.1779149816856,-0.1833858704667053,-0.14538639454090163,-0.03799947592580366
2023-05-09 00:00:00+00:00,5.368,5.412,5.291,5.323,2384156.76,5.8009,6.118383333333332,33.313655294317414,-0.20289914332306402,-0.15688894429733413,-0.04601019902572989
2023-05-10 00:00:00+00:00,5.324,5.523,5.209,5.463,3980709.56,5.7685,6.118383333333333,38.41764588556977,-0.20470698794473385,-0.16645255302681408,-0.03825443491791977
2023-05-11 00:00:00+00:00,5.463,5.47,5.18,5.278,2732930.39,5.73995,6.108099999999999,34.644249055294665,-0.21854838201647198,-0.17687171882474567,-0.041676663191726304
2023-05-12 00:00:00+00:00,5.278,5.35,5.117,5.342,2844970.82,5.7096,6.095466666666667,36.951369755998456,-0.22179678612377174,-0.18585673228455088,-0.03594005383922086
2023-05-13 00:00:00+00:00,5.342,5.396,5.313,5.346,1362265.01,5.6816,6.08085,37.10081984990576,-0.22149514505543166,-0.19298441483872705,-0.02851073021670461
2023-05-14 00:00:00+00:00,5.347,5.448,5.31,5.347,1414347.84,5.6547,6.072066666666666,37.1409354360564,-0.21865488330610017,-0.19811850853220167,-0.020536374773898497
2023-05-15 00:00:00+00:00,5.349,5.431,5.267,5.313,2109633.37,5.6204,6.05915,36.29339704838564,-0.21665006417706767,-0.20182481966117488,-0.014825244515892788
2023-05-16 00:00:00+00:00,5.313,5.337,5.232,5.296,1827920.88,5.592599999999999,6.037116666666667,35.8528573992041,-0.21396651569503788,-0.2042531588679475,-0.009713356827090375
2023-05-17 00:00:00+00:00,5.297,5.44,5.221,5.422,2843186.06,5.5652,6.022266666666667,41.51889269958834,-0.1993743735430762,-0.20327740180297327,0.003903028259897079
2023-05-18 00:00:00+00:00,5.423,5.467,5.246,5.338,2885485.35,5.53475,6.003716666666667,39.04296383459413,-0.19237056560586296,-0.20109603456355124,0.008725468957688276
2023-05-19 00:00:00+00:00,5.338,5.393,5.313,5.372,1832422.71,5.5013,5.991716666666667,40.58734908526963,-0.1819787438247893,-0.19727257641579884,0.015293832591009554
2023-05-20 00:00:00+00:00,5.372,5.446,5.329,5.409,1506151.33,5.4779,5.975816666666668,42.30056022441289,-0.16881160432309628,-0.19158038199725833,0.02276877767416205
2023-05-21 00:00:00+00:00,5.409,5.433,5.242,5.273,1554875.25,5.4582500000000005,5.962816666666667,37.96686321501225,-0.16742069326823028,-0.18674844425145273,0.019327750983222453
2023-05-22 00:00:00+00:00,5.273,5.337,5.224,5.311,1716607.63,5.438149999999999,5.945983333333333,39.82201495838306,-0.16139168098002088,-0.18167709159716636,0.020285410617145477
2023-05-23 00:00:00+00:00,5.312,5.45,5.29,5.401,1761134.4,5.419300000000001,5.935649999999999,44.086950501419054,-0.14764938723877385,-0.17487155072548788,0.027222163486714024
2023-05-24 00:00:00+00:00,5.401,5.405,5.196,5.252,2314581.38,5.39835,5.924766666666667,39.141147376657,-0.14708605866954905,-0.16931445231430012,0.02222839364475107
2023-05-25 00:00:00+00:00,5.253,5.297,5.14,5.245,2043413.21,5.368250000000001,5.911483333333333,38.92024581077684,-0.14552691453503375,-0.16455694475844687,0.019030030223413125
2023-05-26 00:00:00+00:00,5.245,5.273,5.188,5.245,1672238.06,5.34885,5.901116666666667,38.92024581077684,-0.14264693648622462,-0.16017494310400243,0.017528006617777814
2023-05-27 00:00:00+00:00,5.244,5.375,5.231,5.337,1923151.28,5.3341,5.889133333333333,43.75842419300107,-0.13142590597520698,-0.15442513567824334,0.02299922970303636
2023-05-28 00:00:00+00:00,5.336,5.561,5.316,5.502,2093452.08,5.34075,5.8777833333333325,51.22114207614704,-0.10797437601956439,-0.14513498374650755,0.03716060772694316
2023-05-29 00:00:00+00:00,5.502,5.539,5.414,5.459,1871798.74,5.34755,5.866733333333333,49.38215459391537,-0.0918003924244637,-0.13446806548209878,0.04266767305763508
2023-05-30 00:00:00+00:00,5.459,5.53,5.407,5.442,2241581.42,5.346500000000001,5.8517166666666665,48.638662611769384,-0.07943843499326597,-0.12346213938433223,0.04402370439106626
2023-05-31 00:00:00+00:00,5.441,5.463,5.269,5.315,2704545.15,5.34835,5.8345666666666665,43.38367090826619,-0.07897891353015396,-0.11456549421349659,0.035586580683342625
2023-06-01 00:00:00+00:00,5.315,5.335,5.187,5.206,2320022.58,5.34155,5.81695,39.44466904127758,-0.08641400168834146,-0.10893519570846558,0.02252119402012412
2023-06-02 00:00:00+00:00,5.206,5.435,5.16,5.278,2814835.17,5.33815,5.797933333333333,43.11851940752207,-0.08551084851668289,-0.10425032627010905,0.01873947775342616
2023-06-03 00:00:00+00:00,5.277,5.341,5.24,5.341,1228101.12,5.33785,5.779633333333333,46.194532819459084,-0.07880312624809971,-0.09916088626570718,0.020357760017607474
2023-06-04 00:00:00+00:00,5.341,5.384,5.306,5.314,1791577.75,5.337899999999999,5.761433333333334,45.0696446118025,-0.07480359311746554,-0.09428942763605885,0.019485834518593315
2023-06-05 00:00:00+00:00,5.314,5.322,4.9,5.065,5436176.7,5.32635,5.741166666666667,36.29245634071267,-0.0906808410280231,-0.09356771031445171,0.002886869286428617
2023-06-06 00:00:00+00:00,5.065,5.27,4.985,5.202,3042165.47,5.31535,5.724900000000001,42.88329022522261,-0.09115810544765601,-0.09308578934109257,0.0019276838934365603
2023-06-07 00:00:00+00:00,5.202,5.212,4.976,5.024,2788128.22,5.29965,5.7064666666666675,37.46067027375288,-0.1046926219536628,-0.09540715586360662,-0.009285466090056177
2023-06-08 00:00:00+00:00,5.024,5.058,4.977,5.023,2253377.78,5.2822000000000005,5.6866666666666665,37.43203316515726,-0.11418328164408287,-0.09916238101970187,-0.015020900624380995
2023-06-09 00:00:00+00:00,5.023,5.07,4.93,4.982,1851425.12,5.26085,5.66485,36.209815722693186,-0.12358840497254064,-0.10404758581026964,-0.019540819162271003
2023-06-10 00:00:00+00:00,4.982,4.986,4.2,4.517,11793308.25,5.22305,5.633216666666667,25.886279670393037,-0.166642693563527,-0.11656660736092112,-0.050076086202605896
2023-06-11 00:00:00+00:00,4.516,4.553,4.424,4.523,2824128.89,5.18365,5.601883333333333,26.178739754147614,-0.1979969915357973,-0.13285268419589635,-0.06514430733990095
2023-06-12 00:00:00+00:00,4.523,4.556,4.411,4.535,2692091.23,5.14035,5.5669,26.800880324202893,-0.2193486837757721,-0.15015188411187153,-0.06919679966390058
2023-06-13 00:00:00+00:00,4.535,4.721,4.495,4.627,2663019.47,5.1091,5.531833333333334,31.562887135469055,-0.22623848614298048,-0.1653692045180933,-0.06086928162488717
2023-06-14 00:00:00+00:00,4.627,4.802,4.505,4.569,3575780.44,5.0753,5.494583333333334,30.227782533433967,-0.23368504371110088,-0.17903237235669484,-0.054652671354406046
2023-06-15 00:00:00+00:00,4.568,4.62,4.272,4.374,7444659.22,5.031750000000001,5.453749999999999,26.21312366852628,-0.25241171937032814,-0.1937082417594215,-0.058703477610906635
2023-06-16 00:00:00+00:00,4.375,4.468,4.276,4.422,3261216.97,4.986,5.415850000000001,28.722613474170473,-0.26037806959484744,-0.2070422073265067,-0.05333586226834075
2023-06-17 00:00:00+00:00,4.423,4.567,4.396,4.53,2348383.65,4.9374,5.376116666666666,34.14929044806129,-0.2550368560146854,-0.21664113706414245,-0.038395718950542945
2023-06-18 00:00:00+00:00,4.53,4.667,4.478,4.536,2497125.54,4.89125,5.346566666666666,34.4478844597558,-0.247467109124079,-0.22280633147612977,-0.024660777647949217
2023-06-19 00:00:00+00:00,4.537,4.588,4.433,4.53,2442478.42,4.84565,5.320216666666667,34.280485681322006,-0.2391948902311638,-0.2260840432271366,-0.013110847004027204
2023-06-20 00:00:00+00:00,4.53,4.678,4.374,4.662,3232432.59,4.813,5.300433333333333,41.0657231516066,-0.2194580248280973,-0.22475883954732873,0.005300814719231439
2023-06-21 00:00:00+00:00,4.662,4.92,4.635,4.821,4584261.68,4.79375,5.281633333333334,48.02654008425987,-0.18880996190742572,-0.21756906401934814,0.028759102111922424
2023-06-22 00:00:00+00:00,4.821,4.976,4.745,4.825,4144355.55,4.7711,5.263616666666667,48.19232077379365,-0.16232717800197172,-0.20652068681587288,0.04419350881390116
2023-06-23 00:00:00+00:00,4.824,5.138,4.82,5.098,4776899.26,4.75895,5.250500000000001,58.031577585115244,-0.11795089798485581,-0.18880672904966947,0.07085583106481366
2023-06-24 00:00:00+00:00,5.098,5.139,4.905,5.008,2775434.8,4.743650000000001,5.233983333333333,54.36586029038682,-0.08901847463258683,-0.16884907816625297,0.07983060353366614
2023-06-25 00:00:00+00:00,5.008,5.246,5.002,5.194,4469195.22,4.750100000000001,5.223016666666667,59.9907058117132,-0.050498559189840364,-0.14517897437097044,0.09468041518113007
2023-06-26 00:00:00+00:00,5.194,5.238,5.0,5.024,5174613.73,4.7412,5.20725,53.49995669390593,-0.03330490966415667,-0.12280416142960769,0.08949925176545102
2023-06-27 00:00:00+00:00,5.024,5.154,4.997,5.096,2553579.31,4.7448,5.193066666666667,55.686773882175565,-0.013710968757549402,-0.10098552289519605,0.08727455413764665
2023-06-28 00:00:00+00:00,5.095,5.099,4.746,4.879,3414960.81,4.7376,5.173699999999999,48.31233368007491,-0.015513881508695704,-0.08389119461789599,0.06837731310920028
2023-06-29 00:00:00+00:00,4.881,5.236,4.87,4.985,4821782.23,4.73775,5.158833333333333,51.67859167535523,-0.008293783162629076,-0.06877171232684261,0.06047792916421353
2023-06-30 00:00:00+00:00,4.986,5.2,4.789,5.18,6600936.81,4.770899999999999,5.150733333333333,57.20076360046376,0.01301306064882013,-0.05241475773171007,0.06542781838053019
2023-07-01 00:00:00+00:00,5.18,5.392,5.112,5.351,4991687.74,4.8123,5.1447,61.36986751815056,0.043199185450967015,-0.03329196909517465,0.07649115454614167
2023-07-02 00:00:00+00:00,5.351,5.53,5.224,5.496,4416008.07,4.86035,5.14,64.52545422747798,0.07792393638768047,-0.011048787998603628,0.08897272438628409
2023-07-03 00:00:00+00:00,5.495,5.635,5.377,5.431,3882932.74,4.90055,5.135999999999999,62.07741928574217,0.09905673058154196,0.010972315717425492,0.08808441486411647
2023-07-04 00:00:00+00:00,5.429,5.513,5.256,5.348,3200600.98,4.9395,5.127683333333334,58.99931768889772,0.10786382881796808,0.03035061833753401,0.07751321048043407
2023-07-05 00:00:00+00:00,5.348,5.38,5.117,5.208,2843294.07,4.981199999999999,5.1206,54.12429979735688,0.10236666841838193,0.044753828353703604,0.05761284006467833
2023-07-06 00:00:00+00:00,5.207,5.368,5.01,5.014,2938752.21,5.010800000000001,5.1103,48.183000343396344,0.08141742117177309,0.0520865469173175,0.02933087425445559
2023-07-07 00:00:00+00:00,5.015,5.179,4.975,5.119,1988995.87,5.04025,5.106133333333333,51.299012688197074,0.0724524277885692,0.05615972309156784,0.016292704697001358
2023-07-08 00:00:00+00:00,5.119,5.196,5.055,5.128,1200936.94,5.06985,5.102883333333334,51.56785554376885,0.06532085259901077,0.05799194899305642,0.007328903605954347
2023-07-09 00:00:00+00:00,5.126,5.16,5.062,5.081,1198821.42,5.0973999999999995,5.096516666666667,50.01510409588775,0.05523975121005176,0.05744150943645549,-0.002201758226403734
2023-07-10 00:00:00+00:00,5.081,5.23,4.98,5.131,2539022.61,5.12085,5.0940666666666665,51.68192643288096,0.05070054355533937,0.05609331626023227,-0.005392772704892898
2023-07-11 00:00:00+00:00,5.13,5.217,5.089,5.214,1663952.63,5.1405,5.091933333333333,54.40027718719418,0.05318748293064601,0.055512149594315024,-0.0023246666636690116
2023-07-12 00:00:00+00:00,5.213,5.31,5.1,5.147,2569152.05,5.1566,5.088616666666667,51.86374069831778,0.049185085199838774,0.054246736715419776,-0.005061651515581002
2023-07-13 00:00:00+00:00,5.146,5.55,5.096,5.545,5509995.96,5.17895,5.091916666666666,62.9232255743268,0.07723807745975009,0.058845004864285844,0.018393072595464244
2023-07-14 00:00:00+00:00,5.544,5.76,5.3,5.451,6354310.66,5.201099999999999,5.094216666666667,59.4491619886625,0.09083813603991153,0.06524363109941099,0.025594504940500543
2023-07-15 00:00:00+00:00,5.451,5.564,5.383,5.432,1900188.55,5.213,5.0964833333333335,58.743178316527406,0.09894259064214772,0.07198342300795835,0.026959167634189374
2023-07-16 00:00:00+00:00,5.432,5.448,5.256,5.311,2128124.43,5.22735,5.094633333333333,54.31914585667428,0.09451226201834739,0.07648919081003616,0.01802307120831123
2023-07-17 00:00:00+00:00,5.311,5.416,5.173,5.304,3209841.19,5.23775,5.0940666666666665,54.06547054389827,0.08940573945533181,0.0790725005390953,0.010333238916236512
2023-07-18 00:00:00+00:00,5.303,5.391,5.1,5.181,3684193.8,5.2528500000000005,5.090883333333334,49.67552165848544,0.07457406805176969,0.07817281404163018,-0.0035987459898604857
2023-07-19 00:00:00+00:00,5.179,5.257,5.129,5.193,2323483.99,5.26325,5.087283333333333,50.1012085934497,0.06306123070650749,0.07515049737460563,-0.012089266668098148
2023-07-20 00:00:00+00:00,5.191,5.488,5.184,5.355,3840654.42,5.272,5.08865,55.565678563889314,0.06624563186669885,0.07336952427302429,-0.007123892406325438
2023-07-21 00:00:00+00:00,5.355,5.71,5.337,5.485,5401854.57,5.278700000000001,5.09155,59.40733564593782,0.07835596745526185,0.07436681290947181,0.003989154545790047
2023-07-22 00:00:00+00:00,5.486,5.518,5.266,5.314,2248518.21,5.2696,5.0901000000000005,52.92544096748256,0.07331015097957483,0.07415548052349241,-0.0008453295439175834
2023-07-23 00:00:00+00:00,5.315,5.493,5.275,5.391,2228062.7,5.2676,5.092416666666667,55.291012203028025,0.07466388278945413,0.07425716097668475,0.00040672181276937835
2023-07-24 00:00:00+00:00,5.391,5.416,5.1,5.209,3366607.8,5.26065,5.091816666666667,49.020630111573006,0.060355109902158866,0.07147675076177958,-0.01112164085962071
2023-07-25 00:00:00+00:00,5.21,5.256,5.129,5.175,1752052.61,5.259,5.09065,47.927144107871385,0.04574447462120279,0.06633029553366422,-0.02058582091246143
2023-07-26 00:00:00+00:00,5.176,5.295,5.117,5.235,1716359.24,5.2700499999999995,5.08895,50.04487796604173,0.03856241592961496,0.06077671961285437,-0.022214303683239414
2023-07-27 00:00:00+00:00,5.235,5.336,5.182,5.239,1624000.67,5.276050000000001,5.0845666666666665,50.19031239350829,0.03281507745695045,0.05518439118167359,-0.022369313724723144
2023-07-28 00:00:00+00:00,5.239,5.273,5.16,5.219,1745955.05,5.2806,5.080566666666667,49.41566066354464,0.026342774352078102,0.0494160678157545,-0.023073293463676398
2023-07-29 00:00:00+00:00,5.218,5.259,5.204,5.248,840163.33,5.288950000000001,5.077333333333333,50.606114268717306,0.023285069362765753,0.04418986812515675,-0.020904798762391
2023-07-30 00:00:00+00:00,5.248,5.276,5.1,5.184,1630741.35,5.291600000000001,5.07515,47.92552700936306,0.015518661529398514,0.0384556268060051,-0.02293696527660659
2023-07-31 00:00:00+00:00,5.183,5.261,5.046,5.109,2162179.25,5.2863500000000005,5.073533333333333,44.92251549614068,0.0032741122408124212,0.03141932389296657,-0.028145211652154146
2023-08-01 00:00:00+00:00,5.109,5.209,4.95,5.208,2583489.21,5.2894,5.072366666666667,49.427212708345714,0.0015409284706571214,0.02544364480850468,-0.02390271633784756
2023-08-02 00:00:00+00:00,5.207,5.22,5.012,5.061,1875088.24,5.2652,5.0677,43.710526328401585,-0.011561035206479886,0.01804270880550777,-0.029603744011987655
2023-08-03 00:00:00+00:00,5.06,5.075,4.929,4.979,1578703.36,5.2416,5.062116666666666,40.87082385390276,-0.028235667315843926,0.00878703358123743,-0.03702270089708136
2023-08-04 00:00:00+00:00,4.978,5.046,4.939,4.993,1321512.55,5.21965,5.0609166666666665,41.56878395256282,-0.03986125466858326,-0.000942624068726707,-0.03891863059985655
2023-08-05 00:00:00+00:00,4.993,4.996,4.929,4.974,694952.49,5.2028,5.057116666666667,40.86380233820019,-0.05003103103134432,-0.01076030546125023,-0.03927072557009409
2023-08-06 00:00:00+00:00,4.975,5.046,4.959,5.005,1124716.73,5.187849999999999,5.0568,42.575015584003765,-0.05495571586221004,-0.019599387541442193,-0.03535632832076785
2023-08-07 00:00:00+00:00,5.006,5.049,4.835,4.971,1664265.82,5.17735,5.055933333333334,41.16795769466289,-0.060900061916453474,-0.02785952241644445,-0.03304053950000903
2023-08-08 00:00:00+00:00,4.971,5.098,4.933,5.059,1388611.45,5.17065,5.057216666666666,46.13033585052302,-0.057843352278991844,-0.03385628838895393,-0.023987063890037914
2023-08-09 00:00:00+00:00,5.06,5.106,4.997,5.059,1393130.31,5.155849999999999,5.06625,46.13033585052302,-0.054789310799168156,-0.038042892870996776,-0.01674641792817138
2023-08-10 00:00:00+00:00,5.06,5.067,4.977,5.006,1155363.93,5.1319,5.074299999999999,43.56370559077425,-0.056000083875670015,-0.04163433107193143,-0.014365752803738585
2023-08-11 00:00:00+00:00,5.005,5.02,4.956,5.007,1022335.23,5.11655,5.082166666666667,43.62743696575636,-0.05623074558659713,-0.04455361397486458,-0.011677131611732554
2023-08-12 00:00:00+00:00,5.008,5.044,4.997,5.04,817443.05,5.099,5.08905,45.802503985627986,-0.05313817860129433,-0.04627052690015053,-0.006867651701143798
2023-08-13 00:00:00+00:00,5.039,5.045,4.968,4.987,1063886.17,5.087899999999999,5.096016666666666,42.93711036964997,-0.054337584198548505,-0.047883938359830125,-0.00645364583871838
2023-08-14 00:00:00+00:00,4.987,5.058,4.951,4.989,1470525.11,5.0786,5.106266666666667,43.08181582820081,-0.05449851355025981,-0.04920685339791607,-0.005291660152343738
2023-08-15 00:00:00+00:00,4.989,4.998,4.622,4.818,2154803.35,5.05775,5.112866666666666,34.92655733032913,-0.06764455775971712,-0.052894394270276285,-0.014750163489440832
2023-08-16 00:00:00+00:00,4.817,4.842,4.531,4.672,2433575.41,5.0294,5.115233333333334,29.748668796924193,-0.08882001054194522,-0.06007951752461008,-0.02874049301733514
2023-08-17 00:00:00+00:00,4.672,4.982,4.312,4.429,4837864.01,4.9899000000000004,5.11345,23.50323440750006,-0.12378288653324088,-0.07282019132633624,-0.050962695206904635
2023-08-18 00:00:00+00:00,4.429,4.56,4.365,4.51,2973054.24,4.953,5.1131166666666665,28.864242960567907,-0.14330328354598532,-0.08691680977026606,-0.05638647377571926
2023-08-19 00:00:00+00:00,4.511,4.553,4.454,4.517,992385.44,4.91965,5.1107,29.325205555532165,-0.15640555147852364,-0.10081455811191758,-0.055590993366606056
2023-08-20 00:00:00+00:00,4.517,4.533,4.466,4.519,1000903.19,4.89015,5.105666666666666,29.465840699280463,-0.16472891750568586,-0.11359742999067124,-0.05113148751501462
2023-08-21 00:00:00+00:00,4.521,4.537,4.362,4.427,1589298.11,4.851100000000001,5.099033333333334,26.82184651560776,-0.17671185194285588,-0.12622031438110817,-0.05049153756174771
2023-08-22 00:00:00+00:00,4.427,4.45,4.25,4.423,2514612.21,4.8192,5.087783333333333,26.709627530172853,-0.18440546892989396,-0.13785734529086532,-0.04654812363902863
2023-08-23 00:00:00+00:00,4.425,4.537,4.378,4.489,2111348.0,4.794700000000001,5.079133333333333,31.781284050919552,-0.18306678743620708,-0.1468992337199337,-0.03616755371627339
2023-08-24 00:00:00+00:00,4.489,4.517,4.368,4.424,1954030.49,4.76625,5.0663,29.608235007484325,-0.18511691689344723,-0.1545427703546364,-0.030574146538810826
2023-08-25 00:00:00+00:00,4.422,4.496,4.357,4.49,1865483.14,4.742050000000001,5.0573999999999995,34.50512835884514,-0.1793485919167157,-0.15950393466705226,-0.019844657249663444
2023-08-26 00:00:00+00:00,4.49,4.514,4.476,4.507,1360546.99,4.71715,5.047583333333333,35.7450522688316,-0.1714292650327609,-0.161889000740194,-0.009540264292566908
2023-08-27 00:00:00+00:00,4.505,4.544,4.461,4.489,1274702.18,4.69305,5.041083333333334,34.989722664518666,-0.16470695177572736,-0.1624525909473007,-0.0022543608284266714
2023-08-28 00:00:00+00:00,4.489,4.622,4.416,4.61,3101890.05,4.6706,5.034833333333333,43.61514875020573,-0.14791075817804344,-0.15954422439344923,0.011633466215405786
2023-08-29 00:00:00+00:00,4.61,4.806,4.54,4.678,4406290.23,4.65155,5.026466666666667,47.80622421185191,-0.12764125312939711,-0.15316363014063883,0.025522377011241715
2023-08-30 00:00:00+00:00,4.678,4.68,4.5,4.534,2107999.59,4.62795,5.01285,40.877058593827954,-0.12179316509265803,-0.14688953713104266,0.025096372038384634
2023-08-31 00:00:00+00:00,4.535,4.535,4.234,4.271,5159773.24,4.591150000000001,4.9924333333333335,31.80883530907903,-0.13680343041894272,-0.1448723157886227,0.008068885369679979
2023-09-01 00:00:00+00:00,4.271,4.295,4.136,4.218,3247599.73,4.55005,4.972216666666667,30.347755470130437,-0.1512325165814854,-0.14614435594719524,-0.005088160634290156
2023-09-02 00:00:00+00:00,4.218,4.274,4.201,4.261,1385184.88,4.51375,4.9541,33.03526256952061,-0.15738370925491374,-0.14839222660873896,-0.008991482646174775
2023-09-03 00:00:00+00:00,4.262,4.3,4.226,4.259,1249649.68,4.47725,4.938283333333333,32.97153902175039,-0.16056901736936702,-0.15082758476086458,-0.009741432608502437
2023-09-04 00:00:00+00:00,4.26,4.321,4.193,4.26,2592614.46,4.44935,4.925716666666667,33.04108712105909,-0.16115501070839056,-0.15289306995036978,-0.00826194075802078
2023-09-05 00:00:00+00:00,4.26,4.303,4.198,4.257,1833680.97,4.4286,4.91135,32.93069632379759,-0.16001691419955222,-0.15431783880020628,-0.005699075399345943
2023-09-06 00:00:00+00:00,4.257,4.289,4.171,4.272,2292602.88,4.42075,4.897083333333334,34.11595591580743,-0.15610510737126582,-0.1546752925144182,-0.001429814856847622
2023-09-07 00:00:00+00:00,4.273,4.31,4.235,4.294,2015368.19,4.40995,4.883966666666667,35.90503565150547,-0.1495063401141037,-0.15364150203435528,0.0041351619202515955
2023-09-08 00:00:00+00:00,4.294,4.332,4.204,4.253,1911730.39,4.39675,4.869333333333333,34.04935112344671,-0.1459032450822635,-0.15209385064393693,0.006190605561673446
2023-09-09 00:00:00+00:00,4.253,4.278,4.236,4.236,810888.38,4.382599999999999,4.853033333333332,33.28128498565803,-0.14277371769170788,-0.15022982405349114,0.00745610636178326
2023-09-10 00:00:00+00:00,4.236,4.238,4.103,4.149,2602755.63,4.3687,4.836399999999999,29.601228170366326,-0.14563492879378792,-0.1493108450015505,0.003675916207762586
2023-09-11 00:00:00+00:00,4.149,4.155,3.908,3.989,4954332.39,4.3469999999999995,4.810466666666668,24.283248876719227,-0.1589804938590209,-0.1512447747730446,-0.007735719085976311
2023-09-12 00:00:00+00:00,3.988,4.097,3.953,3.986,3322442.65,4.3218499999999995,4.78605,24.195476663536155,-0.16786399362398718,-0.15456861854323312,-0.013295375080754068
2023-09-13 00:00:00+00:00,3.987,4.1,3.95,3.998,2434240.08,4.300549999999999,4.76215,25.3576745840996,-0.1719537556207671,-0.15804564595873993,-0.013908109662027157
2023-09-14 00:00:00+00:00,3.999,4.088,3.973,4.058,2826450.26,4.27895,4.741266666666666,31.049808842566804,-0.16841207336045816,-0.16011893143908357,-0.008293141921374592
2023-09-15 00:00:00+00:00,4.059,4.172,4.046,4.139,2403258.06,4.26055,4.72185,37.93127887788008,-0.15725648670796044,-0.15954644249285893,0.0022899557848984897
2023-09-16 00:00:00+00:00,4.138,4.225,4.134,4.185,1814021.69,4.24535,4.70525,41.50190957406692,-0.1430547423311257,-0.1562481024605123,0.0131933601293866
2023-09-17 00:00:00+00:00,4.187,4.189,4.046,4.07,1800037.06,4.218349999999999,4.686533333333333,35.936106339850014,-0.1394715552286927,-0.15289279301414838,0.013421237785455675
2023-09-18 00:00:00+00:00,4.07,4.22,4.014,4.106,2979553.42,4.18975,4.6657166666666665,38.707244988541625,-0.132203000601673,-0.1487548345316533,0.016551833929980303
2023-09-19 00:00:00+00:00,4.106,4.17,4.079,4.152,2631215.34,4.17065,4.6434999999999995,42.15061494459187,-0.1213321614995726,-0.14327029992523718,0.021938138425664583
2023-09-20 00:00:00+00:00,4.154,4.168,4.065,4.138,1646018.87,4.164,4.623900000000001,41.38851957483975,-0.1125492287386729,-0.13712608568792434,0.024576856949251435
2023-09-21 00:00:00+00:00,4.139,4.166,4.001,4.012,1780734.04,4.1537,4.6009166666666665,35.21708648639181,-0.11443668337057566,-0.1325882052244546,0.018151521853878944
2023-09-22 00:00:00+00:00,4.012,4.038,3.976,4.019,1633445.47,4.1415999999999995,4.581083333333334,35.789910983527406,-0.1140529320608632,-0.12888115059173633,0.014828218530873127
2023-09-23 00:00:00+00:00,4.019,4.038,3.998,4.033,1005804.33,4.1303,4.562049999999999,36.98992354531231,-0.1113357145725038,-0.12537206338788984,0.01403634881538604
2023-09-24 00:00:00+00:00,4.033,4.058,3.971,3.993,1093945.04,4.11695,4.54135,34.9785139656604,-0.11112894059076872,-0.12252343882846563,0.011394498237696907
2023-09-25 00:00:00+00:00,3.99,4.09,3.947,4.068,2354682.85,4.1075,4.521833333333333,41.411537459798836,-0.10371760552712139,-0.11876227216819679,0.0150446666410754
2023-09-26 00:00:00+00:00,4.067,4.092,3.974,4.013,2176205.87,4.09455,4.501733333333333,38.41035322074231,-0.10111650135443906,-0.11523311800544525,0.014116616651006192
2023-09-27 00:00:00+00:00,4.013,4.075,3.967,3.993,2220464.79,4.0794999999999995,4.480816666666667,37.35032440741242,-0.09952171601852644,-0.1120908376080615,0.012569121589535062
2023-09-28 00:00:00+00:00,3.993,4.101,3.981,4.073,2423443.08,4.0705,4.4623,44.0068683310806,-0.09075632333633177,-0.10782393475371556,0.01706761141738379
2023-09-29 00:00:00+00:00,4.074,4.12,4.055,4.074,2088662.26,4.0624,4.445049999999999,44.086840468932955,-0.08277481826240418,-0.10281411145545329,0.020039293193049104
2023-09-30 00:00:00+00:00,4.074,4.119,4.071,4.103,1275233.11,4.0601,4.426633333333332,46.474368235894474,-0.07326480923568113,-0.09690425101149887,0.02363944177581774
2023-10-01 00:00:00+00:00,4.104,4.289,4.102,4.263,2265876.1,4.0738,4.413333333333333,57.306278988468094,-0.052215488098098284,-0.08796649842881876,0.03575101033072048
2023-10-02 00:00:00+00:00,4.264,4.31,4.058,4.12,3854026.25,4.0805,4.399016666666667,47.963881689948224,-0.04653621383818951,-0.07968044151069292,0.03314422767250341
2023-10-03 00:00:00+00:00,4.121,4.162,4.05,4.077,1564379.73,4.08445,4.383750000000001,45.558717579234674,-0.044986512194806316,-0.07274165564751561,0.027755143452709297
2023-10-04 00:00:00+00:00,4.076,4.076,3.958,4.042,2554470.06,4.0836500000000004,4.368216666666666,43.64047243586449,-0.04605171447198764,-0.06740366741241002,0.021351952940422386
2023-10-05 00:00:00+00:00,4.042,4.088,4.0,4.024,1725328.6,4.0779000000000005,4.351866666666666,42.645983635400725,-0.04779736623363107,-0.06348240717665424,0.01568504094302317
2023-10-06 00:00:00+00:00,4.024,4.094,3.998,4.068,1399327.65,4.07205,4.336816666666666,45.89190187895149,-0.0451103712749914,-0.05980799999632168,0.014697628721330278
2023-10-07 00:00:00+00:00,4.069,4.114,4.044,4.051,1027727.79,4.0711,4.320016666666667,44.83609983902709,-0.04384722284557352,-0.05661584456617205,0.012768621720598533
2023-10-08 00:00:00+00:00,4.052,4.072,4.0,4.012,1327658.78,4.0664,4.302566666666666,42.42471911438651,-0.04546900430006762,-0.05438647651295117,0.008917472212883554
2023-10-09 00:00:00+00:00,4.012,4.03,3.756,3.881,3725371.284,4.05285,4.283816666666667,35.51525631618357,-0.05667160795472803,-0.054843502801306544,-0.0018281051534214873
2023-10-10 00:00:00+00:00,3.88,3.895,3.77,3.811,1997871.04,4.0365,4.263883333333333,32.471953605900836,-0.07038679192399488,-0.05795216062584421,-0.012434631298150672
2023-10-11 00:00:00+00:00,3.812,3.823,3.7,3.74,2158166.14,4.0229,4.242216666666667,29.692719286641577,-0.08599399541075403,-0.06356052758282618,-0.02243346782792785
2023-10-12 00:00:00+00:00,3.739,3.741,3.621,3.676,2722797.38,4.00575,4.220366666666666,27.414946221326062,-0.10234728594413234,-0.07131787925508741,-0.031029406689044928
2023-10-13 00:00:00+00:00,3.676,3.776,3.667,3.721,1628293.29,3.99015,4.199233333333334,31.39971931657938,-0.11040359863046367,-0.07913502313016267,-0.031268575500301
2023-10-14 00:00:00+00:00,3.721,3.762,3.717,3.735,1024225.4,3.97725,4.181183333333333,32.63870706855876,-0.11434055473935079,-0.08617612945200029,-0.028164425287350497
2023-10-15 00:00:00+00:00,3.734,3.782,3.707,3.753,1572397.09,3.9615,4.165866666666667,34.28214627971019,-0.11468614081053774,-0.09187813172370779,-0.02280800908682995
2023-10-16 00:00:00+00:00,3.753,3.9,3.736,3.776,3758880.85,3.9496499999999997,4.154983333333333,36.41679139792402,-0.1118151767260196,-0.09586554072417015,-0.01594963600184944
2023-10-17 00:00:00+00:00,3.776,3.779,3.636,3.67,2232638.47,3.9335,4.140983333333334,31.360942038206105,-0.11674743931819487,-0.10004192044297511,-0.01670551887521976
2023-10-18 00:00:00+00:00,3.669,3.723,3.629,3.654,1660166.05,3.9125499999999995,4.1266,30.668811215593962,-0.12055764574433603,-0.1041450655032473,-0.01641258024108873
2023-10-19 00:00:00+00:00,3.653,3.66,3.562,3.649,2373829.06,3.8912999999999998,4.1121,30.44270265715339,-0.12256783430334295,-0.10782961926326644,-0.01473821504007651
2023-10-20 00:00:00+00:00,3.649,3.805,3.638,3.718,3760071.55,3.87205,4.1002833333333335,37.311371768370165,-0.11724171041876597,-0.10971203749436635,-0.0075296729243996136
2023-10-21 00:00:00+00:00,3.72,3.98,3.706,3.909,3652845.43,3.85435,4.091716666666667,51.568366098327516,-0.09649626623091967,-0.10706888324167703,0.01057261701075736
2023-10-22 00:00:00+00:00,3.909,3.973,3.795,3.967,3393543.88,3.8467,4.0830166666666665,54.92104786261334,-0.07451625991587374,-0.10055835857651638,0.026042098660642637
2023-10-23 00:00:00+00:00,3.967,4.368,3.918,4.357,8758003.44,3.8607,4.0819,69.97308365500906,-0.025335157989089474,-0.085513718459031,0.06017856046994152
2023-10-24 00:00:00+00:00,4.358,4.425,4.096,4.19,9440500.3,3.8680999999999996,4.0769,60.63642342798928,0.0001638268024262146,-0.06837820940673955,0.06854203620916577
2023-10-25 00:00:00+00:00,4.189,4.355,4.137,4.291,5030468.8,3.8814499999999996,4.0733,63.78382866650609,0.028196776974668936,-0.04906321213045786,0.0772599891051268
2023-10-26 00:00:00+00:00,4.292,4.451,4.15,4.234,5741821.06,3.8897500000000003,4.06905,60.82786656506611,0.045291575235261394,-0.030192254657314014,0.0754838298925754
2023-10-27 00:00:00+00:00,4.234,4.236,4.01,4.135,5100506.33,3.8939499999999994,4.061133333333333,55.97572948816241,0.05027135649087899,-0.014099532427675414,0.06437088891855441
2023-10-28 00:00:00+00:00,4.134,4.225,4.13,4.181,2924361.17,3.9024,4.05285,57.66551685651875,0.05726951722971485,0.00017427750380263896,0.05709523972591221
2023-10-29 00:00:00+00:00,4.181,4.355,4.126,4.315,3308326.4,3.9241,4.0492,62.215270284881306,0.07278922131592847,0.014697266266227806,0.05809195504970066
2023-10-30 00:00:00+00:00,4.315,4.532,4.233,4.525,6732331.76,3.9598,4.053433333333333,68.0164853393208,0.1008711635907007,0.03193204573112239,0.0689391178595783
2023-10-31 00:00:00+00:00,4.525,4.603,4.272,4.449,7122930.14,3.99525,4.057283333333333,64.17626566102342,0.1156604783234636,0.04867773224959064,0.06698274607387296
2023-11-01 00:00:00+00:00,4.448,4.804,4.322,4.727,8664657.37,4.0478000000000005,4.06505,70.69421681320492,0.14810611831838028,0.06856340946334857,0.0795427088550317
2023-11-02 00:00:00+00:00,4.728,4.795,4.51,4.629,7516552.17,4.0932,4.0712166666666665,66.12667142798495,0.16402100870393177,0.08765492931146521,0.07636607939246656
2023-11-03 00:00:00+00:00,4.63,4.646,4.456,4.61,4994752.05,4.136950000000001,4.07705,65.24649770839791,0.17310508511763878,0.10474496047269993,0.06836012464493885
2023-11-04 00:00:00+00:00,4.611,4.78,4.585,4.681,3730420.45,4.18335,4.084116666666667,67.01342388801851,0.18391334914413093,0.12057863820698614,0.0633347109371448
2023-11-05 00:00:00+00:00,4.682,4.91,4.653,4.762,8339719.52,4.2326500000000005,4.0922833333333335,68.95276460722106,0.196747022109113,0.13581231498741153,0.06093470712170146
2023-11-06 00:00:00+00:00,4.763,4.994,4.677,4.967,8062202.56,4.2975,4.1035,73.24067376798433,0.22091303913741367,0.15283245981741195,0.06808057932000172
2023-11-07 00:00:00+00:00,4.967,5.05,4.719,4.927,6434501.97,4.36115,4.114733333333334,71.17509615479446,0.23413811755973057,0.16909359136587568,0.0650445261938549
2023-11-08 00:00:00+00:00,4.927,5.094,4.86,5.033,7479657.7,4.43035,4.1280166666666664,73.32227644697477,0.2502872460380736,0.1853323223003153,0.06495492373775832
2023-11-09 00:00:00+00:00,5.032,5.265,4.457,5.09,11953209.53,4.49895,4.1437,74.42549499672597,0.2646344293639764,0.20119274371304752,0.06344168565092889
2023-11-10 00:00:00+00:00,5.093,5.317,4.964,5.3,8809057.17,4.568499999999999,4.16555,78.03018776558082,0.28961145984023595,0.21887648693848522,0.07073497290175074
2023-11-11 00:00:00+00:00,5.3,5.682,5.086,5.557,13408385.78,4.648,4.1917333333333335,81.47200600629563,0.32638136736619217,0.24037746302402663,0.08600390434216554
2023-11-12 00:00:00+00:00,5.557,5.859,5.344,5.709,12507667.74,4.7156,4.22025,83.1530462773938,0.36359560981682826,0.265021092382587,0.09857451743424128
2023-11-13 00:00:00+00:00,5.709,5.89,5.331,5.348,10036536.86,4.7735,4.241750000000001,67.4911354114218,0.3598108070665642,0.28397903531938246,0.07583177174718175
2023-11-14 00:00:00+00:00,5.349,5.522,5.0,5.197,8881631.37,4.8188,4.259383333333333,62.2127576878369,0.34069951366317763,0.2953231309881415,0.04537638267503613
2023-11-15 00:00:00+00:00,5.198,5.64,5.185,5.564,8603942.41,4.885299999999999,4.282366666666666,68.63360249695863,0.3511200158267558,0.3064825079558644,0.04463750787089138
2023-11-16 00:00:00+00:00,5.563,5.809,5.271,5.352,11216571.93,4.94615,4.303733333333333,62.07217385648697,0.3383711783101653,0.3128602420267246,0.0255109362834407
2023-11-17 00:00:00+00:00,5.352,5.486,5.05,5.244,6627256.73,4.9993,4.3227,58.97881547084851,0.31591130642896026,0.31347045490717174,0.002440851521788523
2023-11-18 00:00:00+00:00,5.243,5.29,4.991,5.289,5049686.4,5.048,4.3416500000000005,59.876058946164676,0.2983041554516186,0.3104371950160611,-0.012133039564442505
2023-11-19 00:00:00+00:00,5.29,5.481,5.176,5.434,5288348.36,5.09345,4.36325,62.706629107113194,0.29267685305681646,0.3068851266242122,-0.014208273567395735
2023-11-20 00:00:00+00:00,5.433,5.569,5.255,5.302,6191396.11,5.136100000000001,4.38475,58.65031741248504,0.27440273462149456,0.3003886482236687,-0.025985913602174115
2023-11-21 00:00:00+00:00,5.302,5.326,4.819,4.858,9809122.53,5.14265,4.398733333333334,47.516252100917455,0.22153950525340438,0.2846188196296158,-0.06307931437621145
2023-11-22 00:00:00+00:00,4.857,5.287,4.843,5.174,6324028.79,5.1699,4.41775,54.182796443139445,0.20280575568862336,0.2682562068414173,-0.06545045115279396
2023-11-23 00:00:00+00:00,5.174,5.219,5.082,5.139,3046432.52,5.19635,4.436850000000001,53.374124563626054,0.18302511707589098,0.2512099888883121,-0.06818487181242111
2023-11-24 00:00:00+00:00,5.139,5.294,5.118,5.242,5725071.98,5.2244,4.456416666666667,55.47994104352147,0.17365823363769906,0.23569963783818948,-0.062041404200490424
2023-11-25 00:00:00+00:00,5.242,5.389,5.213,5.328,3228936.41,5.2527,4.4783333333333335,57.21736943978517,0.17120089494808788,0.2227998892601692,-0.051598994312081314
2023-11-26 00:00:00+00:00,5.328,5.415,5.145,5.329,4327342.3,5.2707999999999995,4.5006,57.23826686191151,0.16740439432291687,0.21172079027271873,-0.04431639594980186
2023-11-27 00:00:00+00:00,5.329,5.377,5.037,5.156,6281479.69,5.2822499999999994,4.51865,52.46389191787643,0.14872161583512788,0.19912095538520058,-0.0503993395500727
2023-11-28 00:00:00+00:00,5.156,5.313,5.102,5.275,5448920.48,5.29435,4.538666666666667,55.230201184575776,0.1418821555858898,0.18767319542533845,-0.045791039839448655
2023-11-29 00:00:00+00:00,5.275,5.4,5.15,5.161,4978065.6,5.2979,4.556299999999999,52.102139964289385,0.12581269635260206,0.17530109561079119,-0.049488399258189125
2023-11-30 00:00:00+00:00,5.161,5.591,5.118,5.473,9449624.6,5.30655,4.576466666666667,58.95393784674338,0.13667779015726111,0.1675764345200852,-0.03089864436282408
2023-12-01 00:00:00+00:00,5.473,5.525,5.369,5.471,3790598.48,5.30225,4.598983333333334,58.895776738715504,0.143473202224647,0.16275578806099755,-0.019282585836350563
2023-12-02 00:00:00+00:00,5.47,5.604,5.45,5.562,3691046.39,5.2949,4.623733333333334,60.79117201194074,0.15442148002986755,0.16108892645477155,-0.006667446424903994
2023-12-03 00:00:00+00:00,5.562,5.624,5.43,5.541,4369800.25,5.304550000000001,4.648716666666667,60.1024121418432,0.15956418793960037,0.1607839787517373,-0.0012197908121369394
2023-12-04 00:00:00+00:00,5.54,5.721,5.421,5.632,8239235.76,5.3263,4.675516666666667,62.105983172592495,0.16903423900346937,0.1624340308020837,0.0066002082013856544
2023-12-05 00:00:00+00:00,5.633,5.946,5.511,5.907,11736819.83,5.34345,4.706166666666666,67.42907735110055,0.1964648005036116,0.16924018474238928,0.027224615761222315
2023-12-06 00:00:00+00:00,5.907,6.205,5.77,6.046,11202513.64,5.37815,4.739416666666667,69.74268980687,0.22680538514898085,0.1807532248237076,0.04605216032527326
2023-12-07 00:00:00+00:00,6.045,6.3,5.901,6.242,8281399.33,5.428050000000001,4.776583333333334,72.6886671482555,0.26362714935661824,0.19732800973028972,0.06629913962632852
2023-12-08 00:00:00+00:00,6.242,6.914,6.166,6.837,11355959.93,5.50545,4.82585,79.28300764586716,0.33693619938417996,0.22524964766106775,0.1116865517231122
2023-12-09 00:00:00+00:00,6.838,7.689,6.83,7.101,16985044.2,5.588800000000001,4.880683333333334,81.42593336274757,0.41159216508230667,0.26251815114531557,0.1490740139369911
2023-12-10 00:00:00+00:00,7.102,7.362,6.959,7.348,6780828.9,5.6911000000000005,4.940816666666667,83.17904206492933,0.48509650099870516,0.30703382111599353,0.17806267988271163
2023-12-11 00:00:00+00:00,7.348,7.361,6.285,6.709,12451395.17,5.78365,4.991366666666667,65.86036962328978,0.4861828439417666,0.34286362568114814,0.14331921826061844
2023-12-12 00:00:00+00:00,6.706,7.353,6.696,7.131,13610015.42,5.8815,5.0482,70.26372312213707,0.5151572397639175,0.377322348497702,0.13783489126621545
2023-12-13 00:00:00+00:00,7.133,7.648,6.613,7.603,11463964.93,6.004700000000001,5.112666666666667,74.26232591647901,0.5696396611087486,0.41578581101991136,0.15385385008883729
2023-12-14 00:00:00+00:00,7.602,7.769,6.955,7.507,12681742.91,6.1179499999999996,5.175233333333334,72.13762677883891,0.5981755791298129,0.4522637646418917,0.14591181448792118
2023-12-15 00:00:00+00:00,7.508,7.564,6.926,6.951,10696904.91,6.1991,5.228149999999999,61.21397776030916,0.5693626877887121,0.4756835492712558,0.09367913851745635
2023-12-16 00:00:00+00:00,6.951,7.352,6.859,7.092,6517746.9,6.28725,5.285183333333333,62.75429811455778,0.5515478847403994,0.4908564163650845,0.060691468375314916
2023-12-17 00:00:00+00:00,7.092,7.163,6.749,6.784,6649743.84,6.36865,5.33735,57.3925363046766,0.5067351714149071,0.494032167375049,0.012703004039858079
2023-12-18 00:00:00+00:00,6.785,6.886,6.368,6.885,7414872.74,6.44915,5.391283333333333,58.640479664647145,0.4739077160013174,0.49000727710030273,-0.016099561098985304
2023-12-19 00:00:00+00:00,6.884,7.049,6.612,6.706,5474784.2,6.5264,5.441083333333334,55.53592343533014,0.42850833964022783,0.4777074896082878,-0.04919914996805996
2023-12-20 00:00:00+00:00,6.706,7.136,6.618,6.951,8621839.76,6.6003,5.491783333333333,58.75458580146802,0.40759990129874524,0.4636859719463793,-0.056086070647634045
2023-12-21 00:00:00+00:00,6.952,8.435,6.915,8.42,27166695.07,6.747750000000001,5.566,71.89254819292807,0.5037588182528685,0.4717005412076771,0.032058277045191375
2023-12-22 00:00:00+00:00,8.422,8.58,7.841,7.954,16078478.66,6.867349999999999,5.6259500000000005,64.83709818633615,0.5361823706442435,0.4845969070949904,0.05158546354925303
2023-12-23 00:00:00+00:00,7.954,8.446,7.578,8.326,12748793.29,7.006600000000001,5.694883333333333,67.5729350068541,0.5851503120261556,0.5047075880812235,0.08044272394493213
2023-12-24 00:00:00+00:00,8.326,9.2,8.315,8.611,26401737.92,7.15555,5.766883333333334,69.52898100620575,0.6395821713763583,0.5316825047402505,0.10789966663610784
2023-12-25 00:00:00+00:00,8.612,9.4,8.499,9.191,19304116.18,7.319750000000001,5.8495,73.08694998366391,0.7212073355809174,0.5695874709083839,0.15161986467253352
2023-12-26 00:00:00+00:00,9.192,9.593,8.353,8.819,14922261.11,7.458399999999999,5.927566666666666,67.63227584888598,0.7472645743670432,0.6051228916001158,0.1421416827669274
2023-12-27 00:00:00+00:00,8.819,9.063,8.402,8.694,9947554.08,7.581,6.002783333333334,65.85374578236873,0.7491924443633868,0.63393680215277,0.1152556422106168
2023-12-28 00:00:00+00:00,8.695,8.912,8.263,8.426,9422637.54,7.66045,6.0713,62.0841284731573,0.7207861608065222,0.6513066738835206,0.06947948692300165
2023-12-29 00:00:00+00:00,8.427,8.686,8.049,8.291,11281188.12,7.71995,6.134066666666667,60.214307052153,0.6795472074693052,0.6569547806006776,0.022592426868627613
2023-12-30 00:00:00+00:00,8.291,8.489,8.095,8.346,4747990.66,7.76985,6.199016666666667,60.73317746376078,0.6438808228607229,0.6543399890526866,-0.010459166191963742
2023-12-31 00:00:00+00:00,8.346,8.648,8.025,8.202,6738987.99,7.844499999999999,6.2569333333333335,58.579110318271226,0.5971122215535907,0.6428944355528675,-0.045782213999276844
2024-01-01 00:00:00+00:00,8.203,8.63,8.061,8.595,5268802.23,7.917699999999999,6.323033333333333,62.48934336513556,0.5850158846713249,0.631318725376559,-0.04630284070523405
2024-01-02 00:00:00+00:00,8.594,8.806,8.317,8.411,6792266.31,7.9581,6.386383333333333,59.65008919513308,0.5541937872886802,0.6158937377589833,-0.06169995047030308
2024-01-03 00:00:00+00:00,8.408,8.575,6.5,7.626,14473959.94,7.96405,6.435466666666667,49.34841056520356,0.46110873905682315,0.5849367380185513,-0.12382799896172814
2024-01-04 00:00:00+00:00,7.626,7.999,7.469,7.879,7500909.27,8.01045,6.4874166666666655,52.212874480575614,0.40310639370073176,0.5485706691549874,-0.14546427545425566
2024-01-05 00:00:00+00:00,7.879,7.954,7.178,7.45,7631254.61,8.02835,6.5288,47.32558847295781,0.31884693345079285,0.5026259220141485,-0.18377898856335562
2024-01-06 00:00:00+00:00,7.448,7.448,6.943,7.133,4644445.49,8.0458,6.565566666666667,44.044847687088655,0.22391035424128702,0.44688280845957623,-0.2229724542182892
2024-01-07 00:00:00+00:00,7.132,7.327,6.817,6.899,4713975.33,8.0465,6.596666666666667,41.74438476370428,0.1283114918493249,0.383168545137526,-0.25485705328820113
2024-01-08 00:00:00+00:00,6.899,7.506,6.51,7.483,8524497.42,8.08535,6.63655,48.91556145493428,0.0985367536009285,0.32624218683020656,-0.22770543322927805
2024-01-09 00:00:00+00:00,7.483,7.527,6.908,7.129,6989170.94,8.09425,6.667033333333334,45.27718877190537,0.04584672501770104,0.2701630944677055,-0.22431636945000444
2024-01-10 00:00:00+00:00,7.128,8.091,6.8,7.991,9967541.16,8.072799999999999,6.7076,54.20881790640963,0.07280642655485625,0.23069176088513565,-0.1578853343302794
2024-01-11 00:00:00+00:00,7.99,8.58,7.85,8.148,12836225.08,8.0825,6.74825,55.629299583432676,0.10562321349644765,0.2056780514073981,-0.10005483791095043
2024-01-12 00:00:00+00:00,8.147,8.212,7.31,7.567,8688542.18,8.044550000000001,6.785233333333333,49.50866865749997,0.0837831096644015,0.18129906305879878,-0.09751595339439728
2024-01-13 00:00:00+00:00,7.566,7.753,7.37,7.617,4481440.54,7.99485,6.825566666666666,50.018330261032936,0.06970572791947305,0.15898039603093364,-0.08927466811146059
2024-01-14 00:00:00+00:00,7.618,7.699,7.316,7.319,3486216.3,7.90125,6.854816666666667,46.974909563182514,0.034109993185760246,0.13400631546189898,-0.09989632227613873
2024-01-15 00:00:00+00:00,7.319,7.692,7.308,7.509,4209668.41,7.83575,6.890766666666666,49.101386949420686,0.020989574312499926,0.11140296723201917,-0.09041339291951925
2024-01-16 00:00:00+00:00,7.509,7.688,7.339,7.493,4432209.01,7.775699999999999,6.92825,48.92345761321607,0.009194493151825966,0.09096127241598054,-0.08176677926415457
2024-01-17 00:00:00+00:00,7.492,7.597,7.255,7.35,4237892.42,7.7219,6.962599999999999,47.27460276580774,-0.011558855257840506,0.07045724688121634,-0.08201610213905684
2024-01-18 00:00:00+00:00,7.349,7.39,6.82,7.017,6630266.6,7.658200000000001,6.9889833333333335,43.590357040638686,-0.054250978880707734,0.045515601728831526,-0.09976658060953926
2024-01-19 00:00:00+00:00,7.018,7.052,6.571,6.894,6152238.35,7.5855999999999995,7.015516666666667,42.279673381462196,-0.096892944922776,0.01703389239851002,-0.11392683732128603
2024-01-20 00:00:00+00:00,6.894,6.951,6.778,6.913,3231059.21,7.5211500000000004,7.049766666666667,42.566951468830325,-0.12768203005633083,-0.01190929209245815,-0.11577273796387268
2024-01-21 00:00:00+00:00,6.913,6.977,6.801,6.817,2659737.77,7.432250000000001,7.0771500000000005,41.444561981633626,-0.158007586442376,-0.04112895096244173,-0.11687863547993427
2024-01-22 00:00:00+00:00,6.815,6.848,6.293,6.341,8335532.94,7.328750000000001,7.097183333333334,36.32950036006882,-0.21793777920702873,-0.07649071661135914,-0.14144706259566958
2024-01-23 00:00:00+00:00,6.342,6.455,5.979,6.361,7491685.08,7.2655,7.115833333333334,36.683099086579425,-0.2608125709262641,-0.11335508747434014,-0.14745748345192394
2024-01-24 00:00:00+00:00,6.362,6.542,6.26,6.462,4831265.54,7.19465,7.134733333333333,38.53938719262779,-0.28337472887237336,-0.1473590157539468,-0.13601571311842656
2024-01-25 00:00:00+00:00,6.461,6.579,6.346,6.438,3968963.16,7.14405,7.153216666666666,38.25240232448866,-0.29973682152106473,-0.1778345769073704,-0.12190224461369434
2024-01-26 00:00:00+00:00,6.438,6.73,6.361,6.672,5226941.0,7.121,7.178483333333333,42.73024487376669,-0.29047365397777636,-0.2003623923214516,-0.09011126165632477
2024-01-27 00:00:00+00:00,6.671,6.753,6.53,6.669,3827612.45,7.1095,7.201716666666667,42.6875043736953,-0.28014526169767606,-0.2163189661966965,-0.06382629550097957
2024-01-28 00:00:00+00:00,6.669,6.875,6.567,6.872,5140566.57,7.078950000000001,7.2302333333333335,46.58116500826537,-0.2526669456754007,-0.22358856209243735,-0.029078383582963357
2024-01-29 00:00:00+00:00,6.871,7.298,6.705,7.032,9464149.78,7.074099999999999,7.256216666666666,49.49364805056274,-0.21549542234540908,-0.2219699341430317,0.006474511797622623
2024-01-30 00:00:00+00:00,7.031,7.087,6.822,6.836,5806026.21,7.01635,7.278966666666666,46.17260758679897,-0.19955197332794672,-0.21748634198001474,0.017934368652068017
2024-01-31 00:00:00+00:00,6.838,6.888,6.584,6.654,5331313.42,6.94165,7.297166666666667,43.26922781827773,-0.19930508907405997,-0.2138500913988238,0.014545002324763828
2024-02-01 00:00:00+00:00,6.653,6.816,6.53,6.791,3801576.85,6.902849999999999,7.318,46.02079301033792,-0.18591160324467282,-0.2082623937679936,0.022350790523320785
2024-02-02 00:00:00+00:00,6.791,7.028,6.763,6.947,3879893.39,6.86935,7.339916666666666,49.05108689994146,-0.16085503624734976,-0.19878092226386485,0.03792588601651509
2024-02-03 00:00:00+00:00,6.947,7.01,6.813,6.825,2228612.1,6.84465,7.355216666666666,46.83664668614276,-0.14912291069392314,-0.18884931994987653,0.03972640925595339
2024-02-04 00:00:00+00:00,6.826,6.826,6.647,6.666,1847358.83,6.8025,7.36555,44.045764800988465,-0.15091542872820174,-0.1812625417055416,0.030347112977339857
2024-02-05 00:00:00+00:00,6.666,6.976,6.592,6.737,4053934.37,6.7647,7.3738,45.60447278928294,-0.14493617159006433,-0.17399726768244614,0.029061096092381805
2024-02-06 00:00:00+00:00,6.737,6.832,6.639,6.807,3262058.56,6.737550000000001,7.3732999999999995,47.167118308799274,-0.13301582857197847,-0.1658009798603526,0.03278515128837414
2024-02-07 00:00:00+00:00,6.806,6.966,6.671,6.941,3978510.79,6.733750000000001,7.370633333333333,50.121085811265665,-0.11147121989886966,-0.15493502786805602,0.04346380796918636
2024-02-08 00:00:00+00:00,6.941,7.11,6.87,7.013,5636725.94,6.739700000000001,7.365049999999999,51.68424276112471,-0.08757762370314026,-0.14146354703507288,0.05388592333193262
2024-02-09 00:00:00+00:00,7.014,7.329,6.96,7.196,6703902.0,6.75385,7.373166666666666,55.5013608955442,-0.053261243507590095,-0.12382308632957634,0.07056184282198624
2024-02-10 00:00:00+00:00,7.197,7.29,7.059,7.2,3362657.29,6.773000000000001,7.374316666666667,55.58396092874807,-0.025449136590763644,-0.1041482963818138,0.07869915979105016
2024-02-11 00:00:00+00:00,7.2,7.342,7.077,7.099,4140070.61,6.810899999999999,7.365916666666666,52.91314982229704,-0.011425985740363132,-0.08560383425352368,0.07417784851316055
2024-02-12 00:00:00+00:00,7.099,7.377,6.978,7.34,6638724.11,6.85985,7.363133333333334,58.088155264098354,0.0189160952477323,-0.06469984835327248,0.08361594360100479
2024-02-13 00:00:00+00:00,7.34,7.45,7.111,7.353,5806068.65,6.904400000000001,7.369833333333334,58.35404099526778,0.04350984992219242,-0.043057908698179506,0.08656775862037193
2024-02-14 00:00:00+00:00,7.354,7.71,7.273,7.649,6998063.16,6.964949999999999,7.379116666666666,63.96029224953192,0.08589515800135938,-0.017267295358271727,0.10316245335963112
2024-02-15 00:00:00+00:00,7.648,7.95,7.526,7.781,8076847.34,7.0203999999999995,7.395733333333333,66.14876484913154,0.12865407278701557,0.011916978270785732,0.11673709451622984
2024-02-16 00:00:00+00:00,7.781,7.868,7.537,7.647,5128123.74,7.069300000000001,7.408433333333334,62.03079866208362,0.14999904508019934,0.03953339163266846,0.11046565344753088
2024-02-17 00:00:00+00:00,7.647,7.709,7.34,7.704,3946834.47,7.110899999999999,7.425066666666666,63.08357334914926,0.16955993169075434,0.06553869964428563,0.10402123204646871
2024-02-18 00:00:00+00:00,7.704,7.92,7.676,7.86,4114553.53,7.152299999999999,7.440216666666667,65.8725343202554,0.1953975501840306,0.09151046975223463,0.10388708043179597
2024-02-19 00:00:00+00:00,7.86,8.148,7.651,8.029,8186553.0,7.21195,7.4337,68.63685940489584,0.2268954273490298,0.11858746127159367,0.10830796607743612
2024-02-20 00:00:00+00:00,8.029,8.117,7.399,7.731,9552318.01,7.2658000000000005,7.429983333333333,59.48687280813692,0.22521546869084919,0.1399130627554448,0.08530240593540439
2024-02-21 00:00:00+00:00,7.731,7.732,7.225,7.466,6514766.28,7.299550000000001,7.415649999999999,52.75218043297578,0.20019310257756295,0.15196907071986843,0.04822403185769453
2024-02-22 00:00:00+00:00,7.466,7.687,7.274,7.48,5384307.43,7.3262,7.3968,53.05456307313318,0.17942409092097122,0.157460074760089,0.021964016160882227
2024-02-23 00:00:00+00:00,7.481,7.646,7.269,7.563,6638489.31,7.3631,7.369666666666666,54.89749986419442,0.16772843687753358,0.15951374718357794,0.00821468969395564
2024-02-24 00:00:00+00:00,7.564,7.891,7.431,7.819,6116096.37,7.42075,7.353,60.100258650366385,0.17707539240615056,0.16302607622809245,0.014049316178058102
2024-02-25 00:00:00+00:00,7.819,7.95,7.677,7.923,4176758.99,7.48005,7.3401499999999995,62.017154970870486,0.19067684881852998,0.16855623074617995,0.022120618072350023
2024-02-26 00:00:00+00:00,7.924,8.117,7.583,8.109,7572230.28,7.545150000000001,7.334866666666667,65.23411809245405,0.21399791183314498,0.17764456696357298,0.03635334486957201
2024-02-27 00:00:00+00:00,8.109,8.449,7.987,8.371,10449184.54,7.61665,7.3362,69.19226081662568,0.2507309622083218,0.19226184601252277,0.05846911619579903
2024-02-28 00:00:00+00:00,8.371,8.715,7.713,8.342,15023729.48,7.6831000000000005,7.336133333333334,68.26580901369545,0.27433969441441963,0.20867741569290216,0.06566227872151748
2024-02-29 00:00:00+00:00,8.342,8.899,8.029,8.261,11567082.87,7.73635,7.337116666666666,65.6228402092654,0.2832486476309981,0.22359166208052136,0.05965698555047674
2024-03-01 00:00:00+00:00,8.263,8.673,8.263,8.661,7440771.13,7.809399999999999,7.338216666666667,71.49244008955759,0.3189095238248303,0.24265523442938317,0.07625428939544712
2024-03-02 00:00:00+00:00,8.661,9.467,8.576,9.463,12812343.11,7.9276,7.3557500000000005,79.171338560829,0.4071918681496296,0.2755625611734325,0.13162930697619712
2024-03-03 00:00:00+00:00,9.463,9.9,8.576,9.781,15549955.02,8.04965,7.391666666666667,81.31993431802553,0.4970861052343043,0.31986726998560683,0.17721883524869747
2024-03-04 00:00:00+00:00,9.781,10.31,9.5,9.862,20642389.86,8.175099999999999,7.424716666666667,81.8339731027661,0.5683128026056696,0.3695563765096194,0.1987564260960502
2024-03-05 00:00:00+00:00,9.862,10.762,8.17,9.32,31707926.36,8.25865,7.4558833333333325,68.2918874544837,0.5744042287216313,0.4105259469520218,0.1638782817696095
2024-03-06 00:00:00+00:00,9.32,10.56,8.924,10.544,17135241.23,8.3968,7.512733333333333,77.39101569948292,0.6702718220749144,0.46247512197660035,0.20779670009831408
2024-03-07 00:00:00+00:00,10.544,11.0,10.209,10.402,11994126.73,8.53455,7.571116666666667,74.71238045407644,0.7264156992368918,0.5152632374286586,0.2111524618082331
2024-03-08 00:00:00+00:00,10.404,10.7,9.946,10.637,12982892.21,8.6812,7.623683333333333,76.18164180919482,0.7808712645434319,0.5683848428516133,0.21248642169181864
2024-03-09 00:00:00+00:00,10.637,10.95,10.409,10.493,9384527.61,8.812850000000001,7.679749999999999,73.36857214539766,0.8031498839198559,0.6153378510652618,0.18781203285459402
2024-03-10 00:00:00+00:00,10.494,10.574,9.963,10.261,7587844.77,8.92445,7.717583333333334,68.95102625265925,0.7929448149535787,0.6508592438429253,0.14208557111065345
2024-03-11 00:00:00+00:00,10.262,11.249,9.791,11.043,14996657.84,9.09005,7.765833333333334,74.51998639794873,0.838294748783948,0.6883463448311299,0.14994840395281817
2024-03-12 00:00:00+00:00,11.043,11.15,10.02,10.736,12039946.94,9.25355,7.818650000000001,69.26741295993448,0.8397820787218855,0.718633491609281,0.12114858711260446
2024-03-13 00:00:00+00:00,10.736,11.46,10.638,11.374,11969881.19,9.44825,7.881266666666666,73.45487703573508,0.8822717864656031,0.7513611505805455,0.13091063588505758
2024-03-14 00:00:00+00:00,11.374,11.889,10.675,11.558,20155350.19,9.648,7.951916666666666,74.53262684191749,0.9201851268748946,0.7851259458394154,0.1350591810354792
2024-03-15 00:00:00+00:00,11.557,11.706,9.975,10.81,20216540.26,9.79755,8.006933333333333,63.28408615996982,0.8797333550944231,0.804047427690417,0.07568592740400604
2024-03-16 00:00:00+00:00,10.811,10.899,9.502,9.682,13825011.98,9.8855,8.043416666666667,50.82654041869239,0.748032014182721,0.7928443449888779,-0.044812330806156875
2024-03-17 00:00:00+00:00,9.684,10.252,9.19,10.083,9420189.81,9.9842,8.088966666666668,54.27268604005297,0.6683112255575132,0.767937721102605,-0.09962649554509184
2024-03-18 00:00:00+00:00,10.083,10.456,9.602,9.902,9838197.4,10.06075,8.13705,52.484738450445086,0.5837970894487867,0.7311095947718413,-0.14731250532305462
2024-03-19 00:00:00+00:00,9.901,9.994,8.6,8.766,15363075.8,10.08195,8.16825,42.92640050890614,0.4203082695408238,0.6689493297256379,-0.24864106018481413
2024-03-20 00:00:00+00:00,8.766,9.567,8.488,9.483,12729562.23,10.143049999999999,8.211083333333333,49.213149656051755,0.3446254816409571,0.6040845601087018,-0.25945907846774474
2024-03-21 00:00:00+00:00,9.483,9.583,9.067,9.179,7536093.12,10.168949999999999,8.250449999999999,46.85647519729722,0.25715178192863064,0.5346980044726877,-0.27754622254405703
2024-03-22 00:00:00+00:00,9.179,9.367,8.694,8.936,6104700.92,10.1426,8.2937,45.00139871359336,0.1663031364910097,0.4610190308763521,-0.2947158943853424
2024-03-23 00:00:00+00:00,8.939,9.224,8.852,8.968,3464506.12,10.101949999999999,8.33715,45.30847102460904,0.09578293694311846,0.3879718120897054,-0.2921888751465869
2024-03-24 00:00:00+00:00,8.967,9.43,8.952,9.37,3551552.34,10.07735,8.385616666666667,49.14947874420922,0.0715089009788965,0.32467922986754366,-0.25317032888864716
2024-03-25 00:00:00+00:00,9.372,9.832,9.287,9.735,6350466.97,10.0981,8.440566666666667,52.41707046230632,0.08079267450004579,0.27590191879404413,-0.19510924429399834
2024-03-26 00:00:00+00:00,9.737,10.057,9.525,9.689,8244078.96,10.05535,8.49085,51.96387706408339,0.08347605632430621,0.23741674630009654,-0.15394068997579033
2024-03-27 00:00:00+00:00,9.689,9.814,9.304,9.445,7078224.52,10.0075,8.537116666666666,49.5182362403925,0.06516273944787976,0.2029659449296532,-0.13780320548177344
2024-03-28 00:00:00+00:00,9.448,9.659,9.3,9.522,5433742.81,9.95175,8.581283333333333,50.31296655414728,0.05621455398118691,0.17361566673995996,-0.11740111275877305
2024-03-29 00:00:00+00:00,9.524,9.81,9.344,9.601,6430200.46,9.90715,8.6241,51.16246010699097,0.05486523996618686,0.14986558138520534,-0.09500034141901847
2024-03-30 00:00:00+00:00,9.601,9.699,9.387,9.429,3097586.67,9.86555,8.667316666666666,49.190560374245756,0.039462042490432836,0.12778487360625085,-0.08832283111581801
2024-03-31 00:00:00+00:00,9.429,9.649,9.414,9.647,2347041.29,9.795750000000002,8.7172,51.72991970829283,0.044334613784466015,0.11109482164189388,-0.06676020785742787
2024-04-01 00:00:00+00:00,9.647,9.747,8.923,9.143,6554213.02,9.7161,8.756400000000001,46.00530343271978,0.007441789427549139,0.09036421519902493,-0.0829224257714758
2024-04-02 00:00:00+00:00,9.143,9.143,8.37,8.582,8040640.57,9.5765,8.78365,40.617247733044096,-0.06629978850938478,0.059031414457342994,-0.12533120296672778
2024-04-03 00:00:00+00:00,8.582,8.78,8.284,8.416,5456340.4,9.4194,8.810166666666667,39.15590737050974,-0.13656114115502227,0.019912903334869943,-0.15647404448989222
2024-04-04 00:00:00+00:00,8.416,8.711,8.263,8.486,5143837.32,9.3032,8.840499999999999,40.13403496452109,-0.1844689115622309,-0.020963459644550226,-0.16350545191768065
2024-04-05 00:00:00+00:00,8.486,8.511,8.076,8.379,4594358.61,9.23805,8.867866666666666,39.099329313407566,-0.22843689223383556,-0.0624581461624073,-0.16597874607142826
2024-04-06 00:00:00+00:00,8.379,8.555,8.329,8.494,3135750.79,9.1586,8.895983333333334,40.863964553400045,-0.25110768173741427,-0.1001880532774087,-0.15091962846000556
2024-04-07 00:00:00+00:00,8.495,8.741,8.458,8.704,3777830.16,9.098700000000001,8.925366666666667,44.05200302028154,-0.24925593355090037,-0.13000162933210704,-0.11925430421879332
2024-04-08 00:00:00+00:00,8.704,9.096,8.57,9.043,5282323.07,9.11255,8.959200000000001,48.84618447128617,-0.21792187518767037,-0.1475856785032197,-0.07033619668445065
2024-04-09 00:00:00+00:00,9.043,9.137,8.632,8.659,6315720.0,9.07135,8.983583333333334,44.223451871621464,-0.22152143772146005,-0.16237283034686778,-0.059148607374592266
2024-04-10 00:00:00+00:00,8.657,8.701,8.122,8.408,6364196.82,9.0328,9.003716666666666,41.46135563824381,-0.2418399389918484,-0.1782662520758639,-0.0635736869159845
2024-04-11 00:00:00+00:00,8.408,8.528,8.183,8.384,4548223.43,9.0052,9.025133333333335,41.19640335138269,-0.25691751190749024,-0.19399650404218918,-0.06292100786530105
2024-04-12 00:00:00+00:00,8.382,8.49,6.503,7.24,18112289.17,8.918800000000001,9.023466666666668,31.02050951366796,-0.357061849526211,-0.22660957313899355,-0.13045227638721746
2024-04-13 00:00:00+00:00,7.24,7.334,5.693,6.388,21049661.8,8.7697,9.007383333333333,25.891152753051074,-0.49941924396223314,-0.2811715073036415,-0.21824773665859165
2024-04-14 00:00:00+00:00,6.389,6.929,6.193,6.855,15785330.1,8.6257,8.99415,32.481367773966866,-0.5680078664524224,-0.3385387791333977,-0.2294690873190247
2024-04-15 00:00:00+00:00,6.855,7.206,6.429,6.708,9782724.46,8.476650000000001,8.976266666666668,31.53087103215863,-0.6269988628028296,-0.39623079586728405,-0.23076806693554552
2024-04-16 00:00:00+00:00,6.708,6.821,6.371,6.702,5720075.35,8.339500000000001,8.960516666666669,31.490365660050244,-0.6665502261793277,-0.4502946819296928,-0.2162555442496349
2024-04-17 00:00:00+00:00,6.7,6.779,6.326,6.583,4881081.63,8.19255,8.941833333333333,30.649398553858333,-0.699434625107588,-0.5001226705652719,-0.1993119545423161
2024-04-18 00:00:00+00:00,6.58,6.829,6.445,6.784,3726348.91,8.0517,8.9239,33.86220665075852,-0.7011938023293585,-0.5403368969180893,-0.16085690541126918
2024-04-19 00:00:00+00:00,6.783,6.917,6.274,6.682,7702126.65,7.914349999999999,8.90145,33.02606438916254,-0.7027180146560514,-0.5728131204656818,-0.12990489419036966
2024-04-20 00:00:00+00:00,6.681,7.283,6.608,7.241,3963964.15,7.79405,8.893283333333333,41.54495835716437,-0.6513114230070958,-0.5885127809739646,-0.06279864203313112
2024-04-21 00:00:00+00:00,7.241,7.288,6.962,7.14,2994106.76,7.693899999999999,8.887849999999998,40.54156290388167,-0.6116702309971496,-0.5931442709786017,-0.018525960018547893
2024-04-22 00:00:00+00:00,7.139,7.583,7.089,7.466,5143305.97,7.6381,8.887616666666668,45.14665017534294,-0.5476360181005004,-0.5840426204029814,0.03640660230248094
2024-04-23 00:00:00+00:00,7.467,7.543,7.205,7.242,4802056.52,7.5794000000000015,8.882266666666665,42.69949123230883,-0.5090948425478485,-0.5690530648319548,0.0599582222841063
2024-04-24 00:00:00+00:00,7.243,7.5,6.857,6.931,6094306.22,7.50165,8.867466666666667,39.49829669063892,-0.49790623101744824,-0.5548236980690535,0.056917467051605275
2024-04-25 00:00:00+00:00,6.932,7.001,6.703,6.862,4296277.37,7.4258,8.849783333333333,38.803223468911334,-0.488970353254115,-0.5416530291060658,0.052682675851950855
2024-04-26 00:00:00+00:00,6.863,6.951,6.714,6.764,4650325.63,7.3393,8.827366666666666,37.786163280254804,-0.48421466152211146,-0.530165355589275,0.04595069406716357
2024-04-27 00:00:00+00:00,6.765,6.866,6.511,6.807,3888055.62,7.244449999999999,8.8013,38.5472726620493,-0.47154037698538964,-0.518440359868498,0.04689998288310837
2024-04-28 00:00:00+00:00,6.808,6.951,6.69,6.728,2445507.2,7.1287,8.774399999999998,37.63628978684572,-0.4625386967701761,-0.5072600272488337,0.04472133047865756
2024-04-29 00:00:00+00:00,6.726,6.826,6.47,6.587,3658934.18,7.025099999999999,8.7465,36.00095280872386,-0.4614628652993371,-0.4981005948589344,0.036637729559597265
2024-04-30 00:00:00+00:00,6.588,6.669,6.04,6.425,7667235.19,6.92595,8.709233333333334,34.16419365254053,-0.4682842182461231,-0.49213731953637213,0.023853101290249035
2024-05-01 00:00:00+00:00,6.423,6.935,6.129,6.899,9928379.44,6.851699999999999,8.666500000000001,43.282303379679284,-0.4304800449907997,-0.47980586462725766,0.049325819636457935
2024-05-02 00:00:00+00:00,6.9,7.409,6.694,7.273,5866303.67,6.853350000000001,8.624699999999999,49.25430360926228,-0.3661208773977025,-0.45706886718134665,0.09094798978364416
2024-05-03 00:00:00+00:00,7.272,7.386,7.002,7.245,6917886.48,6.8962,8.581083333333334,48.839688401657995,-0.3137583286863288,-0.4284067594823431,0.11464843079601428
2024-05-04 00:00:00+00:00,7.244,7.28,7.105,7.122,3557671.87,6.9095499999999985,8.544450000000001,46.96923747911395,-0.27896991213255884,-0.3985193900123863,0.11954947787982745
2024-05-05 00:00:00+00:00,7.122,7.4,7.014,7.302,4163778.64,6.9392499999999995,8.490416666666667,49.98780848141938,-0.23417591156043027,-0.3656506943219951,0.13147478276156482
2024-05-06 00:00:00+00:00,7.303,7.473,7.06,7.121,4753151.15,6.960199999999999,8.435733333333333,47.08545031720353,-0.21085097194910052,-0.3346907498474162,0.12383977789831568
2024-05-07 00:00:00+00:00,7.119,7.295,6.979,6.993,3682848.45,6.980700000000001,8.375,45.09157326722378,-0.20038441274422159,-0.3078294824267773,0.10744506968255574
2024-05-08 00:00:00+00:00,6.992,7.189,6.893,6.983,3774626.84,6.99065,8.3165,44.93149321702674,-0.19069825481738967,-0.28440323690489977,0.0937049820875101
2024-05-09 00:00:00+00:00,6.982,7.089,6.782,7.05,3379414.81,7.00905,8.262983333333333,46.30686488090141,-0.17559145581696534,-0.2626408806873129,0.08704942487034756
2024-05-10 00:00:00+00:00,7.049,7.149,6.69,6.746,4044018.42,6.9843,8.191366666666665,41.2702645555897,-0.18600531465347814,-0.24731376748054595,0.061308452827067816
2024-05-11 00:00:00+00:00,6.745,6.809,6.635,6.659,2377967.87,6.96025,8.123416666666666,39.93169719257542,-0.19898477311908191,-0.23764796860825316,0.03866319548917124
2024-05-12 00:00:00+00:00,6.659,6.793,6.586,6.617,1576234.91,6.9178,8.044133333333333,39.26952138741422,-0.21023665911784217,-0.23216570671017098,0.021929047592328804
2024-05-13 00:00:00+00:00,6.616,6.826,6.431,6.669,3606786.8,6.889149999999999,7.96265,40.58324263035135,-0.21250823180498646,-0.22823421172913408,0.01572597992414762
2024-05-14 00:00:00+00:00,6.671,6.698,6.469,6.485,2744202.98,6.8668499999999995,7.890566666666667,37.492649641746056,-0.22654427044243608,-0.2278962234717945,0.0013519530293584214
2024-05-15 00:00:00+00:00,6.485,7.029,6.461,6.961,4442558.01,6.8718,7.845216666666667,48.43319783853229,-0.1969879557516352,-0.22171456992776264,0.024726614176127454
2024-05-16 00:00:00+00:00,6.961,7.066,6.812,7.025,3415709.35,6.88485,7.79425,49.7077761907507,-0.16648100884856643,-0.21066785771192342,0.044186848863357
2024-05-17 00:00:00+00:00,7.025,7.299,6.999,7.199,4256397.78,6.90445,7.7492,53.10173867788595,-0.12680199336783193,-0.19389468484310513,0.06709269147527319
2024-05-18 00:00:00+00:00,7.198,7.232,7.063,7.157,1889934.65,6.9259,7.722383333333334,52.18626235407349,-0.09761983601548607,-0.17463971507758133,0.07701987906209526
2024-05-19 00:00:00+00:00,7.157,7.18,6.889,6.931,1874582.61,6.943100000000001,7.679850000000001,47.44620408394274,-0.09167233568512412,-0.1580462391990899,0.06637390351396577
2024-05-20 00:00:00+00:00,6.93,7.584,6.851,7.575,4828245.07,7.0006,7.653116666666667,58.90169096576451,-0.034594694848684604,-0.13335593032900883,0.09876123548032423
2024-05-21 00:00:00+00:00,7.574,7.671,7.428,7.61,4957810.67,7.036150000000001,7.6310166666666674,59.41941064391968,0.01331051885335377,-0.10402264049253632,0.11733315934589009
2024-05-22 00:00:00+00:00,7.609,7.701,7.38,7.467,4310060.98,7.04585,7.606,56.29891608895799,0.039283999459185814,-0.0753613125021919,0.11464531196137771
2024-05-23 00:00:00+00:00,7.466,7.604,6.895,7.2,8045710.66,7.0436000000000005,7.569833333333333,50.92169550879828,0.03788676632177079,-0.052711696737399366,0.09059846305917016
2024-05-24 00:00:00+00:00,7.199,7.386,7.017,7.244,3827983.04,7.049700000000001,7.528316666666666,51.73973379506955,0.039870281483946,-0.03419530109313029,0.0740655825770763
2024-05-25 00:00:00+00:00,7.244,7.438,7.22,7.425,2016462.27,7.0558499999999995,7.490583333333333,55.058254967206686,0.05540870183626101,-0.016274500507252036,0.07168320234351305
2024-05-26 00:00:00+00:00,7.426,7.64,7.367,7.557,2927564.39,7.077650000000001,7.4591166666666675,57.36098025964771,0.07748115422811708,0.002476630439821787,0.0750045237882953
2024-05-27 00:00:00+00:00,7.556,7.775,7.38,7.64,3611626.96,7.109999999999999,7.42775,58.7907807148259,0.10051249266358031,0.02208380288457349,0.07842868977900683
2024-05-28 00:00:00+00:00,7.64,7.667,7.277,7.37,4935005.61,7.1293500000000005,7.3905666666666665,52.610464318136955,0.09587308553850438,0.03684165941535967,0.05903142612314471
2024-05-29 00:00:00+00:00,7.371,7.562,7.145,7.178,4221424.57,7.13575,7.35305,48.69061903627185,0.0758294123147163,0.044639209995230994,0.0311902023194853
2024-05-30 00:00:00+00:00,7.178,7.243,6.923,6.998,4211075.5,7.148349999999999,7.3088999999999995,45.28418993804828,0.04490255252611064,0.04469187850140692,0.0002106740247037192
2024-05-31 00:00:00+00:00,6.997,7.054,6.803,6.984,2478066.66,7.1646,7.272916666666666,45.02037258618105,0.019043587705680487,0.03956222034226164,-0.02051863263658115
2024-06-01 00:00:00+00:00,6.984,7.135,6.959,7.062,1506527.64,7.1868500000000015,7.247583333333334,46.87727197435963,0.004788916262826959,0.0326075595263747,-0.027818643263547743
2024-06-02 00:00:00+00:00,7.061,7.125,6.917,6.988,1812466.32,7.202800000000001,7.2237833333333334,45.31363029501353,-0.012336982061490254,0.023618651208801713,-0.03595563327029197
2024-06-03 00:00:00+00:00,6.989,7.191,6.932,7.009,3867604.77,7.229000000000001,7.199166666666667,45.8654808077985,-0.023938902605483925,0.014107140445944587,-0.038046043051428516
2024-06-04 00:00:00+00:00,7.009,7.236,6.941,7.177,2889356.19,7.2398,7.179133333333334,50.195461380951855,-0.019354208984903032,0.007414870559775064,-0.026769079544678095
2024-06-05 00:00:00+00:00,7.178,7.298,7.148,7.251,2836358.18,7.251099999999999,7.158416666666667,52.016061945808865,-0.009638517869235308,0.00400419287397299,-0.013642710743208298
2024-06-06 00:00:00+00:00,7.25,7.288,7.056,7.144,2433999.18,7.24835,7.132416666666667,49.21465050118044,-0.010452281036513078,0.0011128980918757763,-0.011565179128388853
2024-06-07 00:00:00+00:00,7.145,7.291,6.053,6.659,8416185.59,7.22345,7.092683333333333,38.96971360726924,-0.04966018914721282,-0.009041719355941943,-0.04061846979127087
2024-06-08 00:00:00+00:00,6.659,6.683,6.338,6.384,3615115.34,7.1960999999999995,7.054766666666667,34.574801300854304,-0.10175002952856183,-0.02758338139046592,-0.0741666481380959
2024-06-09 00:00:00+00:00,6.384,6.54,6.375,6.527,2659717.39,7.1437,7.023416666666666,38.46130688210845,-0.12999420612900803,-0.04806554633817435,-0.08192865979083368
2024-06-10 00:00:00+00:00,6.527,6.582,6.357,6.506,2942181.04,7.088499999999999,6.992116666666666,38.10333805405029,-0.15231663274042262,-0.068915763618624,-0.08340086912179862
2024-06-11 00:00:00+00:00,6.506,6.527,6.217,6.378,5420734.07,7.034050000000001,6.97775,35.90949369805996,-0.17828073754719664,-0.09078875840433853,-0.08749197914285811
2024-06-12 00:00:00+00:00,6.378,6.931,6.276,6.738,7033186.82,7.010949999999999,6.983583333333333,45.4265271370964,-0.16787334686820543,-0.1062056760971119,-0.06166767077109353
2024-06-13 00:00:00+00:00,6.737,6.743,6.336,6.359,3581239.76,6.9667,6.975316666666666,38.88071511375173,-0.18803993996166657,-0.12257252887002285,-0.06546741109164372
2024-06-14 00:00:00+00:00,6.36,6.488,6.0,6.163,5069082.95,6.9036,6.966233333333333,35.992265957428984,-0.21733239962222228,-0.14152450302046274,-0.07580789660175954
2024-06-15 00:00:00+00:00,6.162,6.258,6.109,6.223,1928449.76,6.8369,6.9582500000000005,37.52241790524934,-0.23301928511556547,-0.15982345943948328,-0.07319582567608218
2024-06-16 00:00:00+00:00,6.223,6.428,6.149,6.396,3423193.06,6.7747,6.955133333333333,41.839680140784445,-0.22885351978852064,-0.17362947150929076,-0.05522404827922989
2024-06-17 00:00:00+00:00,6.397,6.418,5.987,6.069,4149733.54,6.709649999999999,6.943216666666666,36.68023855753176,-0.24906719630108043,-0.18871701646764868,-0.060350179833431744
2024-06-18 00:00:00+00:00,6.069,6.089,5.46,5.771,10700166.19,6.6393,6.9280333333333335,32.72032954085287,-0.2858378295083437,-0.2081411790757877,-0.077696650432556
2024-06-19 00:00:00+00:00,5.771,5.993,5.73,5.799,4114058.81,6.57935,6.904,33.44734706424775,-0.3091557007732,-0.22834408341527015,-0.08081161735792983
2024-06-20 00:00:00+00:00,5.798,5.972,5.6,5.642,3352117.74,6.51225,6.879033333333334,31.398558958310502,-0.3364257628664822,-0.24996041930551255,-0.08646534356096963
2024-06-21 00:00:00+00:00,5.643,5.737,5.549,5.611,3503011.61,6.4397,6.848116666666667,30.994847022515458,-0.3564302187758468,-0.2712543791995794,-0.0851758395762674
2024-06-22 00:00:00+00:00,5.612,5.805,5.541,5.751,2939866.91,6.3778500000000005,6.823266666666666,35.056022734555256,-0.35687325153929983,-0.2883781536675235,-0.06849509787177632
2024-06-23 00:00:00+00:00,5.752,5.83,5.587,5.652,1702329.17,6.3100000000000005,6.801950000000001,33.5522448884917,-0.3610508612367145,-0.3029126951813617,-0.05813816605535277
2024-06-24 00:00:00+00:00,5.651,5.74,5.389,5.729,5455119.88,6.2376,6.7830666666666675,35.856926928717954,-0.3540669273958086,-0.31314354162425106,-0.04092338577155752
2024-06-25 00:00:00+00:00,5.727,5.976,5.705,5.842,3888721.25,6.16715,6.7677000000000005,39.19024210996199,-0.3355459886042631,-0.3176240310202535,-0.017921957584009607
2024-06-26 00:00:00+00:00,5.841,5.949,5.757,5.799,2681962.98,6.0999,6.7509,38.37304361147687,-0.32064159509403023,-0.31822754383500884,-0.002414051259021388
2024-06-27 00:00:00+00:00,5.799,6.38,5.706,6.287,6316840.04,6.0813,6.74355,50.88900917407792,-0.26638155351086645,-0.3078583457701804,0.041476792259313944
2024-06-28 00:00:00+00:00,6.286,6.442,6.159,6.19,3765151.4,6.0716,6.736933333333334,48.768829962010024,-0.22857232943846384,-0.29200114250383713,0.06342881306537329
2024-06-29 00:00:00+00:00,6.189,6.305,6.063,6.08,1478576.61,6.04925,6.731183333333333,46.407573950586425,-0.20511983388956168,-0.274624880780982,0.06950504689142034
2024-06-30 00:00:00+00:00,6.08,6.26,6.023,6.215,1831777.53,6.0347,6.719783333333334,49.63080555117065,-0.17363859283113925,-0.2544276231910135,0.08078903035987423
2024-07-01 00:00:00+00:00,6.216,6.45,6.195,6.329,3174108.21,6.03225,6.70405,52.242859692198756,-0.1379009983513928,-0.23112229822308936,0.09322129987169656
2024-07-02 00:00:00+00:00,6.33,6.611,6.314,6.531,5472083.79,6.0219,6.69215,56.543229635999346,-0.0922159770541402,-0.20334103398929954,0.11112505693515934
2024-07-03 00:00:00+00:00,6.531,6.545,5.998,6.081,4570764.83,6.008,6.6748,46.49823326874785,-0.09126941077219897,-0.18092670934587943,0.08965729857368046
2024-07-04 00:00:00+00:00,6.082,6.134,5.539,5.556,6705156.48,5.97765,6.6457,38.013495047831455,-0.13136803364791927,-0.17101497420628742,0.03964694055836815
2024-07-05 00:00:00+00:00,5.556,5.918,4.915,5.687,20535452.4,5.950850000000001,6.6217999999999995,40.91087995719025,-0.15083711956310886,-0.16697940327765173,0.016142283714542877
2024-07-06 00:00:00+00:00,5.686,6.312,5.631,6.24,11542351.46,5.94305,6.60925,51.26648149155812,-0.12025777525662651,-0.1576350776734467,0.03737730241682019
2024-07-07 00:00:00+00:00,6.24,6.313,5.882,5.911,5276684.6,5.93515,6.591383333333334,46.09112181980697,-0.12117415478565885,-0.15034289309588914,0.029168738310230286
2024-07-08 00:00:00+00:00,5.909,6.293,5.695,5.944,6138945.03,5.9438,6.5729500000000005,46.672635414438986,-0.11787873527381088,-0.1438500615314735,0.02597132625766263
2024-07-09 00:00:00+00:00,5.943,6.2,5.84,6.117,4353640.81,5.9597,6.5624666666666664,49.73383852750529,-0.10015293667878744,-0.1351106365609363,0.03495769988214886
2024-07-10 00:00:00+00:00,6.117,6.26,6.05,6.097,4110238.98,5.98245,6.553100000000001,49.38092377690227,-0.0867193003245239,-0.12543236931365384,0.038713068989129934
2024-07-11 00:00:00+00:00,6.096,6.248,5.895,5.903,2350422.86,5.99705,6.5412,45.973093358108095,-0.09068190089796957,-0.118482275630517,0.027800374732547428
2024-07-12 00:00:00+00:00,5.902,6.104,5.801,6.103,2711128.45,6.0146500000000005,6.531766666666667,49.81794968371302,-0.07679867455639044,-0.1101455554156917,0.03334688085930125
2024-07-13 00:00:00+00:00,6.102,6.306,6.074,6.232,2003082.88,6.04365,6.527550000000001,52.18173601331596,-0.05475570606020863,-0.09906758554459509,0.04431187948438646
2024-07-14 00:00:00+00:00,6.233,6.357,6.159,6.32,2826709.6,6.0732,6.516866666666667,53.781134715560945,-0.029841634377327786,-0.08522239531114163,0.05538076093381385
2024-07-15 00:00:00+00:00,6.32,6.543,6.295,6.484,5049392.8,6.105300000000001,6.50785,56.688577901633316,0.0031006341420489747,-0.06755778942050351,0.07065842356255249
2024-07-16 00:00:00+00:00,6.486,6.513,6.126,6.337,4558393.8,6.132199999999999,6.493483333333333,53.443359861523206,0.01714827319122403,-0.050616576898158,0.06776485008938203
2024-07-17 00:00:00+00:00,6.335,6.535,6.246,6.255,3182801.28,6.1306,6.47845,51.66655780345551,0.021417525743242294,-0.03620975636987794,0.05762728211312024
2024-07-18 00:00:00+00:00,6.254,6.407,6.02,6.093,3370663.16,6.125749999999999,6.464483333333333,48.25338023671572,0.01159523044076849,-0.026648759007748657,0.038243989448517146
2024-07-19 00:00:00+00:00,6.092,6.48,5.978,6.338,2757057.53,6.13865,6.443866666666667,53.280124428856006,0.02331172009904936,-0.016656663186389056,0.03996838328543842
2024-07-20 00:00:00+00:00,6.337,6.397,6.224,6.333,1720991.41,6.144550000000001,6.422583333333333,53.166614876209024,0.031826784986887624,-0.006959973551733721,0.038786758538621346
2024-07-21 00:00:00+00:00,6.332,6.445,6.1,6.43,2339766.13,6.1496,6.4052999999999995,55.16232156530825,0.045873325454716785,0.0036066862495563803,0.042266639205160404
2024-07-22 00:00:00+00:00,6.43,6.476,6.08,6.096,2585309.02,6.1278500000000005,6.3869,47.63520535813234,0.029711802169344104,0.008827709433513926,0.020884092735830178
2024-07-23 00:00:00+00:00,6.095,6.165,5.799,5.917,2986487.42,6.11965,6.364783333333334,44.15758146032308,0.002431841735854867,0.007548535893982114,-0.005116694158127247
2024-07-24 00:00:00+00:00,5.917,5.997,5.654,5.748,2358741.13,6.129250000000001,6.336833333333334,41.10630625257939,-0.032450541415578016,-0.00045127956792991204,-0.031999261847648106
2024-07-25 00:00:00+00:00,5.747,5.779,5.54,5.755,2972357.49,6.13265,6.3068,41.28727532293898,-0.05885183258646709,-0.012131390171637349,-0.04672044241482974
2024-07-26 00:00:00+00:00,5.755,5.891,5.726,5.867,2528303.82,6.114,6.2772499999999996,44.23961285898688,-0.06993145578204629,-0.02369140329371914,-0.04624005248832715
2024-07-27 00:00:00+00:00,5.867,5.942,5.715,5.825,2061613.39,6.1097,6.251500000000001,43.35911136533195,-0.08116555992921448,-0.03518623462081821,-0.04597932530839627
2024-07-28 00:00:00+00:00,5.825,5.844,5.67,5.718,1204090.29,6.0984,6.227166666666666,41.1140500327906,-0.09757785736726188,-0.04766455917010695,-0.049913298197154926
2024-07-29 00:00:00+00:00,5.72,5.88,5.622,5.649,2552750.24,6.075,6.2046833333333336,39.68697809882694,-0.11482877009089254,-0.06109740135426407,-0.05373136873662847
2024-07-30 00:00:00+00:00,5.65,5.726,5.481,5.519,1921244.42,6.0461,6.180266666666666,37.07586410915767,-0.13740622285053483,-0.07635916565351823,-0.0610470571970166
2024-07-31 00:00:00+00:00,5.519,5.559,5.335,5.389,2644241.77,6.0204,6.152383333333333,34.62271680571391,-0.1638995978291664,-0.09386725208864788,-0.07003234574051853
2024-08-01 00:00:00+00:00,5.389,5.422,5.026,5.34,4408677.71,5.98225,6.124916666666667,33.717149757079156,-0.18669754577163555,-0.11243331082524542,-0.07426423494639013
2024-08-02 00:00:00+00:00,5.341,5.369,5.0,5.122,3554684.74,5.92675,6.093466666666667,29.96239873691877,-0.2198218919285937,-0.1339110270459151,-0.0859108648826786
2024-08-03 00:00:00+00:00,5.123,5.209,4.854,5.045,3126943.96,5.863,6.057933333333334,28.74478841713642,-0.24941137234297983,-0.15701109610532804,-0.09240027623765179
2024-08-04 00:00:00+00:00,5.044,5.097,4.534,4.688,4876624.24,5.7732,6.015216666666666,23.896130946973017,-0.29823035133039966,-0.18525494715034238,-0.11297540418005728
2024-08-05 00:00:00+00:00,4.688,4.726,3.59,4.2,21997702.93,5.66635,5.96615,19.142746630359028,-0.37200897758743245,-0.2226057532377604,-0.14940322434967204
2024-08-06 00:00:00+00:00,4.199,4.604,4.194,4.509,5497287.59,5.5790500000000005,5.930316666666667,28.80049047240908,-0.4009237534003516,-0.25826935327027867,-0.1426544001300729
2024-08-07 00:00:00+00:00,4.509,4.641,4.403,4.579,5243270.78,5.503349999999999,5.900233333333333,30.816458910592047,-0.41342480278767635,-0.28930044317375825,-0.1241243596139181
2024-08-08 00:00:00+00:00,4.579,4.904,4.48,4.879,4847719.81,5.430400000000001,5.872766666666667,38.812537724089616,-0.3945760545550945,-0.3103555654500255,-0.08422048910506896
2024-08-09 00:00:00+00:00,4.879,4.924,4.73,4.783,2737150.09,5.3529,5.844049999999999,37.325853648663305,-0.38297004320985106,-0.32487846100199064,-0.058091582207860426
2024-08-10 00:00:00+00:00,4.783,4.832,4.723,4.754,1189116.19,5.2691,5.816983333333334,36.86645524706601,-0.37182607371474763,-0.33426798354454207,-0.03755809017020556
2024-08-11 00:00:00+00:00,4.753,4.829,4.466,4.495,1800885.03,5.18905,5.7796,32.9642558563681,-0.3795186779711228,-0.34331812242985826,-0.036200555541264556
2024-08-12 00:00:00+00:00,4.495,4.68,4.45,4.588,2055574.69,5.1226,5.750083333333334,35.60016652160289,-0.3738018445198934,-0.3494148668478653,-0.024386977672028076
2024-08-13 00:00:00+00:00,4.587,4.65,4.398,4.547,2199766.63,5.06255,5.72315,34.947743933010116,-0.36833364914334865,-0.353198623306962,-0.01513502583638665
2024-08-14 00:00:00+00:00,4.546,4.554,4.343,4.383,2361315.25,4.99395,5.692483333333333,32.39067938185103,-0.3729345371059596,-0.3571458060667615,-0.01578873103919809
2024-08-15 00:00:00+00:00,4.383,4.481,4.227,4.277,2334737.9,4.91445,5.657166666666667,30.82098273869987,-0.38074509562816505,-0.3618656639790422,-0.01887943164912287
2024-08-16 00:00:00+00:00,4.278,4.387,4.211,4.292,1920753.49,4.8378,5.627549999999999,31.328142216464684,-0.3813289224403986,-0.3657583156713135,-0.015570606769085116
2024-08-17 00:00:00+00:00,4.293,4.384,4.275,4.369,859646.82,4.7703500000000005,5.604183333333334,34.00286862786315,-0.3712982577213175,-0.3668663040813143,-0.004431953640003206
2024-08-18 00:00:00+00:00,4.37,4.529,4.346,4.39,2034044.35,4.707400000000001,5.580699999999999,34.74931548623894,-0.357532941970228,-0.3649996316590971,0.007466689688869099
2024-08-19 00:00:00+00:00,4.391,4.504,4.344,4.481,1876212.07,4.6555,5.56135,38.02066916259422,-0.33541444168694934,-0.35908259366466755,0.02366815197771821
2024-08-20 00:00:00+00:00,4.481,4.604,4.455,4.524,2015995.76,4.61225,5.543233333333333,39.56258287307659,-0.3108325461181476,-0.3494325841553636,0.03860003803721601
2024-08-21 00:00:00+00:00,4.524,4.749,4.492,4.663,2872074.59,4.5784,5.5251,44.37960135250132,-0.27694265590192835,-0.33493459850467655,0.0579919426027482
2024-08-22 00:00:00+00:00,4.664,4.72,4.591,4.689,3039748.99,4.55675,5.509049999999999,45.25848714323119,-0.24516063187609394,-0.3169798051789601,0.07181917330286613
2024-08-23 00:00:00+00:00,4.69,4.953,4.684,4.891,3604290.98,4.549049999999999,5.495083333333333,51.6507001715553,-0.2013523722333339,-0.2938543185898349,0.092501946356501
2024-08-24 00:00:00+00:00,4.892,5.1,4.845,4.981,3274573.09,4.5637,5.480733333333333,54.215920957931765,-0.15755556057894005,-0.26659456698765593,0.10903900640871589
2024-08-25 00:00:00+00:00,4.982,4.995,4.744,4.819,3038021.47,4.59465,5.4644,49.159964656915726,-0.134369391213486,-0.24014953183282198,0.10578014061933597
2024-08-26 00:00:00+00:00,4.823,4.866,4.53,4.558,2919726.61,4.597099999999999,5.435583333333333,42.31351047980423,-0.13549282671105445,-0.2192181908084685,0.08372536409741405
2024-08-27 00:00:00+00:00,4.557,4.658,4.24,4.378,4020085.47,4.58705,5.405383333333333,38.34705287068521,-0.1491879077793925,-0.20521213420265333,0.056024226423260826
2024-08-28 00:00:00+00:00,4.378,4.453,4.165,4.254,3363625.7,4.5558,5.37495,35.853657822971215,-0.16810926294371065,-0.19779155995086478,0.029682297007154135
2024-08-29 00:00:00+00:00,4.255,4.403,4.179,4.252,2528160.83,4.529249999999999,5.342233333333334,35.81320998213553,-0.18117745558876042,-0.19446873907844392,0.013291283489683503
2024-08-30 00:00:00+00:00,4.252,4.335,4.101,4.277,2493943.55,4.5054,5.308033333333333,36.773398283618484,-0.18735706571706157,-0.19304640440616747,0.0056893386891058995
2024-08-31 00:00:00+00:00,4.277,4.318,4.218,4.258,1087944.03,4.49355,5.27015,36.32860547591542,-0.19157918686354236,-0.19275296089764246,0.0011737740341001002
2024-09-01 00:00:00+00:00,4.259,4.259,4.032,4.068,2516218.02,4.46755,5.2366,32.14183339395804,-0.20786057309666983,-0.19577448333744796,-0.012086089759221874
2024-09-02 00:00:00+00:00,4.068,4.234,4.051,4.208,2199151.08,4.4506,5.214133333333334,37.827579782472064,-0.20707977230385932,-0.19803554113073024,-0.00904423117312908
2024-09-03 00:00:00+00:00,4.209,4.285,4.056,4.062,2045219.35,4.43455,5.18705,34.57411617665062,-0.2157548739926387,-0.20157940770311195,-0.014175466289526761
2024-09-04 00:00:00+00:00,4.063,4.197,3.868,4.111,4271469.46,4.42625,5.151566666666667,36.546629742730744,-0.21618402917339097,-0.20450033199716777,-0.011683697176223196
2024-09-05 00:00:00+00:00,4.111,4.127,3.973,4.021,1907467.81,4.412699999999999,5.120066666666667,34.48982750672607,-0.22123611338425508,-0.20784748827458524,-0.013388625109669844
2024-09-06 00:00:00+00:00,4.022,4.096,3.818,3.959,3968575.54,4.3922,5.086983333333333,33.10751679371958,-0.2276189586960795,-0.21180178235888408,-0.015817176337195427
2024-09-07 00:00:00+00:00,3.96,4.133,3.935,4.079,1686608.94,4.37665,5.053016666666667,38.26480843908035,-0.22045316560766803,-0.2135320590086409,-0.006921106599027144
2024-09-08 00:00:00+00:00,4.08,4.208,4.059,4.161,1503933.15,4.36065,5.0207500000000005,41.57938306827662,-0.2057853429246368,-0.21198271579184008,0.006197372867203288
2024-09-09 00:00:00+00:00,4.162,4.341,4.111,4.286,2798131.43,4.34875,4.993800000000001,46.311516507531586,-0.1819768169715541,-0.2059815360277829,0.024004719056228807
2024-09-10 00:00:00+00:00,4.286,4.289,4.197,4.251,1848659.47,4.32815,4.962933333333334,45.2073300490728,-0.16404162635906339,-0.19759355409403903,0.033551927734975645
2024-09-11 00:00:00+00:00,4.25,4.257,4.058,4.191,2947171.99,4.30325,4.928916666666666,43.30133154690228,-0.1529067433850715,-0.18865619195224553,0.03574944856717405
2024-09-12 00:00:00+00:00,4.192,4.3,4.189,4.294,2205112.48,4.2734000000000005,4.89515,47.40111477342916,-0.13422378101644572,-0.1777697097650856,0.043545928748639884
2024-09-13 00:00:00+00:00,4.294,4.472,4.27,4.42,3251739.87,4.24535,4.8607499999999995,51.97584770911185,-0.10800523464767675,-0.16381681474160384,0.05581158009392709
2024-09-14 00:00:00+00:00,4.42,4.445,4.344,4.437,1857961.23,4.22625,4.829083333333333,52.57516675315975,-0.08487668424881001,-0.14802878864304506,0.06315210439423505
2024-09-15 00:00:00+00:00,4.437,4.558,4.355,4.393,2920077.53,4.218,4.798050000000001,50.80783728872076,-0.06929874095341493,-0.13228277910511904,0.06298403815170411
2024-09-16 00:00:00+00:00,4.393,4.393,4.148,4.196,3152928.3,4.2089,4.7664333333333335,43.721383094218396,-0.07201917009857883,-0.120230057303811,0.04821088720523217
2024-09-17 00:00:00+00:00,4.195,4.288,4.127,4.157,3322360.31,4.20405,4.730083333333334,42.45883081437353,-0.07644094028241355,-0.11147223389953152,0.03503129361711797
2024-09-18 00:00:00+00:00,4.158,4.178,3.973,4.176,4814848.56,4.20025,4.694133333333334,43.31760181833818,-0.07751849879929296,-0.10468148687948381,0.027162988080190853
2024-09-19 00:00:00+00:00,4.177,4.352,4.177,4.255,4658192.56,4.1991499999999995,4.657883333333333,46.86827561356751,-0.07117734380483398,-0.09798065826455385,0.026803314459719868
2024-09-20 00:00:00+00:00,4.255,4.404,4.19,4.34,4540903.46,4.20325,4.628616666666667,50.463796338400854,-0.0586174378256441,-0.0901080141767719,0.0314905763511278
2024-09-21 00:00:00+00:00,4.339,4.477,4.282,4.462,2465166.54,4.22295,4.604366666666666,55.154640288045144,-0.03837685692655679,-0.07976178272672887,0.041384925800172084
2024-09-22 00:00:00+00:00,4.46,4.483,4.234,4.311,2410272.28,4.2280999999999995,4.580416666666666,48.97321428775442,-0.034127092895345434,-0.07063484476045219,0.036507751865106755
2024-09-23 00:00:00+00:00,4.31,4.462,4.233,4.458,3549403.67,4.2479,4.5588,54.33837849553818,-0.018682097225360295,-0.06024429525343381,0.04156219802807352
2024-09-24 00:00:00+00:00,4.458,4.684,4.401,4.635,4816662.23,4.2741,4.538266666666668,59.816960935579395,0.0077512423705004,-0.04664518772864697,0.054396430099147366
2024-09-25 00:00:00+00:00,4.636,4.773,4.59,4.637,3965799.79,4.3049,4.518466666666667,59.87554337447125,0.028532334733405662,-0.03160968323623645,0.06014201796964211
2024-09-26 00:00:00+00:00,4.637,4.878,4.564,4.814,3813731.87,4.34765,4.5034,64.77060147755583,0.05860832066179622,-0.013566082456629915,0.07217440311842613
2024-09-27 00:00:00+00:00,4.814,4.964,4.809,4.882,4302233.12,4.3878,4.490616666666667,66.4633360925825,0.08692872763518711,0.00653287956173349,0.08039584807345362
2024-09-28 00:00:00+00:00,4.883,4.93,4.746,4.794,2346081.15,4.419449999999999,4.478533333333333,62.29200736958163,0.10110649688630335,0.025447603026647465,0.07565889385965589
2024-09-29 00:00:00+00:00,4.794,4.858,4.682,4.767,2288995.53,4.4435,4.468166666666666,61.02646620229448,0.10890837881368842,0.04213975818405566,0.06676862062963276
2024-09-30 00:00:00+00:00,4.767,4.771,4.399,4.432,4303691.53,4.4525500000000005,4.453033333333333,47.99706733238828,0.08705619651960284,0.0511230458511651,0.03593315066843773
2024-10-01 00:00:00+00:00,4.432,4.563,4.051,4.154,8519076.94,4.450699999999999,4.4369,40.30638789820602,0.04676680929182009,0.0502517985392961,-0.0034849892474760127
2024-10-02 00:00:00+00:00,4.154,4.27,4.004,4.102,4868593.35,4.4411000000000005,4.4211833333333335,39.046096811486365,0.010519946827980853,0.042305428197033056,-0.0317854813690522
2024-10-03 00:00:00+00:00,4.102,4.173,3.989,4.129,4867140.66,4.42655,4.411866666666667,40.093505081548024,-0.015844631419506428,0.030675416273725158,-0.046520047693231585
2024-10-04 00:00:00+00:00,4.129,4.212,4.106,4.194,3025511.57,4.4144,4.411766666666667,42.64851967894176,-0.031134889232557583,0.018313355172468612,-0.049448244405026195
2024-10-05 00:00:00+00:00,4.194,4.234,4.075,4.139,1785207.19,4.4017,4.405600000000001,41.053013346394536,-0.047147086787141745,0.005221266780546541,-0.052368353567688285
2024-10-06 00:00:00+00:00,4.139,4.195,4.097,4.191,1577602.61,4.40145,4.399133333333333,43.21596186125307,-0.055006818924923984,-0.006824350360547565,-0.04818246856437642
2024-10-07 00:00:00+00:00,4.19,4.272,4.126,4.131,3779052.3,4.40015,4.386666666666667,41.331454443282496,-0.06532419517048194,-0.01852431932253444,-0.046799875847947495
2024-10-08 00:00:00+00:00,4.13,4.184,4.045,4.104,3238080.04,4.3965499999999995,4.37535,40.476093424156005,-0.07481702048913252,-0.02978285955585406,-0.045034160933278465
2024-10-09 00:00:00+00:00,4.105,4.15,3.951,4.024,3076173.21,4.385,4.363183333333334,37.9687925137862,-0.08778357000671733,-0.041383001646026714,-0.04640056836069061
2024-10-10 00:00:00+00:00,4.024,4.077,3.962,4.073,2490257.83,4.371650000000001,4.3561499999999995,40.40389110887161,-0.09303333307597406,-0.05171306793201619,-0.04132026514395787
2024-10-11 00:00:00+00:00,4.073,4.196,4.053,4.171,2347729.65,4.3571,4.3492,45.04999316046285,-0.08826852256811524,-0.05902415885923601,-0.02924436370887923
2024-10-12 00:00:00+00:00,4.172,4.263,4.152,4.205,2311858.57,4.3518,4.343500000000001,46.6052667101736,-0.08081724912101063,-0.06338277691159094,-0.017434472209419682
2024-10-13 00:00:00+00:00,4.205,4.216,4.086,4.162,1965193.65,4.337000000000001,4.339816666666667,44.875365678271564,-0.0774885619573702,-0.0662039339207468,-0.01128462803662339
2024-10-14 00:00:00+00:00,4.163,4.4,4.134,4.378,4101366.34,4.32415,4.341499999999999,54.09327709630239,-0.05676678640799526,-0.0643165044181965,0.0075497180102012396
2024-10-15 00:00:00+00:00,4.379,4.535,4.291,4.406,6569159.09,4.3126,4.3434,55.14047895596087,-0.03765124389600061,-0.05898345231375733,0.021332208417756723
2024-10-16 00:00:00+00:00,4.407,4.411,4.287,4.314,3164327.04,4.287599999999999,4.342483333333333,51.022094591744924,-0.02958463658436994,-0.05310368916787986,0.02351905258350992
2024-10-17 00:00:00+00:00,4.313,4.35,4.146,4.193,2710997.96,4.25315,4.3392,46.140915158773474,-0.03257991989765685,-0.04899893531383526,0.016419015416178406
2024-10-18 00:00:00+00:00,4.193,4.312,4.173,4.31,2869979.62,4.22895,4.3363499999999995,51.02032770975387,-0.025222037366499528,-0.04424355572436812,0.01902151835786859
2024-10-19 00:00:00+00:00,4.311,4.483,4.31,4.432,3363117.5,4.2122,4.334816666666667,55.54311583001427,-0.009437690228224938,-0.037282382625139485,0.027844692396914547
2024-10-20 00:00:00+00:00,4.433,4.594,4.357,4.579,3366066.45,4.21955,4.3334166666666665,60.30000474807529,0.014763011264477655,-0.026873303847216055,0.04163631511169371
2024-10-21 00:00:00+00:00,4.578,4.615,4.334,4.377,3629142.83,4.230700000000001,4.328216666666666,52.057060736416815,0.017441475268566542,-0.018010348024059535,0.035451823292626077
2024-10-22 00:00:00+00:00,4.378,4.437,4.271,4.322,3090937.0,4.2417,4.318733333333333,50.05086814666109,0.014953759314293436,-0.011417526556388941,0.026371285870682375
2024-10-23 00:00:00+00:00,4.324,4.332,4.104,4.21,3130845.0,4.24575,4.305883333333333,46.15046849145761,0.0038998079619227966,-0.008354059652726594,0.01225386761464939
2024-10-24 00:00:00+00:00,4.21,4.26,4.143,4.206,3252270.96,4.2463500000000005,4.2956666666666665,46.01255698106714,-0.0051242258094434945,-0.007708092884069975,0.0025838670746264805
2024-10-25 00:00:00+00:00,4.206,4.22,3.848,3.996,5549275.62,4.2392,4.2863,39.362163412116445,-0.028888078754993884,-0.011944090058254756,-0.01694398869673913
2024-10-26 00:00:00+00:00,3.996,4.061,3.943,4.035,3482001.47,4.2314,4.280583333333334,41.065767246420705,-0.04406616207409986,-0.01836850446142378,-0.02569765761267608
2024-10-27 00:00:00+00:00,4.036,4.136,4.007,4.128,2787235.2,4.23125,4.278483333333333,45.03165652079888,-0.04803684089022031,-0.024302171747183087,-0.023734669143037224
2024-10-28 00:00:00+00:00,4.129,4.226,4.004,4.132,5064133.38,4.2326500000000005,4.276483333333333,45.20245961829652,-0.05028125488130808,-0.029497988374008088,-0.020783266507299992
2024-10-29 00:00:00+00:00,4.133,4.251,4.119,4.193,5447880.2,4.2411,4.275083333333333,47.86308045427069,-0.046600596271689554,-0.03291850995354438,-0.013682086318145173
2024-10-30 00:00:00+00:00,4.193,4.218,4.119,4.191,4299714.15,4.247,4.2739666666666665,47.78116544117959,-0.043345372617182854,-0.03500388248627208,-0.008341490130910775
2024-10-31 00:00:00+00:00,4.192,4.215,3.901,3.959,6741494.0,4.2364,4.27215,39.3649756833653,-0.058808141860891894,-0.03976473436119604,-0.019043407499695852
2024-11-01 00:00:00+00:00,3.959,3.996,3.845,3.908,5578717.23,4.22155,4.26715,37.78920362759378,-0.07432104492236391,-0.04667599647342962,-0.02764504844893429
2024-11-02 00:00:00+00:00,3.908,3.949,3.823,3.908,3320709.06,4.20885,4.264583333333333,37.78920362759378,-0.0856280653275352,-0.05446641024425074,-0.03116165508328446
2024-11-03 00:00:00+00:00,3.908,3.931,3.665,3.784,6064734.41,4.17915,4.259133333333334,33.95632581333027,-0.1034027614817008,-0.06425368049174075,-0.03914908098996005
2024-11-04 00:00:00+00:00,3.786,3.839,3.679,3.752,3353577.29,4.14645,4.25465,33.02539327590489,-0.11870313298161239,-0.07514357098971508,-0.04355956199189731
2024-11-05 00:00:00+00:00,3.751,3.919,3.746,3.855,3347876.96,4.1235,4.252916666666667,38.83775782877402,-0.12112133705725014,-0.0843391242032221,-0.03678221285402805
2024-11-06 00:00:00+00:00,3.856,4.13,3.855,4.111,9391141.87,4.119400000000001,4.25345,50.36699702981994,-0.101213988830958,-0.08771409712876928,-0.013499891702188724
2024-11-07 00:00:00+00:00,4.111,4.199,4.045,4.163,7086769.64,4.11205,4.2534833333333335,52.33256078351002,-0.08031547966413655,-0.08623437363584274,0.005918893971706196
2024-11-08 00:00:00+00:00,4.164,4.392,4.116,4.325,11448594.98,4.1067,4.254133333333333,57.92313379749585,-0.05010365077658019,-0.07900822906399024,0.028904578287410054
2024-11-09 00:00:00+00:00,4.324,4.641,4.262,4.63,8503678.87,4.10925,4.26045,66.00661486180923,-0.0015319483629498976,-0.06351297292378218,0.06198102456083228
2024-11-10 00:00:00+00:00,4.632,5.478,4.582,5.241,35504372.79,4.15245,4.27795,75.96720993815293,0.08528100308206543,-0.033754177722612654,0.11903518080467809
2024-11-11 00:00:00+00:00,5.242,5.786,4.972,5.71,21631063.61,4.22185,4.301550000000001,80.65332999028514,0.18973809036141276,0.010944275894192432,0.1787938144672203
2024-11-12 00:00:00+00:00,5.71,5.839,5.116,5.308,26930359.43,4.27675,4.31635,68.35088927693195,0.23734705514880616,0.05622483174511518,0.181122223403691
2024-11-13 00:00:00+00:00,5.309,5.429,4.908,5.073,20191236.54,4.320099999999999,4.32695,62.36238723599614,0.2531962776443555,0.09561912092496325,0.15757715671939224
2024-11-14 00:00:00+00:00,5.072,5.216,4.686,4.775,13094082.94,4.35905,4.333316666666667,55.69818509410001,0.23895625221899497,0.12428654718376961,0.11466970503522536
2024-11-15 00:00:00+00:00,4.777,5.174,4.704,5.161,10257406.37,4.41535,4.3494,61.44539906528489,0.2558684117607326,0.1506029200991622,0.1052654916615704
2024-11-16 00:00:00+00:00,5.16,5.803,5.132,5.787,17564833.99,4.4982999999999995,4.376566666666666,68.56721068165257,0.31614012180897966,0.1837103604411257,0.13242976136785395
2024-11-17 00:00:00+00:00,5.786,6.147,5.304,5.424,18374242.79,4.5629,4.397366666666667,61.47575906020848,0.3308015456723199,0.21312859748736457,0.11767294818495533
2024-11-18 00:00:00+00:00,5.425,6.1,5.392,6.008,16117811.2,4.65365,4.426583333333332,67.32986407200016,0.3851054926231159,0.24752397651451485,0.13758151610860103
2024-11-19 00:00:00+00:00,6.008,6.044,5.659,5.805,9028491.8,4.73435,4.451,63.7059784432954,0.4070689212298859,0.27943296545758906,0.12763595577229686
2024-11-20 00:00:00+00:00,5.805,6.08,5.532,5.724,13729161.22,4.8226,4.472033333333333,62.26588531924252,0.41317623513855306,0.30618161939378186,0.1069946157447712
2024-11-21 00:00:00+00:00,5.724,5.968,5.473,5.93,13681255.17,4.9237,4.499016666666666,64.46588574924951,0.429685655036927,0.3308824265224109,0.09880322851451612
2024-11-22 00:00:00+00:00,5.932,6.687,5.878,6.63,21148336.67,5.0598,4.535216666666667,70.71418022385005,0.493564138945489,0.3634187690070265,0.13014536993846249
2024-11-23 00:00:00+00:00,6.631,9.432,6.585,8.515,60359355.47,5.2963499999999994,4.5998833333333335,80.60456996652987,0.6883570919912794,0.4284064336038771,0.2599506583874023
2024-11-24 00:00:00+00:00,8.515,10.5,8.042,8.825,55980685.72,5.55,4.669683333333333,81.6991851556499,0.8578574729588793,0.5142966414748775,0.34356083148400174
2024-11-25 00:00:00+00:00,8.824,9.359,8.11,8.232,23515306.26,5.76885,4.72665,73.18993833268634,0.9335759198940767,0.5981524971587174,0.3354234227353593
2024-11-26 00:00:00+00:00,8.231,8.468,7.55,8.065,20294174.75,5.96655,4.7797,70.94881876994718,0.9689385102861081,0.6723096997841955,0.2966288105019126
2024-11-27 00:00:00+00:00,8.065,8.568,7.842,8.456,15952780.89,6.1812,4.8407333333333336,73.03102194708615,1.0167930923848658,0.7412063783043297,0.27558671408053614
2024-11-28 00:00:00+00:00,8.457,8.752,8.002,8.615,12382641.04,6.3957,4.904866666666667,73.85176412691158,1.0553823736031536,0.8040415773640945,0.25134079623905903
2024-11-29 00:00:00+00:00,8.615,9.076,8.44,9.026,16424896.92,6.6155,4.981433333333333,75.89396053363771,1.1063753161690126,0.8645083251250782,0.2418669910439344
2024-11-30 00:00:00+00:00,9.027,9.224,8.604,8.945,18065505.49,6.800700000000001,5.061283333333334,74.6564460064558,1.1272572476246685,0.9170581096249963,0.21019913799967216
2024-12-01 00:00:00+00:00,8.945,9.388,8.696,9.289,14685246.0,6.9796499999999995,5.147733333333333,76.41530664419736,1.1582130942338047,0.965289106546758,0.19292398768704666
2024-12-02 00:00:00+00:00,9.291,10.198,8.455,10.011,30869602.68,7.214799999999999,5.245766666666667,79.61327916081096,1.2268626823835982,1.0176038217141261,0.20925886066947208
2024-12-03 00:00:00+00:00,10.011,10.39,9.055,9.78,30261037.54,7.450149999999999,5.338866666666666,76.05975806162826,1.2482392807074119,1.0637309135127833,0.1845083671946286
2024-12-04 00:00:00+00:00,9.781,11.649,9.663,10.512,40288736.88,7.737,5.445083333333333,79.22431252418387,1.3091555411524798,1.1128158390407226,0.19633970211175722
2024-12-05 00:00:00+00:00,10.513,11.233,9.895,10.369,25573286.13,7.997400000000001,5.548050000000001,77.0807334077656,1.3305553971575623,1.1563637506640907,0.17419164649347163
2024-12-06 00:00:00+00:00,10.37,10.887,10.011,10.673,16867235.82,8.2417,5.657083333333333,78.41764329077665,1.3564093538890933,1.1963728713090913,0.16003648258000203
2024-12-07 00:00:00+00:00,10.673,10.928,10.306,10.592,11608605.32,8.5001,5.765216666666666,77.12671426369639,1.3547461079791638,1.228047518643106,0.12669858933605793
2024-12-08 00:00:00+00:00,10.592,10.8,10.1,10.392,9936977.11,8.7193,5.8713500000000005,73.89214458186449,1.3220498770471192,1.2468479903239087,0.07520188672321049
2024-12-09 00:00:00+00:00,10.393,10.397,7.5,8.468,30556061.58,8.852450000000001,5.9446,51.51139067862114,1.1278855949545257,1.223055511250032,-0.09516991629550642
2024-12-10 00:00:00+00:00,8.468,8.718,7.59,8.395,23727142.47,8.986,6.015,50.88168100192228,0.9570858230021564,1.169861573600457,-0.21277575059830056
2024-12-11 00:00:00+00:00,8.394,9.269,8.023,8.993,16541944.16,9.139149999999999,6.0948,55.66318567507415,0.8600650806120989,1.1079022750027854,-0.24783719439068652
2024-12-12 00:00:00+00:00,8.993,9.669,8.911,9.061,17978417.97,9.2607,6.17645,56.1854993159539,0.7796748684191819,1.0422567936860647,-0.26258192526688284
2024-12-13 00:00:00+00:00,9.062,9.234,8.772,9.089,11250987.35,9.2894,6.254966666666666,56.41319548082472,0.7100395184854804,0.975813338645948,-0.2657738201604676
2024-12-14 00:00:00+00:00,9.088,9.212,8.347,8.551,10546490.88,9.275699999999999,6.324050000000001,50.93584772360923,0.6044729107769058,0.9015452530721396,-0.2970723422952338
2024-12-15 00:00:00+00:00,8.553,9.264,8.367,9.028,12168923.08,9.315499999999998,6.402616666666666,55.09850979578686,0.552926731965039,0.8318215488507195,-0.2788948168856804
2024-12-16 00:00:00+00:00,9.028,9.204,8.587,8.756,11767882.69,9.35005,6.478666666666667,52.370005246679675,0.48454238409858874,0.7623657159002935,-0.2778233318017047
2024-12-17 00:00:00+00:00,8.756,8.972,8.379,8.487,9689503.83,9.351600000000001,6.548283333333333,49.74630786557867,0.40398436358671397,0.6906894454375776,-0.28670508185086363
2024-12-18 00:00:00+00:00,8.49,8.545,7.563,7.679,14284782.32,9.3048,6.6024,42.80873877254792,0.2718094544838294,0.606913447246828,-0.3351039927629986
2024-12-19 00:00:00+00:00,7.679,7.802,6.76,6.941,22054262.66,9.20055,6.641766666666666,37.64479934747374,0.10628427550597053,0.5067876128986566,-0.40050333739268607
2024-12-20 00:00:00+00:00,6.942,7.36,6.01,7.29,23182838.78,9.117799999999999,6.690316666666666,41.253762997973126,0.0032285452468965303,0.4060757993683046,-0.4028472541214081
2024-12-21 00:00:00+00:00,7.291,7.802,6.836,6.973,12411891.98,9.001999999999999,6.7345,39.04334039661353,-0.10283766558567642,0.30429310637750845,-0.40713077196318487
2024-12-22 00:00:00+00:00,6.976,7.27,6.682,6.842,8776666.68,8.84355,6.778366666666667,38.13401157971345,-0.1952161764592235,0.20439124981016207,-0.3996074262693856
2024-12-23 00:00:00+00:00,6.844,7.572,6.654,7.385,10441949.73,8.7238,6.83135,43.960190951203906,-0.22205157755434612,0.11910268433726044,-0.3411542618916066
2024-12-24 00:00:00+00:00,7.384,7.64,7.154,7.552,7945555.67,8.5758,6.890616666666667,45.655272647772065,-0.2272240248219859,0.04983734250541118,-0.27706136732739706
2024-12-25 00:00:00+00:00,7.551,7.678,7.353,7.502,5305255.63,8.43245,6.9484,45.21430365681194,-0.23267566840977327,-0.006665259677625712,-0.22601040873214756
2024-12-26 00:00:00+00:00,7.502,7.592,6.881,6.932,5952209.03,8.2454,6.9951333333333325,40.421209609285214,-0.2797654100422573,-0.06128528975055203,-0.21848012029170527
2024-12-27 00:00:00+00:00,6.933,7.312,6.815,6.91,6318307.4,8.0613,7.041433333333333,40.243883577152886,-0.3152258582153742,-0.11207340344351646,-0.20315245477185773
2024-12-28 00:00:00+00:00,6.912,7.184,6.792,7.113,4219904.23,7.89735,7.0901000000000005,42.74004261219551,-0.32322221096393733,-0.15430316494760066,-0.16891904601633667
2024-12-29 00:00:00+00:00,7.114,7.152,6.81,6.865,3618120.74,7.8172,7.134666666666667,40.51350502543807,-0.3455871914824531,-0.19255997025457117,-0.15302722122788193
2024-12-30 00:00:00+00:00,6.867,7.109,6.537,6.704,6758873.72,7.73265,7.180416666666668,39.08980825826688,-0.3720146013874741,-0.2284508964811518,-0.1435637049063223
2024-12-31 00:00:00+00:00,6.706,6.929,6.565,6.643,4270052.58,7.61515,7.226,38.53723874887154,-0.39334645129724777,-0.261430007444371,-0.13191644385287676
2025-01-01 00:00:00+00:00,6.642,7.141,6.52,7.051,4854650.19,7.514649999999999,7.278383333333333,44.21712076982755,-0.37302984992972377,-0.2837499759414416,-0.08927987398828219
2025-01-02 00:00:00+00:00,7.052,7.36,7.051,7.177,5662998.77,7.41905,7.334933333333334,45.88044357268333,-0.3428099502836046,-0.29556197080987423,-0.047247979473730384
2025-01-03 00:00:00+00:00,7.179,8.044,7.135,7.754,10892070.17,7.3792,7.401633333333333,52.8184927923218,-0.2691982346032127,-0.2902892235685419,0.021090988965329238
2025-01-04 00:00:00+00:00,7.753,7.882,7.604,7.677,5399719.09,7.31165,7.465333333333334,51.86297199574781,-0.21459990198064638,-0.27515135925096285,0.06055145727031647
2025-01-05 00:00:00+00:00,7.678,7.735,7.46,7.671,3864962.36,7.257400000000001,7.524666666666666,51.78435834816766,-0.16985648010278886,-0.25409238342132806,0.0842359033185392
2025-01-06 00:00:00+00:00,7.672,7.988,7.54,7.768,7081416.98,7.221449999999999,7.5847500000000005,53.02407116285558,-0.12512751447081794,-0.22829940963122605,0.10317189516040812
2025-01-07 00:00:00+00:00,7.77,7.888,7.006,7.014,12003377.11,7.188199999999999,7.629566666666666,43.63269078561215,-0.14880564664553209,-0.21240065703408728,0.0635950103885552
2025-01-08 00:00:00+00:00,7.013,7.136,6.421,6.76,12158592.89,7.17915,7.665066666666666,40.99836231995159,-0.18592320721950362,-0.20710516707117055,0.02118195985166693
2025-01-09 00:00:00+00:00,6.759,6.847,6.454,6.559,7236598.9,7.1426,7.687033333333333,38.992126969193414,-0.22891932211683663,-0.21146799808030378,-0.01745132403653285
2025-01-10 00:00:00+00:00,6.558,6.81,6.482,6.732,6645927.74,7.130550000000001,7.704066666666667,41.639231553794176,-0.2461963999182597,-0.21841367844789497,-0.02778272147036473
2025-01-11 00:00:00+00:00,6.731,6.878,6.582,6.742,3109598.81,7.12555,7.727966666666666,41.79643908664301,-0.25612919420805547,-0.2259567815999271,-0.030172412608128363
2025-01-12 00:00:00+00:00,6.741,6.817,6.542,6.632,2241615.84,7.0879,7.75395,40.50394938720413,-0.26976737555523833,-0.23471890039098936,-0.03504847516424897
2025-01-13 00:00:00+00:00,6.632,6.808,6.0,6.396,10199678.51,7.0301,7.780966666666667,37.80299054395299,-0.2962044991115187,-0.24701602013509524,-0.04918847897642345
2025-01-14 00:00:00+00:00,6.397,6.69,6.367,6.665,5174378.72,6.988249999999999,7.806033333333334,42.50892610762699,-0.2920831058965083,-0.25602943728737787,-0.03605366860913045
2025-01-15 00:00:00+00:00,6.668,7.196,6.558,7.165,9177823.38,6.999900000000001,7.828999999999999,50.07086135684476,-0.2456394718289472,-0.25395144419569177,0.00831197236674458
2025-01-16 00:00:00+00:00,7.166,7.393,6.847,7.15,10781374.02,7.0119,7.857766666666667,49.85898528771637,-0.20764928021671203,-0.24469101139989585,0.037041731183183824
2025-01-17 00:00:00+00:00,7.154,7.6,7.152,7.503,8017976.75,7.0314,7.8826833333333335,54.715397414895136,-0.14735896735565213,-0.22522460259104712,0.077865635235395
2025-01-18 00:00:00+00:00,7.504,7.589,6.839,7.043,8528830.03,7.0403,7.903316666666667,48.168263607320576,-0.13513881947470097,-0.2072074459677779,0.07206862649307694
2025-01-19 00:00:00+00:00,7.043,7.237,6.11,6.247,18463335.53,7.017449999999999,7.912033333333334,39.38571912949826,-0.18752316151128134,-0.2032705890764786,0.01574742756519726
2025-01-20 00:00:00+00:00,6.246,7.109,6.054,6.381,21982145.76,7.00435,7.91955,41.32520820688261,-0.21573855015519694,-0.2057641812922223,-0.009974368862974647
2025-01-21 00:00:00+00:00,6.381,6.845,6.155,6.622,8255422.94,6.982900000000001,7.919416666666667,44.74931258116697,-0.216160993677863,-0.20784354376935044,-0.008317449908512575
2025-01-22 00:00:00+00:00,6.623,6.696,6.412,6.447,4674155.01,6.9464,7.88495,42.79629006956781,-0.2279887087605461,-0.21187257676758958,-0.01611613199295653
2025-01-23 00:00:00+00:00,6.447,6.503,6.191,6.351,6958597.48,6.876250000000001,7.8437166666666664,41.72059484510394,-0.24231539483660214,-0.2179611403813921,-0.024354254455210028
2025-01-24 00:00:00+00:00,6.351,6.546,6.203,6.32,4639656.86,6.808400000000001,7.811850000000001,41.359077527474184,-0.25325151190659945,-0.2250192146864336,-0.028232297220165847
2025-01-25 00:00:00+00:00,6.319,6.41,6.246,6.323,3418652.69,6.741,7.782816666666666,41.41198678038101,-0.258694321441137,-0.2317542360373743,-0.02694008540376272
2025-01-26 00:00:00+00:00,6.323,6.47,6.166,6.177,3801099.68,6.66145,7.744833333333333,39.54213478445331,-0.2716572711170153,-0.23973484305330253,-0.03192242806371279
2025-01-27 00:00:00+00:00,6.176,6.212,5.485,5.953,12932411.15,6.6084000000000005,7.700466666666666,36.79694264105328,-0.2965865647819683,-0.2511051873990357,-0.04548137738293262
2025-01-28 00:00:00+00:00,5.953,6.037,5.6,5.649,5048053.65,6.552849999999999,7.644183333333332,33.40722668404284,-0.33698887104616926,-0.2682819241284624,-0.06870694691770685
2025-01-29 00:00:00+00:00,5.648,5.881,5.544,5.768,6047240.35,6.513299999999999,7.591233333333333,35.89660368580276,-0.3553098930930947,-0.2856875179213889,-0.06962237517170577
2025-01-30 00:00:00+00:00,5.767,6.257,5.722,6.125,5322849.22,6.48295,7.5385,42.80429506865423,-0.33713622212594796,-0.29597725876230074,-0.041158963363647216
2025-01-31 00:00:00+00:00,6.125,6.499,6.029,6.321,8668790.29,6.4619,7.476999999999999,46.230107590717196,-0.30342025516164917,-0.29746585804217046,-0.005954397119478705
2025-02-01 00:00:00+00:00,6.322,6.492,5.861,5.905,6999151.58,6.425549999999999,7.412416666666667,40.66309110228107,-0.3067320160282341,-0.2993190896393832,-0.007412926388850882
2025-02-02 00:00:00+00:00,5.906,6.048,4.863,5.153,17423977.29,6.3634,7.3231,32.94087533350208,-0.36581978290628925,-0.31261922829276445,-0.0532005546135248
2025-02-03 00:00:00+00:00,5.155,5.28,3.78,5.176,44336682.05,6.28895,7.236549999999999,33.35773127411336,-0.40610997310526464,-0.3313173772552645,-0.07479259585000014
2025-02-04 00:00:00+00:00,5.177,5.229,4.581,4.742,16164176.0,6.1678,7.137699999999999,29.61654689170753,-0.46766941017733643,-0.35858778383967893,-0.1090816263376575
2025-02-05 00:00:00+00:00,4.743,4.865,4.628,4.689,6698304.03,6.0447500000000005,7.039316666666666,29.186061006493503,-0.5147980926676796,-0.38982984560527906,-0.12496824706240056
2025-02-06 00:00:00+00:00,4.689,4.838,4.441,4.49,6626961.02,5.8941,6.94095,27.565898638799794,-0.5617302730499416,-0.42420993109421157,-0.13752034195573004
2025-02-07 00:00:00+00:00,4.49,4.938,4.459,4.593,9796463.72,5.7716,6.876366666666667,29.7399040691335,-0.5838824910354745,-0.45614444308246416,-0.12773804795301036
2025-02-08 00:00:00+00:00,4.594,4.765,4.499,4.745,4650038.29,5.6964999999999995,6.815533333333334,32.938658015095925,-0.5824589297302873,-0.4814073404120288,-0.10105158931825853
2025-02-09 00:00:00+00:00,4.745,4.878,4.511,4.762,7038964.34,5.61555,6.745016666666667,33.304387000786605,-0.5733497699643397,-0.49979582632249103,-0.0735539436418487
2025-02-10 00:00:00+00:00,4.763,4.92,4.608,4.845,7055381.19,5.5267,6.67475,35.16356147016319,-0.5530579807464111,-0.510448257207275,-0.04260972353913606
2025-02-11 00:00:00+00:00,4.846,5.21,4.749,4.809,9664290.61,5.444799999999999,6.603416666666667,34.71159466820917,-0.533728995111324,-0.5151044047880848,-0.018624590323239154
2025-02-12 00:00:00+00:00,4.809,5.332,4.752,5.227,15217967.69,5.388599999999999,6.548016666666666,43.75184446574227,-0.4791580918916818,-0.5079151422088042,0.02875705031712239
2025-02-13 00:00:00+00:00,5.228,5.277,5.067,5.131,6378691.02,5.32915,6.483066666666668,42.303085780896446,-0.43860073931912247,-0.49405226163086785,0.05545152231174538
2025-02-14 00:00:00+00:00,5.132,5.378,5.1,5.17,6591725.25,5.2715,6.423299999999999,43.12700352099137,-0.39871562560194107,-0.47498493442508255,0.07626930882314148
2025-02-15 00:00:00+00:00,5.17,5.22,4.976,5.022,4188333.3,5.21375,6.36555,40.748909350202034,-0.3747291048764927,-0.4549337685153646,0.08020466363887191
2025-02-16 00:00:00+00:00,5.022,5.047,4.826,4.88,3661323.85,5.1601,6.3189,38.55235483148471,-0.36299346493631024,-0.43654570779955376,0.07355224286324352
2025-02-17 00:00:00+00:00,4.88,5.07,4.776,4.89,6062988.09,5.1221499999999995,6.284716666666667,38.80253665722636,-0.34886447677877275,-0.4190094615953976,0.07014498481662484
2025-02-18 00:00:00+00:00,4.89,4.918,4.56,4.769,7479844.27,5.0722000000000005,6.2427,36.84761246939067,-0.34347151481171334,-0.4039018722386608,0.06043035742694747
2025-02-19 00:00:00+00:00,4.77,4.908,4.699,4.886,4658637.52,5.01025,6.207916666666666,39.99563492555614,-0.3259987210789834,-0.38832124200672535,0.06232252092774193
2025-02-20 00:00:00+00:00,4.886,5.069,4.881,5.047,6201014.48,4.94655,6.178,44.12329153870429,-0.2957508203359147,-0.3698071576725632,0.07405633733664851
2025-02-21 00:00:00+00:00,5.047,5.339,4.952,5.061,11452215.06,4.90435,6.139266666666667,44.48093451962248,-0.26756513376700575,-0.34935875289145174,0.081793619124446
2025-02-22 00:00:00+00:00,5.062,5.216,5.025,5.043,5842036.36,4.89885,6.097449999999999,44.09019256977439,-0.24386905302194073,-0.3282608129175496,0.08439175989560888
2025-02-23 00:00:00+00:00,5.043,5.135,4.905,4.953,3679542.01,4.887700000000001,6.054966666666667,42.09887154609656,-0.22970410026700971,-0.3085494703874416,0.07884537012043191
2025-02-24 00:00:00+00:00,4.953,4.981,4.336,4.416,9862579.39,4.8713999999999995,6.013033333333334,32.62941542338238,-0.25882609910269583,-0.2986047961304925,0.03977869702779668
2025-02-25 00:00:00+00:00,4.416,4.758,4.138,4.64,19174046.17,4.86895,5.9752,38.812118812048794,-0.2608239489129609,-0.2910486266869862,0.03022467777402532
2025-02-26 00:00:00+00:00,4.64,4.931,4.591,4.754,12186062.66,4.88215,5.935883333333333,41.742354421012806,-0.25032284607014255,-0.2829034705636175,0.03258062449347493
2025-02-27 00:00:00+00:00,4.755,5.183,4.714,4.934,13238904.52,4.8991999999999996,5.9037,46.12911165899047,-0.22488382992753486,-0.271299542436401,0.046415712508866114
2025-02-28 00:00:00+00:00,4.934,4.935,4.454,4.712,14950436.65,4.897550000000001,5.870499999999999,41.93506598536745,-0.22009959984511962,-0.2610595539181447,0.04095995407302511
2025-03-01 00:00:00+00:00,4.713,4.819,4.525,4.664,6300022.18,4.892650000000001,5.837516666666667,41.06568510780942,-0.21767207371393926,-0.2523820578773036,0.03470998416336435
2025-03-02 00:00:00+00:00,4.663,5.23,4.568,5.205,14370599.81,4.91065,5.80675,52.914189072711686,-0.17013287718707204,-0.23593222173925732,0.06579934455218528
2025-03-03 00:00:00+00:00,5.205,5.25,4.435,4.473,14498771.22,4.89385,5.761683333333333,40.92515677726644,-0.18934139412827822,-0.2266140562170615,0.03727266208878327
2025-03-04 00:00:00+00:00,4.474,4.515,4.017,4.33,16361521.68,4.849,5.704616666666667,39.06311877930242,-0.21364047271038267,-0.22401933951572575,0.010378866805343084
2025-03-05 00:00:00+00:00,4.33,4.549,4.278,4.526,7554050.49,4.81875,5.652100000000001,42.898019093138394,-0.2146082354432517,-0.22213711870123096,0.007528883257979263
2025-03-06 00:00:00+00:00,4.525,4.664,4.343,4.431,7174387.38,4.7818,5.5981000000000005,41.53366733910123,-0.22049912379016323,-0.2218095197190174,0.00131039592885418
2025-03-07 00:00:00+00:00,4.431,4.677,4.213,4.413,12234991.06,4.75135,5.542183333333333,41.265865437670705,-0.2240375790615028,-0.2222551315875145,-0.0017824474739882856
2025-03-08 00:00:00+00:00,4.412,4.446,4.26,4.289,4166889.83,4.7218,5.496766666666667,39.38202016466663,-0.23414847616512802,-0.22463380050303722,-0.009514675662090799
2025-03-09 00:00:00+00:00,4.289,4.353,3.978,4.019,8567666.17,4.67825,5.451083333333333,35.57388518577015,-0.26094022203075795,-0.2318950848085814,-0.029045137222176554
2025-03-10 00:00:00+00:00,4.019,4.285,3.775,3.868,11244883.73,4.6331999999999995,5.406233333333334,33.616123434156975,-0.2910028124151607,-0.24371663032989727,-0.04728618208526342
2025-03-11 00:00:00+00:00,3.87,4.123,3.65,4.042,11221604.68,4.590999999999999,5.3614,37.85994539082544,-0.2973595107229956,-0.2544452064085169,-0.04291430431447868
2025-03-12 00:00:00+00:00,4.044,4.097,3.847,3.968,9411906.66,4.53705,5.315166666666667,36.78296346223981,-0.30485425144026745,-0.264527015414867,-0.04032723602540045
2025-03-13 00:00:00+00:00,3.968,4.109,3.826,3.981,7535359.95,4.48305,5.270983333333334,37.12136153266312,-0.30621503973510755,-0.2728646202789151,-0.03335041945619244
2025-03-14 00:00:00+00:00,3.98,4.228,3.969,4.187,7564082.21,4.440250000000001,5.234166666666667,42.38446485771585,-0.2873585058950523,-0.27576339740214256,-0.011595108492909734
2025-03-15 00:00:00+00:00,4.187,4.429,4.186,4.349,4603294.28,4.41005,5.195566666666666,46.19834368201942,-0.2563870505400798,-0.27188812802973,0.015501077489650184
2025-03-16 00:00:00+00:00,4.35,4.366,4.183,4.298,4860914.03,4.40415,5.147783333333334,45.18430449816177,-0.23326825160908893,-0.2641641527456018,0.03089590113651286
2025-03-17 00:00:00+00:00,4.298,4.468,4.298,4.37,4964214.66,4.39065,5.10145,46.95451045232397,-0.20675331510635697,-0.2526819852177528,0.04592867011139584
2025-03-18 00:00:00+00:00,4.372,4.487,4.232,4.45,4943541.34,4.37545,5.050566666666667,48.92803971325504,-0.17724157493918735,-0.2375939031620397,0.06035232822285236
2025-03-19 00:00:00+00:00,4.45,4.596,4.438,4.538,7492558.96,4.35565,5.008816666666666,51.083917536637735,-0.14508005116218392,-0.21909113276206854,0.07401108159988462
2025-03-20 00:00:00+00:00,4.538,4.567,4.327,4.399,4472127.93,4.34,4.978016666666666,47.66155041749493,-0.12931726129516186,-0.20113635846868722,0.07181909717352536
2025-03-21 00:00:00+00:00,4.4,4.586,4.378,4.499,5759787.32,4.3317499999999995,4.946650000000001,50.244146359639444,-0.10751658819370391,-0.18241240441369055,0.07489581621998664
2025-03-22 00:00:00+00:00,4.5,4.547,4.415,4.446,3327416.15,4.293799999999999,4.910383333333333,48.86782708388193,-0.09343894871884384,-0.16461771327472122,0.07117876455587738
2025-03-23 00:00:00+00:00,4.446,4.518,4.4,4.502,2678878.36,4.29525,4.877966666666667,50.413418614039934,-0.07687739131011995,-0.14706964888180096,0.07019225757168102
2025-03-24 00:00:00+00:00,4.503,4.773,4.469,4.62,5907545.08,4.309749999999999,4.849116666666666,53.59637750048387,-0.05361261110317006,-0.12837824132607478,0.07476563022290472
2025-03-25 00:00:00+00:00,4.62,4.721,4.582,4.637,3866173.71,4.3153,4.821066666666667,54.053957014714946,-0.03341812391991095,-0.10938621784484201,0.07596809392493106
2025-03-26 00:00:00+00:00,4.637,4.767,4.596,4.694,5629934.83,4.32845,4.793916666666667,55.63367218686995,-0.012668390384082961,-0.09004265235269021,0.07737426196860725
2025-03-27 00:00:00+00:00,4.695,4.759,4.495,4.625,5678166.73,4.339049999999999,4.768050000000001,53.24704226067746,-0.0017713810282735665,-0.0723883980878069,0.07061701705953333
2025-03-28 00:00:00+00:00,4.623,4.646,4.242,4.282,5665177.03,4.338699999999999,4.740200000000001,43.302402419088246,-0.020575474769126245,-0.062025813424070764,0.04145033865494452
2025-03-29 00:00:00+00:00,4.282,4.304,3.996,4.05,4478918.92,4.34025,4.713550000000001,38.11691208497901,-0.05358067100746844,-0.0603367849407503,0.006756113933281863
2025-03-30 00:00:00+00:00,4.05,4.173,3.985,4.042,3302917.68,4.34895,4.684783333333333,37.948157640808326,-0.07946701368984499,-0.06416283069056924,-0.015304182999275745
2025-03-31 00:00:00+00:00,4.043,4.093,3.949,4.02,4622562.33,4.34785,4.649699999999999,37.457036867683144,-0.10059771506561255,-0.07144980756557791,-0.02914790750003464
2025-04-01 00:00:00+00:00,4.021,4.282,4.015,4.171,4417348.85,4.358,4.6138666666666674,42.91761548996925,-0.10396111112849926,-0.07795206827816217,-0.02600904285033709
2025-04-02 00:00:00+00:00,4.171,4.24,3.911,3.965,6989787.29,4.357200000000001,4.581533333333334,38.03832621709637,-0.12184455691989537,-0.08673056600650882,-0.03511399091338656
2025-04-03 00:00:00+00:00,3.965,4.111,3.845,4.059,5063977.24,4.3508,4.5633,41.31685985193431,-0.12696868616477897,-0.09477819003816285,-0.03219049612661612
2025-04-04 00:00:00+00:00,4.06,4.131,3.946,4.035,4789003.5,4.3351,4.5442833333333335,40.72437264582489,-0.13145091065960468,-0.10211273416245123,-0.02933817649715345
2025-04-05 00:00:00+00:00,4.034,4.069,3.897,3.956,2096452.45,4.318,4.531183333333333,38.75434377775477,-0.13976660323350387,-0.10964350797666177,-0.030123095256842106
2025-04-06 00:00:00+00:00,3.955,3.976,3.601,3.683,6022544.15,4.28365,4.5144166666666665,32.84190372730197,-0.1664667429625304,-0.12100815497383549,-0.0454585879886949
2025-04-07 00:00:00+00:00,3.685,3.735,3.282,3.593,15127726.43,4.2408,4.499466666666667,31.154453226721472,-0.19266808613527253,-0.13534014120612292,-0.05732794492914961
2025-04-08 00:00:00+00:00,3.592,3.706,3.342,3.378,5407861.13,4.1828,4.479216666666667,27.517096030455292,-0.2281515534514056,-0.15390242365517948,-0.07424912979622611
2025-04-09 00:00:00+00:00,3.377,3.753,3.25,3.643,11027926.38,4.145,4.460849999999999,37.24280829611623,-0.23221237196459965,-0.1695644133170635,-0.06264795864753614
2025-04-10 00:00:00+00:00,3.643,3.65,3.389,3.463,7342100.4,4.0932,4.4392,33.91408810173647,-0.24710660445254762,-0.18507285154416034,-0.06203375290838728
2025-04-11 00:00:00+00:00,3.462,3.599,3.45,3.557,5169131.93,4.04875,4.4177333333333335,37.07698076809114,-0.24846126974136729,-0.19775053518360172,-0.05071073455776556
2025-04-12 00:00:00+00:00,3.558,3.756,3.525,3.713,4420760.89,4.0093,4.399466666666666,42.0351538457729,-0.23424670528398828,-0.20504976920367907,-0.02919693608030921
2025-04-13 00:00:00+00:00,3.713,3.816,3.615,3.668,6619352.13,3.9617000000000004,4.373483333333334,41.03078201701937,-0.22403020372582505,-0.20884585610810827,-0.015184347617716781
2025-04-14 00:00:00+00:00,3.669,3.798,3.633,3.677,5218014.54,3.9137,4.34925,41.33270254568257,-0.21275482269050228,-0.2096276494245871,-0.0031271732659151896
2025-04-15 00:00:00+00:00,3.676,3.735,3.516,3.519,4692519.65,3.85495,4.3217333333333325,37.68488023588551,-0.21410026691991657,-0.210522172923653,-0.003578093996263576
2025-04-16 00:00:00+00:00,3.519,3.619,3.469,3.557,4278941.46,3.80155,4.297316666666666,39.07748817416035,-0.20968316177863233,-0.21035437069464888,0.0006712089160165469
2025-04-17 00:00:00+00:00,3.557,3.698,3.54,3.634,3658951.76,3.7691500000000007,4.27655,41.910353806467185,-0.19769046502373877,-0.20782158956046687,0.010131124536728098
2025-04-18 00:00:00+00:00,3.636,3.748,3.613,3.675,2261720.31,3.7504,4.2563,43.419031153323346,-0.18277093947476208,-0.2028114595433259,0.020040520068563827
2025-04-19 00:00:00+00:00,3.675,3.892,3.645,3.88,2997616.3,3.7423,4.241483333333333,50.360897479303944,-0.15264571644380043,-0.19277831092342082,0.04013259447962039
2025-04-20 00:00:00+00:00,3.88,3.952,3.787,3.878,3877366.27,3.7352,4.224683333333334,50.296063797821056,-0.12746332556263296,-0.17971531385126327,0.05225198828863031
2025-04-21 00:00:00+00:00,3.879,3.982,3.771,3.78,4698554.41,3.71565,4.203566666666666,47.09659765034626,-0.11409862244419555,-0.16659197556984975,0.0524933531256542
2025-04-22 00:00:00+00:00,3.78,4.04,3.689,4.007,7580714.41,3.71775,4.186,54.341746049506014,-0.08421916988765155,-0.15011741443341012,0.06589824454575857
2025-04-23 00:00:00+00:00,4.008,4.198,3.999,4.093,7854197.12,3.7194500000000006,4.170166666666667,56.757916508961586,-0.052989180905884226,-0.13069176772790495,0.07770258682202072
2025-04-24 00:00:00+00:00,4.093,4.286,3.929,4.269,6601559.83,3.7311500000000004,4.158766666666667,61.27444562707512,-0.013877489471099125,-0.10732891207654378,0.09345142260544466
2025-04-25 00:00:00+00:00,4.268,4.374,4.215,4.254,6676283.69,3.7460500000000003,4.156066666666667,60.69261400528241,0.015727140450411792,-0.08271770157115267,0.09844484202156446
2025-04-26 00:00:00+00:00,4.254,4.362,4.201,4.263,4527685.25,3.7750499999999994,4.149783333333334,60.9323159353195,0.039460373118827,-0.058282086633156746,0.09774245975198374
2025-04-27 00:00:00+00:00,4.264,4.291,4.056,4.09,5800570.8,3.7998999999999996,4.138716666666666,54.10258407861146,0.04380452551580438,-0.03786476420336452,0.0816692897191689
2025-04-28 00:00:00+00:00,4.09,4.267,4.009,4.242,5819426.05,3.8430999999999997,4.127183333333333,58.50355984940224,0.05883422297194496,-0.018524966768302627,0.07735918974024758
2025-04-29 00:00:00+00:00,4.242,4.33,4.101,4.147,3884592.85,3.8683,4.117766666666666,54.95668418136541,0.06236080390798815,-0.002347812633044472,0.06470861654103262
2025-04-30 00:00:00+00:00,4.146,4.175,4.026,4.065,4199576.05,3.8984,4.107783333333333,52.02478586706207,0.05787181969653421,0.009696113832871264,0.048175705863662946
2025-05-01 00:00:00+00:00,4.066,4.224,4.064,4.177,3925860.31,3.9294,4.09065,55.51558693835096,0.06262977429215866,0.020282845924728746,0.04234692836742991
2025-05-02 00:00:00+00:00,4.177,4.287,4.126,4.161,3231292.82,3.9518,4.08545,54.90101154409103,0.06436743359879138,0.029099763459541274,0.035267670139250105
2025-05-03 00:00:00+00:00,4.161,4.172,4.012,4.028,2386438.85,3.9698,4.080416666666667,49.95084911560128,0.0543856289689586,0.03415693656142474,0.02022869240753386
2025-05-04 00:00:00+00:00,4.028,4.051,3.894,3.92,4232639.09,3.98195,4.070316666666667,46.30013240230013,0.037329962903204006,0.034791541829780594,0.0025384210734234122
2025-05-05 00:00:00+00:00,3.919,4.022,3.884,3.918,3957728.74,4.0019,4.061766666666666,46.232745442039125,0.02338230472743419,0.03250969440931131,-0.009127389681877124
2025-05-06 00:00:00+00:00,3.918,3.977,3.823,3.971,4277490.05,4.0226,4.0544,48.376957754489524,0.01641610752730216,0.029290977032909483,-0.012874869505607324
2025-05-07 00:00:00+00:00,3.972,4.007,3.88,3.969,2714666.36,4.03935,4.049066666666667,48.29868258466015,0.010611638410077617,0.02555510930834311,-0.014943470898265494
2025-05-08 00:00:00+00:00,3.968,4.494,3.966,4.456,8866998.35,4.0784,4.056349999999999,63.70044487524168,0.04479204991755115,0.02940249743018472,0.015389552487366426
2025-05-09 00:00:00+00:00,4.455,4.863,4.434,4.799,11614442.99,4.124350000000001,4.071866666666667,70.39075164143426,0.09842294725340572,0.043206587394828924,0.0552163598585768
2025-05-10 00:00:00+00:00,4.799,5.323,4.797,5.309,11854751.74,4.1959,4.092983333333333,77.13791594153463,0.18000358821735585,0.07056598755933431,0.10943760065802154
2025-05-11 00:00:00+00:00,5.309,5.362,4.954,5.097,8101384.06,4.26175,4.1118,69.99745092246393,0.2249570409587136,0.10144419823921016,0.12351284271950344
2025-05-12 00:00:00+00:00,5.097,5.4,4.89,5.068,9921543.44,4.3148,4.129916666666667,69.05576654512387,0.25529997924942194,0.13221535444125251,0.12308462480816942
2025-05-13 00:00:00+00:00,5.069,5.273,4.823,5.195,6748215.11,4.3699,4.146716666666666,70.90196030685901,0.2862945892578175,0.1630312014045655,0.12326338785325197
2025-05-14 00:00:00+00:00,5.194,5.267,4.947,4.98,5284499.6,4.40545,4.157233333333333,63.94638624698598,0.29016450206487665,0.18845786153662775,0.1017066405282489
2025-05-15 00:00:00+00:00,4.981,5.028,4.679,4.779,7496534.85,4.4317,4.1652499999999995,58.19825133186543,0.27385557902693236,0.2055374050346887,0.06831817399224366
2025-05-16 00:00:00+00:00,4.778,4.956,4.711,4.755,4420510.08,4.456300000000001,4.171666666666667,57.533239091151735,0.2560425415581511,0.21563843233938118,0.04040410921876991
2025-05-17 00:00:00+00:00,4.755,4.768,4.557,4.612,3799964.46,4.4824,4.174366666666667,53.603005831697715,0.22776118694234615,0.21806298325997417,0.00969820368237198
2025-05-18 00:00:00+00:00,4.613,4.921,4.508,4.793,4741500.76,4.50995,4.178616666666667,57.555307732645254,0.2174466078337547,0.2179397081747303,-0.0004931003409756052
2025-05-19 00:00:00+00:00,4.794,4.821,4.412,4.596,5563926.25,4.532400000000001,4.1819,52.330312172670865,0.19117226114943087,0.2125862187696704,-0.021413957620239538
2025-05-20 00:00:00+00:00,4.597,4.727,4.519,4.677,4133769.06,4.563,4.184866666666667,54.172484827585734,0.1748698839904934,0.20504295181383503,-0.030173067823341615
2025-05-21 00:00:00+00:00,4.677,4.877,4.612,4.74,6374820.22,4.591150000000001,4.189766666666666,55.609361933136604,0.1651301881082441,0.19706039907271686,-0.031930210964472766
2025-05-22 00:00:00+00:00,4.741,4.977,4.732,4.948,4934402.45,4.6305,4.1972,60.06172053135255,0.17221013933316787,0.19209034712480708,-0.01988020779163921
2025-05-23 00:00:00+00:00,4.948,5.12,4.531,4.561,10214231.78,4.65715,4.1962166666666665,50.011011506317516,0.14492280608394115,0.18265683891663392,-0.037734032832692777
2025-05-24 00:00:00+00:00,4.562,4.633,4.511,4.545,3091142.26,4.688400000000001,4.194683333333333,49.64115394598038,0.12061594606150994,0.17024866034560915,-0.04963271428409921
2025-05-25 00:00:00+00:00,4.546,4.564,4.35,4.523,3942315.1,4.71865,4.191833333333333,49.10341934898616,0.09844258341075651,0.15588744495863863,-0.057444861547882115
2025-05-26 00:00:00+00:00,4.523,4.617,4.426,4.468,3794527.16,4.7435,4.189216666666667,47.71193653471905,0.07556097354579894,0.1398221506760707,-0.06426117713027177
2025-05-27 00:00:00+00:00,4.468,4.614,4.373,4.535,3874357.43,4.771800000000001,4.193433333333333,49.58612386596151,0.06211742195877257,0.12428120493261109,-0.062163782973838524
2025-05-28 00:00:00+00:00,4.536,4.661,4.419,4.587,4289732.2,4.7783500000000005,4.202383333333334,51.052528835551854,0.05502498214604401,0.11042996037529768,-0.055404978229253665
2025-05-29 00:00:00+00:00,4.588,4.682,4.33,4.332,4814923.2,4.755,4.207216666666667,44.25450285152429,0.028499281641529706,0.09404382462854409,-0.06554454298701438
2025-05-30 00:00:00+00:00,4.333,4.358,4.008,4.049,8486843.25,4.692,4.2077,38.17853148064528,-0.015183239057352083,0.07219841189136486,-0.08738165094871694
2025-05-31 00:00:00+00:00,4.049,4.121,3.895,4.076,5429234.96,4.64095,4.206116666666667,39.038487026409896,-0.04708056166693364,0.04834261717970516,-0.0954231788466388
2025-06-01 00:00:00+00:00,4.077,4.102,3.971,4.066,2555495.93,4.5908500000000005,4.2078,38.82308605467943,-0.07233253166968812,0.024207587409826502,-0.09654011907951462
2025-06-02 00:00:00+00:00,4.066,4.171,3.952,4.148,3601436.52,4.5385,4.2092833333333335,41.665446146538045,-0.08475122575538396,0.0024158247767844115,-0.08716705053216837
2025-06-03 00:00:00+00:00,4.149,4.223,4.097,4.137,3668892.34,4.49635,4.210983333333333,41.38765025523664,-0.09439263877687942,-0.016945867933948356,-0.07744677084293107
2025-06-04 00:00:00+00:00,4.137,4.214,3.985,4.006,5036516.92,4.4577,4.2118166666666665,38.12740464373366,-0.1113208952606497,-0.035820873399288626,-0.07550002186136107
2025-06-05 00:00:00+00:00,4.006,4.078,3.742,3.814,6640572.84,4.4106499999999995,4.214,33.911064944448995,-0.13863139939738556,-0.056382978598908014,-0.08224842079847755
2025-06-06 00:00:00+00:00,3.814,3.992,3.802,3.884,3530206.93,4.37425,4.21885,36.66117362318595,-0.15286462743161078,-0.07567930836544856,-0.07718531906616222
2025-06-07 00:00:00+00:00,3.886,4.058,3.868,4.031,2274474.36,4.33615,4.229733333333333,42.10914760891995,-0.15054747415436154,-0.09065294152323117,-0.05989453263113037
2025-06-08 00:00:00+00:00,4.031,4.112,3.977,4.025,2726928.43,4.3076,4.2360999999999995,41.950541036998,-0.14749503242256257,-0.10202135970309745,-0.04547367271946512
2025-06-09 00:00:00+00:00,4.026,4.162,3.963,4.151,4628656.78,4.2813,4.247566666666667,46.50717594134524,-0.13337138112360414,-0.1082913639871988,-0.02508001713640534
2025-06-10 00:00:00+00:00,4.152,4.317,4.097,4.294,6662210.27,4.2589999999999995,4.25985,51.18997243870021,-0.10937853317001967,-0.10850879782376296,-0.0008697353462567003
2025-06-11 00:00:00+00:00,4.295,4.346,4.146,4.189,5328497.22,4.22105,4.267783333333333,47.875881031964,-0.09771030718735307,-0.10634909969648099,0.008638792509127913
2025-06-12 00:00:00+00:00,4.188,4.204,3.907,3.919,5999705.47,4.18895,4.271966666666667,40.59745398139543,-0.10899348845805701,-0.1068779774487962,-0.002115511009260815
2025-06-13 00:00:00+00:00,3.919,3.919,3.664,3.838,9117736.81,4.153599999999999,4.274649999999999,38.696805482623326,-0.12305303516920052,-0.11011298899287707,-0.012940046176323453
2025-06-14 00:00:00+00:00,3.838,3.846,3.716,3.781,2930108.58,4.1165,4.279016666666666,37.37090436497801,-0.1372130442999353,-0.11553300005428872,-0.021680044245646582
2025-06-15 00:00:00+00:00,3.782,3.834,3.735,3.821,1774308.52,4.084149999999999,4.283416666666667,38.95171308522001,-0.14355250394025454,-0.1211369008314819,-0.022415603108772636
2025-06-16 00:00:00+00:00,3.821,3.991,3.786,3.847,4011866.39,4.0497499999999995,4.286966666666667,40.01162151284309,-0.14480931700386357,-0.12587138406595824,-0.018937932937905327
2025-06-17 00:00:00+00:00,3.846,3.897,3.663,3.719,5144535.08,4.006349999999999,4.2877,36.6390556467644,-0.15435457718755918,-0.13156802269027842,-0.02278655449728076
2025-06-18 00:00:00+00:00,3.719,3.786,3.572,3.622,6307506.25,3.97085,4.2834,34.280897537418426,-0.16781192260569622,-0.138816802673362,-0.028995119932334223
2025-06-19 00:00:00+00:00,3.622,3.657,3.496,3.548,6333647.02,3.9457999999999998,4.2779,32.55923695624409,-0.18234617417140786,-0.14752267697297117,-0.03482349719843669
2025-06-20 00:00:00+00:00,3.547,3.577,3.33,3.437,7730014.2,3.91385,4.2721833333333326,30.115984420138233,-0.20051009007991238,-0.15812015959435943,-0.04238993048555295
2025-06-21 00:00:00+00:00,3.437,3.508,3.209,3.324,5927367.37,3.87675,4.2608,27.826718307689504,-0.22147030806999535,-0.1707901892894866,-0.05068011878050874
2025-06-22 00:00:00+00:00,3.325,3.363,3.007,3.153,11019675.81,3.8270000000000004,4.245133333333333,24.759507864875516,-0.24900927876798074,-0.18643400718518544,-0.0625752715827953
2025-06-23 00:00:00+00:00,3.153,3.421,3.111,3.416,8879579.75,3.79095,4.230916666666666,36.37536377746377,-0.2467676258530922,-0.1985007309187668,-0.0482668949343254
2025-06-24 00:00:00+00:00,3.416,3.525,3.385,3.439,4687786.75,3.7626,4.217333333333333,37.28719112338488,-0.2403644205681723,-0.20687346884864793,-0.033490951719524376
2025-06-25 00:00:00+00:00,3.438,3.465,3.341,3.352,3894305.42,3.7394999999999996,4.20215,35.2304412332074,-0.23954863955499395,-0.21340850298991715,-0.0261401365650768
2025-06-26 00:00:00+00:00,3.352,3.433,3.271,3.299,3980149.78,3.7102500000000007,4.1889666666666665,34.00005152561903,-0.2404075160882022,-0.21880830560957415,-0.02159921047862806
2025-06-27 00:00:00+00:00,3.299,3.394,3.274,3.359,3955846.51,3.67665,4.17425,36.695429873325836,-0.23355441347361294,-0.22175752718238192,-0.011796886291231018
2025-06-28 00:00:00+00:00,3.36,3.426,3.33,3.407,1866680.64,3.6457499999999996,4.1619166666666665,38.84706255435032,-0.2216945249468143,-0.2217449267352684,5.040178845411303e-05
2025-06-29 00:00:00+00:00,3.408,3.582,3.379,3.541,2800833.68,3.6152499999999996,4.153183333333334,44.51656151845556,-0.1991866974691594,-0.21723328088204663,0.01804658341288723
2025-06-30 00:00:00+00:00,3.542,3.56,3.352,3.397,3677669.93,3.5704000000000002,4.140183333333333,40.20306996335638,-0.19076960531465303,-0.21194054576856794,0.021170940453914905
2025-07-01 00:00:00+00:00,3.397,3.42,3.256,3.281,3435357.79,3.525,4.125516666666667,37.08566255529247,-0.191254566101696,-0.20780334983519355,0.016548783733497552
2025-07-02 00:00:00+00:00,3.28,3.625,3.241,3.545,6939908.98,3.5062999999999995,4.117466666666667,47.13297364855635,-0.16839515285961593,-0.19992171044007806,0.03152655758046213
2025-07-03 00:00:00+00:00,3.545,3.665,3.499,3.539,5719860.72,3.4913499999999997,4.111116666666667,46.94946233155274,-0.14904495555759256,-0.18974635946358098,0.04070140390598842
2025-07-04 00:00:00+00:00,3.539,3.561,3.313,3.358,5659272.37,3.4701999999999997,4.101783333333334,41.677722187137626,-0.14662477299267263,-0.1811220421693993,0.034497269176726686
2025-07-05 00:00:00+00:00,3.358,3.39,3.308,3.356,2237505.07,3.4469499999999997,4.0915333333333335,41.62210826168345,-0.14321722513704982,-0.1735410787629294,0.030323853625879582
2025-07-06 00:00:00+00:00,3.356,3.448,3.328,3.395,3771010.63,3.4243500000000004,4.081966666666667,43.21338192428472,-0.13580427767025638,-0.16599371854439482,0.03018944087413844
2025-07-07 00:00:00+00:00,3.395,3.437,3.323,3.369,2853677.78,3.40685,4.0638499999999995,42.383930193056266,-0.13052285982396228,-0.15889954680030832,0.028376686976346044
2025-07-08 00:00:00+00:00,3.369,3.477,3.327,3.448,3238505.57,3.39815,4.041333333333333,45.788798518135806,-0.11859556253898607,-0.15083874994804386,0.032243187409057794
2025-07-09 00:00:00+00:00,3.448,3.659,3.417,3.62,5645429.86,3.40175,4.013183333333333,52.38623548774194,-0.09417849985088189,-0.13950669992861148,0.045328200077729586
2025-07-10 00:00:00+00:00,3.62,3.893,3.59,3.881,7702932.38,3.42395,3.9929166666666664,60.28467174098119,-0.05315455045306949,-0.12223627003350308,0.06908171958043359
2025-07-11 00:00:00+00:00,3.882,4.11,3.81,3.907,11587795.88,3.4531,3.9735666666666662,60.97909374424165,-0.018333455620560546,-0.10145570715091458,0.08312225153035403
2025-07-12 00:00:00+00:00,3.906,4.065,3.796,3.891,6362410.61,3.4899999999999998,3.951833333333333,60.28058142887551,0.007880603927650665,-0.07958844493520154,0.0874690488628522
2025-07-13 00:00:00+00:00,3.891,4.067,3.876,3.984,4490493.77,3.5183999999999997,3.9352333333333336,62.93805502388757,0.03574768073690304,-0.05652121980078062,0.09226890053768366
2025-07-14 00:00:00+00:00,3.986,4.196,3.901,3.95,7927204.23,3.54395,3.9214166666666666,61.32269996743272,0.05446122888390237,-0.034324730063844025,0.0887859589477464
2025-07-15 00:00:00+00:00,3.951,4.099,3.8,4.083,7487065.71,3.5805,3.9102166666666665,65.0965170929677,0.07911188650466983,-0.011637406750141254,0.09074929325481108
2025-07-16 00:00:00+00:00,4.082,4.269,4.011,4.156,8644793.78,3.6233500000000007,3.9026166666666664,66.99977442941332,0.10334688166048789,0.011359450931984575,0.09198743072850331
2025-07-17 00:00:00+00:00,4.156,4.303,4.065,4.26,10269842.37,3.6683999999999997,3.893733333333333,69.54746868342932,0.12945296753287572,0.03497815425216281,0.09447481328071292
2025-07-18 00:00:00+00:00,4.26,4.624,4.137,4.227,15308346.29,3.7094,3.887583333333333,67.75987713413028,0.14579872748949985,0.05714226889963022,0.08865645858986962
2025-07-19 00:00:00+00:00,4.228,4.454,4.133,4.409,5326771.73,3.7528000000000006,3.8831166666666665,72.02983956764359,0.17146222913654707,0.0800062609470136,0.09145596818953347
2025-07-20 00:00:00+00:00,4.41,4.587,4.348,4.48,8442881.82,3.8069499999999996,3.8787833333333332,73.50411117907755,0.19527879334279152,0.10306076742616918,0.09221802591662234
2025-07-21 00:00:00+00:00,4.48,4.673,4.395,4.499,10863654.36,3.86785,3.8712999999999997,73.90056588036441,0.21322876480531594,0.12509436690199854,0.0881343979033174
2025-07-22 00:00:00+00:00,4.499,4.554,4.279,4.549,12364489.73,3.91805,3.8710999999999998,74.96228786014132,0.22885077931521058,0.14584564938464095,0.08300512993056963
2025-07-23 00:00:00+00:00,4.551,4.551,4.0,4.113,13057291.53,3.94675,3.8639,54.241282090857965,0.20370163650313078,0.15741684680833892,0.046284789694791856
2025-07-24 00:00:00+00:00,4.114,4.202,3.894,4.0,13015319.69,3.97885,3.8551833333333336,50.35622170576775,0.17266226094947124,0.1604659296365654,0.012196331312905845
2025-07-25 00:00:00+00:00,4.001,4.1,3.863,4.088,8036783.72,4.01545,3.8488499999999997,53.16933402741259,0.15339594379547083,0.15905193246834648,-0.005655988672875645
2025-07-26 00:00:00+00:00,4.088,4.195,4.069,4.124,3803852.35,4.0519,3.8419999999999996,54.309972913024,0.13942494381674742,0.15512653473802668,-0.015701590921279263
2025-07-27 00:00:00+00:00,4.124,4.25,4.113,4.24,3861788.18,4.09545,3.8362166666666666,57.87072695783157,0.13614367666741423,0.1513299631239042,-0.015186286456489978
2025-07-28 00:00:00+00:00,4.239,4.309,3.93,3.965,8173653.83,4.1213,3.8301000000000003,48.267176118038975,0.11008406648867819,0.143080783796859,-0.03299671730818082
2025-07-29 00:00:00+00:00,3.965,4.084,3.82,3.905,8196464.85,4.13555,3.8277,46.45577010254013,0.08362614892427,0.13118985682234122,-0.04756370789807121
2025-07-30 00:00:00+00:00,3.905,3.921,3.626,3.805,9521746.16,4.131749999999999,3.8231833333333336,43.52402379626921,0.053966798708005026,0.11574524519947399,-0.061778446491468963
2025-07-31 00:00:00+00:00,3.807,3.921,3.665,3.682,6961247.47,4.1205,3.8167833333333334,40.16634725648722,0.0203024439948849,0.09665668495855619,-0.07635424096367129
2025-08-01 00:00:00+00:00,3.682,3.723,3.446,3.547,12325057.3,4.1033,3.8067666666666664,36.80984356334995,-0.017073360341546273,0.0739106758985357,-0.09098403624008197
2025-08-02 00:00:00+00:00,3.547,3.631,3.427,3.509,7331432.98,4.07955,3.7963000000000005,35.90043505358345,-0.04919316874938806,0.04928990696895095,-0.098483075718339
2025-08-03 00:00:00+00:00,3.508,3.627,3.459,3.602,4271487.01,4.06215,3.7895666666666665,39.819096811291786,-0.06637885147633682,0.026156155279893394,-0.09253500675623022
2025-08-04 00:00:00+00:00,3.603,3.757,3.597,3.72,5254660.42,4.044,3.788,44.45871618181027,-0.06967385815441496,0.006990152593031726,-0.07666401074744668
2025-08-05 00:00:00+00:00,3.72,3.725,3.538,3.621,4867850.77,4.01725,3.7836166666666666,41.56354589104784,-0.0793588479089844,-0.010279647507371498,-0.0690792004016129
2025-08-06 00:00:00+00:00,3.62,3.696,3.553,3.673,4176179.49,3.9879000000000007,3.77765,43.63962501922974,-0.0818942803616074,-0.024602574078218677,-0.05729170628338872
2025-08-07 00:00:00+00:00,3.673,3.872,3.644,3.867,6942776.28,3.9699,3.7750166666666667,50.6795800143045,-0.06747167866082382,-0.033176394994739705,-0.034295283666084114
2025-08-08 00:00:00+00:00,3.867,3.998,3.809,3.979,9301135.78,3.9484000000000004,3.7721500000000003,54.23378127678591,-0.046468538540143545,-0.035834823703820476,-0.010633714836323069
2025-08-09 00:00:00+00:00,3.98,4.167,3.971,4.138,6335022.21,3.9313000000000002,3.76955,58.775633750277784,-0.016799770200121245,-0.03202781300308063,0.015228042802959384
2025-08-10 00:00:00+00:00,4.138,4.181,3.965,4.046,6706646.13,3.90865,3.7671666666666668,55.352672578449464,-0.0007025896465417958,-0.025762768331772865,0.02506017868523107
2025-08-11 00:00:00+00:00,4.047,4.158,3.817,3.854,8300985.31,3.8739000000000003,3.7660833333333334,48.94616418400781,-0.003399071097195616,-0.021290028884857416,0.0178909577876618
2025-08-12 00:00:00+00:00,3.854,4.234,3.837,4.157,9675655.97,3.8761,3.7714,57.337888927313365,0.018697977009525246,-0.013292427705980884,0.03199040471550613
2025-08-13 00:00:00+00:00,4.157,4.317,4.097,4.276,10297928.08,3.8899,3.7796499999999997,60.11098658457457,0.045290274221235105,-0.0015758873205376864,0.04686616154177279
2025-08-14 00:00:00+00:00,4.277,4.371,3.903,3.986,15790612.61,3.8848,3.7824,51.35093097085321,0.04247466349854401,0.007234222843278652,0.035240440655265354
2025-08-15 00:00:00+00:00,3.985,4.103,3.812,3.896,10343199.92,3.8734,3.7832166666666667,48.965994673989044,0.03260517175286193,0.012308412625195306,0.02029675912766662
2025-08-16 00:00:00+00:00,3.895,3.997,3.89,3.966,3322722.85,3.8597,3.7873333333333337,50.87696467638894,0.030085140650087272,0.0158637582301737,0.01422138241991357
2025-08-17 00:00:00+00:00,3.965,4.193,3.923,4.051,6055265.18,3.864,3.7944833333333334,53.17006642733265,0.0345485334823854,0.019600713280616043,0.014947820201769359
2025-08-18 00:00:00+00:00,4.052,4.062,3.83,3.914,9368368.75,3.86445,3.8005833333333334,49.184816928201506,0.026723003268574796,0.021025171278207792,0.005697831990367004
2025-08-19 00:00:00+00:00,3.915,3.96,3.712,3.719,7305952.56,3.86015,3.8052833333333336,44.11624535053759,0.004731798647856333,0.0177664967521375,-0.013034698104281168
2025-08-20 00:00:00+00:00,3.72,3.905,3.697,3.884,6469886.1,3.87025,3.8146166666666668,48.91351936885927,0.0006106919091406482,0.014335335783538131,-0.013724643874397483
2025-08-21 00:00:00+00:00,3.884,3.923,3.773,3.797,3624305.24,3.88275,3.82535,46.64005578750865,-0.009565225813888745,0.009555223464052756,-0.0191204492779415
2025-08-22 00:00:00+00:00,3.797,4.207,3.69,4.18,13159075.02,3.9162999999999997,3.838083333333333,56.27507105107576,0.013123901050562825,0.01026895898135477,0.002854942069208055
2025-08-23 00:00:00+00:00,4.181,4.265,4.026,4.228,7634548.17,3.9476,3.8512333333333335,57.315317500849176,0.03457978220019786,0.01513112362512339,0.01944865857507447
2025-08-24 00:00:00+00:00,4.228,4.283,4.013,4.11,10514865.37,3.9671,3.8638666666666666,53.9192491758506,0.041582768488940935,0.0204214525978869,0.021161315891054036
2025-08-25 00:00:00+00:00,4.11,4.146,3.689,3.734,12839625.21,3.97275,3.8711166666666665,44.80845549213105,0.0166012589603044,0.0196574138703704,-0.003056154910066
2025-08-26 00:00:00+00:00,3.733,3.923,3.708,3.887,5875192.67,3.98345,3.879916666666667,48.61341795776021,0.009044791278776998,0.01753488935205172,-0.008490098073274721
2025-08-27 00:00:00+00:00,3.887,3.934,3.824,3.837,5843493.47,3.9819500000000003,3.8870833333333334,47.4618598984244,-0.000967196691408212,0.013834472143359734,-0.014801668834767946
2025-08-28 00:00:00+00:00,3.837,4.021,3.807,3.981,9442655.7,3.98205,3.8944166666666664,51.05762947773729,0.00268685486119713,0.011604948686927215,-0.008918093825730085
2025-08-29 00:00:00+00:00,3.98,4.002,3.724,3.774,11616215.46,3.96385,3.9007,46.1662200769449,-0.010993724177202235,0.007085214114101325,-0.01807893829130356
2025-08-30 00:00:00+00:00,3.775,3.825,3.712,3.811,3739627.01,3.9520999999999993,3.9095333333333335,47.14100395725336,-0.018635275000140172,0.0019411162912530257,-0.020576391291393197
2025-08-31 00:00:00+00:00,3.81,3.875,3.735,3.742,5058032.28,3.9464999999999995,3.9128166666666666,45.48686672757441,-0.029914150716115362,-0.004429937110220652,-0.025484213605894708
2025-09-01 00:00:00+00:00,3.742,3.887,3.612,3.693,9277624.68,3.9233,3.915383333333333,44.29811908688899,-0.04231880661078424,-0.01200771101033337,-0.030311095600450873
2025-09-02 00:00:00+00:00,3.694,3.826,3.676,3.82,5209474.46,3.9005,3.923083333333333,48.085058353545115,-0.041424234373151236,-0.017891015682896944,-0.023533218690254293
2025-09-03 00:00:00+00:00,3.819,3.906,3.786,3.865,3962287.04,3.89445,3.931566666666667,49.39780616157065,-0.03666154405166466,-0.021645121356650487,-0.015016422695014176
2025-09-04 00:00:00+00:00,3.866,3.877,3.725,3.764,3587924.75,3.8878499999999994,3.9377166666666668,46.55252173671041,-0.04056927620375772,-0.025429952326071932,-0.015139323877685788
2025-09-05 00:00:00+00:00,3.764,3.894,3.757,3.828,5370012.94,3.88095,3.9453666666666667,48.573887940881995,-0.03806314867387339,-0.027956591595632223,-0.01010655707824117
2025-09-06 00:00:00+00:00,3.827,3.885,3.782,3.823,2898761.54,3.8695500000000003,3.9516166666666663,48.419818802222025,-0.03606475076671156,-0.029578223429848095,-0.0064865273368634666
2025-09-07 00:00:00+00:00,3.824,4.089,3.822,3.995,8531584.81,3.8735999999999997,3.957866666666667,53.8434399815455,-0.020367262369172412,-0.02773603121771296,0.007368768848540548
2025-09-08 00:00:00+00:00,3.996,4.082,3.981,4.045,8214086.86,3.8899,3.9606000000000003,55.31439819805631,-0.0038479508056399325,-0.022958415135298355,0.019110464329658423
2025-09-09 00:00:00+00:00,4.045,4.182,4.004,4.14,9473367.09,3.9027000000000003,3.9644833333333334,58.04990698958222,0.016716728633659805,-0.015023386381506725,0.031740115015166534
2025-09-10 00:00:00+00:00,4.139,4.227,4.054,4.216,8171709.85,3.9236500000000007,3.9699000000000004,60.151539241097325,0.03870083100195787,-0.004278542904813807,0.04297937390677167
2025-09-11 00:00:00+00:00,4.216,4.26,4.119,4.242,6936262.84,3.9267499999999997,3.9742,60.87370511066878,0.057557881791913346,0.008088742034531624,0.04946913975738172
2025-09-12 00:00:00+00:00,4.242,4.322,4.153,4.319,6911202.75,3.9313000000000002,3.9803500000000005,63.011631021354226,0.0778184442992349,0.02203468248747228,0.05578376181176262
2025-09-13 00:00:00+00:00,4.319,4.626,4.303,4.492,11803303.5,3.9504000000000006,3.9871666666666665,67.33082013857259,0.10660585430583502,0.038948916851144835,0.06765693745469019
2025-09-14 00:00:00+00:00,4.492,4.498,4.28,4.316,6172903.79,3.9795000000000003,3.989833333333334,59.69390013113691,0.11390532534455744,0.05394019854982736,0.05996512679473008
2025-09-15 00:00:00+00:00,4.316,4.405,4.104,4.151,7903428.85,3.9927,3.9880166666666663,53.560454111716574,0.10516382458749352,0.0641849237573606,0.04097890083013292
2025-09-16 00:00:00+00:00,4.151,4.295,4.109,4.253,7509246.75,4.0135,3.9884500000000003,56.5336830180671,0.10525337442640303,0.07239861389116908,0.03285476053523395
2025-09-17 00:00:00+00:00,4.254,4.432,4.136,4.403,8161416.41,4.034599999999999,3.9883499999999996,60.53521166756924,0.1160898778679833,0.08113686668653193,0.034953011181451374
2025-09-18 00:00:00+00:00,4.403,4.595,4.373,4.533,9989936.15,4.07255,3.9892333333333334,63.657842017233754,0.13362742469123923,0.0916349782874734,0.04199244640376583
2025-09-19 00:00:00+00:00,4.533,4.882,4.318,4.359,16139500.94,4.099950000000001,3.9869,57.140838074401394,0.13196450639388946,0.09970088390875662,0.03226362248513284
2025-09-20 00:00:00+00:00,4.358,4.463,4.289,4.356,6646556.19,4.13065,3.9836833333333335,57.03242675925523,0.12891846491996706,0.1055444001109987,0.02337406480896835
2025-09-21 00:00:00+00:00,4.356,4.387,4.236,4.262,4486161.2,4.1591000000000005,3.9861666666666666,53.600870434507684,0.11756423339572653,0.10794836676794428,0.009615866627782244
2025-09-22 00:00:00+00:00,4.261,4.279,3.821,4.037,13684796.77,4.16995,3.9867833333333333,46.403707871838314,0.08937998666424729,0.10423469074720489,-0.014854704082957595
2025-09-23 00:00:00+00:00,4.037,4.059,3.938,3.966,5764633.15,4.175,3.98475,44.37870961316355,0.06061591886420814,0.09551093637060555,-0.03489501750639741
2025-09-24 00:00:00+00:00,3.965,4.115,3.889,3.992,6311985.33,4.186400000000001,3.9825500000000003,45.319736966884925,0.03946326268054001,0.08430140163259245,-0.044838138952052436
2025-09-25 00:00:00+00:00,3.992,4.005,3.771,3.804,11887593.18,4.1852,3.975283333333333,40.044164328165195,0.007443794016063876,0.06892988010928675,-0.06148608609322287
2025-09-26 00:00:00+00:00,3.804,3.97,3.776,3.924,6107591.86,4.19025,3.9746,44.48628733033893,-0.008154864271102014,0.053512931233208993,-0.06166779550431101
2025-09-27 00:00:00+00:00,3.924,3.927,3.851,3.889,2788713.49,4.18495,3.9743333333333335,43.47455473119614,-0.023075125159666143,0.03819531995463397,-0.06127044511430011
2025-09-28 00:00:00+00:00,3.889,4.03,3.792,3.997,4451365.02,4.18255,3.977533333333333,47.44631603882343,-0.025886439244328763,0.025378968114841423,-0.051265407359170186
2025-09-29 00:00:00+00:00,3.997,4.023,3.858,3.98,6112476.63,4.17455,3.9825,46.887834053159665,-0.029150158948900717,0.014473142702092996,-0.043623301650993714
2025-09-30 00:00:00+00:00,3.98,3.992,3.808,3.909,4219657.99,4.1592,3.9885333333333337,44.53030809985602,-0.037038826421725624,0.004170748877329273,-0.0412095752990549
2025-10-01 00:00:00+00:00,3.909,4.126,3.883,4.126,6247286.83,4.1533999999999995,3.998816666666667,52.40671371670914,-0.025486770152039817,-0.0017607549285445453,-0.02372601522349527
2025-10-02 00:00:00+00:00,4.126,4.34,4.1,4.306,8406597.21,4.152749999999999,4.010549999999999,57.76408429872582,-0.0017865919333166502,-0.0017659223294989664,-2.0669603817683856e-05
2025-10-03 00:00:00+00:00,4.307,4.384,4.179,4.32,7021367.23,4.14415,4.020549999999999,58.158589312788195,0.01791909290395477,0.0021710807171917814,0.01574801218676299
2025-10-04 00:00:00+00:00,4.321,4.329,4.135,4.187,4829228.68,4.137700000000001,4.029983333333333,53.08568865932041,0.022544126974135992,0.006245689968580624,0.016298437005555368
2025-10-05 00:00:00+00:00,4.189,4.375,4.077,4.134,6376106.76,4.13685,4.037666666666667,51.170247042186226,0.021682895810043235,0.009333131136873146,0.012349764673170088
2025-10-06 00:00:00+00:00,4.134,4.439,4.109,4.398,9254105.48,4.1441,4.046516666666666,59.088809119170435,0.04182087258108069,0.015830679425714658,0.025990193155366034
2025-10-07 00:00:00+00:00,4.399,4.434,4.106,4.139,8608356.86,4.1309000000000005,4.049183333333334,50.445759874024496,0.03646092990789285,0.019956729522150295,0.016504200385742553
2025-10-08 00:00:00+00:00,4.139,4.241,4.063,4.194,7048183.35,4.11395,4.050116666666667,52.049744797753085,0.036233499837356575,0.02321208358519155,0.013021416252165026
2025-10-09 00:00:00+00:00,4.194,4.198,3.962,4.075,7419770.28,4.099749999999999,4.0506,48.39944294103233,0.02614951901471585,0.02379957067109641,0.0023499483436194395
2025-10-10 00:00:00+00:00,4.074,4.291,0.633,2.946,50685534.833,4.029249999999999,4.035466666666666,28.195892808993108,-0.07211171404022698,0.004617313728831731,-0.07672902776905871
2025-10-11 00:00:00+00:00,2.945,3.317,2.873,2.997,33673506.59,3.9659999999999997,4.016133333333333,29.6250059580926,-0.14420684860988064,-0.025147518738910746,-0.1190593298709699
2025-10-12 00:00:00+00:00,2.997,3.307,2.907,3.241,13812032.64,3.9262,3.998883333333333,36.170509196354125,-0.17958387029710332,-0.05603478905054927,-0.12354908124655406
2025-10-13 00:00:00+00:00,3.241,3.448,3.194,3.374,14008985.74,3.8966000000000003,3.9886833333333334,39.47501024168323,-0.19464468363840837,-0.08375676796812109,-0.11088791567028727
2025-10-14 00:00:00+00:00,3.375,3.399,3.066,3.248,13079428.0,3.8594,3.977883333333333,37.49459279951985,-0.21427757518913548,-0.10986092941232398,-0.1044166457768115
2025-10-15 00:00:00+00:00,3.248,3.341,3.089,3.137,8028268.55,3.826050000000001,3.9640666666666666,35.791076215397865,-0.2360722614446722,-0.13510319581879363,-0.10096906562587857
2025-10-16 00:00:00+00:00,3.137,3.208,2.97,3.016,11684100.23,3.78065,3.9468166666666664,33.978766540505546,-0.2601100098050537,-0.16010455861604567,-0.10000545118900805
2025-10-17 00:00:00+00:00,3.017,3.061,2.772,2.892,14335134.66,3.7308,3.9297833333333334,32.18043186804276,-0.28587052479048003,-0.18525775185093257,-0.10061277293954746
2025-10-18 00:00:00+00:00,2.892,2.971,2.889,2.932,3912674.58,3.67755,3.9166666666666665,33.404846530833424,-0.2996045975022472,-0.2081271209811955,-0.0914774765210517
2025-10-19 00:00:00+00:00,2.933,3.057,2.886,3.009,5985335.93,3.629,3.902083333333333,35.807404392260025,-0.3008081633305295,-0.22666332945106232,-0.07414483387946719
2025-10-20 00:00:00+00:00,3.009,3.132,2.949,3.086,6738711.38,3.5878499999999995,3.8902333333333337,38.20815516072086,-0.29218066461102943,-0.23976679648305577,-0.05241386812797366
2025-10-21 00:00:00+00:00,3.085,3.19,2.95,3.006,8717666.16,3.53185,3.8706666666666667,36.6735419194449,-0.28847330049049713,-0.24950809728454404,-0.03896520320595309
2025-10-22 00:00:00+00:00,3.005,3.028,2.834,2.918,7679721.12,3.4624500000000005,3.848833333333333,35.00788294498575,-0.28930116848164156,-0.25746671152396355,-0.031834456957678
2025-10-23 00:00:00+00:00,2.919,3.036,2.912,3.002,5244770.87,3.39655,3.830366666666667,37.90694529699931,-0.2799520488908671,-0.2619637789973443,-0.017988269893522812
2025-10-24 00:00:00+00:00,3.003,3.125,2.992,3.078,4802271.08,3.3411,3.8194333333333335,40.493263719267254,-0.2633742252925009,-0.26224586825637564,-0.0011283570361252382
2025-10-25 00:00:00+00:00,3.079,3.106,3.027,3.09,2210795.91,3.2889000000000004,3.80615,40.91176072367366,-0.2464272213303338,-0.25908213887116727,0.012654917540833477
2025-10-26 00:00:00+00:00,3.091,3.239,3.059,3.195,3798617.54,3.2287500000000002,3.79545,44.584183681407204,-0.22196529832487144,-0.2516587707619081,0.029693472437036683
2025-10-27 00:00:00+00:00,3.195,3.247,3.119,3.139,5085535.81,3.17875,3.781416666666667,43.04750508583704,-0.20473769143085008,-0.24227455489569652,0.03753686346484644
2025-10-28 00:00:00+00:00,3.138,3.195,2.992,3.051,6077354.59,3.1216,3.769366666666667,40.67498987884541,-0.19592702857734734,-0.2330050496320267,0.03707802105467936
2025-10-29 00:00:00+00:00,3.05,3.177,3.023,3.079,5626477.7,3.0718,3.757166666666667,41.77458711158772,-0.18455768271118567,-0.2233155762478585,0.03875789353667283
2025-10-30 00:00:00+00:00,3.08,3.118,2.78,2.871,10939988.93,3.06805,3.74265,36.380105052689906,-0.19013944668828264,-0.21668035033594332,0.02654090364766068
2025-10-31 00:00:00+00:00,2.871,2.925,2.827,2.882,5497768.43,3.0623,3.729133333333333,36.84457995115779,-0.19146829941463217,-0.2116379401516811,0.02016964073704894
2025-11-01 00:00:00+00:00,2.882,2.974,2.865,2.971,4217933.18,3.0488,3.7149833333333335,40.62184945345536,-0.1832277333237129,-0.2059558987860875,0.022728165462374605
2025-11-02 00:00:00+00:00,2.971,3.016,2.866,2.985,4366321.14,3.02935,3.7003166666666667,41.21742745084986,-0.17356657489551486,-0.19947803400797298,0.025911459112458124
2025-11-03 00:00:00+00:00,2.985,2.993,2.5,2.585,14377248.98,2.9962,3.6806666666666663,31.49678714548736,-0.19592815647005413,-0.1987680585003892,0.002839902030335073
2025-11-04 00:00:00+00:00,2.585,2.662,2.343,2.508,16629831.45,2.96475,3.6586666666666665,30.02865454665654,-0.21735756475244195,-0.20248595975079978,-0.014871605001642169
2025-11-05 00:00:00+00:00,2.508,2.685,2.384,2.672,8870378.0,2.94755,3.639483333333333,36.78704003250482,-0.21858735682835917,-0.20570623916631167,-0.012881117662047498
2025-11-06 00:00:00+00:00,2.671,2.683,2.527,2.669,9282186.59,2.9364,3.6173833333333336,36.71717592827527,-0.21729916136842675,-0.20802482360673472,-0.009274337761692036
2025-11-07 00:00:00+00:00,2.669,3.34,2.664,3.254,30723299.04,2.9524999999999997,3.6041999999999996,54.75989981046035,-0.16714688103522146,-0.19984923509243208,0.032702354057210614
2025-11-08 00:00:00+00:00,3.254,3.533,3.086,3.252,23331422.94,2.96465,3.5894,54.70247731544161,-0.1261085203065253,-0.18510109213525072,0.058992571828725415
2025-11-09 00:00:00+00:00,3.252,3.31,3.037,3.232,12947626.4,2.97195,3.573,54.09162791881504,-0.09411426594294214,-0.166903726896789,0.07278946095384686
2025-11-10 00:00:00+00:00,3.232,3.316,3.125,3.266,13970827.39,2.98495,3.5567333333333333,55.01136474962511,-0.06526276447924717,-0.14657553441328067,0.0813127699340335
2025-11-11 00:00:00+00:00,3.267,3.387,3.041,3.054,11303001.65,2.9917499999999997,3.5356499999999995,48.48831878517292,-0.058826257469466015,-0.12902567902451775,0.07019942155505174
2025-11-12 00:00:00+00:00,3.055,3.146,2.876,2.927,9353590.68,2.9880000000000004,3.5095666666666663,45.04264286700778,-0.06324407952767741,-0.1158693591251497,0.05262527959747229
2025-11-13 00:00:00+00:00,2.928,3.045,2.763,2.853,8814259.15,2.97675,3.485183333333333,43.119872367794194,-0.07188773977809815,-0.1070730352557394,0.03518529547764125
2025-11-14 00:00:00+00:00,2.853,2.921,2.749,2.815,10689974.59,2.963,3.4629166666666666,42.125419097397064,-0.08087194379448892,-0.10183281696348931,0.020960873169000388
2025-11-15 00:00:00+00:00,2.815,2.949,2.813,2.832,4839072.65,2.94485,3.439233333333333,42.76140267913706,-0.08563310712591221,-0.0985928749959739,0.012959767870061686
2025-11-16 00:00:00+00:00,2.832,2.899,2.695,2.784,5772741.72,2.9271000000000003,3.4122500000000002,41.37875211940457,-0.09221654726163253,-0.09731760944910564,0.00510106218747311
2025-11-17 00:00:00+00:00,2.785,2.867,2.627,2.666,8259234.67,2.90785,3.381133333333333,38.115936454987796,-0.10573671776954274,-0.09900143111319307,-0.006735286656349676
2025-11-18 00:00:00+00:00,2.666,2.802,2.617,2.755,7655812.28,2.89165,3.3544,41.84092807209949,-0.10802475201055994,-0.10080609529266646,-0.007218656717893485
2025-11-19 00:00:00+00:00,2.755,2.767,2.569,2.692,6386470.03,2.8827000000000003,3.326666666666667,40.00524122571688,-0.11361196115083771,-0.10336726846430072,-0.010244692686536994
2025-11-20 00:00:00+00:00,2.693,2.82,2.503,2.543,9026877.87,2.86575,3.298016666666667,35.984191543082275,-0.12858072089150152,-0.10840995894974088,-0.020170761941760637
2025-11-21 00:00:00+00:00,2.543,2.593,2.252,2.348,12620524.53,2.8346,3.2698666666666667,31.51910888970113,-0.15439862985194752,-0.11760769313018221,-0.03679093672176531
2025-11-22 00:00:00+00:00,2.348,2.357,2.257,2.311,5480201.78,2.8009,3.2422833333333334,30.73969331633971,-0.1758183747086859,-0.12924982944588295,-0.046568545262802935
2025-11-23 00:00:00+00:00,2.311,2.37,2.248,2.258,4928467.72,2.7845500000000003,3.2133833333333333,29.61017080698018,-0.19482451811828128,-0.14236476718036262,-0.05245975093791866
2025-11-24 00:00:00+00:00,2.258,2.397,2.242,2.34,7557391.45,2.77615,3.1889833333333333,33.67105950196235,-0.20095383824695867,-0.15408258139368183,-0.04687125685327684
2025-11-25 00:00:00+00:00,2.34,2.349,2.176,2.296,7202523.95,2.7573499999999997,3.1618500000000003,32.584760899619724,-0.2069759114161851,-0.1646612473981825,-0.0423146640180026
2025-11-26 00:00:00+00:00,2.296,2.371,2.24,2.344,5647328.47,2.7411,3.1361,35.04664318472891,-0.20550630023633465,-0.17283025796581294,-0.032676042270521705
2025-11-27 00:00:00+00:00,2.344,2.39,2.308,2.337,4044236.62,2.69525,3.108433333333333,34.84678890414797,-0.2025713478847555,-0.17877847594960145,-0.02379287193515406
2025-11-28 00:00:00+00:00,2.336,2.376,2.26,2.284,4916940.56,2.64685,3.0801666666666665,33.29849247312231,-0.20219129863055807,-0.1834610404857928,-0.018730258144765283
2025-11-29 00:00:00+00:00,2.284,2.298,2.227,2.259,2700560.48,2.5982,3.0526666666666666,32.56351926964771,-0.20158366689430007,-0.18708556576749424,-0.014498101126805829
2025-11-30 00:00:00+00:00,2.258,2.293,2.204,2.21,2272280.97,2.5454,3.0207333333333333,31.113937677231746,-0.20271918428732594,-0.19021228947146057,-0.012506894815865366
2025-12-01 00:00:00+00:00,2.209,2.209,1.961,2.042,12815413.41,2.4947999999999997,2.983,26.721808860759666,-0.2147003539338579,-0.19510990236394005,-0.019590451569917844
2025-12-02 00:00:00+00:00,2.042,2.286,2.033,2.249,8246867.07,2.4608999999999996,2.948483333333334,38.28228400526908,-0.20512776201665206,-0.19711347429448248,-0.008014287722169583
2025-12-03 00:00:00+00:00,2.25,2.4,2.241,2.366,7695403.08,2.43655,2.918133333333333,43.68969095101039,-0.18595689641751223,-0.19488215871908843,0.008925262301576198
2025-12-04 00:00:00+00:00,2.365,2.376,2.245,2.272,6470520.84,2.4093999999999998,2.8870999999999998,40.611108904188725,-0.1763163960601517,-0.1911690061873011,0.01485261012714939
2025-12-05 00:00:00+00:00,2.272,2.308,2.084,2.125,6393803.73,2.3740499999999995,2.8492166666666665,36.3029843338716,-0.17848048955726092,-0.1886313028612931,0.010150813304032169
2025-12-06 00:00:00+00:00,2.125,2.164,2.087,2.128,3686360.78,2.3412499999999996,2.8157,36.451147319799254,-0.17790272247314665,-0.1864855867836638,0.008582864310517163
2025-12-07 00:00:00+00:00,2.128,2.16,2.04,2.094,6185412.28,2.31265,2.7807,35.44487296121251,-0.1781349252138189,-0.18481545446969486,0.00668052925587595
2025-12-08 00:00:00+00:00,2.094,2.179,2.084,2.129,7982758.73,2.2813499999999998,2.748266666666667,37.361854394134554,-0.17349480000820572,-0.18255132357739706,0.009056523569191344
2025-12-09 00:00:00+00:00,2.13,2.393,2.089,2.293,10684211.99,2.2613999999999996,2.7373833333333333,45.524793204418714,-0.15479960447664842,-0.17700097975724732,0.0222013752805989
2025-12-10 00:00:00+00:00,2.292,2.316,2.183,2.19,6862399.14,2.24375,2.723933333333333,41.83715853143136,-0.14660479767013923,-0.1709217433398257,0.02431694566968648
2025-12-11 00:00:00+00:00,2.19,2.193,2.008,2.066,11632964.04,2.22965,2.70435,37.86102120340156,-0.14840539293375565,-0.1664184732586117,0.018013080324856046
2025-12-12 00:00:00+00:00,2.066,2.096,1.945,2.012,8591083.66,2.2146999999999997,2.68165,36.24550930993212,-0.15243257847723024,-0.1636212943023354,0.011188715825105167
2025-12-13 00:00:00+00:00,2.012,2.058,2.008,2.038,2858760.03,2.2037,2.6614833333333334,37.62554050228142,-0.15177658335058242,-0.16125235211198483,0.009475768761402409
2025-12-14 00:00:00+00:00,2.037,2.046,1.932,1.952,5678126.98,2.1843,2.6417333333333333,34.93206996122444,-0.15639337824166333,-0.16028055733792054,0.003887179096257215
2025-12-15 00:00:00+00:00,1.953,2.01,1.829,1.902,8037020.67,2.1646,2.6231666666666666,33.4335312440503,-0.16221686850400152,-0.16066781957113674,-0.0015490489328647827
2025-12-16 00:00:00+00:00,1.902,1.943,1.862,1.898,5523119.29,2.1422999999999996,2.6066000000000003,33.310419800634946,-0.16524989513684174,-0.16158423468427774,-0.0036656604525640013
2025-12-17 00:00:00+00:00,1.898,1.955,1.79,1.816,9627196.53,2.11625,2.588,30.806091189792795,-0.17228431890745055,-0.1637242515289123,-0.00856006737853826
2025-12-18 00:00:00+00:00,1.815,1.889,1.722,1.759,9653339.53,2.09,2.5671666666666666,29.16469173010111,-0.18037927406781407,-0.16705525603669266,-0.013324018031121404
2025-12-19 00:00:00+00:00,1.76,1.88,1.738,1.849,8061605.69,2.0694999999999997,2.5465499999999994,35.04925409101341,-0.17748638396191252,-0.16914148162173664,-0.008344902340175875
2025-12-20 00:00:00+00:00,1.849,1.869,1.827,1.832,2802648.5,2.0505999999999998,2.5269833333333334,34.46680693619845,-0.17455336312154102,-0.17022385792169753,-0.004329505199843486
2025-12-21 00:00:00+00:00,1.832,1.852,1.751,1.802,4326686.91,2.0385999999999997,2.5083833333333336,33.41161318705514,-0.1726593625984969,-0.17071095885705742,-0.0019484037414394806
2025-12-22 00:00:00+00:00,1.803,1.854,1.757,1.784,6861199.0,2.01535,2.4880833333333334,32.763490453336786,-0.1706437284268989,-0.17069751277102574,5.37843441268393e-05
2025-12-23 00:00:00+00:00,1.784,1.802,1.728,1.765,5729160.19,1.9852999999999998,2.4662,32.05661444248254,-0.1686355395069643,-0.17028511811821345,0.0016495786112491473
2025-12-24 00:00:00+00:00,1.764,1.776,1.706,1.738,4384897.36,1.9586000000000001,2.4436666666666667,31.032006348518465,-0.16729424574340301,-0.16968694364325138,0.0023926978998483617
2025-12-25 00:00:00+00:00,1.738,1.753,1.678,1.685,4915432.64,1.9365999999999999,2.4185000000000003,29.067961105929484,-0.16856480765806725,-0.16946251644621457,0.0008977087881473222
2025-12-26 00:00:00+00:00,1.685,1.753,1.653,1.723,7309973.8,1.91635,2.3949,32.37283740788371,-0.16460795664923622,-0.16849160448681894,0.0038836478375827155
2025-12-27 00:00:00+00:00,1.724,1.928,1.723,1.91,9958154.22,1.9071500000000001,2.3758833333333333,45.76461396350574,-0.14471460663776758,-0.1637362049170087,0.019021598279241103
2025-12-28 00:00:00+00:00,1.91,1.915,1.828,1.851,4854587.77,1.89325,2.3554166666666663,42.879507117467625,-0.13218603205171386,-0.15742617034394973,0.02524013829223587
2025-12-29 00:00:00+00:00,1.851,1.904,1.818,1.824,7103805.42,1.8698000000000001,2.3379666666666665,41.58742370536946,-0.1230176498882618,-0.15054446625281215,0.027526816364550344
2025-12-30 00:00:00+00:00,1.823,1.847,1.792,1.811,4858758.99,1.8508499999999999,2.320116666666667,40.94763892746667,-0.11546957098654564,-0.14352948719955885,0.02805991621301321
2025-12-31 00:00:00+00:00,1.811,1.845,1.762,1.789,3980800.81,1.8370000000000002,2.3004166666666666,39.830889089014235,-0.10999492716341708,-0.1368225751923305,0.02682764802891341
2026-01-01 00:00:00+00:00,1.789,2.033,1.765,1.999,10513359.81,1.8363500000000001,2.283983333333333,53.00591619920187,-0.08770003610924593,-0.12699806737571356,0.03929803126646764
2026-01-02 00:00:00+00:00,1.998,2.17,1.968,2.166,10929863.57,1.8427499999999999,2.277,60.42687657552276,-0.05591116094020321,-0.1127806860886115,0.05686952514840829
2026-01-03 00:00:00+00:00,2.165,2.22,2.108,2.125,6758275.83,1.8514,2.2706166666666667,58.00509411015141,-0.03363883810474033,-0.09695231649183728,0.06331347838709694
2026-01-04 00:00:00+00:00,2.125,2.18,2.116,2.142,4649012.22,1.8634,2.2617833333333333,58.74341976354228,-0.014449538582884669,-0.08045176091004676,0.06600222232716209
2026-01-05 00:00:00+00:00,2.143,2.238,2.096,2.208,8403018.63,1.8789000000000002,2.2540999999999998,61.56842481503762,0.006014437265668082,-0.06315852127490379,0.06917295854057187
2026-01-06 00:00:00+00:00,2.207,2.263,2.112,2.235,8857748.56,1.89985,2.2371166666666666,62.69383570393557,0.024132772334868324,-0.04570026255294937,0.0698330348878177
2026-01-07 00:00:00+00:00,2.234,2.249,2.12,2.145,5563858.69,1.9191500000000001,2.2186666666666666,56.73032966158605,0.03087354457045377,-0.030385501128268745,0.061259045698722515
2026-01-08 00:00:00+00:00,2.145,2.159,2.084,2.111,4670604.57,1.9322500000000002,2.1999833333333334,54.616725890765046,0.03309069040095025,-0.017690262822424946,0.0507809532233752
2026-01-09 00:00:00+00:00,2.111,2.144,2.048,2.083,4701944.8,1.9448,2.180266666666667,52.86977955142172,0.03221705034904909,-0.007708800188130139,0.03992585053717923
2026-01-10 00:00:00+00:00,2.083,2.13,2.069,2.093,2303538.23,1.9593500000000001,2.16425,53.44253584850877,0.03196314944970746,0.00022558973943738111,0.03173755971027008
2026-01-11 00:00:00+00:00,2.093,2.125,2.034,2.07,2644638.02,1.97365,2.1499666666666664,51.8808628153136,0.02956521399353118,0.006093514590256142,0.023471699403275037
2026-01-12 00:00:00+00:00,2.071,2.153,2.022,2.055,5469757.83,1.9881500000000003,2.1366666666666663,50.83750002147489,0.02615298292110202,0.010105408256425318,0.0160475746646767
2026-01-13 00:00:00+00:00,2.054,2.343,2.052,2.282,13301063.71,2.0153499999999998,2.1277833333333334,62.973174456190065,0.04128980492508383,0.01634228759015702,0.024947517334926807
2026-01-14 00:00:00+00:00,2.283,2.298,2.195,2.226,7108770.22,2.0423999999999998,2.1176833333333334,59.09751147580844,0.04821136284928507,0.022716102641982632,0.025495260207302434
2026-01-15 00:00:00+00:00,2.225,2.239,2.097,2.117,6339482.62,2.0621,2.1065666666666667,52.34467710664358,0.04438966193121763,0.027050814499829635,0.017338847431387992
2026-01-16 00:00:00+00:00,2.117,2.156,2.056,2.119,5970610.99,2.07255,2.09745,52.452035749436625,0.041049130876535056,0.029850477775170723,0.011198653101364333
2026-01-17 00:00:00+00:00,2.12,2.235,2.113,2.179,5627984.65,2.0889499999999996,2.08785,55.67793999129874,0.04275043411430213,0.032430469042997005,0.010319965071305122
2026-01-18 00:00:00+00:00,2.178,2.203,2.063,2.065,5133672.79,2.101,2.0774,48.89082518058485,0.03450216247307347,0.0328448077290123,0.0016573547440611736
2026-01-19 00:00:00+00:00,2.065,2.065,1.834,2.028,11523563.0,2.11185,2.0688166666666663,46.89284941364916,0.02469508739834314,0.03121486366287847,-0.006519776264535329
2026-01-20 00:00:00+00:00,2.028,2.051,1.881,1.897,7570140.82,2.11725,2.0613,40.57114269415483,0.006279913623003619,0.026227873654903498,-0.01994796003189988
2026-01-21 00:00:00+00:00,1.898,2.0,1.873,1.955,5604820.5,2.1150499999999997,2.0553666666666666,44.160452864187626,-0.0035927144189060733,0.020263756040141585,-0.02385647045904766
2026-01-22 00:00:00+00:00,1.955,1.982,1.905,1.927,2987992.66,2.1031000000000004,2.04985,42.81603349014213,-0.013520355028163955,0.013506933826480477,-0.02702728885464443
2026-01-23 00:00:00+00:00,1.927,1.984,1.897,1.926,3817856.64,2.09315,2.04295,42.765957897251624,-0.0212241149923611,0.006560724062712163,-0.02778483905507326
2026-01-24 00:00:00+00:00,1.926,1.941,1.899,1.93,1695777.33,2.08255,2.03685,43.05286166285793,-0.02669886579060865,-9.1193907951999e-05,-0.026607671882656652
2026-01-25 00:00:00+00:00,1.929,1.944,1.78,1.823,5011621.15,2.0633,2.0281666666666665,37.62021376401537,-0.03921955241840247,-0.007916865610042094,-0.031302686808360375
2026-01-26 00:00:00+00:00,1.823,1.898,1.818,1.875,4395513.56,2.0453,2.0204666666666666,41.48462867649993,-0.04443411256931307,-0.015220315001896289,-0.02921379756741678
2026-01-27 00:00:00+00:00,1.876,1.899,1.828,1.876,3778155.37,2.03185,2.0136666666666665,41.559606760206464,-0.04793345043604602,-0.021762942088726235,-0.026170508347319786
2026-01-28 00:00:00+00:00,1.877,1.896,1.831,1.87,6001177.52,2.0198,2.0071833333333333,41.21834248395934,-0.050607479244044073,-0.027531849519789806,-0.023075629724254268
2026-01-29 00:00:00+00:00,1.87,1.875,1.697,1.736,7419230.56,2.00245,1.9992833333333335,34.420451534745425,-0.06281525133869748,-0.03458852988357134,-0.028226721455126134
2026-01-30 00:00:00+00:00,1.736,1.748,1.652,1.69,8782609.93,1.9823,1.9934166666666668,32.4424139129561,-0.0753334174944662,-0.042737507405750316,-0.03259591008871589
2026-01-31 00:00:00+00:00,1.69,1.691,1.399,1.547,14030240.75,1.9561499999999998,1.9817166666666668,27.20790467273264,-0.0956900044541773,-0.053328006815435716,-0.042361997638741586
2026-02-01 00:00:00+00:00,1.548,1.56,1.459,1.495,7323300.46,1.9281499999999998,1.9672000000000003,25.59093822657627,-0.11469656113823379,-0.06560171767999534,-0.049094843458238446
2026-02-02 00:00:00+00:00,1.496,1.576,1.452,1.543,7959613.28,1.8912,1.95505,29.74168480746657,-0.12445159488057733,-0.07737169312011175,-0.04707990176046559
2026-02-03 00:00:00+00:00,1.543,1.566,1.431,1.5,11599952.77,1.8549,1.9446333333333332,28.222841311653525,-0.13410637522138114,-0.08871862954036563,-0.0453877456810155
2026-02-04 00:00:00+00:00,1.499,1.534,1.425,1.461,6999588.65,1.8221,1.9335166666666666,26.88196327492834,-0.14325349514398966,-0.09962560266109045,-0.04362789248289921
2026-02-05 00:00:00+00:00,1.462,1.478,1.232,1.248,19723447.25,1.7785499999999999,1.9194166666666668,21.010729694307003,-0.16577897662017604,-0.11285627745290758,-0.05292269916726847
2026-02-06 00:00:00+00:00,1.248,1.407,1.101,1.368,20408661.56,1.738,1.9067333333333332,30.253029452516003,-0.1719652771884681,-0.1246780774000197,-0.047287199788448406
2026-02-07 00:00:00+00:00,1.367,1.403,1.316,1.372,9699017.55,1.70335,1.8913833333333332,30.544758987305215,-0.17453328729538065,-0.1346491193790919,-0.03988416791628874
2026-02-08 00:00:00+00:00,1.372,1.377,1.325,1.337,3572670.0,1.6687999999999998,1.8771666666666667,29.386525730172067,-0.17734830048688943,-0.14318895560065142,-0.03415934488623801
2026-02-09 00:00:00+00:00,1.336,1.351,1.277,1.32,5230593.27,1.63995,1.8647333333333334,28.81499003109036,-0.17888885725531467,-0.15032893593158408,-0.028559921323730586
2026-02-10 00:00:00+00:00,1.32,1.328,1.265,1.283,4359481.45,1.6063500000000002,1.8525833333333332,27.558696076803187,-0.18100879367211165,-0.1564649074796896,-0.024543886192422038
2026-02-11 00:00:00+00:00,1.283,1.297,1.225,1.256,6362045.55,1.5728,1.83955,26.64574524028417,-0.18276078039556087,-0.16172408206286387,-0.021036698332697
2026-02-12 00:00:00+00:00,1.255,1.304,1.249,1.283,4483978.99,1.54065,1.8283999999999998,29.172568700525588,-0.17989682947637653,-0.1653586315455664,-0.014538197930810126
2026-02-13 00:00:00+00:00,1.283,1.341,1.252,1.33,4532467.32,1.5106499999999998,1.8188666666666669,33.46885640798676,-0.17185359921802545,-0.1666576250800582,-0.005195974137967241
2026-02-14 00:00:00+00:00,1.331,1.44,1.33,1.421,4174084.23,1.49055,1.8109166666666667,40.93887676438018,-0.15633421825529425,-0.16459294371510544,0.008258725459811184
2026-02-15 00:00:00+00:00,1.421,1.439,1.331,1.357,5627915.61,1.4646500000000002,1.8032666666666666,37.730314393865044,-0.1474989856690485,-0.16117415210589406,0.013675166436845548
2026-02-16 00:00:00+00:00,1.357,1.391,1.332,1.376,3599652.05,1.4396499999999999,1.7968833333333334,39.25247836358021,-0.137380225259095,-0.15641536673653425,0.01903514147743926
2026-02-17 00:00:00+00:00,1.377,1.381,1.34,1.347,3462703.77,1.4135,1.7885166666666665,37.73622325297855,-0.13020022521985375,-0.15117233843319816,0.020972113213344412
2026-02-18 00:00:00+00:00,1.347,1.372,1.3,1.311,3803204.9,1.39225,1.7798333333333334,35.88318102190044,-0.12596290068517946,-0.14613045088359444,0.020167550198414985
2026-02-19 00:00:00+00:00,1.311,1.322,1.26,1.287,3960231.45,1.3721,1.7712499999999998,34.66120151670238,-0.1231221147883812,-0.1415287836645518,0.018406668876170595
2026-02-20 00:00:00+00:00,1.287,1.364,1.274,1.341,6388269.43,1.3618000000000001,1.7638666666666667,39.641746344768706,-0.1151856345012785,-0.13626015383189713,0.02107451933061863
2026-02-21 00:00:00+00:00,1.341,1.398,1.328,1.36,4005534.49,1.3550499999999999,1.7571166666666669,41.3361648487167,-0.10613926807119767,-0.13023597667975725,0.024096708608559586
2026-02-22 00:00:00+00:00,1.359,1.366,1.303,1.313,3333549.12,1.34355,1.7500333333333336,38.45994783542457,-0.10159138248556521,-0.12450705784091885,0.022915675355353646
2026-02-23 00:00:00+00:00,1.313,1.314,1.239,1.265,7458108.2,1.3317999999999999,1.7430333333333334,35.725919867157174,-0.10069954753972121,-0.11974555578067933,0.019046008240958118
2026-02-24 00:00:00+00:00,1.265,1.279,1.225,1.238,6332543.71,1.32065,1.7349500000000002,34.25097947966333,-0.10100708941930536,-0.11599786250840455,0.014990773089099185
2026-02-25 00:00:00+00:00,1.239,1.752,1.235,1.663,40082501.97,1.3414,1.7308333333333334,61.32054347118241,-0.06619382918912997,-0.10603705584454964,0.03984322665541967
2026-02-26 00:00:00+00:00,1.663,1.696,1.522,1.609,29187050.32,1.35345,1.7268000000000001,58.050258173084096,-0.04247182953085438,-0.0933240105818106,0.05085218105095622
2026-02-27 00:00:00+00:00,1.609,1.683,1.547,1.599,18268978.26,1.3648,1.72305,57.43934422166408,-0.024199928607352206,-0.07949919418691892,0.055299265579566714
2026-02-28 00:00:00+00:00,1.6,1.675,1.458,1.662,19455922.95,1.3810499999999999,1.7205666666666666,60.27567968828788,-0.004582913027886493,-0.06451593795511243,0.059933024927225936
2026-03-01 00:00:00+00:00,1.662,1.681,1.504,1.534,11826274.49,1.3917499999999998,1.7163166666666667,52.60505294596649,0.0006279443409586971,-0.05148716149589821,0.052115105836856905
2026-03-02 00:00:00+00:00,1.535,1.603,1.498,1.509,14931124.9,1.40305,1.70815,51.23366945111602,0.002709066845427488,-0.040647915827633066,0.043356982673060554
2026-03-03 00:00:00+00:00,1.509,1.557,1.473,1.533,8253153.19,1.4169,1.6976,52.51351452387414,0.006223233288012109,-0.03127368600450404,0.03749691929251615
2026-03-04 00:00:00+00:00,1.533,1.574,1.508,1.541,9346138.31,1.4298,1.6878666666666666,52.95671315365681,0.009543754195586729,-0.023110197964485886,0.032653952160072615
2026-03-05 00:00:00+00:00,1.541,1.556,1.482,1.53,6108684.73,1.4398,1.6776666666666666,52.23481517668998,0.011159048306130126,-0.016256348710362682,0.027415397016492808
2026-03-06 00:00:00+00:00,1.529,1.547,1.453,1.488,5125595.36,1.44315,1.6656666666666666,49.462321361051025,0.008946996132839224,-0.0112156797417223,0.020162675874561525
2026-03-07 00:00:00+00:00,1.489,1.517,1.431,1.448,4297384.3,1.4476999999999998,1.6525500000000002,46.90868437063176,0.003921063562507765,-0.008188331080876287,0.012109394643384052
2026-03-08 00:00:00+00:00,1.448,1.485,1.425,1.452,4938152.76,1.4515,1.6410000000000002,47.202236258379266,0.0002577709383160265,-0.006499110677037825,0.006756881615353851
2026-03-09 00:00:00+00:00,1.453,1.533,1.452,1.494,6242706.57,1.45885,1.6307166666666668,50.30903286398232,0.0007351596693532247,-0.005052256607759616,0.005787416277112841
2026-03-10 00:00:00+00:00,1.494,1.546,1.479,1.486,6262818.66,1.4676,1.6207666666666667,49.7090236675787,0.0004626276532788687,-0.003949279755551919,0.0044119074088307874
2026-03-11 00:00:00+00:00,1.486,1.555,1.473,1.522,5773554.61,1.47935,1.6112499999999998,52.45689669844901,0.0031156281802484642,-0.0025362981683918423,0.0056519263486403066
2026-03-12 00:00:00+00:00,1.523,1.528,1.485,1.518,4195825.0,1.4882,1.60205,52.11615823339413,0.004839595793341589,-0.001061119376045156,0.005900715169386745
2026-03-13 00:00:00+00:00,1.517,1.55,1.447,1.464,9201809.0,1.4933999999999998,1.5921999999999998,47.61919753037428,0.0018274382731915395,-0.00048340784619781694,0.0023108461193893566
2026-03-14 00:00:00+00:00,1.463,1.463,1.403,1.414,4828537.28,1.49845,1.5777333333333334,43.84657542264387,-0.004541943695851591,-0.001295115016128572,-0.0032468286797230194
2026-03-15 00:00:00+00:00,1.413,1.446,1.392,1.441,6187751.89,1.50725,1.56465,46.3197469094825,-0.007326594028340017,-0.002501410818570861,-0.004825183209769155
2026-03-16 00:00:00+00:00,1.442,1.662,1.432,1.64,22041939.73,1.52735,1.5567,60.224603089560404,0.006449837694392446,-0.0007111611159781996,0.007160998810370646
2026-03-17 00:00:00+00:00,1.641,1.643,1.582,1.62,7562724.5,1.5252000000000001,1.5483833333333332,58.58220193877576,0.015574394312551476,0.002545949969727736,0.01302844434282374
2026-03-18 00:00:00+00:00,1.621,1.654,1.539,1.577,7269010.46,1.5235999999999998,1.53835,55.10281880879647,0.01911557805256181,0.005859875586294552,0.013255702466267259
2026-03-19 00:00:00+00:00,1.577,1.579,1.496,1.521,4869424.19,1.5196999999999998,1.5292833333333333,50.865743225462765,0.017204931945133062,0.008128886858062255,0.009076045087070807
2026-03-20 00:00:00+00:00,1.522,1.553,1.494,1.499,3622808.3,1.51155,1.5204666666666669,49.26311208769618,0.013756933633670254,0.009254496213183855,0.004502437420486399
2026-03-21 00:00:00+00:00,1.499,1.516,1.457,1.468,3209315.5,1.5082499999999999,1.5133166666666669,47.015245230952985,0.00842580180977559,0.009088757332502202,-0.0006629555227266118
2026-03-22 00:00:00+00:00,1.467,1.483,1.393,1.413,3782595.47,1.50345,1.5042833333333334,43.24499424085117,-0.00023449579367196272,0.00722410670726737,-0.0074586025009393325
2026-03-23 00:00:00+00:00,1.413,1.493,1.402,1.421,7892507.7,1.4978500000000001,1.49585,43.94908115727944,-0.006378780288752717,0.004503529308063353,-0.010882309596816069
2026-03-24 00:00:00+00:00,1.421,1.429,1.36,1.401,7890723.75,1.49085,1.4871,42.52862404357333,-0.01271542734001252,0.0010597379784481782,-0.013775165318460698
2026-03-25 00:00:00+00:00,1.402,1.412,1.346,1.363,8355450.23,1.4825000000000002,1.4776500000000001,39.890551970643536,-0.02056647072957496,-0.0032655037631564494,-0.01730096696641851
2026-03-26 00:00:00+00:00,1.363,1.369,1.301,1.321,8359715.18,1.47415,1.4692833333333333,37.14778668158687,-0.029833624715932094,-0.008579127953711579,-0.021254496762220514
2026-03-27 00:00:00+00:00,1.321,1.34,1.27,1.292,6120335.65,1.46635,1.4595666666666667,35.34090523196393,-0.03906762143212705,-0.014676826649394676,-0.02439079478273238
2026-03-28 00:00:00+00:00,1.291,1.306,1.253,1.259,5134154.6,1.4567,1.4492833333333335,33.35284202444238,-0.048489497817383986,-0.021439360882992538,-0.02705013693439145
2026-03-29 00:00:00+00:00,1.259,1.276,1.221,1.261,3214125.71,1.44505,1.4391333333333334,33.596647393029315,-0.05515917877087717,-0.028183324460569464,-0.026975854310307707
2026-03-30 00:00:00+00:00,1.261,1.288,1.233,1.243,6223675.83,1.4328999999999998,1.4309166666666664,32.446236073114406,-0.06119201508747851,-0.03478506258595127,-0.02640695250152724
2026-03-31 00:00:00+00:00,1.244,1.278,1.226,1.253,6836567.44,1.4194499999999999,1.4236333333333333,33.80239828488922,-0.0644235305482066,-0.04071275617840234,-0.02371077436980426
2026-04-01 00:00:00+00:00,1.253,1.303,1.247,1.255,6054854.02,1.4062999999999999,1.4187666666666667,34.087398520585396,-0.06606162920777159,-0.04578253078427619,-0.0202790984234954
2026-04-02 00:00:00+00:00,1.256,1.269,1.204,1.237,5677094.61,1.3949500000000001,1.4144666666666665,32.721968103047644,-0.06802809819509181,-0.050231644266439314,-0.0177964539286525
2026-04-03 00:00:00+00:00,1.237,1.267,1.23,1.239,3036914.91,1.3862,1.4094000000000002,33.042901207339995,-0.06863398588378855,-0.05391211258990917,-0.014721873293879383
2026-04-04 00:00:00+00:00,1.238,1.265,1.233,1.254,2124399.58,1.37685,1.4053,35.52697907324429,-0.06712994933352223,-0.05655567993863178,-0.010574269394890451
2026-04-05 00:00:00+00:00,1.254,1.27,1.216,1.245,4990235.71,1.3571,1.4017000000000002,34.695263746968465,-0.06590450816925619,-0.058425445584756666,-0.007479062584499527
2026-04-06 00:00:00+00:00,1.245,1.317,1.232,1.241,5616931.89,1.33815,1.4015833333333334,34.31080521801658,-0.06451244448592242,-0.059642845364989816,-0.0048695991209325995
2026-04-07 00:00:00+00:00,1.24,1.33,1.205,1.314,6266594.29,1.325,1.4006833333333335,46.05843832331081,-0.056863249925066306,-0.05908692627700512,0.0022236763519388122
2026-04-08 00:00:00+00:00,1.314,1.335,1.265,1.269,5519824.88,1.3124,1.3989666666666667,41.1705885591478,-0.05381202056912415,-0.05803194513542893,0.004219924566304781
2026-04-09 00:00:00+00:00,1.268,1.361,1.235,1.3,6517543.15,1.30245,1.39835,45.464213311220085,-0.04833527938633053,-0.056092611985609254,0.007757332599278723
2026-04-10 00:00:00+00:00,1.3,1.328,1.282,1.305,4555791.41,1.2943000000000002,1.3981,46.14691839372721,-0.04309469550367062,-0.053493028689221525,0.010398333185550904
2026-04-11 00:00:00+00:00,1.306,1.315,1.265,1.286,4168985.01,1.28795,1.39815,43.89804496686633,-0.04001338681493527,-0.05079710031436428,0.010783713499429012
2026-04-12 00:00:00+00:00,1.287,1.288,1.217,1.225,5620079.89,1.2781500000000001,1.397633333333333,37.56806853833749,-0.04200935992985855,-0.04903955223746314,0.007030192307604592
2026-04-13 00:00:00+00:00,1.225,1.242,1.148,1.229,19105149.08,1.26955,1.3967333333333334,38.1973986455963,-0.04277532906628134,-0.047786707603226786,0.005011378536945443
2026-04-14 00:00:00+00:00,1.23,1.231,1.147,1.167,11563925.42,1.25975,1.3940166666666665,32.69589560190616,-0.04783384814392,-0.04779613571136543,-3.7712432554570796e-05
2026-04-15 00:00:00+00:00,1.166,1.198,1.147,1.182,7145815.84,1.2528000000000001,1.3900333333333335,35.13019729081449,-0.05005537906635582,-0.04824798438236351,-0.001807394683992311
2026-04-16 00:00:00+00:00,1.182,1.353,1.171,1.329,20870959.17,1.25465,1.3895666666666666,53.05137323727465,-0.039498967349559155,-0.04649818097580265,0.006999213626243492
2026-04-17 00:00:00+00:00,1.328,1.355,1.285,1.334,10674935.49,1.2584,1.3888666666666665,53.521712675295724,-0.030379283328142437,-0.04327440144627061,0.012895118118128171
2026-04-18 00:00:00+00:00,1.334,1.342,1.27,1.272,6337921.01,1.25895,1.3876166666666667,47.20638851988119,-0.02783389803127001,-0.0401863007632705,0.012352402732000486
2026-04-19 00:00:00+00:00,1.273,1.291,1.235,1.24,4985687.05,1.2588000000000001,1.3864333333333332,44.300887427444096,-0.028075161425102024,-0.03776407289563681,0.009688911470534786
2026-04-20 00:00:00+00:00,1.239,1.295,1.238,1.281,4734339.71,1.2602,1.3863333333333334,48.66089387257574,-0.024673585321407954,-0.03514597538079104,0.010472390059383087
2026-04-21 00:00:00+00:00,1.28,1.292,1.257,1.279,4607824.13,1.2613999999999999,1.3853,48.4616121195115,-0.0218868965185548,-0.032494159608343794,0.010607263089788994
2026-04-22 00:00:00+00:00,1.279,1.327,1.269,1.272,6321105.58,1.26315,1.3838333333333332,47.72492106043301,-0.020012574561692142,-0.029997842599013464,0.009985268037321322
2026-04-23 00:00:00+00:00,1.272,1.278,1.212,1.241,6901663.77,1.26325,1.3826333333333334,44.49877563191417,-0.02078895964321914,-0.028156066007854603,0.0073671063646354625
2026-04-24 00:00:00+00:00,1.24,1.269,1.227,1.254,5153548.73,1.26325,1.3824499999999997,46.1429490879105,-0.020123290295204876,-0.026549510865324658,0.006426220570119781
2026-04-25 00:00:00+00:00,1.254,1.275,1.237,1.246,3401813.69,1.2633,1.3825833333333333,45.254488740725336,-0.020010605873880927,-0.025241729867035913,0.005231123993154986
2026-04-26 00:00:00+00:00,1.246,1.274,1.235,1.26,3157052.64,1.26425,1.3758666666666666,47.1714959531374,-0.01857747014920963,-0.02390887792347066,0.00533140777426103
2026-04-27 00:00:00+00:00,1.26,1.275,1.21,1.233,5056416.11,1.2602,1.3696,43.973439819687414,-0.019396780106812228,-0.023006458360138975,0.0036096782533267466
2026-04-28 00:00:00+00:00,1.232,1.241,1.216,1.229,2951297.01,1.2582,1.3634333333333333,43.502890169973384,-0.020136732009699676,-0.022432513090051114,0.0022957810803514375
2026-04-29 00:00:00+00:00,1.229,1.259,1.179,1.211,5983034.37,1.25375,1.3559166666666667,41.358156432081365,-0.021922885414985327,-0.022330587555037956,0.0004077021400526286
2026-04-30 00:00:00+00:00,1.212,1.226,1.197,1.204,3118654.86,1.2487,1.3504166666666668,40.52149273262914,-0.023630864459981193,-0.022590642936026605,-0.001040221523954589
2026-05-01 00:00:00+00:00,1.205,1.229,1.193,1.204,5432647.91,1.2446000000000002,1.3453333333333333,40.52149273262914,-0.024699727079736,-0.023012459764768487,-0.0016872673149675131
2026-05-02 00:00:00+00:00,1.205,1.241,1.195,1.227,3293914.38,1.2447,1.3402333333333334,44.77843379852178,-0.023420918852139705,-0.023094151582242733,-0.00032676726989697147
2026-05-03 00:00:00+00:00,1.228,1.229,1.204,1.209,2901036.9,1.2437,1.3347000000000002,42.23102551093193,-0.023587995951861895,-0.02319292045616657,-0.00039507549569532674
2026-05-04 00:00:00+00:00,1.209,1.263,1.197,1.228,7455752.31,1.24675,1.3296666666666668,45.73996217605591,-0.021934418227121277,-0.022941220010357512,0.0010068017832362344
2026-05-05 00:00:00+00:00,1.229,1.296,1.225,1.279,6134359.85,1.2516,1.3261833333333333,53.84414024512809,-0.016320539175235016,-0.021617083843333013,0.005296544668097997
2026-05-06 00:00:00+00:00,1.278,1.334,1.269,1.319,7727592.01,1.2510999999999999,1.3240333333333332,59.01463591582112,-0.008545328645406691,-0.01900273280374775,0.010457404158341059
2026-05-07 00:00:00+00:00,1.318,1.338,1.29,1.311,6201270.31,1.24995,1.3216833333333333,57.62428145130631,-0.0029944334594114164,-0.015801072934880485,0.012806639475469069
2026-05-08 00:00:00+00:00,1.311,1.391,1.293,1.374,7832265.64,1.2550500000000002,1.3196833333333333,64.6810900859426,0.006414324118897419,-0.011357993524124905,0.017772317643022326
2026-05-09 00:00:00+00:00,1.375,1.393,1.338,1.346,4172174.87,1.26035,1.3173500000000002,59.906181431985395,0.011479141889721767,-0.006790566441355571,0.018269708331077338
2026-05-10 00:00:00+00:00,1.346,1.419,1.329,1.383,7477681.95,1.26545,1.3150333333333333,63.71780232193866,0.018268054480655715,-0.0017788422569533138,0.02004689673760903
2026-05-11 00:00:00+00:00,1.383,1.386,1.335,1.364,5397668.42,1.2697,1.3124666666666667,60.535238679847275,0.02186315061907207,0.0029495563182517634,0.018913594300820305
2026-05-12 00:00:00+00:00,1.363,1.369,1.303,1.335,4320185.37,1.27285,1.3103166666666666,55.94234828119821,0.022117278355790804,0.006783100725759572,0.015334177630031233
2026-05-13 00:00:00+00:00,1.335,1.438,1.314,1.329,8356018.84,1.27725,1.3089000000000002,55.01236303457994,0.021585700048595502,0.009743620590326758,0.011842079458268744
2026-05-14 00:00:00+00:00,1.328,1.422,1.313,1.364,6364000.58,1.28275,1.3076166666666666,59.26629692965248,0.02371525322616508,0.012537947117494421,0.011177306108670657
2026-05-15 00:00:00+00:00,1.364,1.376,1.289,1.316,5124475.27,1.2862500000000001,1.3022166666666666,52.00373325201669,0.021284387445330344,0.014287235183061606,0.0069971522622687375
2026-05-16 00:00:00+00:00,1.316,1.321,1.247,1.268,4113649.76,1.28665,1.2963500000000001,45.94101445614656,0.015308246022222471,0.01449143735089378,0.000816808671328691
2026-05-17 00:00:00+00:00,1.267,1.294,1.214,1.25,3716138.49,1.2875,1.2909,43.87530606709419,0.00901573355657126,0.013396296592029278,-0.004380563035458019
2026-05-18 00:00:00+00:00,1.25,1.255,1.215,1.252,6882454.89,1.28865,1.2864166666666665,44.175660605588,0.0041425031797039935,0.011545537909564222,-0.007403034729860229
2026-05-19 00:00:00+00:00,1.252,1.261,1.219,1.225,3407128.41,1.28935,1.28185,40.98675134335578,-0.0018766089751600656,0.008861108532619365,-0.01073771750777943
2026-05-20 00:00:00+00:00,1.225,1.258,1.219,1.249,3833908.49,1.2916,1.2781999999999998,44.80111072473736,-0.0046565218147240905,0.006157582463150674,-0.010814104277874765
2026-05-21 00:00:00+00:00,1.249,1.309,1.244,1.292,7991012.83,1.2959999999999998,1.2761833333333332,50.92182852936263,-0.0033512509988298245,0.004255815770754574,-0.007607066769584399
2026-05-22 00:00:00+00:00,1.292,1.347,1.25,1.258,11575215.16,1.29755,1.2734666666666667,46.528569009417595,-0.005002662741376396,0.0024041200683283803,-0.007406782809704776
2026-05-23 00:00:00+00:00,1.259,1.338,1.2,1.295,11466855.09,1.30185,1.2716999999999998,51.43857252921936,-0.003287926497031135,0.0012657107552564773,-0.004553637252287612
2026-05-24 00:00:00+00:00,1.295,1.298,1.227,1.246,5346806.66,1.30275,1.26975,45.482216399954886,-0.005815834835541045,-0.00015059836290302712,-0.005665236472638018
2026-05-25 00:00:00+00:00,1.246,1.295,1.24,1.26,5282572.13,1.3018,1.2687333333333333,47.357824985196565,-0.006613303364737755,-0.0014431393632699727,-0.005170164001467782
2026-05-26 00:00:00+00:00,1.261,1.308,1.235,1.249,7955798.73,1.2983,1.2680166666666668,46.01820077417572,-0.008040228242430558,-0.0027625571391020898,-0.0052776711033284684
2026-05-27 00:00:00+00:00,1.25,1.279,1.223,1.23,7504379.75,1.2942500000000001,1.2675333333333332,43.71784210440154,-0.010582232311934003,-0.004326492173668473,-0.00625574013826553
2026-05-28 00:00:00+00:00,1.23,1.236,1.176,1.213,8444615.02,1.2862,1.2667333333333335,41.70886804585495,-0.013809361057990355,-0.00622306595053285,-0.0075862951074575045
2026-05-29 00:00:00+00:00,1.212,1.234,1.178,1.194,6402809.05,1.2786,1.2659166666666668,39.52285245212342,-0.01769603616036486,-0.008517659992499253,-0.009178376167865605
2026-05-30 00:00:00+00:00,1.194,1.221,1.183,1.19,4899374.59,1.26895,1.2648666666666668,39.058728451933526,-0.02085857607065411,-0.010985843208130227,-0.009872732862523884
2026-05-31 00:00:00+00:00,1.19,1.203,1.157,1.188,5376112.78,1.2601499999999999,1.2637500000000002,38.813302193261926,-0.02325818909358013,-0.013440312385220208,-0.00981787670835992
2026-06-01 00:00:00+00:00,1.188,1.206,1.125,1.159,10594942.48,1.25135,1.26245,35.345242403110376,-0.027186567512184956,-0.01618956341061316,-0.010997004101571797
2026-06-02 00:00:00+00:00,1.159,1.162,1.055,1.079,10193564.52,1.23885,1.2597833333333335,27.930968174947765,-0.036336304820069776,-0.020218911692504483,-0.016117393127565292
2026-06-03 00:00:00+00:00,1.08,1.133,1.056,1.104,8897548.57,1.2258499999999999,1.2572833333333335,32.68318191118986,-0.04109651148784166,-0.02439443165157192,-0.01670207983626974
2026-06-04 00:00:00+00:00,1.104,1.117,1.008,1.038,11773785.01,1.21195,1.2538333333333334,27.523333726278864,-0.049622639088086506,-0.02944007313887484,-0.020182565949211667
2026-06-05 00:00:00+00:00,1.037,1.043,0.911,0.946,15874855.56,1.19585,1.2489166666666667,22.250138144290474,-0.06307618476818622,-0.03616729546473711,-0.026908889303449104
2026-06-06 00:00:00+00:00,0.947,0.962,0.884,0.943,9308308.26,1.1805,1.2427333333333332,22.10143796746577,-0.07313721132931073,-0.043561278637651836,-0.02957593269165889
2026-06-07 00:00:00+00:00,0.943,1.001,0.94,0.974,8323442.85,1.1665999999999999,1.2378166666666668,27.493799979037618,-0.07771337503014264,-0.05039169791615,-0.027321677113992637
2026-06-08 00:00:00+00:00,0.973,0.996,0.951,0.974,5477592.0,1.15405,1.2323833333333336,27.493799979037618,-0.0804130659634994,-0.056395971525619884,-0.024017094437879513
2026-06-09 00:00:00+00:00,0.975,0.978,0.928,0.957,5446571.85,1.1394499999999999,1.2265833333333334,26.334409375118156,-0.08296794557267062,-0.061710366335030034,-0.021257579237640586
2026-06-10 00:00:00+00:00,0.957,0.966,0.903,0.916,5764238.03,1.12065,1.2204166666666665,23.73484257488272,-0.08729478349355757,-0.06682724976673554,-0.02046753372682203
2026-06-11 00:00:00+00:00,0.917,0.975,0.917,0.951,6147628.6,1.1053000000000002,1.21585,30.080070837439408,-0.08689792108406968,-0.07084138403020238,-0.01605653705386731
2026-06-12 00:00:00+00:00,0.952,0.975,0.941,0.957,6047010.13,1.0884,1.2113166666666666,31.1377889260678,-0.0851180668192677,-0.07369672058801545,-0.011421346231252252
2026-06-13 00:00:00+00:00,0.958,0.995,0.956,0.98,6768630.23,1.0751000000000002,1.2082000000000002,35.185437638135355,-0.08091882981044263,-0.07514114243250089,-0.005777687377941737
2026-06-14 00:00:00+00:00,0.981,0.998,0.949,0.998,5556444.72,1.0619999999999998,1.2051333333333334,38.24475849522514,-0.07527077996238374,-0.07516706993847747,-0.00010371002390627271
2026-06-15 00:00:00+00:00,0.998,1.047,0.985,1.011,10134074.92,1.0501,1.1998333333333335,40.4316320200774,-0.06895084597929046,-0.07392382514664007,0.004972979167349609
2026-06-16 00:00:00+00:00,1.011,1.034,0.988,1.013,5242698.99,1.03925,1.1944833333333336,40.779085192193385,-0.06305402196428256,-0.07174986451016857,0.008695842545886012
2026-06-17 00:00:00+00:00,1.014,1.037,1.014,1.026,1303745.38,1.0299,1.1903833333333333,43.10221757958743,-0.05667840175919925,-0.0687355719599747,0.012057170200775458
